eta_h,eta_a,rho,topology,error,cost,hard_cost,agreement,silent_wrong,wrong_up_approval,manufactured_agreement,escalation,unaudited_wrong
0,0,0,alone:H:k0,0.2,1.0,1.0,1.0,0.2,1.0,0.0,0.0,0.2
0,0,0,alone:A:k0,0.1,0.25,0.25,1.0,0.1,1.0,0.0,0.0,0.1
0,0,0,exposed_vote:H:k1,0.15000000000000002,1.25,1.25,0.7400000000000001,0.019999999999999997,0.09999999999999998,0.0,0.0,0.019999999999999997
0,0,0,blind_vote:H:k1,0.15000000000000002,1.3,1.3,0.7400000000000001,0.019999999999999997,0.09999999999999998,0.0,0.0,0.019999999999999997
0,0,0,echo_gate:H:k1,0.07199999999999998,1.5099999999999998,2.25,0.7400000000000001,0.019999999999999997,0.09999999999999998,0.0,0.2599999999999999,0.019999999999999997
0,0,0,blind_gate:H:k1,0.07199999999999998,1.56,2.3,0.7400000000000001,0.019999999999999997,0.09999999999999998,0.0,0.2599999999999999,0.019999999999999997
0,0,0,audit_gate:H:k1,0.104,1.6949999999999998,2.25,0.7400000000000001,0.019999999999999997,0.09999999999999998,0.0,0.44499999999999995,0.014999999999999998
0,0,0,serial_last:H:k1,0.1,1.25,1.25,0.7400000000000001,0.019999999999999997,0.09999999999999998,0.0,0.0,0.019999999999999997
0,0,0,exposed_vote:H:k2,0.046,1.5,1.5,0.6500000000000001,0.001999999999999999,0.009999999999999995,0.0,0.0,0.001999999999999999
0,0,0,blind_vote:H:k2,0.046,1.6,1.6,0.6500000000000001,0.001999999999999999,0.009999999999999995,0.0,0.0,0.001999999999999999
0,0,0,echo_gate:H:k2,0.07199999999999998,1.8499999999999999,2.5,0.6500000000000001,0.001999999999999999,0.009999999999999995,0.0,0.34999999999999987,0.001999999999999999
0,0,0,blind_gate:H:k2,0.07199999999999998,1.95,2.6,0.6500000000000001,0.001999999999999999,0.009999999999999995,0.0,0.34999999999999987,0.001999999999999999
0,0,0,audit_gate:H:k2,0.104,2.0125,2.5,0.6500000000000001,0.001999999999999999,0.009999999999999995,0.0,0.5125,0.0014999999999999994
0,0,0,serial_last:H:k2,0.1,1.5,1.5,0.6500000000000001,0.001999999999999999,0.009999999999999995,0.0,0.0,0.001999999999999999
0,0,0,exposed_vote:H:k3,0.041499999999999995,1.75,1.75,0.5834,0.00019999999999999987,0.0009999999999999994,0.0,0.0,0.00019999999999999987
0,0,0,blind_vote:H:k3,0.041499999999999995,1.9,1.9,0.5834,0.00019999999999999987,0.0009999999999999994,0.0,0.0,0.00019999999999999987
0,0,0,echo_gate:H:k3,0.08352000000000001,2.1666,2.75,0.5834,0.00019999999999999987,0.0009999999999999994,0.0,0.41659999999999997,0.00019999999999999987
0,0,0,blind_gate:H:k3,0.08352000000000001,2.3165999999999998,2.9,0.5834,0.00019999999999999987,0.0009999999999999994,0.0,0.41659999999999997,0.00019999999999999987
0,0,0,audit_gate:H:k3,0.11264,2.31245,2.75,0.5834,0.00019999999999999987,0.0009999999999999994,0.0,0.56245,0.0001499999999999999
0,0,0,serial_last:H:k3,0.1,1.75,1.75,0.5834,0.00019999999999999987,0.0009999999999999994,0.0,0.0,0.00019999999999999987
0,0,0,exposed_vote:H:k4,0.013419999999999994,2.0,2.0,0.5249,1.9999999999999985e-05,9.999999999999992e-05,0.0,0.0,1.9999999999999985e-05
0,0,0,blind_vote:H:k4,0.013419999999999994,2.2,2.2,0.5249,1.9999999999999985e-05,9.999999999999992e-05,0.0,0.0,1.9999999999999985e-05
0,0,0,echo_gate:H:k4,0.09504,2.4751,3.0,0.5249,1.9999999999999985e-05,9.999999999999992e-05,0.0,0.47509999999999997,1.9999999999999985e-05
0,0,0,blind_gate:H:k4,0.09504,2.6751,3.2,0.5249,1.9999999999999985e-05,9.999999999999992e-05,0.0,0.47509999999999997,1.9999999999999985e-05
0,0,0,audit_gate:H:k4,0.12128000000000001,2.606325,3.0,0.5249,1.9999999999999985e-05,9.999999999999992e-05,0.0,0.606325,1.4999999999999989e-05
0,0,0,serial_last:H:k4,0.1,2.0,2.0,0.5249,1.9999999999999985e-05,9.999999999999992e-05,0.0,0.0,1.9999999999999985e-05
0,0,0,exposed_vote:H:k5,0.012609999999999993,2.25,2.25,0.4723940000000001,1.999999999999998e-06,9.999999999999989e-06,0.0,0.0,1.999999999999998e-06
0,0,0,blind_vote:H:k5,0.012609999999999993,2.5,2.5,0.4723940000000001,1.999999999999998e-06,9.999999999999989e-06,0.0,0.0,1.999999999999998e-06
0,0,0,echo_gate:H:k5,0.10552319999999998,2.777606,3.25,0.4723940000000001,1.999999999999998e-06,9.999999999999989e-06,0.0,0.5276059999999999,1.999999999999998e-06
0,0,0,blind_gate:H:k5,0.10552319999999998,3.027606,3.5,0.4723940000000001,1.999999999999998e-06,9.999999999999989e-06,0.0,0.5276059999999999,1.999999999999998e-06
0,0,0,audit_gate:H:k5,0.12914239999999996,2.8957045,3.25,0.4723940000000001,1.999999999999998e-06,9.999999999999989e-06,0.0,0.6457044999999999,1.4999999999999983e-06
0,0,0,serial_last:H:k5,0.1,2.25,2.25,0.4723940000000001,1.999999999999998e-06,9.999999999999989e-06,0.0,0.0,1.999999999999998e-06
0,0,0,exposed_vote:H:k6,0.004185999999999997,2.5,2.5,0.42515300000000006,1.9999999999999975e-07,9.999999999999987e-07,0.0,0.0,1.9999999999999975e-07
0,0,0,blind_vote:H:k6,0.004185999999999997,2.8,2.8,0.42515300000000006,1.9999999999999975e-07,9.999999999999987e-07,0.0,0.0,1.9999999999999975e-07
0,0,0,echo_gate:H:k6,0.11496959999999999,3.074847,3.5,0.42515300000000006,1.9999999999999975e-07,9.999999999999987e-07,0.0,0.5748469999999999,1.9999999999999975e-07
0,0,0,blind_gate:H:k6,0.11496959999999999,3.374847,3.8,0.42515300000000006,1.9999999999999975e-07,9.999999999999987e-07,0.0,0.5748469999999999,1.9999999999999975e-07
0,0,0,audit_gate:H:k6,0.1362272,3.18113525,3.5,0.42515300000000006,1.9999999999999975e-07,9.999999999999987e-07,0.0,0.68113525,1.499999999999998e-07
0,0,0,serial_last:H:k6,0.1,2.5,2.5,0.42515300000000006,1.9999999999999975e-07,9.999999999999987e-07,0.0,0.0,1.9999999999999975e-07
0,0,0,exposed_vote:H:k7,0.004003749999999998,2.75,2.75,0.38263754000000005,1.999999999999997e-08,9.999999999999985e-08,0.0,0.0,1.999999999999997e-08
0,0,0,blind_vote:H:k7,0.004003749999999998,3.1,3.1,0.38263754000000005,1.999999999999997e-08,9.999999999999985e-08,0.0,0.0,1.999999999999997e-08
0,0,0,echo_gate:H:k7,0.12347251199999999,3.36736246,3.75,0.38263754000000005,1.999999999999997e-08,9.999999999999985e-08,0.0,0.61736246,1.999999999999997e-08
0,0,0,blind_gate:H:k7,0.12347251199999999,3.71736246,4.1,0.38263754000000005,1.999999999999997e-08,9.999999999999985e-08,0.0,0.61736246,1.999999999999997e-08
0,0,0,audit_gate:H:k7,0.142604384,3.463021845,3.75,0.38263754000000005,1.999999999999997e-08,9.999999999999985e-08,0.0,0.713021845,1.499999999999998e-08
0,0,0,serial_last:H:k7,0.1,2.75,2.75,0.38263754000000005,1.999999999999997e-08,9.999999999999985e-08,0.0,0.0,1.999999999999997e-08
0,0,0,exposed_vote:A:k1,0.1,0.5,0.5,0.8200000000000001,0.009999999999999998,0.09999999999999998,0.0,0.0,0.009999999999999998
0,0,0,blind_vote:A:k1,0.1,0.55,0.55,0.8200000000000001,0.009999999999999998,0.09999999999999998,0.0,0.0,0.009999999999999998
0,0,0,echo_gate:A:k1,0.045999999999999985,0.6799999999999999,1.5,0.8200000000000001,0.009999999999999998,0.09999999999999998,0.0,0.17999999999999994,0.009999999999999998
0,0,0,blind_gate:A:k1,0.045999999999999985,0.73,1.55,0.8200000000000001,0.009999999999999998,0.09999999999999998,0.0,0.17999999999999994,0.009999999999999998
0,0,0,audit_gate:A:k1,0.0845,0.885,1.5,0.8200000000000001,0.009999999999999998,0.09999999999999998,0.0,0.385,0.007499999999999999
0,0,0,serial_last:A:k1,0.1,0.5,0.5,0.8200000000000001,0.009999999999999998,0.09999999999999998,0.0,0.0,0.009999999999999998
0,0,0,exposed_vote:A:k2,0.027999999999999997,0.75,0.75,0.7300000000000001,0.0009999999999999996,0.009999999999999995,0.0,0.0,0.0009999999999999996
0,0,0,blind_vote:A:k2,0.027999999999999997,0.85,0.85,0.7300000000000001,0.0009999999999999996,0.009999999999999995,0.0,0.0,0.0009999999999999996
0,0,0,echo_gate:A:k2,0.054999999999999986,1.02,1.75,0.7300000000000001,0.0009999999999999996,0.009999999999999995,0.0,0.2699999999999999,0.0009999999999999996
0,0,0,blind_gate:A:k2,0.054999999999999986,1.1199999999999999,1.85,0.7300000000000001,0.0009999999999999996,0.009999999999999995,0.0,0.2699999999999999,0.0009999999999999996
0,0,0,audit_gate:A:k2,0.09124999999999998,1.2025,1.75,0.7300000000000001,0.0009999999999999996,0.009999999999999995,0.0,0.4524999999999999,0.0007499999999999997
0,0,0,serial_last:A:k2,0.1,0.75,0.75,0.7300000000000001,0.0009999999999999996,0.009999999999999995,0.0,0.0,0.0009999999999999996
0,0,0,exposed_vote:A:k3,0.02799999999999999,1.0,1.0,0.6562000000000001,9.999999999999994e-05,0.0009999999999999994,0.0,0.0,9.999999999999994e-05
0,0,0,blind_vote:A:k3,0.02799999999999999,1.15,1.15,0.6562000000000001,9.999999999999994e-05,0.0009999999999999994,0.0,0.0,9.999999999999994e-05
0,0,0,echo_gate:A:k3,0.06885999999999998,1.3437999999999999,2.0,0.6562000000000001,9.999999999999994e-05,0.0009999999999999994,0.0,0.3437999999999999,9.999999999999994e-05
0,0,0,blind_gate:A:k3,0.06885999999999998,1.4937999999999998,2.15,0.6562000000000001,9.999999999999994e-05,0.0009999999999999994,0.0,0.3437999999999999,9.999999999999994e-05
0,0,0,audit_gate:A:k3,0.101645,1.50785,2.0,0.6562000000000001,9.999999999999994e-05,0.0009999999999999994,0.0,0.5078499999999999,7.499999999999995e-05
0,0,0,serial_last:A:k3,0.1,1.0,1.0,0.6562000000000001,9.999999999999994e-05,0.0009999999999999994,0.0,0.0,9.999999999999994e-05
0,0,0,exposed_vote:A:k4,0.008559999999999995,1.25,1.25,0.5905,9.999999999999992e-06,9.999999999999992e-05,0.0,0.0,9.999999999999992e-06
0,0,0,blind_vote:A:k4,0.008559999999999995,1.45,1.45,0.5905,9.999999999999992e-06,9.999999999999992e-05,0.0,0.0,9.999999999999992e-06
0,0,0,echo_gate:A:k4,0.08191,1.6595,2.25,0.5905,9.999999999999992e-06,9.999999999999992e-05,0.0,0.4095,9.999999999999992e-06
0,0,0,blind_gate:A:k4,0.08191,1.8595,2.45,0.5905,9.999999999999992e-06,9.999999999999992e-05,0.0,0.4095,9.999999999999992e-06
0,0,0,audit_gate:A:k4,0.11143249999999999,1.807125,2.25,0.5905,9.999999999999992e-06,9.999999999999992e-05,0.0,0.557125,7.499999999999994e-06
0,0,0,serial_last:A:k4,0.1,1.25,1.25,0.5905,9.999999999999992e-06,9.999999999999992e-05,0.0,0.0,9.999999999999992e-06
0,0,0,exposed_vote:A:k5,0.008559999999999996,1.5,1.5,0.5314420000000001,9.99999999999999e-07,9.999999999999989e-06,0.0,0.0,9.99999999999999e-07
0,0,0,blind_vote:A:k5,0.008559999999999996,1.75,1.75,0.5314420000000001,9.99999999999999e-07,9.999999999999989e-06,0.0,0.0,9.99999999999999e-07
0,0,0,echo_gate:A:k5,0.0937126,1.9685579999999998,2.5,0.5314420000000001,9.99999999999999e-07,9.999999999999989e-06,0.0,0.4685579999999999,9.99999999999999e-07
0,0,0,blind_gate:A:k5,0.0937126,2.218558,2.75,0.5314420000000001,9.99999999999999e-07,9.999999999999989e-06,0.0,0.4685579999999999,9.99999999999999e-07
0,0,0,audit_gate:A:k5,0.12028444999999999,2.1014185,2.5,0.5314420000000001,9.99999999999999e-07,9.999999999999989e-06,0.0,0.6014185,7.499999999999992e-07
0,0,0,serial_last:A:k5,0.1,1.5,1.5,0.5314420000000001,9.99999999999999e-07,9.999999999999989e-06,0.0,0.0,9.99999999999999e-07
0,0,0,exposed_vote:A:k6,0.0027279999999999982,1.75,1.75,0.4782970000000001,9.999999999999988e-08,9.999999999999987e-07,0.0,0.0,9.999999999999988e-08
0,0,0,blind_vote:A:k6,0.0027279999999999982,2.05,2.05,0.4782970000000001,9.999999999999988e-08,9.999999999999987e-07,0.0,0.0,9.999999999999988e-08
0,0,0,echo_gate:A:k6,0.1043407,2.271703,2.75,0.4782970000000001,9.999999999999988e-08,9.999999999999987e-07,0.0,0.5217029999999999,9.999999999999988e-08
0,0,0,blind_gate:A:k6,0.1043407,2.571703,3.05,0.4782970000000001,9.999999999999988e-08,9.999999999999987e-07,0.0,0.5217029999999999,9.999999999999988e-08
0,0,0,audit_gate:A:k6,0.12825552499999998,2.39127725,2.75,0.4782970000000001,9.999999999999988e-08,9.999999999999987e-07,0.0,0.6412772499999999,7.49999999999999e-08
0,0,0,serial_last:A:k6,0.1,1.75,1.75,0.4782970000000001,9.999999999999988e-08,9.999999999999987e-07,0.0,0.0,9.999999999999988e-08
0,0,0,exposed_vote:A:k7,0.0027279999999999982,2.0,2.0,0.4304672200000001,9.999999999999985e-09,9.999999999999985e-08,0.0,0.0,9.999999999999985e-09
0,0,0,blind_vote:A:k7,0.0027279999999999982,2.35,2.35,0.4304672200000001,9.999999999999985e-09,9.999999999999985e-08,0.0,0.0,9.999999999999985e-09
0,0,0,echo_gate:A:k7,0.11390656599999997,2.56953278,3.0,0.4304672200000001,9.999999999999985e-09,9.999999999999985e-08,0.0,0.5695327799999998,9.999999999999985e-09
0,0,0,blind_gate:A:k7,0.11390656599999997,2.91953278,3.35,0.4304672200000001,9.999999999999985e-09,9.999999999999985e-08,0.0,0.5695327799999998,9.999999999999985e-09
0,0,0,audit_gate:A:k7,0.13542992450000002,2.677149585,3.0,0.4304672200000001,9.999999999999985e-09,9.999999999999985e-08,0.0,0.677149585,7.49999999999999e-09
0,0,0,serial_last:A:k7,0.1,2.0,2.0,0.4304672200000001,9.999999999999985e-09,9.999999999999985e-08,0.0,0.0,9.999999999999985e-09
0,0,0.5,alone:H:k0,0.2,1.0,1.0,1.0,0.2,1.0,0.0,0.0,0.2
0,0,0.5,alone:A:k0,0.1,0.25,0.25,1.0,0.1,1.0,0.0,0.0,0.1
0,0,0.5,exposed_vote:H:k1,0.15000000000000002,1.25,1.25,0.7400000000000001,0.02,0.09999999999999999,0.0,0.0,0.02
0,0,0.5,blind_vote:H:k1,0.15000000000000002,1.3,1.3,0.7400000000000001,0.02,0.09999999999999999,0.0,0.0,0.02
0,0,0.5,echo_gate:H:k1,0.07199999999999998,1.5099999999999998,2.25,0.7400000000000001,0.02,0.09999999999999999,0.0,0.2599999999999999,0.02
0,0,0.5,blind_gate:H:k1,0.07199999999999998,1.56,2.3,0.7400000000000001,0.02,0.09999999999999999,0.0,0.2599999999999999,0.02
0,0,0.5,audit_gate:H:k1,0.104,1.6949999999999998,2.25,0.7400000000000001,0.02,0.09999999999999999,0.0,0.44499999999999995,0.015
0,0,0.5,serial_last:H:k1,0.1,1.25,1.25,0.7400000000000001,0.02,0.09999999999999999,0.0,0.0,0.02
0,0,0.5,exposed_vote:H:k2,0.07300000000000001,1.5,1.5,0.6950000000000001,0.011000000000000001,0.055,0.0,0.0,0.011000000000000001
0,0,0.5,blind_vote:H:k2,0.07300000000000001,1.6,1.6,0.6950000000000001,0.011000000000000001,0.055,0.0,0.0,0.011000000000000001
0,0,0.5,echo_gate:H:k2,0.072,1.805,2.5,0.6950000000000001,0.011000000000000001,0.055,0.0,0.30499999999999994,0.011000000000000001
0,0,0.5,blind_gate:H:k2,0.072,1.905,2.6,0.6950000000000001,0.011000000000000001,0.055,0.0,0.30499999999999994,0.011000000000000001
0,0,0.5,audit_gate:H:k2,0.10400000000000001,1.97875,2.5,0.6950000000000001,0.011000000000000001,0.055,0.0,0.47875,0.00825
0,0,0.5,serial_last:H:k2,0.1,1.5,1.5,0.6950000000000001,0.011000000000000001,0.055,0.0,0.0,0.011000000000000001
0,0,0.5,exposed_vote:H:k3,0.07075000000000001,1.75,1.75,0.6617000000000001,0.010100000000000001,0.0505,0.0,0.0,0.010100000000000001
0,0,0.5,blind_vote:H:k3,0.07075000000000001,1.9,1.9,0.6617000000000001,0.010100000000000001,0.0505,0.0,0.0,0.010100000000000001
0,0,0.5,echo_gate:H:k3,0.07775999999999998,2.0883,2.75,0.6617000000000001,0.010100000000000001,0.0505,0.0,0.33829999999999993,0.010100000000000001
0,0,0.5,blind_gate:H:k3,0.07775999999999998,2.2382999999999997,2.9,0.6617000000000001,0.010100000000000001,0.0505,0.0,0.33829999999999993,0.010100000000000001
0,0,0.5,audit_gate:H:k3,0.10832,2.253725,2.75,0.6617000000000001,0.010100000000000001,0.0505,0.0,0.503725,0.007575000000000001
0,0,0.5,serial_last:H:k3,0.1,1.75,1.75,0.6617000000000001,0.010100000000000001,0.0505,0.0,0.0,0.010100000000000001
0,0,0.5,exposed_vote:H:k4,0.05671,2.0,2.0,0.6324500000000001,0.010010000000000002,0.050050000000000004,0.0,0.0,0.010010000000000002
0,0,0.5,blind_vote:H:k4,0.05671,2.2,2.2,0.6324500000000001,0.010010000000000002,0.050050000000000004,0.0,0.0,0.010010000000000002
0,0,0.5,echo_gate:H:k4,0.08352,2.36755,3.0,0.6324500000000001,0.010010000000000002,0.050050000000000004,0.0,0.36754999999999993,0.010010000000000002
0,0,0.5,blind_gate:H:k4,0.08352,2.56755,3.2,0.6324500000000001,0.010010000000000002,0.050050000000000004,0.0,0.36754999999999993,0.010010000000000002
0,0,0.5,audit_gate:H:k4,0.11263999999999999,2.5256625,3.0,0.6324500000000001,0.010010000000000002,0.050050000000000004,0.0,0.5256624999999999,0.007507500000000001
0,0,0.5,serial_last:H:k4,0.1,2.0,2.0,0.6324500000000001,0.010010000000000002,0.050050000000000004,0.0,0.0,0.010010000000000002
0,0,0.5,exposed_vote:H:k5,0.056305,2.25,2.25,0.6061970000000001,0.010001000000000001,0.050005,0.0,0.0,0.010001000000000001
0,0,0.5,blind_vote:H:k5,0.056305,2.5,2.5,0.6061970000000001,0.010001000000000001,0.050005,0.0,0.0,0.010001000000000001
0,0,0.5,echo_gate:H:k5,0.08876159999999998,2.643803,3.25,0.6061970000000001,0.010001000000000001,0.050005,0.0,0.3938029999999999,0.010001000000000001
0,0,0.5,blind_gate:H:k5,0.08876159999999998,2.893803,3.5,0.6061970000000001,0.010001000000000001,0.050005,0.0,0.3938029999999999,0.010001000000000001
0,0,0.5,audit_gate:H:k5,0.11657119999999999,2.7953522499999996,3.25,0.6061970000000001,0.010001000000000001,0.050005,0.0,0.5453522499999999,0.0075007500000000005
0,0,0.5,serial_last:H:k5,0.1,2.25,2.25,0.6061970000000001,0.010001000000000001,0.050005,0.0,0.0,0.010001000000000001
0,0,0.5,exposed_vote:H:k6,0.052093,2.5,2.5,0.5825764999999999,0.010000100000000001,0.0500005,0.0,0.0,0.010000100000000001
0,0,0.5,blind_vote:H:k6,0.052093,2.8,2.8,0.5825764999999999,0.010000100000000001,0.0500005,0.0,0.0,0.010000100000000001
0,0,0.5,echo_gate:H:k6,0.09348480000000002,2.9174235,3.5,0.5825764999999999,0.010000100000000001,0.0500005,0.0,0.41742350000000006,0.010000100000000001
0,0,0.5,blind_gate:H:k6,0.09348480000000002,3.2174234999999998,3.8,0.5825764999999999,0.010000100000000001,0.0500005,0.0,0.41742350000000006,0.010000100000000001
0,0,0.5,audit_gate:H:k6,0.12011360000000001,3.063067625,3.5,0.5825764999999999,0.010000100000000001,0.0500005,0.0,0.5630676250000001,0.007500075000000001
0,0,0.5,serial_last:H:k6,0.1,2.5,2.5,0.5825764999999999,0.010000100000000001,0.0500005,0.0,0.0,0.010000100000000001
0,0,0.5,exposed_vote:H:k7,0.052001875,2.75,2.75,0.56131877,0.010000010000000002,0.050000050000000004,0.0,0.0,0.010000010000000002
0,0,0.5,blind_vote:H:k7,0.052001875,3.1,3.1,0.56131877,0.010000010000000002,0.050000050000000004,0.0,0.0,0.010000010000000002
0,0,0.5,echo_gate:H:k7,0.09773625600000002,3.1886812300000003,3.75,0.56131877,0.010000010000000002,0.050000050000000004,0.0,0.43868123000000003,0.010000010000000002
0,0,0.5,blind_gate:H:k7,0.09773625600000002,3.53868123,4.1,0.56131877,0.010000010000000002,0.050000050000000004,0.0,0.43868123000000003,0.010000010000000002
0,0,0.5,audit_gate:H:k7,0.123302192,3.3290109225,3.75,0.56131877,0.010000010000000002,0.050000050000000004,0.0,0.5790109225,0.007500007500000001
0,0,0.5,serial_last:H:k7,0.1,2.75,2.75,0.56131877,0.010000010000000002,0.050000050000000004,0.0,0.0,0.010000010000000002
0,0,0.5,exposed_vote:A:k1,0.09999999999999999,0.5,0.5,0.91,0.055,0.5499999999999999,0.0,0.0,0.055
0,0,0.5,blind_vote:A:k1,0.09999999999999999,0.55,0.55,0.91,0.055,0.5499999999999999,0.0,0.0,0.055
0,0,0.5,echo_gate:A:k1,0.073,0.59,1.5,0.91,0.055,0.5499999999999999,0.0,0.08999999999999997,0.055
0,0,0.5,blind_gate:A:k1,0.073,0.64,1.55,0.91,0.055,0.5499999999999999,0.0,0.08999999999999997,0.055
0,0,0.5,audit_gate:A:k1,0.10475000000000001,0.8175,1.5,0.91,0.055,0.5499999999999999,0.0,0.3175,0.04125
0,0,0.5,serial_last:A:k1,0.1,0.5,0.5,0.91,0.055,0.5499999999999999,0.0,0.0,0.055
0,0,0.5,exposed_vote:A:k2,0.064,0.75,0.75,0.865,0.0505,0.505,0.0,0.0,0.0505
0,0,0.5,blind_vote:A:k2,0.064,0.85,0.85,0.865,0.0505,0.505,0.0,0.0,0.0505
0,0,0.5,echo_gate:A:k2,0.07750000000000001,0.885,1.75,0.865,0.0505,0.505,0.0,0.135,0.0505
0,0,0.5,blind_gate:A:k2,0.07750000000000001,0.985,1.85,0.865,0.0505,0.505,0.0,0.135,0.0505
0,0,0.5,audit_gate:A:k2,0.10812500000000003,1.10125,1.75,0.865,0.0505,0.505,0.0,0.35125000000000006,0.037875000000000006
0,0,0.5,serial_last:A:k2,0.1,0.75,0.75,0.865,0.0505,0.505,0.0,0.0,0.0505
0,0,0.5,exposed_vote:A:k3,0.064,1.0,1.0,0.8281000000000002,0.050050000000000004,0.5005000000000001,0.0,0.0,0.050050000000000004
0,0,0.5,blind_vote:A:k3,0.064,1.15,1.15,0.8281000000000002,0.050050000000000004,0.5005000000000001,0.0,0.0,0.050050000000000004
0,0,0.5,echo_gate:A:k3,0.08442999999999998,1.1719,2.0,0.8281000000000002,0.050050000000000004,0.5005000000000001,0.0,0.17189999999999983,0.050050000000000004
0,0,0.5,blind_gate:A:k3,0.08442999999999998,1.3218999999999999,2.15,0.8281000000000002,0.050050000000000004,0.5005000000000001,0.0,0.17189999999999983,0.050050000000000004
0,0,0.5,audit_gate:A:k3,0.11332249999999998,1.3789249999999997,2.0,0.8281000000000002,0.050050000000000004,0.5005000000000001,0.0,0.37892499999999985,0.0375375
0,0,0.5,serial_last:A:k3,0.1,1.0,1.0,0.8281000000000002,0.050050000000000004,0.5005000000000001,0.0,0.0,0.050050000000000004
0,0,0.5,exposed_vote:A:k4,0.05428,1.25,1.25,0.79525,0.050005,0.50005,0.0,0.0,0.050005
0,0,0.5,blind_vote:A:k4,0.05428,1.45,1.45,0.79525,0.050005,0.50005,0.0,0.0,0.050005
0,0,0.5,echo_gate:A:k4,0.09095500000000001,1.45475,2.25,0.79525,0.050005,0.50005,0.0,0.20475,0.050005
0,0,0.5,blind_gate:A:k4,0.09095500000000001,1.65475,2.45,0.79525,0.050005,0.50005,0.0,0.20475,0.050005
0,0,0.5,audit_gate:A:k4,0.11821625000000002,1.6535625,2.25,0.79525,0.050005,0.50005,0.0,0.40356250000000005,0.03750375
0,0,0.5,serial_last:A:k4,0.1,1.25,1.25,0.79525,0.050005,0.50005,0.0,0.0,0.050005
0,0,0.5,exposed_vote:A:k5,0.05428,1.5,1.5,0.765721,0.0500005,0.500005,0.0,0.0,0.0500005
0,0,0.5,blind_vote:A:k5,0.05428,1.75,1.75,0.765721,0.0500005,0.500005,0.0,0.0,0.0500005
0,0,0.5,echo_gate:A:k5,0.0968563,1.734279,2.5,0.765721,0.0500005,0.500005,0.0,0.23427900000000002,0.0500005
0,0,0.5,blind_gate:A:k5,0.0968563,1.984279,2.75,0.765721,0.0500005,0.500005,0.0,0.23427900000000002,0.0500005
0,0,0.5,audit_gate:A:k5,0.12264222500000002,1.9257092500000002,2.5,0.765721,0.0500005,0.500005,0.0,0.42570925000000004,0.037500375
0,0,0.5,serial_last:A:k5,0.1,1.5,1.5,0.765721,0.0500005,0.500005,0.0,0.0,0.0500005
0,0,0.5,exposed_vote:A:k6,0.051364,1.75,1.75,0.7391485,0.050000050000000004,0.5000005,0.0,0.0,0.050000050000000004
0,0,0.5,blind_vote:A:k6,0.051364,2.05,2.05,0.7391485,0.050000050000000004,0.5000005,0.0,0.0,0.050000050000000004
0,0,0.5,echo_gate:A:k6,0.10217035000000001,2.0108515000000002,2.75,0.7391485,0.050000050000000004,0.5000005,0.0,0.2608515,0.050000050000000004
0,0,0.5,blind_gate:A:k6,0.10217035000000001,2.3108515,3.05,0.7391485,0.050000050000000004,0.5000005,0.0,0.2608515,0.050000050000000004
0,0,0.5,audit_gate:A:k6,0.1266277625,2.195638625,2.75,0.7391485,0.050000050000000004,0.5000005,0.0,0.44563862499999995,0.0375000375
0,0,0.5,serial_last:A:k6,0.1,1.75,1.75,0.7391485,0.050000050000000004,0.5000005,0.0,0.0,0.050000050000000004
0,0,0.5,exposed_vote:A:k7,0.05136399999999999,2.0,2.0,0.7152336100000001,0.050000005,0.5000000499999999,0.0,0.0,0.050000005
0,0,0.5,blind_vote:A:k7,0.05136399999999999,2.35,2.35,0.7152336100000001,0.050000005,0.5000000499999999,0.0,0.0,0.050000005
0,0,0.5,echo_gate:A:k7,0.10695328299999998,2.2847663899999997,3.0,0.7152336100000001,0.050000005,0.5000000499999999,0.0,0.2847663899999999,0.050000005
0,0,0.5,blind_gate:A:k7,0.10695328299999998,2.6347663900000002,3.35,0.7152336100000001,0.050000005,0.5000000499999999,0.0,0.2847663899999999,0.050000005
0,0,0.5,audit_gate:A:k7,0.13021496225,2.4635747925,3.0,0.7152336100000001,0.050000005,0.5000000499999999,0.0,0.4635747925,0.03750000375
0,0,0.5,serial_last:A:k7,0.1,2.0,2.0,0.7152336100000001,0.050000005,0.5000000499999999,0.0,0.0,0.050000005
0,0,0.9,alone:H:k0,0.2,1.0,1.0,1.0,0.2,1.0,0.0,0.0,0.2
0,0,0.9,alone:A:k0,0.1,0.25,0.25,1.0,0.1,1.0,0.0,0.0,0.1
0,0,0.9,exposed_vote:H:k1,0.15000000000000002,1.25,1.25,0.7400000000000001,0.020000000000000004,0.10000000000000002,0.0,0.0,0.020000000000000004
0,0,0.9,blind_vote:H:k1,0.15000000000000002,1.3,1.3,0.7400000000000001,0.020000000000000004,0.10000000000000002,0.0,0.0,0.020000000000000004
0,0,0.9,echo_gate:H:k1,0.07199999999999998,1.5099999999999998,2.25,0.7400000000000001,0.020000000000000004,0.10000000000000002,0.0,0.2599999999999999,0.020000000000000004
0,0,0.9,blind_gate:H:k1,0.07199999999999998,1.56,2.3,0.7400000000000001,0.020000000000000004,0.10000000000000002,0.0,0.2599999999999999,0.020000000000000004
0,0,0.9,audit_gate:H:k1,0.104,1.6949999999999998,2.25,0.7400000000000001,0.020000000000000004,0.10000000000000002,0.0,0.44499999999999995,0.015000000000000003
0,0,0.9,serial_last:H:k1,0.1,1.25,1.25,0.7400000000000001,0.020000000000000004,0.10000000000000002,0.0,0.0,0.020000000000000004
0,0,0.9,exposed_vote:H:k2,0.09460000000000002,1.5,1.5,0.7310000000000001,0.018200000000000004,0.09100000000000001,0.0,0.0,0.018200000000000004
0,0,0.9,blind_vote:H:k2,0.09460000000000002,1.6,1.6,0.7310000000000001,0.018200000000000004,0.09100000000000001,0.0,0.0,0.018200000000000004
0,0,0.9,echo_gate:H:k2,0.072,1.769,2.5,0.7310000000000001,0.018200000000000004,0.09100000000000001,0.0,0.2689999999999999,0.018200000000000004
0,0,0.9,blind_gate:H:k2,0.072,1.869,2.6,0.7310000000000001,0.018200000000000004,0.09100000000000001,0.0,0.2689999999999999,0.018200000000000004
0,0,0.9,audit_gate:H:k2,0.10399999999999998,1.9517499999999999,2.5,0.7310000000000001,0.018200000000000004,0.09100000000000001,0.0,0.4517499999999999,0.013650000000000002
0,0,0.9,serial_last:H:k2,0.1,1.5,1.5,0.7310000000000001,0.018200000000000004,0.09100000000000001,0.0,0.0,0.018200000000000004
0,0,0.9,exposed_vote:H:k3,0.09415000000000001,1.75,1.75,0.7243400000000001,0.018020000000000005,0.09010000000000001,0.0,0.0,0.018020000000000005
0,0,0.9,blind_vote:H:k3,0.09415000000000001,1.9,1.9,0.7243400000000001,0.018020000000000005,0.09010000000000001,0.0,0.0,0.018020000000000005
0,0,0.9,echo_gate:H:k3,0.073152,2.02566,2.75,0.7243400000000001,0.018020000000000005,0.09010000000000001,0.0,0.2756599999999999,0.018020000000000005
0,0,0.9,blind_gate:H:k3,0.073152,2.1756599999999997,2.9,0.7243400000000001,0.018020000000000005,0.09010000000000001,0.0,0.2756599999999999,0.018020000000000005
0,0,0.9,audit_gate:H:k3,0.104864,2.2067449999999997,2.75,0.7243400000000001,0.018020000000000005,0.09010000000000001,0.0,0.45674499999999996,0.013515000000000003
0,0,0.9,serial_last:H:k3,0.1,1.75,1.75,0.7243400000000001,0.018020000000000005,0.09010000000000001,0.0,0.0,0.018020000000000005
0,0,0.9,exposed_vote:H:k4,0.09134199999999999,2.0,2.0,0.71849,0.018002,0.09000999999999999,0.0,0.0,0.018002
0,0,0.9,blind_vote:H:k4,0.09134199999999999,2.2,2.2,0.71849,0.018002,0.09000999999999999,0.0,0.0,0.018002
0,0,0.9,echo_gate:H:k4,0.07430400000000001,2.28151,3.0,0.71849,0.018002,0.09000999999999999,0.0,0.28151000000000004,0.018002
0,0,0.9,blind_gate:H:k4,0.07430400000000001,2.48151,3.2,0.71849,0.018002,0.09000999999999999,0.0,0.28151000000000004,0.018002
0,0,0.9,audit_gate:H:k4,0.10572800000000002,2.4611325,3.0,0.71849,0.018002,0.09000999999999999,0.0,0.46113250000000006,0.0135015
0,0,0.9,serial_last:H:k4,0.1,2.0,2.0,0.71849,0.018002,0.09000999999999999,0.0,0.0,0.018002
0,0,0.9,exposed_vote:H:k5,0.09126100000000002,2.25,2.25,0.7132394000000001,0.018000200000000004,0.09000100000000001,0.0,0.0,0.018000200000000004
0,0,0.9,blind_vote:H:k5,0.09126100000000002,2.5,2.5,0.7132394000000001,0.018000200000000004,0.09000100000000001,0.0,0.0,0.018000200000000004
0,0,0.9,echo_gate:H:k5,0.07535231999999999,2.5367606,3.25,0.7132394000000001,0.018000200000000004,0.09000100000000001,0.0,0.2867605999999999,0.018000200000000004
0,0,0.9,blind_gate:H:k5,0.07535231999999999,2.7867606,3.5,0.7132394000000001,0.018000200000000004,0.09000100000000001,0.0,0.2867605999999999,0.018000200000000004
0,0,0.9,audit_gate:H:k5,0.10651424,2.71507045,3.25,0.7132394000000001,0.018000200000000004,0.09000100000000001,0.0,0.4650704499999999,0.013500150000000002
0,0,0.9,serial_last:H:k5,0.1,2.25,2.25,0.7132394000000001,0.018000200000000004,0.09000100000000001,0.0,0.0,0.018000200000000004
0,0,0.9,exposed_vote:H:k6,0.09041860000000002,2.5,2.5,0.7085153000000001,0.018000020000000002,0.0900001,0.0,0.0,0.018000020000000002
0,0,0.9,blind_vote:H:k6,0.09041860000000002,2.8,2.8,0.7085153000000001,0.018000020000000002,0.0900001,0.0,0.0,0.018000020000000002
0,0,0.9,echo_gate:H:k6,0.07629696,2.7914847,3.5,0.7085153000000001,0.018000020000000002,0.0900001,0.0,0.29148469999999993,0.018000020000000002
0,0,0.9,blind_gate:H:k6,0.07629696,3.0914846999999996,3.8,0.7085153000000001,0.018000020000000002,0.0900001,0.0,0.29148469999999993,0.018000020000000002
0,0,0.9,audit_gate:H:k6,0.10722272000000001,2.968613525,3.5,0.7085153000000001,0.018000020000000002,0.0900001,0.0,0.468613525,0.013500015
0,0,0.9,serial_last:H:k6,0.1,2.5,2.5,0.7085153000000001,0.018000020000000002,0.0900001,0.0,0.0,0.018000020000000002
0,0,0.9,exposed_vote:H:k7,0.090400375,2.75,2.75,0.7042637540000001,0.018000002,0.09000001,0.0,0.0,0.018000002
0,0,0.9,blind_vote:H:k7,0.090400375,3.1,3.1,0.7042637540000001,0.018000002,0.09000001,0.0,0.0,0.018000002
0,0,0.9,echo_gate:H:k7,0.07714725119999999,3.0457362459999997,3.75,0.7042637540000001,0.018000002,0.09000001,0.0,0.2957362459999999,0.018000002
0,0,0.9,blind_gate:H:k7,0.07714725119999999,3.3957362460000002,4.1,0.7042637540000001,0.018000002,0.09000001,0.0,0.2957362459999999,0.018000002
0,0,0.9,audit_gate:H:k7,0.10786043840000001,3.2218021845,3.75,0.7042637540000001,0.018000002,0.09000001,0.0,0.4718021845,0.0135000015
0,0,0.9,serial_last:H:k7,0.1,2.75,2.75,0.7042637540000001,0.018000002,0.09000001,0.0,0.0,0.018000002
0,0,0.9,exposed_vote:A:k1,0.10000000000000002,0.5,0.5,0.982,0.09100000000000001,0.91,0.0,0.0,0.09100000000000001
0,0,0.9,blind_vote:A:k1,0.10000000000000002,0.55,0.55,0.982,0.09100000000000001,0.91,0.0,0.0,0.09100000000000001
0,0,0.9,echo_gate:A:k1,0.09460000000000002,0.518,1.5,0.982,0.09100000000000001,0.91,0.0,0.018000000000000016,0.09100000000000001
0,0,0.9,blind_gate:A:k1,0.09460000000000002,0.5680000000000001,1.55,0.982,0.09100000000000001,0.91,0.0,0.018000000000000016,0.09100000000000001
0,0,0.9,audit_gate:A:k1,0.12095000000000003,0.7635000000000001,1.5,0.982,0.09100000000000001,0.91,0.0,0.26350000000000007,0.06825
0,0,0.9,serial_last:A:k1,0.1,0.5,0.5,0.982,0.09100000000000001,0.91,0.0,0.0,0.09100000000000001
0,0,0.9,exposed_vote:A:k2,0.09280000000000001,0.75,0.75,0.9730000000000001,0.09010000000000001,0.9010000000000001,0.0,0.0,0.09010000000000001
0,0,0.9,blind_vote:A:k2,0.09280000000000001,0.85,0.85,0.9730000000000001,0.09010000000000001,0.9010000000000001,0.0,0.0,0.09010000000000001
0,0,0.9,echo_gate:A:k2,0.0955,0.7769999999999999,1.75,0.9730000000000001,0.09010000000000001,0.9010000000000001,0.0,0.026999999999999913,0.09010000000000001
0,0,0.9,blind_gate:A:k2,0.0955,0.8769999999999999,1.85,0.9730000000000001,0.09010000000000001,0.9010000000000001,0.0,0.026999999999999913,0.09010000000000001
0,0,0.9,audit_gate:A:k2,0.12162499999999998,1.0202499999999999,1.75,0.9730000000000001,0.09010000000000001,0.9010000000000001,0.0,0.2702499999999999,0.06757500000000001
0,0,0.9,serial_last:A:k2,0.1,0.75,0.75,0.9730000000000001,0.09010000000000001,0.9010000000000001,0.0,0.0,0.09010000000000001
0,0,0.9,exposed_vote:A:k3,0.09280000000000001,1.0,1.0,0.96562,0.09001,0.9001,0.0,0.0,0.09001
0,0,0.9,blind_vote:A:k3,0.09280000000000001,1.15,1.15,0.96562,0.09001,0.9001,0.0,0.0,0.09001
0,0,0.9,echo_gate:A:k3,0.096886,1.03438,2.0,0.96562,0.09001,0.9001,0.0,0.034379999999999966,0.09001
0,0,0.9,blind_gate:A:k3,0.096886,1.18438,2.15,0.96562,0.09001,0.9001,0.0,0.034379999999999966,0.09001
0,0,0.9,audit_gate:A:k3,0.12266449999999998,1.275785,2.0,0.96562,0.09001,0.9001,0.0,0.27578499999999995,0.0675075
0,0,0.9,serial_last:A:k3,0.1,1.0,1.0,0.96562,0.09001,0.9001,0.0,0.0,0.09001
0,0,0.9,exposed_vote:A:k4,0.090856,1.25,1.25,0.9590500000000001,0.09000100000000001,0.9000100000000001,0.0,0.0,0.09000100000000001
0,0,0.9,blind_vote:A:k4,0.090856,1.45,1.45,0.9590500000000001,0.09000100000000001,0.9000100000000001,0.0,0.0,0.09000100000000001
0,0,0.9,echo_gate:A:k4,0.098191,1.29095,2.25,0.9590500000000001,0.09000100000000001,0.9000100000000001,0.0,0.04094999999999993,0.09000100000000001
0,0,0.9,blind_gate:A:k4,0.098191,1.4909499999999998,2.45,0.9590500000000001,0.09000100000000001,0.9000100000000001,0.0,0.04094999999999993,0.09000100000000001
0,0,0.9,audit_gate:A:k4,0.12364325,1.5307125,2.25,0.9590500000000001,0.09000100000000001,0.9000100000000001,0.0,0.2807124999999999,0.06750075000000001
0,0,0.9,serial_last:A:k4,0.1,1.25,1.25,0.9590500000000001,0.09000100000000001,0.9000100000000001,0.0,0.0,0.09000100000000001
0,0,0.9,exposed_vote:A:k5,0.09085600000000002,1.5,1.5,0.9531442000000001,0.09000010000000001,0.900001,0.0,0.0,0.09000010000000001
0,0,0.9,blind_vote:A:k5,0.09085600000000002,1.75,1.75,0.9531442000000001,0.09000010000000001,0.900001,0.0,0.0,0.09000010000000001
0,0,0.9,echo_gate:A:k5,0.09937125999999999,1.5468558,2.5,0.9531442000000001,0.09000010000000001,0.900001,0.0,0.04685579999999989,0.09000010000000001
0,0,0.9,blind_gate:A:k5,0.09937125999999999,1.7968558,2.75,0.9531442000000001,0.09000010000000001,0.900001,0.0,0.04685579999999989,0.09000010000000001
0,0,0.9,audit_gate:A:k5,0.12452844499999999,1.78514185,2.5,0.9531442000000001,0.09000010000000001,0.900001,0.0,0.2851418499999999,0.067500075
0,0,0.9,serial_last:A:k5,0.1,1.5,1.5,0.9531442000000001,0.09000010000000001,0.900001,0.0,0.0,0.09000010000000001
0,0,0.9,exposed_vote:A:k6,0.09027279999999999,1.75,1.75,0.9478297000000001,0.09000001,0.9000001,0.0,0.0,0.09000001
0,0,0.9,blind_vote:A:k6,0.09027279999999999,2.05,2.05,0.9478297000000001,0.09000001,0.9000001,0.0,0.0,0.09000001
0,0,0.9,echo_gate:A:k6,0.10043406999999999,1.8021702999999998,2.75,0.9478297000000001,0.09000001,0.9000001,0.0,0.05217029999999989,0.09000001
0,0,0.9,blind_gate:A:k6,0.10043406999999999,2.1021702999999996,3.05,0.9478297000000001,0.09000001,0.9000001,0.0,0.05217029999999989,0.09000001
0,0,0.9,audit_gate:A:k6,0.1253255525,2.039127725,2.75,0.9478297000000001,0.09000001,0.9000001,0.0,0.28912772499999995,0.0675000075
0,0,0.9,serial_last:A:k6,0.1,1.75,1.75,0.9478297000000001,0.09000001,0.9000001,0.0,0.0,0.09000001
0,0,0.9,exposed_vote:A:k7,0.09027280000000003,2.0,2.0,0.9430467220000001,0.09000000100000001,0.9000000100000001,0.0,0.0,0.09000000100000001
0,0,0.9,blind_vote:A:k7,0.09027280000000003,2.35,2.35,0.9430467220000001,0.09000000100000001,0.9000000100000001,0.0,0.0,0.09000000100000001
0,0,0.9,echo_gate:A:k7,0.1013906566,2.056953278,3.0,0.9430467220000001,0.09000000100000001,0.9000000100000001,0.0,0.05695327799999994,0.09000000100000001
0,0,0.9,blind_gate:A:k7,0.1013906566,2.406953278,3.35,0.9430467220000001,0.09000000100000001,0.9000000100000001,0.0,0.05695327799999994,0.09000000100000001
0,0,0.9,audit_gate:A:k7,0.12604299245,2.2927149585,3.0,0.9430467220000001,0.09000000100000001,0.9000000100000001,0.0,0.29271495849999996,0.06750000075000001
0,0,0.9,serial_last:A:k7,0.1,2.0,2.0,0.9430467220000001,0.09000000100000001,0.9000000100000001,0.0,0.0,0.09000000100000001
0,0.2,0,alone:H:k0,0.2,1.0,1.0,1.0,0.2,1.0,0.0,0.0,0.2
0,0.2,0,alone:A:k0,0.1,0.25,0.25,1.0,0.1,1.0,0.0,0.0,0.1
0,0.2,0,exposed_vote:H:k1,0.15000000000000002,1.25,1.25,0.7400000000000001,0.019999999999999997,0.09999999999999998,0.0,0.0,0.019999999999999997
0,0.2,0,blind_vote:H:k1,0.15000000000000002,1.3,1.3,0.7400000000000001,0.019999999999999997,0.09999999999999998,0.0,0.0,0.019999999999999997
0,0.2,0,echo_gate:H:k1,0.07199999999999998,1.5099999999999998,2.25,0.7400000000000001,0.019999999999999997,0.09999999999999998,0.0,0.2599999999999999,0.019999999999999997
0,0.2,0,blind_gate:H:k1,0.07199999999999998,1.56,2.3,0.7400000000000001,0.019999999999999997,0.09999999999999998,0.0,0.2599999999999999,0.019999999999999997
0,0.2,0,audit_gate:H:k1,0.104,1.6949999999999998,2.25,0.7400000000000001,0.019999999999999997,0.09999999999999998,0.0,0.44499999999999995,0.014999999999999998
0,0.2,0,serial_last:H:k1,0.1,1.25,1.25,0.7400000000000001,0.019999999999999997,0.09999999999999998,0.0,0.0,0.019999999999999997
0,0.2,0,exposed_vote:H:k2,0.046,1.5,1.5,0.6500000000000001,0.001999999999999999,0.009999999999999995,0.0,0.0,0.001999999999999999
0,0.2,0,blind_vote:H:k2,0.046,1.6,1.6,0.6500000000000001,0.001999999999999999,0.009999999999999995,0.0,0.0,0.001999999999999999
0,0.2,0,echo_gate:H:k2,0.07199999999999998,1.8499999999999999,2.5,0.6500000000000001,0.001999999999999999,0.009999999999999995,0.0,0.34999999999999987,0.001999999999999999
0,0.2,0,blind_gate:H:k2,0.07199999999999998,1.95,2.6,0.6500000000000001,0.001999999999999999,0.009999999999999995,0.0,0.34999999999999987,0.001999999999999999
0,0.2,0,audit_gate:H:k2,0.104,2.0125,2.5,0.6500000000000001,0.001999999999999999,0.009999999999999995,0.0,0.5125,0.0014999999999999994
0,0.2,0,serial_last:H:k2,0.1,1.5,1.5,0.6680000000000001,0.005599999999999999,0.027999999999999994,0.018000000000000016,0.0,0.005599999999999999
0,0.2,0,exposed_vote:H:k3,0.041499999999999995,1.75,1.75,0.5834,0.00019999999999999987,0.0009999999999999994,0.0,0.0,0.00019999999999999987
0,0.2,0,blind_vote:H:k3,0.041499999999999995,1.9,1.9,0.5834,0.00019999999999999987,0.0009999999999999994,0.0,0.0,0.00019999999999999987
0,0.2,0,echo_gate:H:k3,0.08352000000000001,2.1666,2.75,0.5834,0.00019999999999999987,0.0009999999999999994,0.0,0.41659999999999997,0.00019999999999999987
0,0.2,0,blind_gate:H:k3,0.08352000000000001,2.3165999999999998,2.9,0.5834,0.00019999999999999987,0.0009999999999999994,0.0,0.41659999999999997,0.00019999999999999987
0,0.2,0,audit_gate:H:k3,0.11264,2.31245,2.75,0.5834,0.00019999999999999987,0.0009999999999999994,0.0,0.56245,0.0001499999999999999
0,0.2,0,serial_last:H:k3,0.1,1.75,1.75,0.6109760000000001,0.001568,0.00784,0.027576000000000045,0.0,0.001568
0,0.2,0,exposed_vote:H:k4,0.013419999999999994,2.0,2.0,0.5249,1.9999999999999985e-05,9.999999999999992e-05,0.0,0.0,1.9999999999999985e-05
0,0.2,0,blind_vote:H:k4,0.013419999999999994,2.2,2.2,0.5249,1.9999999999999985e-05,9.999999999999992e-05,0.0,0.0,1.9999999999999985e-05
0,0.2,0,echo_gate:H:k4,0.09504,2.4751,3.0,0.5249,1.9999999999999985e-05,9.999999999999992e-05,0.0,0.47509999999999997,1.9999999999999985e-05
0,0.2,0,blind_gate:H:k4,0.09504,2.6751,3.2,0.5249,1.9999999999999985e-05,9.999999999999992e-05,0.0,0.47509999999999997,1.9999999999999985e-05
0,0.2,0,audit_gate:H:k4,0.12128000000000001,2.606325,3.0,0.5249,1.9999999999999985e-05,9.999999999999992e-05,0.0,0.606325,1.4999999999999989e-05
0,0.2,0,serial_last:H:k4,0.1,2.0,2.0,0.5610944,0.0004390399999999999,0.0021951999999999996,0.03619439999999996,0.0,0.0004390399999999999
0,0.2,0,exposed_vote:H:k5,0.012609999999999993,2.25,2.25,0.4723940000000001,1.999999999999998e-06,9.999999999999989e-06,0.0,0.0,1.999999999999998e-06
0,0.2,0,blind_vote:H:k5,0.012609999999999993,2.5,2.5,0.4723940000000001,1.999999999999998e-06,9.999999999999989e-06,0.0,0.0,1.999999999999998e-06
0,0.2,0,echo_gate:H:k5,0.10552319999999998,2.777606,3.25,0.4723940000000001,1.999999999999998e-06,9.999999999999989e-06,0.0,0.5276059999999999,1.999999999999998e-06
0,0.2,0,blind_gate:H:k5,0.10552319999999998,3.027606,3.5,0.4723940000000001,1.999999999999998e-06,9.999999999999989e-06,0.0,0.5276059999999999,1.999999999999998e-06
0,0.2,0,audit_gate:H:k5,0.12914239999999996,2.8957045,3.25,0.4723940000000001,1.999999999999998e-06,9.999999999999989e-06,0.0,0.6457044999999999,1.4999999999999983e-06
0,0.2,0,serial_last:H:k5,0.1,2.25,2.25,0.5159258624,0.0001229312,0.0006146559999999999,0.043531862399999954,0.0,0.0001229312
0,0.2,0,exposed_vote:H:k6,0.004185999999999997,2.5,2.5,0.42515300000000006,1.9999999999999975e-07,9.999999999999987e-07,0.0,0.0,1.9999999999999975e-07
0,0.2,0,blind_vote:H:k6,0.004185999999999997,2.8,2.8,0.42515300000000006,1.9999999999999975e-07,9.999999999999987e-07,0.0,0.0,1.9999999999999975e-07
0,0.2,0,echo_gate:H:k6,0.11496959999999999,3.074847,3.5,0.42515300000000006,1.9999999999999975e-07,9.999999999999987e-07,0.0,0.5748469999999999,1.9999999999999975e-07
0,0.2,0,blind_gate:H:k6,0.11496959999999999,3.374847,3.8,0.42515300000000006,1.9999999999999975e-07,9.999999999999987e-07,0.0,0.5748469999999999,1.9999999999999975e-07
0,0.2,0,audit_gate:H:k6,0.1362272,3.18113525,3.5,0.42515300000000006,1.9999999999999975e-07,9.999999999999987e-07,0.0,0.68113525,1.499999999999998e-07
0,0.2,0,serial_last:H:k6,0.1,2.5,2.5,0.4745731174400001,3.4420735999999986e-05,0.00017210367999999991,0.04942011744000002,0.0,3.4420735999999986e-05
0,0.2,0,exposed_vote:H:k7,0.004003749999999998,2.75,2.75,0.38263754000000005,1.999999999999997e-08,9.999999999999985e-08,0.0,0.0,1.999999999999997e-08
0,0.2,0,blind_vote:H:k7,0.004003749999999998,3.1,3.1,0.38263754000000005,1.999999999999997e-08,9.999999999999985e-08,0.0,0.0,1.999999999999997e-08
0,0.2,0,echo_gate:H:k7,0.12347251199999999,3.36736246,3.75,0.38263754000000005,1.999999999999997e-08,9.999999999999985e-08,0.0,0.61736246,1.999999999999997e-08
0,0.2,0,blind_gate:H:k7,0.12347251199999999,3.71736246,4.1,0.38263754000000005,1.999999999999997e-08,9.999999999999985e-08,0.0,0.61736246,1.999999999999997e-08
0,0.2,0,audit_gate:H:k7,0.142604384,3.463021845,3.75,0.38263754000000005,1.999999999999997e-08,9.999999999999985e-08,0.0,0.713021845,1.499999999999998e-08
0,0.2,0,serial_last:H:k7,0.1,2.75,2.75,0.43658523877376004,9.637806079999996e-06,4.818903039999998e-05,0.05394769877375999,0.0,9.637806079999996e-06
0,0.2,0,exposed_vote:A:k1,0.1,0.5,0.5,0.8560000000000001,0.028,0.27999999999999997,0.03600000000000003,0.0,0.028
0,0.2,0,blind_vote:A:k1,0.1,0.55,0.55,0.8200000000000001,0.009999999999999998,0.09999999999999998,0.0,0.0,0.009999999999999998
0,0.2,0,echo_gate:A:k1,0.05679999999999998,0.6439999999999999,1.5,0.8560000000000001,0.028,0.27999999999999997,0.03600000000000003,0.1439999999999999,0.028
0,0.2,0,blind_gate:A:k1,0.045999999999999985,0.73,1.55,0.8200000000000001,0.009999999999999998,0.09999999999999998,0.0,0.17999999999999994,0.009999999999999998
0,0.2,0,audit_gate:A:k1,0.09259999999999999,0.8579999999999999,1.5,0.8560000000000001,0.028,0.27999999999999997,0.03600000000000003,0.3579999999999999,0.021
0,0.2,0,serial_last:A:k1,0.10000000000000002,0.5,0.5,0.8560000000000001,0.028,0.27999999999999997,0.03600000000000003,0.0,0.028
0,0.2,0,exposed_vote:A:k2,0.05392,0.75,0.75,0.7696000000000001,0.007840000000000001,0.07840000000000001,0.03959999999999997,0.0,0.007840000000000001
0,0.2,0,blind_vote:A:k2,0.027999999999999997,0.85,0.85,0.7300000000000001,0.0009999999999999996,0.009999999999999995,0.0,0.0,0.0009999999999999996
0,0.2,0,echo_gate:A:k2,0.05391999999999999,0.9803999999999999,1.75,0.7696000000000001,0.007840000000000001,0.07840000000000001,0.03959999999999997,0.23039999999999994,0.007840000000000001
0,0.2,0,blind_gate:A:k2,0.054999999999999986,1.1199999999999999,1.85,0.7300000000000001,0.0009999999999999996,0.009999999999999995,0.0,0.2699999999999999,0.0009999999999999996
0,0.2,0,audit_gate:A:k2,0.09043999999999999,1.1728,1.75,0.7696000000000001,0.007840000000000001,0.07840000000000001,0.03959999999999997,0.42279999999999995,0.0058800000000000015
0,0.2,0,serial_last:A:k2,0.1,0.75,0.75,0.7696000000000001,0.007840000000000001,0.07840000000000001,0.03959999999999997,0.0,0.007840000000000001
0,0.2,0,exposed_vote:A:k3,0.049312,1.0,1.0,0.7030144000000002,0.0021952,0.021952,0.046814400000000034,0.0,0.0021952
0,0.2,0,blind_vote:A:k3,0.02799999999999999,1.15,1.15,0.6562000000000001,9.999999999999994e-05,0.0009999999999999994,0.0,0.0,9.999999999999994e-05
0,0.2,0,echo_gate:A:k3,0.06159231999999997,1.2969855999999997,2.0,0.7030144000000002,0.0021952,0.021952,0.046814400000000034,0.29698559999999985,0.0021952
0,0.2,0,blind_gate:A:k3,0.06885999999999998,1.4937999999999998,2.15,0.6562000000000001,9.999999999999994e-05,0.0009999999999999994,0.0,0.3437999999999999,9.999999999999994e-05
0,0.2,0,audit_gate:A:k3,0.09619424,1.4727392,2.0,0.7030144000000002,0.0021952,0.021952,0.046814400000000034,0.4727391999999999,0.0016464000000000001
0,0.2,0,serial_last:A:k3,0.1,1.0,1.0,0.7030144000000002,0.0021952,0.021952,0.046814400000000034,0.0,0.0021952
0,0.2,0,exposed_vote:A:k4,0.03305497600000001,1.25,1.25,0.6453683200000001,0.000614656,0.00614656,0.05486832000000008,0.0,0.000614656
0,0.2,0,blind_vote:A:k4,0.008559999999999995,1.45,1.45,0.5905,9.999999999999992e-06,9.999999999999992e-05,0.0,0.0,9.999999999999992e-06
0,0.2,0,echo_gate:A:k4,0.07154099199999998,1.6046316799999998,2.25,0.6453683200000001,0.000614656,0.00614656,0.05486832000000008,0.3546316799999999,0.000614656
0,0.2,0,blind_gate:A:k4,0.08191,1.8595,2.45,0.5905,9.999999999999992e-06,9.999999999999992e-05,0.0,0.4095,9.999999999999992e-06
0,0.2,0,audit_gate:A:k4,0.103655744,1.76597376,2.25,0.6453683200000001,0.000614656,0.00614656,0.05486832000000008,0.51597376,0.000460992
0,0.2,0,serial_last:A:k4,0.1,1.25,1.25,0.6453683200000001,0.000614656,0.00614656,0.05486832000000008,0.0,0.000614656
0,0.2,0,exposed_vote:A:k5,0.03051873280000001,1.5,1.5,0.5933454745600001,0.00017210368,0.0017210367999999998,0.061903474560000005,0.0,0.00017210368
0,0.2,0,blind_vote:A:k5,0.008559999999999996,1.75,1.75,0.5314420000000001,9.99999999999999e-07,9.999999999999989e-06,0.0,0.0,9.99999999999999e-07
0,0.2,0,echo_gate:A:k5,0.08150300876799998,1.90665452544,2.5,0.5933454745600001,0.00017210368,0.0017210367999999998,0.061903474560000005,0.4066545254399999,0.00017210368
0,0.2,0,blind_gate:A:k5,0.0937126,2.218558,2.75,0.5314420000000001,9.99999999999999e-07,9.999999999999989e-06,0.0,0.4685579999999999,9.99999999999999e-07
0,0.2,0,audit_gate:A:k5,0.11112725657599999,2.05499089408,2.5,0.5933454745600001,0.00017210368,0.0017210367999999998,0.061903474560000005,0.5549908940799999,0.00012907776
0,0.2,0,serial_last:A:k5,0.1,1.5,1.5,0.5933454745600001,0.00017210368,0.0017210367999999998,0.061903474560000005,0.0,0.00017210368
0,0.2,0,exposed_vote:A:k6,0.02244286259200001,1.75,1.75,0.54576769024,4.818903039999999e-05,0.0004818903039999999,0.06747069023999996,0.0,4.818903039999999e-05
0,0.2,0,blind_vote:A:k6,0.0027279999999999982,2.05,2.05,0.4782970000000001,9.999999999999988e-08,9.999999999999987e-07,0.0,0.0,9.999999999999988e-08
0,0.2,0,echo_gate:A:k6,0.0908946509824,2.20423230976,2.75,0.54576769024,4.818903039999999e-05,0.0004818903039999999,0.06747069023999996,0.45423230975999995,4.818903039999999e-05
0,0.2,0,blind_gate:A:k6,0.1043407,2.571703,3.05,0.4782970000000001,9.999999999999988e-08,9.999999999999987e-07,0.0,0.5217029999999999,9.999999999999988e-08
0,0.2,0,audit_gate:A:k6,0.11817098823679999,2.34067423232,2.75,0.54576769024,4.818903039999999e-05,0.0004818903039999999,0.06747069023999996,0.5906742323199999,3.6141772799999996e-05
0,0.2,0,serial_last:A:k6,0.1,1.75,1.75,0.54576769024,4.818903039999999e-05,0.0004818903039999999,0.06747069023999996,0.0,4.818903039999999e-05
0,0.2,0,exposed_vote:A:k7,0.0210397892608,2.0,2.0,0.5020754340413441,1.3492928511999998e-05,0.00013492928511999998,0.07160821404134404,0.0,1.3492928511999998e-05
0,0.2,0,blind_vote:A:k7,0.0027279999999999982,2.35,2.35,0.4304672200000001,9.999999999999985e-09,9.999999999999985e-08,0.0,0.0,9.999999999999985e-09
0,0.2,0,echo_gate:A:k7,0.09959840612024318,2.4979245659586558,3.0,0.5020754340413441,1.3492928511999998e-05,0.00013492928511999998,0.07160821404134404,0.49792456595865586,1.3492928511999998e-05
0,0.2,0,blind_gate:A:k7,0.11390656599999997,2.91953278,3.35,0.4304672200000001,9.999999999999985e-09,9.999999999999985e-08,0.0,0.5695327799999998,9.999999999999985e-09
0,0.2,0,audit_gate:A:k7,0.12469880459018239,2.623443424468992,3.0,0.5020754340413441,1.3492928511999998e-05,0.00013492928511999998,0.07160821404134404,0.6234434244689919,1.0119696383999998e-05
0,0.2,0,serial_last:A:k7,0.1,2.0,2.0,0.5020754340413441,1.3492928511999996e-05,0.00013492928511999995,0.07160821404134404,0.0,1.3492928511999996e-05
0,0.2,0.5,alone:H:k0,0.2,1.0,1.0,1.0,0.2,1.0,0.0,0.0,0.2
0,0.2,0.5,alone:A:k0,0.1,0.25,0.25,1.0,0.1,1.0,0.0,0.0,0.1
0,0.2,0.5,exposed_vote:H:k1,0.15000000000000002,1.25,1.25,0.7400000000000001,0.02,0.09999999999999999,0.0,0.0,0.02
0,0.2,0.5,blind_vote:H:k1,0.15000000000000002,1.3,1.3,0.7400000000000001,0.02,0.09999999999999999,0.0,0.0,0.02
0,0.2,0.5,echo_gate:H:k1,0.07199999999999998,1.5099999999999998,2.25,0.7400000000000001,0.02,0.09999999999999999,0.0,0.2599999999999999,0.02
0,0.2,0.5,blind_gate:H:k1,0.07199999999999998,1.56,2.3,0.7400000000000001,0.02,0.09999999999999999,0.0,0.2599999999999999,0.02
0,0.2,0.5,audit_gate:H:k1,0.104,1.6949999999999998,2.25,0.7400000000000001,0.02,0.09999999999999999,0.0,0.44499999999999995,0.015
0,0.2,0.5,serial_last:H:k1,0.1,1.25,1.25,0.7400000000000001,0.02,0.09999999999999999,0.0,0.0,0.02
0,0.2,0.5,exposed_vote:H:k2,0.07300000000000001,1.5,1.5,0.6950000000000001,0.011000000000000001,0.055,0.0,0.0,0.011000000000000001
0,0.2,0.5,blind_vote:H:k2,0.07300000000000001,1.6,1.6,0.6950000000000001,0.011000000000000001,0.055,0.0,0.0,0.011000000000000001
0,0.2,0.5,echo_gate:H:k2,0.072,1.805,2.5,0.6950000000000001,0.011000000000000001,0.055,0.0,0.30499999999999994,0.011000000000000001
0,0.2,0.5,blind_gate:H:k2,0.072,1.905,2.6,0.6950000000000001,0.011000000000000001,0.055,0.0,0.30499999999999994,0.011000000000000001
0,0.2,0.5,audit_gate:H:k2,0.10400000000000001,1.97875,2.5,0.6950000000000001,0.011000000000000001,0.055,0.0,0.47875,0.00825
0,0.2,0.5,serial_last:H:k2,0.1,1.5,1.5,0.7040000000000001,0.0128,0.064,0.009000000000000008,0.0,0.0128
0,0.2,0.5,exposed_vote:H:k3,0.07075000000000001,1.75,1.75,0.6617000000000001,0.010100000000000001,0.0505,0.0,0.0,0.010100000000000001
0,0.2,0.5,blind_vote:H:k3,0.07075000000000001,1.9,1.9,0.6617000000000001,0.010100000000000001,0.0505,0.0,0.0,0.010100000000000001
0,0.2,0.5,echo_gate:H:k3,0.07775999999999998,2.0883,2.75,0.6617000000000001,0.010100000000000001,0.0505,0.0,0.33829999999999993,0.010100000000000001
0,0.2,0.5,blind_gate:H:k3,0.07775999999999998,2.2382999999999997,2.9,0.6617000000000001,0.010100000000000001,0.0505,0.0,0.33829999999999993,0.010100000000000001
0,0.2,0.5,audit_gate:H:k3,0.10832,2.253725,2.75,0.6617000000000001,0.010100000000000001,0.0505,0.0,0.503725,0.007575000000000001
0,0.2,0.5,serial_last:H:k3,0.1,1.75,1.75,0.6754880000000001,0.010784,0.053919999999999996,0.013788000000000022,0.0,0.010784
0,0.2,0.5,exposed_vote:H:k4,0.05671,2.0,2.0,0.6324500000000001,0.010010000000000002,0.050050000000000004,0.0,0.0,0.010010000000000002
0,0.2,0.5,blind_vote:H:k4,0.05671,2.2,2.2,0.6324500000000001,0.010010000000000002,0.050050000000000004,0.0,0.0,0.010010000000000002
0,0.2,0.5,echo_gate:H:k4,0.08352,2.36755,3.0,0.6324500000000001,0.010010000000000002,0.050050000000000004,0.0,0.36754999999999993,0.010010000000000002
0,0.2,0.5,blind_gate:H:k4,0.08352,2.56755,3.2,0.6324500000000001,0.010010000000000002,0.050050000000000004,0.0,0.36754999999999993,0.010010000000000002
0,0.2,0.5,audit_gate:H:k4,0.11263999999999999,2.5256625,3.0,0.6324500000000001,0.010010000000000002,0.050050000000000004,0.0,0.5256624999999999,0.007507500000000001
0,0.2,0.5,serial_last:H:k4,0.1,2.0,2.0,0.6505472000000001,0.010219520000000003,0.051097600000000014,0.018097200000000035,0.0,0.010219520000000003
0,0.2,0.5,exposed_vote:H:k5,0.056305,2.25,2.25,0.6061970000000001,0.010001000000000001,0.050005,0.0,0.0,0.010001000000000001
0,0.2,0.5,blind_vote:H:k5,0.056305,2.5,2.5,0.6061970000000001,0.010001000000000001,0.050005,0.0,0.0,0.010001000000000001
0,0.2,0.5,echo_gate:H:k5,0.08876159999999998,2.643803,3.25,0.6061970000000001,0.010001000000000001,0.050005,0.0,0.3938029999999999,0.010001000000000001
0,0.2,0.5,blind_gate:H:k5,0.08876159999999998,2.893803,3.5,0.6061970000000001,0.010001000000000001,0.050005,0.0,0.3938029999999999,0.010001000000000001
0,0.2,0.5,audit_gate:H:k5,0.11657119999999999,2.7953522499999996,3.25,0.6061970000000001,0.010001000000000001,0.050005,0.0,0.5453522499999999,0.0075007500000000005
0,0.2,0.5,serial_last:H:k5,0.1,2.25,2.25,0.6279629312,0.010061465600000001,0.050307328000000005,0.02176593119999992,0.0,0.010061465600000001
0,0.2,0.5,exposed_vote:H:k6,0.052093,2.5,2.5,0.5825764999999999,0.010000100000000001,0.0500005,0.0,0.0,0.010000100000000001
0,0.2,0.5,blind_vote:H:k6,0.052093,2.8,2.8,0.5825764999999999,0.010000100000000001,0.0500005,0.0,0.0,0.010000100000000001
0,0.2,0.5,echo_gate:H:k6,0.09348480000000002,2.9174235,3.5,0.5825764999999999,0.010000100000000001,0.0500005,0.0,0.41742350000000006,0.010000100000000001
0,0.2,0.5,blind_gate:H:k6,0.09348480000000002,3.2174234999999998,3.8,0.5825764999999999,0.010000100000000001,0.0500005,0.0,0.41742350000000006,0.010000100000000001
0,0.2,0.5,audit_gate:H:k6,0.12011360000000001,3.063067625,3.5,0.5825764999999999,0.010000100000000001,0.0500005,0.0,0.5630676250000001,0.007500075000000001
0,0.2,0.5,serial_last:H:k6,0.1,2.5,2.5,0.60728655872,0.010017210368,0.05008605184,0.024710058720000094,0.0,0.010017210368
0,0.2,0.5,exposed_vote:H:k7,0.052001875,2.75,2.75,0.56131877,0.010000010000000002,0.050000050000000004,0.0,0.0,0.010000010000000002
0,0.2,0.5,blind_vote:H:k7,0.052001875,3.1,3.1,0.56131877,0.010000010000000002,0.050000050000000004,0.0,0.0,0.010000010000000002
0,0.2,0.5,echo_gate:H:k7,0.09773625600000002,3.1886812300000003,3.75,0.56131877,0.010000010000000002,0.050000050000000004,0.0,0.43868123000000003,0.010000010000000002
0,0.2,0.5,blind_gate:H:k7,0.09773625600000002,3.53868123,4.1,0.56131877,0.010000010000000002,0.050000050000000004,0.0,0.43868123000000003,0.010000010000000002
0,0.2,0.5,audit_gate:H:k7,0.123302192,3.3290109225,3.75,0.56131877,0.010000010000000002,0.050000050000000004,0.0,0.5790109225,0.007500007500000001
0,0.2,0.5,serial_last:H:k7,0.1,2.75,2.75,0.58829261938688,0.010004818903040003,0.05002409451520001,0.026973849386880078,0.0,0.010004818903040003
0,0.2,0.5,exposed_vote:A:k1,0.10000000000000002,0.5,0.5,0.9279999999999999,0.064,0.64,0.017999999999999905,0.0,0.064
0,0.2,0.5,blind_vote:A:k1,0.09999999999999999,0.55,0.55,0.91,0.055,0.5499999999999999,0.0,0.0,0.055
0,0.2,0.5,echo_gate:A:k1,0.07840000000000001,0.5720000000000001,1.5,0.9279999999999999,0.064,0.64,0.017999999999999905,0.07200000000000006,0.064
0,0.2,0.5,blind_gate:A:k1,0.073,0.64,1.55,0.91,0.055,0.5499999999999999,0.0,0.08999999999999997,0.055
0,0.2,0.5,audit_gate:A:k1,0.10880000000000001,0.804,1.5,0.9279999999999999,0.064,0.64,0.017999999999999905,0.30400000000000005,0.048
0,0.2,0.5,serial_last:A:k1,0.10000000000000002,0.5,0.5,0.9279999999999999,0.064,0.64,0.017999999999999905,0.0,0.064
0,0.2,0.5,exposed_vote:A:k2,0.07696,0.75,0.75,0.8848,0.05392000000000001,0.5392,0.01980000000000004,0.0,0.05392000000000001
0,0.2,0.5,blind_vote:A:k2,0.064,0.85,0.85,0.865,0.0505,0.505,0.0,0.0,0.0505
0,0.2,0.5,echo_gate:A:k2,0.07696,0.8652,1.75,0.8848,0.05392000000000001,0.5392,0.01980000000000004,0.11519999999999997,0.05392000000000001
0,0.2,0.5,blind_gate:A:k2,0.07750000000000001,0.985,1.85,0.865,0.0505,0.505,0.0,0.135,0.0505
0,0.2,0.5,audit_gate:A:k2,0.10772000000000001,1.0864,1.75,0.8848,0.05392000000000001,0.5392,0.01980000000000004,0.33640000000000003,0.040440000000000004
0,0.2,0.5,serial_last:A:k2,0.1,0.75,0.75,0.8848,0.05392000000000001,0.5392,0.01980000000000004,0.0,0.05392000000000001
0,0.2,0.5,exposed_vote:A:k3,0.07465600000000003,1.0,1.0,0.8515072000000001,0.05109760000000001,0.510976,0.02340719999999996,0.0,0.05109760000000001
0,0.2,0.5,blind_vote:A:k3,0.064,1.15,1.15,0.8281000000000002,0.050050000000000004,0.5005000000000001,0.0,0.0,0.050050000000000004
0,0.2,0.5,echo_gate:A:k3,0.08079615999999998,1.1484927999999999,2.0,0.8515072000000001,0.05109760000000001,0.510976,0.02340719999999996,0.14849279999999987,0.05109760000000001
0,0.2,0.5,blind_gate:A:k3,0.08442999999999998,1.3218999999999999,2.15,0.8281000000000002,0.050050000000000004,0.5005000000000001,0.0,0.17189999999999983,0.050050000000000004
0,0.2,0.5,audit_gate:A:k3,0.11059712,1.3613696,2.0,0.8515072000000001,0.05109760000000001,0.510976,0.02340719999999996,0.36136959999999996,0.0383232
0,0.2,0.5,serial_last:A:k3,0.1,1.0,1.0,0.8515072000000001,0.05109760000000001,0.510976,0.02340719999999996,0.0,0.05109760000000001
0,0.2,0.5,exposed_vote:A:k4,0.06652748800000001,1.25,1.25,0.8226841600000001,0.050307328000000005,0.5030732800000001,0.027434160000000096,0.0,0.050307328000000005
0,0.2,0.5,blind_vote:A:k4,0.05428,1.45,1.45,0.79525,0.050005,0.50005,0.0,0.0,0.050005
0,0.2,0.5,echo_gate:A:k4,0.08577049599999999,1.42731584,2.25,0.8226841600000001,0.050307328000000005,0.5030732800000001,0.027434160000000096,0.1773158399999999,0.050307328000000005
0,0.2,0.5,blind_gate:A:k4,0.09095500000000001,1.65475,2.45,0.79525,0.050005,0.50005,0.0,0.20475,0.050005
0,0.2,0.5,audit_gate:A:k4,0.114327872,1.6329868799999998,2.25,0.8226841600000001,0.050307328000000005,0.5030732800000001,0.027434160000000096,0.3829868799999999,0.037730496
0,0.2,0.5,serial_last:A:k4,0.1,1.25,1.25,0.8226841600000001,0.050307328000000005,0.5030732800000001,0.027434160000000096,0.0,0.050307328000000005
0,0.2,0.5,exposed_vote:A:k5,0.06525936640000002,1.5,1.5,0.79667273728,0.05008605184000001,0.5008605184,0.030951737280000002,0.0,0.05008605184000001
0,0.2,0.5,blind_vote:A:k5,0.05428,1.75,1.75,0.765721,0.0500005,0.500005,0.0,0.0,0.0500005
0,0.2,0.5,echo_gate:A:k5,0.09075150438400001,1.70332726272,2.5,0.79667273728,0.05008605184000001,0.5008605184,0.030951737280000002,0.20332726272,0.05008605184000001
0,0.2,0.5,blind_gate:A:k5,0.0968563,1.984279,2.75,0.765721,0.0500005,0.500005,0.0,0.23427900000000002,0.0500005
0,0.2,0.5,audit_gate:A:k5,0.11806362828799999,1.90249544704,2.5,0.79667273728,0.05008605184000001,0.5008605184,0.030951737280000002,0.40249544703999995,0.037564538880000005
0,0.2,0.5,serial_last:A:k5,0.1,1.5,1.5,0.79667273728,0.05008605184000001,0.5008605184,0.030951737280000002,0.0,0.05008605184000001
0,0.2,0.5,exposed_vote:A:k6,0.061221431296,1.75,1.75,0.77288384512,0.0500240945152,0.5002409451519999,0.03373534511999998,0.0,0.0500240945152
0,0.2,0.5,blind_vote:A:k6,0.051364,2.05,2.05,0.7391485,0.050000050000000004,0.5000005,0.0,0.0,0.050000050000000004
0,0.2,0.5,echo_gate:A:k6,0.09544732549120001,1.97711615488,2.75,0.77288384512,0.0500240945152,0.5002409451519999,0.03373534511999998,0.22711615488000003,0.0500240945152
0,0.2,0.5,blind_gate:A:k6,0.10217035000000001,2.3108515,3.05,0.7391485,0.050000050000000004,0.5000005,0.0,0.2608515,0.050000050000000004
0,0.2,0.5,audit_gate:A:k6,0.1215854941184,2.17033711616,2.75,0.77288384512,0.0500240945152,0.5002409451519999,0.03373534511999998,0.42033711616,0.037518070886399996
0,0.2,0.5,serial_last:A:k6,0.1,1.75,1.75,0.77288384512,0.0500240945152,0.5002409451519999,0.03373534511999998,0.0,0.0500240945152
0,0.2,0.5,exposed_vote:A:k7,0.06051989463039999,2.0,2.0,0.751037717020672,0.05000674646425599,0.5000674646425599,0.03580410702067194,0.0,0.05000674646425599
0,0.2,0.5,blind_vote:A:k7,0.05136399999999999,2.35,2.35,0.7152336100000001,0.050000005,0.5000000499999999,0.0,0.0,0.050000005
0,0.2,0.5,echo_gate:A:k7,0.09979920306012159,2.248962282979328,3.0,0.751037717020672,0.05000674646425599,0.5000674646425599,0.03580410702067194,0.248962282979328,0.05000674646425599
0,0.2,0.5,blind_gate:A:k7,0.10695328299999998,2.6347663900000002,3.35,0.7152336100000001,0.050000005,0.5000000499999999,0.0,0.2847663899999999,0.050000005
0,0.2,0.5,audit_gate:A:k7,0.1248494022950912,2.4367217122344957,3.0,0.751037717020672,0.05000674646425599,0.5000674646425599,0.03580410702067194,0.43672171223449596,0.037505059848191996
0,0.2,0.5,serial_last:A:k7,0.1,2.0,2.0,0.751037717020672,0.05000674646425599,0.5000674646425599,0.03580410702067194,0.0,0.05000674646425599
0,0.2,0.9,alone:H:k0,0.2,1.0,1.0,1.0,0.2,1.0,0.0,0.0,0.2
0,0.2,0.9,alone:A:k0,0.1,0.25,0.25,1.0,0.1,1.0,0.0,0.0,0.1
0,0.2,0.9,exposed_vote:H:k1,0.15000000000000002,1.25,1.25,0.7400000000000001,0.020000000000000004,0.10000000000000002,0.0,0.0,0.020000000000000004
0,0.2,0.9,blind_vote:H:k1,0.15000000000000002,1.3,1.3,0.7400000000000001,0.020000000000000004,0.10000000000000002,0.0,0.0,0.020000000000000004
0,0.2,0.9,echo_gate:H:k1,0.07199999999999998,1.5099999999999998,2.25,0.7400000000000001,0.020000000000000004,0.10000000000000002,0.0,0.2599999999999999,0.020000000000000004
0,0.2,0.9,blind_gate:H:k1,0.07199999999999998,1.56,2.3,0.7400000000000001,0.020000000000000004,0.10000000000000002,0.0,0.2599999999999999,0.020000000000000004
0,0.2,0.9,audit_gate:H:k1,0.104,1.6949999999999998,2.25,0.7400000000000001,0.020000000000000004,0.10000000000000002,0.0,0.44499999999999995,0.015000000000000003
0,0.2,0.9,serial_last:H:k1,0.1,1.25,1.25,0.7400000000000001,0.020000000000000004,0.10000000000000002,0.0,0.0,0.020000000000000004
0,0.2,0.9,exposed_vote:H:k2,0.09460000000000002,1.5,1.5,0.7310000000000001,0.018200000000000004,0.09100000000000001,0.0,0.0,0.018200000000000004
0,0.2,0.9,blind_vote:H:k2,0.09460000000000002,1.6,1.6,0.7310000000000001,0.018200000000000004,0.09100000000000001,0.0,0.0,0.018200000000000004
0,0.2,0.9,echo_gate:H:k2,0.072,1.769,2.5,0.7310000000000001,0.018200000000000004,0.09100000000000001,0.0,0.2689999999999999,0.018200000000000004
0,0.2,0.9,blind_gate:H:k2,0.072,1.869,2.6,0.7310000000000001,0.018200000000000004,0.09100000000000001,0.0,0.2689999999999999,0.018200000000000004
0,0.2,0.9,audit_gate:H:k2,0.10399999999999998,1.9517499999999999,2.5,0.7310000000000001,0.018200000000000004,0.09100000000000001,0.0,0.4517499999999999,0.013650000000000002
0,0.2,0.9,serial_last:H:k2,0.1,1.5,1.5,0.7328000000000001,0.018560000000000004,0.09280000000000001,0.0018000000000000238,0.0,0.018560000000000004
0,0.2,0.9,exposed_vote:H:k3,0.09415000000000001,1.75,1.75,0.7243400000000001,0.018020000000000005,0.09010000000000001,0.0,0.0,0.018020000000000005
0,0.2,0.9,blind_vote:H:k3,0.09415000000000001,1.9,1.9,0.7243400000000001,0.018020000000000005,0.09010000000000001,0.0,0.0,0.018020000000000005
0,0.2,0.9,echo_gate:H:k3,0.073152,2.02566,2.75,0.7243400000000001,0.018020000000000005,0.09010000000000001,0.0,0.2756599999999999,0.018020000000000005
0,0.2,0.9,blind_gate:H:k3,0.073152,2.1756599999999997,2.9,0.7243400000000001,0.018020000000000005,0.09010000000000001,0.0,0.2756599999999999,0.018020000000000005
0,0.2,0.9,audit_gate:H:k3,0.104864,2.2067449999999997,2.75,0.7243400000000001,0.018020000000000005,0.09010000000000001,0.0,0.45674499999999996,0.013515000000000003
0,0.2,0.9,serial_last:H:k3,0.1,1.75,1.75,0.7270976,0.018156800000000004,0.09078400000000002,0.0027575999999999157,0.0,0.018156800000000004
0,0.2,0.9,exposed_vote:H:k4,0.09134199999999999,2.0,2.0,0.71849,0.018002,0.09000999999999999,0.0,0.0,0.018002
0,0.2,0.9,blind_vote:H:k4,0.09134199999999999,2.2,2.2,0.71849,0.018002,0.09000999999999999,0.0,0.0,0.018002
0,0.2,0.9,echo_gate:H:k4,0.07430400000000001,2.28151,3.0,0.71849,0.018002,0.09000999999999999,0.0,0.28151000000000004,0.018002
0,0.2,0.9,blind_gate:H:k4,0.07430400000000001,2.48151,3.2,0.71849,0.018002,0.09000999999999999,0.0,0.28151000000000004,0.018002
0,0.2,0.9,audit_gate:H:k4,0.10572800000000002,2.4611325,3.0,0.71849,0.018002,0.09000999999999999,0.0,0.46113250000000006,0.0135015
0,0.2,0.9,serial_last:H:k4,0.1,2.0,2.0,0.72210944,0.018043904,0.09021952,0.0036194400000000293,0.0,0.018043904
0,0.2,0.9,exposed_vote:H:k5,0.09126100000000002,2.25,2.25,0.7132394000000001,0.018000200000000004,0.09000100000000001,0.0,0.0,0.018000200000000004
0,0.2,0.9,blind_vote:H:k5,0.09126100000000002,2.5,2.5,0.7132394000000001,0.018000200000000004,0.09000100000000001,0.0,0.0,0.018000200000000004
0,0.2,0.9,echo_gate:H:k5,0.07535231999999999,2.5367606,3.25,0.7132394000000001,0.018000200000000004,0.09000100000000001,0.0,0.2867605999999999,0.018000200000000004
0,0.2,0.9,blind_gate:H:k5,0.07535231999999999,2.7867606,3.5,0.7132394000000001,0.018000200000000004,0.09000100000000001,0.0,0.2867605999999999,0.018000200000000004
0,0.2,0.9,audit_gate:H:k5,0.10651424,2.71507045,3.25,0.7132394000000001,0.018000200000000004,0.09000100000000001,0.0,0.4650704499999999,0.013500150000000002
0,0.2,0.9,serial_last:H:k5,0.1,2.25,2.25,0.7175925862400001,0.01801229312,0.0900614656,0.004353186240000029,0.0,0.01801229312
0,0.2,0.9,exposed_vote:H:k6,0.09041860000000002,2.5,2.5,0.7085153000000001,0.018000020000000002,0.0900001,0.0,0.0,0.018000020000000002
0,0.2,0.9,blind_vote:H:k6,0.09041860000000002,2.8,2.8,0.7085153000000001,0.018000020000000002,0.0900001,0.0,0.0,0.018000020000000002
0,0.2,0.9,echo_gate:H:k6,0.07629696,2.7914847,3.5,0.7085153000000001,0.018000020000000002,0.0900001,0.0,0.29148469999999993,0.018000020000000002
0,0.2,0.9,blind_gate:H:k6,0.07629696,3.0914846999999996,3.8,0.7085153000000001,0.018000020000000002,0.0900001,0.0,0.29148469999999993,0.018000020000000002
0,0.2,0.9,audit_gate:H:k6,0.10722272000000001,2.968613525,3.5,0.7085153000000001,0.018000020000000002,0.0900001,0.0,0.468613525,0.013500015
0,0.2,0.9,serial_last:H:k6,0.1,2.5,2.5,0.7134573117440001,0.0180034420736,0.09001721036799999,0.004942011743999997,0.0,0.0180034420736
0,0.2,0.9,exposed_vote:H:k7,0.090400375,2.75,2.75,0.7042637540000001,0.018000002,0.09000001,0.0,0.0,0.018000002
0,0.2,0.9,blind_vote:H:k7,0.090400375,3.1,3.1,0.7042637540000001,0.018000002,0.09000001,0.0,0.0,0.018000002
0,0.2,0.9,echo_gate:H:k7,0.07714725119999999,3.0457362459999997,3.75,0.7042637540000001,0.018000002,0.09000001,0.0,0.2957362459999999,0.018000002
0,0.2,0.9,blind_gate:H:k7,0.07714725119999999,3.3957362460000002,4.1,0.7042637540000001,0.018000002,0.09000001,0.0,0.2957362459999999,0.018000002
0,0.2,0.9,audit_gate:H:k7,0.10786043840000001,3.2218021845,3.75,0.7042637540000001,0.018000002,0.09000001,0.0,0.4718021845,0.0135000015
0,0.2,0.9,serial_last:H:k7,0.1,2.75,2.75,0.7096585238773762,0.018000963780608007,0.09000481890304003,0.005394769877376082,0.0,0.018000963780608007
0,0.2,0.9,exposed_vote:A:k1,0.1,0.5,0.5,0.9856,0.09280000000000001,0.928,0.0036000000000000476,0.0,0.09280000000000001
0,0.2,0.9,blind_vote:A:k1,0.10000000000000002,0.55,0.55,0.982,0.09100000000000001,0.91,0.0,0.0,0.09100000000000001
0,0.2,0.9,echo_gate:A:k1,0.09568,0.5144,1.5,0.9856,0.09280000000000001,0.928,0.0036000000000000476,0.014399999999999968,0.09280000000000001
0,0.2,0.9,blind_gate:A:k1,0.09460000000000002,0.5680000000000001,1.55,0.982,0.09100000000000001,0.91,0.0,0.018000000000000016,0.09100000000000001
0,0.2,0.9,audit_gate:A:k1,0.12176,0.7607999999999999,1.5,0.9856,0.09280000000000001,0.928,0.0036000000000000476,0.2607999999999999,0.06960000000000001
0,0.2,0.9,serial_last:A:k1,0.10000000000000002,0.5,0.5,0.9856,0.09280000000000001,0.928,0.0036000000000000476,0.0,0.09280000000000001
0,0.2,0.9,exposed_vote:A:k2,0.095392,0.75,0.75,0.97696,0.09078400000000002,0.9078400000000001,0.0039599999999999635,0.0,0.09078400000000002
0,0.2,0.9,blind_vote:A:k2,0.09280000000000001,0.85,0.85,0.9730000000000001,0.09010000000000001,0.9010000000000001,0.0,0.0,0.09010000000000001
0,0.2,0.9,echo_gate:A:k2,0.095392,0.77304,1.75,0.97696,0.09078400000000002,0.9078400000000001,0.0039599999999999635,0.02303999999999995,0.09078400000000002
0,0.2,0.9,blind_gate:A:k2,0.0955,0.8769999999999999,1.85,0.9730000000000001,0.09010000000000001,0.9010000000000001,0.0,0.026999999999999913,0.09010000000000001
0,0.2,0.9,audit_gate:A:k2,0.12154400000000001,1.01728,1.75,0.97696,0.09078400000000002,0.9078400000000001,0.0039599999999999635,0.26727999999999996,0.06808800000000001
0,0.2,0.9,serial_last:A:k2,0.1,0.75,0.75,0.97696,0.09078400000000002,0.9078400000000001,0.0039599999999999635,0.0,0.09078400000000002
0,0.2,0.9,exposed_vote:A:k3,0.09493120000000002,1.0,1.0,0.9703014400000001,0.09021952000000001,0.9021952000000001,0.004681440000000037,0.0,0.09021952000000001
0,0.2,0.9,blind_vote:A:k3,0.09280000000000001,1.15,1.15,0.96562,0.09001,0.9001,0.0,0.0,0.09001
0,0.2,0.9,echo_gate:A:k3,0.096159232,1.02969856,2.0,0.9703014400000001,0.09021952000000001,0.9021952000000001,0.004681440000000037,0.02969855999999993,0.09021952000000001
0,0.2,0.9,blind_gate:A:k3,0.096886,1.18438,2.15,0.96562,0.09001,0.9001,0.0,0.034379999999999966,0.09001
0,0.2,0.9,audit_gate:A:k3,0.122119424,1.27227392,2.0,0.9703014400000001,0.09021952000000001,0.9021952000000001,0.004681440000000037,0.27227391999999995,0.06766464000000001
0,0.2,0.9,serial_last:A:k3,0.1,1.0,1.0,0.9703014400000001,0.09021952000000001,0.9021952000000001,0.004681440000000037,0.0,0.09021952000000001
0,0.2,0.9,exposed_vote:A:k4,0.09330549760000001,1.25,1.25,0.9645368320000001,0.09006146560000002,0.9006146560000001,0.005486831999999997,0.0,0.09006146560000002
0,0.2,0.9,blind_vote:A:k4,0.090856,1.45,1.45,0.9590500000000001,0.09000100000000001,0.9000100000000001,0.0,0.0,0.09000100000000001
0,0.2,0.9,echo_gate:A:k4,0.0971540992,1.285463168,2.25,0.9645368320000001,0.09006146560000002,0.9006146560000001,0.005486831999999997,0.035463167999999934,0.09006146560000002
0,0.2,0.9,blind_gate:A:k4,0.098191,1.4909499999999998,2.45,0.9590500000000001,0.09000100000000001,0.9000100000000001,0.0,0.04094999999999993,0.09000100000000001
0,0.2,0.9,audit_gate:A:k4,0.12286557440000001,1.526597376,2.25,0.9645368320000001,0.09006146560000002,0.9006146560000001,0.005486831999999997,0.276597376,0.06754609920000001
0,0.2,0.9,serial_last:A:k4,0.1,1.25,1.25,0.9645368320000001,0.09006146560000002,0.9006146560000001,0.005486831999999997,0.0,0.09006146560000002
0,0.2,0.9,exposed_vote:A:k5,0.09305187327999999,1.5,1.5,0.9593345474560001,0.090017210368,0.90017210368,0.0061903474560000005,0.0,0.090017210368
0,0.2,0.9,blind_vote:A:k5,0.09085600000000002,1.75,1.75,0.9531442000000001,0.09000010000000001,0.900001,0.0,0.0,0.09000010000000001
0,0.2,0.9,echo_gate:A:k5,0.09815030087679999,1.5406654525439998,2.5,0.9593345474560001,0.090017210368,0.90017210368,0.0061903474560000005,0.04066545254399989,0.090017210368
0,0.2,0.9,blind_gate:A:k5,0.09937125999999999,1.7968558,2.75,0.9531442000000001,0.09000010000000001,0.900001,0.0,0.04685579999999989,0.09000010000000001
0,0.2,0.9,audit_gate:A:k5,0.12361272565759998,1.780499089408,2.5,0.9593345474560001,0.090017210368,0.90017210368,0.0061903474560000005,0.28049908940799995,0.067512907776
0,0.2,0.9,serial_last:A:k5,0.1,1.5,1.5,0.9593345474560001,0.090017210368,0.90017210368,0.0061903474560000005,0.0,0.090017210368
0,0.2,0.9,exposed_vote:A:k6,0.09224428625920002,1.75,1.75,0.9545767690240001,0.09000481890304,0.9000481890304,0.006747069024000019,0.0,0.09000481890304
0,0.2,0.9,blind_vote:A:k6,0.09027279999999999,2.05,2.05,0.9478297000000001,0.09000001,0.9000001,0.0,0.0,0.09000001
0,0.2,0.9,echo_gate:A:k6,0.09908946509823997,1.7954232309759999,2.75,0.9545767690240001,0.09000481890304,0.9000481890304,0.006747069024000019,0.04542323097599987,0.09000481890304
0,0.2,0.9,blind_gate:A:k6,0.10043406999999999,2.1021702999999996,3.05,0.9478297000000001,0.09000001,0.9000001,0.0,0.05217029999999989,0.09000001
0,0.2,0.9,audit_gate:A:k6,0.12431709882368,2.034067423232,2.75,0.9545767690240001,0.09000481890304,0.9000481890304,0.006747069024000019,0.28406742323199996,0.06750361417728
0,0.2,0.9,serial_last:A:k6,0.1,1.75,1.75,0.9545767690240001,0.09000481890304,0.9000481890304,0.006747069024000019,0.0,0.09000481890304
0,0.2,0.9,exposed_vote:A:k7,0.09210397892608001,2.0,2.0,0.9502075434041344,0.09000134929285121,0.9000134929285121,0.007160821404134321,0.0,0.09000134929285121
0,0.2,0.9,blind_vote:A:k7,0.09027280000000003,2.35,2.35,0.9430467220000001,0.09000000100000001,0.9000000100000001,0.0,0.0,0.09000000100000001
0,0.2,0.9,echo_gate:A:k7,0.09995984061202434,2.0497924565958656,3.0,0.9502075434041344,0.09000134929285121,0.9000134929285121,0.007160821404134321,0.04979245659586562,0.09000134929285121
0,0.2,0.9,blind_gate:A:k7,0.1013906566,2.406953278,3.35,0.9430467220000001,0.09000000100000001,0.9000000100000001,0.0,0.05695327799999994,0.09000000100000001
0,0.2,0.9,audit_gate:A:k7,0.12496988045901826,2.2873443424468993,3.0,0.9502075434041344,0.09000134929285121,0.9000134929285121,0.007160821404134321,0.2873443424468992,0.06750101196963841
0,0.2,0.9,serial_last:A:k7,0.1,2.0,2.0,0.9502075434041344,0.09000134929285121,0.9000134929285121,0.007160821404134321,0.0,0.09000134929285121
0,0.5,0,alone:H:k0,0.2,1.0,1.0,1.0,0.2,1.0,0.0,0.0,0.2
0,0.5,0,alone:A:k0,0.1,0.25,0.25,1.0,0.1,1.0,0.0,0.0,0.1
0,0.5,0,exposed_vote:H:k1,0.15000000000000002,1.25,1.25,0.7400000000000001,0.019999999999999997,0.09999999999999998,0.0,0.0,0.019999999999999997
0,0.5,0,blind_vote:H:k1,0.15000000000000002,1.3,1.3,0.7400000000000001,0.019999999999999997,0.09999999999999998,0.0,0.0,0.019999999999999997
0,0.5,0,echo_gate:H:k1,0.07199999999999998,1.5099999999999998,2.25,0.7400000000000001,0.019999999999999997,0.09999999999999998,0.0,0.2599999999999999,0.019999999999999997
0,0.5,0,blind_gate:H:k1,0.07199999999999998,1.56,2.3,0.7400000000000001,0.019999999999999997,0.09999999999999998,0.0,0.2599999999999999,0.019999999999999997
0,0.5,0,audit_gate:H:k1,0.104,1.6949999999999998,2.25,0.7400000000000001,0.019999999999999997,0.09999999999999998,0.0,0.44499999999999995,0.014999999999999998
0,0.5,0,serial_last:H:k1,0.1,1.25,1.25,0.7400000000000001,0.019999999999999997,0.09999999999999998,0.0,0.0,0.019999999999999997
0,0.5,0,exposed_vote:H:k2,0.046,1.5,1.5,0.6500000000000001,0.001999999999999999,0.009999999999999995,0.0,0.0,0.001999999999999999
0,0.5,0,blind_vote:H:k2,0.046,1.6,1.6,0.6500000000000001,0.001999999999999999,0.009999999999999995,0.0,0.0,0.001999999999999999
0,0.5,0,echo_gate:H:k2,0.07199999999999998,1.8499999999999999,2.5,0.6500000000000001,0.001999999999999999,0.009999999999999995,0.0,0.34999999999999987,0.001999999999999999
0,0.5,0,blind_gate:H:k2,0.07199999999999998,1.95,2.6,0.6500000000000001,0.001999999999999999,0.009999999999999995,0.0,0.34999999999999987,0.001999999999999999
0,0.5,0,audit_gate:H:k2,0.104,2.0125,2.5,0.6500000000000001,0.001999999999999999,0.009999999999999995,0.0,0.5125,0.0014999999999999994
0,0.5,0,serial_last:H:k2,0.1,1.5,1.5,0.6950000000000002,0.011,0.05499999999999999,0.04500000000000004,0.0,0.011
0,0.5,0,exposed_vote:H:k3,0.041499999999999995,1.75,1.75,0.5834,0.00019999999999999987,0.0009999999999999994,0.0,0.0,0.00019999999999999987
0,0.5,0,blind_vote:H:k3,0.041499999999999995,1.9,1.9,0.5834,0.00019999999999999987,0.0009999999999999994,0.0,0.0,0.00019999999999999987
0,0.5,0,echo_gate:H:k3,0.08352000000000001,2.1666,2.75,0.5834,0.00019999999999999987,0.0009999999999999994,0.0,0.41659999999999997,0.00019999999999999987
0,0.5,0,blind_gate:H:k3,0.08352000000000001,2.3165999999999998,2.9,0.5834,0.00019999999999999987,0.0009999999999999994,0.0,0.41659999999999997,0.00019999999999999987
0,0.5,0,audit_gate:H:k3,0.11264,2.31245,2.75,0.5834,0.00019999999999999987,0.0009999999999999994,0.0,0.56245,0.0001499999999999999
0,0.5,0,serial_last:H:k3,0.1,1.75,1.75,0.65585,0.006049999999999999,0.030249999999999992,0.07245000000000001,0.0,0.006049999999999999
0,0.5,0,exposed_vote:H:k4,0.013419999999999994,2.0,2.0,0.5249,1.9999999999999985e-05,9.999999999999992e-05,0.0,0.0,1.9999999999999985e-05
0,0.5,0,blind_vote:H:k4,0.013419999999999994,2.2,2.2,0.5249,1.9999999999999985e-05,9.999999999999992e-05,0.0,0.0,1.9999999999999985e-05
0,0.5,0,echo_gate:H:k4,0.09504,2.4751,3.0,0.5249,1.9999999999999985e-05,9.999999999999992e-05,0.0,0.47509999999999997,1.9999999999999985e-05
0,0.5,0,blind_gate:H:k4,0.09504,2.6751,3.2,0.5249,1.9999999999999985e-05,9.999999999999992e-05,0.0,0.47509999999999997,1.9999999999999985e-05
0,0.5,0,audit_gate:H:k4,0.12128000000000001,2.606325,3.0,0.5249,1.9999999999999985e-05,9.999999999999992e-05,0.0,0.606325,1.4999999999999989e-05
0,0.5,0,serial_last:H:k4,0.1,2.0,2.0,0.6206375,0.0033274999999999993,0.016637499999999996,0.09573749999999992,0.0,0.0033274999999999993
0,0.5,0,exposed_vote:H:k5,0.012609999999999993,2.25,2.25,0.4723940000000001,1.999999999999998e-06,9.999999999999989e-06,0.0,0.0,1.999999999999998e-06
0,0.5,0,blind_vote:H:k5,0.012609999999999993,2.5,2.5,0.4723940000000001,1.999999999999998e-06,9.999999999999989e-06,0.0,0.0,1.999999999999998e-06
0,0.5,0,echo_gate:H:k5,0.10552319999999998,2.777606,3.25,0.4723940000000001,1.999999999999998e-06,9.999999999999989e-06,0.0,0.5276059999999999,1.999999999999998e-06
0,0.5,0,blind_gate:H:k5,0.10552319999999998,3.027606,3.5,0.4723940000000001,1.999999999999998e-06,9.999999999999989e-06,0.0,0.5276059999999999,1.999999999999998e-06
0,0.5,0,audit_gate:H:k5,0.12914239999999996,2.8957045,3.25,0.4723940000000001,1.999999999999998e-06,9.999999999999989e-06,0.0,0.6457044999999999,1.4999999999999983e-06
0,0.5,0,serial_last:H:k5,0.1,2.25,2.25,0.588274625,0.0018301249999999995,0.009150624999999997,0.11588062499999996,0.0,0.0018301249999999995
0,0.5,0,exposed_vote:H:k6,0.004185999999999997,2.5,2.5,0.42515300000000006,1.9999999999999975e-07,9.999999999999987e-07,0.0,0.0,1.9999999999999975e-07
0,0.5,0,blind_vote:H:k6,0.004185999999999997,2.8,2.8,0.42515300000000006,1.9999999999999975e-07,9.999999999999987e-07,0.0,0.0,1.9999999999999975e-07
0,0.5,0,echo_gate:H:k6,0.11496959999999999,3.074847,3.5,0.42515300000000006,1.9999999999999975e-07,9.999999999999987e-07,0.0,0.5748469999999999,1.9999999999999975e-07
0,0.5,0,blind_gate:H:k6,0.11496959999999999,3.374847,3.8,0.42515300000000006,1.9999999999999975e-07,9.999999999999987e-07,0.0,0.5748469999999999,1.9999999999999975e-07
0,0.5,0,audit_gate:H:k6,0.1362272,3.18113525,3.5,0.42515300000000006,1.9999999999999975e-07,9.999999999999987e-07,0.0,0.68113525,1.499999999999998e-07
0,0.5,0,serial_last:H:k6,0.1,2.5,2.5,0.55812884375,0.0010065687499999998,0.005032843749999999,0.13297584375,0.0,0.0010065687499999998
0,0.5,0,exposed_vote:H:k7,0.004003749999999998,2.75,2.75,0.38263754000000005,1.999999999999997e-08,9.999999999999985e-08,0.0,0.0,1.999999999999997e-08
0,0.5,0,blind_vote:H:k7,0.004003749999999998,3.1,3.1,0.38263754000000005,1.999999999999997e-08,9.999999999999985e-08,0.0,0.0,1.999999999999997e-08
0,0.5,0,echo_gate:H:k7,0.12347251199999999,3.36736246,3.75,0.38263754000000005,1.999999999999997e-08,9.999999999999985e-08,0.0,0.61736246,1.999999999999997e-08
0,0.5,0,blind_gate:H:k7,0.12347251199999999,3.71736246,4.1,0.38263754000000005,1.999999999999997e-08,9.999999999999985e-08,0.0,0.61736246,1.999999999999997e-08
0,0.5,0,audit_gate:H:k7,0.142604384,3.463021845,3.75,0.38263754000000005,1.999999999999997e-08,9.999999999999985e-08,0.0,0.713021845,1.499999999999998e-08
0,0.5,0,serial_last:H:k7,0.1,2.75,2.75,0.5298197740625,0.0005536128124999998,0.002768064062499999,0.14718223406249997,0.0,0.0005536128124999998
0,0.5,0,exposed_vote:A:k1,0.1,0.5,0.5,0.91,0.05500000000000001,0.55,0.08999999999999997,0.0,0.05500000000000001
0,0.5,0,blind_vote:A:k1,0.1,0.55,0.55,0.8200000000000001,0.009999999999999998,0.09999999999999998,0.0,0.0,0.009999999999999998
0,0.5,0,echo_gate:A:k1,0.07300000000000001,0.59,1.5,0.91,0.05500000000000001,0.55,0.08999999999999997,0.08999999999999997,0.05500000000000001
0,0.5,0,blind_gate:A:k1,0.045999999999999985,0.73,1.55,0.8200000000000001,0.009999999999999998,0.09999999999999998,0.0,0.17999999999999994,0.009999999999999998
0,0.5,0,audit_gate:A:k1,0.10475000000000001,0.8175,1.5,0.91,0.05500000000000001,0.55,0.08999999999999997,0.3175,0.04125000000000001
0,0.5,0,serial_last:A:k1,0.1,0.5,0.5,0.91,0.05500000000000001,0.55,0.08999999999999997,0.0,0.05500000000000001
0,0.5,0,exposed_vote:A:k2,0.08200000000000002,0.75,0.75,0.8425,0.030250000000000003,0.3025,0.11249999999999993,0.0,0.030250000000000003
0,0.5,0,blind_vote:A:k2,0.027999999999999997,0.85,0.85,0.7300000000000001,0.0009999999999999996,0.009999999999999995,0.0,0.0,0.0009999999999999996
0,0.5,0,echo_gate:A:k2,0.06175,0.9075,1.75,0.8425,0.030250000000000003,0.3025,0.11249999999999993,0.15749999999999997,0.030250000000000003
0,0.5,0,blind_gate:A:k2,0.054999999999999986,1.1199999999999999,1.85,0.7300000000000001,0.0009999999999999996,0.009999999999999995,0.0,0.2699999999999999,0.0009999999999999996
0,0.5,0,audit_gate:A:k2,0.09631250000000001,1.118125,1.75,0.8425,0.030250000000000003,0.3025,0.11249999999999993,0.36812500000000004,0.022687500000000003
0,0.5,0,serial_last:A:k2,0.1,0.75,0.75,0.8425,0.030250000000000003,0.3025,0.11249999999999993,0.0,0.030250000000000003
0,0.5,0,exposed_vote:A:k3,0.07749999999999999,1.0,1.0,0.7882750000000001,0.0166375,0.166375,0.13207499999999994,0.0,0.0166375
0,0.5,0,blind_vote:A:k3,0.02799999999999999,1.15,1.15,0.6562000000000001,9.999999999999994e-05,0.0009999999999999994,0.0,0.0,9.999999999999994e-05
0,0.5,0,echo_gate:A:k3,0.05898249999999999,1.211725,2.0,0.7882750000000001,0.0166375,0.166375,0.13207499999999994,0.21172499999999994,0.0166375
0,0.5,0,blind_gate:A:k3,0.06885999999999998,1.4937999999999998,2.15,0.6562000000000001,9.999999999999994e-05,0.0009999999999999994,0.0,0.3437999999999999,9.999999999999994e-05
0,0.5,0,audit_gate:A:k3,0.094236875,1.40879375,2.0,0.7882750000000001,0.0166375,0.166375,0.13207499999999994,0.40879374999999996,0.012478125
0,0.5,0,serial_last:A:k3,0.1,1.0,1.0,0.7882750000000001,0.0166375,0.166375,0.13207499999999994,0.0,0.0166375
0,0.5,0,exposed_vote:A:k4,0.07628499999999999,1.25,1.25,0.7422062500000001,0.009150624999999999,0.09150624999999998,0.15170625000000004,0.0,0.009150624999999999
0,0.5,0,blind_vote:A:k4,0.008559999999999995,1.45,1.45,0.5905,9.999999999999992e-06,9.999999999999992e-05,0.0,0.0,9.999999999999992e-06
0,0.5,0,echo_gate:A:k4,0.06070937499999998,1.5077937499999998,2.25,0.7422062500000001,0.009150624999999999,0.09150624999999998,0.15170625000000004,0.25779374999999993,0.009150624999999999
0,0.5,0,blind_gate:A:k4,0.08191,1.8595,2.45,0.5905,9.999999999999992e-06,9.999999999999992e-05,0.0,0.4095,9.999999999999992e-06
0,0.5,0,audit_gate:A:k4,0.09553203125000001,1.6933453125,2.25,0.7422062500000001,0.009150624999999999,0.09150624999999998,0.15170625000000004,0.4433453125,0.006862968749999999
0,0.5,0,serial_last:A:k4,0.1,1.25,1.25,0.7422062500000001,0.009150624999999999,0.09150624999999998,0.15170625000000004,0.0,0.009150624999999999
0,0.5,0,exposed_vote:A:k5,0.07362999999999999,1.5,1.5,0.7014356875000001,0.00503284375,0.050328437499999996,0.1699936875,0.0,0.00503284375
0,0.5,0,blind_vote:A:k5,0.008559999999999996,1.75,1.75,0.5314420000000001,9.99999999999999e-07,9.999999999999989e-06,0.0,0.0,9.99999999999999e-07
0,0.5,0,echo_gate:A:k5,0.06474570624999999,1.7985643125,2.5,0.7014356875000001,0.00503284375,0.050328437499999996,0.1699936875,0.29856431249999993,0.00503284375
0,0.5,0,blind_gate:A:k5,0.0937126,2.218558,2.75,0.5314420000000001,9.99999999999999e-07,9.999999999999989e-06,0.0,0.4685579999999999,9.99999999999999e-07
0,0.5,0,audit_gate:A:k5,0.09855927968749999,1.973923234375,2.5,0.7014356875000001,0.00503284375,0.050328437499999996,0.1699936875,0.47392323437499995,0.0037746328125
0,0.5,0,serial_last:A:k5,0.1,1.5,1.5,0.7014356875000001,0.00503284375,0.050328437499999996,0.1699936875,0.0,0.00503284375
0,0.5,0,exposed_vote:A:k6,0.074551375,1.75,1.75,0.6643507656250001,0.0027680640624999997,0.027680640624999996,0.18605376562499998,0.0,0.0027680640624999997
0,0.5,0,blind_vote:A:k6,0.0027279999999999982,2.05,2.05,0.4782970000000001,9.999999999999988e-08,9.999999999999987e-07,0.0,0.0,9.999999999999988e-08
0,0.5,0,echo_gate:A:k6,0.0698979109375,2.085649234375,2.75,0.6643507656250001,0.0027680640624999997,0.027680640624999996,0.18605376562499998,0.33564923437499994,0.0027680640624999997
0,0.5,0,blind_gate:A:k6,0.1043407,2.571703,3.05,0.4782970000000001,9.999999999999988e-08,9.999999999999987e-07,0.0,0.5217029999999999,9.999999999999988e-08
0,0.5,0,audit_gate:A:k6,0.102423433203125,2.25173692578125,2.75,0.6643507656250001,0.0027680640624999997,0.027680640624999996,0.18605376562499998,0.50173692578125,0.002076048046875
0,0.5,0,serial_last:A:k6,0.1,1.75,1.75,0.6643507656250001,0.0027680640624999997,0.027680640624999996,0.18605376562499998,0.0,0.0027680640624999997
0,0.5,0,exposed_vote:A:k7,0.07285782812500002,2.0,2.0,0.63002600171875,0.0015224352343749998,0.015224352343749997,0.1995587817187499,0.0,0.0015224352343749998
0,0.5,0,blind_vote:A:k7,0.0027279999999999982,2.35,2.35,0.4304672200000001,9.999999999999985e-09,9.999999999999985e-08,0.0,0.0,9.999999999999985e-09
0,0.5,0,echo_gate:A:k7,0.07551723489062499,2.36997399828125,3.0,0.63002600171875,0.0015224352343749998,0.015224352343749997,0.1995587817187499,0.36997399828125,0.0015224352343749998
0,0.5,0,blind_gate:A:k7,0.11390656599999997,2.91953278,3.35,0.4304672200000001,9.999999999999985e-09,9.999999999999985e-08,0.0,0.5695327799999998,9.999999999999985e-09
0,0.5,0,audit_gate:A:k7,0.10663792616796876,2.5274804987109376,3.0,0.63002600171875,0.0015224352343749998,0.015224352343749997,0.1995587817187499,0.5274804987109375,0.00114182642578125
0,0.5,0,serial_last:A:k7,0.1,2.0,2.0,0.63002600171875,0.0015224352343749998,0.015224352343749997,0.1995587817187499,0.0,0.0015224352343749998
0,0.5,0.5,alone:H:k0,0.2,1.0,1.0,1.0,0.2,1.0,0.0,0.0,0.2
0,0.5,0.5,alone:A:k0,0.1,0.25,0.25,1.0,0.1,1.0,0.0,0.0,0.1
0,0.5,0.5,exposed_vote:H:k1,0.15000000000000002,1.25,1.25,0.7400000000000001,0.02,0.09999999999999999,0.0,0.0,0.02
0,0.5,0.5,blind_vote:H:k1,0.15000000000000002,1.3,1.3,0.7400000000000001,0.02,0.09999999999999999,0.0,0.0,0.02
0,0.5,0.5,echo_gate:H:k1,0.07199999999999998,1.5099999999999998,2.25,0.7400000000000001,0.02,0.09999999999999999,0.0,0.2599999999999999,0.02
0,0.5,0.5,blind_gate:H:k1,0.07199999999999998,1.56,2.3,0.7400000000000001,0.02,0.09999999999999999,0.0,0.2599999999999999,0.02
0,0.5,0.5,audit_gate:H:k1,0.104,1.6949999999999998,2.25,0.7400000000000001,0.02,0.09999999999999999,0.0,0.44499999999999995,0.015
0,0.5,0.5,serial_last:H:k1,0.1,1.25,1.25,0.7400000000000001,0.02,0.09999999999999999,0.0,0.0,0.02
0,0.5,0.5,exposed_vote:H:k2,0.07300000000000001,1.5,1.5,0.6950000000000001,0.011000000000000001,0.055,0.0,0.0,0.011000000000000001
0,0.5,0.5,blind_vote:H:k2,0.07300000000000001,1.6,1.6,0.6950000000000001,0.011000000000000001,0.055,0.0,0.0,0.011000000000000001
0,0.5,0.5,echo_gate:H:k2,0.072,1.805,2.5,0.6950000000000001,0.011000000000000001,0.055,0.0,0.30499999999999994,0.011000000000000001
0,0.5,0.5,blind_gate:H:k2,0.072,1.905,2.6,0.6950000000000001,0.011000000000000001,0.055,0.0,0.30499999999999994,0.011000000000000001
0,0.5,0.5,audit_gate:H:k2,0.10400000000000001,1.97875,2.5,0.6950000000000001,0.011000000000000001,0.055,0.0,0.47875,0.00825
0,0.5,0.5,serial_last:H:k2,0.1,1.5,1.5,0.7175,0.0155,0.0775,0.022499999999999964,0.0,0.0155
0,0.5,0.5,exposed_vote:H:k3,0.07075000000000001,1.75,1.75,0.6617000000000001,0.010100000000000001,0.0505,0.0,0.0,0.010100000000000001
0,0.5,0.5,blind_vote:H:k3,0.07075000000000001,1.9,1.9,0.6617000000000001,0.010100000000000001,0.0505,0.0,0.0,0.010100000000000001
0,0.5,0.5,echo_gate:H:k3,0.07775999999999998,2.0883,2.75,0.6617000000000001,0.010100000000000001,0.0505,0.0,0.33829999999999993,0.010100000000000001
0,0.5,0.5,blind_gate:H:k3,0.07775999999999998,2.2382999999999997,2.9,0.6617000000000001,0.010100000000000001,0.0505,0.0,0.33829999999999993,0.010100000000000001
0,0.5,0.5,audit_gate:H:k3,0.10832,2.253725,2.75,0.6617000000000001,0.010100000000000001,0.0505,0.0,0.503725,0.007575000000000001
0,0.5,0.5,serial_last:H:k3,0.1,1.75,1.75,0.697925,0.013025000000000002,0.065125,0.03622499999999995,0.0,0.013025000000000002
0,0.5,0.5,exposed_vote:H:k4,0.05671,2.0,2.0,0.6324500000000001,0.010010000000000002,0.050050000000000004,0.0,0.0,0.010010000000000002
0,0.5,0.5,blind_vote:H:k4,0.05671,2.2,2.2,0.6324500000000001,0.010010000000000002,0.050050000000000004,0.0,0.0,0.010010000000000002
0,0.5,0.5,echo_gate:H:k4,0.08352,2.36755,3.0,0.6324500000000001,0.010010000000000002,0.050050000000000004,0.0,0.36754999999999993,0.010010000000000002
0,0.5,0.5,blind_gate:H:k4,0.08352,2.56755,3.2,0.6324500000000001,0.010010000000000002,0.050050000000000004,0.0,0.36754999999999993,0.010010000000000002
0,0.5,0.5,audit_gate:H:k4,0.11263999999999999,2.5256625,3.0,0.6324500000000001,0.010010000000000002,0.050050000000000004,0.0,0.5256624999999999,0.007507500000000001
0,0.5,0.5,serial_last:H:k4,0.1,2.0,2.0,0.6803187500000001,0.011663750000000002,0.05831875000000001,0.047868750000000015,0.0,0.011663750000000002
0,0.5,0.5,exposed_vote:H:k5,0.056305,2.25,2.25,0.6061970000000001,0.010001000000000001,0.050005,0.0,0.0,0.010001000000000001
0,0.5,0.5,blind_vote:H:k5,0.056305,2.5,2.5,0.6061970000000001,0.010001000000000001,0.050005,0.0,0.0,0.010001000000000001
0,0.5,0.5,echo_gate:H:k5,0.08876159999999998,2.643803,3.25,0.6061970000000001,0.010001000000000001,0.050005,0.0,0.3938029999999999,0.010001000000000001
0,0.5,0.5,blind_gate:H:k5,0.08876159999999998,2.893803,3.5,0.6061970000000001,0.010001000000000001,0.050005,0.0,0.3938029999999999,0.010001000000000001
0,0.5,0.5,audit_gate:H:k5,0.11657119999999999,2.7953522499999996,3.25,0.6061970000000001,0.010001000000000001,0.050005,0.0,0.5453522499999999,0.0075007500000000005
0,0.5,0.5,serial_last:H:k5,0.1,2.25,2.25,0.6641373125000001,0.010915062500000003,0.054575312500000014,0.05794031249999998,0.0,0.010915062500000003
0,0.5,0.5,exposed_vote:H:k6,0.052093,2.5,2.5,0.5825764999999999,0.010000100000000001,0.0500005,0.0,0.0,0.010000100000000001
0,0.5,0.5,blind_vote:H:k6,0.052093,2.8,2.8,0.5825764999999999,0.010000100000000001,0.0500005,0.0,0.0,0.010000100000000001
0,0.5,0.5,echo_gate:H:k6,0.09348480000000002,2.9174235,3.5,0.5825764999999999,0.010000100000000001,0.0500005,0.0,0.41742350000000006,0.010000100000000001
0,0.5,0.5,blind_gate:H:k6,0.09348480000000002,3.2174234999999998,3.8,0.5825764999999999,0.010000100000000001,0.0500005,0.0,0.41742350000000006,0.010000100000000001
0,0.5,0.5,audit_gate:H:k6,0.12011360000000001,3.063067625,3.5,0.5825764999999999,0.010000100000000001,0.0500005,0.0,0.5630676250000001,0.007500075000000001
0,0.5,0.5,serial_last:H:k6,0.1,2.5,2.5,0.649064421875,0.010503284375,0.052516421875,0.06648792187500008,0.0,0.010503284375
0,0.5,0.5,exposed_vote:H:k7,0.052001875,2.75,2.75,0.56131877,0.010000010000000002,0.050000050000000004,0.0,0.0,0.010000010000000002
0,0.5,0.5,blind_vote:H:k7,0.052001875,3.1,3.1,0.56131877,0.010000010000000002,0.050000050000000004,0.0,0.0,0.010000010000000002
0,0.5,0.5,echo_gate:H:k7,0.09773625600000002,3.1886812300000003,3.75,0.56131877,0.010000010000000002,0.050000050000000004,0.0,0.43868123000000003,0.010000010000000002
0,0.5,0.5,blind_gate:H:k7,0.09773625600000002,3.53868123,4.1,0.56131877,0.010000010000000002,0.050000050000000004,0.0,0.43868123000000003,0.010000010000000002
0,0.5,0.5,audit_gate:H:k7,0.123302192,3.3290109225,3.75,0.56131877,0.010000010000000002,0.050000050000000004,0.0,0.5790109225,0.007500007500000001
0,0.5,0.5,serial_last:H:k7,0.1,2.75,2.75,0.63490988703125,0.010276806406250002,0.051384032031250006,0.07359111703124999,0.0,0.010276806406250002
0,0.5,0.5,exposed_vote:A:k1,0.1,0.5,0.5,0.955,0.0775,0.7749999999999999,0.04499999999999993,0.0,0.0775
0,0.5,0.5,blind_vote:A:k1,0.09999999999999999,0.55,0.55,0.91,0.055,0.5499999999999999,0.0,0.0,0.055
0,0.5,0.5,echo_gate:A:k1,0.08650000000000001,0.545,1.5,0.955,0.0775,0.7749999999999999,0.04499999999999993,0.04500000000000004,0.0775
0,0.5,0.5,blind_gate:A:k1,0.073,0.64,1.55,0.91,0.055,0.5499999999999999,0.0,0.08999999999999997,0.055
0,0.5,0.5,audit_gate:A:k1,0.114875,0.7837500000000001,1.5,0.955,0.0775,0.7749999999999999,0.04499999999999993,0.28375000000000006,0.058124999999999996
0,0.5,0.5,serial_last:A:k1,0.1,0.5,0.5,0.955,0.0775,0.7749999999999999,0.04499999999999993,0.0,0.0775
0,0.5,0.5,exposed_vote:A:k2,0.09100000000000001,0.75,0.75,0.92125,0.065125,0.65125,0.05625000000000002,0.0,0.065125
0,0.5,0.5,blind_vote:A:k2,0.064,0.85,0.85,0.865,0.0505,0.505,0.0,0.0,0.0505
0,0.5,0.5,echo_gate:A:k2,0.080875,0.82875,1.75,0.92125,0.065125,0.65125,0.05625000000000002,0.07874999999999999,0.065125
0,0.5,0.5,blind_gate:A:k2,0.07750000000000001,0.985,1.85,0.865,0.0505,0.505,0.0,0.135,0.0505
0,0.5,0.5,audit_gate:A:k2,0.11065625000000001,1.0590625,1.75,0.92125,0.065125,0.65125,0.05625000000000002,0.3090625,0.048843750000000005
0,0.5,0.5,serial_last:A:k2,0.1,0.75,0.75,0.92125,0.065125,0.65125,0.05625000000000002,0.0,0.065125
0,0.5,0.5,exposed_vote:A:k3,0.08874999999999998,1.0,1.0,0.8941375000000001,0.05831875,0.5831875,0.06603749999999997,0.0,0.05831875
0,0.5,0.5,blind_vote:A:k3,0.064,1.15,1.15,0.8281000000000002,0.050050000000000004,0.5005000000000001,0.0,0.0,0.050050000000000004
0,0.5,0.5,echo_gate:A:k3,0.07949124999999997,1.1058624999999997,2.0,0.8941375000000001,0.05831875,0.5831875,0.06603749999999997,0.10586249999999986,0.05831875
0,0.5,0.5,blind_gate:A:k3,0.08442999999999998,1.3218999999999999,2.15,0.8281000000000002,0.050050000000000004,0.5005000000000001,0.0,0.17189999999999983,0.050050000000000004
0,0.5,0.5,audit_gate:A:k3,0.1096184375,1.329396875,2.0,0.8941375000000001,0.05831875,0.5831875,0.06603749999999997,0.3293968749999999,0.0437390625
0,0.5,0.5,serial_last:A:k3,0.1,1.0,1.0,0.8941375000000001,0.05831875,0.5831875,0.06603749999999997,0.0,0.05831875
0,0.5,0.5,exposed_vote:A:k4,0.08814250000000001,1.25,1.25,0.8711031250000001,0.054575312499999994,0.545753125,0.07585312500000008,0.0,0.054575312499999994
0,0.5,0.5,blind_vote:A:k4,0.05428,1.45,1.45,0.79525,0.050005,0.50005,0.0,0.0,0.050005
0,0.5,0.5,echo_gate:A:k4,0.08035468749999998,1.378896875,2.25,0.8711031250000001,0.054575312499999994,0.545753125,0.07585312500000008,0.1288968749999999,0.054575312499999994
0,0.5,0.5,blind_gate:A:k4,0.09095500000000001,1.65475,2.45,0.79525,0.050005,0.50005,0.0,0.20475,0.050005
0,0.5,0.5,audit_gate:A:k4,0.11026601562499999,1.59667265625,2.25,0.8711031250000001,0.054575312499999994,0.545753125,0.07585312500000008,0.34667265625,0.040931484374999993
0,0.5,0.5,serial_last:A:k4,0.1,1.25,1.25,0.8711031250000001,0.054575312499999994,0.545753125,0.07585312500000008,0.0,0.054575312499999994
0,0.5,0.5,exposed_vote:A:k5,0.086815,1.5,1.5,0.8507178437499999,0.052516421875,0.52516421875,0.08499684374999994,0.0,0.052516421875
0,0.5,0.5,blind_vote:A:k5,0.05428,1.75,1.75,0.765721,0.0500005,0.500005,0.0,0.0,0.0500005
0,0.5,0.5,echo_gate:A:k5,0.082372853125,1.64928215625,2.5,0.8507178437499999,0.052516421875,0.52516421875,0.08499684374999994,0.14928215625000008,0.052516421875
0,0.5,0.5,blind_gate:A:k5,0.0968563,1.984279,2.75,0.765721,0.0500005,0.500005,0.0,0.23427900000000002,0.0500005
0,0.5,0.5,audit_gate:A:k5,0.11177963984375001,1.8619616171875002,2.5,0.8507178437499999,0.052516421875,0.52516421875,0.08499684374999994,0.3619616171875001,0.03938731640625
0,0.5,0.5,serial_last:A:k5,0.1,1.5,1.5,0.8507178437499999,0.052516421875,0.52516421875,0.08499684374999994,0.0,0.052516421875
0,0.5,0.5,exposed_vote:A:k6,0.08727568749999999,1.75,1.75,0.8321753828125,0.05138403203125,0.5138403203124999,0.09302688281250004,0.0,0.05138403203125
0,0.5,0.5,blind_vote:A:k6,0.051364,2.05,2.05,0.7391485,0.050000050000000004,0.5000005,0.0,0.0,0.050000050000000004
0,0.5,0.5,echo_gate:A:k6,0.08494895546875,1.9178246171875,2.75,0.8321753828125,0.05138403203125,0.5138403203124999,0.09302688281250004,0.16782461718749997,0.05138403203125
0,0.5,0.5,blind_gate:A:k6,0.10217035000000001,2.3108515,3.05,0.7391485,0.050000050000000004,0.5000005,0.0,0.2608515,0.050000050000000004
0,0.5,0.5,audit_gate:A:k6,0.11371171660156251,2.125868462890625,2.75,0.8321753828125,0.05138403203125,0.5138403203124999,0.09302688281250004,0.37586846289062503,0.0385380240234375
0,0.5,0.5,serial_last:A:k6,0.1,1.75,1.75,0.8321753828125,0.05138403203125,0.5138403203124999,0.09302688281250004,0.0,0.05138403203125
0,0.5,0.5,exposed_vote:A:k7,0.08642891406249996,2.0,2.0,0.815013000859375,0.0507612176171875,0.5076121761718749,0.09977939085937493,0.0,0.0507612176171875
0,0.5,0.5,blind_vote:A:k7,0.05136399999999999,2.35,2.35,0.7152336100000001,0.050000005,0.5000000499999999,0.0,0.0,0.050000005
0,0.5,0.5,echo_gate:A:k7,0.08775861744531249,2.1849869991406248,3.0,0.815013000859375,0.0507612176171875,0.5076121761718749,0.09977939085937493,0.184986999140625,0.0507612176171875
0,0.5,0.5,blind_gate:A:k7,0.10695328299999998,2.6347663900000002,3.35,0.7152336100000001,0.050000005,0.5000000499999999,0.0,0.2847663899999999,0.050000005
0,0.5,0.5,audit_gate:A:k7,0.1158189630839844,2.388740249355469,3.0,0.815013000859375,0.0507612176171875,0.5076121761718749,0.09977939085937493,0.3887402493554688,0.03807091321289063
0,0.5,0.5,serial_last:A:k7,0.1,2.0,2.0,0.815013000859375,0.0507612176171875,0.5076121761718749,0.09977939085937493,0.0,0.0507612176171875
0,0.5,0.9,alone:H:k0,0.2,1.0,1.0,1.0,0.2,1.0,0.0,0.0,0.2
0,0.5,0.9,alone:A:k0,0.1,0.25,0.25,1.0,0.1,1.0,0.0,0.0,0.1
0,0.5,0.9,exposed_vote:H:k1,0.15000000000000002,1.25,1.25,0.7400000000000001,0.020000000000000004,0.10000000000000002,0.0,0.0,0.020000000000000004
0,0.5,0.9,blind_vote:H:k1,0.15000000000000002,1.3,1.3,0.7400000000000001,0.020000000000000004,0.10000000000000002,0.0,0.0,0.020000000000000004
0,0.5,0.9,echo_gate:H:k1,0.07199999999999998,1.5099999999999998,2.25,0.7400000000000001,0.020000000000000004,0.10000000000000002,0.0,0.2599999999999999,0.020000000000000004
0,0.5,0.9,blind_gate:H:k1,0.07199999999999998,1.56,2.3,0.7400000000000001,0.020000000000000004,0.10000000000000002,0.0,0.2599999999999999,0.020000000000000004
0,0.5,0.9,audit_gate:H:k1,0.104,1.6949999999999998,2.25,0.7400000000000001,0.020000000000000004,0.10000000000000002,0.0,0.44499999999999995,0.015000000000000003
0,0.5,0.9,serial_last:H:k1,0.1,1.25,1.25,0.7400000000000001,0.020000000000000004,0.10000000000000002,0.0,0.0,0.020000000000000004
0,0.5,0.9,exposed_vote:H:k2,0.09460000000000002,1.5,1.5,0.7310000000000001,0.018200000000000004,0.09100000000000001,0.0,0.0,0.018200000000000004
0,0.5,0.9,blind_vote:H:k2,0.09460000000000002,1.6,1.6,0.7310000000000001,0.018200000000000004,0.09100000000000001,0.0,0.0,0.018200000000000004
0,0.5,0.9,echo_gate:H:k2,0.072,1.769,2.5,0.7310000000000001,0.018200000000000004,0.09100000000000001,0.0,0.2689999999999999,0.018200000000000004
0,0.5,0.9,blind_gate:H:k2,0.072,1.869,2.6,0.7310000000000001,0.018200000000000004,0.09100000000000001,0.0,0.2689999999999999,0.018200000000000004
0,0.5,0.9,audit_gate:H:k2,0.10399999999999998,1.9517499999999999,2.5,0.7310000000000001,0.018200000000000004,0.09100000000000001,0.0,0.4517499999999999,0.013650000000000002
0,0.5,0.9,serial_last:H:k2,0.1,1.5,1.5,0.7355000000000002,0.019100000000000002,0.0955,0.0045000000000000595,0.0,0.019100000000000002
0,0.5,0.9,exposed_vote:H:k3,0.09415000000000001,1.75,1.75,0.7243400000000001,0.018020000000000005,0.09010000000000001,0.0,0.0,0.018020000000000005
0,0.5,0.9,blind_vote:H:k3,0.09415000000000001,1.9,1.9,0.7243400000000001,0.018020000000000005,0.09010000000000001,0.0,0.0,0.018020000000000005
0,0.5,0.9,echo_gate:H:k3,0.073152,2.02566,2.75,0.7243400000000001,0.018020000000000005,0.09010000000000001,0.0,0.2756599999999999,0.018020000000000005
0,0.5,0.9,blind_gate:H:k3,0.073152,2.1756599999999997,2.9,0.7243400000000001,0.018020000000000005,0.09010000000000001,0.0,0.2756599999999999,0.018020000000000005
0,0.5,0.9,audit_gate:H:k3,0.104864,2.2067449999999997,2.75,0.7243400000000001,0.018020000000000005,0.09010000000000001,0.0,0.45674499999999996,0.013515000000000003
0,0.5,0.9,serial_last:H:k3,0.1,1.75,1.75,0.731585,0.018605000000000003,0.09302500000000001,0.007244999999999946,0.0,0.018605000000000003
0,0.5,0.9,exposed_vote:H:k4,0.09134199999999999,2.0,2.0,0.71849,0.018002,0.09000999999999999,0.0,0.0,0.018002
0,0.5,0.9,blind_vote:H:k4,0.09134199999999999,2.2,2.2,0.71849,0.018002,0.09000999999999999,0.0,0.0,0.018002
0,0.5,0.9,echo_gate:H:k4,0.07430400000000001,2.28151,3.0,0.71849,0.018002,0.09000999999999999,0.0,0.28151000000000004,0.018002
0,0.5,0.9,blind_gate:H:k4,0.07430400000000001,2.48151,3.2,0.71849,0.018002,0.09000999999999999,0.0,0.28151000000000004,0.018002
0,0.5,0.9,audit_gate:H:k4,0.10572800000000002,2.4611325,3.0,0.71849,0.018002,0.09000999999999999,0.0,0.46113250000000006,0.0135015
0,0.5,0.9,serial_last:H:k4,0.1,2.0,2.0,0.72806375,0.01833275,0.09166374999999999,0.009573750000000047,0.0,0.01833275
0,0.5,0.9,exposed_vote:H:k5,0.09126100000000002,2.25,2.25,0.7132394000000001,0.018000200000000004,0.09000100000000001,0.0,0.0,0.018000200000000004
0,0.5,0.9,blind_vote:H:k5,0.09126100000000002,2.5,2.5,0.7132394000000001,0.018000200000000004,0.09000100000000001,0.0,0.0,0.018000200000000004
0,0.5,0.9,echo_gate:H:k5,0.07535231999999999,2.5367606,3.25,0.7132394000000001,0.018000200000000004,0.09000100000000001,0.0,0.2867605999999999,0.018000200000000004
0,0.5,0.9,blind_gate:H:k5,0.07535231999999999,2.7867606,3.5,0.7132394000000001,0.018000200000000004,0.09000100000000001,0.0,0.2867605999999999,0.018000200000000004
0,0.5,0.9,audit_gate:H:k5,0.10651424,2.71507045,3.25,0.7132394000000001,0.018000200000000004,0.09000100000000001,0.0,0.4650704499999999,0.013500150000000002
0,0.5,0.9,serial_last:H:k5,0.1,2.25,2.25,0.7248274625000001,0.018183012500000005,0.09091506250000002,0.011588062499999996,0.0,0.018183012500000005
0,0.5,0.9,exposed_vote:H:k6,0.09041860000000002,2.5,2.5,0.7085153000000001,0.018000020000000002,0.0900001,0.0,0.0,0.018000020000000002
0,0.5,0.9,blind_vote:H:k6,0.09041860000000002,2.8,2.8,0.7085153000000001,0.018000020000000002,0.0900001,0.0,0.0,0.018000020000000002
0,0.5,0.9,echo_gate:H:k6,0.07629696,2.7914847,3.5,0.7085153000000001,0.018000020000000002,0.0900001,0.0,0.29148469999999993,0.018000020000000002
0,0.5,0.9,blind_gate:H:k6,0.07629696,3.0914846999999996,3.8,0.7085153000000001,0.018000020000000002,0.0900001,0.0,0.29148469999999993,0.018000020000000002
0,0.5,0.9,audit_gate:H:k6,0.10722272000000001,2.968613525,3.5,0.7085153000000001,0.018000020000000002,0.0900001,0.0,0.468613525,0.013500015
0,0.5,0.9,serial_last:H:k6,0.1,2.5,2.5,0.721812884375,0.018100656875,0.09050328437499999,0.013297584374999949,0.0,0.018100656875
0,0.5,0.9,exposed_vote:H:k7,0.090400375,2.75,2.75,0.7042637540000001,0.018000002,0.09000001,0.0,0.0,0.018000002
0,0.5,0.9,blind_vote:H:k7,0.090400375,3.1,3.1,0.7042637540000001,0.018000002,0.09000001,0.0,0.0,0.018000002
0,0.5,0.9,echo_gate:H:k7,0.07714725119999999,3.0457362459999997,3.75,0.7042637540000001,0.018000002,0.09000001,0.0,0.2957362459999999,0.018000002
0,0.5,0.9,blind_gate:H:k7,0.07714725119999999,3.3957362460000002,4.1,0.7042637540000001,0.018000002,0.09000001,0.0,0.2957362459999999,0.018000002
0,0.5,0.9,audit_gate:H:k7,0.10786043840000001,3.2218021845,3.75,0.7042637540000001,0.018000002,0.09000001,0.0,0.4718021845,0.0135000015
0,0.5,0.9,serial_last:H:k7,0.1,2.75,2.75,0.7189819774062501,0.018055361281249998,0.09027680640624998,0.014718223406250064,0.0,0.018055361281249998
0,0.5,0.9,exposed_vote:A:k1,0.10000000000000002,0.5,0.5,0.991,0.09550000000000002,0.9550000000000001,0.009000000000000008,0.0,0.09550000000000002
0,0.5,0.9,blind_vote:A:k1,0.10000000000000002,0.55,0.55,0.982,0.09100000000000001,0.91,0.0,0.0,0.09100000000000001
0,0.5,0.9,echo_gate:A:k1,0.09730000000000001,0.509,1.5,0.991,0.09550000000000002,0.9550000000000001,0.009000000000000008,0.009000000000000008,0.09550000000000002
0,0.5,0.9,blind_gate:A:k1,0.09460000000000002,0.5680000000000001,1.55,0.982,0.09100000000000001,0.91,0.0,0.018000000000000016,0.09100000000000001
0,0.5,0.9,audit_gate:A:k1,0.12297500000000001,0.75675,1.5,0.991,0.09550000000000002,0.9550000000000001,0.009000000000000008,0.25675000000000003,0.07162500000000001
0,0.5,0.9,serial_last:A:k1,0.1,0.5,0.5,0.991,0.09550000000000002,0.9550000000000001,0.009000000000000008,0.0,0.09550000000000002
0,0.5,0.9,exposed_vote:A:k2,0.09820000000000001,0.75,0.75,0.9842500000000001,0.09302500000000001,0.93025,0.011249999999999982,0.0,0.09302500000000001
0,0.5,0.9,blind_vote:A:k2,0.09280000000000001,0.85,0.85,0.9730000000000001,0.09010000000000001,0.9010000000000001,0.0,0.0,0.09010000000000001
0,0.5,0.9,echo_gate:A:k2,0.096175,0.7657499999999999,1.75,0.9842500000000001,0.09302500000000001,0.93025,0.011249999999999982,0.01574999999999993,0.09302500000000001
0,0.5,0.9,blind_gate:A:k2,0.0955,0.8769999999999999,1.85,0.9730000000000001,0.09010000000000001,0.9010000000000001,0.0,0.026999999999999913,0.09010000000000001
0,0.5,0.9,audit_gate:A:k2,0.12213125000000001,1.0118125,1.75,0.9842500000000001,0.09302500000000001,0.93025,0.011249999999999982,0.2618125,0.06976875
0,0.5,0.9,serial_last:A:k2,0.1,0.75,0.75,0.9842500000000001,0.09302500000000001,0.93025,0.011249999999999982,0.0,0.09302500000000001
0,0.5,0.9,exposed_vote:A:k3,0.09775,1.0,1.0,0.9788275,0.09166375,0.9166375,0.013207499999999928,0.0,0.09166375
0,0.5,0.9,blind_vote:A:k3,0.09280000000000001,1.15,1.15,0.96562,0.09001,0.9001,0.0,0.0,0.09001
0,0.5,0.9,echo_gate:A:k3,0.09589825,1.0211725,2.0,0.9788275,0.09166375,0.9166375,0.013207499999999928,0.02117250000000004,0.09166375
0,0.5,0.9,blind_gate:A:k3,0.096886,1.18438,2.15,0.96562,0.09001,0.9001,0.0,0.034379999999999966,0.09001
0,0.5,0.9,audit_gate:A:k3,0.12192368750000002,1.265879375,2.0,0.9788275,0.09166375,0.9166375,0.013207499999999928,0.26587937500000003,0.0687478125
0,0.5,0.9,serial_last:A:k3,0.1,1.0,1.0,0.9788275,0.09166375,0.9166375,0.013207499999999928,0.0,0.09166375
0,0.5,0.9,exposed_vote:A:k4,0.0976285,1.25,1.25,0.9742206250000001,0.09091506250000002,0.9091506250000001,0.015170624999999993,0.0,0.09091506250000002
0,0.5,0.9,blind_vote:A:k4,0.090856,1.45,1.45,0.9590500000000001,0.09000100000000001,0.9000100000000001,0.0,0.0,0.09000100000000001
0,0.5,0.9,echo_gate:A:k4,0.09607093750000001,1.275779375,2.25,0.9742206250000001,0.09091506250000002,0.9091506250000001,0.015170624999999993,0.025779374999999938,0.09091506250000002
0,0.5,0.9,blind_gate:A:k4,0.098191,1.4909499999999998,2.45,0.9590500000000001,0.09000100000000001,0.9000100000000001,0.0,0.04094999999999993,0.09000100000000001
0,0.5,0.9,audit_gate:A:k4,0.12205320312500001,1.51933453125,2.25,0.9742206250000001,0.09091506250000002,0.9091506250000001,0.015170624999999993,0.26933453124999995,0.06818629687500001
0,0.5,0.9,serial_last:A:k4,0.1,1.25,1.25,0.9742206250000001,0.09091506250000002,0.9091506250000001,0.015170624999999993,0.0,0.09091506250000002
0,0.5,0.9,exposed_vote:A:k5,0.09736300000000002,1.5,1.5,0.9701435687500001,0.090503284375,0.90503284375,0.016999368749999966,0.0,0.090503284375
0,0.5,0.9,blind_vote:A:k5,0.09085600000000002,1.75,1.75,0.9531442000000001,0.09000010000000001,0.900001,0.0,0.0,0.09000010000000001
0,0.5,0.9,echo_gate:A:k5,0.09647457062499999,1.5298564312499998,2.5,0.9701435687500001,0.090503284375,0.90503284375,0.016999368749999966,0.029856431249999926,0.090503284375
0,0.5,0.9,blind_gate:A:k5,0.09937125999999999,1.7968558,2.75,0.9531442000000001,0.09000010000000001,0.900001,0.0,0.04685579999999989,0.09000010000000001
0,0.5,0.9,audit_gate:A:k5,0.12235592796875,1.7723923234374999,2.5,0.9701435687500001,0.090503284375,0.90503284375,0.016999368749999966,0.2723923234375,0.06787746328125001
0,0.5,0.9,serial_last:A:k5,0.1,1.5,1.5,0.9701435687500001,0.090503284375,0.90503284375,0.016999368749999966,0.0,0.090503284375
0,0.5,0.9,exposed_vote:A:k6,0.09745513750000002,1.75,1.75,0.9664350765625,0.09027680640625001,0.9027680640625,0.018605376562499942,0.0,0.09027680640625001
0,0.5,0.9,blind_vote:A:k6,0.09027279999999999,2.05,2.05,0.9478297000000001,0.09000001,0.9000001,0.0,0.0,0.09000001
0,0.5,0.9,echo_gate:A:k6,0.09698979109375,1.7835649234375,2.75,0.9664350765625,0.09027680640625001,0.9027680640625,0.018605376562499942,0.03356492343749995,0.09027680640625001
0,0.5,0.9,blind_gate:A:k6,0.10043406999999999,2.1021702999999996,3.05,0.9478297000000001,0.09000001,0.9000001,0.0,0.05217029999999989,0.09000001
0,0.5,0.9,audit_gate:A:k6,0.1227423433203125,2.025173692578125,2.75,0.9664350765625,0.09027680640625001,0.9027680640625,0.018605376562499942,0.27517369257812496,0.0677076048046875
0,0.5,0.9,serial_last:A:k6,0.1,1.75,1.75,0.9664350765625,0.09027680640625001,0.9027680640625,0.018605376562499942,0.0,0.09027680640625001
0,0.5,0.9,exposed_vote:A:k7,0.09728578281250003,2.0,2.0,0.963002600171875,0.09015224352343751,0.901522435234375,0.01995587817187494,0.0,0.09015224352343751
0,0.5,0.9,blind_vote:A:k7,0.09027280000000003,2.35,2.35,0.9430467220000001,0.09000000100000001,0.9000000100000001,0.0,0.0,0.09000000100000001
0,0.5,0.9,echo_gate:A:k7,0.0975517234890625,2.0369973998281248,3.0,0.963002600171875,0.09015224352343751,0.901522435234375,0.01995587817187494,0.036997399828125,0.09015224352343751
0,0.5,0.9,blind_gate:A:k7,0.1013906566,2.406953278,3.35,0.9430467220000001,0.09000000100000001,0.9000000100000001,0.0,0.05695327799999994,0.09000000100000001
0,0.5,0.9,audit_gate:A:k7,0.12316379261679689,2.277748049871094,3.0,0.963002600171875,0.09015224352343751,0.901522435234375,0.01995587817187494,0.2777480498710938,0.06761418264257812
0,0.5,0.9,serial_last:A:k7,0.1,2.0,2.0,0.963002600171875,0.09015224352343751,0.901522435234375,0.01995587817187494,0.0,0.09015224352343751
0,0.8,0,alone:H:k0,0.2,1.0,1.0,1.0,0.2,1.0,0.0,0.0,0.2
0,0.8,0,alone:A:k0,0.1,0.25,0.25,1.0,0.1,1.0,0.0,0.0,0.1
0,0.8,0,exposed_vote:H:k1,0.15000000000000002,1.25,1.25,0.7400000000000001,0.019999999999999997,0.09999999999999998,0.0,0.0,0.019999999999999997
0,0.8,0,blind_vote:H:k1,0.15000000000000002,1.3,1.3,0.7400000000000001,0.019999999999999997,0.09999999999999998,0.0,0.0,0.019999999999999997
0,0.8,0,echo_gate:H:k1,0.07199999999999998,1.5099999999999998,2.25,0.7400000000000001,0.019999999999999997,0.09999999999999998,0.0,0.2599999999999999,0.019999999999999997
0,0.8,0,blind_gate:H:k1,0.07199999999999998,1.56,2.3,0.7400000000000001,0.019999999999999997,0.09999999999999998,0.0,0.2599999999999999,0.019999999999999997
0,0.8,0,audit_gate:H:k1,0.104,1.6949999999999998,2.25,0.7400000000000001,0.019999999999999997,0.09999999999999998,0.0,0.44499999999999995,0.014999999999999998
0,0.8,0,serial_last:H:k1,0.1,1.25,1.25,0.7400000000000001,0.019999999999999997,0.09999999999999998,0.0,0.0,0.019999999999999997
0,0.8,0,exposed_vote:H:k2,0.046,1.5,1.5,0.6500000000000001,0.001999999999999999,0.009999999999999995,0.0,0.0,0.001999999999999999
0,0.8,0,blind_vote:H:k2,0.046,1.6,1.6,0.6500000000000001,0.001999999999999999,0.009999999999999995,0.0,0.0,0.001999999999999999
0,0.8,0,echo_gate:H:k2,0.07199999999999998,1.8499999999999999,2.5,0.6500000000000001,0.001999999999999999,0.009999999999999995,0.0,0.34999999999999987,0.001999999999999999
0,0.8,0,blind_gate:H:k2,0.07199999999999998,1.95,2.6,0.6500000000000001,0.001999999999999999,0.009999999999999995,0.0,0.34999999999999987,0.001999999999999999
0,0.8,0,audit_gate:H:k2,0.104,2.0125,2.5,0.6500000000000001,0.001999999999999999,0.009999999999999995,0.0,0.5125,0.0014999999999999994
0,0.8,0,serial_last:H:k2,0.1,1.5,1.5,0.7220000000000001,0.016399999999999998,0.08199999999999999,0.07199999999999995,0.0,0.016399999999999998
0,0.8,0,exposed_vote:H:k3,0.041499999999999995,1.75,1.75,0.5834,0.00019999999999999987,0.0009999999999999994,0.0,0.0,0.00019999999999999987
0,0.8,0,blind_vote:H:k3,0.041499999999999995,1.9,1.9,0.5834,0.00019999999999999987,0.0009999999999999994,0.0,0.0,0.00019999999999999987
0,0.8,0,echo_gate:H:k3,0.08352000000000001,2.1666,2.75,0.5834,0.00019999999999999987,0.0009999999999999994,0.0,0.41659999999999997,0.00019999999999999987
0,0.8,0,blind_gate:H:k3,0.08352000000000001,2.3165999999999998,2.9,0.5834,0.00019999999999999987,0.0009999999999999994,0.0,0.41659999999999997,0.00019999999999999987
0,0.8,0,audit_gate:H:k3,0.11264,2.31245,2.75,0.5834,0.00019999999999999987,0.0009999999999999994,0.0,0.56245,0.0001499999999999999
0,0.8,0,serial_last:H:k3,0.1,1.75,1.75,0.704936,0.013448000000000002,0.06724000000000001,0.12153599999999998,0.0,0.013448000000000002
0,0.8,0,exposed_vote:H:k4,0.013419999999999994,2.0,2.0,0.5249,1.9999999999999985e-05,9.999999999999992e-05,0.0,0.0,1.9999999999999985e-05
0,0.8,0,blind_vote:H:k4,0.013419999999999994,2.2,2.2,0.5249,1.9999999999999985e-05,9.999999999999992e-05,0.0,0.0,1.9999999999999985e-05
0,0.8,0,echo_gate:H:k4,0.09504,2.4751,3.0,0.5249,1.9999999999999985e-05,9.999999999999992e-05,0.0,0.47509999999999997,1.9999999999999985e-05
0,0.8,0,blind_gate:H:k4,0.09504,2.6751,3.2,0.5249,1.9999999999999985e-05,9.999999999999992e-05,0.0,0.47509999999999997,1.9999999999999985e-05
0,0.8,0,audit_gate:H:k4,0.12128000000000001,2.606325,3.0,0.5249,1.9999999999999985e-05,9.999999999999992e-05,0.0,0.606325,1.4999999999999989e-05
0,0.8,0,serial_last:H:k4,0.1,2.0,2.0,0.6886856,0.01102736,0.0551368,0.16378559999999998,0.0,0.01102736
0,0.8,0,exposed_vote:H:k5,0.012609999999999993,2.25,2.25,0.4723940000000001,1.999999999999998e-06,9.999999999999989e-06,0.0,0.0,1.999999999999998e-06
0,0.8,0,blind_vote:H:k5,0.012609999999999993,2.5,2.5,0.4723940000000001,1.999999999999998e-06,9.999999999999989e-06,0.0,0.0,1.999999999999998e-06
0,0.8,0,echo_gate:H:k5,0.10552319999999998,2.777606,3.25,0.4723940000000001,1.999999999999998e-06,9.999999999999989e-06,0.0,0.5276059999999999,1.999999999999998e-06
0,0.8,0,blind_gate:H:k5,0.10552319999999998,3.027606,3.5,0.4723940000000001,1.999999999999998e-06,9.999999999999989e-06,0.0,0.5276059999999999,1.999999999999998e-06
0,0.8,0,audit_gate:H:k5,0.12914239999999996,2.8957045,3.25,0.4723940000000001,1.999999999999998e-06,9.999999999999989e-06,0.0,0.6457044999999999,1.4999999999999983e-06
0,0.8,0,serial_last:H:k5,0.1,2.25,2.25,0.6731475104000001,0.0090424352,0.045212176,0.2007535104,0.0,0.0090424352
0,0.8,0,exposed_vote:H:k6,0.004185999999999997,2.5,2.5,0.42515300000000006,1.9999999999999975e-07,9.999999999999987e-07,0.0,0.0,1.9999999999999975e-07
0,0.8,0,blind_vote:H:k6,0.004185999999999997,2.8,2.8,0.42515300000000006,1.9999999999999975e-07,9.999999999999987e-07,0.0,0.0,1.9999999999999975e-07
0,0.8,0,echo_gate:H:k6,0.11496959999999999,3.074847,3.5,0.42515300000000006,1.9999999999999975e-07,9.999999999999987e-07,0.0,0.5748469999999999,1.9999999999999975e-07
0,0.8,0,blind_gate:H:k6,0.11496959999999999,3.374847,3.8,0.42515300000000006,1.9999999999999975e-07,9.999999999999987e-07,0.0,0.5748469999999999,1.9999999999999975e-07
0,0.8,0,audit_gate:H:k6,0.1362272,3.18113525,3.5,0.42515300000000006,1.9999999999999975e-07,9.999999999999987e-07,0.0,0.68113525,1.499999999999998e-07
0,0.8,0,serial_last:H:k6,0.1,2.5,2.5,0.65823777056,0.0074147968639999996,0.037073984319999996,0.23308477055999993,0.0,0.0074147968639999996
0,0.8,0,exposed_vote:H:k7,0.004003749999999998,2.75,2.75,0.38263754000000005,1.999999999999997e-08,9.999999999999985e-08,0.0,0.0,1.999999999999997e-08
0,0.8,0,blind_vote:H:k7,0.004003749999999998,3.1,3.1,0.38263754000000005,1.999999999999997e-08,9.999999999999985e-08,0.0,0.0,1.999999999999997e-08
0,0.8,0,echo_gate:H:k7,0.12347251199999999,3.36736246,3.75,0.38263754000000005,1.999999999999997e-08,9.999999999999985e-08,0.0,0.61736246,1.999999999999997e-08
0,0.8,0,blind_gate:H:k7,0.12347251199999999,3.71736246,4.1,0.38263754000000005,1.999999999999997e-08,9.999999999999985e-08,0.0,0.61736246,1.999999999999997e-08
0,0.8,0,audit_gate:H:k7,0.142604384,3.463021845,3.75,0.38263754000000005,1.999999999999997e-08,9.999999999999985e-08,0.0,0.713021845,1.499999999999998e-08
0,0.8,0,serial_last:H:k7,0.1,2.75,2.75,0.64388664765056,0.0060801334284799995,0.030400667142399997,0.26124910765056,0.0,0.0060801334284799995
0,0.8,0,exposed_vote:A:k1,0.09999999999999999,0.5,0.5,0.9640000000000001,0.082,0.82,0.14400000000000002,0.0,0.082
0,0.8,0,blind_vote:A:k1,0.1,0.55,0.55,0.8200000000000001,0.009999999999999998,0.09999999999999998,0.0,0.0,0.009999999999999998
0,0.8,0,echo_gate:A:k1,0.08919999999999999,0.5359999999999999,1.5,0.9640000000000001,0.082,0.82,0.14400000000000002,0.03599999999999992,0.082
0,0.8,0,blind_gate:A:k1,0.045999999999999985,0.73,1.55,0.8200000000000001,0.009999999999999998,0.09999999999999998,0.0,0.17999999999999994,0.009999999999999998
0,0.8,0,audit_gate:A:k1,0.11689999999999998,0.7769999999999999,1.5,0.9640000000000001,0.082,0.82,0.14400000000000002,0.2769999999999999,0.0615
0,0.8,0,serial_last:A:k1,0.1,0.5,0.5,0.9640000000000001,0.082,0.82,0.14400000000000002,0.0,0.082
0,0.8,0,exposed_vote:A:k2,0.09712000000000001,0.75,0.75,0.9316000000000001,0.06724000000000002,0.6724000000000002,0.2016,0.0,0.06724000000000002
0,0.8,0,blind_vote:A:k2,0.027999999999999997,0.85,0.85,0.7300000000000001,0.0009999999999999996,0.009999999999999995,0.0,0.0,0.0009999999999999996
0,0.8,0,echo_gate:A:k2,0.08092,0.8183999999999999,1.75,0.9316000000000001,0.06724000000000002,0.6724000000000002,0.2016,0.0683999999999999,0.06724000000000002
0,0.8,0,blind_gate:A:k2,0.054999999999999986,1.1199999999999999,1.85,0.7300000000000001,0.0009999999999999996,0.009999999999999995,0.0,0.2699999999999999,0.0009999999999999996
0,0.8,0,audit_gate:A:k2,0.11069,1.0513,1.75,0.9316000000000001,0.06724000000000002,0.6724000000000002,0.2016,0.3012999999999999,0.050430000000000016
0,0.8,0,serial_last:A:k2,0.1,0.75,0.75,0.9316000000000001,0.06724000000000002,0.6724000000000002,0.2016,0.0,0.06724000000000002
0,0.8,0,exposed_vote:A:k3,0.095968,1.0,1.0,0.9022096000000002,0.055136800000000014,0.5513680000000001,0.24600960000000005,0.0,0.055136800000000014
0,0.8,0,blind_vote:A:k3,0.02799999999999999,1.15,1.15,0.6562000000000001,9.999999999999994e-05,0.0009999999999999994,0.0,0.0,9.999999999999994e-05
0,0.8,0,echo_gate:A:k3,0.07469487999999998,1.0977903999999998,2.0,0.9022096000000002,0.055136800000000014,0.5513680000000001,0.24600960000000005,0.09779039999999983,0.055136800000000014
0,0.8,0,blind_gate:A:k3,0.06885999999999998,1.4937999999999998,2.15,0.6562000000000001,9.999999999999994e-05,0.0009999999999999994,0.0,0.3437999999999999,9.999999999999994e-05
0,0.8,0,audit_gate:A:k3,0.10602115999999998,1.3233427999999998,2.0,0.9022096000000002,0.055136800000000014,0.5513680000000001,0.24600960000000005,0.3233427999999998,0.04135260000000001
0,0.8,0,serial_last:A:k3,0.1,1.0,1.0,0.9022096000000002,0.055136800000000014,0.5513680000000001,0.24600960000000005,0.0,0.055136800000000014
0,0.8,0,exposed_vote:A:k4,0.09801049599999999,1.25,1.25,0.8753435200000002,0.04521217600000001,0.45212176000000004,0.2848435200000001,0.0,0.04521217600000001
0,0.8,0,blind_vote:A:k4,0.008559999999999995,1.45,1.45,0.5905,9.999999999999992e-06,9.999999999999992e-05,0.0,0.0,9.999999999999992e-06
0,0.8,0,echo_gate:A:k4,0.07014347199999998,1.3746564799999998,2.25,0.8753435200000002,0.04521217600000001,0.45212176000000004,0.2848435200000001,0.12465647999999985,0.04521217600000001
0,0.8,0,blind_gate:A:k4,0.08191,1.8595,2.45,0.5905,9.999999999999992e-06,9.999999999999992e-05,0.0,0.4095,9.999999999999992e-06
0,0.8,0,audit_gate:A:k4,0.102607604,1.59349236,2.25,0.8753435200000002,0.04521217600000001,0.45212176000000004,0.2848435200000001,0.34349235999999994,0.03390913200000001
0,0.8,0,serial_last:A:k4,0.1,1.25,1.25,0.8753435200000002,0.04521217600000001,0.45212176000000004,0.2848435200000001,0.0,0.04521217600000001
0,0.8,0,exposed_vote:A:k5,0.09762526720000002,1.5,1.5,0.85060270144,0.03707398432000001,0.3707398432000001,0.31916070143999997,0.0,0.03707398432000001
0,0.8,0,blind_vote:A:k5,0.008559999999999996,1.75,1.75,0.5314420000000001,9.99999999999999e-07,9.999999999999989e-06,0.0,0.0,9.99999999999999e-07
0,0.8,0,echo_gate:A:k5,0.066953444032,1.6493972985599998,2.5,0.85060270144,0.03707398432000001,0.3707398432000001,0.31916070143999997,0.14939729855999995,0.03707398432000001
0,0.8,0,blind_gate:A:k5,0.0937126,2.218558,2.75,0.5314420000000001,9.99999999999999e-07,9.999999999999989e-06,0.0,0.4685579999999999,9.99999999999999e-07
0,0.8,0,audit_gate:A:k5,0.100215083024,1.86204797392,2.5,0.85060270144,0.03707398432000001,0.3707398432000001,0.31916070143999997,0.36204797392,0.02780548824000001
0,0.8,0,serial_last:A:k5,0.1,1.5,1.5,0.85060270144,0.03707398432000002,0.37073984320000014,0.31916070143999997,0.0,0.03707398432000002
0,0.8,0,exposed_vote:A:k6,0.098846935552,1.75,1.75,0.8276588099200001,0.030400667142400008,0.30400667142400006,0.34936180992,0.0,0.030400667142400008
0,0.8,0,blind_vote:A:k6,0.0027279999999999982,2.05,2.05,0.4782970000000001,9.999999999999988e-08,9.999999999999987e-07,0.0,0.0,9.999999999999988e-08
0,0.8,0,echo_gate:A:k6,0.06486890515839999,1.92234119008,2.75,0.8276588099200001,0.030400667142400008,0.30400667142400006,0.34936180992,0.17234119007999993,0.030400667142400008
0,0.8,0,blind_gate:A:k6,0.1043407,2.571703,3.05,0.4782970000000001,9.999999999999988e-08,9.999999999999987e-07,0.0,0.5217029999999999,9.999999999999988e-08
0,0.8,0,audit_gate:A:k6,0.0986516788688,2.12925589256,2.75,0.8276588099200001,0.030400667142400008,0.30400667142400006,0.34936180992,0.3792558925599999,0.022800500356800008
0,0.8,0,serial_last:A:k6,0.1,1.75,1.75,0.8276588099200001,0.030400667142400008,0.30400667142400006,0.34936180992,0.0,0.030400667142400008
0,0.8,0,exposed_vote:A:k7,0.0987025733632,2.0,2.0,0.8062415269788161,0.024928547056768006,0.24928547056768005,0.37577430697881603,0.0,0.024928547056768006
0,0.8,0,blind_vote:A:k7,0.0027279999999999982,2.35,2.35,0.4304672200000001,9.999999999999985e-09,9.999999999999985e-08,0.0,0.0,9.999999999999985e-09
0,0.8,0,echo_gate:A:k7,0.06368024166100478,2.193758473021184,3.0,0.8062415269788161,0.024928547056768006,0.24928547056768005,0.37577430697881603,0.19375847302118387,0.024928547056768006
0,0.8,0,blind_gate:A:k7,0.11390656599999997,2.91953278,3.35,0.4304672200000001,9.999999999999985e-09,9.999999999999985e-08,0.0,0.5695327799999998,9.999999999999985e-09
0,0.8,0,audit_gate:A:k7,0.09776018124575359,2.395318854765888,3.0,0.8062415269788161,0.024928547056768006,0.24928547056768005,0.37577430697881603,0.3953188547658879,0.018696410292576005
0,0.8,0,serial_last:A:k7,0.1,2.0,2.0,0.8062415269788161,0.024928547056768006,0.24928547056768005,0.37577430697881603,0.0,0.024928547056768006
0,0.8,0.5,alone:H:k0,0.2,1.0,1.0,1.0,0.2,1.0,0.0,0.0,0.2
0,0.8,0.5,alone:A:k0,0.1,0.25,0.25,1.0,0.1,1.0,0.0,0.0,0.1
0,0.8,0.5,exposed_vote:H:k1,0.15000000000000002,1.25,1.25,0.7400000000000001,0.02,0.09999999999999999,0.0,0.0,0.02
0,0.8,0.5,blind_vote:H:k1,0.15000000000000002,1.3,1.3,0.7400000000000001,0.02,0.09999999999999999,0.0,0.0,0.02
0,0.8,0.5,echo_gate:H:k1,0.07199999999999998,1.5099999999999998,2.25,0.7400000000000001,0.02,0.09999999999999999,0.0,0.2599999999999999,0.02
0,0.8,0.5,blind_gate:H:k1,0.07199999999999998,1.56,2.3,0.7400000000000001,0.02,0.09999999999999999,0.0,0.2599999999999999,0.02
0,0.8,0.5,audit_gate:H:k1,0.104,1.6949999999999998,2.25,0.7400000000000001,0.02,0.09999999999999999,0.0,0.44499999999999995,0.015
0,0.8,0.5,serial_last:H:k1,0.1,1.25,1.25,0.7400000000000001,0.02,0.09999999999999999,0.0,0.0,0.02
0,0.8,0.5,exposed_vote:H:k2,0.07300000000000001,1.5,1.5,0.6950000000000001,0.011000000000000001,0.055,0.0,0.0,0.011000000000000001
0,0.8,0.5,blind_vote:H:k2,0.07300000000000001,1.6,1.6,0.6950000000000001,0.011000000000000001,0.055,0.0,0.0,0.011000000000000001
0,0.8,0.5,echo_gate:H:k2,0.072,1.805,2.5,0.6950000000000001,0.011000000000000001,0.055,0.0,0.30499999999999994,0.011000000000000001
0,0.8,0.5,blind_gate:H:k2,0.072,1.905,2.6,0.6950000000000001,0.011000000000000001,0.055,0.0,0.30499999999999994,0.011000000000000001
0,0.8,0.5,audit_gate:H:k2,0.10400000000000001,1.97875,2.5,0.6950000000000001,0.011000000000000001,0.055,0.0,0.47875,0.00825
0,0.8,0.5,serial_last:H:k2,0.1,1.5,1.5,0.7310000000000001,0.0182,0.091,0.03600000000000003,0.0,0.0182
0,0.8,0.5,exposed_vote:H:k3,0.07075000000000001,1.75,1.75,0.6617000000000001,0.010100000000000001,0.0505,0.0,0.0,0.010100000000000001
0,0.8,0.5,blind_vote:H:k3,0.07075000000000001,1.9,1.9,0.6617000000000001,0.010100000000000001,0.0505,0.0,0.0,0.010100000000000001
0,0.8,0.5,echo_gate:H:k3,0.07775999999999998,2.0883,2.75,0.6617000000000001,0.010100000000000001,0.0505,0.0,0.33829999999999993,0.010100000000000001
0,0.8,0.5,blind_gate:H:k3,0.07775999999999998,2.2382999999999997,2.9,0.6617000000000001,0.010100000000000001,0.0505,0.0,0.33829999999999993,0.010100000000000001
0,0.8,0.5,audit_gate:H:k3,0.10832,2.253725,2.75,0.6617000000000001,0.010100000000000001,0.0505,0.0,0.503725,0.007575000000000001
0,0.8,0.5,serial_last:H:k3,0.1,1.75,1.75,0.7224680000000001,0.016724000000000003,0.08362000000000001,0.060768000000000044,0.0,0.016724000000000003
0,0.8,0.5,exposed_vote:H:k4,0.05671,2.0,2.0,0.6324500000000001,0.010010000000000002,0.050050000000000004,0.0,0.0,0.010010000000000002
0,0.8,0.5,blind_vote:H:k4,0.05671,2.2,2.2,0.6324500000000001,0.010010000000000002,0.050050000000000004,0.0,0.0,0.010010000000000002
0,0.8,0.5,echo_gate:H:k4,0.08352,2.36755,3.0,0.6324500000000001,0.010010000000000002,0.050050000000000004,0.0,0.36754999999999993,0.010010000000000002
0,0.8,0.5,blind_gate:H:k4,0.08352,2.56755,3.2,0.6324500000000001,0.010010000000000002,0.050050000000000004,0.0,0.36754999999999993,0.010010000000000002
0,0.8,0.5,audit_gate:H:k4,0.11263999999999999,2.5256625,3.0,0.6324500000000001,0.010010000000000002,0.050050000000000004,0.0,0.5256624999999999,0.007507500000000001
0,0.8,0.5,serial_last:H:k4,0.1,2.0,2.0,0.7143428,0.015513680000000002,0.07756840000000001,0.08189279999999999,0.0,0.015513680000000002
0,0.8,0.5,exposed_vote:H:k5,0.056305,2.25,2.25,0.6061970000000001,0.010001000000000001,0.050005,0.0,0.0,0.010001000000000001
0,0.8,0.5,blind_vote:H:k5,0.056305,2.5,2.5,0.6061970000000001,0.010001000000000001,0.050005,0.0,0.0,0.010001000000000001
0,0.8,0.5,echo_gate:H:k5,0.08876159999999998,2.643803,3.25,0.6061970000000001,0.010001000000000001,0.050005,0.0,0.3938029999999999,0.010001000000000001
0,0.8,0.5,blind_gate:H:k5,0.08876159999999998,2.893803,3.5,0.6061970000000001,0.010001000000000001,0.050005,0.0,0.3938029999999999,0.010001000000000001
0,0.8,0.5,audit_gate:H:k5,0.11657119999999999,2.7953522499999996,3.25,0.6061970000000001,0.010001000000000001,0.050005,0.0,0.5453522499999999,0.0075007500000000005
0,0.8,0.5,serial_last:H:k5,0.1,2.25,2.25,0.7065737552000001,0.014521217600000002,0.07260608800000001,0.1003767552,0.0,0.014521217600000002
0,0.8,0.5,exposed_vote:H:k6,0.052093,2.5,2.5,0.5825764999999999,0.010000100000000001,0.0500005,0.0,0.0,0.010000100000000001
0,0.8,0.5,blind_vote:H:k6,0.052093,2.8,2.8,0.5825764999999999,0.010000100000000001,0.0500005,0.0,0.0,0.010000100000000001
0,0.8,0.5,echo_gate:H:k6,0.09348480000000002,2.9174235,3.5,0.5825764999999999,0.010000100000000001,0.0500005,0.0,0.41742350000000006,0.010000100000000001
0,0.8,0.5,blind_gate:H:k6,0.09348480000000002,3.2174234999999998,3.8,0.5825764999999999,0.010000100000000001,0.0500005,0.0,0.41742350000000006,0.010000100000000001
0,0.8,0.5,audit_gate:H:k6,0.12011360000000001,3.063067625,3.5,0.5825764999999999,0.010000100000000001,0.0500005,0.0,0.5630676250000001,0.007500075000000001
0,0.8,0.5,serial_last:H:k6,0.1,2.5,2.5,0.69911888528,0.013707398431999999,0.06853699215999999,0.11654238528000005,0.0,0.013707398431999999
0,0.8,0.5,exposed_vote:H:k7,0.052001875,2.75,2.75,0.56131877,0.010000010000000002,0.050000050000000004,0.0,0.0,0.010000010000000002
0,0.8,0.5,blind_vote:H:k7,0.052001875,3.1,3.1,0.56131877,0.010000010000000002,0.050000050000000004,0.0,0.0,0.010000010000000002
0,0.8,0.5,echo_gate:H:k7,0.09773625600000002,3.1886812300000003,3.75,0.56131877,0.010000010000000002,0.050000050000000004,0.0,0.43868123000000003,0.010000010000000002
0,0.8,0.5,blind_gate:H:k7,0.09773625600000002,3.53868123,4.1,0.56131877,0.010000010000000002,0.050000050000000004,0.0,0.43868123000000003,0.010000010000000002
0,0.8,0.5,audit_gate:H:k7,0.123302192,3.3290109225,3.75,0.56131877,0.010000010000000002,0.050000050000000004,0.0,0.5790109225,0.007500007500000001
0,0.8,0.5,serial_last:H:k7,0.1,2.75,2.75,0.69194332382528,0.013040066714240002,0.0652003335712,0.13062455382528004,0.0,0.013040066714240002
0,0.8,0.5,exposed_vote:A:k1,0.1,0.5,0.5,0.982,0.091,0.9099999999999999,0.07199999999999995,0.0,0.091
0,0.8,0.5,blind_vote:A:k1,0.09999999999999999,0.55,0.55,0.91,0.055,0.5499999999999999,0.0,0.0,0.055
0,0.8,0.5,echo_gate:A:k1,0.0946,0.518,1.5,0.982,0.091,0.9099999999999999,0.07199999999999995,0.018000000000000016,0.091
0,0.8,0.5,blind_gate:A:k1,0.073,0.64,1.55,0.91,0.055,0.5499999999999999,0.0,0.08999999999999997,0.055
0,0.8,0.5,audit_gate:A:k1,0.12095000000000003,0.7635000000000001,1.5,0.982,0.091,0.9099999999999999,0.07199999999999995,0.26350000000000007,0.06825
0,0.8,0.5,serial_last:A:k1,0.1,0.5,0.5,0.982,0.091,0.9099999999999999,0.07199999999999995,0.0,0.091
0,0.8,0.5,exposed_vote:A:k2,0.09856000000000001,0.75,0.75,0.9658,0.08362000000000001,0.8362,0.1008,0.0,0.08362000000000001
0,0.8,0.5,blind_vote:A:k2,0.064,0.85,0.85,0.865,0.0505,0.505,0.0,0.0,0.0505
0,0.8,0.5,echo_gate:A:k2,0.09046000000000001,0.7842,1.75,0.9658,0.08362000000000001,0.8362,0.1008,0.03420000000000001,0.08362000000000001
0,0.8,0.5,blind_gate:A:k2,0.07750000000000001,0.985,1.85,0.865,0.0505,0.505,0.0,0.135,0.0505
0,0.8,0.5,audit_gate:A:k2,0.117845,1.02565,1.75,0.9658,0.08362000000000001,0.8362,0.1008,0.27564999999999995,0.062715
0,0.8,0.5,serial_last:A:k2,0.1,0.75,0.75,0.9658,0.08362000000000001,0.8362,0.1008,0.0,0.08362000000000001
0,0.8,0.5,exposed_vote:A:k3,0.09798400000000002,1.0,1.0,0.9511048000000002,0.07756840000000001,0.775684,0.12300480000000003,0.0,0.07756840000000001
0,0.8,0.5,blind_vote:A:k3,0.064,1.15,1.15,0.8281000000000002,0.050050000000000004,0.5005000000000001,0.0,0.0,0.050050000000000004
0,0.8,0.5,echo_gate:A:k3,0.08734743999999997,1.0488951999999998,2.0,0.9511048000000002,0.07756840000000001,0.775684,0.12300480000000003,0.048895199999999805,0.07756840000000001
0,0.8,0.5,blind_gate:A:k3,0.08442999999999998,1.3218999999999999,2.15,0.8281000000000002,0.050050000000000004,0.5005000000000001,0.0,0.17189999999999983,0.050050000000000004
0,0.8,0.5,audit_gate:A:k3,0.11551058,1.2866714,2.0,0.9511048000000002,0.07756840000000001,0.775684,0.12300480000000003,0.2866713999999999,0.05817630000000001
0,0.8,0.5,serial_last:A:k3,0.1,1.0,1.0,0.9511048000000002,0.07756840000000001,0.775684,0.12300480000000003,0.0,0.07756840000000001
0,0.8,0.5,exposed_vote:A:k4,0.09900524800000002,1.25,1.25,0.9376717600000001,0.072606088,0.7260608799999999,0.14242176000000006,0.0,0.072606088
0,0.8,0.5,blind_vote:A:k4,0.05428,1.45,1.45,0.79525,0.050005,0.50005,0.0,0.0,0.050005
0,0.8,0.5,echo_gate:A:k4,0.08507173599999998,1.3123282399999998,2.25,0.9376717600000001,0.072606088,0.7260608799999999,0.14242176000000006,0.062328239999999924,0.072606088
0,0.8,0.5,blind_gate:A:k4,0.09095500000000001,1.65475,2.45,0.79525,0.050005,0.50005,0.0,0.20475,0.050005
0,0.8,0.5,audit_gate:A:k4,0.113803802,1.54674618,2.25,0.9376717600000001,0.072606088,0.7260608799999999,0.14242176000000006,0.29674617999999997,0.054454565999999996
0,0.8,0.5,serial_last:A:k4,0.1,1.25,1.25,0.9376717600000001,0.072606088,0.7260608799999999,0.14242176000000006,0.0,0.072606088
0,0.8,0.5,exposed_vote:A:k5,0.09881263359999996,1.5,1.5,0.92530135072,0.06853699216,0.6853699216,0.15958035071999999,0.0,0.06853699216
0,0.8,0.5,blind_vote:A:k5,0.05428,1.75,1.75,0.765721,0.0500005,0.500005,0.0,0.0,0.0500005
0,0.8,0.5,echo_gate:A:k5,0.08347672201600001,1.5746986492800001,2.5,0.92530135072,0.06853699216,0.6853699216,0.15958035071999999,0.07469864928000003,0.06853699216
0,0.8,0.5,blind_gate:A:k5,0.0968563,1.984279,2.75,0.765721,0.0500005,0.500005,0.0,0.23427900000000002,0.0500005
0,0.8,0.5,audit_gate:A:k5,0.112607541512,1.80602398696,2.5,0.92530135072,0.06853699216,0.6853699216,0.15958035071999999,0.30602398696,0.05140274412
0,0.8,0.5,serial_last:A:k5,0.1,1.5,1.5,0.92530135072,0.06853699216,0.6853699216,0.15958035071999999,0.0,0.06853699216
0,0.8,0.5,exposed_vote:A:k6,0.099423467776,1.75,1.75,0.91382940496,0.0652003335712,0.652003335712,0.17468090496,0.0,0.0652003335712
0,0.8,0.5,blind_vote:A:k6,0.051364,2.05,2.05,0.7391485,0.050000050000000004,0.5000005,0.0,0.0,0.050000050000000004
0,0.8,0.5,echo_gate:A:k6,0.08243445257920001,1.83617059504,2.75,0.91382940496,0.0652003335712,0.652003335712,0.17468090496,0.08617059504000002,0.0652003335712
0,0.8,0.5,blind_gate:A:k6,0.10217035000000001,2.3108515,3.05,0.7391485,0.050000050000000004,0.5000005,0.0,0.2608515,0.050000050000000004
0,0.8,0.5,audit_gate:A:k6,0.1118258394344,2.06462794628,2.75,0.91382940496,0.0652003335712,0.652003335712,0.17468090496,0.31462794628,0.0489002501784
0,0.8,0.5,serial_last:A:k6,0.1,1.75,1.75,0.91382940496,0.0652003335712,0.652003335712,0.17468090496,0.0,0.0652003335712
0,0.8,0.5,exposed_vote:A:k7,0.0993512866816,2.0,2.0,0.9031207634894081,0.062464273528384004,0.62464273528384,0.187887153489408,0.0,0.062464273528384004
0,0.8,0.5,blind_vote:A:k7,0.05136399999999999,2.35,2.35,0.7152336100000001,0.050000005,0.5000000499999999,0.0,0.0,0.050000005
0,0.8,0.5,echo_gate:A:k7,0.08184012083050239,2.096879236510592,3.0,0.9031207634894081,0.062464273528384004,0.62464273528384,0.187887153489408,0.09687923651059194,0.062464273528384004
0,0.8,0.5,blind_gate:A:k7,0.10695328299999998,2.6347663900000002,3.35,0.7152336100000001,0.050000005,0.5000000499999999,0.0,0.2847663899999999,0.050000005
0,0.8,0.5,audit_gate:A:k7,0.11138009062287679,2.322659427382944,3.0,0.9031207634894081,0.062464273528384004,0.62464273528384,0.187887153489408,0.32265942738294395,0.046848205146288
0,0.8,0.5,serial_last:A:k7,0.1,2.0,2.0,0.9031207634894081,0.062464273528384004,0.62464273528384,0.187887153489408,0.0,0.062464273528384004
0,0.8,0.9,alone:H:k0,0.2,1.0,1.0,1.0,0.2,1.0,0.0,0.0,0.2
0,0.8,0.9,alone:A:k0,0.1,0.25,0.25,1.0,0.1,1.0,0.0,0.0,0.1
0,0.8,0.9,exposed_vote:H:k1,0.15000000000000002,1.25,1.25,0.7400000000000001,0.020000000000000004,0.10000000000000002,0.0,0.0,0.020000000000000004
0,0.8,0.9,blind_vote:H:k1,0.15000000000000002,1.3,1.3,0.7400000000000001,0.020000000000000004,0.10000000000000002,0.0,0.0,0.020000000000000004
0,0.8,0.9,echo_gate:H:k1,0.07199999999999998,1.5099999999999998,2.25,0.7400000000000001,0.020000000000000004,0.10000000000000002,0.0,0.2599999999999999,0.020000000000000004
0,0.8,0.9,blind_gate:H:k1,0.07199999999999998,1.56,2.3,0.7400000000000001,0.020000000000000004,0.10000000000000002,0.0,0.2599999999999999,0.020000000000000004
0,0.8,0.9,audit_gate:H:k1,0.104,1.6949999999999998,2.25,0.7400000000000001,0.020000000000000004,0.10000000000000002,0.0,0.44499999999999995,0.015000000000000003
0,0.8,0.9,serial_last:H:k1,0.1,1.25,1.25,0.7400000000000001,0.020000000000000004,0.10000000000000002,0.0,0.0,0.020000000000000004
0,0.8,0.9,exposed_vote:H:k2,0.09460000000000002,1.5,1.5,0.7310000000000001,0.018200000000000004,0.09100000000000001,0.0,0.0,0.018200000000000004
0,0.8,0.9,blind_vote:H:k2,0.09460000000000002,1.6,1.6,0.7310000000000001,0.018200000000000004,0.09100000000000001,0.0,0.0,0.018200000000000004
0,0.8,0.9,echo_gate:H:k2,0.072,1.769,2.5,0.7310000000000001,0.018200000000000004,0.09100000000000001,0.0,0.2689999999999999,0.018200000000000004
0,0.8,0.9,blind_gate:H:k2,0.072,1.869,2.6,0.7310000000000001,0.018200000000000004,0.09100000000000001,0.0,0.2689999999999999,0.018200000000000004
0,0.8,0.9,audit_gate:H:k2,0.10399999999999998,1.9517499999999999,2.5,0.7310000000000001,0.018200000000000004,0.09100000000000001,0.0,0.4517499999999999,0.013650000000000002
0,0.8,0.9,serial_last:H:k2,0.1,1.5,1.5,0.7382000000000001,0.019640000000000005,0.09820000000000002,0.007199999999999984,0.0,0.019640000000000005
0,0.8,0.9,exposed_vote:H:k3,0.09415000000000001,1.75,1.75,0.7243400000000001,0.018020000000000005,0.09010000000000001,0.0,0.0,0.018020000000000005
0,0.8,0.9,blind_vote:H:k3,0.09415000000000001,1.9,1.9,0.7243400000000001,0.018020000000000005,0.09010000000000001,0.0,0.0,0.018020000000000005
0,0.8,0.9,echo_gate:H:k3,0.073152,2.02566,2.75,0.7243400000000001,0.018020000000000005,0.09010000000000001,0.0,0.2756599999999999,0.018020000000000005
0,0.8,0.9,blind_gate:H:k3,0.073152,2.1756599999999997,2.9,0.7243400000000001,0.018020000000000005,0.09010000000000001,0.0,0.2756599999999999,0.018020000000000005
0,0.8,0.9,audit_gate:H:k3,0.104864,2.2067449999999997,2.75,0.7243400000000001,0.018020000000000005,0.09010000000000001,0.0,0.45674499999999996,0.013515000000000003
0,0.8,0.9,serial_last:H:k3,0.1,1.75,1.75,0.7364936000000001,0.019344800000000006,0.09672400000000002,0.012153599999999987,0.0,0.019344800000000006
0,0.8,0.9,exposed_vote:H:k4,0.09134199999999999,2.0,2.0,0.71849,0.018002,0.09000999999999999,0.0,0.0,0.018002
0,0.8,0.9,blind_vote:H:k4,0.09134199999999999,2.2,2.2,0.71849,0.018002,0.09000999999999999,0.0,0.0,0.018002
0,0.8,0.9,echo_gate:H:k4,0.07430400000000001,2.28151,3.0,0.71849,0.018002,0.09000999999999999,0.0,0.28151000000000004,0.018002
0,0.8,0.9,blind_gate:H:k4,0.07430400000000001,2.48151,3.2,0.71849,0.018002,0.09000999999999999,0.0,0.28151000000000004,0.018002
0,0.8,0.9,audit_gate:H:k4,0.10572800000000002,2.4611325,3.0,0.71849,0.018002,0.09000999999999999,0.0,0.46113250000000006,0.0135015
0,0.8,0.9,serial_last:H:k4,0.1,2.0,2.0,0.73486856,0.019102736,0.09551367999999999,0.016378560000000042,0.0,0.019102736
0,0.8,0.9,exposed_vote:H:k5,0.09126100000000002,2.25,2.25,0.7132394000000001,0.018000200000000004,0.09000100000000001,0.0,0.0,0.018000200000000004
0,0.8,0.9,blind_vote:H:k5,0.09126100000000002,2.5,2.5,0.7132394000000001,0.018000200000000004,0.09000100000000001,0.0,0.0,0.018000200000000004
0,0.8,0.9,echo_gate:H:k5,0.07535231999999999,2.5367606,3.25,0.7132394000000001,0.018000200000000004,0.09000100000000001,0.0,0.2867605999999999,0.018000200000000004
0,0.8,0.9,blind_gate:H:k5,0.07535231999999999,2.7867606,3.5,0.7132394000000001,0.018000200000000004,0.09000100000000001,0.0,0.2867605999999999,0.018000200000000004
0,0.8,0.9,audit_gate:H:k5,0.10651424,2.71507045,3.25,0.7132394000000001,0.018000200000000004,0.09000100000000001,0.0,0.4650704499999999,0.013500150000000002
0,0.8,0.9,serial_last:H:k5,0.1,2.25,2.25,0.7333147510400001,0.018904243520000006,0.09452121760000003,0.020075351040000022,0.0,0.018904243520000006
0,0.8,0.9,exposed_vote:H:k6,0.09041860000000002,2.5,2.5,0.7085153000000001,0.018000020000000002,0.0900001,0.0,0.0,0.018000020000000002
0,0.8,0.9,blind_vote:H:k6,0.09041860000000002,2.8,2.8,0.7085153000000001,0.018000020000000002,0.0900001,0.0,0.0,0.018000020000000002
0,0.8,0.9,echo_gate:H:k6,0.07629696,2.7914847,3.5,0.7085153000000001,0.018000020000000002,0.0900001,0.0,0.29148469999999993,0.018000020000000002
0,0.8,0.9,blind_gate:H:k6,0.07629696,3.0914846999999996,3.8,0.7085153000000001,0.018000020000000002,0.0900001,0.0,0.29148469999999993,0.018000020000000002
0,0.8,0.9,audit_gate:H:k6,0.10722272000000001,2.968613525,3.5,0.7085153000000001,0.018000020000000002,0.0900001,0.0,0.468613525,0.013500015
0,0.8,0.9,serial_last:H:k6,0.1,2.5,2.5,0.7318237770560001,0.0187414796864,0.093707398432,0.023308477056000032,0.0,0.0187414796864
0,0.8,0.9,exposed_vote:H:k7,0.090400375,2.75,2.75,0.7042637540000001,0.018000002,0.09000001,0.0,0.0,0.018000002
0,0.8,0.9,blind_vote:H:k7,0.090400375,3.1,3.1,0.7042637540000001,0.018000002,0.09000001,0.0,0.0,0.018000002
0,0.8,0.9,echo_gate:H:k7,0.07714725119999999,3.0457362459999997,3.75,0.7042637540000001,0.018000002,0.09000001,0.0,0.2957362459999999,0.018000002
0,0.8,0.9,blind_gate:H:k7,0.07714725119999999,3.3957362460000002,4.1,0.7042637540000001,0.018000002,0.09000001,0.0,0.2957362459999999,0.018000002
0,0.8,0.9,audit_gate:H:k7,0.10786043840000001,3.2218021845,3.75,0.7042637540000001,0.018000002,0.09000001,0.0,0.4718021845,0.0135000015
0,0.8,0.9,serial_last:H:k7,0.1,2.75,2.75,0.7303886647650562,0.018608013342848003,0.09304006671424,0.026124910765056075,0.0,0.018608013342848003
0,0.8,0.9,exposed_vote:A:k1,0.1,0.5,0.5,0.9964000000000001,0.09820000000000001,0.9820000000000001,0.01440000000000008,0.0,0.09820000000000001
0,0.8,0.9,blind_vote:A:k1,0.10000000000000002,0.55,0.55,0.982,0.09100000000000001,0.91,0.0,0.0,0.09100000000000001
0,0.8,0.9,echo_gate:A:k1,0.09892,0.5035999999999999,1.5,0.9964000000000001,0.09820000000000001,0.9820000000000001,0.01440000000000008,0.0035999999999999366,0.09820000000000001
0,0.8,0.9,blind_gate:A:k1,0.09460000000000002,0.5680000000000001,1.55,0.982,0.09100000000000001,0.91,0.0,0.018000000000000016,0.09100000000000001
0,0.8,0.9,audit_gate:A:k1,0.12419,0.7526999999999999,1.5,0.9964000000000001,0.09820000000000001,0.9820000000000001,0.01440000000000008,0.2526999999999999,0.07365000000000001
0,0.8,0.9,serial_last:A:k1,0.1,0.5,0.5,0.9964000000000001,0.09820000000000001,0.9820000000000001,0.01440000000000008,0.0,0.09820000000000001
0,0.8,0.9,exposed_vote:A:k2,0.09971200000000001,0.75,0.75,0.99316,0.096724,0.96724,0.020159999999999956,0.0,0.096724
0,0.8,0.9,blind_vote:A:k2,0.09280000000000001,0.85,0.85,0.9730000000000001,0.09010000000000001,0.9010000000000001,0.0,0.0,0.09010000000000001
0,0.8,0.9,echo_gate:A:k2,0.098092,0.75684,1.75,0.99316,0.096724,0.96724,0.020159999999999956,0.006839999999999957,0.096724
0,0.8,0.9,blind_gate:A:k2,0.0955,0.8769999999999999,1.85,0.9730000000000001,0.09010000000000001,0.9010000000000001,0.0,0.026999999999999913,0.09010000000000001
0,0.8,0.9,audit_gate:A:k2,0.12356899999999998,1.0051299999999999,1.75,0.99316,0.096724,0.96724,0.020159999999999956,0.25512999999999997,0.072543
0,0.8,0.9,serial_last:A:k2,0.1,0.75,0.75,0.99316,0.096724,0.96724,0.020159999999999956,0.0,0.096724
0,0.8,0.9,exposed_vote:A:k3,0.0995968,1.0,1.0,0.99022096,0.09551368,0.9551368,0.024600960000000005,0.0,0.09551368
0,0.8,0.9,blind_vote:A:k3,0.09280000000000001,1.15,1.15,0.96562,0.09001,0.9001,0.0,0.0,0.09001
0,0.8,0.9,echo_gate:A:k3,0.09746948799999999,1.00977904,2.0,0.99022096,0.09551368,0.9551368,0.024600960000000005,0.009779039999999961,0.09551368
0,0.8,0.9,blind_gate:A:k3,0.096886,1.18438,2.15,0.96562,0.09001,0.9001,0.0,0.034379999999999966,0.09001
0,0.8,0.9,audit_gate:A:k3,0.12310211600000001,1.25733428,2.0,0.99022096,0.09551368,0.9551368,0.024600960000000005,0.25733428,0.07163526
0,0.8,0.9,serial_last:A:k3,0.1,1.0,1.0,0.99022096,0.09551368,0.9551368,0.024600960000000005,0.0,0.09551368
0,0.8,0.9,exposed_vote:A:k4,0.09980104959999998,1.25,1.25,0.9875343520000001,0.0945212176,0.945212176,0.02848435199999999,0.0,0.0945212176
0,0.8,0.9,blind_vote:A:k4,0.090856,1.45,1.45,0.9590500000000001,0.09000100000000001,0.9000100000000001,0.0,0.0,0.09000100000000001
0,0.8,0.9,echo_gate:A:k4,0.09701434719999999,1.262465648,2.25,0.9875343520000001,0.0945212176,0.945212176,0.02848435199999999,0.01246564799999994,0.0945212176
0,0.8,0.9,blind_gate:A:k4,0.098191,1.4909499999999998,2.45,0.9590500000000001,0.09000100000000001,0.9000100000000001,0.0,0.04094999999999993,0.09000100000000001
0,0.8,0.9,audit_gate:A:k4,0.12276076039999999,1.5093492359999998,2.25,0.9875343520000001,0.0945212176,0.945212176,0.02848435199999999,0.2593492359999999,0.0708909132
0,0.8,0.9,serial_last:A:k4,0.1,1.25,1.25,0.9875343520000001,0.0945212176,0.945212176,0.02848435199999999,0.0,0.0945212176
0,0.8,0.9,exposed_vote:A:k5,0.09976252672000004,1.5,1.5,0.9850602701440001,0.09370739843200003,0.9370739843200002,0.031916070144,0.0,0.09370739843200003
0,0.8,0.9,blind_vote:A:k5,0.09085600000000002,1.75,1.75,0.9531442000000001,0.09000010000000001,0.900001,0.0,0.0,0.09000010000000001
0,0.8,0.9,echo_gate:A:k5,0.0966953444032,1.514939729856,2.5,0.9850602701440001,0.09370739843200003,0.9370739843200002,0.031916070144,0.014939729855999895,0.09370739843200003
0,0.8,0.9,blind_gate:A:k5,0.09937125999999999,1.7968558,2.75,0.9531442000000001,0.09000010000000001,0.900001,0.0,0.04685579999999989,0.09000010000000001
0,0.8,0.9,audit_gate:A:k5,0.12252150830240002,1.761204797392,2.5,0.9850602701440001,0.09370739843200003,0.9370739843200002,0.031916070144,0.261204797392,0.07028054882400002
0,0.8,0.9,serial_last:A:k5,0.1,1.5,1.5,0.9850602701440001,0.09370739843200003,0.9370739843200002,0.031916070144,0.0,0.09370739843200003
0,0.8,0.9,exposed_vote:A:k6,0.09988469355520001,1.75,1.75,0.9827658809920001,0.09304006671424,0.9304006671424,0.03493618099200002,0.0,0.09304006671424
0,0.8,0.9,blind_vote:A:k6,0.09027279999999999,2.05,2.05,0.9478297000000001,0.09000001,0.9000001,0.0,0.0,0.09000001
0,0.8,0.9,echo_gate:A:k6,0.09648689051583997,1.7672341190079999,2.75,0.9827658809920001,0.09304006671424,0.9304006671424,0.03493618099200002,0.01723411900799987,0.09304006671424
0,0.8,0.9,blind_gate:A:k6,0.10043406999999999,2.1021702999999996,3.05,0.9478297000000001,0.09000001,0.9000001,0.0,0.05217029999999989,0.09000001
0,0.8,0.9,audit_gate:A:k6,0.12236516788687997,2.0129255892559996,2.75,0.9827658809920001,0.09304006671424,0.9304006671424,0.03493618099200002,0.26292558925599985,0.06978005003568
0,0.8,0.9,serial_last:A:k6,0.1,1.75,1.75,0.9827658809920001,0.09304006671424,0.9304006671424,0.03493618099200002,0.0,0.09304006671424
0,0.8,0.9,exposed_vote:A:k7,0.09987025733632003,2.0,2.0,0.9806241526978816,0.09249285470567681,0.9249285470567681,0.03757743069788155,0.0,0.09249285470567681
0,0.8,0.9,blind_vote:A:k7,0.09027280000000003,2.35,2.35,0.9430467220000001,0.09000000100000001,0.9000000100000001,0.0,0.0,0.09000000100000001
0,0.8,0.9,echo_gate:A:k7,0.09636802416610049,2.0193758473021184,3.0,0.9806241526978816,0.09249285470567681,0.9249285470567681,0.03757743069788155,0.019375847302118387,0.09249285470567681
0,0.8,0.9,blind_gate:A:k7,0.1013906566,2.406953278,3.35,0.9430467220000001,0.09000000100000001,0.9000000100000001,0.0,0.05695327799999994,0.09000000100000001
0,0.8,0.9,audit_gate:A:k7,0.12227601812457536,2.264531885476589,3.0,0.9806241526978816,0.09249285470567681,0.9249285470567681,0.03757743069788155,0.2645318854765888,0.0693696410292576
0,0.8,0.9,serial_last:A:k7,0.1,2.0,2.0,0.9806241526978816,0.09249285470567681,0.9249285470567681,0.03757743069788155,0.0,0.09249285470567681
0,1,0,alone:H:k0,0.2,1.0,1.0,1.0,0.2,1.0,0.0,0.0,0.2
0,1,0,alone:A:k0,0.1,0.25,0.25,1.0,0.1,1.0,0.0,0.0,0.1
0,1,0,exposed_vote:H:k1,0.15000000000000002,1.25,1.25,0.7400000000000001,0.019999999999999997,0.09999999999999998,0.0,0.0,0.019999999999999997
0,1,0,blind_vote:H:k1,0.15000000000000002,1.3,1.3,0.7400000000000001,0.019999999999999997,0.09999999999999998,0.0,0.0,0.019999999999999997
0,1,0,echo_gate:H:k1,0.07199999999999998,1.5099999999999998,2.25,0.7400000000000001,0.019999999999999997,0.09999999999999998,0.0,0.2599999999999999,0.019999999999999997
0,1,0,blind_gate:H:k1,0.07199999999999998,1.56,2.3,0.7400000000000001,0.019999999999999997,0.09999999999999998,0.0,0.2599999999999999,0.019999999999999997
0,1,0,audit_gate:H:k1,0.104,1.6949999999999998,2.25,0.7400000000000001,0.019999999999999997,0.09999999999999998,0.0,0.44499999999999995,0.014999999999999998
0,1,0,serial_last:H:k1,0.1,1.25,1.25,0.7400000000000001,0.019999999999999997,0.09999999999999998,0.0,0.0,0.019999999999999997
0,1,0,exposed_vote:H:k2,0.046,1.5,1.5,0.6500000000000001,0.001999999999999999,0.009999999999999995,0.0,0.0,0.001999999999999999
0,1,0,blind_vote:H:k2,0.046,1.6,1.6,0.6500000000000001,0.001999999999999999,0.009999999999999995,0.0,0.0,0.001999999999999999
0,1,0,echo_gate:H:k2,0.07199999999999998,1.8499999999999999,2.5,0.6500000000000001,0.001999999999999999,0.009999999999999995,0.0,0.34999999999999987,0.001999999999999999
0,1,0,blind_gate:H:k2,0.07199999999999998,1.95,2.6,0.6500000000000001,0.001999999999999999,0.009999999999999995,0.0,0.34999999999999987,0.001999999999999999
0,1,0,audit_gate:H:k2,0.104,2.0125,2.5,0.6500000000000001,0.001999999999999999,0.009999999999999995,0.0,0.5125,0.0014999999999999994
0,1,0,serial_last:H:k2,0.1,1.5,1.5,0.7400000000000001,0.019999999999999997,0.09999999999999998,0.08999999999999997,0.0,0.019999999999999997
0,1,0,exposed_vote:H:k3,0.041499999999999995,1.75,1.75,0.5834,0.00019999999999999987,0.0009999999999999994,0.0,0.0,0.00019999999999999987
0,1,0,blind_vote:H:k3,0.041499999999999995,1.9,1.9,0.5834,0.00019999999999999987,0.0009999999999999994,0.0,0.0,0.00019999999999999987
0,1,0,echo_gate:H:k3,0.08352000000000001,2.1666,2.75,0.5834,0.00019999999999999987,0.0009999999999999994,0.0,0.41659999999999997,0.00019999999999999987
0,1,0,blind_gate:H:k3,0.08352000000000001,2.3165999999999998,2.9,0.5834,0.00019999999999999987,0.0009999999999999994,0.0,0.41659999999999997,0.00019999999999999987
0,1,0,audit_gate:H:k3,0.11264,2.31245,2.75,0.5834,0.00019999999999999987,0.0009999999999999994,0.0,0.56245,0.0001499999999999999
0,1,0,serial_last:H:k3,0.1,1.75,1.75,0.74,0.019999999999999997,0.09999999999999998,0.15659999999999996,0.0,0.019999999999999997
0,1,0,exposed_vote:H:k4,0.013419999999999994,2.0,2.0,0.5249,1.9999999999999985e-05,9.999999999999992e-05,0.0,0.0,1.9999999999999985e-05
0,1,0,blind_vote:H:k4,0.013419999999999994,2.2,2.2,0.5249,1.9999999999999985e-05,9.999999999999992e-05,0.0,0.0,1.9999999999999985e-05
0,1,0,echo_gate:H:k4,0.09504,2.4751,3.0,0.5249,1.9999999999999985e-05,9.999999999999992e-05,0.0,0.47509999999999997,1.9999999999999985e-05
0,1,0,blind_gate:H:k4,0.09504,2.6751,3.2,0.5249,1.9999999999999985e-05,9.999999999999992e-05,0.0,0.47509999999999997,1.9999999999999985e-05
0,1,0,audit_gate:H:k4,0.12128000000000001,2.606325,3.0,0.5249,1.9999999999999985e-05,9.999999999999992e-05,0.0,0.606325,1.4999999999999989e-05
0,1,0,serial_last:H:k4,0.1,2.0,2.0,0.74,0.019999999999999997,0.09999999999999998,0.21509999999999996,0.0,0.019999999999999997
0,1,0,exposed_vote:H:k5,0.012609999999999993,2.25,2.25,0.4723940000000001,1.999999999999998e-06,9.999999999999989e-06,0.0,0.0,1.999999999999998e-06
0,1,0,blind_vote:H:k5,0.012609999999999993,2.5,2.5,0.4723940000000001,1.999999999999998e-06,9.999999999999989e-06,0.0,0.0,1.999999999999998e-06
0,1,0,echo_gate:H:k5,0.10552319999999998,2.777606,3.25,0.4723940000000001,1.999999999999998e-06,9.999999999999989e-06,0.0,0.5276059999999999,1.999999999999998e-06
0,1,0,blind_gate:H:k5,0.10552319999999998,3.027606,3.5,0.4723940000000001,1.999999999999998e-06,9.999999999999989e-06,0.0,0.5276059999999999,1.999999999999998e-06
0,1,0,audit_gate:H:k5,0.12914239999999996,2.8957045,3.25,0.4723940000000001,1.999999999999998e-06,9.999999999999989e-06,0.0,0.6457044999999999,1.4999999999999983e-06
0,1,0,serial_last:H:k5,0.1,2.25,2.25,0.74,0.019999999999999997,0.09999999999999998,0.2676059999999999,0.0,0.019999999999999997
0,1,0,exposed_vote:H:k6,0.004185999999999997,2.5,2.5,0.42515300000000006,1.9999999999999975e-07,9.999999999999987e-07,0.0,0.0,1.9999999999999975e-07
0,1,0,blind_vote:H:k6,0.004185999999999997,2.8,2.8,0.42515300000000006,1.9999999999999975e-07,9.999999999999987e-07,0.0,0.0,1.9999999999999975e-07
0,1,0,echo_gate:H:k6,0.11496959999999999,3.074847,3.5,0.42515300000000006,1.9999999999999975e-07,9.999999999999987e-07,0.0,0.5748469999999999,1.9999999999999975e-07
0,1,0,blind_gate:H:k6,0.11496959999999999,3.374847,3.8,0.42515300000000006,1.9999999999999975e-07,9.999999999999987e-07,0.0,0.5748469999999999,1.9999999999999975e-07
0,1,0,audit_gate:H:k6,0.1362272,3.18113525,3.5,0.42515300000000006,1.9999999999999975e-07,9.999999999999987e-07,0.0,0.68113525,1.499999999999998e-07
0,1,0,serial_last:H:k6,0.1,2.5,2.5,0.74,0.019999999999999997,0.09999999999999998,0.31484699999999993,0.0,0.019999999999999997
0,1,0,exposed_vote:H:k7,0.004003749999999998,2.75,2.75,0.38263754000000005,1.999999999999997e-08,9.999999999999985e-08,0.0,0.0,1.999999999999997e-08
0,1,0,blind_vote:H:k7,0.004003749999999998,3.1,3.1,0.38263754000000005,1.999999999999997e-08,9.999999999999985e-08,0.0,0.0,1.999999999999997e-08
0,1,0,echo_gate:H:k7,0.12347251199999999,3.36736246,3.75,0.38263754000000005,1.999999999999997e-08,9.999999999999985e-08,0.0,0.61736246,1.999999999999997e-08
0,1,0,blind_gate:H:k7,0.12347251199999999,3.71736246,4.1,0.38263754000000005,1.999999999999997e-08,9.999999999999985e-08,0.0,0.61736246,1.999999999999997e-08
0,1,0,audit_gate:H:k7,0.142604384,3.463021845,3.75,0.38263754000000005,1.999999999999997e-08,9.999999999999985e-08,0.0,0.713021845,1.499999999999998e-08
0,1,0,serial_last:H:k7,0.1,2.75,2.75,0.74,0.019999999999999997,0.09999999999999998,0.35736245999999994,0.0,0.019999999999999997
0,1,0,exposed_vote:A:k1,0.1,0.5,0.5,1.0,0.1,1.0,0.17999999999999994,0.0,0.1
0,1,0,blind_vote:A:k1,0.1,0.55,0.55,0.8200000000000001,0.009999999999999998,0.09999999999999998,0.0,0.0,0.009999999999999998
0,1,0,echo_gate:A:k1,0.1,0.5,1.5,1.0,0.1,1.0,0.17999999999999994,0.0,0.1
0,1,0,blind_gate:A:k1,0.045999999999999985,0.73,1.55,0.8200000000000001,0.009999999999999998,0.09999999999999998,0.0,0.17999999999999994,0.009999999999999998
0,1,0,audit_gate:A:k1,0.125,0.75,1.5,1.0,0.1,1.0,0.17999999999999994,0.25,0.07500000000000001
0,1,0,serial_last:A:k1,0.1,0.5,0.5,1.0,0.1,1.0,0.17999999999999994,0.0,0.1
0,1,0,exposed_vote:A:k2,0.10000000000000002,0.75,0.75,1.0,0.10000000000000002,1.0000000000000002,0.2699999999999999,0.0,0.10000000000000002
0,1,0,blind_vote:A:k2,0.027999999999999997,0.85,0.85,0.7300000000000001,0.0009999999999999996,0.009999999999999995,0.0,0.0,0.0009999999999999996
0,1,0,echo_gate:A:k2,0.10000000000000002,0.75,1.75,1.0,0.10000000000000002,1.0000000000000002,0.2699999999999999,0.0,0.10000000000000002
0,1,0,blind_gate:A:k2,0.054999999999999986,1.1199999999999999,1.85,0.7300000000000001,0.0009999999999999996,0.009999999999999995,0.0,0.2699999999999999,0.0009999999999999996
0,1,0,audit_gate:A:k2,0.125,1.0,1.75,1.0,0.10000000000000002,1.0000000000000002,0.2699999999999999,0.25,0.07500000000000001
0,1,0,serial_last:A:k2,0.1,0.75,0.75,1.0,0.10000000000000002,1.0000000000000002,0.2699999999999999,0.0,0.10000000000000002
0,1,0,exposed_vote:A:k3,0.1,1.0,1.0,1.0,0.1,1.0,0.3437999999999999,0.0,0.1
0,1,0,blind_vote:A:k3,0.02799999999999999,1.15,1.15,0.6562000000000001,9.999999999999994e-05,0.0009999999999999994,0.0,0.0,9.999999999999994e-05
0,1,0,echo_gate:A:k3,0.1,1.0,2.0,1.0,0.1,1.0,0.3437999999999999,0.0,0.1
0,1,0,blind_gate:A:k3,0.06885999999999998,1.4937999999999998,2.15,0.6562000000000001,9.999999999999994e-05,0.0009999999999999994,0.0,0.3437999999999999,9.999999999999994e-05
0,1,0,audit_gate:A:k3,0.125,1.25,2.0,1.0,0.1,1.0,0.3437999999999999,0.25,0.07500000000000001
0,1,0,serial_last:A:k3,0.1,1.0,1.0,1.0,0.1,1.0,0.3437999999999999,0.0,0.1
0,1,0,exposed_vote:A:k4,0.1,1.25,1.25,1.0,0.1,1.0,0.4095,0.0,0.1
0,1,0,blind_vote:A:k4,0.008559999999999995,1.45,1.45,0.5905,9.999999999999992e-06,9.999999999999992e-05,0.0,0.0,9.999999999999992e-06
0,1,0,echo_gate:A:k4,0.1,1.25,2.25,1.0,0.1,1.0,0.4095,0.0,0.1
0,1,0,blind_gate:A:k4,0.08191,1.8595,2.45,0.5905,9.999999999999992e-06,9.999999999999992e-05,0.0,0.4095,9.999999999999992e-06
0,1,0,audit_gate:A:k4,0.125,1.5,2.25,1.0,0.1,1.0,0.4095,0.25,0.07500000000000001
0,1,0,serial_last:A:k4,0.1,1.25,1.25,1.0,0.1,1.0,0.4095,0.0,0.1
0,1,0,exposed_vote:A:k5,0.1,1.5,1.5,1.0,0.1,1.0,0.4685579999999999,0.0,0.1
0,1,0,blind_vote:A:k5,0.008559999999999996,1.75,1.75,0.5314420000000001,9.99999999999999e-07,9.999999999999989e-06,0.0,0.0,9.99999999999999e-07
0,1,0,echo_gate:A:k5,0.1,1.5,2.5,1.0,0.1,1.0,0.4685579999999999,0.0,0.1
0,1,0,blind_gate:A:k5,0.0937126,2.218558,2.75,0.5314420000000001,9.99999999999999e-07,9.999999999999989e-06,0.0,0.4685579999999999,9.99999999999999e-07
0,1,0,audit_gate:A:k5,0.125,1.75,2.5,1.0,0.1,1.0,0.4685579999999999,0.25,0.07500000000000001
0,1,0,serial_last:A:k5,0.1,1.5,1.5,1.0,0.1,1.0,0.4685579999999999,0.0,0.1
0,1,0,exposed_vote:A:k6,0.1,1.75,1.75,1.0,0.1,1.0,0.5217029999999999,0.0,0.1
0,1,0,blind_vote:A:k6,0.0027279999999999982,2.05,2.05,0.4782970000000001,9.999999999999988e-08,9.999999999999987e-07,0.0,0.0,9.999999999999988e-08
0,1,0,echo_gate:A:k6,0.1,1.75,2.75,1.0,0.1,1.0,0.5217029999999999,0.0,0.1
0,1,0,blind_gate:A:k6,0.1043407,2.571703,3.05,0.4782970000000001,9.999999999999988e-08,9.999999999999987e-07,0.0,0.5217029999999999,9.999999999999988e-08
0,1,0,audit_gate:A:k6,0.125,2.0,2.75,1.0,0.1,1.0,0.5217029999999999,0.25,0.07500000000000001
0,1,0,serial_last:A:k6,0.1,1.75,1.75,1.0,0.1,1.0,0.5217029999999999,0.0,0.1
0,1,0,exposed_vote:A:k7,0.1,2.0,2.0,1.0,0.1,1.0,0.5695327799999998,0.0,0.1
0,1,0,blind_vote:A:k7,0.0027279999999999982,2.35,2.35,0.4304672200000001,9.999999999999985e-09,9.999999999999985e-08,0.0,0.0,9.999999999999985e-09
0,1,0,echo_gate:A:k7,0.1,2.0,3.0,1.0,0.1,1.0,0.5695327799999998,0.0,0.1
0,1,0,blind_gate:A:k7,0.11390656599999997,2.91953278,3.35,0.4304672200000001,9.999999999999985e-09,9.999999999999985e-08,0.0,0.5695327799999998,9.999999999999985e-09
0,1,0,audit_gate:A:k7,0.125,2.25,3.0,1.0,0.1,1.0,0.5695327799999998,0.25,0.07500000000000001
0,1,0,serial_last:A:k7,0.1,2.0,2.0,1.0,0.1,1.0,0.5695327799999998,0.0,0.1
0,1,0.5,alone:H:k0,0.2,1.0,1.0,1.0,0.2,1.0,0.0,0.0,0.2
0,1,0.5,alone:A:k0,0.1,0.25,0.25,1.0,0.1,1.0,0.0,0.0,0.1
0,1,0.5,exposed_vote:H:k1,0.15000000000000002,1.25,1.25,0.7400000000000001,0.02,0.09999999999999999,0.0,0.0,0.02
0,1,0.5,blind_vote:H:k1,0.15000000000000002,1.3,1.3,0.7400000000000001,0.02,0.09999999999999999,0.0,0.0,0.02
0,1,0.5,echo_gate:H:k1,0.07199999999999998,1.5099999999999998,2.25,0.7400000000000001,0.02,0.09999999999999999,0.0,0.2599999999999999,0.02
0,1,0.5,blind_gate:H:k1,0.07199999999999998,1.56,2.3,0.7400000000000001,0.02,0.09999999999999999,0.0,0.2599999999999999,0.02
0,1,0.5,audit_gate:H:k1,0.104,1.6949999999999998,2.25,0.7400000000000001,0.02,0.09999999999999999,0.0,0.44499999999999995,0.015
0,1,0.5,serial_last:H:k1,0.1,1.25,1.25,0.7400000000000001,0.02,0.09999999999999999,0.0,0.0,0.02
0,1,0.5,exposed_vote:H:k2,0.07300000000000001,1.5,1.5,0.6950000000000001,0.011000000000000001,0.055,0.0,0.0,0.011000000000000001
0,1,0.5,blind_vote:H:k2,0.07300000000000001,1.6,1.6,0.6950000000000001,0.011000000000000001,0.055,0.0,0.0,0.011000000000000001
0,1,0.5,echo_gate:H:k2,0.072,1.805,2.5,0.6950000000000001,0.011000000000000001,0.055,0.0,0.30499999999999994,0.011000000000000001
0,1,0.5,blind_gate:H:k2,0.072,1.905,2.6,0.6950000000000001,0.011000000000000001,0.055,0.0,0.30499999999999994,0.011000000000000001
0,1,0.5,audit_gate:H:k2,0.10400000000000001,1.97875,2.5,0.6950000000000001,0.011000000000000001,0.055,0.0,0.47875,0.00825
0,1,0.5,serial_last:H:k2,0.1,1.5,1.5,0.74,0.02,0.09999999999999999,0.04499999999999993,0.0,0.02
0,1,0.5,exposed_vote:H:k3,0.07075000000000001,1.75,1.75,0.6617000000000001,0.010100000000000001,0.0505,0.0,0.0,0.010100000000000001
0,1,0.5,blind_vote:H:k3,0.07075000000000001,1.9,1.9,0.6617000000000001,0.010100000000000001,0.0505,0.0,0.0,0.010100000000000001
0,1,0.5,echo_gate:H:k3,0.07775999999999998,2.0883,2.75,0.6617000000000001,0.010100000000000001,0.0505,0.0,0.33829999999999993,0.010100000000000001
0,1,0.5,blind_gate:H:k3,0.07775999999999998,2.2382999999999997,2.9,0.6617000000000001,0.010100000000000001,0.0505,0.0,0.33829999999999993,0.010100000000000001
0,1,0.5,audit_gate:H:k3,0.10832,2.253725,2.75,0.6617000000000001,0.010100000000000001,0.0505,0.0,0.503725,0.007575000000000001
0,1,0.5,serial_last:H:k3,0.1,1.75,1.75,0.7400000000000001,0.02,0.09999999999999999,0.07830000000000004,0.0,0.02
0,1,0.5,exposed_vote:H:k4,0.05671,2.0,2.0,0.6324500000000001,0.010010000000000002,0.050050000000000004,0.0,0.0,0.010010000000000002
0,1,0.5,blind_vote:H:k4,0.05671,2.2,2.2,0.6324500000000001,0.010010000000000002,0.050050000000000004,0.0,0.0,0.010010000000000002
0,1,0.5,echo_gate:H:k4,0.08352,2.36755,3.0,0.6324500000000001,0.010010000000000002,0.050050000000000004,0.0,0.36754999999999993,0.010010000000000002
0,1,0.5,blind_gate:H:k4,0.08352,2.56755,3.2,0.6324500000000001,0.010010000000000002,0.050050000000000004,0.0,0.36754999999999993,0.010010000000000002
0,1,0.5,audit_gate:H:k4,0.11263999999999999,2.5256625,3.0,0.6324500000000001,0.010010000000000002,0.050050000000000004,0.0,0.5256624999999999,0.007507500000000001
0,1,0.5,serial_last:H:k4,0.1,2.0,2.0,0.7400000000000001,0.019999999999999997,0.09999999999999998,0.10755000000000003,0.0,0.019999999999999997
0,1,0.5,exposed_vote:H:k5,0.056305,2.25,2.25,0.6061970000000001,0.010001000000000001,0.050005,0.0,0.0,0.010001000000000001
0,1,0.5,blind_vote:H:k5,0.056305,2.5,2.5,0.6061970000000001,0.010001000000000001,0.050005,0.0,0.0,0.010001000000000001
0,1,0.5,echo_gate:H:k5,0.08876159999999998,2.643803,3.25,0.6061970000000001,0.010001000000000001,0.050005,0.0,0.3938029999999999,0.010001000000000001
0,1,0.5,blind_gate:H:k5,0.08876159999999998,2.893803,3.5,0.6061970000000001,0.010001000000000001,0.050005,0.0,0.3938029999999999,0.010001000000000001
0,1,0.5,audit_gate:H:k5,0.11657119999999999,2.7953522499999996,3.25,0.6061970000000001,0.010001000000000001,0.050005,0.0,0.5453522499999999,0.0075007500000000005
0,1,0.5,serial_last:H:k5,0.1,2.25,2.25,0.74,0.019999999999999997,0.09999999999999998,0.1338029999999999,0.0,0.019999999999999997
0,1,0.5,exposed_vote:H:k6,0.052093,2.5,2.5,0.5825764999999999,0.010000100000000001,0.0500005,0.0,0.0,0.010000100000000001
0,1,0.5,blind_vote:H:k6,0.052093,2.8,2.8,0.5825764999999999,0.010000100000000001,0.0500005,0.0,0.0,0.010000100000000001
0,1,0.5,echo_gate:H:k6,0.09348480000000002,2.9174235,3.5,0.5825764999999999,0.010000100000000001,0.0500005,0.0,0.41742350000000006,0.010000100000000001
0,1,0.5,blind_gate:H:k6,0.09348480000000002,3.2174234999999998,3.8,0.5825764999999999,0.010000100000000001,0.0500005,0.0,0.41742350000000006,0.010000100000000001
0,1,0.5,audit_gate:H:k6,0.12011360000000001,3.063067625,3.5,0.5825764999999999,0.010000100000000001,0.0500005,0.0,0.5630676250000001,0.007500075000000001
0,1,0.5,serial_last:H:k6,0.1,2.5,2.5,0.74,0.019999999999999997,0.09999999999999998,0.15742350000000005,0.0,0.019999999999999997
0,1,0.5,exposed_vote:H:k7,0.052001875,2.75,2.75,0.56131877,0.010000010000000002,0.050000050000000004,0.0,0.0,0.010000010000000002
0,1,0.5,blind_vote:H:k7,0.052001875,3.1,3.1,0.56131877,0.010000010000000002,0.050000050000000004,0.0,0.0,0.010000010000000002
0,1,0.5,echo_gate:H:k7,0.09773625600000002,3.1886812300000003,3.75,0.56131877,0.010000010000000002,0.050000050000000004,0.0,0.43868123000000003,0.010000010000000002
0,1,0.5,blind_gate:H:k7,0.09773625600000002,3.53868123,4.1,0.56131877,0.010000010000000002,0.050000050000000004,0.0,0.43868123000000003,0.010000010000000002
0,1,0.5,audit_gate:H:k7,0.123302192,3.3290109225,3.75,0.56131877,0.010000010000000002,0.050000050000000004,0.0,0.5790109225,0.007500007500000001
0,1,0.5,serial_last:H:k7,0.1,2.75,2.75,0.74,0.02,0.09999999999999999,0.17868123000000002,0.0,0.02
0,1,0.5,exposed_vote:A:k1,0.1,0.5,0.5,1.0,0.1,1.0,0.08999999999999997,0.0,0.1
0,1,0.5,blind_vote:A:k1,0.09999999999999999,0.55,0.55,0.91,0.055,0.5499999999999999,0.0,0.0,0.055
0,1,0.5,echo_gate:A:k1,0.1,0.5,1.5,1.0,0.1,1.0,0.08999999999999997,0.0,0.1
0,1,0.5,blind_gate:A:k1,0.073,0.64,1.55,0.91,0.055,0.5499999999999999,0.0,0.08999999999999997,0.055
0,1,0.5,audit_gate:A:k1,0.125,0.75,1.5,1.0,0.1,1.0,0.08999999999999997,0.25,0.07500000000000001
0,1,0.5,serial_last:A:k1,0.1,0.5,0.5,1.0,0.1,1.0,0.08999999999999997,0.0,0.1
0,1,0.5,exposed_vote:A:k2,0.1,0.75,0.75,1.0,0.1,1.0,0.135,0.0,0.1
0,1,0.5,blind_vote:A:k2,0.064,0.85,0.85,0.865,0.0505,0.505,0.0,0.0,0.0505
0,1,0.5,echo_gate:A:k2,0.1,0.75,1.75,1.0,0.1,1.0,0.135,0.0,0.1
0,1,0.5,blind_gate:A:k2,0.07750000000000001,0.985,1.85,0.865,0.0505,0.505,0.0,0.135,0.0505
0,1,0.5,audit_gate:A:k2,0.125,1.0,1.75,1.0,0.1,1.0,0.135,0.25,0.07500000000000001
0,1,0.5,serial_last:A:k2,0.1,0.75,0.75,1.0,0.1,1.0,0.135,0.0,0.1
0,1,0.5,exposed_vote:A:k3,0.1,1.0,1.0,1.0,0.1,1.0,0.17189999999999983,0.0,0.1
0,1,0.5,blind_vote:A:k3,0.064,1.15,1.15,0.8281000000000002,0.050050000000000004,0.5005000000000001,0.0,0.0,0.050050000000000004
0,1,0.5,echo_gate:A:k3,0.1,1.0,2.0,1.0,0.1,1.0,0.17189999999999983,0.0,0.1
0,1,0.5,blind_gate:A:k3,0.08442999999999998,1.3218999999999999,2.15,0.8281000000000002,0.050050000000000004,0.5005000000000001,0.0,0.17189999999999983,0.050050000000000004
0,1,0.5,audit_gate:A:k3,0.125,1.25,2.0,1.0,0.1,1.0,0.17189999999999983,0.25,0.07500000000000001
0,1,0.5,serial_last:A:k3,0.1,1.0,1.0,1.0,0.1,1.0,0.17189999999999983,0.0,0.1
0,1,0.5,exposed_vote:A:k4,0.1,1.25,1.25,1.0,0.1,1.0,0.20475,0.0,0.1
0,1,0.5,blind_vote:A:k4,0.05428,1.45,1.45,0.79525,0.050005,0.50005,0.0,0.0,0.050005
0,1,0.5,echo_gate:A:k4,0.1,1.25,2.25,1.0,0.1,1.0,0.20475,0.0,0.1
0,1,0.5,blind_gate:A:k4,0.09095500000000001,1.65475,2.45,0.79525,0.050005,0.50005,0.0,0.20475,0.050005
0,1,0.5,audit_gate:A:k4,0.125,1.5,2.25,1.0,0.1,1.0,0.20475,0.25,0.07500000000000001
0,1,0.5,serial_last:A:k4,0.1,1.25,1.25,1.0,0.1,1.0,0.20475,0.0,0.1
0,1,0.5,exposed_vote:A:k5,0.10000000000000002,1.5,1.5,1.0,0.10000000000000002,1.0000000000000002,0.23427900000000002,0.0,0.10000000000000002
0,1,0.5,blind_vote:A:k5,0.05428,1.75,1.75,0.765721,0.0500005,0.500005,0.0,0.0,0.0500005
0,1,0.5,echo_gate:A:k5,0.10000000000000002,1.5,2.5,1.0,0.10000000000000002,1.0000000000000002,0.23427900000000002,0.0,0.10000000000000002
0,1,0.5,blind_gate:A:k5,0.0968563,1.984279,2.75,0.765721,0.0500005,0.500005,0.0,0.23427900000000002,0.0500005
0,1,0.5,audit_gate:A:k5,0.125,1.75,2.5,1.0,0.10000000000000002,1.0000000000000002,0.23427900000000002,0.25,0.07500000000000001
0,1,0.5,serial_last:A:k5,0.1,1.5,1.5,1.0,0.10000000000000002,1.0000000000000002,0.23427900000000002,0.0,0.10000000000000002
0,1,0.5,exposed_vote:A:k6,0.1,1.75,1.75,1.0,0.1,1.0,0.2608515,0.0,0.1
0,1,0.5,blind_vote:A:k6,0.051364,2.05,2.05,0.7391485,0.050000050000000004,0.5000005,0.0,0.0,0.050000050000000004
0,1,0.5,echo_gate:A:k6,0.1,1.75,2.75,1.0,0.1,1.0,0.2608515,0.0,0.1
0,1,0.5,blind_gate:A:k6,0.10217035000000001,2.3108515,3.05,0.7391485,0.050000050000000004,0.5000005,0.0,0.2608515,0.050000050000000004
0,1,0.5,audit_gate:A:k6,0.125,2.0,2.75,1.0,0.1,1.0,0.2608515,0.25,0.07500000000000001
0,1,0.5,serial_last:A:k6,0.1,1.75,1.75,1.0,0.1,1.0,0.2608515,0.0,0.1
0,1,0.5,exposed_vote:A:k7,0.09999999999999999,2.0,2.0,1.0,0.09999999999999999,0.9999999999999999,0.2847663899999999,0.0,0.09999999999999999
0,1,0.5,blind_vote:A:k7,0.05136399999999999,2.35,2.35,0.7152336100000001,0.050000005,0.5000000499999999,0.0,0.0,0.050000005
0,1,0.5,echo_gate:A:k7,0.09999999999999999,2.0,3.0,1.0,0.09999999999999999,0.9999999999999999,0.2847663899999999,0.0,0.09999999999999999
0,1,0.5,blind_gate:A:k7,0.10695328299999998,2.6347663900000002,3.35,0.7152336100000001,0.050000005,0.5000000499999999,0.0,0.2847663899999999,0.050000005
0,1,0.5,audit_gate:A:k7,0.125,2.25,3.0,1.0,0.09999999999999999,0.9999999999999999,0.2847663899999999,0.25,0.075
0,1,0.5,serial_last:A:k7,0.1,2.0,2.0,1.0,0.09999999999999999,0.9999999999999999,0.2847663899999999,0.0,0.09999999999999999
0,1,0.9,alone:H:k0,0.2,1.0,1.0,1.0,0.2,1.0,0.0,0.0,0.2
0,1,0.9,alone:A:k0,0.1,0.25,0.25,1.0,0.1,1.0,0.0,0.0,0.1
0,1,0.9,exposed_vote:H:k1,0.15000000000000002,1.25,1.25,0.7400000000000001,0.020000000000000004,0.10000000000000002,0.0,0.0,0.020000000000000004
0,1,0.9,blind_vote:H:k1,0.15000000000000002,1.3,1.3,0.7400000000000001,0.020000000000000004,0.10000000000000002,0.0,0.0,0.020000000000000004
0,1,0.9,echo_gate:H:k1,0.07199999999999998,1.5099999999999998,2.25,0.7400000000000001,0.020000000000000004,0.10000000000000002,0.0,0.2599999999999999,0.020000000000000004
0,1,0.9,blind_gate:H:k1,0.07199999999999998,1.56,2.3,0.7400000000000001,0.020000000000000004,0.10000000000000002,0.0,0.2599999999999999,0.020000000000000004
0,1,0.9,audit_gate:H:k1,0.104,1.6949999999999998,2.25,0.7400000000000001,0.020000000000000004,0.10000000000000002,0.0,0.44499999999999995,0.015000000000000003
0,1,0.9,serial_last:H:k1,0.1,1.25,1.25,0.7400000000000001,0.020000000000000004,0.10000000000000002,0.0,0.0,0.020000000000000004
0,1,0.9,exposed_vote:H:k2,0.09460000000000002,1.5,1.5,0.7310000000000001,0.018200000000000004,0.09100000000000001,0.0,0.0,0.018200000000000004
0,1,0.9,blind_vote:H:k2,0.09460000000000002,1.6,1.6,0.7310000000000001,0.018200000000000004,0.09100000000000001,0.0,0.0,0.018200000000000004
0,1,0.9,echo_gate:H:k2,0.072,1.769,2.5,0.7310000000000001,0.018200000000000004,0.09100000000000001,0.0,0.2689999999999999,0.018200000000000004
0,1,0.9,blind_gate:H:k2,0.072,1.869,2.6,0.7310000000000001,0.018200000000000004,0.09100000000000001,0.0,0.2689999999999999,0.018200000000000004
0,1,0.9,audit_gate:H:k2,0.10399999999999998,1.9517499999999999,2.5,0.7310000000000001,0.018200000000000004,0.09100000000000001,0.0,0.4517499999999999,0.013650000000000002
0,1,0.9,serial_last:H:k2,0.1,1.5,1.5,0.7400000000000001,0.020000000000000004,0.10000000000000002,0.009000000000000008,0.0,0.020000000000000004
0,1,0.9,exposed_vote:H:k3,0.09415000000000001,1.75,1.75,0.7243400000000001,0.018020000000000005,0.09010000000000001,0.0,0.0,0.018020000000000005
0,1,0.9,blind_vote:H:k3,0.09415000000000001,1.9,1.9,0.7243400000000001,0.018020000000000005,0.09010000000000001,0.0,0.0,0.018020000000000005
0,1,0.9,echo_gate:H:k3,0.073152,2.02566,2.75,0.7243400000000001,0.018020000000000005,0.09010000000000001,0.0,0.2756599999999999,0.018020000000000005
0,1,0.9,blind_gate:H:k3,0.073152,2.1756599999999997,2.9,0.7243400000000001,0.018020000000000005,0.09010000000000001,0.0,0.2756599999999999,0.018020000000000005
0,1,0.9,audit_gate:H:k3,0.104864,2.2067449999999997,2.75,0.7243400000000001,0.018020000000000005,0.09010000000000001,0.0,0.45674499999999996,0.013515000000000003
0,1,0.9,serial_last:H:k3,0.1,1.75,1.75,0.7400000000000001,0.020000000000000004,0.10000000000000002,0.015660000000000007,0.0,0.020000000000000004
0,1,0.9,exposed_vote:H:k4,0.09134199999999999,2.0,2.0,0.71849,0.018002,0.09000999999999999,0.0,0.0,0.018002
0,1,0.9,blind_vote:H:k4,0.09134199999999999,2.2,2.2,0.71849,0.018002,0.09000999999999999,0.0,0.0,0.018002
0,1,0.9,echo_gate:H:k4,0.07430400000000001,2.28151,3.0,0.71849,0.018002,0.09000999999999999,0.0,0.28151000000000004,0.018002
0,1,0.9,blind_gate:H:k4,0.07430400000000001,2.48151,3.2,0.71849,0.018002,0.09000999999999999,0.0,0.28151000000000004,0.018002
0,1,0.9,audit_gate:H:k4,0.10572800000000002,2.4611325,3.0,0.71849,0.018002,0.09000999999999999,0.0,0.46113250000000006,0.0135015
0,1,0.9,serial_last:H:k4,0.1,2.0,2.0,0.74,0.02,0.09999999999999999,0.02151000000000003,0.0,0.02
0,1,0.9,exposed_vote:H:k5,0.09126100000000002,2.25,2.25,0.7132394000000001,0.018000200000000004,0.09000100000000001,0.0,0.0,0.018000200000000004
0,1,0.9,blind_vote:H:k5,0.09126100000000002,2.5,2.5,0.7132394000000001,0.018000200000000004,0.09000100000000001,0.0,0.0,0.018000200000000004
0,1,0.9,echo_gate:H:k5,0.07535231999999999,2.5367606,3.25,0.7132394000000001,0.018000200000000004,0.09000100000000001,0.0,0.2867605999999999,0.018000200000000004
0,1,0.9,blind_gate:H:k5,0.07535231999999999,2.7867606,3.5,0.7132394000000001,0.018000200000000004,0.09000100000000001,0.0,0.2867605999999999,0.018000200000000004
0,1,0.9,audit_gate:H:k5,0.10651424,2.71507045,3.25,0.7132394000000001,0.018000200000000004,0.09000100000000001,0.0,0.4650704499999999,0.013500150000000002
0,1,0.9,serial_last:H:k5,0.1,2.25,2.25,0.74,0.02,0.09999999999999999,0.026760599999999912,0.0,0.02
0,1,0.9,exposed_vote:H:k6,0.09041860000000002,2.5,2.5,0.7085153000000001,0.018000020000000002,0.0900001,0.0,0.0,0.018000020000000002
0,1,0.9,blind_vote:H:k6,0.09041860000000002,2.8,2.8,0.7085153000000001,0.018000020000000002,0.0900001,0.0,0.0,0.018000020000000002
0,1,0.9,echo_gate:H:k6,0.07629696,2.7914847,3.5,0.7085153000000001,0.018000020000000002,0.0900001,0.0,0.29148469999999993,0.018000020000000002
0,1,0.9,blind_gate:H:k6,0.07629696,3.0914846999999996,3.8,0.7085153000000001,0.018000020000000002,0.0900001,0.0,0.29148469999999993,0.018000020000000002
0,1,0.9,audit_gate:H:k6,0.10722272000000001,2.968613525,3.5,0.7085153000000001,0.018000020000000002,0.0900001,0.0,0.468613525,0.013500015
0,1,0.9,serial_last:H:k6,0.1,2.5,2.5,0.7400000000000001,0.020000000000000004,0.10000000000000002,0.03148470000000003,0.0,0.020000000000000004
0,1,0.9,exposed_vote:H:k7,0.090400375,2.75,2.75,0.7042637540000001,0.018000002,0.09000001,0.0,0.0,0.018000002
0,1,0.9,blind_vote:H:k7,0.090400375,3.1,3.1,0.7042637540000001,0.018000002,0.09000001,0.0,0.0,0.018000002
0,1,0.9,echo_gate:H:k7,0.07714725119999999,3.0457362459999997,3.75,0.7042637540000001,0.018000002,0.09000001,0.0,0.2957362459999999,0.018000002
0,1,0.9,blind_gate:H:k7,0.07714725119999999,3.3957362460000002,4.1,0.7042637540000001,0.018000002,0.09000001,0.0,0.2957362459999999,0.018000002
0,1,0.9,audit_gate:H:k7,0.10786043840000001,3.2218021845,3.75,0.7042637540000001,0.018000002,0.09000001,0.0,0.4718021845,0.0135000015
0,1,0.9,serial_last:H:k7,0.1,2.75,2.75,0.7400000000000001,0.02,0.09999999999999999,0.03573624600000003,0.0,0.02
0,1,0.9,exposed_vote:A:k1,0.1,0.5,0.5,1.0,0.1,1.0,0.018000000000000016,0.0,0.1
0,1,0.9,blind_vote:A:k1,0.10000000000000002,0.55,0.55,0.982,0.09100000000000001,0.91,0.0,0.0,0.09100000000000001
0,1,0.9,echo_gate:A:k1,0.1,0.5,1.5,1.0,0.1,1.0,0.018000000000000016,0.0,0.1
0,1,0.9,blind_gate:A:k1,0.09460000000000002,0.5680000000000001,1.55,0.982,0.09100000000000001,0.91,0.0,0.018000000000000016,0.09100000000000001
0,1,0.9,audit_gate:A:k1,0.125,0.75,1.5,1.0,0.1,1.0,0.018000000000000016,0.25,0.07500000000000001
0,1,0.9,serial_last:A:k1,0.1,0.5,0.5,1.0,0.1,1.0,0.018000000000000016,0.0,0.1
0,1,0.9,exposed_vote:A:k2,0.1,0.75,0.75,1.0,0.1,1.0,0.026999999999999913,0.0,0.1
0,1,0.9,blind_vote:A:k2,0.09280000000000001,0.85,0.85,0.9730000000000001,0.09010000000000001,0.9010000000000001,0.0,0.0,0.09010000000000001
0,1,0.9,echo_gate:A:k2,0.1,0.75,1.75,1.0,0.1,1.0,0.026999999999999913,0.0,0.1
0,1,0.9,blind_gate:A:k2,0.0955,0.8769999999999999,1.85,0.9730000000000001,0.09010000000000001,0.9010000000000001,0.0,0.026999999999999913,0.09010000000000001
0,1,0.9,audit_gate:A:k2,0.125,1.0,1.75,1.0,0.1,1.0,0.026999999999999913,0.25,0.07500000000000001
0,1,0.9,serial_last:A:k2,0.1,0.75,0.75,1.0,0.1,1.0,0.026999999999999913,0.0,0.1
0,1,0.9,exposed_vote:A:k3,0.10000000000000002,1.0,1.0,1.0,0.10000000000000002,1.0000000000000002,0.034379999999999966,0.0,0.10000000000000002
0,1,0.9,blind_vote:A:k3,0.09280000000000001,1.15,1.15,0.96562,0.09001,0.9001,0.0,0.0,0.09001
0,1,0.9,echo_gate:A:k3,0.10000000000000002,1.0,2.0,1.0,0.10000000000000002,1.0000000000000002,0.034379999999999966,0.0,0.10000000000000002
0,1,0.9,blind_gate:A:k3,0.096886,1.18438,2.15,0.96562,0.09001,0.9001,0.0,0.034379999999999966,0.09001
0,1,0.9,audit_gate:A:k3,0.125,1.25,2.0,1.0,0.10000000000000002,1.0000000000000002,0.034379999999999966,0.25,0.07500000000000001
0,1,0.9,serial_last:A:k3,0.1,1.0,1.0,1.0,0.10000000000000002,1.0000000000000002,0.034379999999999966,0.0,0.10000000000000002
0,1,0.9,exposed_vote:A:k4,0.1,1.25,1.25,1.0,0.1,1.0,0.04094999999999993,0.0,0.1
0,1,0.9,blind_vote:A:k4,0.090856,1.45,1.45,0.9590500000000001,0.09000100000000001,0.9000100000000001,0.0,0.0,0.09000100000000001
0,1,0.9,echo_gate:A:k4,0.1,1.25,2.25,1.0,0.1,1.0,0.04094999999999993,0.0,0.1
0,1,0.9,blind_gate:A:k4,0.098191,1.4909499999999998,2.45,0.9590500000000001,0.09000100000000001,0.9000100000000001,0.0,0.04094999999999993,0.09000100000000001
0,1,0.9,audit_gate:A:k4,0.125,1.5,2.25,1.0,0.1,1.0,0.04094999999999993,0.25,0.07500000000000001
0,1,0.9,serial_last:A:k4,0.1,1.25,1.25,1.0,0.1,1.0,0.04094999999999993,0.0,0.1
0,1,0.9,exposed_vote:A:k5,0.1,1.5,1.5,1.0,0.1,1.0,0.04685579999999989,0.0,0.1
0,1,0.9,blind_vote:A:k5,0.09085600000000002,1.75,1.75,0.9531442000000001,0.09000010000000001,0.900001,0.0,0.0,0.09000010000000001
0,1,0.9,echo_gate:A:k5,0.1,1.5,2.5,1.0,0.1,1.0,0.04685579999999989,0.0,0.1
0,1,0.9,blind_gate:A:k5,0.09937125999999999,1.7968558,2.75,0.9531442000000001,0.09000010000000001,0.900001,0.0,0.04685579999999989,0.09000010000000001
0,1,0.9,audit_gate:A:k5,0.125,1.75,2.5,1.0,0.1,1.0,0.04685579999999989,0.25,0.07500000000000001
0,1,0.9,serial_last:A:k5,0.1,1.5,1.5,1.0,0.1,1.0,0.04685579999999989,0.0,0.1
0,1,0.9,exposed_vote:A:k6,0.1,1.75,1.75,1.0,0.1,1.0,0.05217029999999989,0.0,0.1
0,1,0.9,blind_vote:A:k6,0.09027279999999999,2.05,2.05,0.9478297000000001,0.09000001,0.9000001,0.0,0.0,0.09000001
0,1,0.9,echo_gate:A:k6,0.1,1.75,2.75,1.0,0.1,1.0,0.05217029999999989,0.0,0.1
0,1,0.9,blind_gate:A:k6,0.10043406999999999,2.1021702999999996,3.05,0.9478297000000001,0.09000001,0.9000001,0.0,0.05217029999999989,0.09000001
0,1,0.9,audit_gate:A:k6,0.125,2.0,2.75,1.0,0.1,1.0,0.05217029999999989,0.25,0.07500000000000001
0,1,0.9,serial_last:A:k6,0.1,1.75,1.75,1.0,0.1,1.0,0.05217029999999989,0.0,0.1
0,1,0.9,exposed_vote:A:k7,0.10000000000000002,2.0,2.0,1.0,0.10000000000000002,1.0000000000000002,0.05695327799999994,0.0,0.10000000000000002
0,1,0.9,blind_vote:A:k7,0.09027280000000003,2.35,2.35,0.9430467220000001,0.09000000100000001,0.9000000100000001,0.0,0.0,0.09000000100000001
0,1,0.9,echo_gate:A:k7,0.10000000000000002,2.0,3.0,1.0,0.10000000000000002,1.0000000000000002,0.05695327799999994,0.0,0.10000000000000002
0,1,0.9,blind_gate:A:k7,0.1013906566,2.406953278,3.35,0.9430467220000001,0.09000000100000001,0.9000000100000001,0.0,0.05695327799999994,0.09000000100000001
0,1,0.9,audit_gate:A:k7,0.125,2.25,3.0,1.0,0.10000000000000002,1.0000000000000002,0.05695327799999994,0.25,0.07500000000000001
0,1,0.9,serial_last:A:k7,0.1,2.0,2.0,1.0,0.10000000000000002,1.0000000000000002,0.05695327799999994,0.0,0.10000000000000002
0.2,0,0,alone:H:k0,0.2,1.0,1.0,1.0,0.2,1.0,0.0,0.0,0.2
0.2,0,0,alone:A:k0,0.1,0.25,0.25,1.0,0.1,1.0,0.0,0.0,0.1
0.2,0,0,exposed_vote:H:k1,0.16,1.25,1.25,0.792,0.056,0.27999999999999997,0.051999999999999935,0.0,0.056
0.2,0,0,blind_vote:H:k1,0.15000000000000002,1.3,1.3,0.7400000000000001,0.019999999999999997,0.09999999999999998,0.0,0.0,0.019999999999999997
0.2,0,0,echo_gate:H:k1,0.09759999999999999,1.458,2.25,0.792,0.056,0.27999999999999997,0.051999999999999935,0.20799999999999996,0.056
0.2,0,0,blind_gate:H:k1,0.07199999999999998,1.56,2.3,0.7400000000000001,0.019999999999999997,0.09999999999999998,0.0,0.2599999999999999,0.019999999999999997
0.2,0,0,audit_gate:H:k1,0.1232,1.656,2.25,0.792,0.056,0.27999999999999997,0.051999999999999935,0.4059999999999999,0.042
0.2,0,0,serial_last:H:k1,0.12000000000000002,1.25,1.25,0.792,0.056,0.27999999999999997,0.051999999999999935,0.0,0.056
0.2,0,0,exposed_vote:H:k2,0.10144,1.5,1.5,0.6928000000000001,0.015680000000000003,0.07840000000000001,0.04279999999999995,0.0,0.015680000000000003
0.2,0,0,blind_vote:H:k2,0.046,1.6,1.6,0.6500000000000001,0.001999999999999999,0.009999999999999995,0.0,0.0,0.001999999999999999
0.2,0,0,echo_gate:H:k2,0.07712,1.8072,2.5,0.6928000000000001,0.015680000000000003,0.07840000000000001,0.04279999999999995,0.3071999999999999,0.015680000000000003
0.2,0,0,blind_gate:H:k2,0.07199999999999998,1.95,2.6,0.6500000000000001,0.001999999999999999,0.009999999999999995,0.0,0.34999999999999987,0.001999999999999999
0.2,0,0,audit_gate:H:k2,0.10784,1.9804,2.5,0.6928000000000001,0.015680000000000003,0.07840000000000001,0.04279999999999995,0.48039999999999994,0.011760000000000003
0.2,0,0,serial_last:H:k2,0.1,1.5,1.5,0.6680000000000001,0.005599999999999999,0.027999999999999994,0.018000000000000016,0.0,0.005599999999999999
0.2,0,0,exposed_vote:H:k3,0.08928000000000001,1.75,1.75,0.6273408,0.0043904,0.021952,0.0439408,0.0,0.0043904
0.2,0,0,blind_vote:H:k3,0.041499999999999995,1.9,1.9,0.5834,0.00019999999999999987,0.0009999999999999994,0.0,0.0,0.00019999999999999987
0.2,0,0,echo_gate:H:k3,0.07892224,2.1226592,2.75,0.6273408,0.0043904,0.021952,0.0439408,0.37265919999999997,0.0043904
0.2,0,0,blind_gate:H:k3,0.08352000000000001,2.3165999999999998,2.9,0.5834,0.00019999999999999987,0.0009999999999999994,0.0,0.41659999999999997,0.00019999999999999987
0.2,0,0,audit_gate:H:k3,0.10919167999999999,2.2794944,2.75,0.6273408,0.0043904,0.021952,0.0439408,0.5294943999999999,0.0032928000000000002
0.2,0,0,serial_last:H:k3,0.1,1.75,1.75,0.59672,0.0005599999999999997,0.0027999999999999987,0.013319999999999999,0.0,0.0005599999999999997
0.2,0,0,exposed_vote:H:k4,0.06418483200000002,2.0,2.0,0.57434368,0.001229312,0.00614656,0.04944367999999999,0.0,0.001229312
0.2,0,0,blind_vote:H:k4,0.013419999999999994,2.2,2.2,0.5249,1.9999999999999985e-05,9.999999999999992e-05,0.0,0.0,1.9999999999999985e-05
0.2,0,0,echo_gate:H:k4,0.086360576,2.42565632,3.0,0.57434368,0.001229312,0.00614656,0.04944367999999999,0.42565632,0.001229312
0.2,0,0,blind_gate:H:k4,0.09504,2.6751,3.2,0.5249,1.9999999999999985e-05,9.999999999999992e-05,0.0,0.47509999999999997,1.9999999999999985e-05
0.2,0,0,audit_gate:H:k4,0.114770432,2.56924224,3.0,0.57434368,0.001229312,0.00614656,0.04944367999999999,0.56924224,0.000921984
0.2,0,0,serial_last:H:k4,0.1,2.0,2.0,0.5366,5.5999999999999965e-05,0.0002799999999999998,0.011699999999999933,0.0,5.5999999999999965e-05
0.2,0,0,exposed_vote:H:k5,0.058678988800000026,2.25,2.25,0.52760942592,0.00034420736,0.0017210367999999998,0.05521542591999995,0.0,0.00034420736
0.2,0,0,blind_vote:H:k5,0.012609999999999993,2.5,2.5,0.4723940000000001,1.999999999999998e-06,9.999999999999989e-06,0.0,0.0,1.999999999999998e-06
0.2,0,0,echo_gate:H:k5,0.09482232217599999,2.72239057408,3.25,0.52760942592,0.00034420736,0.0017210367999999998,0.05521542591999995,0.47239057407999996,0.00034420736
0.2,0,0,blind_gate:H:k5,0.10552319999999998,3.027606,3.5,0.4723940000000001,1.999999999999998e-06,9.999999999999989e-06,0.0,0.5276059999999999,1.999999999999998e-06
0.2,0,0,audit_gate:H:k5,0.12111674163200001,2.8542929305599998,3.25,0.52760942592,0.00034420736,0.0017210367999999998,0.05521542591999995,0.60429293056,0.00025815552
0.2,0,0,serial_last:H:k5,0.1,2.25,2.25,0.4828952000000001,5.5999999999999955e-06,2.7999999999999976e-05,0.010501199999999988,0.0,5.5999999999999955e-06
0.2,0,0,exposed_vote:H:k6,0.04434734694400002,2.5,2.5,0.48518037913600004,9.637806079999998e-05,0.0004818903039999999,0.06002737913599998,0.0,9.637806079999998e-05
0.2,0,0,blind_vote:H:k6,0.004185999999999997,2.8,2.8,0.42515300000000006,1.9999999999999975e-07,9.999999999999987e-07,0.0,0.0,1.9999999999999975e-07
0.2,0,0,echo_gate:H:k6,0.10306030223359998,3.014819620864,3.5,0.48518037913600004,9.637806079999998e-05,0.0004818903039999999,0.06002737913599998,0.5148196208639999,9.637806079999998e-05
0.2,0,0,blind_gate:H:k6,0.11496959999999999,3.374847,3.8,0.42515300000000006,1.9999999999999975e-07,9.999999999999987e-07,0.0,0.5748469999999999,1.9999999999999975e-07
0.2,0,0,audit_gate:H:k6,0.1272952266752,3.136114715648,3.5,0.48518037913600004,9.637806079999998e-05,0.0004818903039999999,0.06002737913599998,0.636114715648,7.228354559999999e-05
0.2,0,0,serial_last:H:k6,0.1,2.5,2.5,0.4346012000000001,5.599999999999994e-07,2.799999999999997e-06,0.009448200000000018,0.0,5.599999999999994e-07
0.2,0,0,exposed_vote:H:k7,0.04146146263040001,2.75,2.75,0.44630426684620805,2.6985857023999995e-05,0.00013492928511999998,0.063666726846208,0.0,2.6985857023999995e-05
0.2,0,0,blind_vote:H:k7,0.004003749999999998,3.1,3.1,0.38263754000000005,1.999999999999997e-08,9.999999999999985e-08,0.0,0.0,1.999999999999997e-08
0.2,0,0,echo_gate:H:k7,0.1107661324877824,3.303695733153792,3.75,0.44630426684620805,2.6985857023999995e-05,0.00013492928511999998,0.063666726846208,0.553695733153792,2.6985857023999995e-05
0.2,0,0,blind_gate:H:k7,0.12347251199999999,3.71736246,4.1,0.38263754000000005,1.999999999999997e-08,9.999999999999985e-08,0.0,0.61736246,1.999999999999997e-08
0.2,0,0,audit_gate:H:k7,0.13307459936583677,3.415271799865344,3.75,0.44630426684620805,2.6985857023999995e-05,0.00013492928511999998,0.063666726846208,0.6652717998653439,2.0239392767999996e-05
0.2,0,0,serial_last:H:k7,0.1,2.75,2.75,0.39114063200000004,5.599999999999992e-08,2.799999999999996e-07,0.00850309199999999,0.0,5.599999999999992e-08
0.2,0,0,exposed_vote:A:k1,0.1,0.5,0.5,0.8200000000000001,0.009999999999999998,0.09999999999999998,0.0,0.0,0.009999999999999998
0.2,0,0,blind_vote:A:k1,0.1,0.55,0.55,0.8200000000000001,0.009999999999999998,0.09999999999999998,0.0,0.0,0.009999999999999998
0.2,0,0,echo_gate:A:k1,0.045999999999999985,0.6799999999999999,1.5,0.8200000000000001,0.009999999999999998,0.09999999999999998,0.0,0.17999999999999994,0.009999999999999998
0.2,0,0,blind_gate:A:k1,0.045999999999999985,0.73,1.55,0.8200000000000001,0.009999999999999998,0.09999999999999998,0.0,0.17999999999999994,0.009999999999999998
0.2,0,0,audit_gate:A:k1,0.0845,0.885,1.5,0.8200000000000001,0.009999999999999998,0.09999999999999998,0.0,0.385,0.007499999999999999
0.2,0,0,serial_last:A:k1,0.1,0.5,0.5,0.8200000000000001,0.009999999999999998,0.09999999999999998,0.0,0.0,0.009999999999999998
0.2,0,0,exposed_vote:A:k2,0.027999999999999997,0.75,0.75,0.7300000000000001,0.0009999999999999996,0.009999999999999995,0.0,0.0,0.0009999999999999996
0.2,0,0,blind_vote:A:k2,0.027999999999999997,0.85,0.85,0.7300000000000001,0.0009999999999999996,0.009999999999999995,0.0,0.0,0.0009999999999999996
0.2,0,0,echo_gate:A:k2,0.054999999999999986,1.02,1.75,0.7300000000000001,0.0009999999999999996,0.009999999999999995,0.0,0.2699999999999999,0.0009999999999999996
0.2,0,0,blind_gate:A:k2,0.054999999999999986,1.1199999999999999,1.85,0.7300000000000001,0.0009999999999999996,0.009999999999999995,0.0,0.2699999999999999,0.0009999999999999996
0.2,0,0,audit_gate:A:k2,0.09124999999999998,1.2025,1.75,0.7300000000000001,0.0009999999999999996,0.009999999999999995,0.0,0.4524999999999999,0.0007499999999999997
0.2,0,0,serial_last:A:k2,0.1,0.75,0.75,0.7300000000000001,0.0009999999999999996,0.009999999999999995,0.0,0.0,0.0009999999999999996
0.2,0,0,exposed_vote:A:k3,0.02799999999999999,1.0,1.0,0.6562000000000001,9.999999999999994e-05,0.0009999999999999994,0.0,0.0,9.999999999999994e-05
0.2,0,0,blind_vote:A:k3,0.02799999999999999,1.15,1.15,0.6562000000000001,9.999999999999994e-05,0.0009999999999999994,0.0,0.0,9.999999999999994e-05
0.2,0,0,echo_gate:A:k3,0.06885999999999998,1.3437999999999999,2.0,0.6562000000000001,9.999999999999994e-05,0.0009999999999999994,0.0,0.3437999999999999,9.999999999999994e-05
0.2,0,0,blind_gate:A:k3,0.06885999999999998,1.4937999999999998,2.15,0.6562000000000001,9.999999999999994e-05,0.0009999999999999994,0.0,0.3437999999999999,9.999999999999994e-05
0.2,0,0,audit_gate:A:k3,0.101645,1.50785,2.0,0.6562000000000001,9.999999999999994e-05,0.0009999999999999994,0.0,0.5078499999999999,7.499999999999995e-05
0.2,0,0,serial_last:A:k3,0.1,1.0,1.0,0.6562000000000001,9.999999999999994e-05,0.0009999999999999994,0.0,0.0,9.999999999999994e-05
0.2,0,0,exposed_vote:A:k4,0.008559999999999995,1.25,1.25,0.5905,9.999999999999992e-06,9.999999999999992e-05,0.0,0.0,9.999999999999992e-06
0.2,0,0,blind_vote:A:k4,0.008559999999999995,1.45,1.45,0.5905,9.999999999999992e-06,9.999999999999992e-05,0.0,0.0,9.999999999999992e-06
0.2,0,0,echo_gate:A:k4,0.08191,1.6595,2.25,0.5905,9.999999999999992e-06,9.999999999999992e-05,0.0,0.4095,9.999999999999992e-06
0.2,0,0,blind_gate:A:k4,0.08191,1.8595,2.45,0.5905,9.999999999999992e-06,9.999999999999992e-05,0.0,0.4095,9.999999999999992e-06
0.2,0,0,audit_gate:A:k4,0.11143249999999999,1.807125,2.25,0.5905,9.999999999999992e-06,9.999999999999992e-05,0.0,0.557125,7.499999999999994e-06
0.2,0,0,serial_last:A:k4,0.1,1.25,1.25,0.5905,9.999999999999992e-06,9.999999999999992e-05,0.0,0.0,9.999999999999992e-06
0.2,0,0,exposed_vote:A:k5,0.008559999999999996,1.5,1.5,0.5314420000000001,9.99999999999999e-07,9.999999999999989e-06,0.0,0.0,9.99999999999999e-07
0.2,0,0,blind_vote:A:k5,0.008559999999999996,1.75,1.75,0.5314420000000001,9.99999999999999e-07,9.999999999999989e-06,0.0,0.0,9.99999999999999e-07
0.2,0,0,echo_gate:A:k5,0.0937126,1.9685579999999998,2.5,0.5314420000000001,9.99999999999999e-07,9.999999999999989e-06,0.0,0.4685579999999999,9.99999999999999e-07
0.2,0,0,blind_gate:A:k5,0.0937126,2.218558,2.75,0.5314420000000001,9.99999999999999e-07,9.999999999999989e-06,0.0,0.4685579999999999,9.99999999999999e-07
0.2,0,0,audit_gate:A:k5,0.12028444999999999,2.1014185,2.5,0.5314420000000001,9.99999999999999e-07,9.999999999999989e-06,0.0,0.6014185,7.499999999999992e-07
0.2,0,0,serial_last:A:k5,0.1,1.5,1.5,0.5314420000000001,9.99999999999999e-07,9.999999999999989e-06,0.0,0.0,9.99999999999999e-07
0.2,0,0,exposed_vote:A:k6,0.0027279999999999982,1.75,1.75,0.4782970000000001,9.999999999999988e-08,9.999999999999987e-07,0.0,0.0,9.999999999999988e-08
0.2,0,0,blind_vote:A:k6,0.0027279999999999982,2.05,2.05,0.4782970000000001,9.999999999999988e-08,9.999999999999987e-07,0.0,0.0,9.999999999999988e-08
0.2,0,0,echo_gate:A:k6,0.1043407,2.271703,2.75,0.4782970000000001,9.999999999999988e-08,9.999999999999987e-07,0.0,0.5217029999999999,9.999999999999988e-08
0.2,0,0,blind_gate:A:k6,0.1043407,2.571703,3.05,0.4782970000000001,9.999999999999988e-08,9.999999999999987e-07,0.0,0.5217029999999999,9.999999999999988e-08
0.2,0,0,audit_gate:A:k6,0.12825552499999998,2.39127725,2.75,0.4782970000000001,9.999999999999988e-08,9.999999999999987e-07,0.0,0.6412772499999999,7.49999999999999e-08
0.2,0,0,serial_last:A:k6,0.1,1.75,1.75,0.4782970000000001,9.999999999999988e-08,9.999999999999987e-07,0.0,0.0,9.999999999999988e-08
0.2,0,0,exposed_vote:A:k7,0.0027279999999999982,2.0,2.0,0.4304672200000001,9.999999999999985e-09,9.999999999999985e-08,0.0,0.0,9.999999999999985e-09
0.2,0,0,blind_vote:A:k7,0.0027279999999999982,2.35,2.35,0.4304672200000001,9.999999999999985e-09,9.999999999999985e-08,0.0,0.0,9.999999999999985e-09
0.2,0,0,echo_gate:A:k7,0.11390656599999997,2.56953278,3.0,0.4304672200000001,9.999999999999985e-09,9.999999999999985e-08,0.0,0.5695327799999998,9.999999999999985e-09
0.2,0,0,blind_gate:A:k7,0.11390656599999997,2.91953278,3.35,0.4304672200000001,9.999999999999985e-09,9.999999999999985e-08,0.0,0.5695327799999998,9.999999999999985e-09
0.2,0,0,audit_gate:A:k7,0.13542992450000002,2.677149585,3.0,0.4304672200000001,9.999999999999985e-09,9.999999999999985e-08,0.0,0.677149585,7.49999999999999e-09
0.2,0,0,serial_last:A:k7,0.1,2.0,2.0,0.4304672200000001,9.999999999999985e-09,9.999999999999985e-08,0.0,0.0,9.999999999999985e-09
0.2,0,0.5,alone:H:k0,0.2,1.0,1.0,1.0,0.2,1.0,0.0,0.0,0.2
0.2,0,0.5,alone:A:k0,0.1,0.25,0.25,1.0,0.1,1.0,0.0,0.0,0.1
0.2,0,0.5,exposed_vote:H:k1,0.16,1.25,1.25,0.792,0.05600000000000001,0.28,0.051999999999999935,0.0,0.05600000000000001
0.2,0,0.5,blind_vote:H:k1,0.15000000000000002,1.3,1.3,0.7400000000000001,0.02,0.09999999999999999,0.0,0.0,0.02
0.2,0,0.5,echo_gate:H:k1,0.0976,1.458,2.25,0.792,0.05600000000000001,0.28,0.051999999999999935,0.20799999999999996,0.05600000000000001
0.2,0,0.5,blind_gate:H:k1,0.07199999999999998,1.56,2.3,0.7400000000000001,0.02,0.09999999999999999,0.0,0.2599999999999999,0.02
0.2,0,0.5,audit_gate:H:k1,0.1232,1.656,2.25,0.792,0.05600000000000001,0.28,0.051999999999999935,0.4059999999999999,0.04200000000000001
0.2,0,0.5,serial_last:H:k1,0.12000000000000002,1.25,1.25,0.792,0.05600000000000001,0.28,0.051999999999999935,0.0,0.05600000000000001
0.2,0,0.5,exposed_vote:H:k2,0.11872,1.5,1.5,0.7216,0.021440000000000004,0.10720000000000002,0.026599999999999957,0.0,0.021440000000000004
0.2,0,0.5,blind_vote:H:k2,0.07300000000000001,1.6,1.6,0.6950000000000001,0.011000000000000001,0.055,0.0,0.0,0.011000000000000001
0.2,0,0.5,echo_gate:H:k2,0.07712000000000001,1.7784,2.5,0.7216,0.021440000000000004,0.10720000000000002,0.026599999999999957,0.2784,0.021440000000000004
0.2,0,0.5,blind_gate:H:k2,0.072,1.905,2.6,0.6950000000000001,0.011000000000000001,0.055,0.0,0.30499999999999994,0.011000000000000001
0.2,0,0.5,audit_gate:H:k2,0.10784000000000002,1.9588,2.5,0.7216,0.021440000000000004,0.10720000000000002,0.026599999999999957,0.4588,0.016080000000000004
0.2,0,0.5,serial_last:H:k2,0.1,1.5,1.5,0.7040000000000001,0.0128,0.064,0.009000000000000008,0.0,0.0128
0.2,0,0.5,exposed_vote:H:k3,0.10944000000000004,1.75,1.75,0.6847104,0.012915200000000003,0.06457600000000001,0.023010399999999986,0.0,0.012915200000000003
0.2,0,0.5,blind_vote:H:k3,0.07075000000000001,1.9,1.9,0.6617000000000001,0.010100000000000001,0.0505,0.0,0.0,0.010100000000000001
0.2,0,0.5,echo_gate:H:k3,0.07597311999999999,2.0652896,2.75,0.6847104,0.012915200000000003,0.06457600000000001,0.023010399999999986,0.31528959999999995,0.012915200000000003
0.2,0,0.5,blind_gate:H:k3,0.07775999999999998,2.2382999999999997,2.9,0.6617000000000001,0.010100000000000001,0.0505,0.0,0.33829999999999993,0.010100000000000001
0.2,0,0.5,audit_gate:H:k3,0.10697984,2.2364672,2.75,0.6847104,0.012915200000000003,0.06457600000000001,0.023010399999999986,0.4864672,0.009686400000000003
0.2,0,0.5,serial_last:H:k3,0.1,1.75,1.75,0.6683600000000001,0.010280000000000001,0.0514,0.006659999999999999,0.0,0.010280000000000001
0.2,0,0.5,exposed_vote:H:k4,0.09113241600000002,2.0,2.0,0.6573798400000002,0.010758656000000002,0.053793280000000006,0.024929840000000092,0.0,0.010758656000000002
0.2,0,0.5,blind_vote:H:k4,0.05671,2.2,2.2,0.6324500000000001,0.010010000000000002,0.050050000000000004,0.0,0.0,0.010010000000000002
0.2,0,0.5,echo_gate:H:k4,0.07928268799999998,2.34262016,3.0,0.6573798400000002,0.010758656000000002,0.053793280000000006,0.024929840000000092,0.34262015999999984,0.010758656000000002
0.2,0,0.5,blind_gate:H:k4,0.08352,2.56755,3.2,0.6324500000000001,0.010010000000000002,0.050050000000000004,0.0,0.36754999999999993,0.010010000000000002
0.2,0,0.5,audit_gate:H:k4,0.10946201599999997,2.50696512,3.0,0.6573798400000002,0.010758656000000002,0.053793280000000006,0.024929840000000092,0.5069651199999998,0.008068992
0.2,0,0.5,serial_last:H:k4,0.1,2.0,2.0,0.6383000000000001,0.010028000000000002,0.05014000000000001,0.005850000000000022,0.0,0.010028000000000002
0.2,0,0.5,exposed_vote:H:k5,0.08735549440000001,2.25,2.25,0.63384631296,0.010200903680000001,0.051004518400000004,0.02764931295999995,0.0,0.010200903680000001
0.2,0,0.5,blind_vote:H:k5,0.056305,2.5,2.5,0.6061970000000001,0.010001000000000001,0.050005,0.0,0.0,0.010001000000000001
0.2,0,0.5,echo_gate:H:k5,0.083431641088,2.6161536870399997,3.25,0.63384631296,0.010200903680000001,0.051004518400000004,0.02764931295999995,0.36615368703999995,0.010200903680000001
0.2,0,0.5,blind_gate:H:k5,0.08876159999999998,2.893803,3.5,0.6061970000000001,0.010001000000000001,0.050005,0.0,0.3938029999999999,0.010001000000000001
0.2,0,0.5,audit_gate:H:k5,0.11257373081600001,2.77461526528,3.25,0.63384631296,0.010200903680000001,0.051004518400000004,0.02764931295999995,0.52461526528,0.007650677760000001
0.2,0,0.5,serial_last:H:k5,0.1,2.25,2.25,0.6114476000000001,0.010002800000000001,0.050014,0.005250599999999994,0.0,0.010002800000000001
0.2,0,0.5,exposed_vote:H:k6,0.07711767347200002,2.5,2.5,0.612598509568,0.010053949030400003,0.050269745152000014,0.030022009568000052,0.0,0.010053949030400003
0.2,0,0.5,blind_vote:H:k6,0.052093,2.8,2.8,0.5825764999999999,0.010000100000000001,0.0500005,0.0,0.0,0.010000100000000001
0.2,0,0.5,echo_gate:H:k6,0.08753424711680001,2.887401490432,3.5,0.612598509568,0.010053949030400003,0.050269745152000014,0.030022009568000052,0.387401490432,0.010053949030400003
0.2,0,0.5,blind_gate:H:k6,0.09348480000000002,3.2174234999999998,3.8,0.5825764999999999,0.010000100000000001,0.0500005,0.0,0.41742350000000006,0.010000100000000001
0.2,0,0.5,audit_gate:H:k6,0.1156506853376,3.040551117824,3.5,0.612598509568,0.010053949030400003,0.050269745152000014,0.030022009568000052,0.540551117824,0.007540461772800003
0.2,0,0.5,serial_last:H:k6,0.1,2.5,2.5,0.5873006,0.010000280000000002,0.05000140000000001,0.004724100000000009,0.0,0.010000280000000002
0.2,0,0.5,exposed_vote:H:k7,0.07526513131520003,2.75,2.75,0.593153797423104,0.010014644928512001,0.050073224642560005,0.03183502742310407,0.0,0.010014644928512001
0.2,0,0.5,blind_vote:H:k7,0.052001875,3.1,3.1,0.56131877,0.010000010000000002,0.050000050000000004,0.0,0.0,0.010000010000000002
0.2,0,0.5,echo_gate:H:k7,0.0913838854438912,3.156846202576896,3.75,0.593153797423104,0.010014644928512001,0.050073224642560005,0.03183502742310407,0.40684620257689597,0.010014644928512001
0.2,0,0.5,blind_gate:H:k7,0.09773625600000002,3.53868123,4.1,0.56131877,0.010000010000000002,0.050000050000000004,0.0,0.43868123000000003,0.010000010000000002
0.2,0,0.5,audit_gate:H:k7,0.1185379140829184,3.305134651932672,3.75,0.593153797423104,0.010014644928512001,0.050073224642560005,0.03183502742310407,0.555134651932672,0.007510983696384001
0.2,0,0.5,serial_last:H:k7,0.1,2.75,2.75,0.5655703160000001,0.010000028000000001,0.050000140000000005,0.004251546000000106,0.0,0.010000028000000001
0.2,0,0.5,exposed_vote:A:k1,0.09999999999999999,0.5,0.5,0.91,0.055,0.5499999999999999,0.0,0.0,0.055
0.2,0,0.5,blind_vote:A:k1,0.09999999999999999,0.55,0.55,0.91,0.055,0.5499999999999999,0.0,0.0,0.055
0.2,0,0.5,echo_gate:A:k1,0.073,0.59,1.5,0.91,0.055,0.5499999999999999,0.0,0.08999999999999997,0.055
0.2,0,0.5,blind_gate:A:k1,0.073,0.64,1.55,0.91,0.055,0.5499999999999999,0.0,0.08999999999999997,0.055
0.2,0,0.5,audit_gate:A:k1,0.10475000000000001,0.8175,1.5,0.91,0.055,0.5499999999999999,0.0,0.3175,0.04125
0.2,0,0.5,serial_last:A:k1,0.1,0.5,0.5,0.91,0.055,0.5499999999999999,0.0,0.0,0.055
0.2,0,0.5,exposed_vote:A:k2,0.064,0.75,0.75,0.865,0.0505,0.505,0.0,0.0,0.0505
0.2,0,0.5,blind_vote:A:k2,0.064,0.85,0.85,0.865,0.0505,0.505,0.0,0.0,0.0505
0.2,0,0.5,echo_gate:A:k2,0.07750000000000001,0.885,1.75,0.865,0.0505,0.505,0.0,0.135,0.0505
0.2,0,0.5,blind_gate:A:k2,0.07750000000000001,0.985,1.85,0.865,0.0505,0.505,0.0,0.135,0.0505
0.2,0,0.5,audit_gate:A:k2,0.10812500000000003,1.10125,1.75,0.865,0.0505,0.505,0.0,0.35125000000000006,0.037875000000000006
0.2,0,0.5,serial_last:A:k2,0.1,0.75,0.75,0.865,0.0505,0.505,0.0,0.0,0.0505
0.2,0,0.5,exposed_vote:A:k3,0.064,1.0,1.0,0.8281000000000002,0.050050000000000004,0.5005000000000001,0.0,0.0,0.050050000000000004
0.2,0,0.5,blind_vote:A:k3,0.064,1.15,1.15,0.8281000000000002,0.050050000000000004,0.5005000000000001,0.0,0.0,0.050050000000000004
0.2,0,0.5,echo_gate:A:k3,0.08442999999999998,1.1719,2.0,0.8281000000000002,0.050050000000000004,0.5005000000000001,0.0,0.17189999999999983,0.050050000000000004
0.2,0,0.5,blind_gate:A:k3,0.08442999999999998,1.3218999999999999,2.15,0.8281000000000002,0.050050000000000004,0.5005000000000001,0.0,0.17189999999999983,0.050050000000000004
0.2,0,0.5,audit_gate:A:k3,0.11332249999999998,1.3789249999999997,2.0,0.8281000000000002,0.050050000000000004,0.5005000000000001,0.0,0.37892499999999985,0.0375375
0.2,0,0.5,serial_last:A:k3,0.1,1.0,1.0,0.8281000000000002,0.050050000000000004,0.5005000000000001,0.0,0.0,0.050050000000000004
0.2,0,0.5,exposed_vote:A:k4,0.05428,1.25,1.25,0.79525,0.050005,0.50005,0.0,0.0,0.050005
0.2,0,0.5,blind_vote:A:k4,0.05428,1.45,1.45,0.79525,0.050005,0.50005,0.0,0.0,0.050005
0.2,0,0.5,echo_gate:A:k4,0.09095500000000001,1.45475,2.25,0.79525,0.050005,0.50005,0.0,0.20475,0.050005
0.2,0,0.5,blind_gate:A:k4,0.09095500000000001,1.65475,2.45,0.79525,0.050005,0.50005,0.0,0.20475,0.050005
0.2,0,0.5,audit_gate:A:k4,0.11821625000000002,1.6535625,2.25,0.79525,0.050005,0.50005,0.0,0.40356250000000005,0.03750375
0.2,0,0.5,serial_last:A:k4,0.1,1.25,1.25,0.79525,0.050005,0.50005,0.0,0.0,0.050005
0.2,0,0.5,exposed_vote:A:k5,0.05428,1.5,1.5,0.765721,0.0500005,0.500005,0.0,0.0,0.0500005
0.2,0,0.5,blind_vote:A:k5,0.05428,1.75,1.75,0.765721,0.0500005,0.500005,0.0,0.0,0.0500005
0.2,0,0.5,echo_gate:A:k5,0.0968563,1.734279,2.5,0.765721,0.0500005,0.500005,0.0,0.23427900000000002,0.0500005
0.2,0,0.5,blind_gate:A:k5,0.0968563,1.984279,2.75,0.765721,0.0500005,0.500005,0.0,0.23427900000000002,0.0500005
0.2,0,0.5,audit_gate:A:k5,0.12264222500000002,1.9257092500000002,2.5,0.765721,0.0500005,0.500005,0.0,0.42570925000000004,0.037500375
0.2,0,0.5,serial_last:A:k5,0.1,1.5,1.5,0.765721,0.0500005,0.500005,0.0,0.0,0.0500005
0.2,0,0.5,exposed_vote:A:k6,0.051364,1.75,1.75,0.7391485,0.050000050000000004,0.5000005,0.0,0.0,0.050000050000000004
0.2,0,0.5,blind_vote:A:k6,0.051364,2.05,2.05,0.7391485,0.050000050000000004,0.5000005,0.0,0.0,0.050000050000000004
0.2,0,0.5,echo_gate:A:k6,0.10217035000000001,2.0108515000000002,2.75,0.7391485,0.050000050000000004,0.5000005,0.0,0.2608515,0.050000050000000004
0.2,0,0.5,blind_gate:A:k6,0.10217035000000001,2.3108515,3.05,0.7391485,0.050000050000000004,0.5000005,0.0,0.2608515,0.050000050000000004
0.2,0,0.5,audit_gate:A:k6,0.1266277625,2.195638625,2.75,0.7391485,0.050000050000000004,0.5000005,0.0,0.44563862499999995,0.0375000375
0.2,0,0.5,serial_last:A:k6,0.1,1.75,1.75,0.7391485,0.050000050000000004,0.5000005,0.0,0.0,0.050000050000000004
0.2,0,0.5,exposed_vote:A:k7,0.05136399999999999,2.0,2.0,0.7152336100000001,0.050000005,0.5000000499999999,0.0,0.0,0.050000005
0.2,0,0.5,blind_vote:A:k7,0.05136399999999999,2.35,2.35,0.7152336100000001,0.050000005,0.5000000499999999,0.0,0.0,0.050000005
0.2,0,0.5,echo_gate:A:k7,0.10695328299999998,2.2847663899999997,3.0,0.7152336100000001,0.050000005,0.5000000499999999,0.0,0.2847663899999999,0.050000005
0.2,0,0.5,blind_gate:A:k7,0.10695328299999998,2.6347663900000002,3.35,0.7152336100000001,0.050000005,0.5000000499999999,0.0,0.2847663899999999,0.050000005
0.2,0,0.5,audit_gate:A:k7,0.13021496225,2.4635747925,3.0,0.7152336100000001,0.050000005,0.5000000499999999,0.0,0.4635747925,0.03750000375
0.2,0,0.5,serial_last:A:k7,0.1,2.0,2.0,0.7152336100000001,0.050000005,0.5000000499999999,0.0,0.0,0.050000005
0.2,0,0.9,alone:H:k0,0.2,1.0,1.0,1.0,0.2,1.0,0.0,0.0,0.2
0.2,0,0.9,alone:A:k0,0.1,0.25,0.25,1.0,0.1,1.0,0.0,0.0,0.1
0.2,0,0.9,exposed_vote:H:k1,0.16,1.25,1.25,0.792,0.05600000000000001,0.28,0.051999999999999935,0.0,0.05600000000000001
0.2,0,0.9,blind_vote:H:k1,0.15000000000000002,1.3,1.3,0.7400000000000001,0.020000000000000004,0.10000000000000002,0.0,0.0,0.020000000000000004
0.2,0,0.9,echo_gate:H:k1,0.0976,1.458,2.25,0.792,0.05600000000000001,0.28,0.051999999999999935,0.20799999999999996,0.05600000000000001
0.2,0,0.9,blind_gate:H:k1,0.07199999999999998,1.56,2.3,0.7400000000000001,0.020000000000000004,0.10000000000000002,0.0,0.2599999999999999,0.020000000000000004
0.2,0,0.9,audit_gate:H:k1,0.1232,1.656,2.25,0.792,0.05600000000000001,0.28,0.051999999999999935,0.4059999999999999,0.04200000000000001
0.2,0,0.9,serial_last:H:k1,0.12000000000000002,1.25,1.25,0.792,0.05600000000000001,0.28,0.051999999999999935,0.0,0.05600000000000001
0.2,0,0.9,exposed_vote:H:k2,0.13254400000000002,1.5,1.5,0.7446400000000001,0.026048000000000005,0.13024000000000002,0.013639999999999985,0.0,0.026048000000000005
0.2,0,0.9,blind_vote:H:k2,0.09460000000000002,1.6,1.6,0.7310000000000001,0.018200000000000004,0.09100000000000001,0.0,0.0,0.018200000000000004
0.2,0,0.9,echo_gate:H:k2,0.07712,1.75536,2.5,0.7446400000000001,0.026048000000000005,0.13024000000000002,0.013639999999999985,0.2553599999999999,0.026048000000000005
0.2,0,0.9,blind_gate:H:k2,0.072,1.869,2.6,0.7310000000000001,0.018200000000000004,0.09100000000000001,0.0,0.2689999999999999,0.018200000000000004
0.2,0,0.9,audit_gate:H:k2,0.10783999999999999,1.94152,2.5,0.7446400000000001,0.026048000000000005,0.13024000000000002,0.013639999999999985,0.4415199999999999,0.019536000000000005
0.2,0,0.9,serial_last:H:k2,0.1,1.5,1.5,0.7328000000000001,0.018560000000000004,0.09280000000000001,0.0018000000000000238,0.0,0.018560000000000004
0.2,0,0.9,exposed_vote:H:k3,0.12556800000000004,1.75,1.75,0.73060608,0.019735040000000006,0.09867520000000002,0.006266079999999952,0.0,0.019735040000000006
0.2,0,0.9,blind_vote:H:k3,0.09415000000000001,1.9,1.9,0.7243400000000001,0.018020000000000005,0.09010000000000001,0.0,0.0,0.018020000000000005
0.2,0,0.9,echo_gate:H:k3,0.073613824,2.0193939199999997,2.75,0.73060608,0.019735040000000006,0.09867520000000002,0.006266079999999952,0.26939391999999995,0.019735040000000006
0.2,0,0.9,blind_gate:H:k3,0.073152,2.1756599999999997,2.9,0.7243400000000001,0.018020000000000005,0.09010000000000001,0.0,0.2756599999999999,0.018020000000000005
0.2,0,0.9,audit_gate:H:k3,0.10521036800000001,2.20204544,2.75,0.73060608,0.019735040000000006,0.09867520000000002,0.006266079999999952,0.45204544,0.014801280000000003
0.2,0,0.9,serial_last:H:k3,0.1,1.75,1.75,0.7256720000000001,0.018056000000000006,0.09028000000000003,0.0013319999999999999,0.0,0.018056000000000006
0.2,0,0.9,exposed_vote:H:k4,0.11269048320000004,2.0,2.0,0.723808768,0.018382131200000002,0.09191065600000001,0.005318768000000085,0.0,0.018382131200000002
0.2,0,0.9,blind_vote:H:k4,0.09134199999999999,2.2,2.2,0.71849,0.018002,0.09000999999999999,0.0,0.0,0.018002
0.2,0,0.9,echo_gate:H:k4,0.0736203776,2.276191232,3.0,0.723808768,0.018382131200000002,0.09191065600000001,0.005318768000000085,0.27619123199999995,0.018382131200000002
0.2,0,0.9,blind_gate:H:k4,0.07430400000000001,2.48151,3.2,0.71849,0.018002,0.09000999999999999,0.0,0.28151000000000004,0.018002
0.2,0,0.9,audit_gate:H:k4,0.1052152832,2.457143424,3.0,0.723808768,0.018382131200000002,0.09191065600000001,0.005318768000000085,0.45714342399999996,0.013786598400000002
0.2,0,0.9,serial_last:H:k4,0.1,2.0,2.0,0.71966,0.0180056,0.090028,0.0011700000000000044,0.0,0.0180056
0.2,0,0.9,exposed_vote:H:k5,0.11029669888000004,2.25,2.25,0.7188358225920001,0.018086260736000004,0.09043130368000002,0.005596422591999994,0.0,0.018086260736000004
0.2,0,0.9,blind_vote:H:k5,0.09126100000000002,2.5,2.5,0.7132394000000001,0.018000200000000004,0.09000100000000001,0.0,0.0,0.018000200000000004
0.2,0,0.9,echo_gate:H:k5,0.0743190962176,2.531164177408,3.25,0.7188358225920001,0.018086260736000004,0.09043130368000002,0.005596422591999994,0.2811641774079999,0.018086260736000004
0.2,0,0.9,blind_gate:H:k5,0.07535231999999999,2.7867606,3.5,0.7132394000000001,0.018000200000000004,0.09000100000000001,0.0,0.2867605999999999,0.018000200000000004
0.2,0,0.9,audit_gate:H:k5,0.1057393221632,2.710873133056,3.25,0.7188358225920001,0.018086260736000004,0.09043130368000002,0.005596422591999994,0.460873133056,0.013564695552000003
0.2,0,0.9,serial_last:H:k5,0.1,2.25,2.25,0.71428952,0.018000560000000006,0.09000280000000002,0.0010501199999999322,0.0,0.018000560000000006
0.2,0,0.9,exposed_vote:H:k6,0.10333393469440004,2.5,2.5,0.7145330139136,0.01802000580608,0.0901000290304,0.0060177139135999536,0.0,0.01802000580608
0.2,0,0.9,blind_vote:H:k6,0.09041860000000002,2.8,2.8,0.7085153000000001,0.018000020000000002,0.0900001,0.0,0.0,0.018000020000000002
0.2,0,0.9,echo_gate:H:k6,0.07511340302336,2.7854669860864,3.5,0.7145330139136,0.01802000580608,0.0901000290304,0.0060177139135999536,0.2854669860864,0.01802000580608
0.2,0,0.9,blind_gate:H:k6,0.07629696,3.0914846999999996,3.8,0.7085153000000001,0.018000020000000002,0.0900001,0.0,0.29148469999999993,0.018000020000000002
0.2,0,0.9,audit_gate:H:k6,0.10633505226752,2.9641002395648,3.5,0.7145330139136,0.01802000580608,0.0901000290304,0.0060177139135999536,0.46410023956479995,0.01351500435456
0.2,0,0.9,serial_last:H:k6,0.1,2.5,2.5,0.70946012,0.018000056,0.09000028,0.0009448199999999574,0.0,0.018000056
0.2,0,0.9,exposed_vote:H:k7,0.10230806626304001,2.75,2.75,0.7106334218846209,0.0180047721857024,0.090023860928512,0.006369667884620789,0.0,0.0180047721857024
0.2,0,0.9,blind_vote:H:k7,0.090400375,3.1,3.1,0.7042637540000001,0.018000002,0.09000001,0.0,0.0,0.018000002
0.2,0,0.9,echo_gate:H:k7,0.07587808780877822,3.039366578115379,3.75,0.7106334218846209,0.0180047721857024,0.090023860928512,0.006369667884620789,0.28936657811537914,0.0180047721857024
0.2,0,0.9,blind_gate:H:k7,0.07714725119999999,3.3957362460000002,4.1,0.7042637540000001,0.018000002,0.09000001,0.0,0.2957362459999999,0.018000002
0.2,0,0.9,audit_gate:H:k7,0.10690856585658369,3.2170249335865346,3.75,0.7106334218846209,0.0180047721857024,0.090023860928512,0.006369667884620789,0.4670249335865344,0.0135035791392768
0.2,0,0.9,serial_last:H:k7,0.1,2.75,2.75,0.7051140632000001,0.0180000056,0.090000028,0.0008503092000000656,0.0,0.0180000056
0.2,0,0.9,exposed_vote:A:k1,0.10000000000000002,0.5,0.5,0.982,0.09100000000000001,0.91,0.0,0.0,0.09100000000000001
0.2,0,0.9,blind_vote:A:k1,0.10000000000000002,0.55,0.55,0.982,0.09100000000000001,0.91,0.0,0.0,0.09100000000000001
0.2,0,0.9,echo_gate:A:k1,0.09460000000000002,0.518,1.5,0.982,0.09100000000000001,0.91,0.0,0.018000000000000016,0.09100000000000001
0.2,0,0.9,blind_gate:A:k1,0.09460000000000002,0.5680000000000001,1.55,0.982,0.09100000000000001,0.91,0.0,0.018000000000000016,0.09100000000000001
0.2,0,0.9,audit_gate:A:k1,0.12095000000000003,0.7635000000000001,1.5,0.982,0.09100000000000001,0.91,0.0,0.26350000000000007,0.06825
0.2,0,0.9,serial_last:A:k1,0.1,0.5,0.5,0.982,0.09100000000000001,0.91,0.0,0.0,0.09100000000000001
0.2,0,0.9,exposed_vote:A:k2,0.09280000000000001,0.75,0.75,0.9730000000000001,0.09010000000000001,0.9010000000000001,0.0,0.0,0.09010000000000001
0.2,0,0.9,blind_vote:A:k2,0.09280000000000001,0.85,0.85,0.9730000000000001,0.09010000000000001,0.9010000000000001,0.0,0.0,0.09010000000000001
0.2,0,0.9,echo_gate:A:k2,0.0955,0.7769999999999999,1.75,0.9730000000000001,0.09010000000000001,0.9010000000000001,0.0,0.026999999999999913,0.09010000000000001
0.2,0,0.9,blind_gate:A:k2,0.0955,0.8769999999999999,1.85,0.9730000000000001,0.09010000000000001,0.9010000000000001,0.0,0.026999999999999913,0.09010000000000001
0.2,0,0.9,audit_gate:A:k2,0.12162499999999998,1.0202499999999999,1.75,0.9730000000000001,0.09010000000000001,0.9010000000000001,0.0,0.2702499999999999,0.06757500000000001
0.2,0,0.9,serial_last:A:k2,0.1,0.75,0.75,0.9730000000000001,0.09010000000000001,0.9010000000000001,0.0,0.0,0.09010000000000001
0.2,0,0.9,exposed_vote:A:k3,0.09280000000000001,1.0,1.0,0.96562,0.09001,0.9001,0.0,0.0,0.09001
0.2,0,0.9,blind_vote:A:k3,0.09280000000000001,1.15,1.15,0.96562,0.09001,0.9001,0.0,0.0,0.09001
0.2,0,0.9,echo_gate:A:k3,0.096886,1.03438,2.0,0.96562,0.09001,0.9001,0.0,0.034379999999999966,0.09001
0.2,0,0.9,blind_gate:A:k3,0.096886,1.18438,2.15,0.96562,0.09001,0.9001,0.0,0.034379999999999966,0.09001
0.2,0,0.9,audit_gate:A:k3,0.12266449999999998,1.275785,2.0,0.96562,0.09001,0.9001,0.0,0.27578499999999995,0.0675075
0.2,0,0.9,serial_last:A:k3,0.1,1.0,1.0,0.96562,0.09001,0.9001,0.0,0.0,0.09001
0.2,0,0.9,exposed_vote:A:k4,0.090856,1.25,1.25,0.9590500000000001,0.09000100000000001,0.9000100000000001,0.0,0.0,0.09000100000000001
0.2,0,0.9,blind_vote:A:k4,0.090856,1.45,1.45,0.9590500000000001,0.09000100000000001,0.9000100000000001,0.0,0.0,0.09000100000000001
0.2,0,0.9,echo_gate:A:k4,0.098191,1.29095,2.25,0.9590500000000001,0.09000100000000001,0.9000100000000001,0.0,0.04094999999999993,0.09000100000000001
0.2,0,0.9,blind_gate:A:k4,0.098191,1.4909499999999998,2.45,0.9590500000000001,0.09000100000000001,0.9000100000000001,0.0,0.04094999999999993,0.09000100000000001
0.2,0,0.9,audit_gate:A:k4,0.12364325,1.5307125,2.25,0.9590500000000001,0.09000100000000001,0.9000100000000001,0.0,0.2807124999999999,0.06750075000000001
0.2,0,0.9,serial_last:A:k4,0.1,1.25,1.25,0.9590500000000001,0.09000100000000001,0.9000100000000001,0.0,0.0,0.09000100000000001
0.2,0,0.9,exposed_vote:A:k5,0.09085600000000002,1.5,1.5,0.9531442000000001,0.09000010000000001,0.900001,0.0,0.0,0.09000010000000001
0.2,0,0.9,blind_vote:A:k5,0.09085600000000002,1.75,1.75,0.9531442000000001,0.09000010000000001,0.900001,0.0,0.0,0.09000010000000001
0.2,0,0.9,echo_gate:A:k5,0.09937125999999999,1.5468558,2.5,0.9531442000000001,0.09000010000000001,0.900001,0.0,0.04685579999999989,0.09000010000000001
0.2,0,0.9,blind_gate:A:k5,0.09937125999999999,1.7968558,2.75,0.9531442000000001,0.09000010000000001,0.900001,0.0,0.04685579999999989,0.09000010000000001
0.2,0,0.9,audit_gate:A:k5,0.12452844499999999,1.78514185,2.5,0.9531442000000001,0.09000010000000001,0.900001,0.0,0.2851418499999999,0.067500075
0.2,0,0.9,serial_last:A:k5,0.1,1.5,1.5,0.9531442000000001,0.09000010000000001,0.900001,0.0,0.0,0.09000010000000001
0.2,0,0.9,exposed_vote:A:k6,0.09027279999999999,1.75,1.75,0.9478297000000001,0.09000001,0.9000001,0.0,0.0,0.09000001
0.2,0,0.9,blind_vote:A:k6,0.09027279999999999,2.05,2.05,0.9478297000000001,0.09000001,0.9000001,0.0,0.0,0.09000001
0.2,0,0.9,echo_gate:A:k6,0.10043406999999999,1.8021702999999998,2.75,0.9478297000000001,0.09000001,0.9000001,0.0,0.05217029999999989,0.09000001
0.2,0,0.9,blind_gate:A:k6,0.10043406999999999,2.1021702999999996,3.05,0.9478297000000001,0.09000001,0.9000001,0.0,0.05217029999999989,0.09000001
0.2,0,0.9,audit_gate:A:k6,0.1253255525,2.039127725,2.75,0.9478297000000001,0.09000001,0.9000001,0.0,0.28912772499999995,0.0675000075
0.2,0,0.9,serial_last:A:k6,0.1,1.75,1.75,0.9478297000000001,0.09000001,0.9000001,0.0,0.0,0.09000001
0.2,0,0.9,exposed_vote:A:k7,0.09027280000000003,2.0,2.0,0.9430467220000001,0.09000000100000001,0.9000000100000001,0.0,0.0,0.09000000100000001
0.2,0,0.9,blind_vote:A:k7,0.09027280000000003,2.35,2.35,0.9430467220000001,0.09000000100000001,0.9000000100000001,0.0,0.0,0.09000000100000001
0.2,0,0.9,echo_gate:A:k7,0.1013906566,2.056953278,3.0,0.9430467220000001,0.09000000100000001,0.9000000100000001,0.0,0.05695327799999994,0.09000000100000001
0.2,0,0.9,blind_gate:A:k7,0.1013906566,2.406953278,3.35,0.9430467220000001,0.09000000100000001,0.9000000100000001,0.0,0.05695327799999994,0.09000000100000001
0.2,0,0.9,audit_gate:A:k7,0.12604299245,2.2927149585,3.0,0.9430467220000001,0.09000000100000001,0.9000000100000001,0.0,0.29271495849999996,0.06750000075000001
0.2,0,0.9,serial_last:A:k7,0.1,2.0,2.0,0.9430467220000001,0.09000000100000001,0.9000000100000001,0.0,0.0,0.09000000100000001
0.2,0.2,0,alone:H:k0,0.2,1.0,1.0,1.0,0.2,1.0,0.0,0.0,0.2
0.2,0.2,0,alone:A:k0,0.1,0.25,0.25,1.0,0.1,1.0,0.0,0.0,0.1
0.2,0.2,0,exposed_vote:H:k1,0.16,1.25,1.25,0.792,0.056,0.27999999999999997,0.051999999999999935,0.0,0.056
0.2,0.2,0,blind_vote:H:k1,0.15000000000000002,1.3,1.3,0.7400000000000001,0.019999999999999997,0.09999999999999998,0.0,0.0,0.019999999999999997
0.2,0.2,0,echo_gate:H:k1,0.09759999999999999,1.458,2.25,0.792,0.056,0.27999999999999997,0.051999999999999935,0.20799999999999996,0.056
0.2,0.2,0,blind_gate:H:k1,0.07199999999999998,1.56,2.3,0.7400000000000001,0.019999999999999997,0.09999999999999998,0.0,0.2599999999999999,0.019999999999999997
0.2,0.2,0,audit_gate:H:k1,0.1232,1.656,2.25,0.792,0.056,0.27999999999999997,0.051999999999999935,0.4059999999999999,0.042
0.2,0.2,0,serial_last:H:k1,0.12000000000000002,1.25,1.25,0.792,0.056,0.27999999999999997,0.051999999999999935,0.0,0.056
0.2,0.2,0,exposed_vote:H:k2,0.10144,1.5,1.5,0.6928000000000001,0.015680000000000003,0.07840000000000001,0.04279999999999995,0.0,0.015680000000000003
0.2,0.2,0,blind_vote:H:k2,0.046,1.6,1.6,0.6500000000000001,0.001999999999999999,0.009999999999999995,0.0,0.0,0.001999999999999999
0.2,0.2,0,echo_gate:H:k2,0.07712,1.8072,2.5,0.6928000000000001,0.015680000000000003,0.07840000000000001,0.04279999999999995,0.3071999999999999,0.015680000000000003
0.2,0.2,0,blind_gate:H:k2,0.07199999999999998,1.95,2.6,0.6500000000000001,0.001999999999999999,0.009999999999999995,0.0,0.34999999999999987,0.001999999999999999
0.2,0.2,0,audit_gate:H:k2,0.10784,1.9804,2.5,0.6928000000000001,0.015680000000000003,0.07840000000000001,0.04279999999999995,0.48039999999999994,0.011760000000000003
0.2,0.2,0,serial_last:H:k2,0.10400000000000001,1.5,1.5,0.6928000000000001,0.015680000000000003,0.07840000000000001,0.04279999999999995,0.0,0.015680000000000003
0.2,0.2,0,exposed_vote:H:k3,0.08928000000000001,1.75,1.75,0.6273408,0.0043904,0.021952,0.0439408,0.0,0.0043904
0.2,0.2,0,blind_vote:H:k3,0.041499999999999995,1.9,1.9,0.5834,0.00019999999999999987,0.0009999999999999994,0.0,0.0,0.00019999999999999987
0.2,0.2,0,echo_gate:H:k3,0.07892224,2.1226592,2.75,0.6273408,0.0043904,0.021952,0.0439408,0.37265919999999997,0.0043904
0.2,0.2,0,blind_gate:H:k3,0.08352000000000001,2.3165999999999998,2.9,0.5834,0.00019999999999999987,0.0009999999999999994,0.0,0.41659999999999997,0.00019999999999999987
0.2,0.2,0,audit_gate:H:k3,0.10919167999999999,2.2794944,2.75,0.6273408,0.0043904,0.021952,0.0439408,0.5294943999999999,0.0032928000000000002
0.2,0.2,0,serial_last:H:k3,0.1008,1.75,1.75,0.6273408,0.0043904,0.021952,0.0439408,0.0,0.0043904
0.2,0.2,0,exposed_vote:H:k4,0.06418483200000002,2.0,2.0,0.57434368,0.001229312,0.00614656,0.04944367999999999,0.0,0.001229312
0.2,0.2,0,blind_vote:H:k4,0.013419999999999994,2.2,2.2,0.5249,1.9999999999999985e-05,9.999999999999992e-05,0.0,0.0,1.9999999999999985e-05
0.2,0.2,0,echo_gate:H:k4,0.086360576,2.42565632,3.0,0.57434368,0.001229312,0.00614656,0.04944367999999999,0.42565632,0.001229312
0.2,0.2,0,blind_gate:H:k4,0.09504,2.6751,3.2,0.5249,1.9999999999999985e-05,9.999999999999992e-05,0.0,0.47509999999999997,1.9999999999999985e-05
0.2,0.2,0,audit_gate:H:k4,0.114770432,2.56924224,3.0,0.57434368,0.001229312,0.00614656,0.04944367999999999,0.56924224,0.000921984
0.2,0.2,0,serial_last:H:k4,0.10016,2.0,2.0,0.57434368,0.001229312,0.00614656,0.04944367999999999,0.0,0.001229312
0.2,0.2,0,exposed_vote:H:k5,0.058678988800000026,2.25,2.25,0.52760942592,0.00034420736,0.0017210367999999998,0.05521542591999995,0.0,0.00034420736
0.2,0.2,0,blind_vote:H:k5,0.012609999999999993,2.5,2.5,0.4723940000000001,1.999999999999998e-06,9.999999999999989e-06,0.0,0.0,1.999999999999998e-06
0.2,0.2,0,echo_gate:H:k5,0.09482232217599999,2.72239057408,3.25,0.52760942592,0.00034420736,0.0017210367999999998,0.05521542591999995,0.47239057407999996,0.00034420736
0.2,0.2,0,blind_gate:H:k5,0.10552319999999998,3.027606,3.5,0.4723940000000001,1.999999999999998e-06,9.999999999999989e-06,0.0,0.5276059999999999,1.999999999999998e-06
0.2,0.2,0,audit_gate:H:k5,0.12111674163200001,2.8542929305599998,3.25,0.52760942592,0.00034420736,0.0017210367999999998,0.05521542591999995,0.60429293056,0.00025815552
0.2,0.2,0,serial_last:H:k5,0.10003200000000001,2.25,2.25,0.52760942592,0.00034420736,0.0017210367999999998,0.05521542591999995,0.0,0.00034420736
0.2,0.2,0,exposed_vote:H:k6,0.04434734694400002,2.5,2.5,0.48518037913600004,9.637806079999998e-05,0.0004818903039999999,0.06002737913599998,0.0,9.637806079999998e-05
0.2,0.2,0,blind_vote:H:k6,0.004185999999999997,2.8,2.8,0.42515300000000006,1.9999999999999975e-07,9.999999999999987e-07,0.0,0.0,1.9999999999999975e-07
0.2,0.2,0,echo_gate:H:k6,0.10306030223359998,3.014819620864,3.5,0.48518037913600004,9.637806079999998e-05,0.0004818903039999999,0.06002737913599998,0.5148196208639999,9.637806079999998e-05
0.2,0.2,0,blind_gate:H:k6,0.11496959999999999,3.374847,3.8,0.42515300000000006,1.9999999999999975e-07,9.999999999999987e-07,0.0,0.5748469999999999,1.9999999999999975e-07
0.2,0.2,0,audit_gate:H:k6,0.1272952266752,3.136114715648,3.5,0.48518037913600004,9.637806079999998e-05,0.0004818903039999999,0.06002737913599998,0.636114715648,7.228354559999999e-05
0.2,0.2,0,serial_last:H:k6,0.10000640000000001,2.5,2.5,0.48518037913600004,9.637806079999998e-05,0.0004818903039999999,0.06002737913599998,0.0,9.637806079999998e-05
0.2,0.2,0,exposed_vote:H:k7,0.04146146263040001,2.75,2.75,0.44630426684620805,2.6985857023999995e-05,0.00013492928511999998,0.063666726846208,0.0,2.6985857023999995e-05
0.2,0.2,0,blind_vote:H:k7,0.004003749999999998,3.1,3.1,0.38263754000000005,1.999999999999997e-08,9.999999999999985e-08,0.0,0.0,1.999999999999997e-08
0.2,0.2,0,echo_gate:H:k7,0.1107661324877824,3.303695733153792,3.75,0.44630426684620805,2.6985857023999995e-05,0.00013492928511999998,0.063666726846208,0.553695733153792,2.6985857023999995e-05
0.2,0.2,0,blind_gate:H:k7,0.12347251199999999,3.71736246,4.1,0.38263754000000005,1.999999999999997e-08,9.999999999999985e-08,0.0,0.61736246,1.999999999999997e-08
0.2,0.2,0,audit_gate:H:k7,0.13307459936583677,3.415271799865344,3.75,0.44630426684620805,2.6985857023999995e-05,0.00013492928511999998,0.063666726846208,0.6652717998653439,2.0239392767999996e-05
0.2,0.2,0,serial_last:H:k7,0.10000128000000001,2.75,2.75,0.44630426684620805,2.6985857023999992e-05,0.00013492928511999995,0.063666726846208,0.0,2.6985857023999992e-05
0.2,0.2,0,exposed_vote:A:k1,0.1,0.5,0.5,0.8560000000000001,0.028,0.27999999999999997,0.03600000000000003,0.0,0.028
0.2,0.2,0,blind_vote:A:k1,0.1,0.55,0.55,0.8200000000000001,0.009999999999999998,0.09999999999999998,0.0,0.0,0.009999999999999998
0.2,0.2,0,echo_gate:A:k1,0.05679999999999998,0.6439999999999999,1.5,0.8560000000000001,0.028,0.27999999999999997,0.03600000000000003,0.1439999999999999,0.028
0.2,0.2,0,blind_gate:A:k1,0.045999999999999985,0.73,1.55,0.8200000000000001,0.009999999999999998,0.09999999999999998,0.0,0.17999999999999994,0.009999999999999998
0.2,0.2,0,audit_gate:A:k1,0.09259999999999999,0.8579999999999999,1.5,0.8560000000000001,0.028,0.27999999999999997,0.03600000000000003,0.3579999999999999,0.021
0.2,0.2,0,serial_last:A:k1,0.10000000000000002,0.5,0.5,0.8560000000000001,0.028,0.27999999999999997,0.03600000000000003,0.0,0.028
0.2,0.2,0,exposed_vote:A:k2,0.05392,0.75,0.75,0.7696000000000001,0.007840000000000001,0.07840000000000001,0.03959999999999997,0.0,0.007840000000000001
0.2,0.2,0,blind_vote:A:k2,0.027999999999999997,0.85,0.85,0.7300000000000001,0.0009999999999999996,0.009999999999999995,0.0,0.0,0.0009999999999999996
0.2,0.2,0,echo_gate:A:k2,0.05391999999999999,0.9803999999999999,1.75,0.7696000000000001,0.007840000000000001,0.07840000000000001,0.03959999999999997,0.23039999999999994,0.007840000000000001
0.2,0.2,0,blind_gate:A:k2,0.054999999999999986,1.1199999999999999,1.85,0.7300000000000001,0.0009999999999999996,0.009999999999999995,0.0,0.2699999999999999,0.0009999999999999996
0.2,0.2,0,audit_gate:A:k2,0.09043999999999999,1.1728,1.75,0.7696000000000001,0.007840000000000001,0.07840000000000001,0.03959999999999997,0.42279999999999995,0.0058800000000000015
0.2,0.2,0,serial_last:A:k2,0.1,0.75,0.75,0.7696000000000001,0.007840000000000001,0.07840000000000001,0.03959999999999997,0.0,0.007840000000000001
0.2,0.2,0,exposed_vote:A:k3,0.049312,1.0,1.0,0.7030144000000002,0.0021952,0.021952,0.046814400000000034,0.0,0.0021952
0.2,0.2,0,blind_vote:A:k3,0.02799999999999999,1.15,1.15,0.6562000000000001,9.999999999999994e-05,0.0009999999999999994,0.0,0.0,9.999999999999994e-05
0.2,0.2,0,echo_gate:A:k3,0.06159231999999997,1.2969855999999997,2.0,0.7030144000000002,0.0021952,0.021952,0.046814400000000034,0.29698559999999985,0.0021952
0.2,0.2,0,blind_gate:A:k3,0.06885999999999998,1.4937999999999998,2.15,0.6562000000000001,9.999999999999994e-05,0.0009999999999999994,0.0,0.3437999999999999,9.999999999999994e-05
0.2,0.2,0,audit_gate:A:k3,0.09619424,1.4727392,2.0,0.7030144000000002,0.0021952,0.021952,0.046814400000000034,0.4727391999999999,0.0016464000000000001
0.2,0.2,0,serial_last:A:k3,0.1,1.0,1.0,0.7030144000000002,0.0021952,0.021952,0.046814400000000034,0.0,0.0021952
0.2,0.2,0,exposed_vote:A:k4,0.03305497600000001,1.25,1.25,0.6453683200000001,0.000614656,0.00614656,0.05486832000000008,0.0,0.000614656
0.2,0.2,0,blind_vote:A:k4,0.008559999999999995,1.45,1.45,0.5905,9.999999999999992e-06,9.999999999999992e-05,0.0,0.0,9.999999999999992e-06
0.2,0.2,0,echo_gate:A:k4,0.07154099199999998,1.6046316799999998,2.25,0.6453683200000001,0.000614656,0.00614656,0.05486832000000008,0.3546316799999999,0.000614656
0.2,0.2,0,blind_gate:A:k4,0.08191,1.8595,2.45,0.5905,9.999999999999992e-06,9.999999999999992e-05,0.0,0.4095,9.999999999999992e-06
0.2,0.2,0,audit_gate:A:k4,0.103655744,1.76597376,2.25,0.6453683200000001,0.000614656,0.00614656,0.05486832000000008,0.51597376,0.000460992
0.2,0.2,0,serial_last:A:k4,0.1,1.25,1.25,0.6453683200000001,0.000614656,0.00614656,0.05486832000000008,0.0,0.000614656
0.2,0.2,0,exposed_vote:A:k5,0.03051873280000001,1.5,1.5,0.5933454745600001,0.00017210368,0.0017210367999999998,0.061903474560000005,0.0,0.00017210368
0.2,0.2,0,blind_vote:A:k5,0.008559999999999996,1.75,1.75,0.5314420000000001,9.99999999999999e-07,9.999999999999989e-06,0.0,0.0,9.99999999999999e-07
0.2,0.2,0,echo_gate:A:k5,0.08150300876799998,1.90665452544,2.5,0.5933454745600001,0.00017210368,0.0017210367999999998,0.061903474560000005,0.4066545254399999,0.00017210368
0.2,0.2,0,blind_gate:A:k5,0.0937126,2.218558,2.75,0.5314420000000001,9.99999999999999e-07,9.999999999999989e-06,0.0,0.4685579999999999,9.99999999999999e-07
0.2,0.2,0,audit_gate:A:k5,0.11112725657599999,2.05499089408,2.5,0.5933454745600001,0.00017210368,0.0017210367999999998,0.061903474560000005,0.5549908940799999,0.00012907776
0.2,0.2,0,serial_last:A:k5,0.1,1.5,1.5,0.5933454745600001,0.00017210368,0.0017210367999999998,0.061903474560000005,0.0,0.00017210368
0.2,0.2,0,exposed_vote:A:k6,0.02244286259200001,1.75,1.75,0.54576769024,4.818903039999999e-05,0.0004818903039999999,0.06747069023999996,0.0,4.818903039999999e-05
0.2,0.2,0,blind_vote:A:k6,0.0027279999999999982,2.05,2.05,0.4782970000000001,9.999999999999988e-08,9.999999999999987e-07,0.0,0.0,9.999999999999988e-08
0.2,0.2,0,echo_gate:A:k6,0.0908946509824,2.20423230976,2.75,0.54576769024,4.818903039999999e-05,0.0004818903039999999,0.06747069023999996,0.45423230975999995,4.818903039999999e-05
0.2,0.2,0,blind_gate:A:k6,0.1043407,2.571703,3.05,0.4782970000000001,9.999999999999988e-08,9.999999999999987e-07,0.0,0.5217029999999999,9.999999999999988e-08
0.2,0.2,0,audit_gate:A:k6,0.11817098823679999,2.34067423232,2.75,0.54576769024,4.818903039999999e-05,0.0004818903039999999,0.06747069023999996,0.5906742323199999,3.6141772799999996e-05
0.2,0.2,0,serial_last:A:k6,0.1,1.75,1.75,0.54576769024,4.818903039999999e-05,0.0004818903039999999,0.06747069023999996,0.0,4.818903039999999e-05
0.2,0.2,0,exposed_vote:A:k7,0.0210397892608,2.0,2.0,0.5020754340413441,1.3492928511999998e-05,0.00013492928511999998,0.07160821404134404,0.0,1.3492928511999998e-05
0.2,0.2,0,blind_vote:A:k7,0.0027279999999999982,2.35,2.35,0.4304672200000001,9.999999999999985e-09,9.999999999999985e-08,0.0,0.0,9.999999999999985e-09
0.2,0.2,0,echo_gate:A:k7,0.09959840612024318,2.4979245659586558,3.0,0.5020754340413441,1.3492928511999998e-05,0.00013492928511999998,0.07160821404134404,0.49792456595865586,1.3492928511999998e-05
0.2,0.2,0,blind_gate:A:k7,0.11390656599999997,2.91953278,3.35,0.4304672200000001,9.999999999999985e-09,9.999999999999985e-08,0.0,0.5695327799999998,9.999999999999985e-09
0.2,0.2,0,audit_gate:A:k7,0.12469880459018239,2.623443424468992,3.0,0.5020754340413441,1.3492928511999998e-05,0.00013492928511999998,0.07160821404134404,0.6234434244689919,1.0119696383999998e-05
0.2,0.2,0,serial_last:A:k7,0.1,2.0,2.0,0.5020754340413441,1.3492928511999996e-05,0.00013492928511999995,0.07160821404134404,0.0,1.3492928511999996e-05
0.2,0.2,0.5,alone:H:k0,0.2,1.0,1.0,1.0,0.2,1.0,0.0,0.0,0.2
0.2,0.2,0.5,alone:A:k0,0.1,0.25,0.25,1.0,0.1,1.0,0.0,0.0,0.1
0.2,0.2,0.5,exposed_vote:H:k1,0.16,1.25,1.25,0.792,0.05600000000000001,0.28,0.051999999999999935,0.0,0.05600000000000001
0.2,0.2,0.5,blind_vote:H:k1,0.15000000000000002,1.3,1.3,0.7400000000000001,0.02,0.09999999999999999,0.0,0.0,0.02
0.2,0.2,0.5,echo_gate:H:k1,0.0976,1.458,2.25,0.792,0.05600000000000001,0.28,0.051999999999999935,0.20799999999999996,0.05600000000000001
0.2,0.2,0.5,blind_gate:H:k1,0.07199999999999998,1.56,2.3,0.7400000000000001,0.02,0.09999999999999999,0.0,0.2599999999999999,0.02
0.2,0.2,0.5,audit_gate:H:k1,0.1232,1.656,2.25,0.792,0.05600000000000001,0.28,0.051999999999999935,0.4059999999999999,0.04200000000000001
0.2,0.2,0.5,serial_last:H:k1,0.12000000000000002,1.25,1.25,0.792,0.05600000000000001,0.28,0.051999999999999935,0.0,0.05600000000000001
0.2,0.2,0.5,exposed_vote:H:k2,0.11872,1.5,1.5,0.7216,0.021440000000000004,0.10720000000000002,0.026599999999999957,0.0,0.021440000000000004
0.2,0.2,0.5,blind_vote:H:k2,0.07300000000000001,1.6,1.6,0.6950000000000001,0.011000000000000001,0.055,0.0,0.0,0.011000000000000001
0.2,0.2,0.5,echo_gate:H:k2,0.07712000000000001,1.7784,2.5,0.7216,0.021440000000000004,0.10720000000000002,0.026599999999999957,0.2784,0.021440000000000004
0.2,0.2,0.5,blind_gate:H:k2,0.072,1.905,2.6,0.6950000000000001,0.011000000000000001,0.055,0.0,0.30499999999999994,0.011000000000000001
0.2,0.2,0.5,audit_gate:H:k2,0.10784000000000002,1.9588,2.5,0.7216,0.021440000000000004,0.10720000000000002,0.026599999999999957,0.4588,0.016080000000000004
0.2,0.2,0.5,serial_last:H:k2,0.10400000000000001,1.5,1.5,0.7216,0.021440000000000004,0.10720000000000002,0.026599999999999957,0.0,0.021440000000000004
0.2,0.2,0.5,exposed_vote:H:k3,0.10944000000000004,1.75,1.75,0.6847104,0.012915200000000003,0.06457600000000001,0.023010399999999986,0.0,0.012915200000000003
0.2,0.2,0.5,blind_vote:H:k3,0.07075000000000001,1.9,1.9,0.6617000000000001,0.010100000000000001,0.0505,0.0,0.0,0.010100000000000001
0.2,0.2,0.5,echo_gate:H:k3,0.07597311999999999,2.0652896,2.75,0.6847104,0.012915200000000003,0.06457600000000001,0.023010399999999986,0.31528959999999995,0.012915200000000003
0.2,0.2,0.5,blind_gate:H:k3,0.07775999999999998,2.2382999999999997,2.9,0.6617000000000001,0.010100000000000001,0.0505,0.0,0.33829999999999993,0.010100000000000001
0.2,0.2,0.5,audit_gate:H:k3,0.10697984,2.2364672,2.75,0.6847104,0.012915200000000003,0.06457600000000001,0.023010399999999986,0.4864672,0.009686400000000003
0.2,0.2,0.5,serial_last:H:k3,0.1008,1.75,1.75,0.6847104,0.012915200000000003,0.06457600000000001,0.023010399999999986,0.0,0.012915200000000003
0.2,0.2,0.5,exposed_vote:H:k4,0.09113241600000002,2.0,2.0,0.6573798400000002,0.010758656000000002,0.053793280000000006,0.024929840000000092,0.0,0.010758656000000002
0.2,0.2,0.5,blind_vote:H:k4,0.05671,2.2,2.2,0.6324500000000001,0.010010000000000002,0.050050000000000004,0.0,0.0,0.010010000000000002
0.2,0.2,0.5,echo_gate:H:k4,0.07928268799999998,2.34262016,3.0,0.6573798400000002,0.010758656000000002,0.053793280000000006,0.024929840000000092,0.34262015999999984,0.010758656000000002
0.2,0.2,0.5,blind_gate:H:k4,0.08352,2.56755,3.2,0.6324500000000001,0.010010000000000002,0.050050000000000004,0.0,0.36754999999999993,0.010010000000000002
0.2,0.2,0.5,audit_gate:H:k4,0.10946201599999997,2.50696512,3.0,0.6573798400000002,0.010758656000000002,0.053793280000000006,0.024929840000000092,0.5069651199999998,0.008068992
0.2,0.2,0.5,serial_last:H:k4,0.10016,2.0,2.0,0.6573798400000002,0.010758656000000002,0.053793280000000006,0.024929840000000092,0.0,0.010758656000000002
0.2,0.2,0.5,exposed_vote:H:k5,0.08735549440000001,2.25,2.25,0.63384631296,0.010200903680000001,0.051004518400000004,0.02764931295999995,0.0,0.010200903680000001
0.2,0.2,0.5,blind_vote:H:k5,0.056305,2.5,2.5,0.6061970000000001,0.010001000000000001,0.050005,0.0,0.0,0.010001000000000001
0.2,0.2,0.5,echo_gate:H:k5,0.083431641088,2.6161536870399997,3.25,0.63384631296,0.010200903680000001,0.051004518400000004,0.02764931295999995,0.36615368703999995,0.010200903680000001
0.2,0.2,0.5,blind_gate:H:k5,0.08876159999999998,2.893803,3.5,0.6061970000000001,0.010001000000000001,0.050005,0.0,0.3938029999999999,0.010001000000000001
0.2,0.2,0.5,audit_gate:H:k5,0.11257373081600001,2.77461526528,3.25,0.63384631296,0.010200903680000001,0.051004518400000004,0.02764931295999995,0.52461526528,0.007650677760000001
0.2,0.2,0.5,serial_last:H:k5,0.10003200000000001,2.25,2.25,0.63384631296,0.010200903680000001,0.051004518400000004,0.02764931295999995,0.0,0.010200903680000001
0.2,0.2,0.5,exposed_vote:H:k6,0.07711767347200002,2.5,2.5,0.612598509568,0.010053949030400003,0.050269745152000014,0.030022009568000052,0.0,0.010053949030400003
0.2,0.2,0.5,blind_vote:H:k6,0.052093,2.8,2.8,0.5825764999999999,0.010000100000000001,0.0500005,0.0,0.0,0.010000100000000001
0.2,0.2,0.5,echo_gate:H:k6,0.08753424711680001,2.887401490432,3.5,0.612598509568,0.010053949030400003,0.050269745152000014,0.030022009568000052,0.387401490432,0.010053949030400003
0.2,0.2,0.5,blind_gate:H:k6,0.09348480000000002,3.2174234999999998,3.8,0.5825764999999999,0.010000100000000001,0.0500005,0.0,0.41742350000000006,0.010000100000000001
0.2,0.2,0.5,audit_gate:H:k6,0.1156506853376,3.040551117824,3.5,0.612598509568,0.010053949030400003,0.050269745152000014,0.030022009568000052,0.540551117824,0.007540461772800003
0.2,0.2,0.5,serial_last:H:k6,0.10000640000000001,2.5,2.5,0.612598509568,0.010053949030400003,0.050269745152000014,0.030022009568000052,0.0,0.010053949030400003
0.2,0.2,0.5,exposed_vote:H:k7,0.07526513131520003,2.75,2.75,0.593153797423104,0.010014644928512001,0.050073224642560005,0.03183502742310407,0.0,0.010014644928512001
0.2,0.2,0.5,blind_vote:H:k7,0.052001875,3.1,3.1,0.56131877,0.010000010000000002,0.050000050000000004,0.0,0.0,0.010000010000000002
0.2,0.2,0.5,echo_gate:H:k7,0.0913838854438912,3.156846202576896,3.75,0.593153797423104,0.010014644928512001,0.050073224642560005,0.03183502742310407,0.40684620257689597,0.010014644928512001
0.2,0.2,0.5,blind_gate:H:k7,0.09773625600000002,3.53868123,4.1,0.56131877,0.010000010000000002,0.050000050000000004,0.0,0.43868123000000003,0.010000010000000002
0.2,0.2,0.5,audit_gate:H:k7,0.1185379140829184,3.305134651932672,3.75,0.593153797423104,0.010014644928512001,0.050073224642560005,0.03183502742310407,0.555134651932672,0.007510983696384001
0.2,0.2,0.5,serial_last:H:k7,0.10000128000000001,2.75,2.75,0.593153797423104,0.010014644928512001,0.050073224642560005,0.03183502742310407,0.0,0.010014644928512001
0.2,0.2,0.5,exposed_vote:A:k1,0.10000000000000002,0.5,0.5,0.9279999999999999,0.064,0.64,0.017999999999999905,0.0,0.064
0.2,0.2,0.5,blind_vote:A:k1,0.09999999999999999,0.55,0.55,0.91,0.055,0.5499999999999999,0.0,0.0,0.055
0.2,0.2,0.5,echo_gate:A:k1,0.07840000000000001,0.5720000000000001,1.5,0.9279999999999999,0.064,0.64,0.017999999999999905,0.07200000000000006,0.064
0.2,0.2,0.5,blind_gate:A:k1,0.073,0.64,1.55,0.91,0.055,0.5499999999999999,0.0,0.08999999999999997,0.055
0.2,0.2,0.5,audit_gate:A:k1,0.10880000000000001,0.804,1.5,0.9279999999999999,0.064,0.64,0.017999999999999905,0.30400000000000005,0.048
0.2,0.2,0.5,serial_last:A:k1,0.10000000000000002,0.5,0.5,0.9279999999999999,0.064,0.64,0.017999999999999905,0.0,0.064
0.2,0.2,0.5,exposed_vote:A:k2,0.07696,0.75,0.75,0.8848,0.05392000000000001,0.5392,0.01980000000000004,0.0,0.05392000000000001
0.2,0.2,0.5,blind_vote:A:k2,0.064,0.85,0.85,0.865,0.0505,0.505,0.0,0.0,0.0505
0.2,0.2,0.5,echo_gate:A:k2,0.07696,0.8652,1.75,0.8848,0.05392000000000001,0.5392,0.01980000000000004,0.11519999999999997,0.05392000000000001
0.2,0.2,0.5,blind_gate:A:k2,0.07750000000000001,0.985,1.85,0.865,0.0505,0.505,0.0,0.135,0.0505
0.2,0.2,0.5,audit_gate:A:k2,0.10772000000000001,1.0864,1.75,0.8848,0.05392000000000001,0.5392,0.01980000000000004,0.33640000000000003,0.040440000000000004
0.2,0.2,0.5,serial_last:A:k2,0.1,0.75,0.75,0.8848,0.05392000000000001,0.5392,0.01980000000000004,0.0,0.05392000000000001
0.2,0.2,0.5,exposed_vote:A:k3,0.07465600000000003,1.0,1.0,0.8515072000000001,0.05109760000000001,0.510976,0.02340719999999996,0.0,0.05109760000000001
0.2,0.2,0.5,blind_vote:A:k3,0.064,1.15,1.15,0.8281000000000002,0.050050000000000004,0.5005000000000001,0.0,0.0,0.050050000000000004
0.2,0.2,0.5,echo_gate:A:k3,0.08079615999999998,1.1484927999999999,2.0,0.8515072000000001,0.05109760000000001,0.510976,0.02340719999999996,0.14849279999999987,0.05109760000000001
0.2,0.2,0.5,blind_gate:A:k3,0.08442999999999998,1.3218999999999999,2.15,0.8281000000000002,0.050050000000000004,0.5005000000000001,0.0,0.17189999999999983,0.050050000000000004
0.2,0.2,0.5,audit_gate:A:k3,0.11059712,1.3613696,2.0,0.8515072000000001,0.05109760000000001,0.510976,0.02340719999999996,0.36136959999999996,0.0383232
0.2,0.2,0.5,serial_last:A:k3,0.1,1.0,1.0,0.8515072000000001,0.05109760000000001,0.510976,0.02340719999999996,0.0,0.05109760000000001
0.2,0.2,0.5,exposed_vote:A:k4,0.06652748800000001,1.25,1.25,0.8226841600000001,0.050307328000000005,0.5030732800000001,0.027434160000000096,0.0,0.050307328000000005
0.2,0.2,0.5,blind_vote:A:k4,0.05428,1.45,1.45,0.79525,0.050005,0.50005,0.0,0.0,0.050005
0.2,0.2,0.5,echo_gate:A:k4,0.08577049599999999,1.42731584,2.25,0.8226841600000001,0.050307328000000005,0.5030732800000001,0.027434160000000096,0.1773158399999999,0.050307328000000005
0.2,0.2,0.5,blind_gate:A:k4,0.09095500000000001,1.65475,2.45,0.79525,0.050005,0.50005,0.0,0.20475,0.050005
0.2,0.2,0.5,audit_gate:A:k4,0.114327872,1.6329868799999998,2.25,0.8226841600000001,0.050307328000000005,0.5030732800000001,0.027434160000000096,0.3829868799999999,0.037730496
0.2,0.2,0.5,serial_last:A:k4,0.1,1.25,1.25,0.8226841600000001,0.050307328000000005,0.5030732800000001,0.027434160000000096,0.0,0.050307328000000005
0.2,0.2,0.5,exposed_vote:A:k5,0.06525936640000002,1.5,1.5,0.79667273728,0.05008605184000001,0.5008605184,0.030951737280000002,0.0,0.05008605184000001
0.2,0.2,0.5,blind_vote:A:k5,0.05428,1.75,1.75,0.765721,0.0500005,0.500005,0.0,0.0,0.0500005
0.2,0.2,0.5,echo_gate:A:k5,0.09075150438400001,1.70332726272,2.5,0.79667273728,0.05008605184000001,0.5008605184,0.030951737280000002,0.20332726272,0.05008605184000001
0.2,0.2,0.5,blind_gate:A:k5,0.0968563,1.984279,2.75,0.765721,0.0500005,0.500005,0.0,0.23427900000000002,0.0500005
0.2,0.2,0.5,audit_gate:A:k5,0.11806362828799999,1.90249544704,2.5,0.79667273728,0.05008605184000001,0.5008605184,0.030951737280000002,0.40249544703999995,0.037564538880000005
0.2,0.2,0.5,serial_last:A:k5,0.1,1.5,1.5,0.79667273728,0.05008605184000001,0.5008605184,0.030951737280000002,0.0,0.05008605184000001
0.2,0.2,0.5,exposed_vote:A:k6,0.061221431296,1.75,1.75,0.77288384512,0.0500240945152,0.5002409451519999,0.03373534511999998,0.0,0.0500240945152
0.2,0.2,0.5,blind_vote:A:k6,0.051364,2.05,2.05,0.7391485,0.050000050000000004,0.5000005,0.0,0.0,0.050000050000000004
0.2,0.2,0.5,echo_gate:A:k6,0.09544732549120001,1.97711615488,2.75,0.77288384512,0.0500240945152,0.5002409451519999,0.03373534511999998,0.22711615488000003,0.0500240945152
0.2,0.2,0.5,blind_gate:A:k6,0.10217035000000001,2.3108515,3.05,0.7391485,0.050000050000000004,0.5000005,0.0,0.2608515,0.050000050000000004
0.2,0.2,0.5,audit_gate:A:k6,0.1215854941184,2.17033711616,2.75,0.77288384512,0.0500240945152,0.5002409451519999,0.03373534511999998,0.42033711616,0.037518070886399996
0.2,0.2,0.5,serial_last:A:k6,0.1,1.75,1.75,0.77288384512,0.0500240945152,0.5002409451519999,0.03373534511999998,0.0,0.0500240945152
0.2,0.2,0.5,exposed_vote:A:k7,0.06051989463039999,2.0,2.0,0.751037717020672,0.05000674646425599,0.5000674646425599,0.03580410702067194,0.0,0.05000674646425599
0.2,0.2,0.5,blind_vote:A:k7,0.05136399999999999,2.35,2.35,0.7152336100000001,0.050000005,0.5000000499999999,0.0,0.0,0.050000005
0.2,0.2,0.5,echo_gate:A:k7,0.09979920306012159,2.248962282979328,3.0,0.751037717020672,0.05000674646425599,0.5000674646425599,0.03580410702067194,0.248962282979328,0.05000674646425599
0.2,0.2,0.5,blind_gate:A:k7,0.10695328299999998,2.6347663900000002,3.35,0.7152336100000001,0.050000005,0.5000000499999999,0.0,0.2847663899999999,0.050000005
0.2,0.2,0.5,audit_gate:A:k7,0.1248494022950912,2.4367217122344957,3.0,0.751037717020672,0.05000674646425599,0.5000674646425599,0.03580410702067194,0.43672171223449596,0.037505059848191996
0.2,0.2,0.5,serial_last:A:k7,0.1,2.0,2.0,0.751037717020672,0.05000674646425599,0.5000674646425599,0.03580410702067194,0.0,0.05000674646425599
0.2,0.2,0.9,alone:H:k0,0.2,1.0,1.0,1.0,0.2,1.0,0.0,0.0,0.2
0.2,0.2,0.9,alone:A:k0,0.1,0.25,0.25,1.0,0.1,1.0,0.0,0.0,0.1
0.2,0.2,0.9,exposed_vote:H:k1,0.16,1.25,1.25,0.792,0.05600000000000001,0.28,0.051999999999999935,0.0,0.05600000000000001
0.2,0.2,0.9,blind_vote:H:k1,0.15000000000000002,1.3,1.3,0.7400000000000001,0.020000000000000004,0.10000000000000002,0.0,0.0,0.020000000000000004
0.2,0.2,0.9,echo_gate:H:k1,0.0976,1.458,2.25,0.792,0.05600000000000001,0.28,0.051999999999999935,0.20799999999999996,0.05600000000000001
0.2,0.2,0.9,blind_gate:H:k1,0.07199999999999998,1.56,2.3,0.7400000000000001,0.020000000000000004,0.10000000000000002,0.0,0.2599999999999999,0.020000000000000004
0.2,0.2,0.9,audit_gate:H:k1,0.1232,1.656,2.25,0.792,0.05600000000000001,0.28,0.051999999999999935,0.4059999999999999,0.04200000000000001
0.2,0.2,0.9,serial_last:H:k1,0.12000000000000002,1.25,1.25,0.792,0.05600000000000001,0.28,0.051999999999999935,0.0,0.05600000000000001
0.2,0.2,0.9,exposed_vote:H:k2,0.13254400000000002,1.5,1.5,0.7446400000000001,0.026048000000000005,0.13024000000000002,0.013639999999999985,0.0,0.026048000000000005
0.2,0.2,0.9,blind_vote:H:k2,0.09460000000000002,1.6,1.6,0.7310000000000001,0.018200000000000004,0.09100000000000001,0.0,0.0,0.018200000000000004
0.2,0.2,0.9,echo_gate:H:k2,0.07712,1.75536,2.5,0.7446400000000001,0.026048000000000005,0.13024000000000002,0.013639999999999985,0.2553599999999999,0.026048000000000005
0.2,0.2,0.9,blind_gate:H:k2,0.072,1.869,2.6,0.7310000000000001,0.018200000000000004,0.09100000000000001,0.0,0.2689999999999999,0.018200000000000004
0.2,0.2,0.9,audit_gate:H:k2,0.10783999999999999,1.94152,2.5,0.7446400000000001,0.026048000000000005,0.13024000000000002,0.013639999999999985,0.4415199999999999,0.019536000000000005
0.2,0.2,0.9,serial_last:H:k2,0.10400000000000001,1.5,1.5,0.7446400000000001,0.026048000000000005,0.13024000000000002,0.013639999999999985,0.0,0.026048000000000005
0.2,0.2,0.9,exposed_vote:H:k3,0.12556800000000004,1.75,1.75,0.73060608,0.019735040000000006,0.09867520000000002,0.006266079999999952,0.0,0.019735040000000006
0.2,0.2,0.9,blind_vote:H:k3,0.09415000000000001,1.9,1.9,0.7243400000000001,0.018020000000000005,0.09010000000000001,0.0,0.0,0.018020000000000005
0.2,0.2,0.9,echo_gate:H:k3,0.073613824,2.0193939199999997,2.75,0.73060608,0.019735040000000006,0.09867520000000002,0.006266079999999952,0.26939391999999995,0.019735040000000006
0.2,0.2,0.9,blind_gate:H:k3,0.073152,2.1756599999999997,2.9,0.7243400000000001,0.018020000000000005,0.09010000000000001,0.0,0.2756599999999999,0.018020000000000005
0.2,0.2,0.9,audit_gate:H:k3,0.10521036800000001,2.20204544,2.75,0.73060608,0.019735040000000006,0.09867520000000002,0.006266079999999952,0.45204544,0.014801280000000003
0.2,0.2,0.9,serial_last:H:k3,0.1008,1.75,1.75,0.73060608,0.019735040000000006,0.09867520000000002,0.006266079999999952,0.0,0.019735040000000006
0.2,0.2,0.9,exposed_vote:H:k4,0.11269048320000004,2.0,2.0,0.723808768,0.018382131200000002,0.09191065600000001,0.005318768000000085,0.0,0.018382131200000002
0.2,0.2,0.9,blind_vote:H:k4,0.09134199999999999,2.2,2.2,0.71849,0.018002,0.09000999999999999,0.0,0.0,0.018002
0.2,0.2,0.9,echo_gate:H:k4,0.0736203776,2.276191232,3.0,0.723808768,0.018382131200000002,0.09191065600000001,0.005318768000000085,0.27619123199999995,0.018382131200000002
0.2,0.2,0.9,blind_gate:H:k4,0.07430400000000001,2.48151,3.2,0.71849,0.018002,0.09000999999999999,0.0,0.28151000000000004,0.018002
0.2,0.2,0.9,audit_gate:H:k4,0.1052152832,2.457143424,3.0,0.723808768,0.018382131200000002,0.09191065600000001,0.005318768000000085,0.45714342399999996,0.013786598400000002
0.2,0.2,0.9,serial_last:H:k4,0.10016,2.0,2.0,0.723808768,0.018382131200000002,0.09191065600000001,0.005318768000000085,0.0,0.018382131200000002
0.2,0.2,0.9,exposed_vote:H:k5,0.11029669888000004,2.25,2.25,0.7188358225920001,0.018086260736000004,0.09043130368000002,0.005596422591999994,0.0,0.018086260736000004
0.2,0.2,0.9,blind_vote:H:k5,0.09126100000000002,2.5,2.5,0.7132394000000001,0.018000200000000004,0.09000100000000001,0.0,0.0,0.018000200000000004
0.2,0.2,0.9,echo_gate:H:k5,0.0743190962176,2.531164177408,3.25,0.7188358225920001,0.018086260736000004,0.09043130368000002,0.005596422591999994,0.2811641774079999,0.018086260736000004
0.2,0.2,0.9,blind_gate:H:k5,0.07535231999999999,2.7867606,3.5,0.7132394000000001,0.018000200000000004,0.09000100000000001,0.0,0.2867605999999999,0.018000200000000004
0.2,0.2,0.9,audit_gate:H:k5,0.1057393221632,2.710873133056,3.25,0.7188358225920001,0.018086260736000004,0.09043130368000002,0.005596422591999994,0.460873133056,0.013564695552000003
0.2,0.2,0.9,serial_last:H:k5,0.10003200000000001,2.25,2.25,0.7188358225920001,0.018086260736000004,0.09043130368000002,0.005596422591999994,0.0,0.018086260736000004
0.2,0.2,0.9,exposed_vote:H:k6,0.10333393469440004,2.5,2.5,0.7145330139136,0.01802000580608,0.0901000290304,0.0060177139135999536,0.0,0.01802000580608
0.2,0.2,0.9,blind_vote:H:k6,0.09041860000000002,2.8,2.8,0.7085153000000001,0.018000020000000002,0.0900001,0.0,0.0,0.018000020000000002
0.2,0.2,0.9,echo_gate:H:k6,0.07511340302336,2.7854669860864,3.5,0.7145330139136,0.01802000580608,0.0901000290304,0.0060177139135999536,0.2854669860864,0.01802000580608
0.2,0.2,0.9,blind_gate:H:k6,0.07629696,3.0914846999999996,3.8,0.7085153000000001,0.018000020000000002,0.0900001,0.0,0.29148469999999993,0.018000020000000002
0.2,0.2,0.9,audit_gate:H:k6,0.10633505226752,2.9641002395648,3.5,0.7145330139136,0.01802000580608,0.0901000290304,0.0060177139135999536,0.46410023956479995,0.01351500435456
0.2,0.2,0.9,serial_last:H:k6,0.10000640000000001,2.5,2.5,0.7145330139136,0.01802000580608,0.0901000290304,0.0060177139135999536,0.0,0.01802000580608
0.2,0.2,0.9,exposed_vote:H:k7,0.10230806626304001,2.75,2.75,0.7106334218846209,0.0180047721857024,0.090023860928512,0.006369667884620789,0.0,0.0180047721857024
0.2,0.2,0.9,blind_vote:H:k7,0.090400375,3.1,3.1,0.7042637540000001,0.018000002,0.09000001,0.0,0.0,0.018000002
0.2,0.2,0.9,echo_gate:H:k7,0.07587808780877822,3.039366578115379,3.75,0.7106334218846209,0.0180047721857024,0.090023860928512,0.006369667884620789,0.28936657811537914,0.0180047721857024
0.2,0.2,0.9,blind_gate:H:k7,0.07714725119999999,3.3957362460000002,4.1,0.7042637540000001,0.018000002,0.09000001,0.0,0.2957362459999999,0.018000002
0.2,0.2,0.9,audit_gate:H:k7,0.10690856585658369,3.2170249335865346,3.75,0.7106334218846209,0.0180047721857024,0.090023860928512,0.006369667884620789,0.4670249335865344,0.0135035791392768
0.2,0.2,0.9,serial_last:H:k7,0.10000128000000001,2.75,2.75,0.7106334218846209,0.0180047721857024,0.090023860928512,0.006369667884620789,0.0,0.0180047721857024
0.2,0.2,0.9,exposed_vote:A:k1,0.1,0.5,0.5,0.9856,0.09280000000000001,0.928,0.0036000000000000476,0.0,0.09280000000000001
0.2,0.2,0.9,blind_vote:A:k1,0.10000000000000002,0.55,0.55,0.982,0.09100000000000001,0.91,0.0,0.0,0.09100000000000001
0.2,0.2,0.9,echo_gate:A:k1,0.09568,0.5144,1.5,0.9856,0.09280000000000001,0.928,0.0036000000000000476,0.014399999999999968,0.09280000000000001
0.2,0.2,0.9,blind_gate:A:k1,0.09460000000000002,0.5680000000000001,1.55,0.982,0.09100000000000001,0.91,0.0,0.018000000000000016,0.09100000000000001
0.2,0.2,0.9,audit_gate:A:k1,0.12176,0.7607999999999999,1.5,0.9856,0.09280000000000001,0.928,0.0036000000000000476,0.2607999999999999,0.06960000000000001
0.2,0.2,0.9,serial_last:A:k1,0.10000000000000002,0.5,0.5,0.9856,0.09280000000000001,0.928,0.0036000000000000476,0.0,0.09280000000000001
0.2,0.2,0.9,exposed_vote:A:k2,0.095392,0.75,0.75,0.97696,0.09078400000000002,0.9078400000000001,0.0039599999999999635,0.0,0.09078400000000002
0.2,0.2,0.9,blind_vote:A:k2,0.09280000000000001,0.85,0.85,0.9730000000000001,0.09010000000000001,0.9010000000000001,0.0,0.0,0.09010000000000001
0.2,0.2,0.9,echo_gate:A:k2,0.095392,0.77304,1.75,0.97696,0.09078400000000002,0.9078400000000001,0.0039599999999999635,0.02303999999999995,0.09078400000000002
0.2,0.2,0.9,blind_gate:A:k2,0.0955,0.8769999999999999,1.85,0.9730000000000001,0.09010000000000001,0.9010000000000001,0.0,0.026999999999999913,0.09010000000000001
0.2,0.2,0.9,audit_gate:A:k2,0.12154400000000001,1.01728,1.75,0.97696,0.09078400000000002,0.9078400000000001,0.0039599999999999635,0.26727999999999996,0.06808800000000001
0.2,0.2,0.9,serial_last:A:k2,0.1,0.75,0.75,0.97696,0.09078400000000002,0.9078400000000001,0.0039599999999999635,0.0,0.09078400000000002
0.2,0.2,0.9,exposed_vote:A:k3,0.09493120000000002,1.0,1.0,0.9703014400000001,0.09021952000000001,0.9021952000000001,0.004681440000000037,0.0,0.09021952000000001
0.2,0.2,0.9,blind_vote:A:k3,0.09280000000000001,1.15,1.15,0.96562,0.09001,0.9001,0.0,0.0,0.09001
0.2,0.2,0.9,echo_gate:A:k3,0.096159232,1.02969856,2.0,0.9703014400000001,0.09021952000000001,0.9021952000000001,0.004681440000000037,0.02969855999999993,0.09021952000000001
0.2,0.2,0.9,blind_gate:A:k3,0.096886,1.18438,2.15,0.96562,0.09001,0.9001,0.0,0.034379999999999966,0.09001
0.2,0.2,0.9,audit_gate:A:k3,0.122119424,1.27227392,2.0,0.9703014400000001,0.09021952000000001,0.9021952000000001,0.004681440000000037,0.27227391999999995,0.06766464000000001
0.2,0.2,0.9,serial_last:A:k3,0.1,1.0,1.0,0.9703014400000001,0.09021952000000001,0.9021952000000001,0.004681440000000037,0.0,0.09021952000000001
0.2,0.2,0.9,exposed_vote:A:k4,0.09330549760000001,1.25,1.25,0.9645368320000001,0.09006146560000002,0.9006146560000001,0.005486831999999997,0.0,0.09006146560000002
0.2,0.2,0.9,blind_vote:A:k4,0.090856,1.45,1.45,0.9590500000000001,0.09000100000000001,0.9000100000000001,0.0,0.0,0.09000100000000001
0.2,0.2,0.9,echo_gate:A:k4,0.0971540992,1.285463168,2.25,0.9645368320000001,0.09006146560000002,0.9006146560000001,0.005486831999999997,0.035463167999999934,0.09006146560000002
0.2,0.2,0.9,blind_gate:A:k4,0.098191,1.4909499999999998,2.45,0.9590500000000001,0.09000100000000001,0.9000100000000001,0.0,0.04094999999999993,0.09000100000000001
0.2,0.2,0.9,audit_gate:A:k4,0.12286557440000001,1.526597376,2.25,0.9645368320000001,0.09006146560000002,0.9006146560000001,0.005486831999999997,0.276597376,0.06754609920000001
0.2,0.2,0.9,serial_last:A:k4,0.1,1.25,1.25,0.9645368320000001,0.09006146560000002,0.9006146560000001,0.005486831999999997,0.0,0.09006146560000002
0.2,0.2,0.9,exposed_vote:A:k5,0.09305187327999999,1.5,1.5,0.9593345474560001,0.090017210368,0.90017210368,0.0061903474560000005,0.0,0.090017210368
0.2,0.2,0.9,blind_vote:A:k5,0.09085600000000002,1.75,1.75,0.9531442000000001,0.09000010000000001,0.900001,0.0,0.0,0.09000010000000001
0.2,0.2,0.9,echo_gate:A:k5,0.09815030087679999,1.5406654525439998,2.5,0.9593345474560001,0.090017210368,0.90017210368,0.0061903474560000005,0.04066545254399989,0.090017210368
0.2,0.2,0.9,blind_gate:A:k5,0.09937125999999999,1.7968558,2.75,0.9531442000000001,0.09000010000000001,0.900001,0.0,0.04685579999999989,0.09000010000000001
0.2,0.2,0.9,audit_gate:A:k5,0.12361272565759998,1.780499089408,2.5,0.9593345474560001,0.090017210368,0.90017210368,0.0061903474560000005,0.28049908940799995,0.067512907776
0.2,0.2,0.9,serial_last:A:k5,0.1,1.5,1.5,0.9593345474560001,0.090017210368,0.90017210368,0.0061903474560000005,0.0,0.090017210368
0.2,0.2,0.9,exposed_vote:A:k6,0.09224428625920002,1.75,1.75,0.9545767690240001,0.09000481890304,0.9000481890304,0.006747069024000019,0.0,0.09000481890304
0.2,0.2,0.9,blind_vote:A:k6,0.09027279999999999,2.05,2.05,0.9478297000000001,0.09000001,0.9000001,0.0,0.0,0.09000001
0.2,0.2,0.9,echo_gate:A:k6,0.09908946509823997,1.7954232309759999,2.75,0.9545767690240001,0.09000481890304,0.9000481890304,0.006747069024000019,0.04542323097599987,0.09000481890304
0.2,0.2,0.9,blind_gate:A:k6,0.10043406999999999,2.1021702999999996,3.05,0.9478297000000001,0.09000001,0.9000001,0.0,0.05217029999999989,0.09000001
0.2,0.2,0.9,audit_gate:A:k6,0.12431709882368,2.034067423232,2.75,0.9545767690240001,0.09000481890304,0.9000481890304,0.006747069024000019,0.28406742323199996,0.06750361417728
0.2,0.2,0.9,serial_last:A:k6,0.1,1.75,1.75,0.9545767690240001,0.09000481890304,0.9000481890304,0.006747069024000019,0.0,0.09000481890304
0.2,0.2,0.9,exposed_vote:A:k7,0.09210397892608001,2.0,2.0,0.9502075434041344,0.09000134929285121,0.9000134929285121,0.007160821404134321,0.0,0.09000134929285121
0.2,0.2,0.9,blind_vote:A:k7,0.09027280000000003,2.35,2.35,0.9430467220000001,0.09000000100000001,0.9000000100000001,0.0,0.0,0.09000000100000001
0.2,0.2,0.9,echo_gate:A:k7,0.09995984061202434,2.0497924565958656,3.0,0.9502075434041344,0.09000134929285121,0.9000134929285121,0.007160821404134321,0.04979245659586562,0.09000134929285121
0.2,0.2,0.9,blind_gate:A:k7,0.1013906566,2.406953278,3.35,0.9430467220000001,0.09000000100000001,0.9000000100000001,0.0,0.05695327799999994,0.09000000100000001
0.2,0.2,0.9,audit_gate:A:k7,0.12496988045901826,2.2873443424468993,3.0,0.9502075434041344,0.09000134929285121,0.9000134929285121,0.007160821404134321,0.2873443424468992,0.06750101196963841
0.2,0.2,0.9,serial_last:A:k7,0.1,2.0,2.0,0.9502075434041344,0.09000134929285121,0.9000134929285121,0.007160821404134321,0.0,0.09000134929285121
0.2,0.5,0,alone:H:k0,0.2,1.0,1.0,1.0,0.2,1.0,0.0,0.0,0.2
0.2,0.5,0,alone:A:k0,0.1,0.25,0.25,1.0,0.1,1.0,0.0,0.0,0.1
0.2,0.5,0,exposed_vote:H:k1,0.16,1.25,1.25,0.792,0.056,0.27999999999999997,0.051999999999999935,0.0,0.056
0.2,0.5,0,blind_vote:H:k1,0.15000000000000002,1.3,1.3,0.7400000000000001,0.019999999999999997,0.09999999999999998,0.0,0.0,0.019999999999999997
0.2,0.5,0,echo_gate:H:k1,0.09759999999999999,1.458,2.25,0.792,0.056,0.27999999999999997,0.051999999999999935,0.20799999999999996,0.056
0.2,0.5,0,blind_gate:H:k1,0.07199999999999998,1.56,2.3,0.7400000000000001,0.019999999999999997,0.09999999999999998,0.0,0.2599999999999999,0.019999999999999997
0.2,0.5,0,audit_gate:H:k1,0.1232,1.656,2.25,0.792,0.056,0.27999999999999997,0.051999999999999935,0.4059999999999999,0.042
0.2,0.5,0,serial_last:H:k1,0.12000000000000002,1.25,1.25,0.792,0.056,0.27999999999999997,0.051999999999999935,0.0,0.056
0.2,0.5,0,exposed_vote:H:k2,0.10144,1.5,1.5,0.6928000000000001,0.015680000000000003,0.07840000000000001,0.04279999999999995,0.0,0.015680000000000003
0.2,0.5,0,blind_vote:H:k2,0.046,1.6,1.6,0.6500000000000001,0.001999999999999999,0.009999999999999995,0.0,0.0,0.001999999999999999
0.2,0.5,0,echo_gate:H:k2,0.07712,1.8072,2.5,0.6928000000000001,0.015680000000000003,0.07840000000000001,0.04279999999999995,0.3071999999999999,0.015680000000000003
0.2,0.5,0,blind_gate:H:k2,0.07199999999999998,1.95,2.6,0.6500000000000001,0.001999999999999999,0.009999999999999995,0.0,0.34999999999999987,0.001999999999999999
0.2,0.5,0,audit_gate:H:k2,0.10784,1.9804,2.5,0.6928000000000001,0.015680000000000003,0.07840000000000001,0.04279999999999995,0.48039999999999994,0.011760000000000003
0.2,0.5,0,serial_last:H:k2,0.11000000000000001,1.5,1.5,0.7300000000000001,0.0308,0.154,0.07999999999999996,0.0,0.0308
0.2,0.5,0,exposed_vote:H:k3,0.08928000000000001,1.75,1.75,0.6273408,0.0043904,0.021952,0.0439408,0.0,0.0043904
0.2,0.5,0,blind_vote:H:k3,0.041499999999999995,1.9,1.9,0.5834,0.00019999999999999987,0.0009999999999999994,0.0,0.0,0.00019999999999999987
0.2,0.5,0,echo_gate:H:k3,0.07892224,2.1226592,2.75,0.6273408,0.0043904,0.021952,0.0439408,0.37265919999999997,0.0043904
0.2,0.5,0,blind_gate:H:k3,0.08352000000000001,2.3165999999999998,2.9,0.5834,0.00019999999999999987,0.0009999999999999994,0.0,0.41659999999999997,0.00019999999999999987
0.2,0.5,0,audit_gate:H:k3,0.10919167999999999,2.2794944,2.75,0.6273408,0.0043904,0.021952,0.0439408,0.5294943999999999,0.0032928000000000002
0.2,0.5,0,serial_last:H:k3,0.10500000000000001,1.75,1.75,0.68118,0.01694,0.0847,0.09777999999999998,0.0,0.01694
0.2,0.5,0,exposed_vote:H:k4,0.06418483200000002,2.0,2.0,0.57434368,0.001229312,0.00614656,0.04944367999999999,0.0,0.001229312
0.2,0.5,0,blind_vote:H:k4,0.013419999999999994,2.2,2.2,0.5249,1.9999999999999985e-05,9.999999999999992e-05,0.0,0.0,1.9999999999999985e-05
0.2,0.5,0,echo_gate:H:k4,0.086360576,2.42565632,3.0,0.57434368,0.001229312,0.00614656,0.04944367999999999,0.42565632,0.001229312
0.2,0.5,0,blind_gate:H:k4,0.09504,2.6751,3.2,0.5249,1.9999999999999985e-05,9.999999999999992e-05,0.0,0.47509999999999997,1.9999999999999985e-05
0.2,0.5,0,audit_gate:H:k4,0.114770432,2.56924224,3.0,0.57434368,0.001229312,0.00614656,0.04944367999999999,0.56924224,0.000921984
0.2,0.5,0,serial_last:H:k4,0.10250000000000001,2.0,2.0,0.6403449999999999,0.009316999999999999,0.046584999999999994,0.11544499999999991,0.0,0.009316999999999999
0.2,0.5,0,exposed_vote:H:k5,0.058678988800000026,2.25,2.25,0.52760942592,0.00034420736,0.0017210367999999998,0.05521542591999995,0.0,0.00034420736
0.2,0.5,0,blind_vote:H:k5,0.012609999999999993,2.5,2.5,0.4723940000000001,1.999999999999998e-06,9.999999999999989e-06,0.0,0.0,1.999999999999998e-06
0.2,0.5,0,echo_gate:H:k5,0.09482232217599999,2.72239057408,3.25,0.52760942592,0.00034420736,0.0017210367999999998,0.05521542591999995,0.47239057407999996,0.00034420736
0.2,0.5,0,blind_gate:H:k5,0.10552319999999998,3.027606,3.5,0.4723940000000001,1.999999999999998e-06,9.999999999999989e-06,0.0,0.5276059999999999,1.999999999999998e-06
0.2,0.5,0,audit_gate:H:k5,0.12111674163200001,2.8542929305599998,3.25,0.52760942592,0.00034420736,0.0017210367999999998,0.05521542591999995,0.60429293056,0.00025815552
0.2,0.5,0,serial_last:H:k5,0.10125,2.25,2.25,0.60460095,0.00512435,0.02562175,0.13220694999999993,0.0,0.00512435
0.2,0.5,0,exposed_vote:H:k6,0.04434734694400002,2.5,2.5,0.48518037913600004,9.637806079999998e-05,0.0004818903039999999,0.06002737913599998,0.0,9.637806079999998e-05
0.2,0.5,0,blind_vote:H:k6,0.004185999999999997,2.8,2.8,0.42515300000000006,1.9999999999999975e-07,9.999999999999987e-07,0.0,0.0,1.9999999999999975e-07
0.2,0.5,0,echo_gate:H:k6,0.10306030223359998,3.014819620864,3.5,0.48518037913600004,9.637806079999998e-05,0.0004818903039999999,0.06002737913599998,0.5148196208639999,9.637806079999998e-05
0.2,0.5,0,blind_gate:H:k6,0.11496959999999999,3.374847,3.8,0.42515300000000006,1.9999999999999975e-07,9.999999999999987e-07,0.0,0.5748469999999999,1.9999999999999975e-07
0.2,0.5,0,audit_gate:H:k6,0.1272952266752,3.136114715648,3.5,0.48518037913600004,9.637806079999998e-05,0.0004818903039999999,0.06002737913599998,0.636114715648,7.228354559999999e-05
0.2,0.5,0,serial_last:H:k6,0.100625,2.5,2.5,0.5723211625,0.0028183924999999996,0.014091962499999998,0.14716816249999992,0.0,0.0028183924999999996
0.2,0.5,0,exposed_vote:H:k7,0.04146146263040001,2.75,2.75,0.44630426684620805,2.6985857023999995e-05,0.00013492928511999998,0.063666726846208,0.0,2.6985857023999995e-05
0.2,0.5,0,blind_vote:H:k7,0.004003749999999998,3.1,3.1,0.38263754000000005,1.999999999999997e-08,9.999999999999985e-08,0.0,0.0,1.999999999999997e-08
0.2,0.5,0,echo_gate:H:k7,0.1107661324877824,3.303695733153792,3.75,0.44630426684620805,2.6985857023999995e-05,0.00013492928511999998,0.063666726846208,0.553695733153792,2.6985857023999995e-05
0.2,0.5,0,blind_gate:H:k7,0.12347251199999999,3.71736246,4.1,0.38263754000000005,1.999999999999997e-08,9.999999999999985e-08,0.0,0.61736246,1.999999999999997e-08
0.2,0.5,0,audit_gate:H:k7,0.13307459936583677,3.415271799865344,3.75,0.44630426684620805,2.6985857023999995e-05,0.00013492928511999998,0.063666726846208,0.6652717998653439,2.0239392767999996e-05
0.2,0.5,0,serial_last:H:k7,0.1003125,2.75,2.75,0.542577747375,0.0015501158749999997,0.007750579374999998,0.15994020737499992,0.0,0.0015501158749999997
0.2,0.5,0,exposed_vote:A:k1,0.1,0.5,0.5,0.91,0.05500000000000001,0.55,0.08999999999999997,0.0,0.05500000000000001
0.2,0.5,0,blind_vote:A:k1,0.1,0.55,0.55,0.8200000000000001,0.009999999999999998,0.09999999999999998,0.0,0.0,0.009999999999999998
0.2,0.5,0,echo_gate:A:k1,0.07300000000000001,0.59,1.5,0.91,0.05500000000000001,0.55,0.08999999999999997,0.08999999999999997,0.05500000000000001
0.2,0.5,0,blind_gate:A:k1,0.045999999999999985,0.73,1.55,0.8200000000000001,0.009999999999999998,0.09999999999999998,0.0,0.17999999999999994,0.009999999999999998
0.2,0.5,0,audit_gate:A:k1,0.10475000000000001,0.8175,1.5,0.91,0.05500000000000001,0.55,0.08999999999999997,0.3175,0.04125000000000001
0.2,0.5,0,serial_last:A:k1,0.1,0.5,0.5,0.91,0.05500000000000001,0.55,0.08999999999999997,0.0,0.05500000000000001
0.2,0.5,0,exposed_vote:A:k2,0.08200000000000002,0.75,0.75,0.8425,0.030250000000000003,0.3025,0.11249999999999993,0.0,0.030250000000000003
0.2,0.5,0,blind_vote:A:k2,0.027999999999999997,0.85,0.85,0.7300000000000001,0.0009999999999999996,0.009999999999999995,0.0,0.0,0.0009999999999999996
0.2,0.5,0,echo_gate:A:k2,0.06175,0.9075,1.75,0.8425,0.030250000000000003,0.3025,0.11249999999999993,0.15749999999999997,0.030250000000000003
0.2,0.5,0,blind_gate:A:k2,0.054999999999999986,1.1199999999999999,1.85,0.7300000000000001,0.0009999999999999996,0.009999999999999995,0.0,0.2699999999999999,0.0009999999999999996
0.2,0.5,0,audit_gate:A:k2,0.09631250000000001,1.118125,1.75,0.8425,0.030250000000000003,0.3025,0.11249999999999993,0.36812500000000004,0.022687500000000003
0.2,0.5,0,serial_last:A:k2,0.1,0.75,0.75,0.8425,0.030250000000000003,0.3025,0.11249999999999993,0.0,0.030250000000000003
0.2,0.5,0,exposed_vote:A:k3,0.07749999999999999,1.0,1.0,0.7882750000000001,0.0166375,0.166375,0.13207499999999994,0.0,0.0166375
0.2,0.5,0,blind_vote:A:k3,0.02799999999999999,1.15,1.15,0.6562000000000001,9.999999999999994e-05,0.0009999999999999994,0.0,0.0,9.999999999999994e-05
0.2,0.5,0,echo_gate:A:k3,0.05898249999999999,1.211725,2.0,0.7882750000000001,0.0166375,0.166375,0.13207499999999994,0.21172499999999994,0.0166375
0.2,0.5,0,blind_gate:A:k3,0.06885999999999998,1.4937999999999998,2.15,0.6562000000000001,9.999999999999994e-05,0.0009999999999999994,0.0,0.3437999999999999,9.999999999999994e-05
0.2,0.5,0,audit_gate:A:k3,0.094236875,1.40879375,2.0,0.7882750000000001,0.0166375,0.166375,0.13207499999999994,0.40879374999999996,0.012478125
0.2,0.5,0,serial_last:A:k3,0.1,1.0,1.0,0.7882750000000001,0.0166375,0.166375,0.13207499999999994,0.0,0.0166375
0.2,0.5,0,exposed_vote:A:k4,0.07628499999999999,1.25,1.25,0.7422062500000001,0.009150624999999999,0.09150624999999998,0.15170625000000004,0.0,0.009150624999999999
0.2,0.5,0,blind_vote:A:k4,0.008559999999999995,1.45,1.45,0.5905,9.999999999999992e-06,9.999999999999992e-05,0.0,0.0,9.999999999999992e-06
0.2,0.5,0,echo_gate:A:k4,0.06070937499999998,1.5077937499999998,2.25,0.7422062500000001,0.009150624999999999,0.09150624999999998,0.15170625000000004,0.25779374999999993,0.009150624999999999
0.2,0.5,0,blind_gate:A:k4,0.08191,1.8595,2.45,0.5905,9.999999999999992e-06,9.999999999999992e-05,0.0,0.4095,9.999999999999992e-06
0.2,0.5,0,audit_gate:A:k4,0.09553203125000001,1.6933453125,2.25,0.7422062500000001,0.009150624999999999,0.09150624999999998,0.15170625000000004,0.4433453125,0.006862968749999999
0.2,0.5,0,serial_last:A:k4,0.1,1.25,1.25,0.7422062500000001,0.009150624999999999,0.09150624999999998,0.15170625000000004,0.0,0.009150624999999999
0.2,0.5,0,exposed_vote:A:k5,0.07362999999999999,1.5,1.5,0.7014356875000001,0.00503284375,0.050328437499999996,0.1699936875,0.0,0.00503284375
0.2,0.5,0,blind_vote:A:k5,0.008559999999999996,1.75,1.75,0.5314420000000001,9.99999999999999e-07,9.999999999999989e-06,0.0,0.0,9.99999999999999e-07
0.2,0.5,0,echo_gate:A:k5,0.06474570624999999,1.7985643125,2.5,0.7014356875000001,0.00503284375,0.050328437499999996,0.1699936875,0.29856431249999993,0.00503284375
0.2,0.5,0,blind_gate:A:k5,0.0937126,2.218558,2.75,0.5314420000000001,9.99999999999999e-07,9.999999999999989e-06,0.0,0.4685579999999999,9.99999999999999e-07
0.2,0.5,0,audit_gate:A:k5,0.09855927968749999,1.973923234375,2.5,0.7014356875000001,0.00503284375,0.050328437499999996,0.1699936875,0.47392323437499995,0.0037746328125
0.2,0.5,0,serial_last:A:k5,0.1,1.5,1.5,0.7014356875000001,0.00503284375,0.050328437499999996,0.1699936875,0.0,0.00503284375
0.2,0.5,0,exposed_vote:A:k6,0.074551375,1.75,1.75,0.6643507656250001,0.0027680640624999997,0.027680640624999996,0.18605376562499998,0.0,0.0027680640624999997
0.2,0.5,0,blind_vote:A:k6,0.0027279999999999982,2.05,2.05,0.4782970000000001,9.999999999999988e-08,9.999999999999987e-07,0.0,0.0,9.999999999999988e-08
0.2,0.5,0,echo_gate:A:k6,0.0698979109375,2.085649234375,2.75,0.6643507656250001,0.0027680640624999997,0.027680640624999996,0.18605376562499998,0.33564923437499994,0.0027680640624999997
0.2,0.5,0,blind_gate:A:k6,0.1043407,2.571703,3.05,0.4782970000000001,9.999999999999988e-08,9.999999999999987e-07,0.0,0.5217029999999999,9.999999999999988e-08
0.2,0.5,0,audit_gate:A:k6,0.102423433203125,2.25173692578125,2.75,0.6643507656250001,0.0027680640624999997,0.027680640624999996,0.18605376562499998,0.50173692578125,0.002076048046875
0.2,0.5,0,serial_last:A:k6,0.1,1.75,1.75,0.6643507656250001,0.0027680640624999997,0.027680640624999996,0.18605376562499998,0.0,0.0027680640624999997
0.2,0.5,0,exposed_vote:A:k7,0.07285782812500002,2.0,2.0,0.63002600171875,0.0015224352343749998,0.015224352343749997,0.1995587817187499,0.0,0.0015224352343749998
0.2,0.5,0,blind_vote:A:k7,0.0027279999999999982,2.35,2.35,0.4304672200000001,9.999999999999985e-09,9.999999999999985e-08,0.0,0.0,9.999999999999985e-09
0.2,0.5,0,echo_gate:A:k7,0.07551723489062499,2.36997399828125,3.0,0.63002600171875,0.0015224352343749998,0.015224352343749997,0.1995587817187499,0.36997399828125,0.0015224352343749998
0.2,0.5,0,blind_gate:A:k7,0.11390656599999997,2.91953278,3.35,0.4304672200000001,9.999999999999985e-09,9.999999999999985e-08,0.0,0.5695327799999998,9.999999999999985e-09
0.2,0.5,0,audit_gate:A:k7,0.10663792616796876,2.5274804987109376,3.0,0.63002600171875,0.0015224352343749998,0.015224352343749997,0.1995587817187499,0.5274804987109375,0.00114182642578125
0.2,0.5,0,serial_last:A:k7,0.1,2.0,2.0,0.63002600171875,0.0015224352343749998,0.015224352343749997,0.1995587817187499,0.0,0.0015224352343749998
0.2,0.5,0.5,alone:H:k0,0.2,1.0,1.0,1.0,0.2,1.0,0.0,0.0,0.2
0.2,0.5,0.5,alone:A:k0,0.1,0.25,0.25,1.0,0.1,1.0,0.0,0.0,0.1
0.2,0.5,0.5,exposed_vote:H:k1,0.16,1.25,1.25,0.792,0.05600000000000001,0.28,0.051999999999999935,0.0,0.05600000000000001
0.2,0.5,0.5,blind_vote:H:k1,0.15000000000000002,1.3,1.3,0.7400000000000001,0.02,0.09999999999999999,0.0,0.0,0.02
0.2,0.5,0.5,echo_gate:H:k1,0.0976,1.458,2.25,0.792,0.05600000000000001,0.28,0.051999999999999935,0.20799999999999996,0.05600000000000001
0.2,0.5,0.5,blind_gate:H:k1,0.07199999999999998,1.56,2.3,0.7400000000000001,0.02,0.09999999999999999,0.0,0.2599999999999999,0.02
0.2,0.5,0.5,audit_gate:H:k1,0.1232,1.656,2.25,0.792,0.05600000000000001,0.28,0.051999999999999935,0.4059999999999999,0.04200000000000001
0.2,0.5,0.5,serial_last:H:k1,0.12000000000000002,1.25,1.25,0.792,0.05600000000000001,0.28,0.051999999999999935,0.0,0.05600000000000001
0.2,0.5,0.5,exposed_vote:H:k2,0.11872,1.5,1.5,0.7216,0.021440000000000004,0.10720000000000002,0.026599999999999957,0.0,0.021440000000000004
0.2,0.5,0.5,blind_vote:H:k2,0.07300000000000001,1.6,1.6,0.6950000000000001,0.011000000000000001,0.055,0.0,0.0,0.011000000000000001
0.2,0.5,0.5,echo_gate:H:k2,0.07712000000000001,1.7784,2.5,0.7216,0.021440000000000004,0.10720000000000002,0.026599999999999957,0.2784,0.021440000000000004
0.2,0.5,0.5,blind_gate:H:k2,0.072,1.905,2.6,0.6950000000000001,0.011000000000000001,0.055,0.0,0.30499999999999994,0.011000000000000001
0.2,0.5,0.5,audit_gate:H:k2,0.10784000000000002,1.9588,2.5,0.7216,0.021440000000000004,0.10720000000000002,0.026599999999999957,0.4588,0.016080000000000004
0.2,0.5,0.5,serial_last:H:k2,0.11000000000000001,1.5,1.5,0.748,0.0344,0.172,0.052999999999999936,0.0,0.0344
0.2,0.5,0.5,exposed_vote:H:k3,0.10944000000000004,1.75,1.75,0.6847104,0.012915200000000003,0.06457600000000001,0.023010399999999986,0.0,0.012915200000000003
0.2,0.5,0.5,blind_vote:H:k3,0.07075000000000001,1.9,1.9,0.6617000000000001,0.010100000000000001,0.0505,0.0,0.0,0.010100000000000001
0.2,0.5,0.5,echo_gate:H:k3,0.07597311999999999,2.0652896,2.75,0.6847104,0.012915200000000003,0.06457600000000001,0.023010399999999986,0.31528959999999995,0.012915200000000003
0.2,0.5,0.5,blind_gate:H:k3,0.07775999999999998,2.2382999999999997,2.9,0.6617000000000001,0.010100000000000001,0.0505,0.0,0.33829999999999993,0.010100000000000001
0.2,0.5,0.5,audit_gate:H:k3,0.10697984,2.2364672,2.75,0.6847104,0.012915200000000003,0.06457600000000001,0.023010399999999986,0.4864672,0.009686400000000003
0.2,0.5,0.5,serial_last:H:k3,0.10500000000000001,1.75,1.75,0.7170900000000001,0.022970000000000004,0.11485000000000002,0.05539000000000005,0.0,0.022970000000000004
0.2,0.5,0.5,exposed_vote:H:k4,0.09113241600000002,2.0,2.0,0.6573798400000002,0.010758656000000002,0.053793280000000006,0.024929840000000092,0.0,0.010758656000000002
0.2,0.5,0.5,blind_vote:H:k4,0.05671,2.2,2.2,0.6324500000000001,0.010010000000000002,0.050050000000000004,0.0,0.0,0.010010000000000002
0.2,0.5,0.5,echo_gate:H:k4,0.07928268799999998,2.34262016,3.0,0.6573798400000002,0.010758656000000002,0.053793280000000006,0.024929840000000092,0.34262015999999984,0.010758656000000002
0.2,0.5,0.5,blind_gate:H:k4,0.08352,2.56755,3.2,0.6324500000000001,0.010010000000000002,0.050050000000000004,0.0,0.36754999999999993,0.010010000000000002
0.2,0.5,0.5,audit_gate:H:k4,0.10946201599999997,2.50696512,3.0,0.6573798400000002,0.010758656000000002,0.053793280000000006,0.024929840000000092,0.5069651199999998,0.008068992
0.2,0.5,0.5,serial_last:H:k4,0.10250000000000001,2.0,2.0,0.6934225,0.0169085,0.08454249999999999,0.060972499999999985,0.0,0.0169085
0.2,0.5,0.5,exposed_vote:H:k5,0.08735549440000001,2.25,2.25,0.63384631296,0.010200903680000001,0.051004518400000004,0.02764931295999995,0.0,0.010200903680000001
0.2,0.5,0.5,blind_vote:H:k5,0.056305,2.5,2.5,0.6061970000000001,0.010001000000000001,0.050005,0.0,0.0,0.010001000000000001
0.2,0.5,0.5,echo_gate:H:k5,0.083431641088,2.6161536870399997,3.25,0.63384631296,0.010200903680000001,0.051004518400000004,0.02764931295999995,0.36615368703999995,0.010200903680000001
0.2,0.5,0.5,blind_gate:H:k5,0.08876159999999998,2.893803,3.5,0.6061970000000001,0.010001000000000001,0.050005,0.0,0.3938029999999999,0.010001000000000001
0.2,0.5,0.5,audit_gate:H:k5,0.11257373081600001,2.77461526528,3.25,0.63384631296,0.010200903680000001,0.051004518400000004,0.02764931295999995,0.52461526528,0.007650677760000001
0.2,0.5,0.5,serial_last:H:k5,0.10125,2.25,2.25,0.6739254750000001,0.013687175000000001,0.06843587500000001,0.06772847500000001,0.0,0.013687175000000001
0.2,0.5,0.5,exposed_vote:H:k6,0.07711767347200002,2.5,2.5,0.612598509568,0.010053949030400003,0.050269745152000014,0.030022009568000052,0.0,0.010053949030400003
0.2,0.5,0.5,blind_vote:H:k6,0.052093,2.8,2.8,0.5825764999999999,0.010000100000000001,0.0500005,0.0,0.0,0.010000100000000001
0.2,0.5,0.5,echo_gate:H:k6,0.08753424711680001,2.887401490432,3.5,0.612598509568,0.010053949030400003,0.050269745152000014,0.030022009568000052,0.387401490432,0.010053949030400003
0.2,0.5,0.5,blind_gate:H:k6,0.09348480000000002,3.2174234999999998,3.8,0.5825764999999999,0.010000100000000001,0.0500005,0.0,0.41742350000000006,0.010000100000000001
0.2,0.5,0.5,audit_gate:H:k6,0.1156506853376,3.040551117824,3.5,0.612598509568,0.010053949030400003,0.050269745152000014,0.030022009568000052,0.540551117824,0.007540461772800003
0.2,0.5,0.5,serial_last:H:k6,0.100625,2.5,2.5,0.65697308125,0.01197169625,0.05985848125,0.07439658125000004,0.0,0.01197169625
0.2,0.5,0.5,exposed_vote:H:k7,0.07526513131520003,2.75,2.75,0.593153797423104,0.010014644928512001,0.050073224642560005,0.03183502742310407,0.0,0.010014644928512001
0.2,0.5,0.5,blind_vote:H:k7,0.052001875,3.1,3.1,0.56131877,0.010000010000000002,0.050000050000000004,0.0,0.0,0.010000010000000002
0.2,0.5,0.5,echo_gate:H:k7,0.0913838854438912,3.156846202576896,3.75,0.593153797423104,0.010014644928512001,0.050073224642560005,0.03183502742310407,0.40684620257689597,0.010014644928512001
0.2,0.5,0.5,blind_gate:H:k7,0.09773625600000002,3.53868123,4.1,0.56131877,0.010000010000000002,0.050000050000000004,0.0,0.43868123000000003,0.010000010000000002
0.2,0.5,0.5,audit_gate:H:k7,0.1185379140829184,3.305134651932672,3.75,0.593153797423104,0.010014644928512001,0.050073224642560005,0.03183502742310407,0.555134651932672,0.007510983696384001
0.2,0.5,0.5,serial_last:H:k7,0.1003125,2.75,2.75,0.6416951236875,0.011056307937499999,0.05528153968749999,0.08037635368750007,0.0,0.011056307937499999
0.2,0.5,0.5,exposed_vote:A:k1,0.1,0.5,0.5,0.955,0.0775,0.7749999999999999,0.04499999999999993,0.0,0.0775
0.2,0.5,0.5,blind_vote:A:k1,0.09999999999999999,0.55,0.55,0.91,0.055,0.5499999999999999,0.0,0.0,0.055
0.2,0.5,0.5,echo_gate:A:k1,0.08650000000000001,0.545,1.5,0.955,0.0775,0.7749999999999999,0.04499999999999993,0.04500000000000004,0.0775
0.2,0.5,0.5,blind_gate:A:k1,0.073,0.64,1.55,0.91,0.055,0.5499999999999999,0.0,0.08999999999999997,0.055
0.2,0.5,0.5,audit_gate:A:k1,0.114875,0.7837500000000001,1.5,0.955,0.0775,0.7749999999999999,0.04499999999999993,0.28375000000000006,0.058124999999999996
0.2,0.5,0.5,serial_last:A:k1,0.1,0.5,0.5,0.955,0.0775,0.7749999999999999,0.04499999999999993,0.0,0.0775
0.2,0.5,0.5,exposed_vote:A:k2,0.09100000000000001,0.75,0.75,0.92125,0.065125,0.65125,0.05625000000000002,0.0,0.065125
0.2,0.5,0.5,blind_vote:A:k2,0.064,0.85,0.85,0.865,0.0505,0.505,0.0,0.0,0.0505
0.2,0.5,0.5,echo_gate:A:k2,0.080875,0.82875,1.75,0.92125,0.065125,0.65125,0.05625000000000002,0.07874999999999999,0.065125
0.2,0.5,0.5,blind_gate:A:k2,0.07750000000000001,0.985,1.85,0.865,0.0505,0.505,0.0,0.135,0.0505
0.2,0.5,0.5,audit_gate:A:k2,0.11065625000000001,1.0590625,1.75,0.92125,0.065125,0.65125,0.05625000000000002,0.3090625,0.048843750000000005
0.2,0.5,0.5,serial_last:A:k2,0.1,0.75,0.75,0.92125,0.065125,0.65125,0.05625000000000002,0.0,0.065125
0.2,0.5,0.5,exposed_vote:A:k3,0.08874999999999998,1.0,1.0,0.8941375000000001,0.05831875,0.5831875,0.06603749999999997,0.0,0.05831875
0.2,0.5,0.5,blind_vote:A:k3,0.064,1.15,1.15,0.8281000000000002,0.050050000000000004,0.5005000000000001,0.0,0.0,0.050050000000000004
0.2,0.5,0.5,echo_gate:A:k3,0.07949124999999997,1.1058624999999997,2.0,0.8941375000000001,0.05831875,0.5831875,0.06603749999999997,0.10586249999999986,0.05831875
0.2,0.5,0.5,blind_gate:A:k3,0.08442999999999998,1.3218999999999999,2.15,0.8281000000000002,0.050050000000000004,0.5005000000000001,0.0,0.17189999999999983,0.050050000000000004
0.2,0.5,0.5,audit_gate:A:k3,0.1096184375,1.329396875,2.0,0.8941375000000001,0.05831875,0.5831875,0.06603749999999997,0.3293968749999999,0.0437390625
0.2,0.5,0.5,serial_last:A:k3,0.1,1.0,1.0,0.8941375000000001,0.05831875,0.5831875,0.06603749999999997,0.0,0.05831875
0.2,0.5,0.5,exposed_vote:A:k4,0.08814250000000001,1.25,1.25,0.8711031250000001,0.054575312499999994,0.545753125,0.07585312500000008,0.0,0.054575312499999994
0.2,0.5,0.5,blind_vote:A:k4,0.05428,1.45,1.45,0.79525,0.050005,0.50005,0.0,0.0,0.050005
0.2,0.5,0.5,echo_gate:A:k4,0.08035468749999998,1.378896875,2.25,0.8711031250000001,0.054575312499999994,0.545753125,0.07585312500000008,0.1288968749999999,0.054575312499999994
0.2,0.5,0.5,blind_gate:A:k4,0.09095500000000001,1.65475,2.45,0.79525,0.050005,0.50005,0.0,0.20475,0.050005
0.2,0.5,0.5,audit_gate:A:k4,0.11026601562499999,1.59667265625,2.25,0.8711031250000001,0.054575312499999994,0.545753125,0.07585312500000008,0.34667265625,0.040931484374999993
0.2,0.5,0.5,serial_last:A:k4,0.1,1.25,1.25,0.8711031250000001,0.054575312499999994,0.545753125,0.07585312500000008,0.0,0.054575312499999994
0.2,0.5,0.5,exposed_vote:A:k5,0.086815,1.5,1.5,0.8507178437499999,0.052516421875,0.52516421875,0.08499684374999994,0.0,0.052516421875
0.2,0.5,0.5,blind_vote:A:k5,0.05428,1.75,1.75,0.765721,0.0500005,0.500005,0.0,0.0,0.0500005
0.2,0.5,0.5,echo_gate:A:k5,0.082372853125,1.64928215625,2.5,0.8507178437499999,0.052516421875,0.52516421875,0.08499684374999994,0.14928215625000008,0.052516421875
0.2,0.5,0.5,blind_gate:A:k5,0.0968563,1.984279,2.75,0.765721,0.0500005,0.500005,0.0,0.23427900000000002,0.0500005
0.2,0.5,0.5,audit_gate:A:k5,0.11177963984375001,1.8619616171875002,2.5,0.8507178437499999,0.052516421875,0.52516421875,0.08499684374999994,0.3619616171875001,0.03938731640625
0.2,0.5,0.5,serial_last:A:k5,0.1,1.5,1.5,0.8507178437499999,0.052516421875,0.52516421875,0.08499684374999994,0.0,0.052516421875
0.2,0.5,0.5,exposed_vote:A:k6,0.08727568749999999,1.75,1.75,0.8321753828125,0.05138403203125,0.5138403203124999,0.09302688281250004,0.0,0.05138403203125
0.2,0.5,0.5,blind_vote:A:k6,0.051364,2.05,2.05,0.7391485,0.050000050000000004,0.5000005,0.0,0.0,0.050000050000000004
0.2,0.5,0.5,echo_gate:A:k6,0.08494895546875,1.9178246171875,2.75,0.8321753828125,0.05138403203125,0.5138403203124999,0.09302688281250004,0.16782461718749997,0.05138403203125
0.2,0.5,0.5,blind_gate:A:k6,0.10217035000000001,2.3108515,3.05,0.7391485,0.050000050000000004,0.5000005,0.0,0.2608515,0.050000050000000004
0.2,0.5,0.5,audit_gate:A:k6,0.11371171660156251,2.125868462890625,2.75,0.8321753828125,0.05138403203125,0.5138403203124999,0.09302688281250004,0.37586846289062503,0.0385380240234375
0.2,0.5,0.5,serial_last:A:k6,0.1,1.75,1.75,0.8321753828125,0.05138403203125,0.5138403203124999,0.09302688281250004,0.0,0.05138403203125
0.2,0.5,0.5,exposed_vote:A:k7,0.08642891406249996,2.0,2.0,0.815013000859375,0.0507612176171875,0.5076121761718749,0.09977939085937493,0.0,0.0507612176171875
0.2,0.5,0.5,blind_vote:A:k7,0.05136399999999999,2.35,2.35,0.7152336100000001,0.050000005,0.5000000499999999,0.0,0.0,0.050000005
0.2,0.5,0.5,echo_gate:A:k7,0.08775861744531249,2.1849869991406248,3.0,0.815013000859375,0.0507612176171875,0.5076121761718749,0.09977939085937493,0.184986999140625,0.0507612176171875
0.2,0.5,0.5,blind_gate:A:k7,0.10695328299999998,2.6347663900000002,3.35,0.7152336100000001,0.050000005,0.5000000499999999,0.0,0.2847663899999999,0.050000005
0.2,0.5,0.5,audit_gate:A:k7,0.1158189630839844,2.388740249355469,3.0,0.815013000859375,0.0507612176171875,0.5076121761718749,0.09977939085937493,0.3887402493554688,0.03807091321289063
0.2,0.5,0.5,serial_last:A:k7,0.1,2.0,2.0,0.815013000859375,0.0507612176171875,0.5076121761718749,0.09977939085937493,0.0,0.0507612176171875
0.2,0.5,0.9,alone:H:k0,0.2,1.0,1.0,1.0,0.2,1.0,0.0,0.0,0.2
0.2,0.5,0.9,alone:A:k0,0.1,0.25,0.25,1.0,0.1,1.0,0.0,0.0,0.1
0.2,0.5,0.9,exposed_vote:H:k1,0.16,1.25,1.25,0.792,0.05600000000000001,0.28,0.051999999999999935,0.0,0.05600000000000001
0.2,0.5,0.9,blind_vote:H:k1,0.15000000000000002,1.3,1.3,0.7400000000000001,0.020000000000000004,0.10000000000000002,0.0,0.0,0.020000000000000004
0.2,0.5,0.9,echo_gate:H:k1,0.0976,1.458,2.25,0.792,0.05600000000000001,0.28,0.051999999999999935,0.20799999999999996,0.05600000000000001
0.2,0.5,0.9,blind_gate:H:k1,0.07199999999999998,1.56,2.3,0.7400000000000001,0.020000000000000004,0.10000000000000002,0.0,0.2599999999999999,0.020000000000000004
0.2,0.5,0.9,audit_gate:H:k1,0.1232,1.656,2.25,0.792,0.05600000000000001,0.28,0.051999999999999935,0.4059999999999999,0.04200000000000001
0.2,0.5,0.9,serial_last:H:k1,0.12000000000000002,1.25,1.25,0.792,0.05600000000000001,0.28,0.051999999999999935,0.0,0.05600000000000001
0.2,0.5,0.9,exposed_vote:H:k2,0.13254400000000002,1.5,1.5,0.7446400000000001,0.026048000000000005,0.13024000000000002,0.013639999999999985,0.0,0.026048000000000005
0.2,0.5,0.9,blind_vote:H:k2,0.09460000000000002,1.6,1.6,0.7310000000000001,0.018200000000000004,0.09100000000000001,0.0,0.0,0.018200000000000004
0.2,0.5,0.9,echo_gate:H:k2,0.07712,1.75536,2.5,0.7446400000000001,0.026048000000000005,0.13024000000000002,0.013639999999999985,0.2553599999999999,0.026048000000000005
0.2,0.5,0.9,blind_gate:H:k2,0.072,1.869,2.6,0.7310000000000001,0.018200000000000004,0.09100000000000001,0.0,0.2689999999999999,0.018200000000000004
0.2,0.5,0.9,audit_gate:H:k2,0.10783999999999999,1.94152,2.5,0.7446400000000001,0.026048000000000005,0.13024000000000002,0.013639999999999985,0.4415199999999999,0.019536000000000005
0.2,0.5,0.9,serial_last:H:k2,0.11000000000000001,1.5,1.5,0.7624000000000001,0.03728000000000001,0.18640000000000004,0.031399999999999983,0.0,0.03728000000000001
0.2,0.5,0.9,exposed_vote:H:k3,0.12556800000000004,1.75,1.75,0.73060608,0.019735040000000006,0.09867520000000002,0.006266079999999952,0.0,0.019735040000000006
0.2,0.5,0.9,blind_vote:H:k3,0.09415000000000001,1.9,1.9,0.7243400000000001,0.018020000000000005,0.09010000000000001,0.0,0.0,0.018020000000000005
0.2,0.5,0.9,echo_gate:H:k3,0.073613824,2.0193939199999997,2.75,0.73060608,0.019735040000000006,0.09867520000000002,0.006266079999999952,0.26939391999999995,0.019735040000000006
0.2,0.5,0.9,blind_gate:H:k3,0.073152,2.1756599999999997,2.9,0.7243400000000001,0.018020000000000005,0.09010000000000001,0.0,0.2756599999999999,0.018020000000000005
0.2,0.5,0.9,audit_gate:H:k3,0.10521036800000001,2.20204544,2.75,0.73060608,0.019735040000000006,0.09867520000000002,0.006266079999999952,0.45204544,0.014801280000000003
0.2,0.5,0.9,serial_last:H:k3,0.10500000000000001,1.75,1.75,0.7458180000000001,0.027794000000000006,0.13897,0.021477999999999997,0.0,0.027794000000000006
0.2,0.5,0.9,exposed_vote:H:k4,0.11269048320000004,2.0,2.0,0.723808768,0.018382131200000002,0.09191065600000001,0.005318768000000085,0.0,0.018382131200000002
0.2,0.5,0.9,blind_vote:H:k4,0.09134199999999999,2.2,2.2,0.71849,0.018002,0.09000999999999999,0.0,0.0,0.018002
0.2,0.5,0.9,echo_gate:H:k4,0.0736203776,2.276191232,3.0,0.723808768,0.018382131200000002,0.09191065600000001,0.005318768000000085,0.27619123199999995,0.018382131200000002
0.2,0.5,0.9,blind_gate:H:k4,0.07430400000000001,2.48151,3.2,0.71849,0.018002,0.09000999999999999,0.0,0.28151000000000004,0.018002
0.2,0.5,0.9,audit_gate:H:k4,0.1052152832,2.457143424,3.0,0.723808768,0.018382131200000002,0.09191065600000001,0.005318768000000085,0.45714342399999996,0.013786598400000002
0.2,0.5,0.9,serial_last:H:k4,0.10250000000000001,2.0,2.0,0.7358845,0.0229817,0.1149085,0.01739450000000009,0.0,0.0229817
0.2,0.5,0.9,exposed_vote:H:k5,0.11029669888000004,2.25,2.25,0.7188358225920001,0.018086260736000004,0.09043130368000002,0.005596422591999994,0.0,0.018086260736000004
0.2,0.5,0.9,blind_vote:H:k5,0.09126100000000002,2.5,2.5,0.7132394000000001,0.018000200000000004,0.09000100000000001,0.0,0.0,0.018000200000000004
0.2,0.5,0.9,echo_gate:H:k5,0.0743190962176,2.531164177408,3.25,0.7188358225920001,0.018086260736000004,0.09043130368000002,0.005596422591999994,0.2811641774079999,0.018086260736000004
0.2,0.5,0.9,blind_gate:H:k5,0.07535231999999999,2.7867606,3.5,0.7132394000000001,0.018000200000000004,0.09000100000000001,0.0,0.2867605999999999,0.018000200000000004
0.2,0.5,0.9,audit_gate:H:k5,0.1057393221632,2.710873133056,3.25,0.7188358225920001,0.018086260736000004,0.09043130368000002,0.005596422591999994,0.460873133056,0.013564695552000003
0.2,0.5,0.9,serial_last:H:k5,0.10125,2.25,2.25,0.729385095,0.020537435000000007,0.10268717500000003,0.01614569499999996,0.0,0.020537435000000007
0.2,0.5,0.9,exposed_vote:H:k6,0.10333393469440004,2.5,2.5,0.7145330139136,0.01802000580608,0.0901000290304,0.0060177139135999536,0.0,0.01802000580608
0.2,0.5,0.9,blind_vote:H:k6,0.09041860000000002,2.8,2.8,0.7085153000000001,0.018000020000000002,0.0900001,0.0,0.0,0.018000020000000002
0.2,0.5,0.9,echo_gate:H:k6,0.07511340302336,2.7854669860864,3.5,0.7145330139136,0.01802000580608,0.0901000290304,0.0060177139135999536,0.2854669860864,0.01802000580608
0.2,0.5,0.9,blind_gate:H:k6,0.07629696,3.0914846999999996,3.8,0.7085153000000001,0.018000020000000002,0.0900001,0.0,0.29148469999999993,0.018000020000000002
0.2,0.5,0.9,audit_gate:H:k6,0.10633505226752,2.9641002395648,3.5,0.7145330139136,0.01802000580608,0.0901000290304,0.0060177139135999536,0.46410023956479995,0.01351500435456
0.2,0.5,0.9,serial_last:H:k6,0.100625,2.5,2.5,0.7246946162500001,0.01929433925,0.09647169625,0.01617931625000002,0.0,0.01929433925
0.2,0.5,0.9,exposed_vote:H:k7,0.10230806626304001,2.75,2.75,0.7106334218846209,0.0180047721857024,0.090023860928512,0.006369667884620789,0.0,0.0180047721857024
0.2,0.5,0.9,blind_vote:H:k7,0.090400375,3.1,3.1,0.7042637540000001,0.018000002,0.09000001,0.0,0.0,0.018000002
0.2,0.5,0.9,echo_gate:H:k7,0.07587808780877822,3.039366578115379,3.75,0.7106334218846209,0.0180047721857024,0.090023860928512,0.006369667884620789,0.28936657811537914,0.0180047721857024
0.2,0.5,0.9,blind_gate:H:k7,0.07714725119999999,3.3957362460000002,4.1,0.7042637540000001,0.018000002,0.09000001,0.0,0.2957362459999999,0.018000002
0.2,0.5,0.9,audit_gate:H:k7,0.10690856585658369,3.2170249335865346,3.75,0.7106334218846209,0.0180047721857024,0.090023860928512,0.006369667884620789,0.4670249335865344,0.0135035791392768
0.2,0.5,0.9,serial_last:H:k7,0.1003125,2.75,2.75,0.7209890247375002,0.018661261587500002,0.0933063079375,0.016725270737500075,0.0,0.018661261587500002
0.2,0.5,0.9,exposed_vote:A:k1,0.10000000000000002,0.5,0.5,0.991,0.09550000000000002,0.9550000000000001,0.009000000000000008,0.0,0.09550000000000002
0.2,0.5,0.9,blind_vote:A:k1,0.10000000000000002,0.55,0.55,0.982,0.09100000000000001,0.91,0.0,0.0,0.09100000000000001
0.2,0.5,0.9,echo_gate:A:k1,0.09730000000000001,0.509,1.5,0.991,0.09550000000000002,0.9550000000000001,0.009000000000000008,0.009000000000000008,0.09550000000000002
0.2,0.5,0.9,blind_gate:A:k1,0.09460000000000002,0.5680000000000001,1.55,0.982,0.09100000000000001,0.91,0.0,0.018000000000000016,0.09100000000000001
0.2,0.5,0.9,audit_gate:A:k1,0.12297500000000001,0.75675,1.5,0.991,0.09550000000000002,0.9550000000000001,0.009000000000000008,0.25675000000000003,0.07162500000000001
0.2,0.5,0.9,serial_last:A:k1,0.1,0.5,0.5,0.991,0.09550000000000002,0.9550000000000001,0.009000000000000008,0.0,0.09550000000000002
0.2,0.5,0.9,exposed_vote:A:k2,0.09820000000000001,0.75,0.75,0.9842500000000001,0.09302500000000001,0.93025,0.011249999999999982,0.0,0.09302500000000001
0.2,0.5,0.9,blind_vote:A:k2,0.09280000000000001,0.85,0.85,0.9730000000000001,0.09010000000000001,0.9010000000000001,0.0,0.0,0.09010000000000001
0.2,0.5,0.9,echo_gate:A:k2,0.096175,0.7657499999999999,1.75,0.9842500000000001,0.09302500000000001,0.93025,0.011249999999999982,0.01574999999999993,0.09302500000000001
0.2,0.5,0.9,blind_gate:A:k2,0.0955,0.8769999999999999,1.85,0.9730000000000001,0.09010000000000001,0.9010000000000001,0.0,0.026999999999999913,0.09010000000000001
0.2,0.5,0.9,audit_gate:A:k2,0.12213125000000001,1.0118125,1.75,0.9842500000000001,0.09302500000000001,0.93025,0.011249999999999982,0.2618125,0.06976875
0.2,0.5,0.9,serial_last:A:k2,0.1,0.75,0.75,0.9842500000000001,0.09302500000000001,0.93025,0.011249999999999982,0.0,0.09302500000000001
0.2,0.5,0.9,exposed_vote:A:k3,0.09775,1.0,1.0,0.9788275,0.09166375,0.9166375,0.013207499999999928,0.0,0.09166375
0.2,0.5,0.9,blind_vote:A:k3,0.09280000000000001,1.15,1.15,0.96562,0.09001,0.9001,0.0,0.0,0.09001
0.2,0.5,0.9,echo_gate:A:k3,0.09589825,1.0211725,2.0,0.9788275,0.09166375,0.9166375,0.013207499999999928,0.02117250000000004,0.09166375
0.2,0.5,0.9,blind_gate:A:k3,0.096886,1.18438,2.15,0.96562,0.09001,0.9001,0.0,0.034379999999999966,0.09001
0.2,0.5,0.9,audit_gate:A:k3,0.12192368750000002,1.265879375,2.0,0.9788275,0.09166375,0.9166375,0.013207499999999928,0.26587937500000003,0.0687478125
0.2,0.5,0.9,serial_last:A:k3,0.1,1.0,1.0,0.9788275,0.09166375,0.9166375,0.013207499999999928,0.0,0.09166375
0.2,0.5,0.9,exposed_vote:A:k4,0.0976285,1.25,1.25,0.9742206250000001,0.09091506250000002,0.9091506250000001,0.015170624999999993,0.0,0.09091506250000002
0.2,0.5,0.9,blind_vote:A:k4,0.090856,1.45,1.45,0.9590500000000001,0.09000100000000001,0.9000100000000001,0.0,0.0,0.09000100000000001
0.2,0.5,0.9,echo_gate:A:k4,0.09607093750000001,1.275779375,2.25,0.9742206250000001,0.09091506250000002,0.9091506250000001,0.015170624999999993,0.025779374999999938,0.09091506250000002
0.2,0.5,0.9,blind_gate:A:k4,0.098191,1.4909499999999998,2.45,0.9590500000000001,0.09000100000000001,0.9000100000000001,0.0,0.04094999999999993,0.09000100000000001
0.2,0.5,0.9,audit_gate:A:k4,0.12205320312500001,1.51933453125,2.25,0.9742206250000001,0.09091506250000002,0.9091506250000001,0.015170624999999993,0.26933453124999995,0.06818629687500001
0.2,0.5,0.9,serial_last:A:k4,0.1,1.25,1.25,0.9742206250000001,0.09091506250000002,0.9091506250000001,0.015170624999999993,0.0,0.09091506250000002
0.2,0.5,0.9,exposed_vote:A:k5,0.09736300000000002,1.5,1.5,0.9701435687500001,0.090503284375,0.90503284375,0.016999368749999966,0.0,0.090503284375
0.2,0.5,0.9,blind_vote:A:k5,0.09085600000000002,1.75,1.75,0.9531442000000001,0.09000010000000001,0.900001,0.0,0.0,0.09000010000000001
0.2,0.5,0.9,echo_gate:A:k5,0.09647457062499999,1.5298564312499998,2.5,0.9701435687500001,0.090503284375,0.90503284375,0.016999368749999966,0.029856431249999926,0.090503284375
0.2,0.5,0.9,blind_gate:A:k5,0.09937125999999999,1.7968558,2.75,0.9531442000000001,0.09000010000000001,0.900001,0.0,0.04685579999999989,0.09000010000000001
0.2,0.5,0.9,audit_gate:A:k5,0.12235592796875,1.7723923234374999,2.5,0.9701435687500001,0.090503284375,0.90503284375,0.016999368749999966,0.2723923234375,0.06787746328125001
0.2,0.5,0.9,serial_last:A:k5,0.1,1.5,1.5,0.9701435687500001,0.090503284375,0.90503284375,0.016999368749999966,0.0,0.090503284375
0.2,0.5,0.9,exposed_vote:A:k6,0.09745513750000002,1.75,1.75,0.9664350765625,0.09027680640625001,0.9027680640625,0.018605376562499942,0.0,0.09027680640625001
0.2,0.5,0.9,blind_vote:A:k6,0.09027279999999999,2.05,2.05,0.9478297000000001,0.09000001,0.9000001,0.0,0.0,0.09000001
0.2,0.5,0.9,echo_gate:A:k6,0.09698979109375,1.7835649234375,2.75,0.9664350765625,0.09027680640625001,0.9027680640625,0.018605376562499942,0.03356492343749995,0.09027680640625001
0.2,0.5,0.9,blind_gate:A:k6,0.10043406999999999,2.1021702999999996,3.05,0.9478297000000001,0.09000001,0.9000001,0.0,0.05217029999999989,0.09000001
0.2,0.5,0.9,audit_gate:A:k6,0.1227423433203125,2.025173692578125,2.75,0.9664350765625,0.09027680640625001,0.9027680640625,0.018605376562499942,0.27517369257812496,0.0677076048046875
0.2,0.5,0.9,serial_last:A:k6,0.1,1.75,1.75,0.9664350765625,0.09027680640625001,0.9027680640625,0.018605376562499942,0.0,0.09027680640625001
0.2,0.5,0.9,exposed_vote:A:k7,0.09728578281250003,2.0,2.0,0.963002600171875,0.09015224352343751,0.901522435234375,0.01995587817187494,0.0,0.09015224352343751
0.2,0.5,0.9,blind_vote:A:k7,0.09027280000000003,2.35,2.35,0.9430467220000001,0.09000000100000001,0.9000000100000001,0.0,0.0,0.09000000100000001
0.2,0.5,0.9,echo_gate:A:k7,0.0975517234890625,2.0369973998281248,3.0,0.963002600171875,0.09015224352343751,0.901522435234375,0.01995587817187494,0.036997399828125,0.09015224352343751
0.2,0.5,0.9,blind_gate:A:k7,0.1013906566,2.406953278,3.35,0.9430467220000001,0.09000000100000001,0.9000000100000001,0.0,0.05695327799999994,0.09000000100000001
0.2,0.5,0.9,audit_gate:A:k7,0.12316379261679689,2.277748049871094,3.0,0.963002600171875,0.09015224352343751,0.901522435234375,0.01995587817187494,0.2777480498710938,0.06761418264257812
0.2,0.5,0.9,serial_last:A:k7,0.1,2.0,2.0,0.963002600171875,0.09015224352343751,0.901522435234375,0.01995587817187494,0.0,0.09015224352343751
0.2,0.8,0,alone:H:k0,0.2,1.0,1.0,1.0,0.2,1.0,0.0,0.0,0.2
0.2,0.8,0,alone:A:k0,0.1,0.25,0.25,1.0,0.1,1.0,0.0,0.0,0.1
0.2,0.8,0,exposed_vote:H:k1,0.16,1.25,1.25,0.792,0.056,0.27999999999999997,0.051999999999999935,0.0,0.056
0.2,0.8,0,blind_vote:H:k1,0.15000000000000002,1.3,1.3,0.7400000000000001,0.019999999999999997,0.09999999999999998,0.0,0.0,0.019999999999999997
0.2,0.8,0,echo_gate:H:k1,0.09759999999999999,1.458,2.25,0.792,0.056,0.27999999999999997,0.051999999999999935,0.20799999999999996,0.056
0.2,0.8,0,blind_gate:H:k1,0.07199999999999998,1.56,2.3,0.7400000000000001,0.019999999999999997,0.09999999999999998,0.0,0.2599999999999999,0.019999999999999997
0.2,0.8,0,audit_gate:H:k1,0.1232,1.656,2.25,0.792,0.056,0.27999999999999997,0.051999999999999935,0.4059999999999999,0.042
0.2,0.8,0,serial_last:H:k1,0.12000000000000002,1.25,1.25,0.792,0.056,0.27999999999999997,0.051999999999999935,0.0,0.056
0.2,0.8,0,exposed_vote:H:k2,0.10144,1.5,1.5,0.6928000000000001,0.015680000000000003,0.07840000000000001,0.04279999999999995,0.0,0.015680000000000003
0.2,0.8,0,blind_vote:H:k2,0.046,1.6,1.6,0.6500000000000001,0.001999999999999999,0.009999999999999995,0.0,0.0,0.001999999999999999
0.2,0.8,0,echo_gate:H:k2,0.07712,1.8072,2.5,0.6928000000000001,0.015680000000000003,0.07840000000000001,0.04279999999999995,0.3071999999999999,0.015680000000000003
0.2,0.8,0,blind_gate:H:k2,0.07199999999999998,1.95,2.6,0.6500000000000001,0.001999999999999999,0.009999999999999995,0.0,0.34999999999999987,0.001999999999999999
0.2,0.8,0,audit_gate:H:k2,0.10784,1.9804,2.5,0.6928000000000001,0.015680000000000003,0.07840000000000001,0.04279999999999995,0.48039999999999994,0.011760000000000003
0.2,0.8,0,serial_last:H:k2,0.11600000000000002,1.5,1.5,0.7672000000000001,0.04592,0.2296,0.11719999999999997,0.0,0.04592
0.2,0.8,0,exposed_vote:H:k3,0.08928000000000001,1.75,1.75,0.6273408,0.0043904,0.021952,0.0439408,0.0,0.0043904
0.2,0.8,0,blind_vote:H:k3,0.041499999999999995,1.9,1.9,0.5834,0.00019999999999999987,0.0009999999999999994,0.0,0.0,0.00019999999999999987
0.2,0.8,0,echo_gate:H:k3,0.07892224,2.1226592,2.75,0.6273408,0.0043904,0.021952,0.0439408,0.37265919999999997,0.0043904
0.2,0.8,0,blind_gate:H:k3,0.08352000000000001,2.3165999999999998,2.9,0.5834,0.00019999999999999987,0.0009999999999999994,0.0,0.41659999999999997,0.00019999999999999987
0.2,0.8,0,audit_gate:H:k3,0.10919167999999999,2.2794944,2.75,0.6273408,0.0043904,0.021952,0.0439408,0.5294943999999999,0.0032928000000000002
0.2,0.8,0,serial_last:H:k3,0.11280000000000003,1.75,1.75,0.7445088000000001,0.037654400000000005,0.18827200000000002,0.16110880000000005,0.0,0.037654400000000005
0.2,0.8,0,exposed_vote:H:k4,0.06418483200000002,2.0,2.0,0.57434368,0.001229312,0.00614656,0.04944367999999999,0.0,0.001229312
0.2,0.8,0,blind_vote:H:k4,0.013419999999999994,2.2,2.2,0.5249,1.9999999999999985e-05,9.999999999999992e-05,0.0,0.0,1.9999999999999985e-05
0.2,0.8,0,echo_gate:H:k4,0.086360576,2.42565632,3.0,0.57434368,0.001229312,0.00614656,0.04944367999999999,0.42565632,0.001229312
0.2,0.8,0,blind_gate:H:k4,0.09504,2.6751,3.2,0.5249,1.9999999999999985e-05,9.999999999999992e-05,0.0,0.47509999999999997,1.9999999999999985e-05
0.2,0.8,0,audit_gate:H:k4,0.114770432,2.56924224,3.0,0.57434368,0.001229312,0.00614656,0.04944367999999999,0.56924224,0.000921984
0.2,0.8,0,serial_last:H:k4,0.11024000000000002,2.0,2.0,0.72359392,0.030876608000000007,0.15438304000000003,0.19869391999999997,0.0,0.030876608000000007
0.2,0.8,0,exposed_vote:H:k5,0.058678988800000026,2.25,2.25,0.52760942592,0.00034420736,0.0017210367999999998,0.05521542591999995,0.0,0.00034420736
0.2,0.8,0,blind_vote:H:k5,0.012609999999999993,2.5,2.5,0.4723940000000001,1.999999999999998e-06,9.999999999999989e-06,0.0,0.0,1.999999999999998e-06
0.2,0.8,0,echo_gate:H:k5,0.09482232217599999,2.72239057408,3.25,0.52760942592,0.00034420736,0.0017210367999999998,0.05521542591999995,0.47239057407999996,0.00034420736
0.2,0.8,0,blind_gate:H:k5,0.10552319999999998,3.027606,3.5,0.4723940000000001,1.999999999999998e-06,9.999999999999989e-06,0.0,0.5276059999999999,1.999999999999998e-06
0.2,0.8,0,audit_gate:H:k5,0.12111674163200001,2.8542929305599998,3.25,0.52760942592,0.00034420736,0.0017210367999999998,0.05521542591999995,0.60429293056,0.00025815552
0.2,0.8,0,serial_last:H:k5,0.10819200000000001,2.25,2.25,0.7041817843200001,0.025318818560000005,0.1265940928,0.23178778432000002,0.0,0.025318818560000005
0.2,0.8,0,exposed_vote:H:k6,0.04434734694400002,2.5,2.5,0.48518037913600004,9.637806079999998e-05,0.0004818903039999999,0.06002737913599998,0.0,9.637806079999998e-05
0.2,0.8,0,blind_vote:H:k6,0.004185999999999997,2.8,2.8,0.42515300000000006,1.9999999999999975e-07,9.999999999999987e-07,0.0,0.0,1.9999999999999975e-07
0.2,0.8,0,echo_gate:H:k6,0.10306030223359998,3.014819620864,3.5,0.48518037913600004,9.637806079999998e-05,0.0004818903039999999,0.06002737913599998,0.5148196208639999,9.637806079999998e-05
0.2,0.8,0,blind_gate:H:k6,0.11496959999999999,3.374847,3.8,0.42515300000000006,1.9999999999999975e-07,9.999999999999987e-07,0.0,0.5748469999999999,1.9999999999999975e-07
0.2,0.8,0,audit_gate:H:k6,0.1272952266752,3.136114715648,3.5,0.48518037913600004,9.637806079999998e-05,0.0004818903039999999,0.06002737913599998,0.636114715648,7.228354559999999e-05
0.2,0.8,0,serial_last:H:k6,0.10655360000000001,2.5,2.5,0.686047137664,0.020761431219200002,0.10380715609600001,0.260894137664,0.0,0.020761431219200002
0.2,0.8,0,exposed_vote:H:k7,0.04146146263040001,2.75,2.75,0.44630426684620805,2.6985857023999995e-05,0.00013492928511999998,0.063666726846208,0.0,2.6985857023999995e-05
0.2,0.8,0,blind_vote:H:k7,0.004003749999999998,3.1,3.1,0.38263754000000005,1.999999999999997e-08,9.999999999999985e-08,0.0,0.0,1.999999999999997e-08
0.2,0.8,0,echo_gate:H:k7,0.1107661324877824,3.303695733153792,3.75,0.44630426684620805,2.6985857023999995e-05,0.00013492928511999998,0.063666726846208,0.553695733153792,2.6985857023999995e-05
0.2,0.8,0,blind_gate:H:k7,0.12347251199999999,3.71736246,4.1,0.38263754000000005,1.999999999999997e-08,9.999999999999985e-08,0.0,0.61736246,1.999999999999997e-08
0.2,0.8,0,audit_gate:H:k7,0.13307459936583677,3.415271799865344,3.75,0.44630426684620805,2.6985857023999995e-05,0.00013492928511999998,0.063666726846208,0.6652717998653439,2.0239392767999996e-05
0.2,0.8,0,serial_last:H:k7,0.10524288000000001,2.75,2.75,0.669004365915648,0.017024373599744003,0.08512186799872001,0.286366825915648,0.0,0.017024373599744003
0.2,0.8,0,exposed_vote:A:k1,0.09999999999999999,0.5,0.5,0.9640000000000001,0.082,0.82,0.14400000000000002,0.0,0.082
0.2,0.8,0,blind_vote:A:k1,0.1,0.55,0.55,0.8200000000000001,0.009999999999999998,0.09999999999999998,0.0,0.0,0.009999999999999998
0.2,0.8,0,echo_gate:A:k1,0.08919999999999999,0.5359999999999999,1.5,0.9640000000000001,0.082,0.82,0.14400000000000002,0.03599999999999992,0.082
0.2,0.8,0,blind_gate:A:k1,0.045999999999999985,0.73,1.55,0.8200000000000001,0.009999999999999998,0.09999999999999998,0.0,0.17999999999999994,0.009999999999999998
0.2,0.8,0,audit_gate:A:k1,0.11689999999999998,0.7769999999999999,1.5,0.9640000000000001,0.082,0.82,0.14400000000000002,0.2769999999999999,0.0615
0.2,0.8,0,serial_last:A:k1,0.1,0.5,0.5,0.9640000000000001,0.082,0.82,0.14400000000000002,0.0,0.082
0.2,0.8,0,exposed_vote:A:k2,0.09712000000000001,0.75,0.75,0.9316000000000001,0.06724000000000002,0.6724000000000002,0.2016,0.0,0.06724000000000002
0.2,0.8,0,blind_vote:A:k2,0.027999999999999997,0.85,0.85,0.7300000000000001,0.0009999999999999996,0.009999999999999995,0.0,0.0,0.0009999999999999996
0.2,0.8,0,echo_gate:A:k2,0.08092,0.8183999999999999,1.75,0.9316000000000001,0.06724000000000002,0.6724000000000002,0.2016,0.0683999999999999,0.06724000000000002
0.2,0.8,0,blind_gate:A:k2,0.054999999999999986,1.1199999999999999,1.85,0.7300000000000001,0.0009999999999999996,0.009999999999999995,0.0,0.2699999999999999,0.0009999999999999996
0.2,0.8,0,audit_gate:A:k2,0.11069,1.0513,1.75,0.9316000000000001,0.06724000000000002,0.6724000000000002,0.2016,0.3012999999999999,0.050430000000000016
0.2,0.8,0,serial_last:A:k2,0.1,0.75,0.75,0.9316000000000001,0.06724000000000002,0.6724000000000002,0.2016,0.0,0.06724000000000002
0.2,0.8,0,exposed_vote:A:k3,0.095968,1.0,1.0,0.9022096000000002,0.055136800000000014,0.5513680000000001,0.24600960000000005,0.0,0.055136800000000014
0.2,0.8,0,blind_vote:A:k3,0.02799999999999999,1.15,1.15,0.6562000000000001,9.999999999999994e-05,0.0009999999999999994,0.0,0.0,9.999999999999994e-05
0.2,0.8,0,echo_gate:A:k3,0.07469487999999998,1.0977903999999998,2.0,0.9022096000000002,0.055136800000000014,0.5513680000000001,0.24600960000000005,0.09779039999999983,0.055136800000000014
0.2,0.8,0,blind_gate:A:k3,0.06885999999999998,1.4937999999999998,2.15,0.6562000000000001,9.999999999999994e-05,0.0009999999999999994,0.0,0.3437999999999999,9.999999999999994e-05
0.2,0.8,0,audit_gate:A:k3,0.10602115999999998,1.3233427999999998,2.0,0.9022096000000002,0.055136800000000014,0.5513680000000001,0.24600960000000005,0.3233427999999998,0.04135260000000001
0.2,0.8,0,serial_last:A:k3,0.1,1.0,1.0,0.9022096000000002,0.055136800000000014,0.5513680000000001,0.24600960000000005,0.0,0.055136800000000014
0.2,0.8,0,exposed_vote:A:k4,0.09801049599999999,1.25,1.25,0.8753435200000002,0.04521217600000001,0.45212176000000004,0.2848435200000001,0.0,0.04521217600000001
0.2,0.8,0,blind_vote:A:k4,0.008559999999999995,1.45,1.45,0.5905,9.999999999999992e-06,9.999999999999992e-05,0.0,0.0,9.999999999999992e-06
0.2,0.8,0,echo_gate:A:k4,0.07014347199999998,1.3746564799999998,2.25,0.8753435200000002,0.04521217600000001,0.45212176000000004,0.2848435200000001,0.12465647999999985,0.04521217600000001
0.2,0.8,0,blind_gate:A:k4,0.08191,1.8595,2.45,0.5905,9.999999999999992e-06,9.999999999999992e-05,0.0,0.4095,9.999999999999992e-06
0.2,0.8,0,audit_gate:A:k4,0.102607604,1.59349236,2.25,0.8753435200000002,0.04521217600000001,0.45212176000000004,0.2848435200000001,0.34349235999999994,0.03390913200000001
0.2,0.8,0,serial_last:A:k4,0.1,1.25,1.25,0.8753435200000002,0.04521217600000001,0.45212176000000004,0.2848435200000001,0.0,0.04521217600000001
0.2,0.8,0,exposed_vote:A:k5,0.09762526720000002,1.5,1.5,0.85060270144,0.03707398432000001,0.3707398432000001,0.31916070143999997,0.0,0.03707398432000001
0.2,0.8,0,blind_vote:A:k5,0.008559999999999996,1.75,1.75,0.5314420000000001,9.99999999999999e-07,9.999999999999989e-06,0.0,0.0,9.99999999999999e-07
0.2,0.8,0,echo_gate:A:k5,0.066953444032,1.6493972985599998,2.5,0.85060270144,0.03707398432000001,0.3707398432000001,0.31916070143999997,0.14939729855999995,0.03707398432000001
0.2,0.8,0,blind_gate:A:k5,0.0937126,2.218558,2.75,0.5314420000000001,9.99999999999999e-07,9.999999999999989e-06,0.0,0.4685579999999999,9.99999999999999e-07
0.2,0.8,0,audit_gate:A:k5,0.100215083024,1.86204797392,2.5,0.85060270144,0.03707398432000001,0.3707398432000001,0.31916070143999997,0.36204797392,0.02780548824000001
0.2,0.8,0,serial_last:A:k5,0.1,1.5,1.5,0.85060270144,0.03707398432000002,0.37073984320000014,0.31916070143999997,0.0,0.03707398432000002
0.2,0.8,0,exposed_vote:A:k6,0.098846935552,1.75,1.75,0.8276588099200001,0.030400667142400008,0.30400667142400006,0.34936180992,0.0,0.030400667142400008
0.2,0.8,0,blind_vote:A:k6,0.0027279999999999982,2.05,2.05,0.4782970000000001,9.999999999999988e-08,9.999999999999987e-07,0.0,0.0,9.999999999999988e-08
0.2,0.8,0,echo_gate:A:k6,0.06486890515839999,1.92234119008,2.75,0.8276588099200001,0.030400667142400008,0.30400667142400006,0.34936180992,0.17234119007999993,0.030400667142400008
0.2,0.8,0,blind_gate:A:k6,0.1043407,2.571703,3.05,0.4782970000000001,9.999999999999988e-08,9.999999999999987e-07,0.0,0.5217029999999999,9.999999999999988e-08
0.2,0.8,0,audit_gate:A:k6,0.0986516788688,2.12925589256,2.75,0.8276588099200001,0.030400667142400008,0.30400667142400006,0.34936180992,0.3792558925599999,0.022800500356800008
0.2,0.8,0,serial_last:A:k6,0.1,1.75,1.75,0.8276588099200001,0.030400667142400008,0.30400667142400006,0.34936180992,0.0,0.030400667142400008
0.2,0.8,0,exposed_vote:A:k7,0.0987025733632,2.0,2.0,0.8062415269788161,0.024928547056768006,0.24928547056768005,0.37577430697881603,0.0,0.024928547056768006
0.2,0.8,0,blind_vote:A:k7,0.0027279999999999982,2.35,2.35,0.4304672200000001,9.999999999999985e-09,9.999999999999985e-08,0.0,0.0,9.999999999999985e-09
0.2,0.8,0,echo_gate:A:k7,0.06368024166100478,2.193758473021184,3.0,0.8062415269788161,0.024928547056768006,0.24928547056768005,0.37577430697881603,0.19375847302118387,0.024928547056768006
0.2,0.8,0,blind_gate:A:k7,0.11390656599999997,2.91953278,3.35,0.4304672200000001,9.999999999999985e-09,9.999999999999985e-08,0.0,0.5695327799999998,9.999999999999985e-09
0.2,0.8,0,audit_gate:A:k7,0.09776018124575359,2.395318854765888,3.0,0.8062415269788161,0.024928547056768006,0.24928547056768005,0.37577430697881603,0.3953188547658879,0.018696410292576005
0.2,0.8,0,serial_last:A:k7,0.1,2.0,2.0,0.8062415269788161,0.024928547056768006,0.24928547056768005,0.37577430697881603,0.0,0.024928547056768006
0.2,0.8,0.5,alone:H:k0,0.2,1.0,1.0,1.0,0.2,1.0,0.0,0.0,0.2
0.2,0.8,0.5,alone:A:k0,0.1,0.25,0.25,1.0,0.1,1.0,0.0,0.0,0.1
0.2,0.8,0.5,exposed_vote:H:k1,0.16,1.25,1.25,0.792,0.05600000000000001,0.28,0.051999999999999935,0.0,0.05600000000000001
0.2,0.8,0.5,blind_vote:H:k1,0.15000000000000002,1.3,1.3,0.7400000000000001,0.02,0.09999999999999999,0.0,0.0,0.02
0.2,0.8,0.5,echo_gate:H:k1,0.0976,1.458,2.25,0.792,0.05600000000000001,0.28,0.051999999999999935,0.20799999999999996,0.05600000000000001
0.2,0.8,0.5,blind_gate:H:k1,0.07199999999999998,1.56,2.3,0.7400000000000001,0.02,0.09999999999999999,0.0,0.2599999999999999,0.02
0.2,0.8,0.5,audit_gate:H:k1,0.1232,1.656,2.25,0.792,0.05600000000000001,0.28,0.051999999999999935,0.4059999999999999,0.04200000000000001
0.2,0.8,0.5,serial_last:H:k1,0.12000000000000002,1.25,1.25,0.792,0.05600000000000001,0.28,0.051999999999999935,0.0,0.05600000000000001
0.2,0.8,0.5,exposed_vote:H:k2,0.11872,1.5,1.5,0.7216,0.021440000000000004,0.10720000000000002,0.026599999999999957,0.0,0.021440000000000004
0.2,0.8,0.5,blind_vote:H:k2,0.07300000000000001,1.6,1.6,0.6950000000000001,0.011000000000000001,0.055,0.0,0.0,0.011000000000000001
0.2,0.8,0.5,echo_gate:H:k2,0.07712000000000001,1.7784,2.5,0.7216,0.021440000000000004,0.10720000000000002,0.026599999999999957,0.2784,0.021440000000000004
0.2,0.8,0.5,blind_gate:H:k2,0.072,1.905,2.6,0.6950000000000001,0.011000000000000001,0.055,0.0,0.30499999999999994,0.011000000000000001
0.2,0.8,0.5,audit_gate:H:k2,0.10784000000000002,1.9588,2.5,0.7216,0.021440000000000004,0.10720000000000002,0.026599999999999957,0.4588,0.016080000000000004
0.2,0.8,0.5,serial_last:H:k2,0.11600000000000002,1.5,1.5,0.7744000000000001,0.047360000000000006,0.2368,0.07940000000000003,0.0,0.047360000000000006
0.2,0.8,0.5,exposed_vote:H:k3,0.10944000000000004,1.75,1.75,0.6847104,0.012915200000000003,0.06457600000000001,0.023010399999999986,0.0,0.012915200000000003
0.2,0.8,0.5,blind_vote:H:k3,0.07075000000000001,1.9,1.9,0.6617000000000001,0.010100000000000001,0.0505,0.0,0.0,0.010100000000000001
0.2,0.8,0.5,echo_gate:H:k3,0.07597311999999999,2.0652896,2.75,0.6847104,0.012915200000000003,0.06457600000000001,0.023010399999999986,0.31528959999999995,0.012915200000000003
0.2,0.8,0.5,blind_gate:H:k3,0.07775999999999998,2.2382999999999997,2.9,0.6617000000000001,0.010100000000000001,0.0505,0.0,0.33829999999999993,0.010100000000000001
0.2,0.8,0.5,audit_gate:H:k3,0.10697984,2.2364672,2.75,0.6847104,0.012915200000000003,0.06457600000000001,0.023010399999999986,0.4864672,0.009686400000000003
0.2,0.8,0.5,serial_last:H:k3,0.11280000000000003,1.75,1.75,0.7588944000000001,0.040347200000000014,0.20173600000000005,0.09719440000000001,0.0,0.040347200000000014
0.2,0.8,0.5,exposed_vote:H:k4,0.09113241600000002,2.0,2.0,0.6573798400000002,0.010758656000000002,0.053793280000000006,0.024929840000000092,0.0,0.010758656000000002
0.2,0.8,0.5,blind_vote:H:k4,0.05671,2.2,2.2,0.6324500000000001,0.010010000000000002,0.050050000000000004,0.0,0.0,0.010010000000000002
0.2,0.8,0.5,echo_gate:H:k4,0.07928268799999998,2.34262016,3.0,0.6573798400000002,0.010758656000000002,0.053793280000000006,0.024929840000000092,0.34262015999999984,0.010758656000000002
0.2,0.8,0.5,blind_gate:H:k4,0.08352,2.56755,3.2,0.6324500000000001,0.010010000000000002,0.050050000000000004,0.0,0.36754999999999993,0.010010000000000002
0.2,0.8,0.5,audit_gate:H:k4,0.10946201599999997,2.50696512,3.0,0.6573798400000002,0.010758656000000002,0.053793280000000006,0.024929840000000092,0.5069651199999998,0.008068992
0.2,0.8,0.5,serial_last:H:k4,0.11024000000000002,2.0,2.0,0.7451089600000002,0.03465430400000001,0.17327152000000004,0.11265896000000009,0.0,0.03465430400000001
0.2,0.8,0.5,exposed_vote:H:k5,0.08735549440000001,2.25,2.25,0.63384631296,0.010200903680000001,0.051004518400000004,0.02764931295999995,0.0,0.010200903680000001
0.2,0.8,0.5,blind_vote:H:k5,0.056305,2.5,2.5,0.6061970000000001,0.010001000000000001,0.050005,0.0,0.0,0.010001000000000001
0.2,0.8,0.5,echo_gate:H:k5,0.083431641088,2.6161536870399997,3.25,0.63384631296,0.010200903680000001,0.051004518400000004,0.02764931295999995,0.36615368703999995,0.010200903680000001
0.2,0.8,0.5,blind_gate:H:k5,0.08876159999999998,2.893803,3.5,0.6061970000000001,0.010001000000000001,0.050005,0.0,0.3938029999999999,0.010001000000000001
0.2,0.8,0.5,audit_gate:H:k5,0.11257373081600001,2.77461526528,3.25,0.63384631296,0.010200903680000001,0.051004518400000004,0.02764931295999995,0.52461526528,0.007650677760000001
0.2,0.8,0.5,serial_last:H:k5,0.10819200000000001,2.25,2.25,0.73274049216,0.030032209280000007,0.15016104640000003,0.12654349215999994,0.0,0.030032209280000007
0.2,0.8,0.5,exposed_vote:H:k6,0.07711767347200002,2.5,2.5,0.612598509568,0.010053949030400003,0.050269745152000014,0.030022009568000052,0.0,0.010053949030400003
0.2,0.8,0.5,blind_vote:H:k6,0.052093,2.8,2.8,0.5825764999999999,0.010000100000000001,0.0500005,0.0,0.0,0.010000100000000001
0.2,0.8,0.5,echo_gate:H:k6,0.08753424711680001,2.887401490432,3.5,0.612598509568,0.010053949030400003,0.050269745152000014,0.030022009568000052,0.387401490432,0.010053949030400003
0.2,0.8,0.5,blind_gate:H:k6,0.09348480000000002,3.2174234999999998,3.8,0.5825764999999999,0.010000100000000001,0.0500005,0.0,0.41742350000000006,0.010000100000000001
0.2,0.8,0.5,audit_gate:H:k6,0.1156506853376,3.040551117824,3.5,0.612598509568,0.010053949030400003,0.050269745152000014,0.030022009568000052,0.540551117824,0.007540461772800003
0.2,0.8,0.5,serial_last:H:k6,0.10655360000000001,2.5,2.5,0.7215432488319999,0.026278955609600006,0.131394778048,0.138966748832,0.0,0.026278955609600006
0.2,0.8,0.5,exposed_vote:H:k7,0.07526513131520003,2.75,2.75,0.593153797423104,0.010014644928512001,0.050073224642560005,0.03183502742310407,0.0,0.010014644928512001
0.2,0.8,0.5,blind_vote:H:k7,0.052001875,3.1,3.1,0.56131877,0.010000010000000002,0.050000050000000004,0.0,0.0,0.010000010000000002
0.2,0.8,0.5,echo_gate:H:k7,0.0913838854438912,3.156846202576896,3.75,0.593153797423104,0.010014644928512001,0.050073224642560005,0.03183502742310407,0.40684620257689597,0.010014644928512001
0.2,0.8,0.5,blind_gate:H:k7,0.09773625600000002,3.53868123,4.1,0.56131877,0.010000010000000002,0.050000050000000004,0.0,0.43868123000000003,0.010000010000000002
0.2,0.8,0.5,audit_gate:H:k7,0.1185379140829184,3.305134651932672,3.75,0.593153797423104,0.010014644928512001,0.050073224642560005,0.03183502742310407,0.555134651932672,0.007510983696384001
0.2,0.8,0.5,serial_last:H:k7,0.10524288000000001,2.75,2.75,0.711317926957824,0.023230778799872006,0.11615389399936002,0.14999915695782406,0.0,0.023230778799872006
0.2,0.8,0.5,exposed_vote:A:k1,0.1,0.5,0.5,0.982,0.091,0.9099999999999999,0.07199999999999995,0.0,0.091
0.2,0.8,0.5,blind_vote:A:k1,0.09999999999999999,0.55,0.55,0.91,0.055,0.5499999999999999,0.0,0.0,0.055
0.2,0.8,0.5,echo_gate:A:k1,0.0946,0.518,1.5,0.982,0.091,0.9099999999999999,0.07199999999999995,0.018000000000000016,0.091
0.2,0.8,0.5,blind_gate:A:k1,0.073,0.64,1.55,0.91,0.055,0.5499999999999999,0.0,0.08999999999999997,0.055
0.2,0.8,0.5,audit_gate:A:k1,0.12095000000000003,0.7635000000000001,1.5,0.982,0.091,0.9099999999999999,0.07199999999999995,0.26350000000000007,0.06825
0.2,0.8,0.5,serial_last:A:k1,0.1,0.5,0.5,0.982,0.091,0.9099999999999999,0.07199999999999995,0.0,0.091
0.2,0.8,0.5,exposed_vote:A:k2,0.09856000000000001,0.75,0.75,0.9658,0.08362000000000001,0.8362,0.1008,0.0,0.08362000000000001
0.2,0.8,0.5,blind_vote:A:k2,0.064,0.85,0.85,0.865,0.0505,0.505,0.0,0.0,0.0505
0.2,0.8,0.5,echo_gate:A:k2,0.09046000000000001,0.7842,1.75,0.9658,0.08362000000000001,0.8362,0.1008,0.03420000000000001,0.08362000000000001
0.2,0.8,0.5,blind_gate:A:k2,0.07750000000000001,0.985,1.85,0.865,0.0505,0.505,0.0,0.135,0.0505
0.2,0.8,0.5,audit_gate:A:k2,0.117845,1.02565,1.75,0.9658,0.08362000000000001,0.8362,0.1008,0.27564999999999995,0.062715
0.2,0.8,0.5,serial_last:A:k2,0.1,0.75,0.75,0.9658,0.08362000000000001,0.8362,0.1008,0.0,0.08362000000000001
0.2,0.8,0.5,exposed_vote:A:k3,0.09798400000000002,1.0,1.0,0.9511048000000002,0.07756840000000001,0.775684,0.12300480000000003,0.0,0.07756840000000001
0.2,0.8,0.5,blind_vote:A:k3,0.064,1.15,1.15,0.8281000000000002,0.050050000000000004,0.5005000000000001,0.0,0.0,0.050050000000000004
0.2,0.8,0.5,echo_gate:A:k3,0.08734743999999997,1.0488951999999998,2.0,0.9511048000000002,0.07756840000000001,0.775684,0.12300480000000003,0.048895199999999805,0.07756840000000001
0.2,0.8,0.5,blind_gate:A:k3,0.08442999999999998,1.3218999999999999,2.15,0.8281000000000002,0.050050000000000004,0.5005000000000001,0.0,0.17189999999999983,0.050050000000000004
0.2,0.8,0.5,audit_gate:A:k3,0.11551058,1.2866714,2.0,0.9511048000000002,0.07756840000000001,0.775684,0.12300480000000003,0.2866713999999999,0.05817630000000001
0.2,0.8,0.5,serial_last:A:k3,0.1,1.0,1.0,0.9511048000000002,0.07756840000000001,0.775684,0.12300480000000003,0.0,0.07756840000000001
0.2,0.8,0.5,exposed_vote:A:k4,0.09900524800000002,1.25,1.25,0.9376717600000001,0.072606088,0.7260608799999999,0.14242176000000006,0.0,0.072606088
0.2,0.8,0.5,blind_vote:A:k4,0.05428,1.45,1.45,0.79525,0.050005,0.50005,0.0,0.0,0.050005
0.2,0.8,0.5,echo_gate:A:k4,0.08507173599999998,1.3123282399999998,2.25,0.9376717600000001,0.072606088,0.7260608799999999,0.14242176000000006,0.062328239999999924,0.072606088
0.2,0.8,0.5,blind_gate:A:k4,0.09095500000000001,1.65475,2.45,0.79525,0.050005,0.50005,0.0,0.20475,0.050005
0.2,0.8,0.5,audit_gate:A:k4,0.113803802,1.54674618,2.25,0.9376717600000001,0.072606088,0.7260608799999999,0.14242176000000006,0.29674617999999997,0.054454565999999996
0.2,0.8,0.5,serial_last:A:k4,0.1,1.25,1.25,0.9376717600000001,0.072606088,0.7260608799999999,0.14242176000000006,0.0,0.072606088
0.2,0.8,0.5,exposed_vote:A:k5,0.09881263359999996,1.5,1.5,0.92530135072,0.06853699216,0.6853699216,0.15958035071999999,0.0,0.06853699216
0.2,0.8,0.5,blind_vote:A:k5,0.05428,1.75,1.75,0.765721,0.0500005,0.500005,0.0,0.0,0.0500005
0.2,0.8,0.5,echo_gate:A:k5,0.08347672201600001,1.5746986492800001,2.5,0.92530135072,0.06853699216,0.6853699216,0.15958035071999999,0.07469864928000003,0.06853699216
0.2,0.8,0.5,blind_gate:A:k5,0.0968563,1.984279,2.75,0.765721,0.0500005,0.500005,0.0,0.23427900000000002,0.0500005
0.2,0.8,0.5,audit_gate:A:k5,0.112607541512,1.80602398696,2.5,0.92530135072,0.06853699216,0.6853699216,0.15958035071999999,0.30602398696,0.05140274412
0.2,0.8,0.5,serial_last:A:k5,0.1,1.5,1.5,0.92530135072,0.06853699216,0.6853699216,0.15958035071999999,0.0,0.06853699216
0.2,0.8,0.5,exposed_vote:A:k6,0.099423467776,1.75,1.75,0.91382940496,0.0652003335712,0.652003335712,0.17468090496,0.0,0.0652003335712
0.2,0.8,0.5,blind_vote:A:k6,0.051364,2.05,2.05,0.7391485,0.050000050000000004,0.5000005,0.0,0.0,0.050000050000000004
0.2,0.8,0.5,echo_gate:A:k6,0.08243445257920001,1.83617059504,2.75,0.91382940496,0.0652003335712,0.652003335712,0.17468090496,0.08617059504000002,0.0652003335712
0.2,0.8,0.5,blind_gate:A:k6,0.10217035000000001,2.3108515,3.05,0.7391485,0.050000050000000004,0.5000005,0.0,0.2608515,0.050000050000000004
0.2,0.8,0.5,audit_gate:A:k6,0.1118258394344,2.06462794628,2.75,0.91382940496,0.0652003335712,0.652003335712,0.17468090496,0.31462794628,0.0489002501784
0.2,0.8,0.5,serial_last:A:k6,0.1,1.75,1.75,0.91382940496,0.0652003335712,0.652003335712,0.17468090496,0.0,0.0652003335712
0.2,0.8,0.5,exposed_vote:A:k7,0.0993512866816,2.0,2.0,0.9031207634894081,0.062464273528384004,0.62464273528384,0.187887153489408,0.0,0.062464273528384004
0.2,0.8,0.5,blind_vote:A:k7,0.05136399999999999,2.35,2.35,0.7152336100000001,0.050000005,0.5000000499999999,0.0,0.0,0.050000005
0.2,0.8,0.5,echo_gate:A:k7,0.08184012083050239,2.096879236510592,3.0,0.9031207634894081,0.062464273528384004,0.62464273528384,0.187887153489408,0.09687923651059194,0.062464273528384004
0.2,0.8,0.5,blind_gate:A:k7,0.10695328299999998,2.6347663900000002,3.35,0.7152336100000001,0.050000005,0.5000000499999999,0.0,0.2847663899999999,0.050000005
0.2,0.8,0.5,audit_gate:A:k7,0.11138009062287679,2.322659427382944,3.0,0.9031207634894081,0.062464273528384004,0.62464273528384,0.187887153489408,0.32265942738294395,0.046848205146288
0.2,0.8,0.5,serial_last:A:k7,0.1,2.0,2.0,0.9031207634894081,0.062464273528384004,0.62464273528384,0.187887153489408,0.0,0.062464273528384004
0.2,0.8,0.9,alone:H:k0,0.2,1.0,1.0,1.0,0.2,1.0,0.0,0.0,0.2
0.2,0.8,0.9,alone:A:k0,0.1,0.25,0.25,1.0,0.1,1.0,0.0,0.0,0.1
0.2,0.8,0.9,exposed_vote:H:k1,0.16,1.25,1.25,0.792,0.05600000000000001,0.28,0.051999999999999935,0.0,0.05600000000000001
0.2,0.8,0.9,blind_vote:H:k1,0.15000000000000002,1.3,1.3,0.7400000000000001,0.020000000000000004,0.10000000000000002,0.0,0.0,0.020000000000000004
0.2,0.8,0.9,echo_gate:H:k1,0.0976,1.458,2.25,0.792,0.05600000000000001,0.28,0.051999999999999935,0.20799999999999996,0.05600000000000001
0.2,0.8,0.9,blind_gate:H:k1,0.07199999999999998,1.56,2.3,0.7400000000000001,0.020000000000000004,0.10000000000000002,0.0,0.2599999999999999,0.020000000000000004
0.2,0.8,0.9,audit_gate:H:k1,0.1232,1.656,2.25,0.792,0.05600000000000001,0.28,0.051999999999999935,0.4059999999999999,0.04200000000000001
0.2,0.8,0.9,serial_last:H:k1,0.12000000000000002,1.25,1.25,0.792,0.05600000000000001,0.28,0.051999999999999935,0.0,0.05600000000000001
0.2,0.8,0.9,exposed_vote:H:k2,0.13254400000000002,1.5,1.5,0.7446400000000001,0.026048000000000005,0.13024000000000002,0.013639999999999985,0.0,0.026048000000000005
0.2,0.8,0.9,blind_vote:H:k2,0.09460000000000002,1.6,1.6,0.7310000000000001,0.018200000000000004,0.09100000000000001,0.0,0.0,0.018200000000000004
0.2,0.8,0.9,echo_gate:H:k2,0.07712,1.75536,2.5,0.7446400000000001,0.026048000000000005,0.13024000000000002,0.013639999999999985,0.2553599999999999,0.026048000000000005
0.2,0.8,0.9,blind_gate:H:k2,0.072,1.869,2.6,0.7310000000000001,0.018200000000000004,0.09100000000000001,0.0,0.2689999999999999,0.018200000000000004
0.2,0.8,0.9,audit_gate:H:k2,0.10783999999999999,1.94152,2.5,0.7446400000000001,0.026048000000000005,0.13024000000000002,0.013639999999999985,0.4415199999999999,0.019536000000000005
0.2,0.8,0.9,serial_last:H:k2,0.11600000000000002,1.5,1.5,0.7801600000000001,0.04851200000000001,0.24256000000000005,0.04915999999999998,0.0,0.04851200000000001
0.2,0.8,0.9,exposed_vote:H:k3,0.12556800000000004,1.75,1.75,0.73060608,0.019735040000000006,0.09867520000000002,0.006266079999999952,0.0,0.019735040000000006
0.2,0.8,0.9,blind_vote:H:k3,0.09415000000000001,1.9,1.9,0.7243400000000001,0.018020000000000005,0.09010000000000001,0.0,0.0,0.018020000000000005
0.2,0.8,0.9,echo_gate:H:k3,0.073613824,2.0193939199999997,2.75,0.73060608,0.019735040000000006,0.09867520000000002,0.006266079999999952,0.26939391999999995,0.019735040000000006
0.2,0.8,0.9,blind_gate:H:k3,0.073152,2.1756599999999997,2.9,0.7243400000000001,0.018020000000000005,0.09010000000000001,0.0,0.2756599999999999,0.018020000000000005
0.2,0.8,0.9,audit_gate:H:k3,0.10521036800000001,2.20204544,2.75,0.73060608,0.019735040000000006,0.09867520000000002,0.006266079999999952,0.45204544,0.014801280000000003
0.2,0.8,0.9,serial_last:H:k3,0.11280000000000003,1.75,1.75,0.7704028800000001,0.042501440000000015,0.21250720000000006,0.04606288000000003,0.0,0.042501440000000015
0.2,0.8,0.9,exposed_vote:H:k4,0.11269048320000004,2.0,2.0,0.723808768,0.018382131200000002,0.09191065600000001,0.005318768000000085,0.0,0.018382131200000002
0.2,0.8,0.9,blind_vote:H:k4,0.09134199999999999,2.2,2.2,0.71849,0.018002,0.09000999999999999,0.0,0.0,0.018002
0.2,0.8,0.9,echo_gate:H:k4,0.0736203776,2.276191232,3.0,0.723808768,0.018382131200000002,0.09191065600000001,0.005318768000000085,0.27619123199999995,0.018382131200000002
0.2,0.8,0.9,blind_gate:H:k4,0.07430400000000001,2.48151,3.2,0.71849,0.018002,0.09000999999999999,0.0,0.28151000000000004,0.018002
0.2,0.8,0.9,audit_gate:H:k4,0.1052152832,2.457143424,3.0,0.723808768,0.018382131200000002,0.09191065600000001,0.005318768000000085,0.45714342399999996,0.013786598400000002
0.2,0.8,0.9,serial_last:H:k4,0.11024000000000002,2.0,2.0,0.762320992,0.037676460800000006,0.18838230400000003,0.04383099200000007,0.0,0.037676460800000006
0.2,0.8,0.9,exposed_vote:H:k5,0.11029669888000004,2.25,2.25,0.7188358225920001,0.018086260736000004,0.09043130368000002,0.005596422591999994,0.0,0.018086260736000004
0.2,0.8,0.9,blind_vote:H:k5,0.09126100000000002,2.5,2.5,0.7132394000000001,0.018000200000000004,0.09000100000000001,0.0,0.0,0.018000200000000004
0.2,0.8,0.9,echo_gate:H:k5,0.0743190962176,2.531164177408,3.25,0.7188358225920001,0.018086260736000004,0.09043130368000002,0.005596422591999994,0.2811641774079999,0.018086260736000004
0.2,0.8,0.9,blind_gate:H:k5,0.07535231999999999,2.7867606,3.5,0.7132394000000001,0.018000200000000004,0.09000100000000001,0.0,0.2867605999999999,0.018000200000000004
0.2,0.8,0.9,audit_gate:H:k5,0.1057393221632,2.710873133056,3.25,0.7188358225920001,0.018086260736000004,0.09043130368000002,0.005596422591999994,0.460873133056,0.013564695552000003
0.2,0.8,0.9,serial_last:H:k5,0.10819200000000001,2.25,2.25,0.755587458432,0.03380292185600001,0.16901460928000003,0.04234805843199996,0.0,0.03380292185600001
0.2,0.8,0.9,exposed_vote:H:k6,0.10333393469440004,2.5,2.5,0.7145330139136,0.01802000580608,0.0901000290304,0.0060177139135999536,0.0,0.01802000580608
0.2,0.8,0.9,blind_vote:H:k6,0.09041860000000002,2.8,2.8,0.7085153000000001,0.018000020000000002,0.0900001,0.0,0.0,0.018000020000000002
0.2,0.8,0.9,echo_gate:H:k6,0.07511340302336,2.7854669860864,3.5,0.7145330139136,0.01802000580608,0.0901000290304,0.0060177139135999536,0.2854669860864,0.01802000580608
0.2,0.8,0.9,blind_gate:H:k6,0.07629696,3.0914846999999996,3.8,0.7085153000000001,0.018000020000000002,0.0900001,0.0,0.29148469999999993,0.018000020000000002
0.2,0.8,0.9,audit_gate:H:k6,0.10633505226752,2.9641002395648,3.5,0.7145330139136,0.01802000580608,0.0901000290304,0.0060177139135999536,0.46410023956479995,0.01351500435456
0.2,0.8,0.9,serial_last:H:k6,0.10655360000000001,2.5,2.5,0.7499401377664001,0.030692975121920013,0.15346487560960007,0.04142483776640005,0.0,0.030692975121920013
0.2,0.8,0.9,exposed_vote:H:k7,0.10230806626304001,2.75,2.75,0.7106334218846209,0.0180047721857024,0.090023860928512,0.006369667884620789,0.0,0.0180047721857024
0.2,0.8,0.9,blind_vote:H:k7,0.090400375,3.1,3.1,0.7042637540000001,0.018000002,0.09000001,0.0,0.0,0.018000002
0.2,0.8,0.9,echo_gate:H:k7,0.07587808780877822,3.039366578115379,3.75,0.7106334218846209,0.0180047721857024,0.090023860928512,0.006369667884620789,0.28936657811537914,0.0180047721857024
0.2,0.8,0.9,blind_gate:H:k7,0.07714725119999999,3.3957362460000002,4.1,0.7042637540000001,0.018000002,0.09000001,0.0,0.2957362459999999,0.018000002
0.2,0.8,0.9,audit_gate:H:k7,0.10690856585658369,3.2170249335865346,3.75,0.7106334218846209,0.0180047721857024,0.090023860928512,0.006369667884620789,0.4670249335865344,0.0135035791392768
0.2,0.8,0.9,serial_last:H:k7,0.10524288000000001,2.75,2.75,0.7451687757915649,0.028195902959974407,0.14097951479987203,0.040905021791564855,0.0,0.028195902959974407
0.2,0.8,0.9,exposed_vote:A:k1,0.1,0.5,0.5,0.9964000000000001,0.09820000000000001,0.9820000000000001,0.01440000000000008,0.0,0.09820000000000001
0.2,0.8,0.9,blind_vote:A:k1,0.10000000000000002,0.55,0.55,0.982,0.09100000000000001,0.91,0.0,0.0,0.09100000000000001
0.2,0.8,0.9,echo_gate:A:k1,0.09892,0.5035999999999999,1.5,0.9964000000000001,0.09820000000000001,0.9820000000000001,0.01440000000000008,0.0035999999999999366,0.09820000000000001
0.2,0.8,0.9,blind_gate:A:k1,0.09460000000000002,0.5680000000000001,1.55,0.982,0.09100000000000001,0.91,0.0,0.018000000000000016,0.09100000000000001
0.2,0.8,0.9,audit_gate:A:k1,0.12419,0.7526999999999999,1.5,0.9964000000000001,0.09820000000000001,0.9820000000000001,0.01440000000000008,0.2526999999999999,0.07365000000000001
0.2,0.8,0.9,serial_last:A:k1,0.1,0.5,0.5,0.9964000000000001,0.09820000000000001,0.9820000000000001,0.01440000000000008,0.0,0.09820000000000001
0.2,0.8,0.9,exposed_vote:A:k2,0.09971200000000001,0.75,0.75,0.99316,0.096724,0.96724,0.020159999999999956,0.0,0.096724
0.2,0.8,0.9,blind_vote:A:k2,0.09280000000000001,0.85,0.85,0.9730000000000001,0.09010000000000001,0.9010000000000001,0.0,0.0,0.09010000000000001
0.2,0.8,0.9,echo_gate:A:k2,0.098092,0.75684,1.75,0.99316,0.096724,0.96724,0.020159999999999956,0.006839999999999957,0.096724
0.2,0.8,0.9,blind_gate:A:k2,0.0955,0.8769999999999999,1.85,0.9730000000000001,0.09010000000000001,0.9010000000000001,0.0,0.026999999999999913,0.09010000000000001
0.2,0.8,0.9,audit_gate:A:k2,0.12356899999999998,1.0051299999999999,1.75,0.99316,0.096724,0.96724,0.020159999999999956,0.25512999999999997,0.072543
0.2,0.8,0.9,serial_last:A:k2,0.1,0.75,0.75,0.99316,0.096724,0.96724,0.020159999999999956,0.0,0.096724
0.2,0.8,0.9,exposed_vote:A:k3,0.0995968,1.0,1.0,0.99022096,0.09551368,0.9551368,0.024600960000000005,0.0,0.09551368
0.2,0.8,0.9,blind_vote:A:k3,0.09280000000000001,1.15,1.15,0.96562,0.09001,0.9001,0.0,0.0,0.09001
0.2,0.8,0.9,echo_gate:A:k3,0.09746948799999999,1.00977904,2.0,0.99022096,0.09551368,0.9551368,0.024600960000000005,0.009779039999999961,0.09551368
0.2,0.8,0.9,blind_gate:A:k3,0.096886,1.18438,2.15,0.96562,0.09001,0.9001,0.0,0.034379999999999966,0.09001
0.2,0.8,0.9,audit_gate:A:k3,0.12310211600000001,1.25733428,2.0,0.99022096,0.09551368,0.9551368,0.024600960000000005,0.25733428,0.07163526
0.2,0.8,0.9,serial_last:A:k3,0.1,1.0,1.0,0.99022096,0.09551368,0.9551368,0.024600960000000005,0.0,0.09551368
0.2,0.8,0.9,exposed_vote:A:k4,0.09980104959999998,1.25,1.25,0.9875343520000001,0.0945212176,0.945212176,0.02848435199999999,0.0,0.0945212176
0.2,0.8,0.9,blind_vote:A:k4,0.090856,1.45,1.45,0.9590500000000001,0.09000100000000001,0.9000100000000001,0.0,0.0,0.09000100000000001
0.2,0.8,0.9,echo_gate:A:k4,0.09701434719999999,1.262465648,2.25,0.9875343520000001,0.0945212176,0.945212176,0.02848435199999999,0.01246564799999994,0.0945212176
0.2,0.8,0.9,blind_gate:A:k4,0.098191,1.4909499999999998,2.45,0.9590500000000001,0.09000100000000001,0.9000100000000001,0.0,0.04094999999999993,0.09000100000000001
0.2,0.8,0.9,audit_gate:A:k4,0.12276076039999999,1.5093492359999998,2.25,0.9875343520000001,0.0945212176,0.945212176,0.02848435199999999,0.2593492359999999,0.0708909132
0.2,0.8,0.9,serial_last:A:k4,0.1,1.25,1.25,0.9875343520000001,0.0945212176,0.945212176,0.02848435199999999,0.0,0.0945212176
0.2,0.8,0.9,exposed_vote:A:k5,0.09976252672000004,1.5,1.5,0.9850602701440001,0.09370739843200003,0.9370739843200002,0.031916070144,0.0,0.09370739843200003
0.2,0.8,0.9,blind_vote:A:k5,0.09085600000000002,1.75,1.75,0.9531442000000001,0.09000010000000001,0.900001,0.0,0.0,0.09000010000000001
0.2,0.8,0.9,echo_gate:A:k5,0.0966953444032,1.514939729856,2.5,0.9850602701440001,0.09370739843200003,0.9370739843200002,0.031916070144,0.014939729855999895,0.09370739843200003
0.2,0.8,0.9,blind_gate:A:k5,0.09937125999999999,1.7968558,2.75,0.9531442000000001,0.09000010000000001,0.900001,0.0,0.04685579999999989,0.09000010000000001
0.2,0.8,0.9,audit_gate:A:k5,0.12252150830240002,1.761204797392,2.5,0.9850602701440001,0.09370739843200003,0.9370739843200002,0.031916070144,0.261204797392,0.07028054882400002
0.2,0.8,0.9,serial_last:A:k5,0.1,1.5,1.5,0.9850602701440001,0.09370739843200003,0.9370739843200002,0.031916070144,0.0,0.09370739843200003
0.2,0.8,0.9,exposed_vote:A:k6,0.09988469355520001,1.75,1.75,0.9827658809920001,0.09304006671424,0.9304006671424,0.03493618099200002,0.0,0.09304006671424
0.2,0.8,0.9,blind_vote:A:k6,0.09027279999999999,2.05,2.05,0.9478297000000001,0.09000001,0.9000001,0.0,0.0,0.09000001
0.2,0.8,0.9,echo_gate:A:k6,0.09648689051583997,1.7672341190079999,2.75,0.9827658809920001,0.09304006671424,0.9304006671424,0.03493618099200002,0.01723411900799987,0.09304006671424
0.2,0.8,0.9,blind_gate:A:k6,0.10043406999999999,2.1021702999999996,3.05,0.9478297000000001,0.09000001,0.9000001,0.0,0.05217029999999989,0.09000001
0.2,0.8,0.9,audit_gate:A:k6,0.12236516788687997,2.0129255892559996,2.75,0.9827658809920001,0.09304006671424,0.9304006671424,0.03493618099200002,0.26292558925599985,0.06978005003568
0.2,0.8,0.9,serial_last:A:k6,0.1,1.75,1.75,0.9827658809920001,0.09304006671424,0.9304006671424,0.03493618099200002,0.0,0.09304006671424
0.2,0.8,0.9,exposed_vote:A:k7,0.09987025733632003,2.0,2.0,0.9806241526978816,0.09249285470567681,0.9249285470567681,0.03757743069788155,0.0,0.09249285470567681
0.2,0.8,0.9,blind_vote:A:k7,0.09027280000000003,2.35,2.35,0.9430467220000001,0.09000000100000001,0.9000000100000001,0.0,0.0,0.09000000100000001
0.2,0.8,0.9,echo_gate:A:k7,0.09636802416610049,2.0193758473021184,3.0,0.9806241526978816,0.09249285470567681,0.9249285470567681,0.03757743069788155,0.019375847302118387,0.09249285470567681
0.2,0.8,0.9,blind_gate:A:k7,0.1013906566,2.406953278,3.35,0.9430467220000001,0.09000000100000001,0.9000000100000001,0.0,0.05695327799999994,0.09000000100000001
0.2,0.8,0.9,audit_gate:A:k7,0.12227601812457536,2.264531885476589,3.0,0.9806241526978816,0.09249285470567681,0.9249285470567681,0.03757743069788155,0.2645318854765888,0.0693696410292576
0.2,0.8,0.9,serial_last:A:k7,0.1,2.0,2.0,0.9806241526978816,0.09249285470567681,0.9249285470567681,0.03757743069788155,0.0,0.09249285470567681
0.2,1,0,alone:H:k0,0.2,1.0,1.0,1.0,0.2,1.0,0.0,0.0,0.2
0.2,1,0,alone:A:k0,0.1,0.25,0.25,1.0,0.1,1.0,0.0,0.0,0.1
0.2,1,0,exposed_vote:H:k1,0.16,1.25,1.25,0.792,0.056,0.27999999999999997,0.051999999999999935,0.0,0.056
0.2,1,0,blind_vote:H:k1,0.15000000000000002,1.3,1.3,0.7400000000000001,0.019999999999999997,0.09999999999999998,0.0,0.0,0.019999999999999997
0.2,1,0,echo_gate:H:k1,0.09759999999999999,1.458,2.25,0.792,0.056,0.27999999999999997,0.051999999999999935,0.20799999999999996,0.056
0.2,1,0,blind_gate:H:k1,0.07199999999999998,1.56,2.3,0.7400000000000001,0.019999999999999997,0.09999999999999998,0.0,0.2599999999999999,0.019999999999999997
0.2,1,0,audit_gate:H:k1,0.1232,1.656,2.25,0.792,0.056,0.27999999999999997,0.051999999999999935,0.4059999999999999,0.042
0.2,1,0,serial_last:H:k1,0.12000000000000002,1.25,1.25,0.792,0.056,0.27999999999999997,0.051999999999999935,0.0,0.056
0.2,1,0,exposed_vote:H:k2,0.10144,1.5,1.5,0.6928000000000001,0.015680000000000003,0.07840000000000001,0.04279999999999995,0.0,0.015680000000000003
0.2,1,0,blind_vote:H:k2,0.046,1.6,1.6,0.6500000000000001,0.001999999999999999,0.009999999999999995,0.0,0.0,0.001999999999999999
0.2,1,0,echo_gate:H:k2,0.07712,1.8072,2.5,0.6928000000000001,0.015680000000000003,0.07840000000000001,0.04279999999999995,0.3071999999999999,0.015680000000000003
0.2,1,0,blind_gate:H:k2,0.07199999999999998,1.95,2.6,0.6500000000000001,0.001999999999999999,0.009999999999999995,0.0,0.34999999999999987,0.001999999999999999
0.2,1,0,audit_gate:H:k2,0.10784,1.9804,2.5,0.6928000000000001,0.015680000000000003,0.07840000000000001,0.04279999999999995,0.48039999999999994,0.011760000000000003
0.2,1,0,serial_last:H:k2,0.12000000000000002,1.5,1.5,0.7920000000000001,0.056,0.27999999999999997,0.14200000000000002,0.0,0.056
0.2,1,0,exposed_vote:H:k3,0.08928000000000001,1.75,1.75,0.6273408,0.0043904,0.021952,0.0439408,0.0,0.0043904
0.2,1,0,blind_vote:H:k3,0.041499999999999995,1.9,1.9,0.5834,0.00019999999999999987,0.0009999999999999994,0.0,0.0,0.00019999999999999987
0.2,1,0,echo_gate:H:k3,0.07892224,2.1226592,2.75,0.6273408,0.0043904,0.021952,0.0439408,0.37265919999999997,0.0043904
0.2,1,0,blind_gate:H:k3,0.08352000000000001,2.3165999999999998,2.9,0.5834,0.00019999999999999987,0.0009999999999999994,0.0,0.41659999999999997,0.00019999999999999987
0.2,1,0,audit_gate:H:k3,0.10919167999999999,2.2794944,2.75,0.6273408,0.0043904,0.021952,0.0439408,0.5294943999999999,0.0032928000000000002
0.2,1,0,serial_last:H:k3,0.12000000000000002,1.75,1.75,0.792,0.056,0.27999999999999997,0.2086,0.0,0.056
0.2,1,0,exposed_vote:H:k4,0.06418483200000002,2.0,2.0,0.57434368,0.001229312,0.00614656,0.04944367999999999,0.0,0.001229312
0.2,1,0,blind_vote:H:k4,0.013419999999999994,2.2,2.2,0.5249,1.9999999999999985e-05,9.999999999999992e-05,0.0,0.0,1.9999999999999985e-05
0.2,1,0,echo_gate:H:k4,0.086360576,2.42565632,3.0,0.57434368,0.001229312,0.00614656,0.04944367999999999,0.42565632,0.001229312
0.2,1,0,blind_gate:H:k4,0.09504,2.6751,3.2,0.5249,1.9999999999999985e-05,9.999999999999992e-05,0.0,0.47509999999999997,1.9999999999999985e-05
0.2,1,0,audit_gate:H:k4,0.114770432,2.56924224,3.0,0.57434368,0.001229312,0.00614656,0.04944367999999999,0.56924224,0.000921984
0.2,1,0,serial_last:H:k4,0.12000000000000002,2.0,2.0,0.792,0.056,0.27999999999999997,0.2671,0.0,0.056
0.2,1,0,exposed_vote:H:k5,0.058678988800000026,2.25,2.25,0.52760942592,0.00034420736,0.0017210367999999998,0.05521542591999995,0.0,0.00034420736
0.2,1,0,blind_vote:H:k5,0.012609999999999993,2.5,2.5,0.4723940000000001,1.999999999999998e-06,9.999999999999989e-06,0.0,0.0,1.999999999999998e-06
0.2,1,0,echo_gate:H:k5,0.09482232217599999,2.72239057408,3.25,0.52760942592,0.00034420736,0.0017210367999999998,0.05521542591999995,0.47239057407999996,0.00034420736
0.2,1,0,blind_gate:H:k5,0.10552319999999998,3.027606,3.5,0.4723940000000001,1.999999999999998e-06,9.999999999999989e-06,0.0,0.5276059999999999,1.999999999999998e-06
0.2,1,0,audit_gate:H:k5,0.12111674163200001,2.8542929305599998,3.25,0.52760942592,0.00034420736,0.0017210367999999998,0.05521542591999995,0.60429293056,0.00025815552
0.2,1,0,serial_last:H:k5,0.12000000000000002,2.25,2.25,0.792,0.056,0.27999999999999997,0.31960599999999995,0.0,0.056
0.2,1,0,exposed_vote:H:k6,0.04434734694400002,2.5,2.5,0.48518037913600004,9.637806079999998e-05,0.0004818903039999999,0.06002737913599998,0.0,9.637806079999998e-05
0.2,1,0,blind_vote:H:k6,0.004185999999999997,2.8,2.8,0.42515300000000006,1.9999999999999975e-07,9.999999999999987e-07,0.0,0.0,1.9999999999999975e-07
0.2,1,0,echo_gate:H:k6,0.10306030223359998,3.014819620864,3.5,0.48518037913600004,9.637806079999998e-05,0.0004818903039999999,0.06002737913599998,0.5148196208639999,9.637806079999998e-05
0.2,1,0,blind_gate:H:k6,0.11496959999999999,3.374847,3.8,0.42515300000000006,1.9999999999999975e-07,9.999999999999987e-07,0.0,0.5748469999999999,1.9999999999999975e-07
0.2,1,0,audit_gate:H:k6,0.1272952266752,3.136114715648,3.5,0.48518037913600004,9.637806079999998e-05,0.0004818903039999999,0.06002737913599998,0.636114715648,7.228354559999999e-05
0.2,1,0,serial_last:H:k6,0.12000000000000002,2.5,2.5,0.792,0.05600000000000001,0.28,0.366847,0.0,0.05600000000000001
0.2,1,0,exposed_vote:H:k7,0.04146146263040001,2.75,2.75,0.44630426684620805,2.6985857023999995e-05,0.00013492928511999998,0.063666726846208,0.0,2.6985857023999995e-05
0.2,1,0,blind_vote:H:k7,0.004003749999999998,3.1,3.1,0.38263754000000005,1.999999999999997e-08,9.999999999999985e-08,0.0,0.0,1.999999999999997e-08
0.2,1,0,echo_gate:H:k7,0.1107661324877824,3.303695733153792,3.75,0.44630426684620805,2.6985857023999995e-05,0.00013492928511999998,0.063666726846208,0.553695733153792,2.6985857023999995e-05
0.2,1,0,blind_gate:H:k7,0.12347251199999999,3.71736246,4.1,0.38263754000000005,1.999999999999997e-08,9.999999999999985e-08,0.0,0.61736246,1.999999999999997e-08
0.2,1,0,audit_gate:H:k7,0.13307459936583677,3.415271799865344,3.75,0.44630426684620805,2.6985857023999995e-05,0.00013492928511999998,0.063666726846208,0.6652717998653439,2.0239392767999996e-05
0.2,1,0,serial_last:H:k7,0.12000000000000002,2.75,2.75,0.792,0.055999999999999994,0.27999999999999997,0.40936246,0.0,0.055999999999999994
0.2,1,0,exposed_vote:A:k1,0.1,0.5,0.5,1.0,0.1,1.0,0.17999999999999994,0.0,0.1
0.2,1,0,blind_vote:A:k1,0.1,0.55,0.55,0.8200000000000001,0.009999999999999998,0.09999999999999998,0.0,0.0,0.009999999999999998
0.2,1,0,echo_gate:A:k1,0.1,0.5,1.5,1.0,0.1,1.0,0.17999999999999994,0.0,0.1
0.2,1,0,blind_gate:A:k1,0.045999999999999985,0.73,1.55,0.8200000000000001,0.009999999999999998,0.09999999999999998,0.0,0.17999999999999994,0.009999999999999998
0.2,1,0,audit_gate:A:k1,0.125,0.75,1.5,1.0,0.1,1.0,0.17999999999999994,0.25,0.07500000000000001
0.2,1,0,serial_last:A:k1,0.1,0.5,0.5,1.0,0.1,1.0,0.17999999999999994,0.0,0.1
0.2,1,0,exposed_vote:A:k2,0.10000000000000002,0.75,0.75,1.0,0.10000000000000002,1.0000000000000002,0.2699999999999999,0.0,0.10000000000000002
0.2,1,0,blind_vote:A:k2,0.027999999999999997,0.85,0.85,0.7300000000000001,0.0009999999999999996,0.009999999999999995,0.0,0.0,0.0009999999999999996
0.2,1,0,echo_gate:A:k2,0.10000000000000002,0.75,1.75,1.0,0.10000000000000002,1.0000000000000002,0.2699999999999999,0.0,0.10000000000000002
0.2,1,0,blind_gate:A:k2,0.054999999999999986,1.1199999999999999,1.85,0.7300000000000001,0.0009999999999999996,0.009999999999999995,0.0,0.2699999999999999,0.0009999999999999996
0.2,1,0,audit_gate:A:k2,0.125,1.0,1.75,1.0,0.10000000000000002,1.0000000000000002,0.2699999999999999,0.25,0.07500000000000001
0.2,1,0,serial_last:A:k2,0.1,0.75,0.75,1.0,0.10000000000000002,1.0000000000000002,0.2699999999999999,0.0,0.10000000000000002
0.2,1,0,exposed_vote:A:k3,0.1,1.0,1.0,1.0,0.1,1.0,0.3437999999999999,0.0,0.1
0.2,1,0,blind_vote:A:k3,0.02799999999999999,1.15,1.15,0.6562000000000001,9.999999999999994e-05,0.0009999999999999994,0.0,0.0,9.999999999999994e-05
0.2,1,0,echo_gate:A:k3,0.1,1.0,2.0,1.0,0.1,1.0,0.3437999999999999,0.0,0.1
0.2,1,0,blind_gate:A:k3,0.06885999999999998,1.4937999999999998,2.15,0.6562000000000001,9.999999999999994e-05,0.0009999999999999994,0.0,0.3437999999999999,9.999999999999994e-05
0.2,1,0,audit_gate:A:k3,0.125,1.25,2.0,1.0,0.1,1.0,0.3437999999999999,0.25,0.07500000000000001
0.2,1,0,serial_last:A:k3,0.1,1.0,1.0,1.0,0.1,1.0,0.3437999999999999,0.0,0.1
0.2,1,0,exposed_vote:A:k4,0.1,1.25,1.25,1.0,0.1,1.0,0.4095,0.0,0.1
0.2,1,0,blind_vote:A:k4,0.008559999999999995,1.45,1.45,0.5905,9.999999999999992e-06,9.999999999999992e-05,0.0,0.0,9.999999999999992e-06
0.2,1,0,echo_gate:A:k4,0.1,1.25,2.25,1.0,0.1,1.0,0.4095,0.0,0.1
0.2,1,0,blind_gate:A:k4,0.08191,1.8595,2.45,0.5905,9.999999999999992e-06,9.999999999999992e-05,0.0,0.4095,9.999999999999992e-06
0.2,1,0,audit_gate:A:k4,0.125,1.5,2.25,1.0,0.1,1.0,0.4095,0.25,0.07500000000000001
0.2,1,0,serial_last:A:k4,0.1,1.25,1.25,1.0,0.1,1.0,0.4095,0.0,0.1
0.2,1,0,exposed_vote:A:k5,0.1,1.5,1.5,1.0,0.1,1.0,0.4685579999999999,0.0,0.1
0.2,1,0,blind_vote:A:k5,0.008559999999999996,1.75,1.75,0.5314420000000001,9.99999999999999e-07,9.999999999999989e-06,0.0,0.0,9.99999999999999e-07
0.2,1,0,echo_gate:A:k5,0.1,1.5,2.5,1.0,0.1,1.0,0.4685579999999999,0.0,0.1
0.2,1,0,blind_gate:A:k5,0.0937126,2.218558,2.75,0.5314420000000001,9.99999999999999e-07,9.999999999999989e-06,0.0,0.4685579999999999,9.99999999999999e-07
0.2,1,0,audit_gate:A:k5,0.125,1.75,2.5,1.0,0.1,1.0,0.4685579999999999,0.25,0.07500000000000001
0.2,1,0,serial_last:A:k5,0.1,1.5,1.5,1.0,0.1,1.0,0.4685579999999999,0.0,0.1
0.2,1,0,exposed_vote:A:k6,0.1,1.75,1.75,1.0,0.1,1.0,0.5217029999999999,0.0,0.1
0.2,1,0,blind_vote:A:k6,0.0027279999999999982,2.05,2.05,0.4782970000000001,9.999999999999988e-08,9.999999999999987e-07,0.0,0.0,9.999999999999988e-08
0.2,1,0,echo_gate:A:k6,0.1,1.75,2.75,1.0,0.1,1.0,0.5217029999999999,0.0,0.1
0.2,1,0,blind_gate:A:k6,0.1043407,2.571703,3.05,0.4782970000000001,9.999999999999988e-08,9.999999999999987e-07,0.0,0.5217029999999999,9.999999999999988e-08
0.2,1,0,audit_gate:A:k6,0.125,2.0,2.75,1.0,0.1,1.0,0.5217029999999999,0.25,0.07500000000000001
0.2,1,0,serial_last:A:k6,0.1,1.75,1.75,1.0,0.1,1.0,0.5217029999999999,0.0,0.1
0.2,1,0,exposed_vote:A:k7,0.1,2.0,2.0,1.0,0.1,1.0,0.5695327799999998,0.0,0.1
0.2,1,0,blind_vote:A:k7,0.0027279999999999982,2.35,2.35,0.4304672200000001,9.999999999999985e-09,9.999999999999985e-08,0.0,0.0,9.999999999999985e-09
0.2,1,0,echo_gate:A:k7,0.1,2.0,3.0,1.0,0.1,1.0,0.5695327799999998,0.0,0.1
0.2,1,0,blind_gate:A:k7,0.11390656599999997,2.91953278,3.35,0.4304672200000001,9.999999999999985e-09,9.999999999999985e-08,0.0,0.5695327799999998,9.999999999999985e-09
0.2,1,0,audit_gate:A:k7,0.125,2.25,3.0,1.0,0.1,1.0,0.5695327799999998,0.25,0.07500000000000001
0.2,1,0,serial_last:A:k7,0.1,2.0,2.0,1.0,0.1,1.0,0.5695327799999998,0.0,0.1
0.2,1,0.5,alone:H:k0,0.2,1.0,1.0,1.0,0.2,1.0,0.0,0.0,0.2
0.2,1,0.5,alone:A:k0,0.1,0.25,0.25,1.0,0.1,1.0,0.0,0.0,0.1
0.2,1,0.5,exposed_vote:H:k1,0.16,1.25,1.25,0.792,0.05600000000000001,0.28,0.051999999999999935,0.0,0.05600000000000001
0.2,1,0.5,blind_vote:H:k1,0.15000000000000002,1.3,1.3,0.7400000000000001,0.02,0.09999999999999999,0.0,0.0,0.02
0.2,1,0.5,echo_gate:H:k1,0.0976,1.458,2.25,0.792,0.05600000000000001,0.28,0.051999999999999935,0.20799999999999996,0.05600000000000001
0.2,1,0.5,blind_gate:H:k1,0.07199999999999998,1.56,2.3,0.7400000000000001,0.02,0.09999999999999999,0.0,0.2599999999999999,0.02
0.2,1,0.5,audit_gate:H:k1,0.1232,1.656,2.25,0.792,0.05600000000000001,0.28,0.051999999999999935,0.4059999999999999,0.04200000000000001
0.2,1,0.5,serial_last:H:k1,0.12000000000000002,1.25,1.25,0.792,0.05600000000000001,0.28,0.051999999999999935,0.0,0.05600000000000001
0.2,1,0.5,exposed_vote:H:k2,0.11872,1.5,1.5,0.7216,0.021440000000000004,0.10720000000000002,0.026599999999999957,0.0,0.021440000000000004
0.2,1,0.5,blind_vote:H:k2,0.07300000000000001,1.6,1.6,0.6950000000000001,0.011000000000000001,0.055,0.0,0.0,0.011000000000000001
0.2,1,0.5,echo_gate:H:k2,0.07712000000000001,1.7784,2.5,0.7216,0.021440000000000004,0.10720000000000002,0.026599999999999957,0.2784,0.021440000000000004
0.2,1,0.5,blind_gate:H:k2,0.072,1.905,2.6,0.6950000000000001,0.011000000000000001,0.055,0.0,0.30499999999999994,0.011000000000000001
0.2,1,0.5,audit_gate:H:k2,0.10784000000000002,1.9588,2.5,0.7216,0.021440000000000004,0.10720000000000002,0.026599999999999957,0.4588,0.016080000000000004
0.2,1,0.5,serial_last:H:k2,0.12000000000000002,1.5,1.5,0.792,0.056,0.27999999999999997,0.09699999999999998,0.0,0.056
0.2,1,0.5,exposed_vote:H:k3,0.10944000000000004,1.75,1.75,0.6847104,0.012915200000000003,0.06457600000000001,0.023010399999999986,0.0,0.012915200000000003
0.2,1,0.5,blind_vote:H:k3,0.07075000000000001,1.9,1.9,0.6617000000000001,0.010100000000000001,0.0505,0.0,0.0,0.010100000000000001
0.2,1,0.5,echo_gate:H:k3,0.07597311999999999,2.0652896,2.75,0.6847104,0.012915200000000003,0.06457600000000001,0.023010399999999986,0.31528959999999995,0.012915200000000003
0.2,1,0.5,blind_gate:H:k3,0.07775999999999998,2.2382999999999997,2.9,0.6617000000000001,0.010100000000000001,0.0505,0.0,0.33829999999999993,0.010100000000000001
0.2,1,0.5,audit_gate:H:k3,0.10697984,2.2364672,2.75,0.6847104,0.012915200000000003,0.06457600000000001,0.023010399999999986,0.4864672,0.009686400000000003
0.2,1,0.5,serial_last:H:k3,0.12000000000000002,1.75,1.75,0.792,0.05600000000000001,0.28,0.13029999999999997,0.0,0.05600000000000001
0.2,1,0.5,exposed_vote:H:k4,0.09113241600000002,2.0,2.0,0.6573798400000002,0.010758656000000002,0.053793280000000006,0.024929840000000092,0.0,0.010758656000000002
0.2,1,0.5,blind_vote:H:k4,0.05671,2.2,2.2,0.6324500000000001,0.010010000000000002,0.050050000000000004,0.0,0.0,0.010010000000000002
0.2,1,0.5,echo_gate:H:k4,0.07928268799999998,2.34262016,3.0,0.6573798400000002,0.010758656000000002,0.053793280000000006,0.024929840000000092,0.34262015999999984,0.010758656000000002
0.2,1,0.5,blind_gate:H:k4,0.08352,2.56755,3.2,0.6324500000000001,0.010010000000000002,0.050050000000000004,0.0,0.36754999999999993,0.010010000000000002
0.2,1,0.5,audit_gate:H:k4,0.10946201599999997,2.50696512,3.0,0.6573798400000002,0.010758656000000002,0.053793280000000006,0.024929840000000092,0.5069651199999998,0.008068992
0.2,1,0.5,serial_last:H:k4,0.12000000000000002,2.0,2.0,0.792,0.05600000000000001,0.28,0.15954999999999997,0.0,0.05600000000000001
0.2,1,0.5,exposed_vote:H:k5,0.08735549440000001,2.25,2.25,0.63384631296,0.010200903680000001,0.051004518400000004,0.02764931295999995,0.0,0.010200903680000001
0.2,1,0.5,blind_vote:H:k5,0.056305,2.5,2.5,0.6061970000000001,0.010001000000000001,0.050005,0.0,0.0,0.010001000000000001
0.2,1,0.5,echo_gate:H:k5,0.083431641088,2.6161536870399997,3.25,0.63384631296,0.010200903680000001,0.051004518400000004,0.02764931295999995,0.36615368703999995,0.010200903680000001
0.2,1,0.5,blind_gate:H:k5,0.08876159999999998,2.893803,3.5,0.6061970000000001,0.010001000000000001,0.050005,0.0,0.3938029999999999,0.010001000000000001
0.2,1,0.5,audit_gate:H:k5,0.11257373081600001,2.77461526528,3.25,0.63384631296,0.010200903680000001,0.051004518400000004,0.02764931295999995,0.52461526528,0.007650677760000001
0.2,1,0.5,serial_last:H:k5,0.12000000000000002,2.25,2.25,0.792,0.056,0.27999999999999997,0.18580299999999994,0.0,0.056
0.2,1,0.5,exposed_vote:H:k6,0.07711767347200002,2.5,2.5,0.612598509568,0.010053949030400003,0.050269745152000014,0.030022009568000052,0.0,0.010053949030400003
0.2,1,0.5,blind_vote:H:k6,0.052093,2.8,2.8,0.5825764999999999,0.010000100000000001,0.0500005,0.0,0.0,0.010000100000000001
0.2,1,0.5,echo_gate:H:k6,0.08753424711680001,2.887401490432,3.5,0.612598509568,0.010053949030400003,0.050269745152000014,0.030022009568000052,0.387401490432,0.010053949030400003
0.2,1,0.5,blind_gate:H:k6,0.09348480000000002,3.2174234999999998,3.8,0.5825764999999999,0.010000100000000001,0.0500005,0.0,0.41742350000000006,0.010000100000000001
0.2,1,0.5,audit_gate:H:k6,0.1156506853376,3.040551117824,3.5,0.612598509568,0.010053949030400003,0.050269745152000014,0.030022009568000052,0.540551117824,0.007540461772800003
0.2,1,0.5,serial_last:H:k6,0.12000000000000002,2.5,2.5,0.792,0.056,0.27999999999999997,0.2094235000000001,0.0,0.056
0.2,1,0.5,exposed_vote:H:k7,0.07526513131520003,2.75,2.75,0.593153797423104,0.010014644928512001,0.050073224642560005,0.03183502742310407,0.0,0.010014644928512001
0.2,1,0.5,blind_vote:H:k7,0.052001875,3.1,3.1,0.56131877,0.010000010000000002,0.050000050000000004,0.0,0.0,0.010000010000000002
0.2,1,0.5,echo_gate:H:k7,0.0913838854438912,3.156846202576896,3.75,0.593153797423104,0.010014644928512001,0.050073224642560005,0.03183502742310407,0.40684620257689597,0.010014644928512001
0.2,1,0.5,blind_gate:H:k7,0.09773625600000002,3.53868123,4.1,0.56131877,0.010000010000000002,0.050000050000000004,0.0,0.43868123000000003,0.010000010000000002
0.2,1,0.5,audit_gate:H:k7,0.1185379140829184,3.305134651932672,3.75,0.593153797423104,0.010014644928512001,0.050073224642560005,0.03183502742310407,0.555134651932672,0.007510983696384001
0.2,1,0.5,serial_last:H:k7,0.12000000000000002,2.75,2.75,0.792,0.055999999999999994,0.27999999999999997,0.23068123000000007,0.0,0.055999999999999994
0.2,1,0.5,exposed_vote:A:k1,0.1,0.5,0.5,1.0,0.1,1.0,0.08999999999999997,0.0,0.1
0.2,1,0.5,blind_vote:A:k1,0.09999999999999999,0.55,0.55,0.91,0.055,0.5499999999999999,0.0,0.0,0.055
0.2,1,0.5,echo_gate:A:k1,0.1,0.5,1.5,1.0,0.1,1.0,0.08999999999999997,0.0,0.1
0.2,1,0.5,blind_gate:A:k1,0.073,0.64,1.55,0.91,0.055,0.5499999999999999,0.0,0.08999999999999997,0.055
0.2,1,0.5,audit_gate:A:k1,0.125,0.75,1.5,1.0,0.1,1.0,0.08999999999999997,0.25,0.07500000000000001
0.2,1,0.5,serial_last:A:k1,0.1,0.5,0.5,1.0,0.1,1.0,0.08999999999999997,0.0,0.1
0.2,1,0.5,exposed_vote:A:k2,0.1,0.75,0.75,1.0,0.1,1.0,0.135,0.0,0.1
0.2,1,0.5,blind_vote:A:k2,0.064,0.85,0.85,0.865,0.0505,0.505,0.0,0.0,0.0505
0.2,1,0.5,echo_gate:A:k2,0.1,0.75,1.75,1.0,0.1,1.0,0.135,0.0,0.1
0.2,1,0.5,blind_gate:A:k2,0.07750000000000001,0.985,1.85,0.865,0.0505,0.505,0.0,0.135,0.0505
0.2,1,0.5,audit_gate:A:k2,0.125,1.0,1.75,1.0,0.1,1.0,0.135,0.25,0.07500000000000001
0.2,1,0.5,serial_last:A:k2,0.1,0.75,0.75,1.0,0.1,1.0,0.135,0.0,0.1
0.2,1,0.5,exposed_vote:A:k3,0.1,1.0,1.0,1.0,0.1,1.0,0.17189999999999983,0.0,0.1
0.2,1,0.5,blind_vote:A:k3,0.064,1.15,1.15,0.8281000000000002,0.050050000000000004,0.5005000000000001,0.0,0.0,0.050050000000000004
0.2,1,0.5,echo_gate:A:k3,0.1,1.0,2.0,1.0,0.1,1.0,0.17189999999999983,0.0,0.1
0.2,1,0.5,blind_gate:A:k3,0.08442999999999998,1.3218999999999999,2.15,0.8281000000000002,0.050050000000000004,0.5005000000000001,0.0,0.17189999999999983,0.050050000000000004
0.2,1,0.5,audit_gate:A:k3,0.125,1.25,2.0,1.0,0.1,1.0,0.17189999999999983,0.25,0.07500000000000001
0.2,1,0.5,serial_last:A:k3,0.1,1.0,1.0,1.0,0.1,1.0,0.17189999999999983,0.0,0.1
0.2,1,0.5,exposed_vote:A:k4,0.1,1.25,1.25,1.0,0.1,1.0,0.20475,0.0,0.1
0.2,1,0.5,blind_vote:A:k4,0.05428,1.45,1.45,0.79525,0.050005,0.50005,0.0,0.0,0.050005
0.2,1,0.5,echo_gate:A:k4,0.1,1.25,2.25,1.0,0.1,1.0,0.20475,0.0,0.1
0.2,1,0.5,blind_gate:A:k4,0.09095500000000001,1.65475,2.45,0.79525,0.050005,0.50005,0.0,0.20475,0.050005
0.2,1,0.5,audit_gate:A:k4,0.125,1.5,2.25,1.0,0.1,1.0,0.20475,0.25,0.07500000000000001
0.2,1,0.5,serial_last:A:k4,0.1,1.25,1.25,1.0,0.1,1.0,0.20475,0.0,0.1
0.2,1,0.5,exposed_vote:A:k5,0.10000000000000002,1.5,1.5,1.0,0.10000000000000002,1.0000000000000002,0.23427900000000002,0.0,0.10000000000000002
0.2,1,0.5,blind_vote:A:k5,0.05428,1.75,1.75,0.765721,0.0500005,0.500005,0.0,0.0,0.0500005
0.2,1,0.5,echo_gate:A:k5,0.10000000000000002,1.5,2.5,1.0,0.10000000000000002,1.0000000000000002,0.23427900000000002,0.0,0.10000000000000002
0.2,1,0.5,blind_gate:A:k5,0.0968563,1.984279,2.75,0.765721,0.0500005,0.500005,0.0,0.23427900000000002,0.0500005
0.2,1,0.5,audit_gate:A:k5,0.125,1.75,2.5,1.0,0.10000000000000002,1.0000000000000002,0.23427900000000002,0.25,0.07500000000000001
0.2,1,0.5,serial_last:A:k5,0.1,1.5,1.5,1.0,0.10000000000000002,1.0000000000000002,0.23427900000000002,0.0,0.10000000000000002
0.2,1,0.5,exposed_vote:A:k6,0.1,1.75,1.75,1.0,0.1,1.0,0.2608515,0.0,0.1
0.2,1,0.5,blind_vote:A:k6,0.051364,2.05,2.05,0.7391485,0.050000050000000004,0.5000005,0.0,0.0,0.050000050000000004
0.2,1,0.5,echo_gate:A:k6,0.1,1.75,2.75,1.0,0.1,1.0,0.2608515,0.0,0.1
0.2,1,0.5,blind_gate:A:k6,0.10217035000000001,2.3108515,3.05,0.7391485,0.050000050000000004,0.5000005,0.0,0.2608515,0.050000050000000004
0.2,1,0.5,audit_gate:A:k6,0.125,2.0,2.75,1.0,0.1,1.0,0.2608515,0.25,0.07500000000000001
0.2,1,0.5,serial_last:A:k6,0.1,1.75,1.75,1.0,0.1,1.0,0.2608515,0.0,0.1
0.2,1,0.5,exposed_vote:A:k7,0.09999999999999999,2.0,2.0,1.0,0.09999999999999999,0.9999999999999999,0.2847663899999999,0.0,0.09999999999999999
0.2,1,0.5,blind_vote:A:k7,0.05136399999999999,2.35,2.35,0.7152336100000001,0.050000005,0.5000000499999999,0.0,0.0,0.050000005
0.2,1,0.5,echo_gate:A:k7,0.09999999999999999,2.0,3.0,1.0,0.09999999999999999,0.9999999999999999,0.2847663899999999,0.0,0.09999999999999999
0.2,1,0.5,blind_gate:A:k7,0.10695328299999998,2.6347663900000002,3.35,0.7152336100000001,0.050000005,0.5000000499999999,0.0,0.2847663899999999,0.050000005
0.2,1,0.5,audit_gate:A:k7,0.125,2.25,3.0,1.0,0.09999999999999999,0.9999999999999999,0.2847663899999999,0.25,0.075
0.2,1,0.5,serial_last:A:k7,0.1,2.0,2.0,1.0,0.09999999999999999,0.9999999999999999,0.2847663899999999,0.0,0.09999999999999999
0.2,1,0.9,alone:H:k0,0.2,1.0,1.0,1.0,0.2,1.0,0.0,0.0,0.2
0.2,1,0.9,alone:A:k0,0.1,0.25,0.25,1.0,0.1,1.0,0.0,0.0,0.1
0.2,1,0.9,exposed_vote:H:k1,0.16,1.25,1.25,0.792,0.05600000000000001,0.28,0.051999999999999935,0.0,0.05600000000000001
0.2,1,0.9,blind_vote:H:k1,0.15000000000000002,1.3,1.3,0.7400000000000001,0.020000000000000004,0.10000000000000002,0.0,0.0,0.020000000000000004
0.2,1,0.9,echo_gate:H:k1,0.0976,1.458,2.25,0.792,0.05600000000000001,0.28,0.051999999999999935,0.20799999999999996,0.05600000000000001
0.2,1,0.9,blind_gate:H:k1,0.07199999999999998,1.56,2.3,0.7400000000000001,0.020000000000000004,0.10000000000000002,0.0,0.2599999999999999,0.020000000000000004
0.2,1,0.9,audit_gate:H:k1,0.1232,1.656,2.25,0.792,0.05600000000000001,0.28,0.051999999999999935,0.4059999999999999,0.04200000000000001
0.2,1,0.9,serial_last:H:k1,0.12000000000000002,1.25,1.25,0.792,0.05600000000000001,0.28,0.051999999999999935,0.0,0.05600000000000001
0.2,1,0.9,exposed_vote:H:k2,0.13254400000000002,1.5,1.5,0.7446400000000001,0.026048000000000005,0.13024000000000002,0.013639999999999985,0.0,0.026048000000000005
0.2,1,0.9,blind_vote:H:k2,0.09460000000000002,1.6,1.6,0.7310000000000001,0.018200000000000004,0.09100000000000001,0.0,0.0,0.018200000000000004
0.2,1,0.9,echo_gate:H:k2,0.07712,1.75536,2.5,0.7446400000000001,0.026048000000000005,0.13024000000000002,0.013639999999999985,0.2553599999999999,0.026048000000000005
0.2,1,0.9,blind_gate:H:k2,0.072,1.869,2.6,0.7310000000000001,0.018200000000000004,0.09100000000000001,0.0,0.2689999999999999,0.018200000000000004
0.2,1,0.9,audit_gate:H:k2,0.10783999999999999,1.94152,2.5,0.7446400000000001,0.026048000000000005,0.13024000000000002,0.013639999999999985,0.4415199999999999,0.019536000000000005
0.2,1,0.9,serial_last:H:k2,0.12000000000000002,1.5,1.5,0.7920000000000001,0.05600000000000001,0.28,0.061000000000000054,0.0,0.05600000000000001
0.2,1,0.9,exposed_vote:H:k3,0.12556800000000004,1.75,1.75,0.73060608,0.019735040000000006,0.09867520000000002,0.006266079999999952,0.0,0.019735040000000006
0.2,1,0.9,blind_vote:H:k3,0.09415000000000001,1.9,1.9,0.7243400000000001,0.018020000000000005,0.09010000000000001,0.0,0.0,0.018020000000000005
0.2,1,0.9,echo_gate:H:k3,0.073613824,2.0193939199999997,2.75,0.73060608,0.019735040000000006,0.09867520000000002,0.006266079999999952,0.26939391999999995,0.019735040000000006
0.2,1,0.9,blind_gate:H:k3,0.073152,2.1756599999999997,2.9,0.7243400000000001,0.018020000000000005,0.09010000000000001,0.0,0.2756599999999999,0.018020000000000005
0.2,1,0.9,audit_gate:H:k3,0.10521036800000001,2.20204544,2.75,0.73060608,0.019735040000000006,0.09867520000000002,0.006266079999999952,0.45204544,0.014801280000000003
0.2,1,0.9,serial_last:H:k3,0.12000000000000002,1.75,1.75,0.792,0.05600000000000001,0.28,0.06765999999999994,0.0,0.05600000000000001
0.2,1,0.9,exposed_vote:H:k4,0.11269048320000004,2.0,2.0,0.723808768,0.018382131200000002,0.09191065600000001,0.005318768000000085,0.0,0.018382131200000002
0.2,1,0.9,blind_vote:H:k4,0.09134199999999999,2.2,2.2,0.71849,0.018002,0.09000999999999999,0.0,0.0,0.018002
0.2,1,0.9,echo_gate:H:k4,0.0736203776,2.276191232,3.0,0.723808768,0.018382131200000002,0.09191065600000001,0.005318768000000085,0.27619123199999995,0.018382131200000002
0.2,1,0.9,blind_gate:H:k4,0.07430400000000001,2.48151,3.2,0.71849,0.018002,0.09000999999999999,0.0,0.28151000000000004,0.018002
0.2,1,0.9,audit_gate:H:k4,0.1052152832,2.457143424,3.0,0.723808768,0.018382131200000002,0.09191065600000001,0.005318768000000085,0.45714342399999996,0.013786598400000002
0.2,1,0.9,serial_last:H:k4,0.12000000000000002,2.0,2.0,0.792,0.05600000000000001,0.28,0.07351000000000008,0.0,0.05600000000000001
0.2,1,0.9,exposed_vote:H:k5,0.11029669888000004,2.25,2.25,0.7188358225920001,0.018086260736000004,0.09043130368000002,0.005596422591999994,0.0,0.018086260736000004
0.2,1,0.9,blind_vote:H:k5,0.09126100000000002,2.5,2.5,0.7132394000000001,0.018000200000000004,0.09000100000000001,0.0,0.0,0.018000200000000004
0.2,1,0.9,echo_gate:H:k5,0.0743190962176,2.531164177408,3.25,0.7188358225920001,0.018086260736000004,0.09043130368000002,0.005596422591999994,0.2811641774079999,0.018086260736000004
0.2,1,0.9,blind_gate:H:k5,0.07535231999999999,2.7867606,3.5,0.7132394000000001,0.018000200000000004,0.09000100000000001,0.0,0.2867605999999999,0.018000200000000004
0.2,1,0.9,audit_gate:H:k5,0.1057393221632,2.710873133056,3.25,0.7188358225920001,0.018086260736000004,0.09043130368000002,0.005596422591999994,0.460873133056,0.013564695552000003
0.2,1,0.9,serial_last:H:k5,0.12000000000000002,2.25,2.25,0.792,0.05600000000000001,0.28,0.07876059999999996,0.0,0.05600000000000001
0.2,1,0.9,exposed_vote:H:k6,0.10333393469440004,2.5,2.5,0.7145330139136,0.01802000580608,0.0901000290304,0.0060177139135999536,0.0,0.01802000580608
0.2,1,0.9,blind_vote:H:k6,0.09041860000000002,2.8,2.8,0.7085153000000001,0.018000020000000002,0.0900001,0.0,0.0,0.018000020000000002
0.2,1,0.9,echo_gate:H:k6,0.07511340302336,2.7854669860864,3.5,0.7145330139136,0.01802000580608,0.0901000290304,0.0060177139135999536,0.2854669860864,0.01802000580608
0.2,1,0.9,blind_gate:H:k6,0.07629696,3.0914846999999996,3.8,0.7085153000000001,0.018000020000000002,0.0900001,0.0,0.29148469999999993,0.018000020000000002
0.2,1,0.9,audit_gate:H:k6,0.10633505226752,2.9641002395648,3.5,0.7145330139136,0.01802000580608,0.0901000290304,0.0060177139135999536,0.46410023956479995,0.01351500435456
0.2,1,0.9,serial_last:H:k6,0.12000000000000002,2.5,2.5,0.792,0.05600000000000001,0.28,0.08348469999999997,0.0,0.05600000000000001
0.2,1,0.9,exposed_vote:H:k7,0.10230806626304001,2.75,2.75,0.7106334218846209,0.0180047721857024,0.090023860928512,0.006369667884620789,0.0,0.0180047721857024
0.2,1,0.9,blind_vote:H:k7,0.090400375,3.1,3.1,0.7042637540000001,0.018000002,0.09000001,0.0,0.0,0.018000002
0.2,1,0.9,echo_gate:H:k7,0.07587808780877822,3.039366578115379,3.75,0.7106334218846209,0.0180047721857024,0.090023860928512,0.006369667884620789,0.28936657811537914,0.0180047721857024
0.2,1,0.9,blind_gate:H:k7,0.07714725119999999,3.3957362460000002,4.1,0.7042637540000001,0.018000002,0.09000001,0.0,0.2957362459999999,0.018000002
0.2,1,0.9,audit_gate:H:k7,0.10690856585658369,3.2170249335865346,3.75,0.7106334218846209,0.0180047721857024,0.090023860928512,0.006369667884620789,0.4670249335865344,0.0135035791392768
0.2,1,0.9,serial_last:H:k7,0.12000000000000002,2.75,2.75,0.7920000000000001,0.05600000000000001,0.28,0.08773624600000007,0.0,0.05600000000000001
0.2,1,0.9,exposed_vote:A:k1,0.1,0.5,0.5,1.0,0.1,1.0,0.018000000000000016,0.0,0.1
0.2,1,0.9,blind_vote:A:k1,0.10000000000000002,0.55,0.55,0.982,0.09100000000000001,0.91,0.0,0.0,0.09100000000000001
0.2,1,0.9,echo_gate:A:k1,0.1,0.5,1.5,1.0,0.1,1.0,0.018000000000000016,0.0,0.1
0.2,1,0.9,blind_gate:A:k1,0.09460000000000002,0.5680000000000001,1.55,0.982,0.09100000000000001,0.91,0.0,0.018000000000000016,0.09100000000000001
0.2,1,0.9,audit_gate:A:k1,0.125,0.75,1.5,1.0,0.1,1.0,0.018000000000000016,0.25,0.07500000000000001
0.2,1,0.9,serial_last:A:k1,0.1,0.5,0.5,1.0,0.1,1.0,0.018000000000000016,0.0,0.1
0.2,1,0.9,exposed_vote:A:k2,0.1,0.75,0.75,1.0,0.1,1.0,0.026999999999999913,0.0,0.1
0.2,1,0.9,blind_vote:A:k2,0.09280000000000001,0.85,0.85,0.9730000000000001,0.09010000000000001,0.9010000000000001,0.0,0.0,0.09010000000000001
0.2,1,0.9,echo_gate:A:k2,0.1,0.75,1.75,1.0,0.1,1.0,0.026999999999999913,0.0,0.1
0.2,1,0.9,blind_gate:A:k2,0.0955,0.8769999999999999,1.85,0.9730000000000001,0.09010000000000001,0.9010000000000001,0.0,0.026999999999999913,0.09010000000000001
0.2,1,0.9,audit_gate:A:k2,0.125,1.0,1.75,1.0,0.1,1.0,0.026999999999999913,0.25,0.07500000000000001
0.2,1,0.9,serial_last:A:k2,0.1,0.75,0.75,1.0,0.1,1.0,0.026999999999999913,0.0,0.1
0.2,1,0.9,exposed_vote:A:k3,0.10000000000000002,1.0,1.0,1.0,0.10000000000000002,1.0000000000000002,0.034379999999999966,0.0,0.10000000000000002
0.2,1,0.9,blind_vote:A:k3,0.09280000000000001,1.15,1.15,0.96562,0.09001,0.9001,0.0,0.0,0.09001
0.2,1,0.9,echo_gate:A:k3,0.10000000000000002,1.0,2.0,1.0,0.10000000000000002,1.0000000000000002,0.034379999999999966,0.0,0.10000000000000002
0.2,1,0.9,blind_gate:A:k3,0.096886,1.18438,2.15,0.96562,0.09001,0.9001,0.0,0.034379999999999966,0.09001
0.2,1,0.9,audit_gate:A:k3,0.125,1.25,2.0,1.0,0.10000000000000002,1.0000000000000002,0.034379999999999966,0.25,0.07500000000000001
0.2,1,0.9,serial_last:A:k3,0.1,1.0,1.0,1.0,0.10000000000000002,1.0000000000000002,0.034379999999999966,0.0,0.10000000000000002
0.2,1,0.9,exposed_vote:A:k4,0.1,1.25,1.25,1.0,0.1,1.0,0.04094999999999993,0.0,0.1
0.2,1,0.9,blind_vote:A:k4,0.090856,1.45,1.45,0.9590500000000001,0.09000100000000001,0.9000100000000001,0.0,0.0,0.09000100000000001
0.2,1,0.9,echo_gate:A:k4,0.1,1.25,2.25,1.0,0.1,1.0,0.04094999999999993,0.0,0.1
0.2,1,0.9,blind_gate:A:k4,0.098191,1.4909499999999998,2.45,0.9590500000000001,0.09000100000000001,0.9000100000000001,0.0,0.04094999999999993,0.09000100000000001
0.2,1,0.9,audit_gate:A:k4,0.125,1.5,2.25,1.0,0.1,1.0,0.04094999999999993,0.25,0.07500000000000001
0.2,1,0.9,serial_last:A:k4,0.1,1.25,1.25,1.0,0.1,1.0,0.04094999999999993,0.0,0.1
0.2,1,0.9,exposed_vote:A:k5,0.1,1.5,1.5,1.0,0.1,1.0,0.04685579999999989,0.0,0.1
0.2,1,0.9,blind_vote:A:k5,0.09085600000000002,1.75,1.75,0.9531442000000001,0.09000010000000001,0.900001,0.0,0.0,0.09000010000000001
0.2,1,0.9,echo_gate:A:k5,0.1,1.5,2.5,1.0,0.1,1.0,0.04685579999999989,0.0,0.1
0.2,1,0.9,blind_gate:A:k5,0.09937125999999999,1.7968558,2.75,0.9531442000000001,0.09000010000000001,0.900001,0.0,0.04685579999999989,0.09000010000000001
0.2,1,0.9,audit_gate:A:k5,0.125,1.75,2.5,1.0,0.1,1.0,0.04685579999999989,0.25,0.07500000000000001
0.2,1,0.9,serial_last:A:k5,0.1,1.5,1.5,1.0,0.1,1.0,0.04685579999999989,0.0,0.1
0.2,1,0.9,exposed_vote:A:k6,0.1,1.75,1.75,1.0,0.1,1.0,0.05217029999999989,0.0,0.1
0.2,1,0.9,blind_vote:A:k6,0.09027279999999999,2.05,2.05,0.9478297000000001,0.09000001,0.9000001,0.0,0.0,0.09000001
0.2,1,0.9,echo_gate:A:k6,0.1,1.75,2.75,1.0,0.1,1.0,0.05217029999999989,0.0,0.1
0.2,1,0.9,blind_gate:A:k6,0.10043406999999999,2.1021702999999996,3.05,0.9478297000000001,0.09000001,0.9000001,0.0,0.05217029999999989,0.09000001
0.2,1,0.9,audit_gate:A:k6,0.125,2.0,2.75,1.0,0.1,1.0,0.05217029999999989,0.25,0.07500000000000001
0.2,1,0.9,serial_last:A:k6,0.1,1.75,1.75,1.0,0.1,1.0,0.05217029999999989,0.0,0.1
0.2,1,0.9,exposed_vote:A:k7,0.10000000000000002,2.0,2.0,1.0,0.10000000000000002,1.0000000000000002,0.05695327799999994,0.0,0.10000000000000002
0.2,1,0.9,blind_vote:A:k7,0.09027280000000003,2.35,2.35,0.9430467220000001,0.09000000100000001,0.9000000100000001,0.0,0.0,0.09000000100000001
0.2,1,0.9,echo_gate:A:k7,0.10000000000000002,2.0,3.0,1.0,0.10000000000000002,1.0000000000000002,0.05695327799999994,0.0,0.10000000000000002
0.2,1,0.9,blind_gate:A:k7,0.1013906566,2.406953278,3.35,0.9430467220000001,0.09000000100000001,0.9000000100000001,0.0,0.05695327799999994,0.09000000100000001
0.2,1,0.9,audit_gate:A:k7,0.125,2.25,3.0,1.0,0.10000000000000002,1.0000000000000002,0.05695327799999994,0.25,0.07500000000000001
0.2,1,0.9,serial_last:A:k7,0.1,2.0,2.0,1.0,0.10000000000000002,1.0000000000000002,0.05695327799999994,0.0,0.10000000000000002
0.5,0,0,alone:H:k0,0.2,1.0,1.0,1.0,0.2,1.0,0.0,0.0,0.2
0.5,0,0,alone:A:k0,0.1,0.25,0.25,1.0,0.1,1.0,0.0,0.0,0.1
0.5,0,0,exposed_vote:H:k1,0.17500000000000002,1.25,1.25,0.8700000000000001,0.11000000000000001,0.55,0.13,0.0,0.11000000000000001
0.5,0,0,blind_vote:H:k1,0.15000000000000002,1.3,1.3,0.7400000000000001,0.019999999999999997,0.09999999999999998,0.0,0.0,0.019999999999999997
0.5,0,0,echo_gate:H:k1,0.136,1.38,2.25,0.8700000000000001,0.11000000000000001,0.55,0.13,0.1299999999999999,0.11000000000000001
0.5,0,0,blind_gate:H:k1,0.07199999999999998,1.56,2.3,0.7400000000000001,0.019999999999999997,0.09999999999999998,0.0,0.2599999999999999,0.019999999999999997
0.5,0,0,audit_gate:H:k1,0.15200000000000002,1.5975,2.25,0.8700000000000001,0.11000000000000001,0.55,0.13,0.3474999999999999,0.08250000000000002
0.5,0,0,serial_last:H:k1,0.15000000000000002,1.25,1.25,0.8700000000000001,0.11000000000000001,0.55,0.13,0.0,0.11000000000000001
0.5,0,0,exposed_vote:H:k2,0.16150000000000003,1.5,1.5,0.7825000000000002,0.060500000000000005,0.3025,0.13250000000000006,0.0,0.060500000000000005
0.5,0,0,blind_vote:H:k2,0.046,1.6,1.6,0.6500000000000001,0.001999999999999999,0.009999999999999995,0.0,0.0,0.001999999999999999
0.5,0,0,echo_gate:H:k2,0.10399999999999997,1.7174999999999998,2.5,0.7825000000000002,0.060500000000000005,0.3025,0.13250000000000006,0.2174999999999998,0.060500000000000005
0.5,0,0,blind_gate:H:k2,0.07199999999999998,1.95,2.6,0.6500000000000001,0.001999999999999999,0.009999999999999995,0.0,0.34999999999999987,0.001999999999999999
0.5,0,0,audit_gate:H:k2,0.12799999999999997,1.913125,2.5,0.7825000000000002,0.060500000000000005,0.3025,0.13250000000000006,0.41312499999999985,0.045375000000000006
0.5,0,0,serial_last:H:k2,0.1,1.5,1.5,0.6950000000000002,0.011,0.05499999999999999,0.04500000000000004,0.0,0.011
0.5,0,0,exposed_vote:H:k3,0.1513125,1.75,1.75,0.7191750000000001,0.033275,0.166375,0.1357750000000001,0.0,0.033275
0.5,0,0,blind_vote:H:k3,0.041499999999999995,1.9,1.9,0.5834,0.00019999999999999987,0.0009999999999999994,0.0,0.0,0.00019999999999999987
0.5,0,0,echo_gate:H:k3,0.08943999999999998,2.030825,2.75,0.7191750000000001,0.033275,0.166375,0.1357750000000001,0.2808249999999999,0.033275
0.5,0,0,blind_gate:H:k3,0.08352000000000001,2.3165999999999998,2.9,0.5834,0.00019999999999999987,0.0009999999999999994,0.0,0.41659999999999997,0.00019999999999999987
0.5,0,0,audit_gate:H:k3,0.11707999999999998,2.21061875,2.75,0.7191750000000001,0.033275,0.166375,0.1357750000000001,0.46061874999999985,0.02495625
0.5,0,0,serial_last:H:k3,0.1,1.75,1.75,0.6167,0.0010999999999999996,0.005499999999999998,0.033299999999999996,0.0,0.0010999999999999996
0.5,0,0,exposed_vote:H:k4,0.15208875,2.0,2.0,0.66990625,0.018301249999999998,0.09150624999999998,0.14500625,0.0,0.018301249999999998
0.5,0,0,blind_vote:H:k4,0.013419999999999994,2.2,2.2,0.5249,1.9999999999999985e-05,9.999999999999992e-05,0.0,0.0,1.9999999999999985e-05
0.5,0,0,echo_gate:H:k4,0.08432,2.33009375,3.0,0.66990625,0.018301249999999998,0.09150624999999998,0.14500625,0.33009374999999996,0.018301249999999998
0.5,0,0,blind_gate:H:k4,0.09504,2.6751,3.2,0.5249,1.9999999999999985e-05,9.999999999999992e-05,0.0,0.47509999999999997,1.9999999999999985e-05
0.5,0,0,audit_gate:H:k4,0.11324,2.4975703124999997,3.0,0.66990625,0.018301249999999998,0.09150624999999998,0.14500625,0.49757031249999994,0.013725937499999999
0.5,0,0,serial_last:H:k4,0.1,2.0,2.0,0.55415,0.00010999999999999994,0.0005499999999999996,0.029249999999999998,0.0,0.00010999999999999994
0.5,0,0,exposed_vote:H:k5,0.14666593749999998,2.25,2.25,0.6290904375,0.0100656875,0.050328437499999996,0.15669643749999995,0.0,0.0100656875
0.5,0,0,blind_vote:H:k5,0.012609999999999993,2.5,2.5,0.4723940000000001,1.999999999999998e-06,9.999999999999989e-06,0.0,0.0,1.999999999999998e-06
0.5,0,0,echo_gate:H:k5,0.08424759999999999,2.6209095625,3.25,0.6290904375,0.0100656875,0.050328437499999996,0.15669643749999995,0.37090956249999996,0.0100656875
0.5,0,0,blind_gate:H:k5,0.10552319999999998,3.027606,3.5,0.4723940000000001,1.999999999999998e-06,9.999999999999989e-06,0.0,0.5276059999999999,1.999999999999998e-06
0.5,0,0,audit_gate:H:k5,0.11318569999999999,2.7781821718749997,3.25,0.6290904375,0.0100656875,0.050328437499999996,0.15669643749999995,0.5281821718749999,0.007549265625
0.5,0,0,serial_last:H:k5,0.1,2.25,2.25,0.49864700000000006,1.0999999999999991e-05,5.4999999999999955e-05,0.02625299999999997,0.0,1.0999999999999991e-05
0.5,0,0,exposed_vote:H:k6,0.14901634375,2.5,2.5,0.593609640625,0.0055361281249999995,0.027680640624999996,0.16845664062499993,0.0,0.0055361281249999995
0.5,0,0,blind_vote:H:k6,0.004185999999999997,2.8,2.8,0.42515300000000006,1.9999999999999975e-07,9.999999999999987e-07,0.0,0.0,1.9999999999999975e-07
0.5,0,0,echo_gate:H:k6,0.08681420000000001,2.906390359375,3.5,0.593609640625,0.0055361281249999995,0.027680640624999996,0.16845664062499993,0.406390359375,0.0055361281249999995
0.5,0,0,blind_gate:H:k6,0.11496959999999999,3.374847,3.8,0.42515300000000006,1.9999999999999975e-07,9.999999999999987e-07,0.0,0.5748469999999999,1.9999999999999975e-07
0.5,0,0,audit_gate:H:k6,0.11511065000000001,3.0547927695312502,3.5,0.593609640625,0.0055361281249999995,0.027680640624999996,0.16845664062499993,0.55479276953125,0.00415209609375
0.5,0,0,serial_last:H:k6,0.1,2.5,2.5,0.44877350000000005,1.0999999999999988e-06,5.499999999999994e-06,0.02362049999999999,0.0,1.0999999999999988e-06
0.5,0,0,exposed_vote:H:k7,0.14561585351562498,2.75,2.75,0.5617147073437501,0.0030448704687499996,0.015224352343749997,0.17907716734375,0.0,0.0030448704687499996
0.5,0,0,blind_vote:H:k7,0.004003749999999998,3.1,3.1,0.38263754000000005,1.999999999999997e-08,9.999999999999985e-08,0.0,0.0,1.999999999999997e-08
0.5,0,0,echo_gate:H:k7,0.090701929,3.18828529265625,3.75,0.5617147073437501,0.0030448704687499996,0.015224352343749997,0.17907716734375,0.43828529265624994,0.0030448704687499996
0.5,0,0,blind_gate:H:k7,0.12347251199999999,3.71736246,4.1,0.38263754000000005,1.999999999999997e-08,9.999999999999985e-08,0.0,0.61736246,1.999999999999997e-08
0.5,0,0,audit_gate:H:k7,0.11802644675,3.3287139694921875,3.75,0.5617147073437501,0.0030448704687499996,0.015224352343749997,0.17907716734375,0.5787139694921875,0.0022836528515625
0.5,0,0,serial_last:H:k7,0.1,2.75,2.75,0.4038952700000001,1.0999999999999985e-07,5.499999999999992e-07,0.02125773000000003,0.0,1.0999999999999985e-07
0.5,0,0,exposed_vote:A:k1,0.1,0.5,0.5,0.8200000000000001,0.009999999999999998,0.09999999999999998,0.0,0.0,0.009999999999999998
0.5,0,0,blind_vote:A:k1,0.1,0.55,0.55,0.8200000000000001,0.009999999999999998,0.09999999999999998,0.0,0.0,0.009999999999999998
0.5,0,0,echo_gate:A:k1,0.045999999999999985,0.6799999999999999,1.5,0.8200000000000001,0.009999999999999998,0.09999999999999998,0.0,0.17999999999999994,0.009999999999999998
0.5,0,0,blind_gate:A:k1,0.045999999999999985,0.73,1.55,0.8200000000000001,0.009999999999999998,0.09999999999999998,0.0,0.17999999999999994,0.009999999999999998
0.5,0,0,audit_gate:A:k1,0.0845,0.885,1.5,0.8200000000000001,0.009999999999999998,0.09999999999999998,0.0,0.385,0.007499999999999999
0.5,0,0,serial_last:A:k1,0.1,0.5,0.5,0.8200000000000001,0.009999999999999998,0.09999999999999998,0.0,0.0,0.009999999999999998
0.5,0,0,exposed_vote:A:k2,0.027999999999999997,0.75,0.75,0.7300000000000001,0.0009999999999999996,0.009999999999999995,0.0,0.0,0.0009999999999999996
0.5,0,0,blind_vote:A:k2,0.027999999999999997,0.85,0.85,0.7300000000000001,0.0009999999999999996,0.009999999999999995,0.0,0.0,0.0009999999999999996
0.5,0,0,echo_gate:A:k2,0.054999999999999986,1.02,1.75,0.7300000000000001,0.0009999999999999996,0.009999999999999995,0.0,0.2699999999999999,0.0009999999999999996
0.5,0,0,blind_gate:A:k2,0.054999999999999986,1.1199999999999999,1.85,0.7300000000000001,0.0009999999999999996,0.009999999999999995,0.0,0.2699999999999999,0.0009999999999999996
0.5,0,0,audit_gate:A:k2,0.09124999999999998,1.2025,1.75,0.7300000000000001,0.0009999999999999996,0.009999999999999995,0.0,0.4524999999999999,0.0007499999999999997
0.5,0,0,serial_last:A:k2,0.1,0.75,0.75,0.7300000000000001,0.0009999999999999996,0.009999999999999995,0.0,0.0,0.0009999999999999996
0.5,0,0,exposed_vote:A:k3,0.02799999999999999,1.0,1.0,0.6562000000000001,9.999999999999994e-05,0.0009999999999999994,0.0,0.0,9.999999999999994e-05
0.5,0,0,blind_vote:A:k3,0.02799999999999999,1.15,1.15,0.6562000000000001,9.999999999999994e-05,0.0009999999999999994,0.0,0.0,9.999999999999994e-05
0.5,0,0,echo_gate:A:k3,0.06885999999999998,1.3437999999999999,2.0,0.6562000000000001,9.999999999999994e-05,0.0009999999999999994,0.0,0.3437999999999999,9.999999999999994e-05
0.5,0,0,blind_gate:A:k3,0.06885999999999998,1.4937999999999998,2.15,0.6562000000000001,9.999999999999994e-05,0.0009999999999999994,0.0,0.3437999999999999,9.999999999999994e-05
0.5,0,0,audit_gate:A:k3,0.101645,1.50785,2.0,0.6562000000000001,9.999999999999994e-05,0.0009999999999999994,0.0,0.5078499999999999,7.499999999999995e-05
0.5,0,0,serial_last:A:k3,0.1,1.0,1.0,0.6562000000000001,9.999999999999994e-05,0.0009999999999999994,0.0,0.0,9.999999999999994e-05
0.5,0,0,exposed_vote:A:k4,0.008559999999999995,1.25,1.25,0.5905,9.999999999999992e-06,9.999999999999992e-05,0.0,0.0,9.999999999999992e-06
0.5,0,0,blind_vote:A:k4,0.008559999999999995,1.45,1.45,0.5905,9.999999999999992e-06,9.999999999999992e-05,0.0,0.0,9.999999999999992e-06
0.5,0,0,echo_gate:A:k4,0.08191,1.6595,2.25,0.5905,9.999999999999992e-06,9.999999999999992e-05,0.0,0.4095,9.999999999999992e-06
0.5,0,0,blind_gate:A:k4,0.08191,1.8595,2.45,0.5905,9.999999999999992e-06,9.999999999999992e-05,0.0,0.4095,9.999999999999992e-06
0.5,0,0,audit_gate:A:k4,0.11143249999999999,1.807125,2.25,0.5905,9.999999999999992e-06,9.999999999999992e-05,0.0,0.557125,7.499999999999994e-06
0.5,0,0,serial_last:A:k4,0.1,1.25,1.25,0.5905,9.999999999999992e-06,9.999999999999992e-05,0.0,0.0,9.999999999999992e-06
0.5,0,0,exposed_vote:A:k5,0.008559999999999996,1.5,1.5,0.5314420000000001,9.99999999999999e-07,9.999999999999989e-06,0.0,0.0,9.99999999999999e-07
0.5,0,0,blind_vote:A:k5,0.008559999999999996,1.75,1.75,0.5314420000000001,9.99999999999999e-07,9.999999999999989e-06,0.0,0.0,9.99999999999999e-07
0.5,0,0,echo_gate:A:k5,0.0937126,1.9685579999999998,2.5,0.5314420000000001,9.99999999999999e-07,9.999999999999989e-06,0.0,0.4685579999999999,9.99999999999999e-07
0.5,0,0,blind_gate:A:k5,0.0937126,2.218558,2.75,0.5314420000000001,9.99999999999999e-07,9.999999999999989e-06,0.0,0.4685579999999999,9.99999999999999e-07
0.5,0,0,audit_gate:A:k5,0.12028444999999999,2.1014185,2.5,0.5314420000000001,9.99999999999999e-07,9.999999999999989e-06,0.0,0.6014185,7.499999999999992e-07
0.5,0,0,serial_last:A:k5,0.1,1.5,1.5,0.5314420000000001,9.99999999999999e-07,9.999999999999989e-06,0.0,0.0,9.99999999999999e-07
0.5,0,0,exposed_vote:A:k6,0.0027279999999999982,1.75,1.75,0.4782970000000001,9.999999999999988e-08,9.999999999999987e-07,0.0,0.0,9.999999999999988e-08
0.5,0,0,blind_vote:A:k6,0.0027279999999999982,2.05,2.05,0.4782970000000001,9.999999999999988e-08,9.999999999999987e-07,0.0,0.0,9.999999999999988e-08
0.5,0,0,echo_gate:A:k6,0.1043407,2.271703,2.75,0.4782970000000001,9.999999999999988e-08,9.999999999999987e-07,0.0,0.5217029999999999,9.999999999999988e-08
0.5,0,0,blind_gate:A:k6,0.1043407,2.571703,3.05,0.4782970000000001,9.999999999999988e-08,9.999999999999987e-07,0.0,0.5217029999999999,9.999999999999988e-08
0.5,0,0,audit_gate:A:k6,0.12825552499999998,2.39127725,2.75,0.4782970000000001,9.999999999999988e-08,9.999999999999987e-07,0.0,0.6412772499999999,7.49999999999999e-08
0.5,0,0,serial_last:A:k6,0.1,1.75,1.75,0.4782970000000001,9.999999999999988e-08,9.999999999999987e-07,0.0,0.0,9.999999999999988e-08
0.5,0,0,exposed_vote:A:k7,0.0027279999999999982,2.0,2.0,0.4304672200000001,9.999999999999985e-09,9.999999999999985e-08,0.0,0.0,9.999999999999985e-09
0.5,0,0,blind_vote:A:k7,0.0027279999999999982,2.35,2.35,0.4304672200000001,9.999999999999985e-09,9.999999999999985e-08,0.0,0.0,9.999999999999985e-09
0.5,0,0,echo_gate:A:k7,0.11390656599999997,2.56953278,3.0,0.4304672200000001,9.999999999999985e-09,9.999999999999985e-08,0.0,0.5695327799999998,9.999999999999985e-09
0.5,0,0,blind_gate:A:k7,0.11390656599999997,2.91953278,3.35,0.4304672200000001,9.999999999999985e-09,9.999999999999985e-08,0.0,0.5695327799999998,9.999999999999985e-09
0.5,0,0,audit_gate:A:k7,0.13542992450000002,2.677149585,3.0,0.4304672200000001,9.999999999999985e-09,9.999999999999985e-08,0.0,0.677149585,7.49999999999999e-09
0.5,0,0,serial_last:A:k7,0.1,2.0,2.0,0.4304672200000001,9.999999999999985e-09,9.999999999999985e-08,0.0,0.0,9.999999999999985e-09
0.5,0,0.5,alone:H:k0,0.2,1.0,1.0,1.0,0.2,1.0,0.0,0.0,0.2
0.5,0,0.5,alone:A:k0,0.1,0.25,0.25,1.0,0.1,1.0,0.0,0.0,0.1
0.5,0,0.5,exposed_vote:H:k1,0.17500000000000002,1.25,1.25,0.8700000000000001,0.11000000000000001,0.55,0.13,0.0,0.11000000000000001
0.5,0,0.5,blind_vote:H:k1,0.15000000000000002,1.3,1.3,0.7400000000000001,0.02,0.09999999999999999,0.0,0.0,0.02
0.5,0,0.5,echo_gate:H:k1,0.136,1.38,2.25,0.8700000000000001,0.11000000000000001,0.55,0.13,0.1299999999999999,0.11000000000000001
0.5,0,0.5,blind_gate:H:k1,0.07199999999999998,1.56,2.3,0.7400000000000001,0.02,0.09999999999999999,0.0,0.2599999999999999,0.02
0.5,0,0.5,audit_gate:H:k1,0.15200000000000002,1.5975,2.25,0.8700000000000001,0.11000000000000001,0.55,0.13,0.3474999999999999,0.08250000000000002
0.5,0,0.5,serial_last:H:k1,0.15000000000000002,1.25,1.25,0.8700000000000001,0.11000000000000001,0.55,0.13,0.0,0.11000000000000001
0.5,0,0.5,exposed_vote:H:k2,0.16825,1.5,1.5,0.7937500000000001,0.06275,0.31375,0.09875,0.0,0.06275
0.5,0,0.5,blind_vote:H:k2,0.07300000000000001,1.6,1.6,0.6950000000000001,0.011000000000000001,0.055,0.0,0.0,0.011000000000000001
0.5,0,0.5,echo_gate:H:k2,0.10399999999999998,1.7062499999999998,2.5,0.7937500000000001,0.06275,0.31375,0.09875,0.20624999999999993,0.06275
0.5,0,0.5,blind_gate:H:k2,0.072,1.905,2.6,0.6950000000000001,0.011000000000000001,0.055,0.0,0.30499999999999994,0.011000000000000001
0.5,0,0.5,audit_gate:H:k2,0.128,1.9046875,2.5,0.7937500000000001,0.06275,0.31375,0.09875,0.4046875,0.0470625
0.5,0,0.5,serial_last:H:k2,0.1,1.5,1.5,0.7175,0.0155,0.0775,0.022499999999999964,0.0,0.0155
0.5,0,0.5,exposed_vote:H:k3,0.16003124999999999,1.75,1.75,0.7458375,0.037887500000000005,0.1894375,0.08413749999999998,0.0,0.037887500000000005
0.5,0,0.5,blind_vote:H:k3,0.07075000000000001,1.9,1.9,0.6617000000000001,0.010100000000000001,0.0505,0.0,0.0,0.010100000000000001
0.5,0,0.5,echo_gate:H:k3,0.08872,2.0041625,2.75,0.7458375,0.037887500000000005,0.1894375,0.08413749999999998,0.25416249999999996,0.037887500000000005
0.5,0,0.5,blind_gate:H:k3,0.07775999999999998,2.2382999999999997,2.9,0.6617000000000001,0.010100000000000001,0.0505,0.0,0.33829999999999993,0.010100000000000001
0.5,0,0.5,audit_gate:H:k3,0.11653999999999999,2.1906218749999997,2.75,0.7458375,0.037887500000000005,0.1894375,0.08413749999999998,0.44062187499999994,0.028415625000000003
0.5,0,0.5,serial_last:H:k3,0.1,1.75,1.75,0.6783500000000001,0.01055,0.05275,0.016650000000000054,0.0,0.01055
0.5,0,0.5,exposed_vote:H:k4,0.16041937500000003,2.0,2.0,0.7130781250000001,0.024775625000000003,0.123878125,0.08062812500000005,0.0,0.024775625000000003
0.5,0,0.5,blind_vote:H:k4,0.05671,2.2,2.2,0.6324500000000001,0.010010000000000002,0.050050000000000004,0.0,0.0,0.010010000000000002
0.5,0,0.5,echo_gate:H:k4,0.08215999999999998,2.286921875,3.0,0.7130781250000001,0.024775625000000003,0.123878125,0.08062812500000005,0.2869218749999999,0.024775625000000003
0.5,0,0.5,blind_gate:H:k4,0.08352,2.56755,3.2,0.6324500000000001,0.010010000000000002,0.050050000000000004,0.0,0.36754999999999993,0.010010000000000002
0.5,0,0.5,audit_gate:H:k4,0.11161999999999998,2.4651914062499998,3.0,0.7130781250000001,0.024775625000000003,0.123878125,0.08062812500000005,0.4651914062499999,0.018581718750000004
0.5,0,0.5,serial_last:H:k4,0.1,2.0,2.0,0.6470750000000001,0.010055000000000001,0.05027500000000001,0.014624999999999999,0.0,0.010055000000000001
0.5,0,0.5,exposed_vote:H:k5,0.15614546875,2.25,2.25,0.68860771875,0.017845343750000003,0.08922671875,0.08241071874999994,0.0,0.017845343750000003
0.5,0,0.5,blind_vote:H:k5,0.056305,2.5,2.5,0.6061970000000001,0.010001000000000001,0.050005,0.0,0.0,0.010001000000000001
0.5,0,0.5,echo_gate:H:k5,0.0801238,2.56139228125,3.25,0.68860771875,0.017845343750000003,0.08922671875,0.08241071874999994,0.31139228124999996,0.017845343750000003
0.5,0,0.5,blind_gate:H:k5,0.08876159999999998,2.893803,3.5,0.6061970000000001,0.010001000000000001,0.050005,0.0,0.3938029999999999,0.010001000000000001
0.5,0,0.5,audit_gate:H:k5,0.11009285,2.7335442109375,3.25,0.68860771875,0.017845343750000003,0.08922671875,0.08241071874999994,0.4835442109375,0.013384007812500001
0.5,0,0.5,serial_last:H:k5,0.1,2.25,2.25,0.6193235,0.0100055,0.0500275,0.01312649999999993,0.0,0.0100055
0.5,0,0.5,exposed_vote:H:k6,0.157320671875,2.5,2.5,0.6688360703125,0.0141743140625,0.07087157031249999,0.08625957031250009,0.0,0.0141743140625
0.5,0,0.5,blind_vote:H:k6,0.052093,2.8,2.8,0.5825764999999999,0.010000100000000001,0.0500005,0.0,0.0,0.010000100000000001
0.5,0,0.5,echo_gate:H:k6,0.0804071,2.8311639296875,3.5,0.6688360703125,0.0141743140625,0.07087157031249999,0.08625957031250009,0.33116392968749997,0.0141743140625
0.5,0,0.5,blind_gate:H:k6,0.09348480000000002,3.2174234999999998,3.8,0.5825764999999999,0.010000100000000001,0.0500005,0.0,0.41742350000000006,0.010000100000000001
0.5,0,0.5,audit_gate:H:k6,0.11030532500000001,2.998372947265625,3.5,0.6688360703125,0.0141743140625,0.07087157031249999,0.08625957031250009,0.498372947265625,0.010630735546875
0.5,0,0.5,serial_last:H:k6,0.1,2.5,2.5,0.59438675,0.010000550000000002,0.050002750000000006,0.011810250000000022,0.0,0.010000550000000002
0.5,0,0.5,exposed_vote:H:k7,0.15464386425781257,2.75,2.75,0.651872978671875,0.012225560234375,0.061127801171874996,0.09055420867187502,0.0,0.012225560234375
0.5,0,0.5,blind_vote:H:k7,0.052001875,3.1,3.1,0.56131877,0.010000010000000002,0.050000050000000004,0.0,0.0,0.010000010000000002
0.5,0,0.5,echo_gate:H:k7,0.08185096450000001,3.098127021328125,3.75,0.651872978671875,0.012225560234375,0.061127801171874996,0.09055420867187502,0.348127021328125,0.012225560234375
0.5,0,0.5,blind_gate:H:k7,0.09773625600000002,3.53868123,4.1,0.56131877,0.010000010000000002,0.050000050000000004,0.0,0.43868123000000003,0.010000010000000002
0.5,0,0.5,audit_gate:H:k7,0.11138822337500001,3.2610952659960937,3.75,0.651872978671875,0.012225560234375,0.061127801171874996,0.09055420867187502,0.5110952659960938,0.00916917017578125
0.5,0,0.5,serial_last:H:k7,0.1,2.75,2.75,0.571947635,0.010000055000000002,0.05000027500000001,0.010628865000000043,0.0,0.010000055000000002
0.5,0,0.5,exposed_vote:A:k1,0.09999999999999999,0.5,0.5,0.91,0.055,0.5499999999999999,0.0,0.0,0.055
0.5,0,0.5,blind_vote:A:k1,0.09999999999999999,0.55,0.55,0.91,0.055,0.5499999999999999,0.0,0.0,0.055
0.5,0,0.5,echo_gate:A:k1,0.073,0.59,1.5,0.91,0.055,0.5499999999999999,0.0,0.08999999999999997,0.055
0.5,0,0.5,blind_gate:A:k1,0.073,0.64,1.55,0.91,0.055,0.5499999999999999,0.0,0.08999999999999997,0.055
0.5,0,0.5,audit_gate:A:k1,0.10475000000000001,0.8175,1.5,0.91,0.055,0.5499999999999999,0.0,0.3175,0.04125
0.5,0,0.5,serial_last:A:k1,0.1,0.5,0.5,0.91,0.055,0.5499999999999999,0.0,0.0,0.055
0.5,0,0.5,exposed_vote:A:k2,0.064,0.75,0.75,0.865,0.0505,0.505,0.0,0.0,0.0505
0.5,0,0.5,blind_vote:A:k2,0.064,0.85,0.85,0.865,0.0505,0.505,0.0,0.0,0.0505
0.5,0,0.5,echo_gate:A:k2,0.07750000000000001,0.885,1.75,0.865,0.0505,0.505,0.0,0.135,0.0505
0.5,0,0.5,blind_gate:A:k2,0.07750000000000001,0.985,1.85,0.865,0.0505,0.505,0.0,0.135,0.0505
0.5,0,0.5,audit_gate:A:k2,0.10812500000000003,1.10125,1.75,0.865,0.0505,0.505,0.0,0.35125000000000006,0.037875000000000006
0.5,0,0.5,serial_last:A:k2,0.1,0.75,0.75,0.865,0.0505,0.505,0.0,0.0,0.0505
0.5,0,0.5,exposed_vote:A:k3,0.064,1.0,1.0,0.8281000000000002,0.050050000000000004,0.5005000000000001,0.0,0.0,0.050050000000000004
0.5,0,0.5,blind_vote:A:k3,0.064,1.15,1.15,0.8281000000000002,0.050050000000000004,0.5005000000000001,0.0,0.0,0.050050000000000004
0.5,0,0.5,echo_gate:A:k3,0.08442999999999998,1.1719,2.0,0.8281000000000002,0.050050000000000004,0.5005000000000001,0.0,0.17189999999999983,0.050050000000000004
0.5,0,0.5,blind_gate:A:k3,0.08442999999999998,1.3218999999999999,2.15,0.8281000000000002,0.050050000000000004,0.5005000000000001,0.0,0.17189999999999983,0.050050000000000004
0.5,0,0.5,audit_gate:A:k3,0.11332249999999998,1.3789249999999997,2.0,0.8281000000000002,0.050050000000000004,0.5005000000000001,0.0,0.37892499999999985,0.0375375
0.5,0,0.5,serial_last:A:k3,0.1,1.0,1.0,0.8281000000000002,0.050050000000000004,0.5005000000000001,0.0,0.0,0.050050000000000004
0.5,0,0.5,exposed_vote:A:k4,0.05428,1.25,1.25,0.79525,0.050005,0.50005,0.0,0.0,0.050005
0.5,0,0.5,blind_vote:A:k4,0.05428,1.45,1.45,0.79525,0.050005,0.50005,0.0,0.0,0.050005
0.5,0,0.5,echo_gate:A:k4,0.09095500000000001,1.45475,2.25,0.79525,0.050005,0.50005,0.0,0.20475,0.050005
0.5,0,0.5,blind_gate:A:k4,0.09095500000000001,1.65475,2.45,0.79525,0.050005,0.50005,0.0,0.20475,0.050005
0.5,0,0.5,audit_gate:A:k4,0.11821625000000002,1.6535625,2.25,0.79525,0.050005,0.50005,0.0,0.40356250000000005,0.03750375
0.5,0,0.5,serial_last:A:k4,0.1,1.25,1.25,0.79525,0.050005,0.50005,0.0,0.0,0.050005
0.5,0,0.5,exposed_vote:A:k5,0.05428,1.5,1.5,0.765721,0.0500005,0.500005,0.0,0.0,0.0500005
0.5,0,0.5,blind_vote:A:k5,0.05428,1.75,1.75,0.765721,0.0500005,0.500005,0.0,0.0,0.0500005
0.5,0,0.5,echo_gate:A:k5,0.0968563,1.734279,2.5,0.765721,0.0500005,0.500005,0.0,0.23427900000000002,0.0500005
0.5,0,0.5,blind_gate:A:k5,0.0968563,1.984279,2.75,0.765721,0.0500005,0.500005,0.0,0.23427900000000002,0.0500005
0.5,0,0.5,audit_gate:A:k5,0.12264222500000002,1.9257092500000002,2.5,0.765721,0.0500005,0.500005,0.0,0.42570925000000004,0.037500375
0.5,0,0.5,serial_last:A:k5,0.1,1.5,1.5,0.765721,0.0500005,0.500005,0.0,0.0,0.0500005
0.5,0,0.5,exposed_vote:A:k6,0.051364,1.75,1.75,0.7391485,0.050000050000000004,0.5000005,0.0,0.0,0.050000050000000004
0.5,0,0.5,blind_vote:A:k6,0.051364,2.05,2.05,0.7391485,0.050000050000000004,0.5000005,0.0,0.0,0.050000050000000004
0.5,0,0.5,echo_gate:A:k6,0.10217035000000001,2.0108515000000002,2.75,0.7391485,0.050000050000000004,0.5000005,0.0,0.2608515,0.050000050000000004
0.5,0,0.5,blind_gate:A:k6,0.10217035000000001,2.3108515,3.05,0.7391485,0.050000050000000004,0.5000005,0.0,0.2608515,0.050000050000000004
0.5,0,0.5,audit_gate:A:k6,0.1266277625,2.195638625,2.75,0.7391485,0.050000050000000004,0.5000005,0.0,0.44563862499999995,0.0375000375
0.5,0,0.5,serial_last:A:k6,0.1,1.75,1.75,0.7391485,0.050000050000000004,0.5000005,0.0,0.0,0.050000050000000004
0.5,0,0.5,exposed_vote:A:k7,0.05136399999999999,2.0,2.0,0.7152336100000001,0.050000005,0.5000000499999999,0.0,0.0,0.050000005
0.5,0,0.5,blind_vote:A:k7,0.05136399999999999,2.35,2.35,0.7152336100000001,0.050000005,0.5000000499999999,0.0,0.0,0.050000005
0.5,0,0.5,echo_gate:A:k7,0.10695328299999998,2.2847663899999997,3.0,0.7152336100000001,0.050000005,0.5000000499999999,0.0,0.2847663899999999,0.050000005
0.5,0,0.5,blind_gate:A:k7,0.10695328299999998,2.6347663900000002,3.35,0.7152336100000001,0.050000005,0.5000000499999999,0.0,0.2847663899999999,0.050000005
0.5,0,0.5,audit_gate:A:k7,0.13021496225,2.4635747925,3.0,0.7152336100000001,0.050000005,0.5000000499999999,0.0,0.4635747925,0.03750000375
0.5,0,0.5,serial_last:A:k7,0.1,2.0,2.0,0.7152336100000001,0.050000005,0.5000000499999999,0.0,0.0,0.050000005
0.5,0,0.9,alone:H:k0,0.2,1.0,1.0,1.0,0.2,1.0,0.0,0.0,0.2
0.5,0,0.9,alone:A:k0,0.1,0.25,0.25,1.0,0.1,1.0,0.0,0.0,0.1
0.5,0,0.9,exposed_vote:H:k1,0.17500000000000004,1.25,1.25,0.8700000000000001,0.11000000000000001,0.55,0.13,0.0,0.11000000000000001
0.5,0,0.9,blind_vote:H:k1,0.15000000000000002,1.3,1.3,0.7400000000000001,0.020000000000000004,0.10000000000000002,0.0,0.0,0.020000000000000004
0.5,0,0.9,echo_gate:H:k1,0.136,1.38,2.25,0.8700000000000001,0.11000000000000001,0.55,0.13,0.1299999999999999,0.11000000000000001
0.5,0,0.9,blind_gate:H:k1,0.07199999999999998,1.56,2.3,0.7400000000000001,0.020000000000000004,0.10000000000000002,0.0,0.2599999999999999,0.020000000000000004
0.5,0,0.9,audit_gate:H:k1,0.15200000000000002,1.5975,2.25,0.8700000000000001,0.11000000000000001,0.55,0.13,0.3474999999999999,0.08250000000000002
0.5,0,0.9,serial_last:H:k1,0.15000000000000002,1.25,1.25,0.8700000000000001,0.11000000000000001,0.55,0.13,0.0,0.11000000000000001
0.5,0,0.9,exposed_vote:H:k2,0.17365000000000003,1.5,1.5,0.8027500000000001,0.06455000000000001,0.32275000000000004,0.07174999999999998,0.0,0.06455000000000001
0.5,0,0.9,blind_vote:H:k2,0.09460000000000002,1.6,1.6,0.7310000000000001,0.018200000000000004,0.09100000000000001,0.0,0.0,0.018200000000000004
0.5,0,0.9,echo_gate:H:k2,0.104,1.69725,2.5,0.8027500000000001,0.06455000000000001,0.32275000000000004,0.07174999999999998,0.19724999999999993,0.06455000000000001
0.5,0,0.9,blind_gate:H:k2,0.072,1.869,2.6,0.7310000000000001,0.018200000000000004,0.09100000000000001,0.0,0.2689999999999999,0.018200000000000004
0.5,0,0.9,audit_gate:H:k2,0.128,1.8979374999999998,2.5,0.8027500000000001,0.06455000000000001,0.32275000000000004,0.07174999999999998,0.39793749999999994,0.04841250000000001
0.5,0,0.9,serial_last:H:k2,0.1,1.5,1.5,0.7355000000000002,0.019100000000000002,0.0955,0.0045000000000000595,0.0,0.019100000000000002
0.5,0,0.9,exposed_vote:H:k3,0.16700625,1.75,1.75,0.7671675000000001,0.0415775,0.2078875,0.04282750000000002,0.0,0.0415775
0.5,0,0.9,blind_vote:H:k3,0.09415000000000001,1.9,1.9,0.7243400000000001,0.018020000000000005,0.09010000000000001,0.0,0.0,0.018020000000000005
0.5,0,0.9,echo_gate:H:k3,0.08814399999999999,1.9828324999999998,2.75,0.7671675000000001,0.0415775,0.2078875,0.04282750000000002,0.2328324999999999,0.0415775
0.5,0,0.9,blind_gate:H:k3,0.073152,2.1756599999999997,2.9,0.7243400000000001,0.018020000000000005,0.09010000000000001,0.0,0.2756599999999999,0.018020000000000005
0.5,0,0.9,audit_gate:H:k3,0.116108,2.174624375,2.75,0.7671675000000001,0.0415775,0.2078875,0.04282750000000002,0.42462437499999994,0.031183125000000003
0.5,0,0.9,serial_last:H:k3,0.1,1.75,1.75,0.72767,0.018110000000000005,0.09055000000000002,0.003329999999999944,0.0,0.018110000000000005
0.5,0,0.9,exposed_vote:H:k4,0.167083875,2.0,2.0,0.747615625,0.029955125000000003,0.149775625,0.029125625000000044,0.0,0.029955125000000003
0.5,0,0.9,blind_vote:H:k4,0.09134199999999999,2.2,2.2,0.71849,0.018002,0.09000999999999999,0.0,0.0,0.018002
0.5,0,0.9,echo_gate:H:k4,0.080432,2.252384375,3.0,0.747615625,0.029955125000000003,0.149775625,0.029125625000000044,0.252384375,0.029955125000000003
0.5,0,0.9,blind_gate:H:k4,0.07430400000000001,2.48151,3.2,0.71849,0.018002,0.09000999999999999,0.0,0.28151000000000004,0.018002
0.5,0,0.9,audit_gate:H:k4,0.110324,2.43928828125,3.0,0.747615625,0.029955125000000003,0.149775625,0.029125625000000044,0.43928828124999997,0.022466343750000003
0.5,0,0.9,serial_last:H:k4,0.1,2.0,2.0,0.721415,0.018011,0.090055,0.0029250000000000664,0.0,0.018011
0.5,0,0.9,exposed_vote:H:k5,0.16372909375,2.25,2.25,0.73622154375,0.024069068750000002,0.12034534375,0.02298214374999996,0.0,0.024069068750000002
0.5,0,0.9,blind_vote:H:k5,0.09126100000000002,2.5,2.5,0.7132394000000001,0.018000200000000004,0.09000100000000001,0.0,0.0,0.018000200000000004
0.5,0,0.9,echo_gate:H:k5,0.07682475999999999,2.51377845625,3.25,0.73622154375,0.024069068750000002,0.12034534375,0.02298214374999996,0.26377845624999996,0.024069068750000002
0.5,0,0.9,blind_gate:H:k5,0.07535231999999999,2.7867606,3.5,0.7132394000000001,0.018000200000000004,0.09000100000000001,0.0,0.2867605999999999,0.018000200000000004
0.5,0,0.9,audit_gate:H:k5,0.10761857,2.6978338421875,3.25,0.73622154375,0.024069068750000002,0.12034534375,0.02298214374999996,0.4478338421875,0.0180518015625
0.5,0,0.9,serial_last:H:k5,0.1,2.25,2.25,0.7158647,0.018001100000000006,0.09000550000000003,0.0026252999999999416,0.0,0.018001100000000006
0.5,0,0.9,exposed_vote:H:k6,0.16396413437500001,2.5,2.5,0.7290172140625001,0.0210848628125,0.1054243140625,0.020501914062500015,0.0,0.0210848628125
0.5,0,0.9,blind_vote:H:k6,0.09041860000000002,2.8,2.8,0.7085153000000001,0.018000020000000002,0.0900001,0.0,0.0,0.018000020000000002
0.5,0,0.9,echo_gate:H:k6,0.07528141999999999,2.7709827859375,3.5,0.7290172140625001,0.0210848628125,0.1054243140625,0.020501914062500015,0.2709827859374999,0.0210848628125
0.5,0,0.9,blind_gate:H:k6,0.07629696,3.0914846999999996,3.8,0.7085153000000001,0.018000020000000002,0.0900001,0.0,0.29148469999999993,0.018000020000000002
0.5,0,0.9,audit_gate:H:k6,0.106461065,2.953237089453125,3.5,0.7290172140625001,0.0210848628125,0.1054243140625,0.020501914062500015,0.4532370894531249,0.015813647109375002
0.5,0,0.9,serial_last:H:k6,0.1,2.5,2.5,0.7108773500000001,0.018000110000000003,0.09000055000000001,0.0023620500000000044,0.0,0.018000110000000003
0.5,0,0.9,exposed_vote:H:k7,0.16186627285156252,2.75,2.75,0.7239995957343751,0.019570112046875004,0.09785056023437502,0.019735841734375037,0.0,0.019570112046875004
0.5,0,0.9,blind_vote:H:k7,0.090400375,3.1,3.1,0.7042637540000001,0.018000002,0.09000001,0.0,0.0,0.018000002
0.5,0,0.9,echo_gate:H:k7,0.07477019289999998,3.0260004042656248,3.75,0.7239995957343751,0.019570112046875004,0.09785056023437502,0.019735841734375037,0.2760004042656249,0.019570112046875004
0.5,0,0.9,blind_gate:H:k7,0.07714725119999999,3.3957362460000002,4.1,0.7042637540000001,0.018000002,0.09000001,0.0,0.2957362459999999,0.018000002
0.5,0,0.9,audit_gate:H:k7,0.106077644675,3.2070003031992185,3.75,0.7239995957343751,0.019570112046875004,0.09785056023437502,0.019735841734375037,0.4570003031992187,0.014677584035156253
0.5,0,0.9,serial_last:H:k7,0.1,2.75,2.75,0.7063895270000001,0.018000011,0.090000055,0.002125773000000053,0.0,0.018000011
0.5,0,0.9,exposed_vote:A:k1,0.10000000000000002,0.5,0.5,0.982,0.09100000000000001,0.91,0.0,0.0,0.09100000000000001
0.5,0,0.9,blind_vote:A:k1,0.10000000000000002,0.55,0.55,0.982,0.09100000000000001,0.91,0.0,0.0,0.09100000000000001
0.5,0,0.9,echo_gate:A:k1,0.09460000000000002,0.518,1.5,0.982,0.09100000000000001,0.91,0.0,0.018000000000000016,0.09100000000000001
0.5,0,0.9,blind_gate:A:k1,0.09460000000000002,0.5680000000000001,1.55,0.982,0.09100000000000001,0.91,0.0,0.018000000000000016,0.09100000000000001
0.5,0,0.9,audit_gate:A:k1,0.12095000000000003,0.7635000000000001,1.5,0.982,0.09100000000000001,0.91,0.0,0.26350000000000007,0.06825
0.5,0,0.9,serial_last:A:k1,0.1,0.5,0.5,0.982,0.09100000000000001,0.91,0.0,0.0,0.09100000000000001
0.5,0,0.9,exposed_vote:A:k2,0.09280000000000001,0.75,0.75,0.9730000000000001,0.09010000000000001,0.9010000000000001,0.0,0.0,0.09010000000000001
0.5,0,0.9,blind_vote:A:k2,0.09280000000000001,0.85,0.85,0.9730000000000001,0.09010000000000001,0.9010000000000001,0.0,0.0,0.09010000000000001
0.5,0,0.9,echo_gate:A:k2,0.0955,0.7769999999999999,1.75,0.9730000000000001,0.09010000000000001,0.9010000000000001,0.0,0.026999999999999913,0.09010000000000001
0.5,0,0.9,blind_gate:A:k2,0.0955,0.8769999999999999,1.85,0.9730000000000001,0.09010000000000001,0.9010000000000001,0.0,0.026999999999999913,0.09010000000000001
0.5,0,0.9,audit_gate:A:k2,0.12162499999999998,1.0202499999999999,1.75,0.9730000000000001,0.09010000000000001,0.9010000000000001,0.0,0.2702499999999999,0.06757500000000001
0.5,0,0.9,serial_last:A:k2,0.1,0.75,0.75,0.9730000000000001,0.09010000000000001,0.9010000000000001,0.0,0.0,0.09010000000000001
0.5,0,0.9,exposed_vote:A:k3,0.09280000000000001,1.0,1.0,0.96562,0.09001,0.9001,0.0,0.0,0.09001
0.5,0,0.9,blind_vote:A:k3,0.09280000000000001,1.15,1.15,0.96562,0.09001,0.9001,0.0,0.0,0.09001
0.5,0,0.9,echo_gate:A:k3,0.096886,1.03438,2.0,0.96562,0.09001,0.9001,0.0,0.034379999999999966,0.09001
0.5,0,0.9,blind_gate:A:k3,0.096886,1.18438,2.15,0.96562,0.09001,0.9001,0.0,0.034379999999999966,0.09001
0.5,0,0.9,audit_gate:A:k3,0.12266449999999998,1.275785,2.0,0.96562,0.09001,0.9001,0.0,0.27578499999999995,0.0675075
0.5,0,0.9,serial_last:A:k3,0.1,1.0,1.0,0.96562,0.09001,0.9001,0.0,0.0,0.09001
0.5,0,0.9,exposed_vote:A:k4,0.090856,1.25,1.25,0.9590500000000001,0.09000100000000001,0.9000100000000001,0.0,0.0,0.09000100000000001
0.5,0,0.9,blind_vote:A:k4,0.090856,1.45,1.45,0.9590500000000001,0.09000100000000001,0.9000100000000001,0.0,0.0,0.09000100000000001
0.5,0,0.9,echo_gate:A:k4,0.098191,1.29095,2.25,0.9590500000000001,0.09000100000000001,0.9000100000000001,0.0,0.04094999999999993,0.09000100000000001
0.5,0,0.9,blind_gate:A:k4,0.098191,1.4909499999999998,2.45,0.9590500000000001,0.09000100000000001,0.9000100000000001,0.0,0.04094999999999993,0.09000100000000001
0.5,0,0.9,audit_gate:A:k4,0.12364325,1.5307125,2.25,0.9590500000000001,0.09000100000000001,0.9000100000000001,0.0,0.2807124999999999,0.06750075000000001
0.5,0,0.9,serial_last:A:k4,0.1,1.25,1.25,0.9590500000000001,0.09000100000000001,0.9000100000000001,0.0,0.0,0.09000100000000001
0.5,0,0.9,exposed_vote:A:k5,0.09085600000000002,1.5,1.5,0.9531442000000001,0.09000010000000001,0.900001,0.0,0.0,0.09000010000000001
0.5,0,0.9,blind_vote:A:k5,0.09085600000000002,1.75,1.75,0.9531442000000001,0.09000010000000001,0.900001,0.0,0.0,0.09000010000000001
0.5,0,0.9,echo_gate:A:k5,0.09937125999999999,1.5468558,2.5,0.9531442000000001,0.09000010000000001,0.900001,0.0,0.04685579999999989,0.09000010000000001
0.5,0,0.9,blind_gate:A:k5,0.09937125999999999,1.7968558,2.75,0.9531442000000001,0.09000010000000001,0.900001,0.0,0.04685579999999989,0.09000010000000001
0.5,0,0.9,audit_gate:A:k5,0.12452844499999999,1.78514185,2.5,0.9531442000000001,0.09000010000000001,0.900001,0.0,0.2851418499999999,0.067500075
0.5,0,0.9,serial_last:A:k5,0.1,1.5,1.5,0.9531442000000001,0.09000010000000001,0.900001,0.0,0.0,0.09000010000000001
0.5,0,0.9,exposed_vote:A:k6,0.09027279999999999,1.75,1.75,0.9478297000000001,0.09000001,0.9000001,0.0,0.0,0.09000001
0.5,0,0.9,blind_vote:A:k6,0.09027279999999999,2.05,2.05,0.9478297000000001,0.09000001,0.9000001,0.0,0.0,0.09000001
0.5,0,0.9,echo_gate:A:k6,0.10043406999999999,1.8021702999999998,2.75,0.9478297000000001,0.09000001,0.9000001,0.0,0.05217029999999989,0.09000001
0.5,0,0.9,blind_gate:A:k6,0.10043406999999999,2.1021702999999996,3.05,0.9478297000000001,0.09000001,0.9000001,0.0,0.05217029999999989,0.09000001
0.5,0,0.9,audit_gate:A:k6,0.1253255525,2.039127725,2.75,0.9478297000000001,0.09000001,0.9000001,0.0,0.28912772499999995,0.0675000075
0.5,0,0.9,serial_last:A:k6,0.1,1.75,1.75,0.9478297000000001,0.09000001,0.9000001,0.0,0.0,0.09000001
0.5,0,0.9,exposed_vote:A:k7,0.09027280000000003,2.0,2.0,0.9430467220000001,0.09000000100000001,0.9000000100000001,0.0,0.0,0.09000000100000001
0.5,0,0.9,blind_vote:A:k7,0.09027280000000003,2.35,2.35,0.9430467220000001,0.09000000100000001,0.9000000100000001,0.0,0.0,0.09000000100000001
0.5,0,0.9,echo_gate:A:k7,0.1013906566,2.056953278,3.0,0.9430467220000001,0.09000000100000001,0.9000000100000001,0.0,0.05695327799999994,0.09000000100000001
0.5,0,0.9,blind_gate:A:k7,0.1013906566,2.406953278,3.35,0.9430467220000001,0.09000000100000001,0.9000000100000001,0.0,0.05695327799999994,0.09000000100000001
0.5,0,0.9,audit_gate:A:k7,0.12604299245,2.2927149585,3.0,0.9430467220000001,0.09000000100000001,0.9000000100000001,0.0,0.29271495849999996,0.06750000075000001
0.5,0,0.9,serial_last:A:k7,0.1,2.0,2.0,0.9430467220000001,0.09000000100000001,0.9000000100000001,0.0,0.0,0.09000000100000001
0.5,0.2,0,alone:H:k0,0.2,1.0,1.0,1.0,0.2,1.0,0.0,0.0,0.2
0.5,0.2,0,alone:A:k0,0.1,0.25,0.25,1.0,0.1,1.0,0.0,0.0,0.1
0.5,0.2,0,exposed_vote:H:k1,0.17500000000000002,1.25,1.25,0.8700000000000001,0.11000000000000001,0.55,0.13,0.0,0.11000000000000001
0.5,0.2,0,blind_vote:H:k1,0.15000000000000002,1.3,1.3,0.7400000000000001,0.019999999999999997,0.09999999999999998,0.0,0.0,0.019999999999999997
0.5,0.2,0,echo_gate:H:k1,0.136,1.38,2.25,0.8700000000000001,0.11000000000000001,0.55,0.13,0.1299999999999999,0.11000000000000001
0.5,0.2,0,blind_gate:H:k1,0.07199999999999998,1.56,2.3,0.7400000000000001,0.019999999999999997,0.09999999999999998,0.0,0.2599999999999999,0.019999999999999997
0.5,0.2,0,audit_gate:H:k1,0.15200000000000002,1.5975,2.25,0.8700000000000001,0.11000000000000001,0.55,0.13,0.3474999999999999,0.08250000000000002
0.5,0.2,0,serial_last:H:k1,0.15000000000000002,1.25,1.25,0.8700000000000001,0.11000000000000001,0.55,0.13,0.0,0.11000000000000001
0.5,0.2,0,exposed_vote:H:k2,0.16150000000000003,1.5,1.5,0.7825000000000002,0.060500000000000005,0.3025,0.13250000000000006,0.0,0.060500000000000005
0.5,0.2,0,blind_vote:H:k2,0.046,1.6,1.6,0.6500000000000001,0.001999999999999999,0.009999999999999995,0.0,0.0,0.001999999999999999
0.5,0.2,0,echo_gate:H:k2,0.10399999999999997,1.7174999999999998,2.5,0.7825000000000002,0.060500000000000005,0.3025,0.13250000000000006,0.2174999999999998,0.060500000000000005
0.5,0.2,0,blind_gate:H:k2,0.07199999999999998,1.95,2.6,0.6500000000000001,0.001999999999999999,0.009999999999999995,0.0,0.34999999999999987,0.001999999999999999
0.5,0.2,0,audit_gate:H:k2,0.12799999999999997,1.913125,2.5,0.7825000000000002,0.060500000000000005,0.3025,0.13250000000000006,0.41312499999999985,0.045375000000000006
0.5,0.2,0,serial_last:H:k2,0.11000000000000001,1.5,1.5,0.7300000000000001,0.0308,0.154,0.07999999999999996,0.0,0.0308
0.5,0.2,0,exposed_vote:H:k3,0.1513125,1.75,1.75,0.7191750000000001,0.033275,0.166375,0.1357750000000001,0.0,0.033275
0.5,0.2,0,blind_vote:H:k3,0.041499999999999995,1.9,1.9,0.5834,0.00019999999999999987,0.0009999999999999994,0.0,0.0,0.00019999999999999987
0.5,0.2,0,echo_gate:H:k3,0.08943999999999998,2.030825,2.75,0.7191750000000001,0.033275,0.166375,0.1357750000000001,0.2808249999999999,0.033275
0.5,0.2,0,blind_gate:H:k3,0.08352000000000001,2.3165999999999998,2.9,0.5834,0.00019999999999999987,0.0009999999999999994,0.0,0.41659999999999997,0.00019999999999999987
0.5,0.2,0,audit_gate:H:k3,0.11707999999999998,2.21061875,2.75,0.7191750000000001,0.033275,0.166375,0.1357750000000001,0.46061874999999985,0.02495625
0.5,0.2,0,serial_last:H:k3,0.10200000000000001,1.75,1.75,0.651888,0.008624,0.04312,0.068488,0.0,0.008624
0.5,0.2,0,exposed_vote:H:k4,0.15208875,2.0,2.0,0.66990625,0.018301249999999998,0.09150624999999998,0.14500625,0.0,0.018301249999999998
0.5,0.2,0,blind_vote:H:k4,0.013419999999999994,2.2,2.2,0.5249,1.9999999999999985e-05,9.999999999999992e-05,0.0,0.0,1.9999999999999985e-05
0.5,0.2,0,echo_gate:H:k4,0.08432,2.33009375,3.0,0.66990625,0.018301249999999998,0.09150624999999998,0.14500625,0.33009374999999996,0.018301249999999998
0.5,0.2,0,blind_gate:H:k4,0.09504,2.6751,3.2,0.5249,1.9999999999999985e-05,9.999999999999992e-05,0.0,0.47509999999999997,1.9999999999999985e-05
0.5,0.2,0,audit_gate:H:k4,0.11324,2.4975703124999997,3.0,0.66990625,0.018301249999999998,0.09150624999999998,0.14500625,0.49757031249999994,0.013725937499999999
0.5,0.2,0,serial_last:H:k4,0.1004,2.0,2.0,0.5942176,0.00241472,0.012073599999999999,0.06931759999999998,0.0,0.00241472
0.5,0.2,0,exposed_vote:H:k5,0.14666593749999998,2.25,2.25,0.6290904375,0.0100656875,0.050328437499999996,0.15669643749999995,0.0,0.0100656875
0.5,0.2,0,blind_vote:H:k5,0.012609999999999993,2.5,2.5,0.4723940000000001,1.999999999999998e-06,9.999999999999989e-06,0.0,0.0,1.999999999999998e-06
0.5,0.2,0,echo_gate:H:k5,0.08424759999999999,2.6209095625,3.25,0.6290904375,0.0100656875,0.050328437499999996,0.15669643749999995,0.37090956249999996,0.0100656875
0.5,0.2,0,blind_gate:H:k5,0.10552319999999998,3.027606,3.5,0.4723940000000001,1.999999999999998e-06,9.999999999999989e-06,0.0,0.5276059999999999,1.999999999999998e-06
0.5,0.2,0,audit_gate:H:k5,0.11318569999999999,2.7781821718749997,3.25,0.6290904375,0.0100656875,0.050328437499999996,0.15669643749999995,0.5281821718749999,0.007549265625
0.5,0.2,0,serial_last:H:k5,0.10008,2.25,2.25,0.5451347712000001,0.0006761216000000001,0.0033806080000000002,0.0727407712,0.0,0.0006761216000000001
0.5,0.2,0,exposed_vote:H:k6,0.14901634375,2.5,2.5,0.593609640625,0.0055361281249999995,0.027680640624999996,0.16845664062499993,0.0,0.0055361281249999995
0.5,0.2,0,blind_vote:H:k6,0.004185999999999997,2.8,2.8,0.42515300000000006,1.9999999999999975e-07,9.999999999999987e-07,0.0,0.0,1.9999999999999975e-07
0.5,0.2,0,echo_gate:H:k6,0.08681420000000001,2.906390359375,3.5,0.593609640625,0.0055361281249999995,0.027680640624999996,0.16845664062499993,0.406390359375,0.0055361281249999995
0.5,0.2,0,blind_gate:H:k6,0.11496959999999999,3.374847,3.8,0.42515300000000006,1.9999999999999975e-07,9.999999999999987e-07,0.0,0.5748469999999999,1.9999999999999975e-07
0.5,0.2,0,audit_gate:H:k6,0.11511065000000001,3.0547927695312502,3.5,0.593609640625,0.0055361281249999995,0.027680640624999996,0.16845664062499993,0.55479276953125,0.00415209609375
0.5,0.2,0,serial_last:H:k6,0.10001600000000001,2.5,2.5,0.50109127168,0.00018931404799999997,0.0009465702399999998,0.07593827167999995,0.0,0.00018931404799999997
0.5,0.2,0,exposed_vote:H:k7,0.14561585351562498,2.75,2.75,0.5617147073437501,0.0030448704687499996,0.015224352343749997,0.17907716734375,0.0,0.0030448704687499996
0.5,0.2,0,blind_vote:H:k7,0.004003749999999998,3.1,3.1,0.38263754000000005,1.999999999999997e-08,9.999999999999985e-08,0.0,0.0,1.999999999999997e-08
0.5,0.2,0,echo_gate:H:k7,0.090701929,3.18828529265625,3.75,0.5617147073437501,0.0030448704687499996,0.015224352343749997,0.17907716734375,0.43828529265624994,0.0030448704687499996
0.5,0.2,0,blind_gate:H:k7,0.12347251199999999,3.71736246,4.1,0.38263754000000005,1.999999999999997e-08,9.999999999999985e-08,0.0,0.61736246,1.999999999999997e-08
0.5,0.2,0,audit_gate:H:k7,0.11802644675,3.3287139694921875,3.75,0.5617147073437501,0.0030448704687499996,0.015224352343749997,0.17907716734375,0.5787139694921875,0.0022836528515625
0.5,0.2,0,serial_last:H:k7,0.1000032,2.75,2.75,0.46088280895488004,5.300793343999999e-05,0.0002650396671999999,0.07824526895487999,0.0,5.300793343999999e-05
0.5,0.2,0,exposed_vote:A:k1,0.1,0.5,0.5,0.8560000000000001,0.028,0.27999999999999997,0.03600000000000003,0.0,0.028
0.5,0.2,0,blind_vote:A:k1,0.1,0.55,0.55,0.8200000000000001,0.009999999999999998,0.09999999999999998,0.0,0.0,0.009999999999999998
0.5,0.2,0,echo_gate:A:k1,0.05679999999999998,0.6439999999999999,1.5,0.8560000000000001,0.028,0.27999999999999997,0.03600000000000003,0.1439999999999999,0.028
0.5,0.2,0,blind_gate:A:k1,0.045999999999999985,0.73,1.55,0.8200000000000001,0.009999999999999998,0.09999999999999998,0.0,0.17999999999999994,0.009999999999999998
0.5,0.2,0,audit_gate:A:k1,0.09259999999999999,0.8579999999999999,1.5,0.8560000000000001,0.028,0.27999999999999997,0.03600000000000003,0.3579999999999999,0.021
0.5,0.2,0,serial_last:A:k1,0.10000000000000002,0.5,0.5,0.8560000000000001,0.028,0.27999999999999997,0.03600000000000003,0.0,0.028
0.5,0.2,0,exposed_vote:A:k2,0.05392,0.75,0.75,0.7696000000000001,0.007840000000000001,0.07840000000000001,0.03959999999999997,0.0,0.007840000000000001
0.5,0.2,0,blind_vote:A:k2,0.027999999999999997,0.85,0.85,0.7300000000000001,0.0009999999999999996,0.009999999999999995,0.0,0.0,0.0009999999999999996
0.5,0.2,0,echo_gate:A:k2,0.05391999999999999,0.9803999999999999,1.75,0.7696000000000001,0.007840000000000001,0.07840000000000001,0.03959999999999997,0.23039999999999994,0.007840000000000001
0.5,0.2,0,blind_gate:A:k2,0.054999999999999986,1.1199999999999999,1.85,0.7300000000000001,0.0009999999999999996,0.009999999999999995,0.0,0.2699999999999999,0.0009999999999999996
0.5,0.2,0,audit_gate:A:k2,0.09043999999999999,1.1728,1.75,0.7696000000000001,0.007840000000000001,0.07840000000000001,0.03959999999999997,0.42279999999999995,0.0058800000000000015
0.5,0.2,0,serial_last:A:k2,0.1,0.75,0.75,0.7696000000000001,0.007840000000000001,0.07840000000000001,0.03959999999999997,0.0,0.007840000000000001
0.5,0.2,0,exposed_vote:A:k3,0.049312,1.0,1.0,0.7030144000000002,0.0021952,0.021952,0.046814400000000034,0.0,0.0021952
0.5,0.2,0,blind_vote:A:k3,0.02799999999999999,1.15,1.15,0.6562000000000001,9.999999999999994e-05,0.0009999999999999994,0.0,0.0,9.999999999999994e-05
0.5,0.2,0,echo_gate:A:k3,0.06159231999999997,1.2969855999999997,2.0,0.7030144000000002,0.0021952,0.021952,0.046814400000000034,0.29698559999999985,0.0021952
0.5,0.2,0,blind_gate:A:k3,0.06885999999999998,1.4937999999999998,2.15,0.6562000000000001,9.999999999999994e-05,0.0009999999999999994,0.0,0.3437999999999999,9.999999999999994e-05
0.5,0.2,0,audit_gate:A:k3,0.09619424,1.4727392,2.0,0.7030144000000002,0.0021952,0.021952,0.046814400000000034,0.4727391999999999,0.0016464000000000001
0.5,0.2,0,serial_last:A:k3,0.1,1.0,1.0,0.7030144000000002,0.0021952,0.021952,0.046814400000000034,0.0,0.0021952
0.5,0.2,0,exposed_vote:A:k4,0.03305497600000001,1.25,1.25,0.6453683200000001,0.000614656,0.00614656,0.05486832000000008,0.0,0.000614656
0.5,0.2,0,blind_vote:A:k4,0.008559999999999995,1.45,1.45,0.5905,9.999999999999992e-06,9.999999999999992e-05,0.0,0.0,9.999999999999992e-06
0.5,0.2,0,echo_gate:A:k4,0.07154099199999998,1.6046316799999998,2.25,0.6453683200000001,0.000614656,0.00614656,0.05486832000000008,0.3546316799999999,0.000614656
0.5,0.2,0,blind_gate:A:k4,0.08191,1.8595,2.45,0.5905,9.999999999999992e-06,9.999999999999992e-05,0.0,0.4095,9.999999999999992e-06
0.5,0.2,0,audit_gate:A:k4,0.103655744,1.76597376,2.25,0.6453683200000001,0.000614656,0.00614656,0.05486832000000008,0.51597376,0.000460992
0.5,0.2,0,serial_last:A:k4,0.1,1.25,1.25,0.6453683200000001,0.000614656,0.00614656,0.05486832000000008,0.0,0.000614656
0.5,0.2,0,exposed_vote:A:k5,0.03051873280000001,1.5,1.5,0.5933454745600001,0.00017210368,0.0017210367999999998,0.061903474560000005,0.0,0.00017210368
0.5,0.2,0,blind_vote:A:k5,0.008559999999999996,1.75,1.75,0.5314420000000001,9.99999999999999e-07,9.999999999999989e-06,0.0,0.0,9.99999999999999e-07
0.5,0.2,0,echo_gate:A:k5,0.08150300876799998,1.90665452544,2.5,0.5933454745600001,0.00017210368,0.0017210367999999998,0.061903474560000005,0.4066545254399999,0.00017210368
0.5,0.2,0,blind_gate:A:k5,0.0937126,2.218558,2.75,0.5314420000000001,9.99999999999999e-07,9.999999999999989e-06,0.0,0.4685579999999999,9.99999999999999e-07
0.5,0.2,0,audit_gate:A:k5,0.11112725657599999,2.05499089408,2.5,0.5933454745600001,0.00017210368,0.0017210367999999998,0.061903474560000005,0.5549908940799999,0.00012907776
0.5,0.2,0,serial_last:A:k5,0.1,1.5,1.5,0.5933454745600001,0.00017210368,0.0017210367999999998,0.061903474560000005,0.0,0.00017210368
0.5,0.2,0,exposed_vote:A:k6,0.02244286259200001,1.75,1.75,0.54576769024,4.818903039999999e-05,0.0004818903039999999,0.06747069023999996,0.0,4.818903039999999e-05
0.5,0.2,0,blind_vote:A:k6,0.0027279999999999982,2.05,2.05,0.4782970000000001,9.999999999999988e-08,9.999999999999987e-07,0.0,0.0,9.999999999999988e-08
0.5,0.2,0,echo_gate:A:k6,0.0908946509824,2.20423230976,2.75,0.54576769024,4.818903039999999e-05,0.0004818903039999999,0.06747069023999996,0.45423230975999995,4.818903039999999e-05
0.5,0.2,0,blind_gate:A:k6,0.1043407,2.571703,3.05,0.4782970000000001,9.999999999999988e-08,9.999999999999987e-07,0.0,0.5217029999999999,9.999999999999988e-08
0.5,0.2,0,audit_gate:A:k6,0.11817098823679999,2.34067423232,2.75,0.54576769024,4.818903039999999e-05,0.0004818903039999999,0.06747069023999996,0.5906742323199999,3.6141772799999996e-05
0.5,0.2,0,serial_last:A:k6,0.1,1.75,1.75,0.54576769024,4.818903039999999e-05,0.0004818903039999999,0.06747069023999996,0.0,4.818903039999999e-05
0.5,0.2,0,exposed_vote:A:k7,0.0210397892608,2.0,2.0,0.5020754340413441,1.3492928511999998e-05,0.00013492928511999998,0.07160821404134404,0.0,1.3492928511999998e-05
0.5,0.2,0,blind_vote:A:k7,0.0027279999999999982,2.35,2.35,0.4304672200000001,9.999999999999985e-09,9.999999999999985e-08,0.0,0.0,9.999999999999985e-09
0.5,0.2,0,echo_gate:A:k7,0.09959840612024318,2.4979245659586558,3.0,0.5020754340413441,1.3492928511999998e-05,0.00013492928511999998,0.07160821404134404,0.49792456595865586,1.3492928511999998e-05
0.5,0.2,0,blind_gate:A:k7,0.11390656599999997,2.91953278,3.35,0.4304672200000001,9.999999999999985e-09,9.999999999999985e-08,0.0,0.5695327799999998,9.999999999999985e-09
0.5,0.2,0,audit_gate:A:k7,0.12469880459018239,2.623443424468992,3.0,0.5020754340413441,1.3492928511999998e-05,0.00013492928511999998,0.07160821404134404,0.6234434244689919,1.0119696383999998e-05
0.5,0.2,0,serial_last:A:k7,0.1,2.0,2.0,0.5020754340413441,1.3492928511999996e-05,0.00013492928511999995,0.07160821404134404,0.0,1.3492928511999996e-05
0.5,0.2,0.5,alone:H:k0,0.2,1.0,1.0,1.0,0.2,1.0,0.0,0.0,0.2
0.5,0.2,0.5,alone:A:k0,0.1,0.25,0.25,1.0,0.1,1.0,0.0,0.0,0.1
0.5,0.2,0.5,exposed_vote:H:k1,0.17500000000000002,1.25,1.25,0.8700000000000001,0.11000000000000001,0.55,0.13,0.0,0.11000000000000001
0.5,0.2,0.5,blind_vote:H:k1,0.15000000000000002,1.3,1.3,0.7400000000000001,0.02,0.09999999999999999,0.0,0.0,0.02
0.5,0.2,0.5,echo_gate:H:k1,0.136,1.38,2.25,0.8700000000000001,0.11000000000000001,0.55,0.13,0.1299999999999999,0.11000000000000001
0.5,0.2,0.5,blind_gate:H:k1,0.07199999999999998,1.56,2.3,0.7400000000000001,0.02,0.09999999999999999,0.0,0.2599999999999999,0.02
0.5,0.2,0.5,audit_gate:H:k1,0.15200000000000002,1.5975,2.25,0.8700000000000001,0.11000000000000001,0.55,0.13,0.3474999999999999,0.08250000000000002
0.5,0.2,0.5,serial_last:H:k1,0.15000000000000002,1.25,1.25,0.8700000000000001,0.11000000000000001,0.55,0.13,0.0,0.11000000000000001
0.5,0.2,0.5,exposed_vote:H:k2,0.16825,1.5,1.5,0.7937500000000001,0.06275,0.31375,0.09875,0.0,0.06275
0.5,0.2,0.5,blind_vote:H:k2,0.07300000000000001,1.6,1.6,0.6950000000000001,0.011000000000000001,0.055,0.0,0.0,0.011000000000000001
0.5,0.2,0.5,echo_gate:H:k2,0.10399999999999998,1.7062499999999998,2.5,0.7937500000000001,0.06275,0.31375,0.09875,0.20624999999999993,0.06275
0.5,0.2,0.5,blind_gate:H:k2,0.072,1.905,2.6,0.6950000000000001,0.011000000000000001,0.055,0.0,0.30499999999999994,0.011000000000000001
0.5,0.2,0.5,audit_gate:H:k2,0.128,1.9046875,2.5,0.7937500000000001,0.06275,0.31375,0.09875,0.4046875,0.0470625
0.5,0.2,0.5,serial_last:H:k2,0.11000000000000001,1.5,1.5,0.748,0.0344,0.172,0.052999999999999936,0.0,0.0344
0.5,0.2,0.5,exposed_vote:H:k3,0.16003124999999999,1.75,1.75,0.7458375,0.037887500000000005,0.1894375,0.08413749999999998,0.0,0.037887500000000005
0.5,0.2,0.5,blind_vote:H:k3,0.07075000000000001,1.9,1.9,0.6617000000000001,0.010100000000000001,0.0505,0.0,0.0,0.010100000000000001
0.5,0.2,0.5,echo_gate:H:k3,0.08872,2.0041625,2.75,0.7458375,0.037887500000000005,0.1894375,0.08413749999999998,0.25416249999999996,0.037887500000000005
0.5,0.2,0.5,blind_gate:H:k3,0.07775999999999998,2.2382999999999997,2.9,0.6617000000000001,0.010100000000000001,0.0505,0.0,0.33829999999999993,0.010100000000000001
0.5,0.2,0.5,audit_gate:H:k3,0.11653999999999999,2.1906218749999997,2.75,0.7458375,0.037887500000000005,0.1894375,0.08413749999999998,0.44062187499999994,0.028415625000000003
0.5,0.2,0.5,serial_last:H:k3,0.10200000000000001,1.75,1.75,0.698544,0.016112,0.08056,0.03684399999999999,0.0,0.016112
0.5,0.2,0.5,exposed_vote:H:k4,0.16041937500000003,2.0,2.0,0.7130781250000001,0.024775625000000003,0.123878125,0.08062812500000005,0.0,0.024775625000000003
0.5,0.2,0.5,blind_vote:H:k4,0.05671,2.2,2.2,0.6324500000000001,0.010010000000000002,0.050050000000000004,0.0,0.0,0.010010000000000002
0.5,0.2,0.5,echo_gate:H:k4,0.08215999999999998,2.286921875,3.0,0.7130781250000001,0.024775625000000003,0.123878125,0.08062812500000005,0.2869218749999999,0.024775625000000003
0.5,0.2,0.5,blind_gate:H:k4,0.08352,2.56755,3.2,0.6324500000000001,0.010010000000000002,0.050050000000000004,0.0,0.36754999999999993,0.010010000000000002
0.5,0.2,0.5,audit_gate:H:k4,0.11161999999999998,2.4651914062499998,3.0,0.7130781250000001,0.024775625000000003,0.123878125,0.08062812500000005,0.4651914062499999,0.018581718750000004
0.5,0.2,0.5,serial_last:H:k4,0.1004,2.0,2.0,0.6676288000000001,0.011567360000000002,0.05783680000000001,0.035178800000000066,0.0,0.011567360000000002
0.5,0.2,0.5,exposed_vote:H:k5,0.15614546875,2.25,2.25,0.68860771875,0.017845343750000003,0.08922671875,0.08241071874999994,0.0,0.017845343750000003
0.5,0.2,0.5,blind_vote:H:k5,0.056305,2.5,2.5,0.6061970000000001,0.010001000000000001,0.050005,0.0,0.0,0.010001000000000001
0.5,0.2,0.5,echo_gate:H:k5,0.0801238,2.56139228125,3.25,0.68860771875,0.017845343750000003,0.08922671875,0.08241071874999994,0.31139228124999996,0.017845343750000003
0.5,0.2,0.5,blind_gate:H:k5,0.08876159999999998,2.893803,3.5,0.6061970000000001,0.010001000000000001,0.050005,0.0,0.3938029999999999,0.010001000000000001
0.5,0.2,0.5,audit_gate:H:k5,0.11009285,2.7335442109375,3.25,0.68860771875,0.017845343750000003,0.08922671875,0.08241071874999994,0.4835442109375,0.013384007812500001
0.5,0.2,0.5,serial_last:H:k5,0.10008,2.25,2.25,0.6426713856,0.0104100608,0.052050304,0.03647438559999994,0.0,0.0104100608
0.5,0.2,0.5,exposed_vote:H:k6,0.157320671875,2.5,2.5,0.6688360703125,0.0141743140625,0.07087157031249999,0.08625957031250009,0.0,0.0141743140625
0.5,0.2,0.5,blind_vote:H:k6,0.052093,2.8,2.8,0.5825764999999999,0.010000100000000001,0.0500005,0.0,0.0,0.010000100000000001
0.5,0.2,0.5,echo_gate:H:k6,0.0804071,2.8311639296875,3.5,0.6688360703125,0.0141743140625,0.07087157031249999,0.08625957031250009,0.33116392968749997,0.0141743140625
0.5,0.2,0.5,blind_gate:H:k6,0.09348480000000002,3.2174234999999998,3.8,0.5825764999999999,0.010000100000000001,0.0500005,0.0,0.41742350000000006,0.010000100000000001
0.5,0.2,0.5,audit_gate:H:k6,0.11030532500000001,2.998372947265625,3.5,0.6688360703125,0.0141743140625,0.07087157031249999,0.08625957031250009,0.498372947265625,0.010630735546875
0.5,0.2,0.5,serial_last:H:k6,0.10001600000000001,2.5,2.5,0.62056643584,0.010109057024,0.05054528511999999,0.0379899358400001,0.0,0.010109057024
0.5,0.2,0.5,exposed_vote:H:k7,0.15464386425781257,2.75,2.75,0.651872978671875,0.012225560234375,0.061127801171874996,0.09055420867187502,0.0,0.012225560234375
0.5,0.2,0.5,blind_vote:H:k7,0.052001875,3.1,3.1,0.56131877,0.010000010000000002,0.050000050000000004,0.0,0.0,0.010000010000000002
0.5,0.2,0.5,echo_gate:H:k7,0.08185096450000001,3.098127021328125,3.75,0.651872978671875,0.012225560234375,0.061127801171874996,0.09055420867187502,0.348127021328125,0.012225560234375
0.5,0.2,0.5,blind_gate:H:k7,0.09773625600000002,3.53868123,4.1,0.56131877,0.010000010000000002,0.050000050000000004,0.0,0.43868123000000003,0.010000010000000002
0.5,0.2,0.5,audit_gate:H:k7,0.11138822337500001,3.2610952659960937,3.75,0.651872978671875,0.012225560234375,0.061127801171874996,0.09055420867187502,0.5110952659960938,0.00916917017578125
0.5,0.2,0.5,serial_last:H:k7,0.1000032,2.75,2.75,0.60044556447744,0.01002938396672,0.0501469198336,0.03912679447744005,0.0,0.01002938396672
0.5,0.2,0.5,exposed_vote:A:k1,0.10000000000000002,0.5,0.5,0.9279999999999999,0.064,0.64,0.017999999999999905,0.0,0.064
0.5,0.2,0.5,blind_vote:A:k1,0.09999999999999999,0.55,0.55,0.91,0.055,0.5499999999999999,0.0,0.0,0.055
0.5,0.2,0.5,echo_gate:A:k1,0.07840000000000001,0.5720000000000001,1.5,0.9279999999999999,0.064,0.64,0.017999999999999905,0.07200000000000006,0.064
0.5,0.2,0.5,blind_gate:A:k1,0.073,0.64,1.55,0.91,0.055,0.5499999999999999,0.0,0.08999999999999997,0.055
0.5,0.2,0.5,audit_gate:A:k1,0.10880000000000001,0.804,1.5,0.9279999999999999,0.064,0.64,0.017999999999999905,0.30400000000000005,0.048
0.5,0.2,0.5,serial_last:A:k1,0.10000000000000002,0.5,0.5,0.9279999999999999,0.064,0.64,0.017999999999999905,0.0,0.064
0.5,0.2,0.5,exposed_vote:A:k2,0.07696,0.75,0.75,0.8848,0.05392000000000001,0.5392,0.01980000000000004,0.0,0.05392000000000001
0.5,0.2,0.5,blind_vote:A:k2,0.064,0.85,0.85,0.865,0.0505,0.505,0.0,0.0,0.0505
0.5,0.2,0.5,echo_gate:A:k2,0.07696,0.8652,1.75,0.8848,0.05392000000000001,0.5392,0.01980000000000004,0.11519999999999997,0.05392000000000001
0.5,0.2,0.5,blind_gate:A:k2,0.07750000000000001,0.985,1.85,0.865,0.0505,0.505,0.0,0.135,0.0505
0.5,0.2,0.5,audit_gate:A:k2,0.10772000000000001,1.0864,1.75,0.8848,0.05392000000000001,0.5392,0.01980000000000004,0.33640000000000003,0.040440000000000004
0.5,0.2,0.5,serial_last:A:k2,0.1,0.75,0.75,0.8848,0.05392000000000001,0.5392,0.01980000000000004,0.0,0.05392000000000001
0.5,0.2,0.5,exposed_vote:A:k3,0.07465600000000003,1.0,1.0,0.8515072000000001,0.05109760000000001,0.510976,0.02340719999999996,0.0,0.05109760000000001
0.5,0.2,0.5,blind_vote:A:k3,0.064,1.15,1.15,0.8281000000000002,0.050050000000000004,0.5005000000000001,0.0,0.0,0.050050000000000004
0.5,0.2,0.5,echo_gate:A:k3,0.08079615999999998,1.1484927999999999,2.0,0.8515072000000001,0.05109760000000001,0.510976,0.02340719999999996,0.14849279999999987,0.05109760000000001
0.5,0.2,0.5,blind_gate:A:k3,0.08442999999999998,1.3218999999999999,2.15,0.8281000000000002,0.050050000000000004,0.5005000000000001,0.0,0.17189999999999983,0.050050000000000004
0.5,0.2,0.5,audit_gate:A:k3,0.11059712,1.3613696,2.0,0.8515072000000001,0.05109760000000001,0.510976,0.02340719999999996,0.36136959999999996,0.0383232
0.5,0.2,0.5,serial_last:A:k3,0.1,1.0,1.0,0.8515072000000001,0.05109760000000001,0.510976,0.02340719999999996,0.0,0.05109760000000001
0.5,0.2,0.5,exposed_vote:A:k4,0.06652748800000001,1.25,1.25,0.8226841600000001,0.050307328000000005,0.5030732800000001,0.027434160000000096,0.0,0.050307328000000005
0.5,0.2,0.5,blind_vote:A:k4,0.05428,1.45,1.45,0.79525,0.050005,0.50005,0.0,0.0,0.050005
0.5,0.2,0.5,echo_gate:A:k4,0.08577049599999999,1.42731584,2.25,0.8226841600000001,0.050307328000000005,0.5030732800000001,0.027434160000000096,0.1773158399999999,0.050307328000000005
0.5,0.2,0.5,blind_gate:A:k4,0.09095500000000001,1.65475,2.45,0.79525,0.050005,0.50005,0.0,0.20475,0.050005
0.5,0.2,0.5,audit_gate:A:k4,0.114327872,1.6329868799999998,2.25,0.8226841600000001,0.050307328000000005,0.5030732800000001,0.027434160000000096,0.3829868799999999,0.037730496
0.5,0.2,0.5,serial_last:A:k4,0.1,1.25,1.25,0.8226841600000001,0.050307328000000005,0.5030732800000001,0.027434160000000096,0.0,0.050307328000000005
0.5,0.2,0.5,exposed_vote:A:k5,0.06525936640000002,1.5,1.5,0.79667273728,0.05008605184000001,0.5008605184,0.030951737280000002,0.0,0.05008605184000001
0.5,0.2,0.5,blind_vote:A:k5,0.05428,1.75,1.75,0.765721,0.0500005,0.500005,0.0,0.0,0.0500005
0.5,0.2,0.5,echo_gate:A:k5,0.09075150438400001,1.70332726272,2.5,0.79667273728,0.05008605184000001,0.5008605184,0.030951737280000002,0.20332726272,0.05008605184000001
0.5,0.2,0.5,blind_gate:A:k5,0.0968563,1.984279,2.75,0.765721,0.0500005,0.500005,0.0,0.23427900000000002,0.0500005
0.5,0.2,0.5,audit_gate:A:k5,0.11806362828799999,1.90249544704,2.5,0.79667273728,0.05008605184000001,0.5008605184,0.030951737280000002,0.40249544703999995,0.037564538880000005
0.5,0.2,0.5,serial_last:A:k5,0.1,1.5,1.5,0.79667273728,0.05008605184000001,0.5008605184,0.030951737280000002,0.0,0.05008605184000001
0.5,0.2,0.5,exposed_vote:A:k6,0.061221431296,1.75,1.75,0.77288384512,0.0500240945152,0.5002409451519999,0.03373534511999998,0.0,0.0500240945152
0.5,0.2,0.5,blind_vote:A:k6,0.051364,2.05,2.05,0.7391485,0.050000050000000004,0.5000005,0.0,0.0,0.050000050000000004
0.5,0.2,0.5,echo_gate:A:k6,0.09544732549120001,1.97711615488,2.75,0.77288384512,0.0500240945152,0.5002409451519999,0.03373534511999998,0.22711615488000003,0.0500240945152
0.5,0.2,0.5,blind_gate:A:k6,0.10217035000000001,2.3108515,3.05,0.7391485,0.050000050000000004,0.5000005,0.0,0.2608515,0.050000050000000004
0.5,0.2,0.5,audit_gate:A:k6,0.1215854941184,2.17033711616,2.75,0.77288384512,0.0500240945152,0.5002409451519999,0.03373534511999998,0.42033711616,0.037518070886399996
0.5,0.2,0.5,serial_last:A:k6,0.1,1.75,1.75,0.77288384512,0.0500240945152,0.5002409451519999,0.03373534511999998,0.0,0.0500240945152
0.5,0.2,0.5,exposed_vote:A:k7,0.06051989463039999,2.0,2.0,0.751037717020672,0.05000674646425599,0.5000674646425599,0.03580410702067194,0.0,0.05000674646425599
0.5,0.2,0.5,blind_vote:A:k7,0.05136399999999999,2.35,2.35,0.7152336100000001,0.050000005,0.5000000499999999,0.0,0.0,0.050000005
0.5,0.2,0.5,echo_gate:A:k7,0.09979920306012159,2.248962282979328,3.0,0.751037717020672,0.05000674646425599,0.5000674646425599,0.03580410702067194,0.248962282979328,0.05000674646425599
0.5,0.2,0.5,blind_gate:A:k7,0.10695328299999998,2.6347663900000002,3.35,0.7152336100000001,0.050000005,0.5000000499999999,0.0,0.2847663899999999,0.050000005
0.5,0.2,0.5,audit_gate:A:k7,0.1248494022950912,2.4367217122344957,3.0,0.751037717020672,0.05000674646425599,0.5000674646425599,0.03580410702067194,0.43672171223449596,0.037505059848191996
0.5,0.2,0.5,serial_last:A:k7,0.1,2.0,2.0,0.751037717020672,0.05000674646425599,0.5000674646425599,0.03580410702067194,0.0,0.05000674646425599
0.5,0.2,0.9,alone:H:k0,0.2,1.0,1.0,1.0,0.2,1.0,0.0,0.0,0.2
0.5,0.2,0.9,alone:A:k0,0.1,0.25,0.25,1.0,0.1,1.0,0.0,0.0,0.1
0.5,0.2,0.9,exposed_vote:H:k1,0.17500000000000004,1.25,1.25,0.8700000000000001,0.11000000000000001,0.55,0.13,0.0,0.11000000000000001
0.5,0.2,0.9,blind_vote:H:k1,0.15000000000000002,1.3,1.3,0.7400000000000001,0.020000000000000004,0.10000000000000002,0.0,0.0,0.020000000000000004
0.5,0.2,0.9,echo_gate:H:k1,0.136,1.38,2.25,0.8700000000000001,0.11000000000000001,0.55,0.13,0.1299999999999999,0.11000000000000001
0.5,0.2,0.9,blind_gate:H:k1,0.07199999999999998,1.56,2.3,0.7400000000000001,0.020000000000000004,0.10000000000000002,0.0,0.2599999999999999,0.020000000000000004
0.5,0.2,0.9,audit_gate:H:k1,0.15200000000000002,1.5975,2.25,0.8700000000000001,0.11000000000000001,0.55,0.13,0.3474999999999999,0.08250000000000002
0.5,0.2,0.9,serial_last:H:k1,0.15000000000000002,1.25,1.25,0.8700000000000001,0.11000000000000001,0.55,0.13,0.0,0.11000000000000001
0.5,0.2,0.9,exposed_vote:H:k2,0.17365000000000003,1.5,1.5,0.8027500000000001,0.06455000000000001,0.32275000000000004,0.07174999999999998,0.0,0.06455000000000001
0.5,0.2,0.9,blind_vote:H:k2,0.09460000000000002,1.6,1.6,0.7310000000000001,0.018200000000000004,0.09100000000000001,0.0,0.0,0.018200000000000004
0.5,0.2,0.9,echo_gate:H:k2,0.104,1.69725,2.5,0.8027500000000001,0.06455000000000001,0.32275000000000004,0.07174999999999998,0.19724999999999993,0.06455000000000001
0.5,0.2,0.9,blind_gate:H:k2,0.072,1.869,2.6,0.7310000000000001,0.018200000000000004,0.09100000000000001,0.0,0.2689999999999999,0.018200000000000004
0.5,0.2,0.9,audit_gate:H:k2,0.128,1.8979374999999998,2.5,0.8027500000000001,0.06455000000000001,0.32275000000000004,0.07174999999999998,0.39793749999999994,0.04841250000000001
0.5,0.2,0.9,serial_last:H:k2,0.11000000000000001,1.5,1.5,0.7624000000000001,0.03728000000000001,0.18640000000000004,0.031399999999999983,0.0,0.03728000000000001
0.5,0.2,0.9,exposed_vote:H:k3,0.16700625,1.75,1.75,0.7671675000000001,0.0415775,0.2078875,0.04282750000000002,0.0,0.0415775
0.5,0.2,0.9,blind_vote:H:k3,0.09415000000000001,1.9,1.9,0.7243400000000001,0.018020000000000005,0.09010000000000001,0.0,0.0,0.018020000000000005
0.5,0.2,0.9,echo_gate:H:k3,0.08814399999999999,1.9828324999999998,2.75,0.7671675000000001,0.0415775,0.2078875,0.04282750000000002,0.2328324999999999,0.0415775
0.5,0.2,0.9,blind_gate:H:k3,0.073152,2.1756599999999997,2.9,0.7243400000000001,0.018020000000000005,0.09010000000000001,0.0,0.2756599999999999,0.018020000000000005
0.5,0.2,0.9,audit_gate:H:k3,0.116108,2.174624375,2.75,0.7671675000000001,0.0415775,0.2078875,0.04282750000000002,0.42462437499999994,0.031183125000000003
0.5,0.2,0.9,serial_last:H:k3,0.10200000000000001,1.75,1.75,0.7358688000000001,0.022102400000000008,0.11051200000000004,0.011528800000000006,0.0,0.022102400000000008
0.5,0.2,0.9,exposed_vote:H:k4,0.167083875,2.0,2.0,0.747615625,0.029955125000000003,0.149775625,0.029125625000000044,0.0,0.029955125000000003
0.5,0.2,0.9,blind_vote:H:k4,0.09134199999999999,2.2,2.2,0.71849,0.018002,0.09000999999999999,0.0,0.0,0.018002
0.5,0.2,0.9,echo_gate:H:k4,0.080432,2.252384375,3.0,0.747615625,0.029955125000000003,0.149775625,0.029125625000000044,0.252384375,0.029955125000000003
0.5,0.2,0.9,blind_gate:H:k4,0.07430400000000001,2.48151,3.2,0.71849,0.018002,0.09000999999999999,0.0,0.28151000000000004,0.018002
0.5,0.2,0.9,audit_gate:H:k4,0.110324,2.43928828125,3.0,0.747615625,0.029955125000000003,0.149775625,0.029125625000000044,0.43928828124999997,0.022466343750000003
0.5,0.2,0.9,serial_last:H:k4,0.1004,2.0,2.0,0.72635776,0.018889471999999997,0.09444735999999998,0.007867760000000001,0.0,0.018889471999999997
0.5,0.2,0.9,exposed_vote:H:k5,0.16372909375,2.25,2.25,0.73622154375,0.024069068750000002,0.12034534375,0.02298214374999996,0.0,0.024069068750000002
0.5,0.2,0.9,blind_vote:H:k5,0.09126100000000002,2.5,2.5,0.7132394000000001,0.018000200000000004,0.09000100000000001,0.0,0.0,0.018000200000000004
0.5,0.2,0.9,echo_gate:H:k5,0.07682475999999999,2.51377845625,3.25,0.73622154375,0.024069068750000002,0.12034534375,0.02298214374999996,0.26377845624999996,0.024069068750000002
0.5,0.2,0.9,blind_gate:H:k5,0.07535231999999999,2.7867606,3.5,0.7132394000000001,0.018000200000000004,0.09000100000000001,0.0,0.2867605999999999,0.018000200000000004
0.5,0.2,0.9,audit_gate:H:k5,0.10761857,2.6978338421875,3.25,0.73622154375,0.024069068750000002,0.12034534375,0.02298214374999996,0.4478338421875,0.0180518015625
0.5,0.2,0.9,serial_last:H:k5,0.10008,2.25,2.25,0.7207006771200001,0.018197212160000004,0.09098606080000002,0.007461277119999998,0.0,0.018197212160000004
0.5,0.2,0.9,exposed_vote:H:k6,0.16396413437500001,2.5,2.5,0.7290172140625001,0.0210848628125,0.1054243140625,0.020501914062500015,0.0,0.0210848628125
0.5,0.2,0.9,blind_vote:H:k6,0.09041860000000002,2.8,2.8,0.7085153000000001,0.018000020000000002,0.0900001,0.0,0.0,0.018000020000000002
0.5,0.2,0.9,echo_gate:H:k6,0.07528141999999999,2.7709827859375,3.5,0.7290172140625001,0.0210848628125,0.1054243140625,0.020501914062500015,0.2709827859374999,0.0210848628125
0.5,0.2,0.9,blind_gate:H:k6,0.07629696,3.0914846999999996,3.8,0.7085153000000001,0.018000020000000002,0.0900001,0.0,0.29148469999999993,0.018000020000000002
0.5,0.2,0.9,audit_gate:H:k6,0.106461065,2.953237089453125,3.5,0.7290172140625001,0.0210848628125,0.1054243140625,0.020501914062500015,0.4532370894531249,0.015813647109375002
0.5,0.2,0.9,serial_last:H:k6,0.10001600000000001,2.5,2.5,0.7161465671680001,0.0180448514048,0.090224257024,0.007631267168,0.0,0.0180448514048
0.5,0.2,0.9,exposed_vote:H:k7,0.16186627285156252,2.75,2.75,0.7239995957343751,0.019570112046875004,0.09785056023437502,0.019735841734375037,0.0,0.019570112046875004
0.5,0.2,0.9,blind_vote:H:k7,0.090400375,3.1,3.1,0.7042637540000001,0.018000002,0.09000001,0.0,0.0,0.018000002
0.5,0.2,0.9,echo_gate:H:k7,0.07477019289999998,3.0260004042656248,3.75,0.7239995957343751,0.019570112046875004,0.09785056023437502,0.019735841734375037,0.2760004042656249,0.019570112046875004
0.5,0.2,0.9,blind_gate:H:k7,0.07714725119999999,3.3957362460000002,4.1,0.7042637540000001,0.018000002,0.09000001,0.0,0.2957362459999999,0.018000002
0.5,0.2,0.9,audit_gate:H:k7,0.106077644675,3.2070003031992185,3.75,0.7239995957343751,0.019570112046875004,0.09785056023437502,0.019735841734375037,0.4570003031992187,0.014677584035156253
0.5,0.2,0.9,serial_last:H:k7,0.1000032,2.75,2.75,0.7120957688954881,0.018010484793344002,0.09005242396672,0.007832014895488015,0.0,0.018010484793344002
0.5,0.2,0.9,exposed_vote:A:k1,0.1,0.5,0.5,0.9856,0.09280000000000001,0.928,0.0036000000000000476,0.0,0.09280000000000001
0.5,0.2,0.9,blind_vote:A:k1,0.10000000000000002,0.55,0.55,0.982,0.09100000000000001,0.91,0.0,0.0,0.09100000000000001
0.5,0.2,0.9,echo_gate:A:k1,0.09568,0.5144,1.5,0.9856,0.09280000000000001,0.928,0.0036000000000000476,0.014399999999999968,0.09280000000000001
0.5,0.2,0.9,blind_gate:A:k1,0.09460000000000002,0.5680000000000001,1.55,0.982,0.09100000000000001,0.91,0.0,0.018000000000000016,0.09100000000000001
0.5,0.2,0.9,audit_gate:A:k1,0.12176,0.7607999999999999,1.5,0.9856,0.09280000000000001,0.928,0.0036000000000000476,0.2607999999999999,0.06960000000000001
0.5,0.2,0.9,serial_last:A:k1,0.10000000000000002,0.5,0.5,0.9856,0.09280000000000001,0.928,0.0036000000000000476,0.0,0.09280000000000001
0.5,0.2,0.9,exposed_vote:A:k2,0.095392,0.75,0.75,0.97696,0.09078400000000002,0.9078400000000001,0.0039599999999999635,0.0,0.09078400000000002
0.5,0.2,0.9,blind_vote:A:k2,0.09280000000000001,0.85,0.85,0.9730000000000001,0.09010000000000001,0.9010000000000001,0.0,0.0,0.09010000000000001
0.5,0.2,0.9,echo_gate:A:k2,0.095392,0.77304,1.75,0.97696,0.09078400000000002,0.9078400000000001,0.0039599999999999635,0.02303999999999995,0.09078400000000002
0.5,0.2,0.9,blind_gate:A:k2,0.0955,0.8769999999999999,1.85,0.9730000000000001,0.09010000000000001,0.9010000000000001,0.0,0.026999999999999913,0.09010000000000001
0.5,0.2,0.9,audit_gate:A:k2,0.12154400000000001,1.01728,1.75,0.97696,0.09078400000000002,0.9078400000000001,0.0039599999999999635,0.26727999999999996,0.06808800000000001
0.5,0.2,0.9,serial_last:A:k2,0.1,0.75,0.75,0.97696,0.09078400000000002,0.9078400000000001,0.0039599999999999635,0.0,0.09078400000000002
0.5,0.2,0.9,exposed_vote:A:k3,0.09493120000000002,1.0,1.0,0.9703014400000001,0.09021952000000001,0.9021952000000001,0.004681440000000037,0.0,0.09021952000000001
0.5,0.2,0.9,blind_vote:A:k3,0.09280000000000001,1.15,1.15,0.96562,0.09001,0.9001,0.0,0.0,0.09001
0.5,0.2,0.9,echo_gate:A:k3,0.096159232,1.02969856,2.0,0.9703014400000001,0.09021952000000001,0.9021952000000001,0.004681440000000037,0.02969855999999993,0.09021952000000001
0.5,0.2,0.9,blind_gate:A:k3,0.096886,1.18438,2.15,0.96562,0.09001,0.9001,0.0,0.034379999999999966,0.09001
0.5,0.2,0.9,audit_gate:A:k3,0.122119424,1.27227392,2.0,0.9703014400000001,0.09021952000000001,0.9021952000000001,0.004681440000000037,0.27227391999999995,0.06766464000000001
0.5,0.2,0.9,serial_last:A:k3,0.1,1.0,1.0,0.9703014400000001,0.09021952000000001,0.9021952000000001,0.004681440000000037,0.0,0.09021952000000001
0.5,0.2,0.9,exposed_vote:A:k4,0.09330549760000001,1.25,1.25,0.9645368320000001,0.09006146560000002,0.9006146560000001,0.005486831999999997,0.0,0.09006146560000002
0.5,0.2,0.9,blind_vote:A:k4,0.090856,1.45,1.45,0.9590500000000001,0.09000100000000001,0.9000100000000001,0.0,0.0,0.09000100000000001
0.5,0.2,0.9,echo_gate:A:k4,0.0971540992,1.285463168,2.25,0.9645368320000001,0.09006146560000002,0.9006146560000001,0.005486831999999997,0.035463167999999934,0.09006146560000002
0.5,0.2,0.9,blind_gate:A:k4,0.098191,1.4909499999999998,2.45,0.9590500000000001,0.09000100000000001,0.9000100000000001,0.0,0.04094999999999993,0.09000100000000001
0.5,0.2,0.9,audit_gate:A:k4,0.12286557440000001,1.526597376,2.25,0.9645368320000001,0.09006146560000002,0.9006146560000001,0.005486831999999997,0.276597376,0.06754609920000001
0.5,0.2,0.9,serial_last:A:k4,0.1,1.25,1.25,0.9645368320000001,0.09006146560000002,0.9006146560000001,0.005486831999999997,0.0,0.09006146560000002
0.5,0.2,0.9,exposed_vote:A:k5,0.09305187327999999,1.5,1.5,0.9593345474560001,0.090017210368,0.90017210368,0.0061903474560000005,0.0,0.090017210368
0.5,0.2,0.9,blind_vote:A:k5,0.09085600000000002,1.75,1.75,0.9531442000000001,0.09000010000000001,0.900001,0.0,0.0,0.09000010000000001
0.5,0.2,0.9,echo_gate:A:k5,0.09815030087679999,1.5406654525439998,2.5,0.9593345474560001,0.090017210368,0.90017210368,0.0061903474560000005,0.04066545254399989,0.090017210368
0.5,0.2,0.9,blind_gate:A:k5,0.09937125999999999,1.7968558,2.75,0.9531442000000001,0.09000010000000001,0.900001,0.0,0.04685579999999989,0.09000010000000001
0.5,0.2,0.9,audit_gate:A:k5,0.12361272565759998,1.780499089408,2.5,0.9593345474560001,0.090017210368,0.90017210368,0.0061903474560000005,0.28049908940799995,0.067512907776
0.5,0.2,0.9,serial_last:A:k5,0.1,1.5,1.5,0.9593345474560001,0.090017210368,0.90017210368,0.0061903474560000005,0.0,0.090017210368
0.5,0.2,0.9,exposed_vote:A:k6,0.09224428625920002,1.75,1.75,0.9545767690240001,0.09000481890304,0.9000481890304,0.006747069024000019,0.0,0.09000481890304
0.5,0.2,0.9,blind_vote:A:k6,0.09027279999999999,2.05,2.05,0.9478297000000001,0.09000001,0.9000001,0.0,0.0,0.09000001
0.5,0.2,0.9,echo_gate:A:k6,0.09908946509823997,1.7954232309759999,2.75,0.9545767690240001,0.09000481890304,0.9000481890304,0.006747069024000019,0.04542323097599987,0.09000481890304
0.5,0.2,0.9,blind_gate:A:k6,0.10043406999999999,2.1021702999999996,3.05,0.9478297000000001,0.09000001,0.9000001,0.0,0.05217029999999989,0.09000001
0.5,0.2,0.9,audit_gate:A:k6,0.12431709882368,2.034067423232,2.75,0.9545767690240001,0.09000481890304,0.9000481890304,0.006747069024000019,0.28406742323199996,0.06750361417728
0.5,0.2,0.9,serial_last:A:k6,0.1,1.75,1.75,0.9545767690240001,0.09000481890304,0.9000481890304,0.006747069024000019,0.0,0.09000481890304
0.5,0.2,0.9,exposed_vote:A:k7,0.09210397892608001,2.0,2.0,0.9502075434041344,0.09000134929285121,0.9000134929285121,0.007160821404134321,0.0,0.09000134929285121
0.5,0.2,0.9,blind_vote:A:k7,0.09027280000000003,2.35,2.35,0.9430467220000001,0.09000000100000001,0.9000000100000001,0.0,0.0,0.09000000100000001
0.5,0.2,0.9,echo_gate:A:k7,0.09995984061202434,2.0497924565958656,3.0,0.9502075434041344,0.09000134929285121,0.9000134929285121,0.007160821404134321,0.04979245659586562,0.09000134929285121
0.5,0.2,0.9,blind_gate:A:k7,0.1013906566,2.406953278,3.35,0.9430467220000001,0.09000000100000001,0.9000000100000001,0.0,0.05695327799999994,0.09000000100000001
0.5,0.2,0.9,audit_gate:A:k7,0.12496988045901826,2.2873443424468993,3.0,0.9502075434041344,0.09000134929285121,0.9000134929285121,0.007160821404134321,0.2873443424468992,0.06750101196963841
0.5,0.2,0.9,serial_last:A:k7,0.1,2.0,2.0,0.9502075434041344,0.09000134929285121,0.9000134929285121,0.007160821404134321,0.0,0.09000134929285121
0.5,0.5,0,alone:H:k0,0.2,1.0,1.0,1.0,0.2,1.0,0.0,0.0,0.2
0.5,0.5,0,alone:A:k0,0.1,0.25,0.25,1.0,0.1,1.0,0.0,0.0,0.1
0.5,0.5,0,exposed_vote:H:k1,0.17500000000000002,1.25,1.25,0.8700000000000001,0.11000000000000001,0.55,0.13,0.0,0.11000000000000001
0.5,0.5,0,blind_vote:H:k1,0.15000000000000002,1.3,1.3,0.7400000000000001,0.019999999999999997,0.09999999999999998,0.0,0.0,0.019999999999999997
0.5,0.5,0,echo_gate:H:k1,0.136,1.38,2.25,0.8700000000000001,0.11000000000000001,0.55,0.13,0.1299999999999999,0.11000000000000001
0.5,0.5,0,blind_gate:H:k1,0.07199999999999998,1.56,2.3,0.7400000000000001,0.019999999999999997,0.09999999999999998,0.0,0.2599999999999999,0.019999999999999997
0.5,0.5,0,audit_gate:H:k1,0.15200000000000002,1.5975,2.25,0.8700000000000001,0.11000000000000001,0.55,0.13,0.3474999999999999,0.08250000000000002
0.5,0.5,0,serial_last:H:k1,0.15000000000000002,1.25,1.25,0.8700000000000001,0.11000000000000001,0.55,0.13,0.0,0.11000000000000001
0.5,0.5,0,exposed_vote:H:k2,0.16150000000000003,1.5,1.5,0.7825000000000002,0.060500000000000005,0.3025,0.13250000000000006,0.0,0.060500000000000005
0.5,0.5,0,blind_vote:H:k2,0.046,1.6,1.6,0.6500000000000001,0.001999999999999999,0.009999999999999995,0.0,0.0,0.001999999999999999
0.5,0.5,0,echo_gate:H:k2,0.10399999999999997,1.7174999999999998,2.5,0.7825000000000002,0.060500000000000005,0.3025,0.13250000000000006,0.2174999999999998,0.060500000000000005
0.5,0.5,0,blind_gate:H:k2,0.07199999999999998,1.95,2.6,0.6500000000000001,0.001999999999999999,0.009999999999999995,0.0,0.34999999999999987,0.001999999999999999
0.5,0.5,0,audit_gate:H:k2,0.12799999999999997,1.913125,2.5,0.7825000000000002,0.060500000000000005,0.3025,0.13250000000000006,0.41312499999999985,0.045375000000000006
0.5,0.5,0,serial_last:H:k2,0.125,1.5,1.5,0.7825000000000002,0.060500000000000005,0.3025,0.13250000000000006,0.0,0.060500000000000005
0.5,0.5,0,exposed_vote:H:k3,0.1513125,1.75,1.75,0.7191750000000001,0.033275,0.166375,0.1357750000000001,0.0,0.033275
0.5,0.5,0,blind_vote:H:k3,0.041499999999999995,1.9,1.9,0.5834,0.00019999999999999987,0.0009999999999999994,0.0,0.0,0.00019999999999999987
0.5,0.5,0,echo_gate:H:k3,0.08943999999999998,2.030825,2.75,0.7191750000000001,0.033275,0.166375,0.1357750000000001,0.2808249999999999,0.033275
0.5,0.5,0,blind_gate:H:k3,0.08352000000000001,2.3165999999999998,2.9,0.5834,0.00019999999999999987,0.0009999999999999994,0.0,0.41659999999999997,0.00019999999999999987
0.5,0.5,0,audit_gate:H:k3,0.11707999999999998,2.21061875,2.75,0.7191750000000001,0.033275,0.166375,0.1357750000000001,0.46061874999999985,0.02495625
0.5,0.5,0,serial_last:H:k3,0.11250000000000002,1.75,1.75,0.7191750000000001,0.033275,0.166375,0.1357750000000001,0.0,0.033275
0.5,0.5,0,exposed_vote:H:k4,0.15208875,2.0,2.0,0.66990625,0.018301249999999998,0.09150624999999998,0.14500625,0.0,0.018301249999999998
0.5,0.5,0,blind_vote:H:k4,0.013419999999999994,2.2,2.2,0.5249,1.9999999999999985e-05,9.999999999999992e-05,0.0,0.0,1.9999999999999985e-05
0.5,0.5,0,echo_gate:H:k4,0.08432,2.33009375,3.0,0.66990625,0.018301249999999998,0.09150624999999998,0.14500625,0.33009374999999996,0.018301249999999998
0.5,0.5,0,blind_gate:H:k4,0.09504,2.6751,3.2,0.5249,1.9999999999999985e-05,9.999999999999992e-05,0.0,0.47509999999999997,1.9999999999999985e-05
0.5,0.5,0,audit_gate:H:k4,0.11324,2.4975703124999997,3.0,0.66990625,0.018301249999999998,0.09150624999999998,0.14500625,0.49757031249999994,0.013725937499999999
0.5,0.5,0,serial_last:H:k4,0.10625000000000001,2.0,2.0,0.66990625,0.018301249999999998,0.09150624999999998,0.14500625,0.0,0.018301249999999998
0.5,0.5,0,exposed_vote:H:k5,0.14666593749999998,2.25,2.25,0.6290904375,0.0100656875,0.050328437499999996,0.15669643749999995,0.0,0.0100656875
0.5,0.5,0,blind_vote:H:k5,0.012609999999999993,2.5,2.5,0.4723940000000001,1.999999999999998e-06,9.999999999999989e-06,0.0,0.0,1.999999999999998e-06
0.5,0.5,0,echo_gate:H:k5,0.08424759999999999,2.6209095625,3.25,0.6290904375,0.0100656875,0.050328437499999996,0.15669643749999995,0.37090956249999996,0.0100656875
0.5,0.5,0,blind_gate:H:k5,0.10552319999999998,3.027606,3.5,0.4723940000000001,1.999999999999998e-06,9.999999999999989e-06,0.0,0.5276059999999999,1.999999999999998e-06
0.5,0.5,0,audit_gate:H:k5,0.11318569999999999,2.7781821718749997,3.25,0.6290904375,0.0100656875,0.050328437499999996,0.15669643749999995,0.5281821718749999,0.007549265625
0.5,0.5,0,serial_last:H:k5,0.10312500000000001,2.25,2.25,0.6290904375,0.0100656875,0.050328437499999996,0.15669643749999995,0.0,0.0100656875
0.5,0.5,0,exposed_vote:H:k6,0.14901634375,2.5,2.5,0.593609640625,0.0055361281249999995,0.027680640624999996,0.16845664062499993,0.0,0.0055361281249999995
0.5,0.5,0,blind_vote:H:k6,0.004185999999999997,2.8,2.8,0.42515300000000006,1.9999999999999975e-07,9.999999999999987e-07,0.0,0.0,1.9999999999999975e-07
0.5,0.5,0,echo_gate:H:k6,0.08681420000000001,2.906390359375,3.5,0.593609640625,0.0055361281249999995,0.027680640624999996,0.16845664062499993,0.406390359375,0.0055361281249999995
0.5,0.5,0,blind_gate:H:k6,0.11496959999999999,3.374847,3.8,0.42515300000000006,1.9999999999999975e-07,9.999999999999987e-07,0.0,0.5748469999999999,1.9999999999999975e-07
0.5,0.5,0,audit_gate:H:k6,0.11511065000000001,3.0547927695312502,3.5,0.593609640625,0.0055361281249999995,0.027680640624999996,0.16845664062499993,0.55479276953125,0.00415209609375
0.5,0.5,0,serial_last:H:k6,0.1015625,2.5,2.5,0.593609640625,0.0055361281249999995,0.027680640624999996,0.16845664062499993,0.0,0.0055361281249999995
0.5,0.5,0,exposed_vote:H:k7,0.14561585351562498,2.75,2.75,0.5617147073437501,0.0030448704687499996,0.015224352343749997,0.17907716734375,0.0,0.0030448704687499996
0.5,0.5,0,blind_vote:H:k7,0.004003749999999998,3.1,3.1,0.38263754000000005,1.999999999999997e-08,9.999999999999985e-08,0.0,0.0,1.999999999999997e-08
0.5,0.5,0,echo_gate:H:k7,0.090701929,3.18828529265625,3.75,0.5617147073437501,0.0030448704687499996,0.015224352343749997,0.17907716734375,0.43828529265624994,0.0030448704687499996
0.5,0.5,0,blind_gate:H:k7,0.12347251199999999,3.71736246,4.1,0.38263754000000005,1.999999999999997e-08,9.999999999999985e-08,0.0,0.61736246,1.999999999999997e-08
0.5,0.5,0,audit_gate:H:k7,0.11802644675,3.3287139694921875,3.75,0.5617147073437501,0.0030448704687499996,0.015224352343749997,0.17907716734375,0.5787139694921875,0.0022836528515625
0.5,0.5,0,serial_last:H:k7,0.10078125,2.75,2.75,0.5617147073437501,0.0030448704687499996,0.015224352343749997,0.17907716734375,0.0,0.0030448704687499996
0.5,0.5,0,exposed_vote:A:k1,0.1,0.5,0.5,0.91,0.05500000000000001,0.55,0.08999999999999997,0.0,0.05500000000000001
0.5,0.5,0,blind_vote:A:k1,0.1,0.55,0.55,0.8200000000000001,0.009999999999999998,0.09999999999999998,0.0,0.0,0.009999999999999998
0.5,0.5,0,echo_gate:A:k1,0.07300000000000001,0.59,1.5,0.91,0.05500000000000001,0.55,0.08999999999999997,0.08999999999999997,0.05500000000000001
0.5,0.5,0,blind_gate:A:k1,0.045999999999999985,0.73,1.55,0.8200000000000001,0.009999999999999998,0.09999999999999998,0.0,0.17999999999999994,0.009999999999999998
0.5,0.5,0,audit_gate:A:k1,0.10475000000000001,0.8175,1.5,0.91,0.05500000000000001,0.55,0.08999999999999997,0.3175,0.04125000000000001
0.5,0.5,0,serial_last:A:k1,0.1,0.5,0.5,0.91,0.05500000000000001,0.55,0.08999999999999997,0.0,0.05500000000000001
0.5,0.5,0,exposed_vote:A:k2,0.08200000000000002,0.75,0.75,0.8425,0.030250000000000003,0.3025,0.11249999999999993,0.0,0.030250000000000003
0.5,0.5,0,blind_vote:A:k2,0.027999999999999997,0.85,0.85,0.7300000000000001,0.0009999999999999996,0.009999999999999995,0.0,0.0,0.0009999999999999996
0.5,0.5,0,echo_gate:A:k2,0.06175,0.9075,1.75,0.8425,0.030250000000000003,0.3025,0.11249999999999993,0.15749999999999997,0.030250000000000003
0.5,0.5,0,blind_gate:A:k2,0.054999999999999986,1.1199999999999999,1.85,0.7300000000000001,0.0009999999999999996,0.009999999999999995,0.0,0.2699999999999999,0.0009999999999999996
0.5,0.5,0,audit_gate:A:k2,0.09631250000000001,1.118125,1.75,0.8425,0.030250000000000003,0.3025,0.11249999999999993,0.36812500000000004,0.022687500000000003
0.5,0.5,0,serial_last:A:k2,0.1,0.75,0.75,0.8425,0.030250000000000003,0.3025,0.11249999999999993,0.0,0.030250000000000003
0.5,0.5,0,exposed_vote:A:k3,0.07749999999999999,1.0,1.0,0.7882750000000001,0.0166375,0.166375,0.13207499999999994,0.0,0.0166375
0.5,0.5,0,blind_vote:A:k3,0.02799999999999999,1.15,1.15,0.6562000000000001,9.999999999999994e-05,0.0009999999999999994,0.0,0.0,9.999999999999994e-05
0.5,0.5,0,echo_gate:A:k3,0.05898249999999999,1.211725,2.0,0.7882750000000001,0.0166375,0.166375,0.13207499999999994,0.21172499999999994,0.0166375
0.5,0.5,0,blind_gate:A:k3,0.06885999999999998,1.4937999999999998,2.15,0.6562000000000001,9.999999999999994e-05,0.0009999999999999994,0.0,0.3437999999999999,9.999999999999994e-05
0.5,0.5,0,audit_gate:A:k3,0.094236875,1.40879375,2.0,0.7882750000000001,0.0166375,0.166375,0.13207499999999994,0.40879374999999996,0.012478125
0.5,0.5,0,serial_last:A:k3,0.1,1.0,1.0,0.7882750000000001,0.0166375,0.166375,0.13207499999999994,0.0,0.0166375
0.5,0.5,0,exposed_vote:A:k4,0.07628499999999999,1.25,1.25,0.7422062500000001,0.009150624999999999,0.09150624999999998,0.15170625000000004,0.0,0.009150624999999999
0.5,0.5,0,blind_vote:A:k4,0.008559999999999995,1.45,1.45,0.5905,9.999999999999992e-06,9.999999999999992e-05,0.0,0.0,9.999999999999992e-06
0.5,0.5,0,echo_gate:A:k4,0.06070937499999998,1.5077937499999998,2.25,0.7422062500000001,0.009150624999999999,0.09150624999999998,0.15170625000000004,0.25779374999999993,0.009150624999999999
0.5,0.5,0,blind_gate:A:k4,0.08191,1.8595,2.45,0.5905,9.999999999999992e-06,9.999999999999992e-05,0.0,0.4095,9.999999999999992e-06
0.5,0.5,0,audit_gate:A:k4,0.09553203125000001,1.6933453125,2.25,0.7422062500000001,0.009150624999999999,0.09150624999999998,0.15170625000000004,0.4433453125,0.006862968749999999
0.5,0.5,0,serial_last:A:k4,0.1,1.25,1.25,0.7422062500000001,0.009150624999999999,0.09150624999999998,0.15170625000000004,0.0,0.009150624999999999
0.5,0.5,0,exposed_vote:A:k5,0.07362999999999999,1.5,1.5,0.7014356875000001,0.00503284375,0.050328437499999996,0.1699936875,0.0,0.00503284375
0.5,0.5,0,blind_vote:A:k5,0.008559999999999996,1.75,1.75,0.5314420000000001,9.99999999999999e-07,9.999999999999989e-06,0.0,0.0,9.99999999999999e-07
0.5,0.5,0,echo_gate:A:k5,0.06474570624999999,1.7985643125,2.5,0.7014356875000001,0.00503284375,0.050328437499999996,0.1699936875,0.29856431249999993,0.00503284375
0.5,0.5,0,blind_gate:A:k5,0.0937126,2.218558,2.75,0.5314420000000001,9.99999999999999e-07,9.999999999999989e-06,0.0,0.4685579999999999,9.99999999999999e-07
0.5,0.5,0,audit_gate:A:k5,0.09855927968749999,1.973923234375,2.5,0.7014356875000001,0.00503284375,0.050328437499999996,0.1699936875,0.47392323437499995,0.0037746328125
0.5,0.5,0,serial_last:A:k5,0.1,1.5,1.5,0.7014356875000001,0.00503284375,0.050328437499999996,0.1699936875,0.0,0.00503284375
0.5,0.5,0,exposed_vote:A:k6,0.074551375,1.75,1.75,0.6643507656250001,0.0027680640624999997,0.027680640624999996,0.18605376562499998,0.0,0.0027680640624999997
0.5,0.5,0,blind_vote:A:k6,0.0027279999999999982,2.05,2.05,0.4782970000000001,9.999999999999988e-08,9.999999999999987e-07,0.0,0.0,9.999999999999988e-08
0.5,0.5,0,echo_gate:A:k6,0.0698979109375,2.085649234375,2.75,0.6643507656250001,0.0027680640624999997,0.027680640624999996,0.18605376562499998,0.33564923437499994,0.0027680640624999997
0.5,0.5,0,blind_gate:A:k6,0.1043407,2.571703,3.05,0.4782970000000001,9.999999999999988e-08,9.999999999999987e-07,0.0,0.5217029999999999,9.999999999999988e-08
0.5,0.5,0,audit_gate:A:k6,0.102423433203125,2.25173692578125,2.75,0.6643507656250001,0.0027680640624999997,0.027680640624999996,0.18605376562499998,0.50173692578125,0.002076048046875
0.5,0.5,0,serial_last:A:k6,0.1,1.75,1.75,0.6643507656250001,0.0027680640624999997,0.027680640624999996,0.18605376562499998,0.0,0.0027680640624999997
0.5,0.5,0,exposed_vote:A:k7,0.07285782812500002,2.0,2.0,0.63002600171875,0.0015224352343749998,0.015224352343749997,0.1995587817187499,0.0,0.0015224352343749998
0.5,0.5,0,blind_vote:A:k7,0.0027279999999999982,2.35,2.35,0.4304672200000001,9.999999999999985e-09,9.999999999999985e-08,0.0,0.0,9.999999999999985e-09
0.5,0.5,0,echo_gate:A:k7,0.07551723489062499,2.36997399828125,3.0,0.63002600171875,0.0015224352343749998,0.015224352343749997,0.1995587817187499,0.36997399828125,0.0015224352343749998
0.5,0.5,0,blind_gate:A:k7,0.11390656599999997,2.91953278,3.35,0.4304672200000001,9.999999999999985e-09,9.999999999999985e-08,0.0,0.5695327799999998,9.999999999999985e-09
0.5,0.5,0,audit_gate:A:k7,0.10663792616796876,2.5274804987109376,3.0,0.63002600171875,0.0015224352343749998,0.015224352343749997,0.1995587817187499,0.5274804987109375,0.00114182642578125
0.5,0.5,0,serial_last:A:k7,0.1,2.0,2.0,0.63002600171875,0.0015224352343749998,0.015224352343749997,0.1995587817187499,0.0,0.0015224352343749998
0.5,0.5,0.5,alone:H:k0,0.2,1.0,1.0,1.0,0.2,1.0,0.0,0.0,0.2
0.5,0.5,0.5,alone:A:k0,0.1,0.25,0.25,1.0,0.1,1.0,0.0,0.0,0.1
0.5,0.5,0.5,exposed_vote:H:k1,0.17500000000000002,1.25,1.25,0.8700000000000001,0.11000000000000001,0.55,0.13,0.0,0.11000000000000001
0.5,0.5,0.5,blind_vote:H:k1,0.15000000000000002,1.3,1.3,0.7400000000000001,0.02,0.09999999999999999,0.0,0.0,0.02
0.5,0.5,0.5,echo_gate:H:k1,0.136,1.38,2.25,0.8700000000000001,0.11000000000000001,0.55,0.13,0.1299999999999999,0.11000000000000001
0.5,0.5,0.5,blind_gate:H:k1,0.07199999999999998,1.56,2.3,0.7400000000000001,0.02,0.09999999999999999,0.0,0.2599999999999999,0.02
0.5,0.5,0.5,audit_gate:H:k1,0.15200000000000002,1.5975,2.25,0.8700000000000001,0.11000000000000001,0.55,0.13,0.3474999999999999,0.08250000000000002
0.5,0.5,0.5,serial_last:H:k1,0.15000000000000002,1.25,1.25,0.8700000000000001,0.11000000000000001,0.55,0.13,0.0,0.11000000000000001
0.5,0.5,0.5,exposed_vote:H:k2,0.16825,1.5,1.5,0.7937500000000001,0.06275,0.31375,0.09875,0.0,0.06275
0.5,0.5,0.5,blind_vote:H:k2,0.07300000000000001,1.6,1.6,0.6950000000000001,0.011000000000000001,0.055,0.0,0.0,0.011000000000000001
0.5,0.5,0.5,echo_gate:H:k2,0.10399999999999998,1.7062499999999998,2.5,0.7937500000000001,0.06275,0.31375,0.09875,0.20624999999999993,0.06275
0.5,0.5,0.5,blind_gate:H:k2,0.072,1.905,2.6,0.6950000000000001,0.011000000000000001,0.055,0.0,0.30499999999999994,0.011000000000000001
0.5,0.5,0.5,audit_gate:H:k2,0.128,1.9046875,2.5,0.7937500000000001,0.06275,0.31375,0.09875,0.4046875,0.0470625
0.5,0.5,0.5,serial_last:H:k2,0.125,1.5,1.5,0.7937500000000001,0.06275,0.31375,0.09875,0.0,0.06275
0.5,0.5,0.5,exposed_vote:H:k3,0.16003124999999999,1.75,1.75,0.7458375,0.037887500000000005,0.1894375,0.08413749999999998,0.0,0.037887500000000005
0.5,0.5,0.5,blind_vote:H:k3,0.07075000000000001,1.9,1.9,0.6617000000000001,0.010100000000000001,0.0505,0.0,0.0,0.010100000000000001
0.5,0.5,0.5,echo_gate:H:k3,0.08872,2.0041625,2.75,0.7458375,0.037887500000000005,0.1894375,0.08413749999999998,0.25416249999999996,0.037887500000000005
0.5,0.5,0.5,blind_gate:H:k3,0.07775999999999998,2.2382999999999997,2.9,0.6617000000000001,0.010100000000000001,0.0505,0.0,0.33829999999999993,0.010100000000000001
0.5,0.5,0.5,audit_gate:H:k3,0.11653999999999999,2.1906218749999997,2.75,0.7458375,0.037887500000000005,0.1894375,0.08413749999999998,0.44062187499999994,0.028415625000000003
0.5,0.5,0.5,serial_last:H:k3,0.11250000000000002,1.75,1.75,0.7458375,0.037887500000000005,0.1894375,0.08413749999999998,0.0,0.037887500000000005
0.5,0.5,0.5,exposed_vote:H:k4,0.16041937500000003,2.0,2.0,0.7130781250000001,0.024775625000000003,0.123878125,0.08062812500000005,0.0,0.024775625000000003
0.5,0.5,0.5,blind_vote:H:k4,0.05671,2.2,2.2,0.6324500000000001,0.010010000000000002,0.050050000000000004,0.0,0.0,0.010010000000000002
0.5,0.5,0.5,echo_gate:H:k4,0.08215999999999998,2.286921875,3.0,0.7130781250000001,0.024775625000000003,0.123878125,0.08062812500000005,0.2869218749999999,0.024775625000000003
0.5,0.5,0.5,blind_gate:H:k4,0.08352,2.56755,3.2,0.6324500000000001,0.010010000000000002,0.050050000000000004,0.0,0.36754999999999993,0.010010000000000002
0.5,0.5,0.5,audit_gate:H:k4,0.11161999999999998,2.4651914062499998,3.0,0.7130781250000001,0.024775625000000003,0.123878125,0.08062812500000005,0.4651914062499999,0.018581718750000004
0.5,0.5,0.5,serial_last:H:k4,0.10625000000000001,2.0,2.0,0.7130781250000001,0.024775625000000003,0.123878125,0.08062812500000005,0.0,0.024775625000000003
0.5,0.5,0.5,exposed_vote:H:k5,0.15614546875,2.25,2.25,0.68860771875,0.017845343750000003,0.08922671875,0.08241071874999994,0.0,0.017845343750000003
0.5,0.5,0.5,blind_vote:H:k5,0.056305,2.5,2.5,0.6061970000000001,0.010001000000000001,0.050005,0.0,0.0,0.010001000000000001
0.5,0.5,0.5,echo_gate:H:k5,0.0801238,2.56139228125,3.25,0.68860771875,0.017845343750000003,0.08922671875,0.08241071874999994,0.31139228124999996,0.017845343750000003
0.5,0.5,0.5,blind_gate:H:k5,0.08876159999999998,2.893803,3.5,0.6061970000000001,0.010001000000000001,0.050005,0.0,0.3938029999999999,0.010001000000000001
0.5,0.5,0.5,audit_gate:H:k5,0.11009285,2.7335442109375,3.25,0.68860771875,0.017845343750000003,0.08922671875,0.08241071874999994,0.4835442109375,0.013384007812500001
0.5,0.5,0.5,serial_last:H:k5,0.10312500000000001,2.25,2.25,0.68860771875,0.017845343750000003,0.08922671875,0.08241071874999994,0.0,0.017845343750000003
0.5,0.5,0.5,exposed_vote:H:k6,0.157320671875,2.5,2.5,0.6688360703125,0.0141743140625,0.07087157031249999,0.08625957031250009,0.0,0.0141743140625
0.5,0.5,0.5,blind_vote:H:k6,0.052093,2.8,2.8,0.5825764999999999,0.010000100000000001,0.0500005,0.0,0.0,0.010000100000000001
0.5,0.5,0.5,echo_gate:H:k6,0.0804071,2.8311639296875,3.5,0.6688360703125,0.0141743140625,0.07087157031249999,0.08625957031250009,0.33116392968749997,0.0141743140625
0.5,0.5,0.5,blind_gate:H:k6,0.09348480000000002,3.2174234999999998,3.8,0.5825764999999999,0.010000100000000001,0.0500005,0.0,0.41742350000000006,0.010000100000000001
0.5,0.5,0.5,audit_gate:H:k6,0.11030532500000001,2.998372947265625,3.5,0.6688360703125,0.0141743140625,0.07087157031249999,0.08625957031250009,0.498372947265625,0.010630735546875
0.5,0.5,0.5,serial_last:H:k6,0.1015625,2.5,2.5,0.6688360703125,0.0141743140625,0.07087157031249999,0.08625957031250009,0.0,0.0141743140625
0.5,0.5,0.5,exposed_vote:H:k7,0.15464386425781257,2.75,2.75,0.651872978671875,0.012225560234375,0.061127801171874996,0.09055420867187502,0.0,0.012225560234375
0.5,0.5,0.5,blind_vote:H:k7,0.052001875,3.1,3.1,0.56131877,0.010000010000000002,0.050000050000000004,0.0,0.0,0.010000010000000002
0.5,0.5,0.5,echo_gate:H:k7,0.08185096450000001,3.098127021328125,3.75,0.651872978671875,0.012225560234375,0.061127801171874996,0.09055420867187502,0.348127021328125,0.012225560234375
0.5,0.5,0.5,blind_gate:H:k7,0.09773625600000002,3.53868123,4.1,0.56131877,0.010000010000000002,0.050000050000000004,0.0,0.43868123000000003,0.010000010000000002
0.5,0.5,0.5,audit_gate:H:k7,0.11138822337500001,3.2610952659960937,3.75,0.651872978671875,0.012225560234375,0.061127801171874996,0.09055420867187502,0.5110952659960938,0.00916917017578125
0.5,0.5,0.5,serial_last:H:k7,0.10078125,2.75,2.75,0.651872978671875,0.012225560234375,0.061127801171874996,0.09055420867187502,0.0,0.012225560234375
0.5,0.5,0.5,exposed_vote:A:k1,0.1,0.5,0.5,0.955,0.0775,0.7749999999999999,0.04499999999999993,0.0,0.0775
0.5,0.5,0.5,blind_vote:A:k1,0.09999999999999999,0.55,0.55,0.91,0.055,0.5499999999999999,0.0,0.0,0.055
0.5,0.5,0.5,echo_gate:A:k1,0.08650000000000001,0.545,1.5,0.955,0.0775,0.7749999999999999,0.04499999999999993,0.04500000000000004,0.0775
0.5,0.5,0.5,blind_gate:A:k1,0.073,0.64,1.55,0.91,0.055,0.5499999999999999,0.0,0.08999999999999997,0.055
0.5,0.5,0.5,audit_gate:A:k1,0.114875,0.7837500000000001,1.5,0.955,0.0775,0.7749999999999999,0.04499999999999993,0.28375000000000006,0.058124999999999996
0.5,0.5,0.5,serial_last:A:k1,0.1,0.5,0.5,0.955,0.0775,0.7749999999999999,0.04499999999999993,0.0,0.0775
0.5,0.5,0.5,exposed_vote:A:k2,0.09100000000000001,0.75,0.75,0.92125,0.065125,0.65125,0.05625000000000002,0.0,0.065125
0.5,0.5,0.5,blind_vote:A:k2,0.064,0.85,0.85,0.865,0.0505,0.505,0.0,0.0,0.0505
0.5,0.5,0.5,echo_gate:A:k2,0.080875,0.82875,1.75,0.92125,0.065125,0.65125,0.05625000000000002,0.07874999999999999,0.065125
0.5,0.5,0.5,blind_gate:A:k2,0.07750000000000001,0.985,1.85,0.865,0.0505,0.505,0.0,0.135,0.0505
0.5,0.5,0.5,audit_gate:A:k2,0.11065625000000001,1.0590625,1.75,0.92125,0.065125,0.65125,0.05625000000000002,0.3090625,0.048843750000000005
0.5,0.5,0.5,serial_last:A:k2,0.1,0.75,0.75,0.92125,0.065125,0.65125,0.05625000000000002,0.0,0.065125
0.5,0.5,0.5,exposed_vote:A:k3,0.08874999999999998,1.0,1.0,0.8941375000000001,0.05831875,0.5831875,0.06603749999999997,0.0,0.05831875
0.5,0.5,0.5,blind_vote:A:k3,0.064,1.15,1.15,0.8281000000000002,0.050050000000000004,0.5005000000000001,0.0,0.0,0.050050000000000004
0.5,0.5,0.5,echo_gate:A:k3,0.07949124999999997,1.1058624999999997,2.0,0.8941375000000001,0.05831875,0.5831875,0.06603749999999997,0.10586249999999986,0.05831875
0.5,0.5,0.5,blind_gate:A:k3,0.08442999999999998,1.3218999999999999,2.15,0.8281000000000002,0.050050000000000004,0.5005000000000001,0.0,0.17189999999999983,0.050050000000000004
0.5,0.5,0.5,audit_gate:A:k3,0.1096184375,1.329396875,2.0,0.8941375000000001,0.05831875,0.5831875,0.06603749999999997,0.3293968749999999,0.0437390625
0.5,0.5,0.5,serial_last:A:k3,0.1,1.0,1.0,0.8941375000000001,0.05831875,0.5831875,0.06603749999999997,0.0,0.05831875
0.5,0.5,0.5,exposed_vote:A:k4,0.08814250000000001,1.25,1.25,0.8711031250000001,0.054575312499999994,0.545753125,0.07585312500000008,0.0,0.054575312499999994
0.5,0.5,0.5,blind_vote:A:k4,0.05428,1.45,1.45,0.79525,0.050005,0.50005,0.0,0.0,0.050005
0.5,0.5,0.5,echo_gate:A:k4,0.08035468749999998,1.378896875,2.25,0.8711031250000001,0.054575312499999994,0.545753125,0.07585312500000008,0.1288968749999999,0.054575312499999994
0.5,0.5,0.5,blind_gate:A:k4,0.09095500000000001,1.65475,2.45,0.79525,0.050005,0.50005,0.0,0.20475,0.050005
0.5,0.5,0.5,audit_gate:A:k4,0.11026601562499999,1.59667265625,2.25,0.8711031250000001,0.054575312499999994,0.545753125,0.07585312500000008,0.34667265625,0.040931484374999993
0.5,0.5,0.5,serial_last:A:k4,0.1,1.25,1.25,0.8711031250000001,0.054575312499999994,0.545753125,0.07585312500000008,0.0,0.054575312499999994
0.5,0.5,0.5,exposed_vote:A:k5,0.086815,1.5,1.5,0.8507178437499999,0.052516421875,0.52516421875,0.08499684374999994,0.0,0.052516421875
0.5,0.5,0.5,blind_vote:A:k5,0.05428,1.75,1.75,0.765721,0.0500005,0.500005,0.0,0.0,0.0500005
0.5,0.5,0.5,echo_gate:A:k5,0.082372853125,1.64928215625,2.5,0.8507178437499999,0.052516421875,0.52516421875,0.08499684374999994,0.14928215625000008,0.052516421875
0.5,0.5,0.5,blind_gate:A:k5,0.0968563,1.984279,2.75,0.765721,0.0500005,0.500005,0.0,0.23427900000000002,0.0500005
0.5,0.5,0.5,audit_gate:A:k5,0.11177963984375001,1.8619616171875002,2.5,0.8507178437499999,0.052516421875,0.52516421875,0.08499684374999994,0.3619616171875001,0.03938731640625
0.5,0.5,0.5,serial_last:A:k5,0.1,1.5,1.5,0.8507178437499999,0.052516421875,0.52516421875,0.08499684374999994,0.0,0.052516421875
0.5,0.5,0.5,exposed_vote:A:k6,0.08727568749999999,1.75,1.75,0.8321753828125,0.05138403203125,0.5138403203124999,0.09302688281250004,0.0,0.05138403203125
0.5,0.5,0.5,blind_vote:A:k6,0.051364,2.05,2.05,0.7391485,0.050000050000000004,0.5000005,0.0,0.0,0.050000050000000004
0.5,0.5,0.5,echo_gate:A:k6,0.08494895546875,1.9178246171875,2.75,0.8321753828125,0.05138403203125,0.5138403203124999,0.09302688281250004,0.16782461718749997,0.05138403203125
0.5,0.5,0.5,blind_gate:A:k6,0.10217035000000001,2.3108515,3.05,0.7391485,0.050000050000000004,0.5000005,0.0,0.2608515,0.050000050000000004
0.5,0.5,0.5,audit_gate:A:k6,0.11371171660156251,2.125868462890625,2.75,0.8321753828125,0.05138403203125,0.5138403203124999,0.09302688281250004,0.37586846289062503,0.0385380240234375
0.5,0.5,0.5,serial_last:A:k6,0.1,1.75,1.75,0.8321753828125,0.05138403203125,0.5138403203124999,0.09302688281250004,0.0,0.05138403203125
0.5,0.5,0.5,exposed_vote:A:k7,0.08642891406249996,2.0,2.0,0.815013000859375,0.0507612176171875,0.5076121761718749,0.09977939085937493,0.0,0.0507612176171875
0.5,0.5,0.5,blind_vote:A:k7,0.05136399999999999,2.35,2.35,0.7152336100000001,0.050000005,0.5000000499999999,0.0,0.0,0.050000005
0.5,0.5,0.5,echo_gate:A:k7,0.08775861744531249,2.1849869991406248,3.0,0.815013000859375,0.0507612176171875,0.5076121761718749,0.09977939085937493,0.184986999140625,0.0507612176171875
0.5,0.5,0.5,blind_gate:A:k7,0.10695328299999998,2.6347663900000002,3.35,0.7152336100000001,0.050000005,0.5000000499999999,0.0,0.2847663899999999,0.050000005
0.5,0.5,0.5,audit_gate:A:k7,0.1158189630839844,2.388740249355469,3.0,0.815013000859375,0.0507612176171875,0.5076121761718749,0.09977939085937493,0.3887402493554688,0.03807091321289063
0.5,0.5,0.5,serial_last:A:k7,0.1,2.0,2.0,0.815013000859375,0.0507612176171875,0.5076121761718749,0.09977939085937493,0.0,0.0507612176171875
0.5,0.5,0.9,alone:H:k0,0.2,1.0,1.0,1.0,0.2,1.0,0.0,0.0,0.2
0.5,0.5,0.9,alone:A:k0,0.1,0.25,0.25,1.0,0.1,1.0,0.0,0.0,0.1
0.5,0.5,0.9,exposed_vote:H:k1,0.17500000000000004,1.25,1.25,0.8700000000000001,0.11000000000000001,0.55,0.13,0.0,0.11000000000000001
0.5,0.5,0.9,blind_vote:H:k1,0.15000000000000002,1.3,1.3,0.7400000000000001,0.020000000000000004,0.10000000000000002,0.0,0.0,0.020000000000000004
0.5,0.5,0.9,echo_gate:H:k1,0.136,1.38,2.25,0.8700000000000001,0.11000000000000001,0.55,0.13,0.1299999999999999,0.11000000000000001
0.5,0.5,0.9,blind_gate:H:k1,0.07199999999999998,1.56,2.3,0.7400000000000001,0.020000000000000004,0.10000000000000002,0.0,0.2599999999999999,0.020000000000000004
0.5,0.5,0.9,audit_gate:H:k1,0.15200000000000002,1.5975,2.25,0.8700000000000001,0.11000000000000001,0.55,0.13,0.3474999999999999,0.08250000000000002
0.5,0.5,0.9,serial_last:H:k1,0.15000000000000002,1.25,1.25,0.8700000000000001,0.11000000000000001,0.55,0.13,0.0,0.11000000000000001
0.5,0.5,0.9,exposed_vote:H:k2,0.17365000000000003,1.5,1.5,0.8027500000000001,0.06455000000000001,0.32275000000000004,0.07174999999999998,0.0,0.06455000000000001
0.5,0.5,0.9,blind_vote:H:k2,0.09460000000000002,1.6,1.6,0.7310000000000001,0.018200000000000004,0.09100000000000001,0.0,0.0,0.018200000000000004
0.5,0.5,0.9,echo_gate:H:k2,0.104,1.69725,2.5,0.8027500000000001,0.06455000000000001,0.32275000000000004,0.07174999999999998,0.19724999999999993,0.06455000000000001
0.5,0.5,0.9,blind_gate:H:k2,0.072,1.869,2.6,0.7310000000000001,0.018200000000000004,0.09100000000000001,0.0,0.2689999999999999,0.018200000000000004
0.5,0.5,0.9,audit_gate:H:k2,0.128,1.8979374999999998,2.5,0.8027500000000001,0.06455000000000001,0.32275000000000004,0.07174999999999998,0.39793749999999994,0.04841250000000001
0.5,0.5,0.9,serial_last:H:k2,0.125,1.5,1.5,0.8027500000000001,0.06455000000000001,0.32275000000000004,0.07174999999999998,0.0,0.06455000000000001
0.5,0.5,0.9,exposed_vote:H:k3,0.16700625,1.75,1.75,0.7671675000000001,0.0415775,0.2078875,0.04282750000000002,0.0,0.0415775
0.5,0.5,0.9,blind_vote:H:k3,0.09415000000000001,1.9,1.9,0.7243400000000001,0.018020000000000005,0.09010000000000001,0.0,0.0,0.018020000000000005
0.5,0.5,0.9,echo_gate:H:k3,0.08814399999999999,1.9828324999999998,2.75,0.7671675000000001,0.0415775,0.2078875,0.04282750000000002,0.2328324999999999,0.0415775
0.5,0.5,0.9,blind_gate:H:k3,0.073152,2.1756599999999997,2.9,0.7243400000000001,0.018020000000000005,0.09010000000000001,0.0,0.2756599999999999,0.018020000000000005
0.5,0.5,0.9,audit_gate:H:k3,0.116108,2.174624375,2.75,0.7671675000000001,0.0415775,0.2078875,0.04282750000000002,0.42462437499999994,0.031183125000000003
0.5,0.5,0.9,serial_last:H:k3,0.11250000000000002,1.75,1.75,0.7671675000000001,0.0415775,0.2078875,0.04282750000000002,0.0,0.0415775
0.5,0.5,0.9,exposed_vote:H:k4,0.167083875,2.0,2.0,0.747615625,0.029955125000000003,0.149775625,0.029125625000000044,0.0,0.029955125000000003
0.5,0.5,0.9,blind_vote:H:k4,0.09134199999999999,2.2,2.2,0.71849,0.018002,0.09000999999999999,0.0,0.0,0.018002
0.5,0.5,0.9,echo_gate:H:k4,0.080432,2.252384375,3.0,0.747615625,0.029955125000000003,0.149775625,0.029125625000000044,0.252384375,0.029955125000000003
0.5,0.5,0.9,blind_gate:H:k4,0.07430400000000001,2.48151,3.2,0.71849,0.018002,0.09000999999999999,0.0,0.28151000000000004,0.018002
0.5,0.5,0.9,audit_gate:H:k4,0.110324,2.43928828125,3.0,0.747615625,0.029955125000000003,0.149775625,0.029125625000000044,0.43928828124999997,0.022466343750000003
0.5,0.5,0.9,serial_last:H:k4,0.10625000000000001,2.0,2.0,0.747615625,0.029955125000000003,0.149775625,0.029125625000000044,0.0,0.029955125000000003
0.5,0.5,0.9,exposed_vote:H:k5,0.16372909375,2.25,2.25,0.73622154375,0.024069068750000002,0.12034534375,0.02298214374999996,0.0,0.024069068750000002
0.5,0.5,0.9,blind_vote:H:k5,0.09126100000000002,2.5,2.5,0.7132394000000001,0.018000200000000004,0.09000100000000001,0.0,0.0,0.018000200000000004
0.5,0.5,0.9,echo_gate:H:k5,0.07682475999999999,2.51377845625,3.25,0.73622154375,0.024069068750000002,0.12034534375,0.02298214374999996,0.26377845624999996,0.024069068750000002
0.5,0.5,0.9,blind_gate:H:k5,0.07535231999999999,2.7867606,3.5,0.7132394000000001,0.018000200000000004,0.09000100000000001,0.0,0.2867605999999999,0.018000200000000004
0.5,0.5,0.9,audit_gate:H:k5,0.10761857,2.6978338421875,3.25,0.73622154375,0.024069068750000002,0.12034534375,0.02298214374999996,0.4478338421875,0.0180518015625
0.5,0.5,0.9,serial_last:H:k5,0.10312500000000001,2.25,2.25,0.73622154375,0.024069068750000002,0.12034534375,0.02298214374999996,0.0,0.024069068750000002
0.5,0.5,0.9,exposed_vote:H:k6,0.16396413437500001,2.5,2.5,0.7290172140625001,0.0210848628125,0.1054243140625,0.020501914062500015,0.0,0.0210848628125
0.5,0.5,0.9,blind_vote:H:k6,0.09041860000000002,2.8,2.8,0.7085153000000001,0.018000020000000002,0.0900001,0.0,0.0,0.018000020000000002
0.5,0.5,0.9,echo_gate:H:k6,0.07528141999999999,2.7709827859375,3.5,0.7290172140625001,0.0210848628125,0.1054243140625,0.020501914062500015,0.2709827859374999,0.0210848628125
0.5,0.5,0.9,blind_gate:H:k6,0.07629696,3.0914846999999996,3.8,0.7085153000000001,0.018000020000000002,0.0900001,0.0,0.29148469999999993,0.018000020000000002
0.5,0.5,0.9,audit_gate:H:k6,0.106461065,2.953237089453125,3.5,0.7290172140625001,0.0210848628125,0.1054243140625,0.020501914062500015,0.4532370894531249,0.015813647109375002
0.5,0.5,0.9,serial_last:H:k6,0.1015625,2.5,2.5,0.7290172140625001,0.0210848628125,0.1054243140625,0.020501914062500015,0.0,0.0210848628125
0.5,0.5,0.9,exposed_vote:H:k7,0.16186627285156252,2.75,2.75,0.7239995957343751,0.019570112046875004,0.09785056023437502,0.019735841734375037,0.0,0.019570112046875004
0.5,0.5,0.9,blind_vote:H:k7,0.090400375,3.1,3.1,0.7042637540000001,0.018000002,0.09000001,0.0,0.0,0.018000002
0.5,0.5,0.9,echo_gate:H:k7,0.07477019289999998,3.0260004042656248,3.75,0.7239995957343751,0.019570112046875004,0.09785056023437502,0.019735841734375037,0.2760004042656249,0.019570112046875004
0.5,0.5,0.9,blind_gate:H:k7,0.07714725119999999,3.3957362460000002,4.1,0.7042637540000001,0.018000002,0.09000001,0.0,0.2957362459999999,0.018000002
0.5,0.5,0.9,audit_gate:H:k7,0.106077644675,3.2070003031992185,3.75,0.7239995957343751,0.019570112046875004,0.09785056023437502,0.019735841734375037,0.4570003031992187,0.014677584035156253
0.5,0.5,0.9,serial_last:H:k7,0.10078125,2.75,2.75,0.7239995957343751,0.019570112046875004,0.09785056023437502,0.019735841734375037,0.0,0.019570112046875004
0.5,0.5,0.9,exposed_vote:A:k1,0.10000000000000002,0.5,0.5,0.991,0.09550000000000002,0.9550000000000001,0.009000000000000008,0.0,0.09550000000000002
0.5,0.5,0.9,blind_vote:A:k1,0.10000000000000002,0.55,0.55,0.982,0.09100000000000001,0.91,0.0,0.0,0.09100000000000001
0.5,0.5,0.9,echo_gate:A:k1,0.09730000000000001,0.509,1.5,0.991,0.09550000000000002,0.9550000000000001,0.009000000000000008,0.009000000000000008,0.09550000000000002
0.5,0.5,0.9,blind_gate:A:k1,0.09460000000000002,0.5680000000000001,1.55,0.982,0.09100000000000001,0.91,0.0,0.018000000000000016,0.09100000000000001
0.5,0.5,0.9,audit_gate:A:k1,0.12297500000000001,0.75675,1.5,0.991,0.09550000000000002,0.9550000000000001,0.009000000000000008,0.25675000000000003,0.07162500000000001
0.5,0.5,0.9,serial_last:A:k1,0.1,0.5,0.5,0.991,0.09550000000000002,0.9550000000000001,0.009000000000000008,0.0,0.09550000000000002
0.5,0.5,0.9,exposed_vote:A:k2,0.09820000000000001,0.75,0.75,0.9842500000000001,0.09302500000000001,0.93025,0.011249999999999982,0.0,0.09302500000000001
0.5,0.5,0.9,blind_vote:A:k2,0.09280000000000001,0.85,0.85,0.9730000000000001,0.09010000000000001,0.9010000000000001,0.0,0.0,0.09010000000000001
0.5,0.5,0.9,echo_gate:A:k2,0.096175,0.7657499999999999,1.75,0.9842500000000001,0.09302500000000001,0.93025,0.011249999999999982,0.01574999999999993,0.09302500000000001
0.5,0.5,0.9,blind_gate:A:k2,0.0955,0.8769999999999999,1.85,0.9730000000000001,0.09010000000000001,0.9010000000000001,0.0,0.026999999999999913,0.09010000000000001
0.5,0.5,0.9,audit_gate:A:k2,0.12213125000000001,1.0118125,1.75,0.9842500000000001,0.09302500000000001,0.93025,0.011249999999999982,0.2618125,0.06976875
0.5,0.5,0.9,serial_last:A:k2,0.1,0.75,0.75,0.9842500000000001,0.09302500000000001,0.93025,0.011249999999999982,0.0,0.09302500000000001
0.5,0.5,0.9,exposed_vote:A:k3,0.09775,1.0,1.0,0.9788275,0.09166375,0.9166375,0.013207499999999928,0.0,0.09166375
0.5,0.5,0.9,blind_vote:A:k3,0.09280000000000001,1.15,1.15,0.96562,0.09001,0.9001,0.0,0.0,0.09001
0.5,0.5,0.9,echo_gate:A:k3,0.09589825,1.0211725,2.0,0.9788275,0.09166375,0.9166375,0.013207499999999928,0.02117250000000004,0.09166375
0.5,0.5,0.9,blind_gate:A:k3,0.096886,1.18438,2.15,0.96562,0.09001,0.9001,0.0,0.034379999999999966,0.09001
0.5,0.5,0.9,audit_gate:A:k3,0.12192368750000002,1.265879375,2.0,0.9788275,0.09166375,0.9166375,0.013207499999999928,0.26587937500000003,0.0687478125
0.5,0.5,0.9,serial_last:A:k3,0.1,1.0,1.0,0.9788275,0.09166375,0.9166375,0.013207499999999928,0.0,0.09166375
0.5,0.5,0.9,exposed_vote:A:k4,0.0976285,1.25,1.25,0.9742206250000001,0.09091506250000002,0.9091506250000001,0.015170624999999993,0.0,0.09091506250000002
0.5,0.5,0.9,blind_vote:A:k4,0.090856,1.45,1.45,0.9590500000000001,0.09000100000000001,0.9000100000000001,0.0,0.0,0.09000100000000001
0.5,0.5,0.9,echo_gate:A:k4,0.09607093750000001,1.275779375,2.25,0.9742206250000001,0.09091506250000002,0.9091506250000001,0.015170624999999993,0.025779374999999938,0.09091506250000002
0.5,0.5,0.9,blind_gate:A:k4,0.098191,1.4909499999999998,2.45,0.9590500000000001,0.09000100000000001,0.9000100000000001,0.0,0.04094999999999993,0.09000100000000001
0.5,0.5,0.9,audit_gate:A:k4,0.12205320312500001,1.51933453125,2.25,0.9742206250000001,0.09091506250000002,0.9091506250000001,0.015170624999999993,0.26933453124999995,0.06818629687500001
0.5,0.5,0.9,serial_last:A:k4,0.1,1.25,1.25,0.9742206250000001,0.09091506250000002,0.9091506250000001,0.015170624999999993,0.0,0.09091506250000002
0.5,0.5,0.9,exposed_vote:A:k5,0.09736300000000002,1.5,1.5,0.9701435687500001,0.090503284375,0.90503284375,0.016999368749999966,0.0,0.090503284375
0.5,0.5,0.9,blind_vote:A:k5,0.09085600000000002,1.75,1.75,0.9531442000000001,0.09000010000000001,0.900001,0.0,0.0,0.09000010000000001
0.5,0.5,0.9,echo_gate:A:k5,0.09647457062499999,1.5298564312499998,2.5,0.9701435687500001,0.090503284375,0.90503284375,0.016999368749999966,0.029856431249999926,0.090503284375
0.5,0.5,0.9,blind_gate:A:k5,0.09937125999999999,1.7968558,2.75,0.9531442000000001,0.09000010000000001,0.900001,0.0,0.04685579999999989,0.09000010000000001
0.5,0.5,0.9,audit_gate:A:k5,0.12235592796875,1.7723923234374999,2.5,0.9701435687500001,0.090503284375,0.90503284375,0.016999368749999966,0.2723923234375,0.06787746328125001
0.5,0.5,0.9,serial_last:A:k5,0.1,1.5,1.5,0.9701435687500001,0.090503284375,0.90503284375,0.016999368749999966,0.0,0.090503284375
0.5,0.5,0.9,exposed_vote:A:k6,0.09745513750000002,1.75,1.75,0.9664350765625,0.09027680640625001,0.9027680640625,0.018605376562499942,0.0,0.09027680640625001
0.5,0.5,0.9,blind_vote:A:k6,0.09027279999999999,2.05,2.05,0.9478297000000001,0.09000001,0.9000001,0.0,0.0,0.09000001
0.5,0.5,0.9,echo_gate:A:k6,0.09698979109375,1.7835649234375,2.75,0.9664350765625,0.09027680640625001,0.9027680640625,0.018605376562499942,0.03356492343749995,0.09027680640625001
0.5,0.5,0.9,blind_gate:A:k6,0.10043406999999999,2.1021702999999996,3.05,0.9478297000000001,0.09000001,0.9000001,0.0,0.05217029999999989,0.09000001
0.5,0.5,0.9,audit_gate:A:k6,0.1227423433203125,2.025173692578125,2.75,0.9664350765625,0.09027680640625001,0.9027680640625,0.018605376562499942,0.27517369257812496,0.0677076048046875
0.5,0.5,0.9,serial_last:A:k6,0.1,1.75,1.75,0.9664350765625,0.09027680640625001,0.9027680640625,0.018605376562499942,0.0,0.09027680640625001
0.5,0.5,0.9,exposed_vote:A:k7,0.09728578281250003,2.0,2.0,0.963002600171875,0.09015224352343751,0.901522435234375,0.01995587817187494,0.0,0.09015224352343751
0.5,0.5,0.9,blind_vote:A:k7,0.09027280000000003,2.35,2.35,0.9430467220000001,0.09000000100000001,0.9000000100000001,0.0,0.0,0.09000000100000001
0.5,0.5,0.9,echo_gate:A:k7,0.0975517234890625,2.0369973998281248,3.0,0.963002600171875,0.09015224352343751,0.901522435234375,0.01995587817187494,0.036997399828125,0.09015224352343751
0.5,0.5,0.9,blind_gate:A:k7,0.1013906566,2.406953278,3.35,0.9430467220000001,0.09000000100000001,0.9000000100000001,0.0,0.05695327799999994,0.09000000100000001
0.5,0.5,0.9,audit_gate:A:k7,0.12316379261679689,2.277748049871094,3.0,0.963002600171875,0.09015224352343751,0.901522435234375,0.01995587817187494,0.2777480498710938,0.06761418264257812
0.5,0.5,0.9,serial_last:A:k7,0.1,2.0,2.0,0.963002600171875,0.09015224352343751,0.901522435234375,0.01995587817187494,0.0,0.09015224352343751
0.5,0.8,0,alone:H:k0,0.2,1.0,1.0,1.0,0.2,1.0,0.0,0.0,0.2
0.5,0.8,0,alone:A:k0,0.1,0.25,0.25,1.0,0.1,1.0,0.0,0.0,0.1
0.5,0.8,0,exposed_vote:H:k1,0.17500000000000002,1.25,1.25,0.8700000000000001,0.11000000000000001,0.55,0.13,0.0,0.11000000000000001
0.5,0.8,0,blind_vote:H:k1,0.15000000000000002,1.3,1.3,0.7400000000000001,0.019999999999999997,0.09999999999999998,0.0,0.0,0.019999999999999997
0.5,0.8,0,echo_gate:H:k1,0.136,1.38,2.25,0.8700000000000001,0.11000000000000001,0.55,0.13,0.1299999999999999,0.11000000000000001
0.5,0.8,0,blind_gate:H:k1,0.07199999999999998,1.56,2.3,0.7400000000000001,0.019999999999999997,0.09999999999999998,0.0,0.2599999999999999,0.019999999999999997
0.5,0.8,0,audit_gate:H:k1,0.15200000000000002,1.5975,2.25,0.8700000000000001,0.11000000000000001,0.55,0.13,0.3474999999999999,0.08250000000000002
0.5,0.8,0,serial_last:H:k1,0.15000000000000002,1.25,1.25,0.8700000000000001,0.11000000000000001,0.55,0.13,0.0,0.11000000000000001
0.5,0.8,0,exposed_vote:H:k2,0.16150000000000003,1.5,1.5,0.7825000000000002,0.060500000000000005,0.3025,0.13250000000000006,0.0,0.060500000000000005
0.5,0.8,0,blind_vote:H:k2,0.046,1.6,1.6,0.6500000000000001,0.001999999999999999,0.009999999999999995,0.0,0.0,0.001999999999999999
0.5,0.8,0,echo_gate:H:k2,0.10399999999999997,1.7174999999999998,2.5,0.7825000000000002,0.060500000000000005,0.3025,0.13250000000000006,0.2174999999999998,0.060500000000000005
0.5,0.8,0,blind_gate:H:k2,0.07199999999999998,1.95,2.6,0.6500000000000001,0.001999999999999999,0.009999999999999995,0.0,0.34999999999999987,0.001999999999999999
0.5,0.8,0,audit_gate:H:k2,0.12799999999999997,1.913125,2.5,0.7825000000000002,0.060500000000000005,0.3025,0.13250000000000006,0.41312499999999985,0.045375000000000006
0.5,0.8,0,serial_last:H:k2,0.14,1.5,1.5,0.8350000000000002,0.0902,0.451,0.18500000000000005,0.0,0.0902
0.5,0.8,0,exposed_vote:H:k3,0.1513125,1.75,1.75,0.7191750000000001,0.033275,0.166375,0.1357750000000001,0.0,0.033275
0.5,0.8,0,blind_vote:H:k3,0.041499999999999995,1.9,1.9,0.5834,0.00019999999999999987,0.0009999999999999994,0.0,0.0,0.00019999999999999987
0.5,0.8,0,echo_gate:H:k3,0.08943999999999998,2.030825,2.75,0.7191750000000001,0.033275,0.166375,0.1357750000000001,0.2808249999999999,0.033275
0.5,0.8,0,blind_gate:H:k3,0.08352000000000001,2.3165999999999998,2.9,0.5834,0.00019999999999999987,0.0009999999999999994,0.0,0.41659999999999997,0.00019999999999999987
0.5,0.8,0,audit_gate:H:k3,0.11707999999999998,2.21061875,2.75,0.7191750000000001,0.033275,0.166375,0.1357750000000001,0.46061874999999985,0.02495625
0.5,0.8,0,serial_last:H:k3,0.132,1.75,1.75,0.803868,0.073964,0.36982,0.220468,0.0,0.073964
0.5,0.8,0,exposed_vote:H:k4,0.15208875,2.0,2.0,0.66990625,0.018301249999999998,0.09150624999999998,0.14500625,0.0,0.018301249999999998
0.5,0.8,0,blind_vote:H:k4,0.013419999999999994,2.2,2.2,0.5249,1.9999999999999985e-05,9.999999999999992e-05,0.0,0.0,1.9999999999999985e-05
0.5,0.8,0,echo_gate:H:k4,0.08432,2.33009375,3.0,0.66990625,0.018301249999999998,0.09150624999999998,0.14500625,0.33009374999999996,0.018301249999999998
0.5,0.8,0,blind_gate:H:k4,0.09504,2.6751,3.2,0.5249,1.9999999999999985e-05,9.999999999999992e-05,0.0,0.47509999999999997,1.9999999999999985e-05
0.5,0.8,0,audit_gate:H:k4,0.11324,2.4975703124999997,3.0,0.66990625,0.018301249999999998,0.09150624999999998,0.14500625,0.49757031249999994,0.013725937499999999
0.5,0.8,0,serial_last:H:k4,0.12560000000000002,2.0,2.0,0.7759564,0.06065048000000001,0.30325240000000003,0.25105639999999996,0.0,0.06065048000000001
0.5,0.8,0,exposed_vote:H:k5,0.14666593749999998,2.25,2.25,0.6290904375,0.0100656875,0.050328437499999996,0.15669643749999995,0.0,0.0100656875
0.5,0.8,0,blind_vote:H:k5,0.012609999999999993,2.5,2.5,0.4723940000000001,1.999999999999998e-06,9.999999999999989e-06,0.0,0.0,1.999999999999998e-06
0.5,0.8,0,echo_gate:H:k5,0.08424759999999999,2.6209095625,3.25,0.6290904375,0.0100656875,0.050328437499999996,0.15669643749999995,0.37090956249999996,0.0100656875
0.5,0.8,0,blind_gate:H:k5,0.10552319999999998,3.027606,3.5,0.4723940000000001,1.999999999999998e-06,9.999999999999989e-06,0.0,0.5276059999999999,1.999999999999998e-06
0.5,0.8,0,audit_gate:H:k5,0.11318569999999999,2.7781821718749997,3.25,0.6290904375,0.0100656875,0.050328437499999996,0.15669643749999995,0.5281821718749999,0.007549265625
0.5,0.8,0,serial_last:H:k5,0.12048000000000002,2.25,2.25,0.7507331952,0.04973339360000001,0.24866696800000004,0.27833919519999994,0.0,0.04973339360000001
0.5,0.8,0,exposed_vote:H:k6,0.14901634375,2.5,2.5,0.593609640625,0.0055361281249999995,0.027680640624999996,0.16845664062499993,0.0,0.0055361281249999995
0.5,0.8,0,blind_vote:H:k6,0.004185999999999997,2.8,2.8,0.42515300000000006,1.9999999999999975e-07,9.999999999999987e-07,0.0,0.0,1.9999999999999975e-07
0.5,0.8,0,echo_gate:H:k6,0.08681420000000001,2.906390359375,3.5,0.593609640625,0.0055361281249999995,0.027680640624999996,0.16845664062499993,0.406390359375,0.0055361281249999995
0.5,0.8,0,blind_gate:H:k6,0.11496959999999999,3.374847,3.8,0.42515300000000006,1.9999999999999975e-07,9.999999999999987e-07,0.0,0.5748469999999999,1.9999999999999975e-07
0.5,0.8,0,audit_gate:H:k6,0.11511065000000001,3.0547927695312502,3.5,0.593609640625,0.0055361281249999995,0.027680640624999996,0.16845664062499993,0.55479276953125,0.00415209609375
0.5,0.8,0,serial_last:H:k6,0.11638400000000002,2.5,2.5,0.7277611883200001,0.04078138275200001,0.20390691376000003,0.3026081883200001,0.0,0.04078138275200001
0.5,0.8,0,exposed_vote:H:k7,0.14561585351562498,2.75,2.75,0.5617147073437501,0.0030448704687499996,0.015224352343749997,0.17907716734375,0.0,0.0030448704687499996
0.5,0.8,0,blind_vote:H:k7,0.004003749999999998,3.1,3.1,0.38263754000000005,1.999999999999997e-08,9.999999999999985e-08,0.0,0.0,1.999999999999997e-08
0.5,0.8,0,echo_gate:H:k7,0.090701929,3.18828529265625,3.75,0.5617147073437501,0.0030448704687499996,0.015224352343749997,0.17907716734375,0.43828529265624994,0.0030448704687499996
0.5,0.8,0,blind_gate:H:k7,0.12347251199999999,3.71736246,4.1,0.38263754000000005,1.999999999999997e-08,9.999999999999985e-08,0.0,0.61736246,1.999999999999997e-08
0.5,0.8,0,audit_gate:H:k7,0.11802644675,3.3287139694921875,3.75,0.5617147073437501,0.0030448704687499996,0.015224352343749997,0.17907716734375,0.5787139694921875,0.0022836528515625
0.5,0.8,0,serial_last:H:k7,0.11310720000000002,2.75,2.75,0.70668094331328,0.03344073385664001,0.16720366928320005,0.32404340331327997,0.0,0.03344073385664001
0.5,0.8,0,exposed_vote:A:k1,0.09999999999999999,0.5,0.5,0.9640000000000001,0.082,0.82,0.14400000000000002,0.0,0.082
0.5,0.8,0,blind_vote:A:k1,0.1,0.55,0.55,0.8200000000000001,0.009999999999999998,0.09999999999999998,0.0,0.0,0.009999999999999998
0.5,0.8,0,echo_gate:A:k1,0.08919999999999999,0.5359999999999999,1.5,0.9640000000000001,0.082,0.82,0.14400000000000002,0.03599999999999992,0.082
0.5,0.8,0,blind_gate:A:k1,0.045999999999999985,0.73,1.55,0.8200000000000001,0.009999999999999998,0.09999999999999998,0.0,0.17999999999999994,0.009999999999999998
0.5,0.8,0,audit_gate:A:k1,0.11689999999999998,0.7769999999999999,1.5,0.9640000000000001,0.082,0.82,0.14400000000000002,0.2769999999999999,0.0615
0.5,0.8,0,serial_last:A:k1,0.1,0.5,0.5,0.9640000000000001,0.082,0.82,0.14400000000000002,0.0,0.082
0.5,0.8,0,exposed_vote:A:k2,0.09712000000000001,0.75,0.75,0.9316000000000001,0.06724000000000002,0.6724000000000002,0.2016,0.0,0.06724000000000002
0.5,0.8,0,blind_vote:A:k2,0.027999999999999997,0.85,0.85,0.7300000000000001,0.0009999999999999996,0.009999999999999995,0.0,0.0,0.0009999999999999996
0.5,0.8,0,echo_gate:A:k2,0.08092,0.8183999999999999,1.75,0.9316000000000001,0.06724000000000002,0.6724000000000002,0.2016,0.0683999999999999,0.06724000000000002
0.5,0.8,0,blind_gate:A:k2,0.054999999999999986,1.1199999999999999,1.85,0.7300000000000001,0.0009999999999999996,0.009999999999999995,0.0,0.2699999999999999,0.0009999999999999996
0.5,0.8,0,audit_gate:A:k2,0.11069,1.0513,1.75,0.9316000000000001,0.06724000000000002,0.6724000000000002,0.2016,0.3012999999999999,0.050430000000000016
0.5,0.8,0,serial_last:A:k2,0.1,0.75,0.75,0.9316000000000001,0.06724000000000002,0.6724000000000002,0.2016,0.0,0.06724000000000002
0.5,0.8,0,exposed_vote:A:k3,0.095968,1.0,1.0,0.9022096000000002,0.055136800000000014,0.5513680000000001,0.24600960000000005,0.0,0.055136800000000014
0.5,0.8,0,blind_vote:A:k3,0.02799999999999999,1.15,1.15,0.6562000000000001,9.999999999999994e-05,0.0009999999999999994,0.0,0.0,9.999999999999994e-05
0.5,0.8,0,echo_gate:A:k3,0.07469487999999998,1.0977903999999998,2.0,0.9022096000000002,0.055136800000000014,0.5513680000000001,0.24600960000000005,0.09779039999999983,0.055136800000000014
0.5,0.8,0,blind_gate:A:k3,0.06885999999999998,1.4937999999999998,2.15,0.6562000000000001,9.999999999999994e-05,0.0009999999999999994,0.0,0.3437999999999999,9.999999999999994e-05
0.5,0.8,0,audit_gate:A:k3,0.10602115999999998,1.3233427999999998,2.0,0.9022096000000002,0.055136800000000014,0.5513680000000001,0.24600960000000005,0.3233427999999998,0.04135260000000001
0.5,0.8,0,serial_last:A:k3,0.1,1.0,1.0,0.9022096000000002,0.055136800000000014,0.5513680000000001,0.24600960000000005,0.0,0.055136800000000014
0.5,0.8,0,exposed_vote:A:k4,0.09801049599999999,1.25,1.25,0.8753435200000002,0.04521217600000001,0.45212176000000004,0.2848435200000001,0.0,0.04521217600000001
0.5,0.8,0,blind_vote:A:k4,0.008559999999999995,1.45,1.45,0.5905,9.999999999999992e-06,9.999999999999992e-05,0.0,0.0,9.999999999999992e-06
0.5,0.8,0,echo_gate:A:k4,0.07014347199999998,1.3746564799999998,2.25,0.8753435200000002,0.04521217600000001,0.45212176000000004,0.2848435200000001,0.12465647999999985,0.04521217600000001
0.5,0.8,0,blind_gate:A:k4,0.08191,1.8595,2.45,0.5905,9.999999999999992e-06,9.999999999999992e-05,0.0,0.4095,9.999999999999992e-06
0.5,0.8,0,audit_gate:A:k4,0.102607604,1.59349236,2.25,0.8753435200000002,0.04521217600000001,0.45212176000000004,0.2848435200000001,0.34349235999999994,0.03390913200000001
0.5,0.8,0,serial_last:A:k4,0.1,1.25,1.25,0.8753435200000002,0.04521217600000001,0.45212176000000004,0.2848435200000001,0.0,0.04521217600000001
0.5,0.8,0,exposed_vote:A:k5,0.09762526720000002,1.5,1.5,0.85060270144,0.03707398432000001,0.3707398432000001,0.31916070143999997,0.0,0.03707398432000001
0.5,0.8,0,blind_vote:A:k5,0.008559999999999996,1.75,1.75,0.5314420000000001,9.99999999999999e-07,9.999999999999989e-06,0.0,0.0,9.99999999999999e-07
0.5,0.8,0,echo_gate:A:k5,0.066953444032,1.6493972985599998,2.5,0.85060270144,0.03707398432000001,0.3707398432000001,0.31916070143999997,0.14939729855999995,0.03707398432000001
0.5,0.8,0,blind_gate:A:k5,0.0937126,2.218558,2.75,0.5314420000000001,9.99999999999999e-07,9.999999999999989e-06,0.0,0.4685579999999999,9.99999999999999e-07
0.5,0.8,0,audit_gate:A:k5,0.100215083024,1.86204797392,2.5,0.85060270144,0.03707398432000001,0.3707398432000001,0.31916070143999997,0.36204797392,0.02780548824000001
0.5,0.8,0,serial_last:A:k5,0.1,1.5,1.5,0.85060270144,0.03707398432000002,0.37073984320000014,0.31916070143999997,0.0,0.03707398432000002
0.5,0.8,0,exposed_vote:A:k6,0.098846935552,1.75,1.75,0.8276588099200001,0.030400667142400008,0.30400667142400006,0.34936180992,0.0,0.030400667142400008
0.5,0.8,0,blind_vote:A:k6,0.0027279999999999982,2.05,2.05,0.4782970000000001,9.999999999999988e-08,9.999999999999987e-07,0.0,0.0,9.999999999999988e-08
0.5,0.8,0,echo_gate:A:k6,0.06486890515839999,1.92234119008,2.75,0.8276588099200001,0.030400667142400008,0.30400667142400006,0.34936180992,0.17234119007999993,0.030400667142400008
0.5,0.8,0,blind_gate:A:k6,0.1043407,2.571703,3.05,0.4782970000000001,9.999999999999988e-08,9.999999999999987e-07,0.0,0.5217029999999999,9.999999999999988e-08
0.5,0.8,0,audit_gate:A:k6,0.0986516788688,2.12925589256,2.75,0.8276588099200001,0.030400667142400008,0.30400667142400006,0.34936180992,0.3792558925599999,0.022800500356800008
0.5,0.8,0,serial_last:A:k6,0.1,1.75,1.75,0.8276588099200001,0.030400667142400008,0.30400667142400006,0.34936180992,0.0,0.030400667142400008
0.5,0.8,0,exposed_vote:A:k7,0.0987025733632,2.0,2.0,0.8062415269788161,0.024928547056768006,0.24928547056768005,0.37577430697881603,0.0,0.024928547056768006
0.5,0.8,0,blind_vote:A:k7,0.0027279999999999982,2.35,2.35,0.4304672200000001,9.999999999999985e-09,9.999999999999985e-08,0.0,0.0,9.999999999999985e-09
0.5,0.8,0,echo_gate:A:k7,0.06368024166100478,2.193758473021184,3.0,0.8062415269788161,0.024928547056768006,0.24928547056768005,0.37577430697881603,0.19375847302118387,0.024928547056768006
0.5,0.8,0,blind_gate:A:k7,0.11390656599999997,2.91953278,3.35,0.4304672200000001,9.999999999999985e-09,9.999999999999985e-08,0.0,0.5695327799999998,9.999999999999985e-09
0.5,0.8,0,audit_gate:A:k7,0.09776018124575359,2.395318854765888,3.0,0.8062415269788161,0.024928547056768006,0.24928547056768005,0.37577430697881603,0.3953188547658879,0.018696410292576005
0.5,0.8,0,serial_last:A:k7,0.1,2.0,2.0,0.8062415269788161,0.024928547056768006,0.24928547056768005,0.37577430697881603,0.0,0.024928547056768006
0.5,0.8,0.5,alone:H:k0,0.2,1.0,1.0,1.0,0.2,1.0,0.0,0.0,0.2
0.5,0.8,0.5,alone:A:k0,0.1,0.25,0.25,1.0,0.1,1.0,0.0,0.0,0.1
0.5,0.8,0.5,exposed_vote:H:k1,0.17500000000000002,1.25,1.25,0.8700000000000001,0.11000000000000001,0.55,0.13,0.0,0.11000000000000001
0.5,0.8,0.5,blind_vote:H:k1,0.15000000000000002,1.3,1.3,0.7400000000000001,0.02,0.09999999999999999,0.0,0.0,0.02
0.5,0.8,0.5,echo_gate:H:k1,0.136,1.38,2.25,0.8700000000000001,0.11000000000000001,0.55,0.13,0.1299999999999999,0.11000000000000001
0.5,0.8,0.5,blind_gate:H:k1,0.07199999999999998,1.56,2.3,0.7400000000000001,0.02,0.09999999999999999,0.0,0.2599999999999999,0.02
0.5,0.8,0.5,audit_gate:H:k1,0.15200000000000002,1.5975,2.25,0.8700000000000001,0.11000000000000001,0.55,0.13,0.3474999999999999,0.08250000000000002
0.5,0.8,0.5,serial_last:H:k1,0.15000000000000002,1.25,1.25,0.8700000000000001,0.11000000000000001,0.55,0.13,0.0,0.11000000000000001
0.5,0.8,0.5,exposed_vote:H:k2,0.16825,1.5,1.5,0.7937500000000001,0.06275,0.31375,0.09875,0.0,0.06275
0.5,0.8,0.5,blind_vote:H:k2,0.07300000000000001,1.6,1.6,0.6950000000000001,0.011000000000000001,0.055,0.0,0.0,0.011000000000000001
0.5,0.8,0.5,echo_gate:H:k2,0.10399999999999998,1.7062499999999998,2.5,0.7937500000000001,0.06275,0.31375,0.09875,0.20624999999999993,0.06275
0.5,0.8,0.5,blind_gate:H:k2,0.072,1.905,2.6,0.6950000000000001,0.011000000000000001,0.055,0.0,0.30499999999999994,0.011000000000000001
0.5,0.8,0.5,audit_gate:H:k2,0.128,1.9046875,2.5,0.7937500000000001,0.06275,0.31375,0.09875,0.4046875,0.0470625
0.5,0.8,0.5,serial_last:H:k2,0.14,1.5,1.5,0.8395,0.0911,0.45549999999999996,0.14449999999999996,0.0,0.0911
0.5,0.8,0.5,exposed_vote:H:k3,0.16003124999999999,1.75,1.75,0.7458375,0.037887500000000005,0.1894375,0.08413749999999998,0.0,0.037887500000000005
0.5,0.8,0.5,blind_vote:H:k3,0.07075000000000001,1.9,1.9,0.6617000000000001,0.010100000000000001,0.0505,0.0,0.0,0.010100000000000001
0.5,0.8,0.5,echo_gate:H:k3,0.08872,2.0041625,2.75,0.7458375,0.037887500000000005,0.1894375,0.08413749999999998,0.25416249999999996,0.037887500000000005
0.5,0.8,0.5,blind_gate:H:k3,0.07775999999999998,2.2382999999999997,2.9,0.6617000000000001,0.010100000000000001,0.0505,0.0,0.33829999999999993,0.010100000000000001
0.5,0.8,0.5,audit_gate:H:k3,0.11653999999999999,2.1906218749999997,2.75,0.7458375,0.037887500000000005,0.1894375,0.08413749999999998,0.44062187499999994,0.028415625000000003
0.5,0.8,0.5,serial_last:H:k3,0.132,1.75,1.75,0.8135340000000001,0.07578200000000002,0.3789100000000001,0.15183400000000002,0.0,0.07578200000000002
0.5,0.8,0.5,exposed_vote:H:k4,0.16041937500000003,2.0,2.0,0.7130781250000001,0.024775625000000003,0.123878125,0.08062812500000005,0.0,0.024775625000000003
0.5,0.8,0.5,blind_vote:H:k4,0.05671,2.2,2.2,0.6324500000000001,0.010010000000000002,0.050050000000000004,0.0,0.0,0.010010000000000002
0.5,0.8,0.5,echo_gate:H:k4,0.08215999999999998,2.286921875,3.0,0.7130781250000001,0.024775625000000003,0.123878125,0.08062812500000005,0.2869218749999999,0.024775625000000003
0.5,0.8,0.5,blind_gate:H:k4,0.08352,2.56755,3.2,0.6324500000000001,0.010010000000000002,0.050050000000000004,0.0,0.36754999999999993,0.010010000000000002
0.5,0.8,0.5,audit_gate:H:k4,0.11161999999999998,2.4651914062499998,3.0,0.7130781250000001,0.024775625000000003,0.123878125,0.08062812500000005,0.4651914062499999,0.018581718750000004
0.5,0.8,0.5,serial_last:H:k4,0.12560000000000002,2.0,2.0,0.7912582000000001,0.06336524000000002,0.31682620000000006,0.15880820000000007,0.0,0.06336524000000002
0.5,0.8,0.5,exposed_vote:H:k5,0.15614546875,2.25,2.25,0.68860771875,0.017845343750000003,0.08922671875,0.08241071874999994,0.0,0.017845343750000003
0.5,0.8,0.5,blind_vote:H:k5,0.056305,2.5,2.5,0.6061970000000001,0.010001000000000001,0.050005,0.0,0.0,0.010001000000000001
0.5,0.8,0.5,echo_gate:H:k5,0.0801238,2.56139228125,3.25,0.68860771875,0.017845343750000003,0.08922671875,0.08241071874999994,0.31139228124999996,0.017845343750000003
0.5,0.8,0.5,blind_gate:H:k5,0.08876159999999998,2.893803,3.5,0.6061970000000001,0.010001000000000001,0.050005,0.0,0.3938029999999999,0.010001000000000001
0.5,0.8,0.5,audit_gate:H:k5,0.11009285,2.7335442109375,3.25,0.68860771875,0.017845343750000003,0.08922671875,0.08241071874999994,0.4835442109375,0.013384007812500001
0.5,0.8,0.5,serial_last:H:k5,0.12048000000000002,2.25,2.25,0.7719905976000001,0.05329869680000001,0.26649348400000006,0.1657935976,0.0,0.05329869680000001
0.5,0.8,0.5,exposed_vote:H:k6,0.157320671875,2.5,2.5,0.6688360703125,0.0141743140625,0.07087157031249999,0.08625957031250009,0.0,0.0141743140625
0.5,0.8,0.5,blind_vote:H:k6,0.052093,2.8,2.8,0.5825764999999999,0.010000100000000001,0.0500005,0.0,0.0,0.010000100000000001
0.5,0.8,0.5,echo_gate:H:k6,0.0804071,2.8311639296875,3.5,0.6688360703125,0.0141743140625,0.07087157031249999,0.08625957031250009,0.33116392968749997,0.0141743140625
0.5,0.8,0.5,blind_gate:H:k6,0.09348480000000002,3.2174234999999998,3.8,0.5825764999999999,0.010000100000000001,0.0500005,0.0,0.41742350000000006,0.010000100000000001
0.5,0.8,0.5,audit_gate:H:k6,0.11030532500000001,2.998372947265625,3.5,0.6688360703125,0.0141743140625,0.07087157031249999,0.08625957031250009,0.498372947265625,0.010630735546875
0.5,0.8,0.5,serial_last:H:k6,0.11638400000000002,2.5,2.5,0.75517979416,0.045136291376000004,0.22568145688000002,0.1726032941600001,0.0,0.045136291376000004
0.5,0.8,0.5,exposed_vote:H:k7,0.15464386425781257,2.75,2.75,0.651872978671875,0.012225560234375,0.061127801171874996,0.09055420867187502,0.0,0.012225560234375
0.5,0.8,0.5,blind_vote:H:k7,0.052001875,3.1,3.1,0.56131877,0.010000010000000002,0.050000050000000004,0.0,0.0,0.010000010000000002
0.5,0.8,0.5,echo_gate:H:k7,0.08185096450000001,3.098127021328125,3.75,0.651872978671875,0.012225560234375,0.061127801171874996,0.09055420867187502,0.348127021328125,0.012225560234375
0.5,0.8,0.5,blind_gate:H:k7,0.09773625600000002,3.53868123,4.1,0.56131877,0.010000010000000002,0.050000050000000004,0.0,0.43868123000000003,0.010000010000000002
0.5,0.8,0.5,audit_gate:H:k7,0.11138822337500001,3.2610952659960937,3.75,0.651872978671875,0.012225560234375,0.061127801171874996,0.09055420867187502,0.5110952659960938,0.00916917017578125
0.5,0.8,0.5,serial_last:H:k7,0.11310720000000002,2.75,2.75,0.74037983165664,0.03851684692832001,0.19258423464160004,0.17906106165664004,0.0,0.03851684692832001
0.5,0.8,0.5,exposed_vote:A:k1,0.1,0.5,0.5,0.982,0.091,0.9099999999999999,0.07199999999999995,0.0,0.091
0.5,0.8,0.5,blind_vote:A:k1,0.09999999999999999,0.55,0.55,0.91,0.055,0.5499999999999999,0.0,0.0,0.055
0.5,0.8,0.5,echo_gate:A:k1,0.0946,0.518,1.5,0.982,0.091,0.9099999999999999,0.07199999999999995,0.018000000000000016,0.091
0.5,0.8,0.5,blind_gate:A:k1,0.073,0.64,1.55,0.91,0.055,0.5499999999999999,0.0,0.08999999999999997,0.055
0.5,0.8,0.5,audit_gate:A:k1,0.12095000000000003,0.7635000000000001,1.5,0.982,0.091,0.9099999999999999,0.07199999999999995,0.26350000000000007,0.06825
0.5,0.8,0.5,serial_last:A:k1,0.1,0.5,0.5,0.982,0.091,0.9099999999999999,0.07199999999999995,0.0,0.091
0.5,0.8,0.5,exposed_vote:A:k2,0.09856000000000001,0.75,0.75,0.9658,0.08362000000000001,0.8362,0.1008,0.0,0.08362000000000001
0.5,0.8,0.5,blind_vote:A:k2,0.064,0.85,0.85,0.865,0.0505,0.505,0.0,0.0,0.0505
0.5,0.8,0.5,echo_gate:A:k2,0.09046000000000001,0.7842,1.75,0.9658,0.08362000000000001,0.8362,0.1008,0.03420000000000001,0.08362000000000001
0.5,0.8,0.5,blind_gate:A:k2,0.07750000000000001,0.985,1.85,0.865,0.0505,0.505,0.0,0.135,0.0505
0.5,0.8,0.5,audit_gate:A:k2,0.117845,1.02565,1.75,0.9658,0.08362000000000001,0.8362,0.1008,0.27564999999999995,0.062715
0.5,0.8,0.5,serial_last:A:k2,0.1,0.75,0.75,0.9658,0.08362000000000001,0.8362,0.1008,0.0,0.08362000000000001
0.5,0.8,0.5,exposed_vote:A:k3,0.09798400000000002,1.0,1.0,0.9511048000000002,0.07756840000000001,0.775684,0.12300480000000003,0.0,0.07756840000000001
0.5,0.8,0.5,blind_vote:A:k3,0.064,1.15,1.15,0.8281000000000002,0.050050000000000004,0.5005000000000001,0.0,0.0,0.050050000000000004
0.5,0.8,0.5,echo_gate:A:k3,0.08734743999999997,1.0488951999999998,2.0,0.9511048000000002,0.07756840000000001,0.775684,0.12300480000000003,0.048895199999999805,0.07756840000000001
0.5,0.8,0.5,blind_gate:A:k3,0.08442999999999998,1.3218999999999999,2.15,0.8281000000000002,0.050050000000000004,0.5005000000000001,0.0,0.17189999999999983,0.050050000000000004
0.5,0.8,0.5,audit_gate:A:k3,0.11551058,1.2866714,2.0,0.9511048000000002,0.07756840000000001,0.775684,0.12300480000000003,0.2866713999999999,0.05817630000000001
0.5,0.8,0.5,serial_last:A:k3,0.1,1.0,1.0,0.9511048000000002,0.07756840000000001,0.775684,0.12300480000000003,0.0,0.07756840000000001
0.5,0.8,0.5,exposed_vote:A:k4,0.09900524800000002,1.25,1.25,0.9376717600000001,0.072606088,0.7260608799999999,0.14242176000000006,0.0,0.072606088
0.5,0.8,0.5,blind_vote:A:k4,0.05428,1.45,1.45,0.79525,0.050005,0.50005,0.0,0.0,0.050005
0.5,0.8,0.5,echo_gate:A:k4,0.08507173599999998,1.3123282399999998,2.25,0.9376717600000001,0.072606088,0.7260608799999999,0.14242176000000006,0.062328239999999924,0.072606088
0.5,0.8,0.5,blind_gate:A:k4,0.09095500000000001,1.65475,2.45,0.79525,0.050005,0.50005,0.0,0.20475,0.050005
0.5,0.8,0.5,audit_gate:A:k4,0.113803802,1.54674618,2.25,0.9376717600000001,0.072606088,0.7260608799999999,0.14242176000000006,0.29674617999999997,0.054454565999999996
0.5,0.8,0.5,serial_last:A:k4,0.1,1.25,1.25,0.9376717600000001,0.072606088,0.7260608799999999,0.14242176000000006,0.0,0.072606088
0.5,0.8,0.5,exposed_vote:A:k5,0.09881263359999996,1.5,1.5,0.92530135072,0.06853699216,0.6853699216,0.15958035071999999,0.0,0.06853699216
0.5,0.8,0.5,blind_vote:A:k5,0.05428,1.75,1.75,0.765721,0.0500005,0.500005,0.0,0.0,0.0500005
0.5,0.8,0.5,echo_gate:A:k5,0.08347672201600001,1.5746986492800001,2.5,0.92530135072,0.06853699216,0.6853699216,0.15958035071999999,0.07469864928000003,0.06853699216
0.5,0.8,0.5,blind_gate:A:k5,0.0968563,1.984279,2.75,0.765721,0.0500005,0.500005,0.0,0.23427900000000002,0.0500005
0.5,0.8,0.5,audit_gate:A:k5,0.112607541512,1.80602398696,2.5,0.92530135072,0.06853699216,0.6853699216,0.15958035071999999,0.30602398696,0.05140274412
0.5,0.8,0.5,serial_last:A:k5,0.1,1.5,1.5,0.92530135072,0.06853699216,0.6853699216,0.15958035071999999,0.0,0.06853699216
0.5,0.8,0.5,exposed_vote:A:k6,0.099423467776,1.75,1.75,0.91382940496,0.0652003335712,0.652003335712,0.17468090496,0.0,0.0652003335712
0.5,0.8,0.5,blind_vote:A:k6,0.051364,2.05,2.05,0.7391485,0.050000050000000004,0.5000005,0.0,0.0,0.050000050000000004
0.5,0.8,0.5,echo_gate:A:k6,0.08243445257920001,1.83617059504,2.75,0.91382940496,0.0652003335712,0.652003335712,0.17468090496,0.08617059504000002,0.0652003335712
0.5,0.8,0.5,blind_gate:A:k6,0.10217035000000001,2.3108515,3.05,0.7391485,0.050000050000000004,0.5000005,0.0,0.2608515,0.050000050000000004
0.5,0.8,0.5,audit_gate:A:k6,0.1118258394344,2.06462794628,2.75,0.91382940496,0.0652003335712,0.652003335712,0.17468090496,0.31462794628,0.0489002501784
0.5,0.8,0.5,serial_last:A:k6,0.1,1.75,1.75,0.91382940496,0.0652003335712,0.652003335712,0.17468090496,0.0,0.0652003335712
0.5,0.8,0.5,exposed_vote:A:k7,0.0993512866816,2.0,2.0,0.9031207634894081,0.062464273528384004,0.62464273528384,0.187887153489408,0.0,0.062464273528384004
0.5,0.8,0.5,blind_vote:A:k7,0.05136399999999999,2.35,2.35,0.7152336100000001,0.050000005,0.5000000499999999,0.0,0.0,0.050000005
0.5,0.8,0.5,echo_gate:A:k7,0.08184012083050239,2.096879236510592,3.0,0.9031207634894081,0.062464273528384004,0.62464273528384,0.187887153489408,0.09687923651059194,0.062464273528384004
0.5,0.8,0.5,blind_gate:A:k7,0.10695328299999998,2.6347663900000002,3.35,0.7152336100000001,0.050000005,0.5000000499999999,0.0,0.2847663899999999,0.050000005
0.5,0.8,0.5,audit_gate:A:k7,0.11138009062287679,2.322659427382944,3.0,0.9031207634894081,0.062464273528384004,0.62464273528384,0.187887153489408,0.32265942738294395,0.046848205146288
0.5,0.8,0.5,serial_last:A:k7,0.1,2.0,2.0,0.9031207634894081,0.062464273528384004,0.62464273528384,0.187887153489408,0.0,0.062464273528384004
0.5,0.8,0.9,alone:H:k0,0.2,1.0,1.0,1.0,0.2,1.0,0.0,0.0,0.2
0.5,0.8,0.9,alone:A:k0,0.1,0.25,0.25,1.0,0.1,1.0,0.0,0.0,0.1
0.5,0.8,0.9,exposed_vote:H:k1,0.17500000000000004,1.25,1.25,0.8700000000000001,0.11000000000000001,0.55,0.13,0.0,0.11000000000000001
0.5,0.8,0.9,blind_vote:H:k1,0.15000000000000002,1.3,1.3,0.7400000000000001,0.020000000000000004,0.10000000000000002,0.0,0.0,0.020000000000000004
0.5,0.8,0.9,echo_gate:H:k1,0.136,1.38,2.25,0.8700000000000001,0.11000000000000001,0.55,0.13,0.1299999999999999,0.11000000000000001
0.5,0.8,0.9,blind_gate:H:k1,0.07199999999999998,1.56,2.3,0.7400000000000001,0.020000000000000004,0.10000000000000002,0.0,0.2599999999999999,0.020000000000000004
0.5,0.8,0.9,audit_gate:H:k1,0.15200000000000002,1.5975,2.25,0.8700000000000001,0.11000000000000001,0.55,0.13,0.3474999999999999,0.08250000000000002
0.5,0.8,0.9,serial_last:H:k1,0.15000000000000002,1.25,1.25,0.8700000000000001,0.11000000000000001,0.55,0.13,0.0,0.11000000000000001
0.5,0.8,0.9,exposed_vote:H:k2,0.17365000000000003,1.5,1.5,0.8027500000000001,0.06455000000000001,0.32275000000000004,0.07174999999999998,0.0,0.06455000000000001
0.5,0.8,0.9,blind_vote:H:k2,0.09460000000000002,1.6,1.6,0.7310000000000001,0.018200000000000004,0.09100000000000001,0.0,0.0,0.018200000000000004
0.5,0.8,0.9,echo_gate:H:k2,0.104,1.69725,2.5,0.8027500000000001,0.06455000000000001,0.32275000000000004,0.07174999999999998,0.19724999999999993,0.06455000000000001
0.5,0.8,0.9,blind_gate:H:k2,0.072,1.869,2.6,0.7310000000000001,0.018200000000000004,0.09100000000000001,0.0,0.2689999999999999,0.018200000000000004
0.5,0.8,0.9,audit_gate:H:k2,0.128,1.8979374999999998,2.5,0.8027500000000001,0.06455000000000001,0.32275000000000004,0.07174999999999998,0.39793749999999994,0.04841250000000001
0.5,0.8,0.9,serial_last:H:k2,0.14,1.5,1.5,0.8431000000000002,0.09182000000000001,0.45910000000000006,0.11210000000000009,0.0,0.09182000000000001
0.5,0.8,0.9,exposed_vote:H:k3,0.16700625,1.75,1.75,0.7671675000000001,0.0415775,0.2078875,0.04282750000000002,0.0,0.0415775
0.5,0.8,0.9,blind_vote:H:k3,0.09415000000000001,1.9,1.9,0.7243400000000001,0.018020000000000005,0.09010000000000001,0.0,0.0,0.018020000000000005
0.5,0.8,0.9,echo_gate:H:k3,0.08814399999999999,1.9828324999999998,2.75,0.7671675000000001,0.0415775,0.2078875,0.04282750000000002,0.2328324999999999,0.0415775
0.5,0.8,0.9,blind_gate:H:k3,0.073152,2.1756599999999997,2.9,0.7243400000000001,0.018020000000000005,0.09010000000000001,0.0,0.2756599999999999,0.018020000000000005
0.5,0.8,0.9,audit_gate:H:k3,0.116108,2.174624375,2.75,0.7671675000000001,0.0415775,0.2078875,0.04282750000000002,0.42462437499999994,0.031183125000000003
0.5,0.8,0.9,serial_last:H:k3,0.132,1.75,1.75,0.8212668000000001,0.07723640000000002,0.3861820000000001,0.09692679999999998,0.0,0.07723640000000002
0.5,0.8,0.9,exposed_vote:H:k4,0.167083875,2.0,2.0,0.747615625,0.029955125000000003,0.149775625,0.029125625000000044,0.0,0.029955125000000003
0.5,0.8,0.9,blind_vote:H:k4,0.09134199999999999,2.2,2.2,0.71849,0.018002,0.09000999999999999,0.0,0.0,0.018002
0.5,0.8,0.9,echo_gate:H:k4,0.080432,2.252384375,3.0,0.747615625,0.029955125000000003,0.149775625,0.029125625000000044,0.252384375,0.029955125000000003
0.5,0.8,0.9,blind_gate:H:k4,0.07430400000000001,2.48151,3.2,0.71849,0.018002,0.09000999999999999,0.0,0.28151000000000004,0.018002
0.5,0.8,0.9,audit_gate:H:k4,0.110324,2.43928828125,3.0,0.747615625,0.029955125000000003,0.149775625,0.029125625000000044,0.43928828124999997,0.022466343750000003
0.5,0.8,0.9,serial_last:H:k4,0.12560000000000002,2.0,2.0,0.8034996400000001,0.06553704800000001,0.32768524000000004,0.08500964000000011,0.0,0.06553704800000001
0.5,0.8,0.9,exposed_vote:H:k5,0.16372909375,2.25,2.25,0.73622154375,0.024069068750000002,0.12034534375,0.02298214374999996,0.0,0.024069068750000002
0.5,0.8,0.9,blind_vote:H:k5,0.09126100000000002,2.5,2.5,0.7132394000000001,0.018000200000000004,0.09000100000000001,0.0,0.0,0.018000200000000004
0.5,0.8,0.9,echo_gate:H:k5,0.07682475999999999,2.51377845625,3.25,0.73622154375,0.024069068750000002,0.12034534375,0.02298214374999996,0.26377845624999996,0.024069068750000002
0.5,0.8,0.9,blind_gate:H:k5,0.07535231999999999,2.7867606,3.5,0.7132394000000001,0.018000200000000004,0.09000100000000001,0.0,0.2867605999999999,0.018000200000000004
0.5,0.8,0.9,audit_gate:H:k5,0.10761857,2.6978338421875,3.25,0.73622154375,0.024069068750000002,0.12034534375,0.02298214374999996,0.4478338421875,0.0180518015625
0.5,0.8,0.9,serial_last:H:k5,0.12048000000000002,2.25,2.25,0.78899651952,0.05615093936000001,0.28075469680000004,0.07575711951999997,0.0,0.05615093936000001
0.5,0.8,0.9,exposed_vote:H:k6,0.16396413437500001,2.5,2.5,0.7290172140625001,0.0210848628125,0.1054243140625,0.020501914062500015,0.0,0.0210848628125
0.5,0.8,0.9,blind_vote:H:k6,0.09041860000000002,2.8,2.8,0.7085153000000001,0.018000020000000002,0.0900001,0.0,0.0,0.018000020000000002
0.5,0.8,0.9,echo_gate:H:k6,0.07528141999999999,2.7709827859375,3.5,0.7290172140625001,0.0210848628125,0.1054243140625,0.020501914062500015,0.2709827859374999,0.0210848628125
0.5,0.8,0.9,blind_gate:H:k6,0.07629696,3.0914846999999996,3.8,0.7085153000000001,0.018000020000000002,0.0900001,0.0,0.29148469999999993,0.018000020000000002
0.5,0.8,0.9,audit_gate:H:k6,0.106461065,2.953237089453125,3.5,0.7290172140625001,0.0210848628125,0.1054243140625,0.020501914062500015,0.4532370894531249,0.015813647109375002
0.5,0.8,0.9,serial_last:H:k6,0.11638400000000002,2.5,2.5,0.777114678832,0.04862021827520001,0.24310109137600003,0.06859937883199996,0.0,0.04862021827520001
0.5,0.8,0.9,exposed_vote:H:k7,0.16186627285156252,2.75,2.75,0.7239995957343751,0.019570112046875004,0.09785056023437502,0.019735841734375037,0.0,0.019570112046875004
0.5,0.8,0.9,blind_vote:H:k7,0.090400375,3.1,3.1,0.7042637540000001,0.018000002,0.09000001,0.0,0.0,0.018000002
0.5,0.8,0.9,echo_gate:H:k7,0.07477019289999998,3.0260004042656248,3.75,0.7239995957343751,0.019570112046875004,0.09785056023437502,0.019735841734375037,0.2760004042656249,0.019570112046875004
0.5,0.8,0.9,blind_gate:H:k7,0.07714725119999999,3.3957362460000002,4.1,0.7042637540000001,0.018000002,0.09000001,0.0,0.2957362459999999,0.018000002
0.5,0.8,0.9,audit_gate:H:k7,0.106077644675,3.2070003031992185,3.75,0.7239995957343751,0.019570112046875004,0.09785056023437502,0.019735841734375037,0.4570003031992187,0.014677584035156253
0.5,0.8,0.9,serial_last:H:k7,0.11310720000000002,2.75,2.75,0.7673389423313282,0.04257773738566401,0.21288868692832005,0.06307518833132808,0.0,0.04257773738566401
0.5,0.8,0.9,exposed_vote:A:k1,0.1,0.5,0.5,0.9964000000000001,0.09820000000000001,0.9820000000000001,0.01440000000000008,0.0,0.09820000000000001
0.5,0.8,0.9,blind_vote:A:k1,0.10000000000000002,0.55,0.55,0.982,0.09100000000000001,0.91,0.0,0.0,0.09100000000000001
0.5,0.8,0.9,echo_gate:A:k1,0.09892,0.5035999999999999,1.5,0.9964000000000001,0.09820000000000001,0.9820000000000001,0.01440000000000008,0.0035999999999999366,0.09820000000000001
0.5,0.8,0.9,blind_gate:A:k1,0.09460000000000002,0.5680000000000001,1.55,0.982,0.09100000000000001,0.91,0.0,0.018000000000000016,0.09100000000000001
0.5,0.8,0.9,audit_gate:A:k1,0.12419,0.7526999999999999,1.5,0.9964000000000001,0.09820000000000001,0.9820000000000001,0.01440000000000008,0.2526999999999999,0.07365000000000001
0.5,0.8,0.9,serial_last:A:k1,0.1,0.5,0.5,0.9964000000000001,0.09820000000000001,0.9820000000000001,0.01440000000000008,0.0,0.09820000000000001
0.5,0.8,0.9,exposed_vote:A:k2,0.09971200000000001,0.75,0.75,0.99316,0.096724,0.96724,0.020159999999999956,0.0,0.096724
0.5,0.8,0.9,blind_vote:A:k2,0.09280000000000001,0.85,0.85,0.9730000000000001,0.09010000000000001,0.9010000000000001,0.0,0.0,0.09010000000000001
0.5,0.8,0.9,echo_gate:A:k2,0.098092,0.75684,1.75,0.99316,0.096724,0.96724,0.020159999999999956,0.006839999999999957,0.096724
0.5,0.8,0.9,blind_gate:A:k2,0.0955,0.8769999999999999,1.85,0.9730000000000001,0.09010000000000001,0.9010000000000001,0.0,0.026999999999999913,0.09010000000000001
0.5,0.8,0.9,audit_gate:A:k2,0.12356899999999998,1.0051299999999999,1.75,0.99316,0.096724,0.96724,0.020159999999999956,0.25512999999999997,0.072543
0.5,0.8,0.9,serial_last:A:k2,0.1,0.75,0.75,0.99316,0.096724,0.96724,0.020159999999999956,0.0,0.096724
0.5,0.8,0.9,exposed_vote:A:k3,0.0995968,1.0,1.0,0.99022096,0.09551368,0.9551368,0.024600960000000005,0.0,0.09551368
0.5,0.8,0.9,blind_vote:A:k3,0.09280000000000001,1.15,1.15,0.96562,0.09001,0.9001,0.0,0.0,0.09001
0.5,0.8,0.9,echo_gate:A:k3,0.09746948799999999,1.00977904,2.0,0.99022096,0.09551368,0.9551368,0.024600960000000005,0.009779039999999961,0.09551368
0.5,0.8,0.9,blind_gate:A:k3,0.096886,1.18438,2.15,0.96562,0.09001,0.9001,0.0,0.034379999999999966,0.09001
0.5,0.8,0.9,audit_gate:A:k3,0.12310211600000001,1.25733428,2.0,0.99022096,0.09551368,0.9551368,0.024600960000000005,0.25733428,0.07163526
0.5,0.8,0.9,serial_last:A:k3,0.1,1.0,1.0,0.99022096,0.09551368,0.9551368,0.024600960000000005,0.0,0.09551368
0.5,0.8,0.9,exposed_vote:A:k4,0.09980104959999998,1.25,1.25,0.9875343520000001,0.0945212176,0.945212176,0.02848435199999999,0.0,0.0945212176
0.5,0.8,0.9,blind_vote:A:k4,0.090856,1.45,1.45,0.9590500000000001,0.09000100000000001,0.9000100000000001,0.0,0.0,0.09000100000000001
0.5,0.8,0.9,echo_gate:A:k4,0.09701434719999999,1.262465648,2.25,0.9875343520000001,0.0945212176,0.945212176,0.02848435199999999,0.01246564799999994,0.0945212176
0.5,0.8,0.9,blind_gate:A:k4,0.098191,1.4909499999999998,2.45,0.9590500000000001,0.09000100000000001,0.9000100000000001,0.0,0.04094999999999993,0.09000100000000001
0.5,0.8,0.9,audit_gate:A:k4,0.12276076039999999,1.5093492359999998,2.25,0.9875343520000001,0.0945212176,0.945212176,0.02848435199999999,0.2593492359999999,0.0708909132
0.5,0.8,0.9,serial_last:A:k4,0.1,1.25,1.25,0.9875343520000001,0.0945212176,0.945212176,0.02848435199999999,0.0,0.0945212176
0.5,0.8,0.9,exposed_vote:A:k5,0.09976252672000004,1.5,1.5,0.9850602701440001,0.09370739843200003,0.9370739843200002,0.031916070144,0.0,0.09370739843200003
0.5,0.8,0.9,blind_vote:A:k5,0.09085600000000002,1.75,1.75,0.9531442000000001,0.09000010000000001,0.900001,0.0,0.0,0.09000010000000001
0.5,0.8,0.9,echo_gate:A:k5,0.0966953444032,1.514939729856,2.5,0.9850602701440001,0.09370739843200003,0.9370739843200002,0.031916070144,0.014939729855999895,0.09370739843200003
0.5,0.8,0.9,blind_gate:A:k5,0.09937125999999999,1.7968558,2.75,0.9531442000000001,0.09000010000000001,0.900001,0.0,0.04685579999999989,0.09000010000000001
0.5,0.8,0.9,audit_gate:A:k5,0.12252150830240002,1.761204797392,2.5,0.9850602701440001,0.09370739843200003,0.9370739843200002,0.031916070144,0.261204797392,0.07028054882400002
0.5,0.8,0.9,serial_last:A:k5,0.1,1.5,1.5,0.9850602701440001,0.09370739843200003,0.9370739843200002,0.031916070144,0.0,0.09370739843200003
0.5,0.8,0.9,exposed_vote:A:k6,0.09988469355520001,1.75,1.75,0.9827658809920001,0.09304006671424,0.9304006671424,0.03493618099200002,0.0,0.09304006671424
0.5,0.8,0.9,blind_vote:A:k6,0.09027279999999999,2.05,2.05,0.9478297000000001,0.09000001,0.9000001,0.0,0.0,0.09000001
0.5,0.8,0.9,echo_gate:A:k6,0.09648689051583997,1.7672341190079999,2.75,0.9827658809920001,0.09304006671424,0.9304006671424,0.03493618099200002,0.01723411900799987,0.09304006671424
0.5,0.8,0.9,blind_gate:A:k6,0.10043406999999999,2.1021702999999996,3.05,0.9478297000000001,0.09000001,0.9000001,0.0,0.05217029999999989,0.09000001
0.5,0.8,0.9,audit_gate:A:k6,0.12236516788687997,2.0129255892559996,2.75,0.9827658809920001,0.09304006671424,0.9304006671424,0.03493618099200002,0.26292558925599985,0.06978005003568
0.5,0.8,0.9,serial_last:A:k6,0.1,1.75,1.75,0.9827658809920001,0.09304006671424,0.9304006671424,0.03493618099200002,0.0,0.09304006671424
0.5,0.8,0.9,exposed_vote:A:k7,0.09987025733632003,2.0,2.0,0.9806241526978816,0.09249285470567681,0.9249285470567681,0.03757743069788155,0.0,0.09249285470567681
0.5,0.8,0.9,blind_vote:A:k7,0.09027280000000003,2.35,2.35,0.9430467220000001,0.09000000100000001,0.9000000100000001,0.0,0.0,0.09000000100000001
0.5,0.8,0.9,echo_gate:A:k7,0.09636802416610049,2.0193758473021184,3.0,0.9806241526978816,0.09249285470567681,0.9249285470567681,0.03757743069788155,0.019375847302118387,0.09249285470567681
0.5,0.8,0.9,blind_gate:A:k7,0.1013906566,2.406953278,3.35,0.9430467220000001,0.09000000100000001,0.9000000100000001,0.0,0.05695327799999994,0.09000000100000001
0.5,0.8,0.9,audit_gate:A:k7,0.12227601812457536,2.264531885476589,3.0,0.9806241526978816,0.09249285470567681,0.9249285470567681,0.03757743069788155,0.2645318854765888,0.0693696410292576
0.5,0.8,0.9,serial_last:A:k7,0.1,2.0,2.0,0.9806241526978816,0.09249285470567681,0.9249285470567681,0.03757743069788155,0.0,0.09249285470567681
0.5,1,0,alone:H:k0,0.2,1.0,1.0,1.0,0.2,1.0,0.0,0.0,0.2
0.5,1,0,alone:A:k0,0.1,0.25,0.25,1.0,0.1,1.0,0.0,0.0,0.1
0.5,1,0,exposed_vote:H:k1,0.17500000000000002,1.25,1.25,0.8700000000000001,0.11000000000000001,0.55,0.13,0.0,0.11000000000000001
0.5,1,0,blind_vote:H:k1,0.15000000000000002,1.3,1.3,0.7400000000000001,0.019999999999999997,0.09999999999999998,0.0,0.0,0.019999999999999997
0.5,1,0,echo_gate:H:k1,0.136,1.38,2.25,0.8700000000000001,0.11000000000000001,0.55,0.13,0.1299999999999999,0.11000000000000001
0.5,1,0,blind_gate:H:k1,0.07199999999999998,1.56,2.3,0.7400000000000001,0.019999999999999997,0.09999999999999998,0.0,0.2599999999999999,0.019999999999999997
0.5,1,0,audit_gate:H:k1,0.15200000000000002,1.5975,2.25,0.8700000000000001,0.11000000000000001,0.55,0.13,0.3474999999999999,0.08250000000000002
0.5,1,0,serial_last:H:k1,0.15000000000000002,1.25,1.25,0.8700000000000001,0.11000000000000001,0.55,0.13,0.0,0.11000000000000001
0.5,1,0,exposed_vote:H:k2,0.16150000000000003,1.5,1.5,0.7825000000000002,0.060500000000000005,0.3025,0.13250000000000006,0.0,0.060500000000000005
0.5,1,0,blind_vote:H:k2,0.046,1.6,1.6,0.6500000000000001,0.001999999999999999,0.009999999999999995,0.0,0.0,0.001999999999999999
0.5,1,0,echo_gate:H:k2,0.10399999999999997,1.7174999999999998,2.5,0.7825000000000002,0.060500000000000005,0.3025,0.13250000000000006,0.2174999999999998,0.060500000000000005
0.5,1,0,blind_gate:H:k2,0.07199999999999998,1.95,2.6,0.6500000000000001,0.001999999999999999,0.009999999999999995,0.0,0.34999999999999987,0.001999999999999999
0.5,1,0,audit_gate:H:k2,0.12799999999999997,1.913125,2.5,0.7825000000000002,0.060500000000000005,0.3025,0.13250000000000006,0.41312499999999985,0.045375000000000006
0.5,1,0,serial_last:H:k2,0.15000000000000002,1.5,1.5,0.8700000000000001,0.11000000000000001,0.55,0.21999999999999997,0.0,0.11000000000000001
0.5,1,0,exposed_vote:H:k3,0.1513125,1.75,1.75,0.7191750000000001,0.033275,0.166375,0.1357750000000001,0.0,0.033275
0.5,1,0,blind_vote:H:k3,0.041499999999999995,1.9,1.9,0.5834,0.00019999999999999987,0.0009999999999999994,0.0,0.0,0.00019999999999999987
0.5,1,0,echo_gate:H:k3,0.08943999999999998,2.030825,2.75,0.7191750000000001,0.033275,0.166375,0.1357750000000001,0.2808249999999999,0.033275
0.5,1,0,blind_gate:H:k3,0.08352000000000001,2.3165999999999998,2.9,0.5834,0.00019999999999999987,0.0009999999999999994,0.0,0.41659999999999997,0.00019999999999999987
0.5,1,0,audit_gate:H:k3,0.11707999999999998,2.21061875,2.75,0.7191750000000001,0.033275,0.166375,0.1357750000000001,0.46061874999999985,0.02495625
0.5,1,0,serial_last:H:k3,0.15000000000000002,1.75,1.75,0.87,0.11,0.5499999999999999,0.28659999999999997,0.0,0.11
0.5,1,0,exposed_vote:H:k4,0.15208875,2.0,2.0,0.66990625,0.018301249999999998,0.09150624999999998,0.14500625,0.0,0.018301249999999998
0.5,1,0,blind_vote:H:k4,0.013419999999999994,2.2,2.2,0.5249,1.9999999999999985e-05,9.999999999999992e-05,0.0,0.0,1.9999999999999985e-05
0.5,1,0,echo_gate:H:k4,0.08432,2.33009375,3.0,0.66990625,0.018301249999999998,0.09150624999999998,0.14500625,0.33009374999999996,0.018301249999999998
0.5,1,0,blind_gate:H:k4,0.09504,2.6751,3.2,0.5249,1.9999999999999985e-05,9.999999999999992e-05,0.0,0.47509999999999997,1.9999999999999985e-05
0.5,1,0,audit_gate:H:k4,0.11324,2.4975703124999997,3.0,0.66990625,0.018301249999999998,0.09150624999999998,0.14500625,0.49757031249999994,0.013725937499999999
0.5,1,0,serial_last:H:k4,0.15000000000000002,2.0,2.0,0.87,0.10999999999999999,0.5499999999999999,0.34509999999999996,0.0,0.10999999999999999
0.5,1,0,exposed_vote:H:k5,0.14666593749999998,2.25,2.25,0.6290904375,0.0100656875,0.050328437499999996,0.15669643749999995,0.0,0.0100656875
0.5,1,0,blind_vote:H:k5,0.012609999999999993,2.5,2.5,0.4723940000000001,1.999999999999998e-06,9.999999999999989e-06,0.0,0.0,1.999999999999998e-06
0.5,1,0,echo_gate:H:k5,0.08424759999999999,2.6209095625,3.25,0.6290904375,0.0100656875,0.050328437499999996,0.15669643749999995,0.37090956249999996,0.0100656875
0.5,1,0,blind_gate:H:k5,0.10552319999999998,3.027606,3.5,0.4723940000000001,1.999999999999998e-06,9.999999999999989e-06,0.0,0.5276059999999999,1.999999999999998e-06
0.5,1,0,audit_gate:H:k5,0.11318569999999999,2.7781821718749997,3.25,0.6290904375,0.0100656875,0.050328437499999996,0.15669643749999995,0.5281821718749999,0.007549265625
0.5,1,0,serial_last:H:k5,0.15000000000000002,2.25,2.25,0.8700000000000001,0.11000000000000001,0.55,0.397606,0.0,0.11000000000000001
0.5,1,0,exposed_vote:H:k6,0.14901634375,2.5,2.5,0.593609640625,0.0055361281249999995,0.027680640624999996,0.16845664062499993,0.0,0.0055361281249999995
0.5,1,0,blind_vote:H:k6,0.004185999999999997,2.8,2.8,0.42515300000000006,1.9999999999999975e-07,9.999999999999987e-07,0.0,0.0,1.9999999999999975e-07
0.5,1,0,echo_gate:H:k6,0.08681420000000001,2.906390359375,3.5,0.593609640625,0.0055361281249999995,0.027680640624999996,0.16845664062499993,0.406390359375,0.0055361281249999995
0.5,1,0,blind_gate:H:k6,0.11496959999999999,3.374847,3.8,0.42515300000000006,1.9999999999999975e-07,9.999999999999987e-07,0.0,0.5748469999999999,1.9999999999999975e-07
0.5,1,0,audit_gate:H:k6,0.11511065000000001,3.0547927695312502,3.5,0.593609640625,0.0055361281249999995,0.027680640624999996,0.16845664062499993,0.55479276953125,0.00415209609375
0.5,1,0,serial_last:H:k6,0.15000000000000002,2.5,2.5,0.8700000000000001,0.11000000000000001,0.55,0.44484700000000005,0.0,0.11000000000000001
0.5,1,0,exposed_vote:H:k7,0.14561585351562498,2.75,2.75,0.5617147073437501,0.0030448704687499996,0.015224352343749997,0.17907716734375,0.0,0.0030448704687499996
0.5,1,0,blind_vote:H:k7,0.004003749999999998,3.1,3.1,0.38263754000000005,1.999999999999997e-08,9.999999999999985e-08,0.0,0.0,1.999999999999997e-08
0.5,1,0,echo_gate:H:k7,0.090701929,3.18828529265625,3.75,0.5617147073437501,0.0030448704687499996,0.015224352343749997,0.17907716734375,0.43828529265624994,0.0030448704687499996
0.5,1,0,blind_gate:H:k7,0.12347251199999999,3.71736246,4.1,0.38263754000000005,1.999999999999997e-08,9.999999999999985e-08,0.0,0.61736246,1.999999999999997e-08
0.5,1,0,audit_gate:H:k7,0.11802644675,3.3287139694921875,3.75,0.5617147073437501,0.0030448704687499996,0.015224352343749997,0.17907716734375,0.5787139694921875,0.0022836528515625
0.5,1,0,serial_last:H:k7,0.15000000000000002,2.75,2.75,0.87,0.10999999999999999,0.5499999999999999,0.48736245999999994,0.0,0.10999999999999999
0.5,1,0,exposed_vote:A:k1,0.1,0.5,0.5,1.0,0.1,1.0,0.17999999999999994,0.0,0.1
0.5,1,0,blind_vote:A:k1,0.1,0.55,0.55,0.8200000000000001,0.009999999999999998,0.09999999999999998,0.0,0.0,0.009999999999999998
0.5,1,0,echo_gate:A:k1,0.1,0.5,1.5,1.0,0.1,1.0,0.17999999999999994,0.0,0.1
0.5,1,0,blind_gate:A:k1,0.045999999999999985,0.73,1.55,0.8200000000000001,0.009999999999999998,0.09999999999999998,0.0,0.17999999999999994,0.009999999999999998
0.5,1,0,audit_gate:A:k1,0.125,0.75,1.5,1.0,0.1,1.0,0.17999999999999994,0.25,0.07500000000000001
0.5,1,0,serial_last:A:k1,0.1,0.5,0.5,1.0,0.1,1.0,0.17999999999999994,0.0,0.1
0.5,1,0,exposed_vote:A:k2,0.10000000000000002,0.75,0.75,1.0,0.10000000000000002,1.0000000000000002,0.2699999999999999,0.0,0.10000000000000002
0.5,1,0,blind_vote:A:k2,0.027999999999999997,0.85,0.85,0.7300000000000001,0.0009999999999999996,0.009999999999999995,0.0,0.0,0.0009999999999999996
0.5,1,0,echo_gate:A:k2,0.10000000000000002,0.75,1.75,1.0,0.10000000000000002,1.0000000000000002,0.2699999999999999,0.0,0.10000000000000002
0.5,1,0,blind_gate:A:k2,0.054999999999999986,1.1199999999999999,1.85,0.7300000000000001,0.0009999999999999996,0.009999999999999995,0.0,0.2699999999999999,0.0009999999999999996
0.5,1,0,audit_gate:A:k2,0.125,1.0,1.75,1.0,0.10000000000000002,1.0000000000000002,0.2699999999999999,0.25,0.07500000000000001
0.5,1,0,serial_last:A:k2,0.1,0.75,0.75,1.0,0.10000000000000002,1.0000000000000002,0.2699999999999999,0.0,0.10000000000000002
0.5,1,0,exposed_vote:A:k3,0.1,1.0,1.0,1.0,0.1,1.0,0.3437999999999999,0.0,0.1
0.5,1,0,blind_vote:A:k3,0.02799999999999999,1.15,1.15,0.6562000000000001,9.999999999999994e-05,0.0009999999999999994,0.0,0.0,9.999999999999994e-05
0.5,1,0,echo_gate:A:k3,0.1,1.0,2.0,1.0,0.1,1.0,0.3437999999999999,0.0,0.1
0.5,1,0,blind_gate:A:k3,0.06885999999999998,1.4937999999999998,2.15,0.6562000000000001,9.999999999999994e-05,0.0009999999999999994,0.0,0.3437999999999999,9.999999999999994e-05
0.5,1,0,audit_gate:A:k3,0.125,1.25,2.0,1.0,0.1,1.0,0.3437999999999999,0.25,0.07500000000000001
0.5,1,0,serial_last:A:k3,0.1,1.0,1.0,1.0,0.1,1.0,0.3437999999999999,0.0,0.1
0.5,1,0,exposed_vote:A:k4,0.1,1.25,1.25,1.0,0.1,1.0,0.4095,0.0,0.1
0.5,1,0,blind_vote:A:k4,0.008559999999999995,1.45,1.45,0.5905,9.999999999999992e-06,9.999999999999992e-05,0.0,0.0,9.999999999999992e-06
0.5,1,0,echo_gate:A:k4,0.1,1.25,2.25,1.0,0.1,1.0,0.4095,0.0,0.1
0.5,1,0,blind_gate:A:k4,0.08191,1.8595,2.45,0.5905,9.999999999999992e-06,9.999999999999992e-05,0.0,0.4095,9.999999999999992e-06
0.5,1,0,audit_gate:A:k4,0.125,1.5,2.25,1.0,0.1,1.0,0.4095,0.25,0.07500000000000001
0.5,1,0,serial_last:A:k4,0.1,1.25,1.25,1.0,0.1,1.0,0.4095,0.0,0.1
0.5,1,0,exposed_vote:A:k5,0.1,1.5,1.5,1.0,0.1,1.0,0.4685579999999999,0.0,0.1
0.5,1,0,blind_vote:A:k5,0.008559999999999996,1.75,1.75,0.5314420000000001,9.99999999999999e-07,9.999999999999989e-06,0.0,0.0,9.99999999999999e-07
0.5,1,0,echo_gate:A:k5,0.1,1.5,2.5,1.0,0.1,1.0,0.4685579999999999,0.0,0.1
0.5,1,0,blind_gate:A:k5,0.0937126,2.218558,2.75,0.5314420000000001,9.99999999999999e-07,9.999999999999989e-06,0.0,0.4685579999999999,9.99999999999999e-07
0.5,1,0,audit_gate:A:k5,0.125,1.75,2.5,1.0,0.1,1.0,0.4685579999999999,0.25,0.07500000000000001
0.5,1,0,serial_last:A:k5,0.1,1.5,1.5,1.0,0.1,1.0,0.4685579999999999,0.0,0.1
0.5,1,0,exposed_vote:A:k6,0.1,1.75,1.75,1.0,0.1,1.0,0.5217029999999999,0.0,0.1
0.5,1,0,blind_vote:A:k6,0.0027279999999999982,2.05,2.05,0.4782970000000001,9.999999999999988e-08,9.999999999999987e-07,0.0,0.0,9.999999999999988e-08
0.5,1,0,echo_gate:A:k6,0.1,1.75,2.75,1.0,0.1,1.0,0.5217029999999999,0.0,0.1
0.5,1,0,blind_gate:A:k6,0.1043407,2.571703,3.05,0.4782970000000001,9.999999999999988e-08,9.999999999999987e-07,0.0,0.5217029999999999,9.999999999999988e-08
0.5,1,0,audit_gate:A:k6,0.125,2.0,2.75,1.0,0.1,1.0,0.5217029999999999,0.25,0.07500000000000001
0.5,1,0,serial_last:A:k6,0.1,1.75,1.75,1.0,0.1,1.0,0.5217029999999999,0.0,0.1
0.5,1,0,exposed_vote:A:k7,0.1,2.0,2.0,1.0,0.1,1.0,0.5695327799999998,0.0,0.1
0.5,1,0,blind_vote:A:k7,0.0027279999999999982,2.35,2.35,0.4304672200000001,9.999999999999985e-09,9.999999999999985e-08,0.0,0.0,9.999999999999985e-09
0.5,1,0,echo_gate:A:k7,0.1,2.0,3.0,1.0,0.1,1.0,0.5695327799999998,0.0,0.1
0.5,1,0,blind_gate:A:k7,0.11390656599999997,2.91953278,3.35,0.4304672200000001,9.999999999999985e-09,9.999999999999985e-08,0.0,0.5695327799999998,9.999999999999985e-09
0.5,1,0,audit_gate:A:k7,0.125,2.25,3.0,1.0,0.1,1.0,0.5695327799999998,0.25,0.07500000000000001
0.5,1,0,serial_last:A:k7,0.1,2.0,2.0,1.0,0.1,1.0,0.5695327799999998,0.0,0.1
0.5,1,0.5,alone:H:k0,0.2,1.0,1.0,1.0,0.2,1.0,0.0,0.0,0.2
0.5,1,0.5,alone:A:k0,0.1,0.25,0.25,1.0,0.1,1.0,0.0,0.0,0.1
0.5,1,0.5,exposed_vote:H:k1,0.17500000000000002,1.25,1.25,0.8700000000000001,0.11000000000000001,0.55,0.13,0.0,0.11000000000000001
0.5,1,0.5,blind_vote:H:k1,0.15000000000000002,1.3,1.3,0.7400000000000001,0.02,0.09999999999999999,0.0,0.0,0.02
0.5,1,0.5,echo_gate:H:k1,0.136,1.38,2.25,0.8700000000000001,0.11000000000000001,0.55,0.13,0.1299999999999999,0.11000000000000001
0.5,1,0.5,blind_gate:H:k1,0.07199999999999998,1.56,2.3,0.7400000000000001,0.02,0.09999999999999999,0.0,0.2599999999999999,0.02
0.5,1,0.5,audit_gate:H:k1,0.15200000000000002,1.5975,2.25,0.8700000000000001,0.11000000000000001,0.55,0.13,0.3474999999999999,0.08250000000000002
0.5,1,0.5,serial_last:H:k1,0.15000000000000002,1.25,1.25,0.8700000000000001,0.11000000000000001,0.55,0.13,0.0,0.11000000000000001
0.5,1,0.5,exposed_vote:H:k2,0.16825,1.5,1.5,0.7937500000000001,0.06275,0.31375,0.09875,0.0,0.06275
0.5,1,0.5,blind_vote:H:k2,0.07300000000000001,1.6,1.6,0.6950000000000001,0.011000000000000001,0.055,0.0,0.0,0.011000000000000001
0.5,1,0.5,echo_gate:H:k2,0.10399999999999998,1.7062499999999998,2.5,0.7937500000000001,0.06275,0.31375,0.09875,0.20624999999999993,0.06275
0.5,1,0.5,blind_gate:H:k2,0.072,1.905,2.6,0.6950000000000001,0.011000000000000001,0.055,0.0,0.30499999999999994,0.011000000000000001
0.5,1,0.5,audit_gate:H:k2,0.128,1.9046875,2.5,0.7937500000000001,0.06275,0.31375,0.09875,0.4046875,0.0470625
0.5,1,0.5,serial_last:H:k2,0.15000000000000002,1.5,1.5,0.8700000000000001,0.11000000000000001,0.55,0.17500000000000004,0.0,0.11000000000000001
0.5,1,0.5,exposed_vote:H:k3,0.16003124999999999,1.75,1.75,0.7458375,0.037887500000000005,0.1894375,0.08413749999999998,0.0,0.037887500000000005
0.5,1,0.5,blind_vote:H:k3,0.07075000000000001,1.9,1.9,0.6617000000000001,0.010100000000000001,0.0505,0.0,0.0,0.010100000000000001
0.5,1,0.5,echo_gate:H:k3,0.08872,2.0041625,2.75,0.7458375,0.037887500000000005,0.1894375,0.08413749999999998,0.25416249999999996,0.037887500000000005
0.5,1,0.5,blind_gate:H:k3,0.07775999999999998,2.2382999999999997,2.9,0.6617000000000001,0.010100000000000001,0.0505,0.0,0.33829999999999993,0.010100000000000001
0.5,1,0.5,audit_gate:H:k3,0.11653999999999999,2.1906218749999997,2.75,0.7458375,0.037887500000000005,0.1894375,0.08413749999999998,0.44062187499999994,0.028415625000000003
0.5,1,0.5,serial_last:H:k3,0.15000000000000002,1.75,1.75,0.8700000000000001,0.11000000000000001,0.55,0.20830000000000004,0.0,0.11000000000000001
0.5,1,0.5,exposed_vote:H:k4,0.16041937500000003,2.0,2.0,0.7130781250000001,0.024775625000000003,0.123878125,0.08062812500000005,0.0,0.024775625000000003
0.5,1,0.5,blind_vote:H:k4,0.05671,2.2,2.2,0.6324500000000001,0.010010000000000002,0.050050000000000004,0.0,0.0,0.010010000000000002
0.5,1,0.5,echo_gate:H:k4,0.08215999999999998,2.286921875,3.0,0.7130781250000001,0.024775625000000003,0.123878125,0.08062812500000005,0.2869218749999999,0.024775625000000003
0.5,1,0.5,blind_gate:H:k4,0.08352,2.56755,3.2,0.6324500000000001,0.010010000000000002,0.050050000000000004,0.0,0.36754999999999993,0.010010000000000002
0.5,1,0.5,audit_gate:H:k4,0.11161999999999998,2.4651914062499998,3.0,0.7130781250000001,0.024775625000000003,0.123878125,0.08062812500000005,0.4651914062499999,0.018581718750000004
0.5,1,0.5,serial_last:H:k4,0.15000000000000002,2.0,2.0,0.8700000000000001,0.11000000000000001,0.55,0.23755000000000004,0.0,0.11000000000000001
0.5,1,0.5,exposed_vote:H:k5,0.15614546875,2.25,2.25,0.68860771875,0.017845343750000003,0.08922671875,0.08241071874999994,0.0,0.017845343750000003
0.5,1,0.5,blind_vote:H:k5,0.056305,2.5,2.5,0.6061970000000001,0.010001000000000001,0.050005,0.0,0.0,0.010001000000000001
0.5,1,0.5,echo_gate:H:k5,0.0801238,2.56139228125,3.25,0.68860771875,0.017845343750000003,0.08922671875,0.08241071874999994,0.31139228124999996,0.017845343750000003
0.5,1,0.5,blind_gate:H:k5,0.08876159999999998,2.893803,3.5,0.6061970000000001,0.010001000000000001,0.050005,0.0,0.3938029999999999,0.010001000000000001
0.5,1,0.5,audit_gate:H:k5,0.11009285,2.7335442109375,3.25,0.68860771875,0.017845343750000003,0.08922671875,0.08241071874999994,0.4835442109375,0.013384007812500001
0.5,1,0.5,serial_last:H:k5,0.15000000000000002,2.25,2.25,0.87,0.11000000000000001,0.55,0.2638029999999999,0.0,0.11000000000000001
0.5,1,0.5,exposed_vote:H:k6,0.157320671875,2.5,2.5,0.6688360703125,0.0141743140625,0.07087157031249999,0.08625957031250009,0.0,0.0141743140625
0.5,1,0.5,blind_vote:H:k6,0.052093,2.8,2.8,0.5825764999999999,0.010000100000000001,0.0500005,0.0,0.0,0.010000100000000001
0.5,1,0.5,echo_gate:H:k6,0.0804071,2.8311639296875,3.5,0.6688360703125,0.0141743140625,0.07087157031249999,0.08625957031250009,0.33116392968749997,0.0141743140625
0.5,1,0.5,blind_gate:H:k6,0.09348480000000002,3.2174234999999998,3.8,0.5825764999999999,0.010000100000000001,0.0500005,0.0,0.41742350000000006,0.010000100000000001
0.5,1,0.5,audit_gate:H:k6,0.11030532500000001,2.998372947265625,3.5,0.6688360703125,0.0141743140625,0.07087157031249999,0.08625957031250009,0.498372947265625,0.010630735546875
0.5,1,0.5,serial_last:H:k6,0.15000000000000002,2.5,2.5,0.87,0.11,0.5499999999999999,0.28742350000000005,0.0,0.11
0.5,1,0.5,exposed_vote:H:k7,0.15464386425781257,2.75,2.75,0.651872978671875,0.012225560234375,0.061127801171874996,0.09055420867187502,0.0,0.012225560234375
0.5,1,0.5,blind_vote:H:k7,0.052001875,3.1,3.1,0.56131877,0.010000010000000002,0.050000050000000004,0.0,0.0,0.010000010000000002
0.5,1,0.5,echo_gate:H:k7,0.08185096450000001,3.098127021328125,3.75,0.651872978671875,0.012225560234375,0.061127801171874996,0.09055420867187502,0.348127021328125,0.012225560234375
0.5,1,0.5,blind_gate:H:k7,0.09773625600000002,3.53868123,4.1,0.56131877,0.010000010000000002,0.050000050000000004,0.0,0.43868123000000003,0.010000010000000002
0.5,1,0.5,audit_gate:H:k7,0.11138822337500001,3.2610952659960937,3.75,0.651872978671875,0.012225560234375,0.061127801171874996,0.09055420867187502,0.5110952659960938,0.00916917017578125
0.5,1,0.5,serial_last:H:k7,0.15000000000000002,2.75,2.75,0.87,0.11,0.5499999999999999,0.30868123000000003,0.0,0.11
0.5,1,0.5,exposed_vote:A:k1,0.1,0.5,0.5,1.0,0.1,1.0,0.08999999999999997,0.0,0.1
0.5,1,0.5,blind_vote:A:k1,0.09999999999999999,0.55,0.55,0.91,0.055,0.5499999999999999,0.0,0.0,0.055
0.5,1,0.5,echo_gate:A:k1,0.1,0.5,1.5,1.0,0.1,1.0,0.08999999999999997,0.0,0.1
0.5,1,0.5,blind_gate:A:k1,0.073,0.64,1.55,0.91,0.055,0.5499999999999999,0.0,0.08999999999999997,0.055
0.5,1,0.5,audit_gate:A:k1,0.125,0.75,1.5,1.0,0.1,1.0,0.08999999999999997,0.25,0.07500000000000001
0.5,1,0.5,serial_last:A:k1,0.1,0.5,0.5,1.0,0.1,1.0,0.08999999999999997,0.0,0.1
0.5,1,0.5,exposed_vote:A:k2,0.1,0.75,0.75,1.0,0.1,1.0,0.135,0.0,0.1
0.5,1,0.5,blind_vote:A:k2,0.064,0.85,0.85,0.865,0.0505,0.505,0.0,0.0,0.0505
0.5,1,0.5,echo_gate:A:k2,0.1,0.75,1.75,1.0,0.1,1.0,0.135,0.0,0.1
0.5,1,0.5,blind_gate:A:k2,0.07750000000000001,0.985,1.85,0.865,0.0505,0.505,0.0,0.135,0.0505
0.5,1,0.5,audit_gate:A:k2,0.125,1.0,1.75,1.0,0.1,1.0,0.135,0.25,0.07500000000000001
0.5,1,0.5,serial_last:A:k2,0.1,0.75,0.75,1.0,0.1,1.0,0.135,0.0,0.1
0.5,1,0.5,exposed_vote:A:k3,0.1,1.0,1.0,1.0,0.1,1.0,0.17189999999999983,0.0,0.1
0.5,1,0.5,blind_vote:A:k3,0.064,1.15,1.15,0.8281000000000002,0.050050000000000004,0.5005000000000001,0.0,0.0,0.050050000000000004
0.5,1,0.5,echo_gate:A:k3,0.1,1.0,2.0,1.0,0.1,1.0,0.17189999999999983,0.0,0.1
0.5,1,0.5,blind_gate:A:k3,0.08442999999999998,1.3218999999999999,2.15,0.8281000000000002,0.050050000000000004,0.5005000000000001,0.0,0.17189999999999983,0.050050000000000004
0.5,1,0.5,audit_gate:A:k3,0.125,1.25,2.0,1.0,0.1,1.0,0.17189999999999983,0.25,0.07500000000000001
0.5,1,0.5,serial_last:A:k3,0.1,1.0,1.0,1.0,0.1,1.0,0.17189999999999983,0.0,0.1
0.5,1,0.5,exposed_vote:A:k4,0.1,1.25,1.25,1.0,0.1,1.0,0.20475,0.0,0.1
0.5,1,0.5,blind_vote:A:k4,0.05428,1.45,1.45,0.79525,0.050005,0.50005,0.0,0.0,0.050005
0.5,1,0.5,echo_gate:A:k4,0.1,1.25,2.25,1.0,0.1,1.0,0.20475,0.0,0.1
0.5,1,0.5,blind_gate:A:k4,0.09095500000000001,1.65475,2.45,0.79525,0.050005,0.50005,0.0,0.20475,0.050005
0.5,1,0.5,audit_gate:A:k4,0.125,1.5,2.25,1.0,0.1,1.0,0.20475,0.25,0.07500000000000001
0.5,1,0.5,serial_last:A:k4,0.1,1.25,1.25,1.0,0.1,1.0,0.20475,0.0,0.1
0.5,1,0.5,exposed_vote:A:k5,0.10000000000000002,1.5,1.5,1.0,0.10000000000000002,1.0000000000000002,0.23427900000000002,0.0,0.10000000000000002
0.5,1,0.5,blind_vote:A:k5,0.05428,1.75,1.75,0.765721,0.0500005,0.500005,0.0,0.0,0.0500005
0.5,1,0.5,echo_gate:A:k5,0.10000000000000002,1.5,2.5,1.0,0.10000000000000002,1.0000000000000002,0.23427900000000002,0.0,0.10000000000000002
0.5,1,0.5,blind_gate:A:k5,0.0968563,1.984279,2.75,0.765721,0.0500005,0.500005,0.0,0.23427900000000002,0.0500005
0.5,1,0.5,audit_gate:A:k5,0.125,1.75,2.5,1.0,0.10000000000000002,1.0000000000000002,0.23427900000000002,0.25,0.07500000000000001
0.5,1,0.5,serial_last:A:k5,0.1,1.5,1.5,1.0,0.10000000000000002,1.0000000000000002,0.23427900000000002,0.0,0.10000000000000002
0.5,1,0.5,exposed_vote:A:k6,0.1,1.75,1.75,1.0,0.1,1.0,0.2608515,0.0,0.1
0.5,1,0.5,blind_vote:A:k6,0.051364,2.05,2.05,0.7391485,0.050000050000000004,0.5000005,0.0,0.0,0.050000050000000004
0.5,1,0.5,echo_gate:A:k6,0.1,1.75,2.75,1.0,0.1,1.0,0.2608515,0.0,0.1
0.5,1,0.5,blind_gate:A:k6,0.10217035000000001,2.3108515,3.05,0.7391485,0.050000050000000004,0.5000005,0.0,0.2608515,0.050000050000000004
0.5,1,0.5,audit_gate:A:k6,0.125,2.0,2.75,1.0,0.1,1.0,0.2608515,0.25,0.07500000000000001
0.5,1,0.5,serial_last:A:k6,0.1,1.75,1.75,1.0,0.1,1.0,0.2608515,0.0,0.1
0.5,1,0.5,exposed_vote:A:k7,0.09999999999999999,2.0,2.0,1.0,0.09999999999999999,0.9999999999999999,0.2847663899999999,0.0,0.09999999999999999
0.5,1,0.5,blind_vote:A:k7,0.05136399999999999,2.35,2.35,0.7152336100000001,0.050000005,0.5000000499999999,0.0,0.0,0.050000005
0.5,1,0.5,echo_gate:A:k7,0.09999999999999999,2.0,3.0,1.0,0.09999999999999999,0.9999999999999999,0.2847663899999999,0.0,0.09999999999999999
0.5,1,0.5,blind_gate:A:k7,0.10695328299999998,2.6347663900000002,3.35,0.7152336100000001,0.050000005,0.5000000499999999,0.0,0.2847663899999999,0.050000005
0.5,1,0.5,audit_gate:A:k7,0.125,2.25,3.0,1.0,0.09999999999999999,0.9999999999999999,0.2847663899999999,0.25,0.075
0.5,1,0.5,serial_last:A:k7,0.1,2.0,2.0,1.0,0.09999999999999999,0.9999999999999999,0.2847663899999999,0.0,0.09999999999999999
0.5,1,0.9,alone:H:k0,0.2,1.0,1.0,1.0,0.2,1.0,0.0,0.0,0.2
0.5,1,0.9,alone:A:k0,0.1,0.25,0.25,1.0,0.1,1.0,0.0,0.0,0.1
0.5,1,0.9,exposed_vote:H:k1,0.17500000000000004,1.25,1.25,0.8700000000000001,0.11000000000000001,0.55,0.13,0.0,0.11000000000000001
0.5,1,0.9,blind_vote:H:k1,0.15000000000000002,1.3,1.3,0.7400000000000001,0.020000000000000004,0.10000000000000002,0.0,0.0,0.020000000000000004
0.5,1,0.9,echo_gate:H:k1,0.136,1.38,2.25,0.8700000000000001,0.11000000000000001,0.55,0.13,0.1299999999999999,0.11000000000000001
0.5,1,0.9,blind_gate:H:k1,0.07199999999999998,1.56,2.3,0.7400000000000001,0.020000000000000004,0.10000000000000002,0.0,0.2599999999999999,0.020000000000000004
0.5,1,0.9,audit_gate:H:k1,0.15200000000000002,1.5975,2.25,0.8700000000000001,0.11000000000000001,0.55,0.13,0.3474999999999999,0.08250000000000002
0.5,1,0.9,serial_last:H:k1,0.15000000000000002,1.25,1.25,0.8700000000000001,0.11000000000000001,0.55,0.13,0.0,0.11000000000000001
0.5,1,0.9,exposed_vote:H:k2,0.17365000000000003,1.5,1.5,0.8027500000000001,0.06455000000000001,0.32275000000000004,0.07174999999999998,0.0,0.06455000000000001
0.5,1,0.9,blind_vote:H:k2,0.09460000000000002,1.6,1.6,0.7310000000000001,0.018200000000000004,0.09100000000000001,0.0,0.0,0.018200000000000004
0.5,1,0.9,echo_gate:H:k2,0.104,1.69725,2.5,0.8027500000000001,0.06455000000000001,0.32275000000000004,0.07174999999999998,0.19724999999999993,0.06455000000000001
0.5,1,0.9,blind_gate:H:k2,0.072,1.869,2.6,0.7310000000000001,0.018200000000000004,0.09100000000000001,0.0,0.2689999999999999,0.018200000000000004
0.5,1,0.9,audit_gate:H:k2,0.128,1.8979374999999998,2.5,0.8027500000000001,0.06455000000000001,0.32275000000000004,0.07174999999999998,0.39793749999999994,0.04841250000000001
0.5,1,0.9,serial_last:H:k2,0.15000000000000002,1.5,1.5,0.8700000000000001,0.11000000000000001,0.55,0.139,0.0,0.11000000000000001
0.5,1,0.9,exposed_vote:H:k3,0.16700625,1.75,1.75,0.7671675000000001,0.0415775,0.2078875,0.04282750000000002,0.0,0.0415775
0.5,1,0.9,blind_vote:H:k3,0.09415000000000001,1.9,1.9,0.7243400000000001,0.018020000000000005,0.09010000000000001,0.0,0.0,0.018020000000000005
0.5,1,0.9,echo_gate:H:k3,0.08814399999999999,1.9828324999999998,2.75,0.7671675000000001,0.0415775,0.2078875,0.04282750000000002,0.2328324999999999,0.0415775
0.5,1,0.9,blind_gate:H:k3,0.073152,2.1756599999999997,2.9,0.7243400000000001,0.018020000000000005,0.09010000000000001,0.0,0.2756599999999999,0.018020000000000005
0.5,1,0.9,audit_gate:H:k3,0.116108,2.174624375,2.75,0.7671675000000001,0.0415775,0.2078875,0.04282750000000002,0.42462437499999994,0.031183125000000003
0.5,1,0.9,serial_last:H:k3,0.15000000000000002,1.75,1.75,0.8700000000000001,0.11000000000000001,0.55,0.14566,0.0,0.11000000000000001
0.5,1,0.9,exposed_vote:H:k4,0.167083875,2.0,2.0,0.747615625,0.029955125000000003,0.149775625,0.029125625000000044,0.0,0.029955125000000003
0.5,1,0.9,blind_vote:H:k4,0.09134199999999999,2.2,2.2,0.71849,0.018002,0.09000999999999999,0.0,0.0,0.018002
0.5,1,0.9,echo_gate:H:k4,0.080432,2.252384375,3.0,0.747615625,0.029955125000000003,0.149775625,0.029125625000000044,0.252384375,0.029955125000000003
0.5,1,0.9,blind_gate:H:k4,0.07430400000000001,2.48151,3.2,0.71849,0.018002,0.09000999999999999,0.0,0.28151000000000004,0.018002
0.5,1,0.9,audit_gate:H:k4,0.110324,2.43928828125,3.0,0.747615625,0.029955125000000003,0.149775625,0.029125625000000044,0.43928828124999997,0.022466343750000003
0.5,1,0.9,serial_last:H:k4,0.15000000000000002,2.0,2.0,0.87,0.11,0.5499999999999999,0.15151000000000003,0.0,0.11
0.5,1,0.9,exposed_vote:H:k5,0.16372909375,2.25,2.25,0.73622154375,0.024069068750000002,0.12034534375,0.02298214374999996,0.0,0.024069068750000002
0.5,1,0.9,blind_vote:H:k5,0.09126100000000002,2.5,2.5,0.7132394000000001,0.018000200000000004,0.09000100000000001,0.0,0.0,0.018000200000000004
0.5,1,0.9,echo_gate:H:k5,0.07682475999999999,2.51377845625,3.25,0.73622154375,0.024069068750000002,0.12034534375,0.02298214374999996,0.26377845624999996,0.024069068750000002
0.5,1,0.9,blind_gate:H:k5,0.07535231999999999,2.7867606,3.5,0.7132394000000001,0.018000200000000004,0.09000100000000001,0.0,0.2867605999999999,0.018000200000000004
0.5,1,0.9,audit_gate:H:k5,0.10761857,2.6978338421875,3.25,0.73622154375,0.024069068750000002,0.12034534375,0.02298214374999996,0.4478338421875,0.0180518015625
0.5,1,0.9,serial_last:H:k5,0.15000000000000002,2.25,2.25,0.8700000000000001,0.11000000000000001,0.55,0.15676060000000003,0.0,0.11000000000000001
0.5,1,0.9,exposed_vote:H:k6,0.16396413437500001,2.5,2.5,0.7290172140625001,0.0210848628125,0.1054243140625,0.020501914062500015,0.0,0.0210848628125
0.5,1,0.9,blind_vote:H:k6,0.09041860000000002,2.8,2.8,0.7085153000000001,0.018000020000000002,0.0900001,0.0,0.0,0.018000020000000002
0.5,1,0.9,echo_gate:H:k6,0.07528141999999999,2.7709827859375,3.5,0.7290172140625001,0.0210848628125,0.1054243140625,0.020501914062500015,0.2709827859374999,0.0210848628125
0.5,1,0.9,blind_gate:H:k6,0.07629696,3.0914846999999996,3.8,0.7085153000000001,0.018000020000000002,0.0900001,0.0,0.29148469999999993,0.018000020000000002
0.5,1,0.9,audit_gate:H:k6,0.106461065,2.953237089453125,3.5,0.7290172140625001,0.0210848628125,0.1054243140625,0.020501914062500015,0.4532370894531249,0.015813647109375002
0.5,1,0.9,serial_last:H:k6,0.15000000000000002,2.5,2.5,0.8700000000000001,0.11000000000000001,0.55,0.16148470000000004,0.0,0.11000000000000001
0.5,1,0.9,exposed_vote:H:k7,0.16186627285156252,2.75,2.75,0.7239995957343751,0.019570112046875004,0.09785056023437502,0.019735841734375037,0.0,0.019570112046875004
0.5,1,0.9,blind_vote:H:k7,0.090400375,3.1,3.1,0.7042637540000001,0.018000002,0.09000001,0.0,0.0,0.018000002
0.5,1,0.9,echo_gate:H:k7,0.07477019289999998,3.0260004042656248,3.75,0.7239995957343751,0.019570112046875004,0.09785056023437502,0.019735841734375037,0.2760004042656249,0.019570112046875004
0.5,1,0.9,blind_gate:H:k7,0.07714725119999999,3.3957362460000002,4.1,0.7042637540000001,0.018000002,0.09000001,0.0,0.2957362459999999,0.018000002
0.5,1,0.9,audit_gate:H:k7,0.106077644675,3.2070003031992185,3.75,0.7239995957343751,0.019570112046875004,0.09785056023437502,0.019735841734375037,0.4570003031992187,0.014677584035156253
0.5,1,0.9,serial_last:H:k7,0.15000000000000002,2.75,2.75,0.8700000000000001,0.11000000000000001,0.55,0.16573624600000003,0.0,0.11000000000000001
0.5,1,0.9,exposed_vote:A:k1,0.1,0.5,0.5,1.0,0.1,1.0,0.018000000000000016,0.0,0.1
0.5,1,0.9,blind_vote:A:k1,0.10000000000000002,0.55,0.55,0.982,0.09100000000000001,0.91,0.0,0.0,0.09100000000000001
0.5,1,0.9,echo_gate:A:k1,0.1,0.5,1.5,1.0,0.1,1.0,0.018000000000000016,0.0,0.1
0.5,1,0.9,blind_gate:A:k1,0.09460000000000002,0.5680000000000001,1.55,0.982,0.09100000000000001,0.91,0.0,0.018000000000000016,0.09100000000000001
0.5,1,0.9,audit_gate:A:k1,0.125,0.75,1.5,1.0,0.1,1.0,0.018000000000000016,0.25,0.07500000000000001
0.5,1,0.9,serial_last:A:k1,0.1,0.5,0.5,1.0,0.1,1.0,0.018000000000000016,0.0,0.1
0.5,1,0.9,exposed_vote:A:k2,0.1,0.75,0.75,1.0,0.1,1.0,0.026999999999999913,0.0,0.1
0.5,1,0.9,blind_vote:A:k2,0.09280000000000001,0.85,0.85,0.9730000000000001,0.09010000000000001,0.9010000000000001,0.0,0.0,0.09010000000000001
0.5,1,0.9,echo_gate:A:k2,0.1,0.75,1.75,1.0,0.1,1.0,0.026999999999999913,0.0,0.1
0.5,1,0.9,blind_gate:A:k2,0.0955,0.8769999999999999,1.85,0.9730000000000001,0.09010000000000001,0.9010000000000001,0.0,0.026999999999999913,0.09010000000000001
0.5,1,0.9,audit_gate:A:k2,0.125,1.0,1.75,1.0,0.1,1.0,0.026999999999999913,0.25,0.07500000000000001
0.5,1,0.9,serial_last:A:k2,0.1,0.75,0.75,1.0,0.1,1.0,0.026999999999999913,0.0,0.1
0.5,1,0.9,exposed_vote:A:k3,0.10000000000000002,1.0,1.0,1.0,0.10000000000000002,1.0000000000000002,0.034379999999999966,0.0,0.10000000000000002
0.5,1,0.9,blind_vote:A:k3,0.09280000000000001,1.15,1.15,0.96562,0.09001,0.9001,0.0,0.0,0.09001
0.5,1,0.9,echo_gate:A:k3,0.10000000000000002,1.0,2.0,1.0,0.10000000000000002,1.0000000000000002,0.034379999999999966,0.0,0.10000000000000002
0.5,1,0.9,blind_gate:A:k3,0.096886,1.18438,2.15,0.96562,0.09001,0.9001,0.0,0.034379999999999966,0.09001
0.5,1,0.9,audit_gate:A:k3,0.125,1.25,2.0,1.0,0.10000000000000002,1.0000000000000002,0.034379999999999966,0.25,0.07500000000000001
0.5,1,0.9,serial_last:A:k3,0.1,1.0,1.0,1.0,0.10000000000000002,1.0000000000000002,0.034379999999999966,0.0,0.10000000000000002
0.5,1,0.9,exposed_vote:A:k4,0.1,1.25,1.25,1.0,0.1,1.0,0.04094999999999993,0.0,0.1
0.5,1,0.9,blind_vote:A:k4,0.090856,1.45,1.45,0.9590500000000001,0.09000100000000001,0.9000100000000001,0.0,0.0,0.09000100000000001
0.5,1,0.9,echo_gate:A:k4,0.1,1.25,2.25,1.0,0.1,1.0,0.04094999999999993,0.0,0.1
0.5,1,0.9,blind_gate:A:k4,0.098191,1.4909499999999998,2.45,0.9590500000000001,0.09000100000000001,0.9000100000000001,0.0,0.04094999999999993,0.09000100000000001
0.5,1,0.9,audit_gate:A:k4,0.125,1.5,2.25,1.0,0.1,1.0,0.04094999999999993,0.25,0.07500000000000001
0.5,1,0.9,serial_last:A:k4,0.1,1.25,1.25,1.0,0.1,1.0,0.04094999999999993,0.0,0.1
0.5,1,0.9,exposed_vote:A:k5,0.1,1.5,1.5,1.0,0.1,1.0,0.04685579999999989,0.0,0.1
0.5,1,0.9,blind_vote:A:k5,0.09085600000000002,1.75,1.75,0.9531442000000001,0.09000010000000001,0.900001,0.0,0.0,0.09000010000000001
0.5,1,0.9,echo_gate:A:k5,0.1,1.5,2.5,1.0,0.1,1.0,0.04685579999999989,0.0,0.1
0.5,1,0.9,blind_gate:A:k5,0.09937125999999999,1.7968558,2.75,0.9531442000000001,0.09000010000000001,0.900001,0.0,0.04685579999999989,0.09000010000000001
0.5,1,0.9,audit_gate:A:k5,0.125,1.75,2.5,1.0,0.1,1.0,0.04685579999999989,0.25,0.07500000000000001
0.5,1,0.9,serial_last:A:k5,0.1,1.5,1.5,1.0,0.1,1.0,0.04685579999999989,0.0,0.1
0.5,1,0.9,exposed_vote:A:k6,0.1,1.75,1.75,1.0,0.1,1.0,0.05217029999999989,0.0,0.1
0.5,1,0.9,blind_vote:A:k6,0.09027279999999999,2.05,2.05,0.9478297000000001,0.09000001,0.9000001,0.0,0.0,0.09000001
0.5,1,0.9,echo_gate:A:k6,0.1,1.75,2.75,1.0,0.1,1.0,0.05217029999999989,0.0,0.1
0.5,1,0.9,blind_gate:A:k6,0.10043406999999999,2.1021702999999996,3.05,0.9478297000000001,0.09000001,0.9000001,0.0,0.05217029999999989,0.09000001
0.5,1,0.9,audit_gate:A:k6,0.125,2.0,2.75,1.0,0.1,1.0,0.05217029999999989,0.25,0.07500000000000001
0.5,1,0.9,serial_last:A:k6,0.1,1.75,1.75,1.0,0.1,1.0,0.05217029999999989,0.0,0.1
0.5,1,0.9,exposed_vote:A:k7,0.10000000000000002,2.0,2.0,1.0,0.10000000000000002,1.0000000000000002,0.05695327799999994,0.0,0.10000000000000002
0.5,1,0.9,blind_vote:A:k7,0.09027280000000003,2.35,2.35,0.9430467220000001,0.09000000100000001,0.9000000100000001,0.0,0.0,0.09000000100000001
0.5,1,0.9,echo_gate:A:k7,0.10000000000000002,2.0,3.0,1.0,0.10000000000000002,1.0000000000000002,0.05695327799999994,0.0,0.10000000000000002
0.5,1,0.9,blind_gate:A:k7,0.1013906566,2.406953278,3.35,0.9430467220000001,0.09000000100000001,0.9000000100000001,0.0,0.05695327799999994,0.09000000100000001
0.5,1,0.9,audit_gate:A:k7,0.125,2.25,3.0,1.0,0.10000000000000002,1.0000000000000002,0.05695327799999994,0.25,0.07500000000000001
0.5,1,0.9,serial_last:A:k7,0.1,2.0,2.0,1.0,0.10000000000000002,1.0000000000000002,0.05695327799999994,0.0,0.10000000000000002
0.8,0,0,alone:H:k0,0.2,1.0,1.0,1.0,0.2,1.0,0.0,0.0,0.2
0.8,0,0,alone:A:k0,0.1,0.25,0.25,1.0,0.1,1.0,0.0,0.0,0.1
0.8,0,0,exposed_vote:H:k1,0.19,1.25,1.25,0.9480000000000001,0.164,0.82,0.20799999999999996,0.0,0.164
0.8,0,0,blind_vote:H:k1,0.15000000000000002,1.3,1.3,0.7400000000000001,0.019999999999999997,0.09999999999999998,0.0,0.0,0.019999999999999997
0.8,0,0,echo_gate:H:k1,0.1744,1.302,2.25,0.9480000000000001,0.164,0.82,0.20799999999999996,0.051999999999999935,0.164
0.8,0,0,blind_gate:H:k1,0.07199999999999998,1.56,2.3,0.7400000000000001,0.019999999999999997,0.09999999999999998,0.0,0.2599999999999999,0.019999999999999997
0.8,0,0,audit_gate:H:k1,0.1808,1.539,2.25,0.9480000000000001,0.164,0.82,0.20799999999999996,0.2889999999999999,0.123
0.8,0,0,serial_last:H:k1,0.18000000000000002,1.25,1.25,0.9480000000000001,0.164,0.82,0.20799999999999996,0.0,0.164
0.8,0,0,exposed_vote:H:k2,0.19384,1.5,1.5,0.9028000000000002,0.13448000000000004,0.6724000000000002,0.2528,0.0,0.13448000000000004
0.8,0,0,blind_vote:H:k2,0.046,1.6,1.6,0.6500000000000001,0.001999999999999999,0.009999999999999995,0.0,0.0,0.001999999999999999
0.8,0,0,echo_gate:H:k2,0.15392,1.5972,2.5,0.9028000000000002,0.13448000000000004,0.6724000000000002,0.2528,0.09719999999999984,0.13448000000000004
0.8,0,0,blind_gate:H:k2,0.07199999999999998,1.95,2.6,0.6500000000000001,0.001999999999999999,0.009999999999999995,0.0,0.34999999999999987,0.001999999999999999
0.8,0,0,audit_gate:H:k2,0.16544,1.8228999999999997,2.5,0.9028000000000002,0.13448000000000004,0.6724000000000002,0.2528,0.32289999999999985,0.10086000000000003
0.8,0,0,serial_last:H:k2,0.1,1.5,1.5,0.7220000000000001,0.016399999999999998,0.08199999999999999,0.07199999999999995,0.0,0.016399999999999998
0.8,0,0,exposed_vote:H:k3,0.19133999999999998,1.75,1.75,0.8632272000000001,0.11027360000000003,0.5513680000000001,0.27982720000000005,0.0,0.11027360000000003
0.8,0,0,blind_vote:H:k3,0.041499999999999995,1.9,1.9,0.5834,0.00019999999999999987,0.0009999999999999994,0.0,0.0,0.00019999999999999987
0.8,0,0,echo_gate:H:k3,0.13762816,1.8867728,2.75,0.8632272000000001,0.11027360000000003,0.5513680000000001,0.27982720000000005,0.13677279999999992,0.11027360000000003
0.8,0,0,blind_gate:H:k3,0.08352000000000001,2.3165999999999998,2.9,0.5834,0.00019999999999999987,0.0009999999999999994,0.0,0.41659999999999997,0.00019999999999999987
0.8,0,0,audit_gate:H:k3,0.15322112,2.1025796,2.75,0.8632272000000001,0.11027360000000003,0.5513680000000001,0.27982720000000005,0.3525795999999999,0.08270520000000002
0.8,0,0,serial_last:H:k3,0.1,1.75,1.75,0.63668,0.0016399999999999995,0.008199999999999997,0.053279999999999994,0.0,0.0016399999999999995
0.8,0,0,exposed_vote:H:k4,0.195989472,2.0,2.0,0.8283188800000001,0.09042435200000001,0.45212176000000004,0.30341888000000006,0.0,0.09042435200000001
0.8,0,0,blind_vote:H:k4,0.013419999999999994,2.2,2.2,0.5249,1.9999999999999985e-05,9.999999999999992e-05,0.0,0.0,1.9999999999999985e-05
0.8,0,0,echo_gate:H:k4,0.124760576,2.1716811199999997,3.0,0.8283188800000001,0.09042435200000001,0.45212176000000004,0.30341888000000006,0.1716811199999999,0.09042435200000001
0.8,0,0,blind_gate:H:k4,0.09504,2.6751,3.2,0.5249,1.9999999999999985e-05,9.999999999999992e-05,0.0,0.47509999999999997,1.9999999999999985e-05
0.8,0,0,audit_gate:H:k4,0.14357043200000003,2.37876084,3.0,0.8283188800000001,0.09042435200000001,0.45212176000000004,0.30341888000000006,0.37876084,0.06781826400000002
0.8,0,0,serial_last:H:k4,0.1,2.0,2.0,0.5717,0.00016399999999999992,0.0008199999999999995,0.04679999999999995,0.0,0.00016399999999999992
0.8,0,0,exposed_vote:H:k5,0.19521133119999998,2.25,2.25,0.7972846060800001,0.07414796864000002,0.3707398432000001,0.32489060608,0.0,0.07414796864000002
0.8,0,0,blind_vote:H:k5,0.012609999999999993,2.5,2.5,0.4723940000000001,1.999999999999998e-06,9.999999999999989e-06,0.0,0.0,1.999999999999998e-06
0.8,0,0,echo_gate:H:k5,0.114691047424,2.45271539392,3.25,0.7972846060800001,0.07414796864000002,0.3707398432000001,0.32489060608,0.20271539391999993,0.07414796864000002
0.8,0,0,blind_gate:H:k5,0.10552319999999998,3.027606,3.5,0.4723940000000001,1.999999999999998e-06,9.999999999999989e-06,0.0,0.5276059999999999,1.999999999999998e-06
0.8,0,0,audit_gate:H:k5,0.136018285568,2.6520365454399997,3.25,0.7972846060800001,0.07414796864000002,0.3707398432000001,0.32489060608,0.4020365454399999,0.05561097648000002
0.8,0,0,serial_last:H:k5,0.1,2.25,2.25,0.5143988,1.639999999999999e-05,8.199999999999993e-05,0.04200479999999995,0.0,1.639999999999999e-05
0.8,0,0,exposed_vote:H:k6,0.197691547264,2.5,2.5,0.769475238976,0.060801334284800015,0.30400667142400006,0.34432223897599995,0.0,0.060801334284800015
0.8,0,0,blind_vote:H:k6,0.004185999999999997,2.8,2.8,0.42515300000000006,1.9999999999999975e-07,9.999999999999987e-07,0.0,0.0,1.9999999999999975e-07
0.8,0,0,echo_gate:H:k6,0.10690628648960002,2.730524761024,3.5,0.769475238976,0.060801334284800015,0.30400667142400006,0.34432223897599995,0.230524761024,0.060801334284800015
0.8,0,0,blind_gate:H:k6,0.11496959999999999,3.374847,3.8,0.42515300000000006,1.9999999999999975e-07,9.999999999999987e-07,0.0,0.5748469999999999,1.9999999999999975e-07
0.8,0,0,audit_gate:H:k6,0.1301797148672,2.922893570768,3.5,0.769475238976,0.060801334284800015,0.30400667142400006,0.34432223897599995,0.42289357076799994,0.045601000713600015
0.8,0,0,serial_last:H:k6,0.1,2.5,2.5,0.4629458000000001,1.6399999999999985e-06,8.199999999999993e-06,0.037792800000000015,0.0,1.6399999999999985e-06
0.8,0,0,exposed_vote:H:k7,0.1974024464096,2.75,2.75,0.7443575207109121,0.04985709411353601,0.24928547056768005,0.36171998071091205,0.0,0.04985709411353601
0.8,0,0,blind_vote:H:k7,0.004003749999999998,3.1,3.1,0.38263754000000005,1.999999999999997e-08,9.999999999999985e-08,0.0,0.0,1.999999999999997e-08
0.8,0,0,echo_gate:H:k7,0.1009855899713536,3.005642479289088,3.75,0.7443575207109121,0.04985709411353601,0.24928547056768005,0.36171998071091205,0.2556424792890879,0.04985709411353601
0.8,0,0,blind_gate:H:k7,0.12347251199999999,3.71736246,4.1,0.38263754000000005,1.999999999999997e-08,9.999999999999985e-08,0.0,0.61736246,1.999999999999997e-08
0.8,0,0,audit_gate:H:k7,0.1257391924785152,3.191731859466816,3.75,0.7443575207109121,0.04985709411353601,0.24928547056768005,0.36171998071091205,0.4417318594668159,0.03739282058515201
0.8,0,0,serial_last:H:k7,0.1,2.75,2.75,0.41664990800000007,1.6399999999999977e-07,8.199999999999988e-07,0.034012368000000015,0.0,1.6399999999999977e-07
0.8,0,0,exposed_vote:A:k1,0.1,0.5,0.5,0.8200000000000001,0.009999999999999998,0.09999999999999998,0.0,0.0,0.009999999999999998
0.8,0,0,blind_vote:A:k1,0.1,0.55,0.55,0.8200000000000001,0.009999999999999998,0.09999999999999998,0.0,0.0,0.009999999999999998
0.8,0,0,echo_gate:A:k1,0.045999999999999985,0.6799999999999999,1.5,0.8200000000000001,0.009999999999999998,0.09999999999999998,0.0,0.17999999999999994,0.009999999999999998
0.8,0,0,blind_gate:A:k1,0.045999999999999985,0.73,1.55,0.8200000000000001,0.009999999999999998,0.09999999999999998,0.0,0.17999999999999994,0.009999999999999998
0.8,0,0,audit_gate:A:k1,0.0845,0.885,1.5,0.8200000000000001,0.009999999999999998,0.09999999999999998,0.0,0.385,0.007499999999999999
0.8,0,0,serial_last:A:k1,0.1,0.5,0.5,0.8200000000000001,0.009999999999999998,0.09999999999999998,0.0,0.0,0.009999999999999998
0.8,0,0,exposed_vote:A:k2,0.027999999999999997,0.75,0.75,0.7300000000000001,0.0009999999999999996,0.009999999999999995,0.0,0.0,0.0009999999999999996
0.8,0,0,blind_vote:A:k2,0.027999999999999997,0.85,0.85,0.7300000000000001,0.0009999999999999996,0.009999999999999995,0.0,0.0,0.0009999999999999996
0.8,0,0,echo_gate:A:k2,0.054999999999999986,1.02,1.75,0.7300000000000001,0.0009999999999999996,0.009999999999999995,0.0,0.2699999999999999,0.0009999999999999996
0.8,0,0,blind_gate:A:k2,0.054999999999999986,1.1199999999999999,1.85,0.7300000000000001,0.0009999999999999996,0.009999999999999995,0.0,0.2699999999999999,0.0009999999999999996
0.8,0,0,audit_gate:A:k2,0.09124999999999998,1.2025,1.75,0.7300000000000001,0.0009999999999999996,0.009999999999999995,0.0,0.4524999999999999,0.0007499999999999997
0.8,0,0,serial_last:A:k2,0.1,0.75,0.75,0.7300000000000001,0.0009999999999999996,0.009999999999999995,0.0,0.0,0.0009999999999999996
0.8,0,0,exposed_vote:A:k3,0.02799999999999999,1.0,1.0,0.6562000000000001,9.999999999999994e-05,0.0009999999999999994,0.0,0.0,9.999999999999994e-05
0.8,0,0,blind_vote:A:k3,0.02799999999999999,1.15,1.15,0.6562000000000001,9.999999999999994e-05,0.0009999999999999994,0.0,0.0,9.999999999999994e-05
0.8,0,0,echo_gate:A:k3,0.06885999999999998,1.3437999999999999,2.0,0.6562000000000001,9.999999999999994e-05,0.0009999999999999994,0.0,0.3437999999999999,9.999999999999994e-05
0.8,0,0,blind_gate:A:k3,0.06885999999999998,1.4937999999999998,2.15,0.6562000000000001,9.999999999999994e-05,0.0009999999999999994,0.0,0.3437999999999999,9.999999999999994e-05
0.8,0,0,audit_gate:A:k3,0.101645,1.50785,2.0,0.6562000000000001,9.999999999999994e-05,0.0009999999999999994,0.0,0.5078499999999999,7.499999999999995e-05
0.8,0,0,serial_last:A:k3,0.1,1.0,1.0,0.6562000000000001,9.999999999999994e-05,0.0009999999999999994,0.0,0.0,9.999999999999994e-05
0.8,0,0,exposed_vote:A:k4,0.008559999999999995,1.25,1.25,0.5905,9.999999999999992e-06,9.999999999999992e-05,0.0,0.0,9.999999999999992e-06
0.8,0,0,blind_vote:A:k4,0.008559999999999995,1.45,1.45,0.5905,9.999999999999992e-06,9.999999999999992e-05,0.0,0.0,9.999999999999992e-06
0.8,0,0,echo_gate:A:k4,0.08191,1.6595,2.25,0.5905,9.999999999999992e-06,9.999999999999992e-05,0.0,0.4095,9.999999999999992e-06
0.8,0,0,blind_gate:A:k4,0.08191,1.8595,2.45,0.5905,9.999999999999992e-06,9.999999999999992e-05,0.0,0.4095,9.999999999999992e-06
0.8,0,0,audit_gate:A:k4,0.11143249999999999,1.807125,2.25,0.5905,9.999999999999992e-06,9.999999999999992e-05,0.0,0.557125,7.499999999999994e-06
0.8,0,0,serial_last:A:k4,0.1,1.25,1.25,0.5905,9.999999999999992e-06,9.999999999999992e-05,0.0,0.0,9.999999999999992e-06
0.8,0,0,exposed_vote:A:k5,0.008559999999999996,1.5,1.5,0.5314420000000001,9.99999999999999e-07,9.999999999999989e-06,0.0,0.0,9.99999999999999e-07
0.8,0,0,blind_vote:A:k5,0.008559999999999996,1.75,1.75,0.5314420000000001,9.99999999999999e-07,9.999999999999989e-06,0.0,0.0,9.99999999999999e-07
0.8,0,0,echo_gate:A:k5,0.0937126,1.9685579999999998,2.5,0.5314420000000001,9.99999999999999e-07,9.999999999999989e-06,0.0,0.4685579999999999,9.99999999999999e-07
0.8,0,0,blind_gate:A:k5,0.0937126,2.218558,2.75,0.5314420000000001,9.99999999999999e-07,9.999999999999989e-06,0.0,0.4685579999999999,9.99999999999999e-07
0.8,0,0,audit_gate:A:k5,0.12028444999999999,2.1014185,2.5,0.5314420000000001,9.99999999999999e-07,9.999999999999989e-06,0.0,0.6014185,7.499999999999992e-07
0.8,0,0,serial_last:A:k5,0.1,1.5,1.5,0.5314420000000001,9.99999999999999e-07,9.999999999999989e-06,0.0,0.0,9.99999999999999e-07
0.8,0,0,exposed_vote:A:k6,0.0027279999999999982,1.75,1.75,0.4782970000000001,9.999999999999988e-08,9.999999999999987e-07,0.0,0.0,9.999999999999988e-08
0.8,0,0,blind_vote:A:k6,0.0027279999999999982,2.05,2.05,0.4782970000000001,9.999999999999988e-08,9.999999999999987e-07,0.0,0.0,9.999999999999988e-08
0.8,0,0,echo_gate:A:k6,0.1043407,2.271703,2.75,0.4782970000000001,9.999999999999988e-08,9.999999999999987e-07,0.0,0.5217029999999999,9.999999999999988e-08
0.8,0,0,blind_gate:A:k6,0.1043407,2.571703,3.05,0.4782970000000001,9.999999999999988e-08,9.999999999999987e-07,0.0,0.5217029999999999,9.999999999999988e-08
0.8,0,0,audit_gate:A:k6,0.12825552499999998,2.39127725,2.75,0.4782970000000001,9.999999999999988e-08,9.999999999999987e-07,0.0,0.6412772499999999,7.49999999999999e-08
0.8,0,0,serial_last:A:k6,0.1,1.75,1.75,0.4782970000000001,9.999999999999988e-08,9.999999999999987e-07,0.0,0.0,9.999999999999988e-08
0.8,0,0,exposed_vote:A:k7,0.0027279999999999982,2.0,2.0,0.4304672200000001,9.999999999999985e-09,9.999999999999985e-08,0.0,0.0,9.999999999999985e-09
0.8,0,0,blind_vote:A:k7,0.0027279999999999982,2.35,2.35,0.4304672200000001,9.999999999999985e-09,9.999999999999985e-08,0.0,0.0,9.999999999999985e-09
0.8,0,0,echo_gate:A:k7,0.11390656599999997,2.56953278,3.0,0.4304672200000001,9.999999999999985e-09,9.999999999999985e-08,0.0,0.5695327799999998,9.999999999999985e-09
0.8,0,0,blind_gate:A:k7,0.11390656599999997,2.91953278,3.35,0.4304672200000001,9.999999999999985e-09,9.999999999999985e-08,0.0,0.5695327799999998,9.999999999999985e-09
0.8,0,0,audit_gate:A:k7,0.13542992450000002,2.677149585,3.0,0.4304672200000001,9.999999999999985e-09,9.999999999999985e-08,0.0,0.677149585,7.49999999999999e-09
0.8,0,0,serial_last:A:k7,0.1,2.0,2.0,0.4304672200000001,9.999999999999985e-09,9.999999999999985e-08,0.0,0.0,9.999999999999985e-09
0.8,0,0.5,alone:H:k0,0.2,1.0,1.0,1.0,0.2,1.0,0.0,0.0,0.2
0.8,0,0.5,alone:A:k0,0.1,0.25,0.25,1.0,0.1,1.0,0.0,0.0,0.1
0.8,0,0.5,exposed_vote:H:k1,0.19000000000000003,1.25,1.25,0.9480000000000001,0.164,0.82,0.20799999999999996,0.0,0.164
0.8,0,0.5,blind_vote:H:k1,0.15000000000000002,1.3,1.3,0.7400000000000001,0.02,0.09999999999999999,0.0,0.0,0.02
0.8,0,0.5,echo_gate:H:k1,0.1744,1.302,2.25,0.9480000000000001,0.164,0.82,0.20799999999999996,0.051999999999999935,0.164
0.8,0,0.5,blind_gate:H:k1,0.07199999999999998,1.56,2.3,0.7400000000000001,0.02,0.09999999999999999,0.0,0.2599999999999999,0.02
0.8,0,0.5,audit_gate:H:k1,0.1808,1.539,2.25,0.9480000000000001,0.164,0.82,0.20799999999999996,0.2889999999999999,0.123
0.8,0,0.5,serial_last:H:k1,0.18000000000000002,1.25,1.25,0.9480000000000001,0.164,0.82,0.20799999999999996,0.0,0.164
0.8,0,0.5,exposed_vote:H:k2,0.19492,1.5,1.5,0.9046000000000001,0.13484000000000002,0.6742,0.2096,0.0,0.13484000000000002
0.8,0,0.5,blind_vote:H:k2,0.07300000000000001,1.6,1.6,0.6950000000000001,0.011000000000000001,0.055,0.0,0.0,0.011000000000000001
0.8,0,0.5,echo_gate:H:k2,0.15392,1.5954,2.5,0.9046000000000001,0.13484000000000002,0.6742,0.2096,0.09539999999999993,0.13484000000000002
0.8,0,0.5,blind_gate:H:k2,0.072,1.905,2.6,0.6950000000000001,0.011000000000000001,0.055,0.0,0.30499999999999994,0.011000000000000001
0.8,0,0.5,audit_gate:H:k2,0.16544000000000003,1.82155,2.5,0.9046000000000001,0.13484000000000002,0.6742,0.2096,0.32155,0.10113000000000001
0.8,0,0.5,serial_last:H:k2,0.1,1.5,1.5,0.7310000000000001,0.0182,0.091,0.03600000000000003,0.0,0.0182
0.8,0,0.5,exposed_vote:H:k3,0.19287,1.75,1.75,0.8681736000000001,0.11121680000000003,0.5560840000000001,0.20647360000000003,0.0,0.11121680000000003
0.8,0,0.5,blind_vote:H:k3,0.07075000000000001,1.9,1.9,0.6617000000000001,0.010100000000000001,0.0505,0.0,0.0,0.010100000000000001
0.8,0,0.5,echo_gate:H:k3,0.13758208000000002,1.8818264,2.75,0.8681736000000001,0.11121680000000003,0.5560840000000001,0.20647360000000003,0.1318263999999999,0.11121680000000003
0.8,0,0.5,blind_gate:H:k3,0.07775999999999998,2.2382999999999997,2.9,0.6617000000000001,0.010100000000000001,0.0505,0.0,0.33829999999999993,0.010100000000000001
0.8,0,0.5,audit_gate:H:k3,0.15318656000000003,2.0988698,2.75,0.8681736000000001,0.11121680000000003,0.5560840000000001,0.20647360000000003,0.3488697999999999,0.08341260000000003
0.8,0,0.5,serial_last:H:k3,0.1,1.75,1.75,0.6883400000000001,0.010820000000000001,0.0541,0.026639999999999997,0.0,0.010820000000000001
0.8,0,0.5,exposed_vote:H:k4,0.19663473600000003,2.0,2.0,0.8374074400000001,0.09207617600000002,0.4603808800000001,0.20495744000000005,0.0,0.09207617600000002
0.8,0,0.5,blind_vote:H:k4,0.05671,2.2,2.2,0.6324500000000001,0.010010000000000002,0.050050000000000004,0.0,0.0,0.010010000000000002
0.8,0,0.5,echo_gate:H:k4,0.12459468800000001,2.1625925599999998,3.0,0.8374074400000001,0.09207617600000002,0.4603808800000001,0.20495744000000005,0.16259255999999989,0.09207617600000002
0.8,0,0.5,blind_gate:H:k4,0.08352,2.56755,3.2,0.6324500000000001,0.010010000000000002,0.050050000000000004,0.0,0.36754999999999993,0.010010000000000002
0.8,0,0.5,audit_gate:H:k4,0.143446016,2.37194442,3.0,0.8374074400000001,0.09207617600000002,0.4603808800000001,0.20495744000000005,0.37194441999999994,0.06905713200000002
0.8,0,0.5,serial_last:H:k4,0.1,2.0,2.0,0.6558500000000002,0.010082,0.05041,0.023400000000000087,0.0,0.010082
0.8,0,0.5,exposed_vote:H:k5,0.1959896656,2.25,2.25,0.8112407030400001,0.07656518432000002,0.38282592160000006,0.20504370303999997,0.0,0.07656518432000002
0.8,0,0.5,blind_vote:H:k5,0.056305,2.5,2.5,0.6061970000000001,0.010001000000000001,0.050005,0.0,0.0,0.010001000000000001
0.8,0,0.5,echo_gate:H:k5,0.11431704371200001,2.43875929696,3.25,0.8112407030400001,0.07656518432000002,0.38282592160000006,0.20504370303999997,0.18875929695999993,0.07656518432000002
0.8,0,0.5,blind_gate:H:k5,0.08876159999999998,2.893803,3.5,0.6061970000000001,0.010001000000000001,0.050005,0.0,0.3938029999999999,0.010001000000000001
0.8,0,0.5,audit_gate:H:k5,0.135737782784,2.64156947272,3.25,0.8112407030400001,0.07656518432000002,0.38282592160000006,0.20504370303999997,0.39156947272,0.05742388824000001
0.8,0,0.5,serial_last:H:k5,0.1,2.25,2.25,0.6271994000000001,0.010008200000000002,0.05004100000000001,0.021002399999999977,0.0,0.010008200000000002
0.8,0,0.5,exposed_vote:H:k6,0.197997773632,2.5,2.5,0.788816339488,0.0639936271424,0.319968135712,0.20623983948800007,0.0,0.0639936271424
0.8,0,0.5,blind_vote:H:k6,0.052093,2.8,2.8,0.5825764999999999,0.010000100000000001,0.0500005,0.0,0.0,0.010000100000000001
0.8,0,0.5,echo_gate:H:k6,0.10623035924480001,2.711183660512,3.5,0.788816339488,0.0639936271424,0.319968135712,0.20623983948800007,0.211183660512,0.0639936271424
0.8,0,0.5,blind_gate:H:k6,0.09348480000000002,3.2174234999999998,3.8,0.5825764999999999,0.010000100000000001,0.0500005,0.0,0.41742350000000006,0.010000100000000001
0.8,0,0.5,audit_gate:H:k6,0.1296727694336,2.908387745384,3.5,0.788816339488,0.0639936271424,0.319968135712,0.20623983948800007,0.408387745384,0.047995220356800004
0.8,0,0.5,serial_last:H:k6,0.1,2.5,2.5,0.6014729,0.01000082,0.0500041,0.018896400000000035,0.0,0.01000082
0.8,0,0.5,exposed_vote:H:k7,0.19775082320479995,2.75,2.75,0.769441736355456,0.053802915056768014,0.26901457528384004,0.20812296635545602,0.0,0.053802915056768014
0.8,0,0.5,blind_vote:H:k7,0.052001875,3.1,3.1,0.56131877,0.010000010000000002,0.050000050000000004,0.0,0.0,0.010000010000000002
0.8,0,0.5,echo_gate:H:k7,0.09991456778567681,2.980558263644544,3.75,0.769441736355456,0.053802915056768014,0.26901457528384004,0.20812296635545602,0.23055826364454401,0.053802915056768014
0.8,0,0.5,blind_gate:H:k7,0.09773625600000002,3.53868123,4.1,0.56131877,0.010000010000000002,0.050000050000000004,0.0,0.43868123000000003,0.010000010000000002
0.8,0,0.5,audit_gate:H:k7,0.12493592583925764,3.172918697733408,3.75,0.769441736355456,0.053802915056768014,0.26901457528384004,0.20812296635545602,0.42291869773340807,0.04035218629257601
0.8,0,0.5,serial_last:H:k7,0.1,2.75,2.75,0.5783249540000001,0.010000082000000002,0.05000041000000001,0.01700618400000009,0.0,0.010000082000000002
0.8,0,0.5,exposed_vote:A:k1,0.09999999999999999,0.5,0.5,0.91,0.055,0.5499999999999999,0.0,0.0,0.055
0.8,0,0.5,blind_vote:A:k1,0.09999999999999999,0.55,0.55,0.91,0.055,0.5499999999999999,0.0,0.0,0.055
0.8,0,0.5,echo_gate:A:k1,0.073,0.59,1.5,0.91,0.055,0.5499999999999999,0.0,0.08999999999999997,0.055
0.8,0,0.5,blind_gate:A:k1,0.073,0.64,1.55,0.91,0.055,0.5499999999999999,0.0,0.08999999999999997,0.055
0.8,0,0.5,audit_gate:A:k1,0.10475000000000001,0.8175,1.5,0.91,0.055,0.5499999999999999,0.0,0.3175,0.04125
0.8,0,0.5,serial_last:A:k1,0.1,0.5,0.5,0.91,0.055,0.5499999999999999,0.0,0.0,0.055
0.8,0,0.5,exposed_vote:A:k2,0.064,0.75,0.75,0.865,0.0505,0.505,0.0,0.0,0.0505
0.8,0,0.5,blind_vote:A:k2,0.064,0.85,0.85,0.865,0.0505,0.505,0.0,0.0,0.0505
0.8,0,0.5,echo_gate:A:k2,0.07750000000000001,0.885,1.75,0.865,0.0505,0.505,0.0,0.135,0.0505
0.8,0,0.5,blind_gate:A:k2,0.07750000000000001,0.985,1.85,0.865,0.0505,0.505,0.0,0.135,0.0505
0.8,0,0.5,audit_gate:A:k2,0.10812500000000003,1.10125,1.75,0.865,0.0505,0.505,0.0,0.35125000000000006,0.037875000000000006
0.8,0,0.5,serial_last:A:k2,0.1,0.75,0.75,0.865,0.0505,0.505,0.0,0.0,0.0505
0.8,0,0.5,exposed_vote:A:k3,0.064,1.0,1.0,0.8281000000000002,0.050050000000000004,0.5005000000000001,0.0,0.0,0.050050000000000004
0.8,0,0.5,blind_vote:A:k3,0.064,1.15,1.15,0.8281000000000002,0.050050000000000004,0.5005000000000001,0.0,0.0,0.050050000000000004
0.8,0,0.5,echo_gate:A:k3,0.08442999999999998,1.1719,2.0,0.8281000000000002,0.050050000000000004,0.5005000000000001,0.0,0.17189999999999983,0.050050000000000004
0.8,0,0.5,blind_gate:A:k3,0.08442999999999998,1.3218999999999999,2.15,0.8281000000000002,0.050050000000000004,0.5005000000000001,0.0,0.17189999999999983,0.050050000000000004
0.8,0,0.5,audit_gate:A:k3,0.11332249999999998,1.3789249999999997,2.0,0.8281000000000002,0.050050000000000004,0.5005000000000001,0.0,0.37892499999999985,0.0375375
0.8,0,0.5,serial_last:A:k3,0.1,1.0,1.0,0.8281000000000002,0.050050000000000004,0.5005000000000001,0.0,0.0,0.050050000000000004
0.8,0,0.5,exposed_vote:A:k4,0.05428,1.25,1.25,0.79525,0.050005,0.50005,0.0,0.0,0.050005
0.8,0,0.5,blind_vote:A:k4,0.05428,1.45,1.45,0.79525,0.050005,0.50005,0.0,0.0,0.050005
0.8,0,0.5,echo_gate:A:k4,0.09095500000000001,1.45475,2.25,0.79525,0.050005,0.50005,0.0,0.20475,0.050005
0.8,0,0.5,blind_gate:A:k4,0.09095500000000001,1.65475,2.45,0.79525,0.050005,0.50005,0.0,0.20475,0.050005
0.8,0,0.5,audit_gate:A:k4,0.11821625000000002,1.6535625,2.25,0.79525,0.050005,0.50005,0.0,0.40356250000000005,0.03750375
0.8,0,0.5,serial_last:A:k4,0.1,1.25,1.25,0.79525,0.050005,0.50005,0.0,0.0,0.050005
0.8,0,0.5,exposed_vote:A:k5,0.05428,1.5,1.5,0.765721,0.0500005,0.500005,0.0,0.0,0.0500005
0.8,0,0.5,blind_vote:A:k5,0.05428,1.75,1.75,0.765721,0.0500005,0.500005,0.0,0.0,0.0500005
0.8,0,0.5,echo_gate:A:k5,0.0968563,1.734279,2.5,0.765721,0.0500005,0.500005,0.0,0.23427900000000002,0.0500005
0.8,0,0.5,blind_gate:A:k5,0.0968563,1.984279,2.75,0.765721,0.0500005,0.500005,0.0,0.23427900000000002,0.0500005
0.8,0,0.5,audit_gate:A:k5,0.12264222500000002,1.9257092500000002,2.5,0.765721,0.0500005,0.500005,0.0,0.42570925000000004,0.037500375
0.8,0,0.5,serial_last:A:k5,0.1,1.5,1.5,0.765721,0.0500005,0.500005,0.0,0.0,0.0500005
0.8,0,0.5,exposed_vote:A:k6,0.051364,1.75,1.75,0.7391485,0.050000050000000004,0.5000005,0.0,0.0,0.050000050000000004
0.8,0,0.5,blind_vote:A:k6,0.051364,2.05,2.05,0.7391485,0.050000050000000004,0.5000005,0.0,0.0,0.050000050000000004
0.8,0,0.5,echo_gate:A:k6,0.10217035000000001,2.0108515000000002,2.75,0.7391485,0.050000050000000004,0.5000005,0.0,0.2608515,0.050000050000000004
0.8,0,0.5,blind_gate:A:k6,0.10217035000000001,2.3108515,3.05,0.7391485,0.050000050000000004,0.5000005,0.0,0.2608515,0.050000050000000004
0.8,0,0.5,audit_gate:A:k6,0.1266277625,2.195638625,2.75,0.7391485,0.050000050000000004,0.5000005,0.0,0.44563862499999995,0.0375000375
0.8,0,0.5,serial_last:A:k6,0.1,1.75,1.75,0.7391485,0.050000050000000004,0.5000005,0.0,0.0,0.050000050000000004
0.8,0,0.5,exposed_vote:A:k7,0.05136399999999999,2.0,2.0,0.7152336100000001,0.050000005,0.5000000499999999,0.0,0.0,0.050000005
0.8,0,0.5,blind_vote:A:k7,0.05136399999999999,2.35,2.35,0.7152336100000001,0.050000005,0.5000000499999999,0.0,0.0,0.050000005
0.8,0,0.5,echo_gate:A:k7,0.10695328299999998,2.2847663899999997,3.0,0.7152336100000001,0.050000005,0.5000000499999999,0.0,0.2847663899999999,0.050000005
0.8,0,0.5,blind_gate:A:k7,0.10695328299999998,2.6347663900000002,3.35,0.7152336100000001,0.050000005,0.5000000499999999,0.0,0.2847663899999999,0.050000005
0.8,0,0.5,audit_gate:A:k7,0.13021496225,2.4635747925,3.0,0.7152336100000001,0.050000005,0.5000000499999999,0.0,0.4635747925,0.03750000375
0.8,0,0.5,serial_last:A:k7,0.1,2.0,2.0,0.7152336100000001,0.050000005,0.5000000499999999,0.0,0.0,0.050000005
0.8,0,0.9,alone:H:k0,0.2,1.0,1.0,1.0,0.2,1.0,0.0,0.0,0.2
0.8,0,0.9,alone:A:k0,0.1,0.25,0.25,1.0,0.1,1.0,0.0,0.0,0.1
0.8,0,0.9,exposed_vote:H:k1,0.19000000000000003,1.25,1.25,0.9480000000000002,0.16400000000000003,0.8200000000000002,0.20800000000000007,0.0,0.16400000000000003
0.8,0,0.9,blind_vote:H:k1,0.15000000000000002,1.3,1.3,0.7400000000000001,0.020000000000000004,0.10000000000000002,0.0,0.0,0.020000000000000004
0.8,0,0.9,echo_gate:H:k1,0.1744,1.3019999999999998,2.25,0.9480000000000002,0.16400000000000003,0.8200000000000002,0.20800000000000007,0.051999999999999824,0.16400000000000003
0.8,0,0.9,blind_gate:H:k1,0.07199999999999998,1.56,2.3,0.7400000000000001,0.020000000000000004,0.10000000000000002,0.0,0.2599999999999999,0.020000000000000004
0.8,0,0.9,audit_gate:H:k1,0.18080000000000002,1.539,2.25,0.9480000000000002,0.16400000000000003,0.8200000000000002,0.20800000000000007,0.2889999999999999,0.12300000000000003
0.8,0,0.9,serial_last:H:k1,0.18000000000000002,1.25,1.25,0.9480000000000002,0.16400000000000003,0.8200000000000002,0.20800000000000007,0.0,0.16400000000000003
0.8,0,0.9,exposed_vote:H:k2,0.19578400000000004,1.5,1.5,0.9060400000000002,0.13512800000000003,0.6756400000000001,0.17504000000000008,0.0,0.13512800000000003
0.8,0,0.9,blind_vote:H:k2,0.09460000000000002,1.6,1.6,0.7310000000000001,0.018200000000000004,0.09100000000000001,0.0,0.0,0.018200000000000004
0.8,0,0.9,echo_gate:H:k2,0.15392,1.5939599999999998,2.5,0.9060400000000002,0.13512800000000003,0.6756400000000001,0.17504000000000008,0.09395999999999982,0.13512800000000003
0.8,0,0.9,blind_gate:H:k2,0.072,1.869,2.6,0.7310000000000001,0.018200000000000004,0.09100000000000001,0.0,0.2689999999999999,0.018200000000000004
0.8,0,0.9,audit_gate:H:k2,0.16543999999999998,1.8204699999999998,2.5,0.9060400000000002,0.13512800000000003,0.6756400000000001,0.17504000000000008,0.3204699999999998,0.10134600000000002
0.8,0,0.9,serial_last:H:k2,0.1,1.5,1.5,0.7382000000000001,0.019640000000000005,0.09820000000000002,0.007199999999999984,0.0,0.019640000000000005
0.8,0,0.9,exposed_vote:H:k3,0.19409400000000002,1.75,1.75,0.8721307200000001,0.11197136000000002,0.5598568,0.14779072000000004,0.0,0.11197136000000002
0.8,0,0.9,blind_vote:H:k3,0.09415000000000001,1.9,1.9,0.7243400000000001,0.018020000000000005,0.09010000000000001,0.0,0.0,0.018020000000000005
0.8,0,0.9,echo_gate:H:k3,0.137545216,1.8778692799999999,2.75,0.8721307200000001,0.11197136000000002,0.5598568,0.14779072000000004,0.12786927999999986,0.11197136000000002
0.8,0,0.9,blind_gate:H:k3,0.073152,2.1756599999999997,2.9,0.7243400000000001,0.018020000000000005,0.09010000000000001,0.0,0.2756599999999999,0.018020000000000005
0.8,0,0.9,audit_gate:H:k3,0.153158912,2.09590196,2.75,0.8721307200000001,0.11197136000000002,0.5598568,0.14779072000000004,0.34590195999999995,0.08397852000000001
0.8,0,0.9,serial_last:H:k3,0.1,1.75,1.75,0.7296680000000001,0.018164000000000003,0.09082000000000001,0.005327999999999999,0.0,0.018164000000000003
0.8,0,0.9,exposed_vote:H:k4,0.19715094720000004,2.0,2.0,0.844678288,0.09339763520000002,0.4669881760000001,0.12618828800000004,0.0,0.09339763520000002
0.8,0,0.9,blind_vote:H:k4,0.09134199999999999,2.2,2.2,0.71849,0.018002,0.09000999999999999,0.0,0.0,0.018002
0.8,0,0.9,echo_gate:H:k4,0.12446197760000002,2.155321712,3.0,0.844678288,0.09339763520000002,0.4669881760000001,0.12618828800000004,0.155321712,0.09339763520000002
0.8,0,0.9,blind_gate:H:k4,0.07430400000000001,2.48151,3.2,0.71849,0.018002,0.09000999999999999,0.0,0.28151000000000004,0.018002
0.8,0,0.9,audit_gate:H:k4,0.14334648320000004,2.366491284,3.0,0.844678288,0.09339763520000002,0.4669881760000001,0.12618828800000004,0.366491284,0.07004822640000002
0.8,0,0.9,serial_last:H:k4,0.1,2.0,2.0,0.72317,0.018016400000000002,0.09008200000000001,0.0046800000000000175,0.0,0.018016400000000002
0.8,0,0.9,exposed_vote:H:k5,0.19661233311999998,2.25,2.25,0.8224055806080001,0.07849895686400002,0.39249478432000007,0.10916618060799999,0.0,0.07849895686400002
0.8,0,0.9,blind_vote:H:k5,0.09126100000000002,2.5,2.5,0.7132394000000001,0.018000200000000004,0.09000100000000001,0.0,0.0,0.018000200000000004
0.8,0,0.9,echo_gate:H:k5,0.11401784074240001,2.427594419392,3.25,0.8224055806080001,0.07849895686400002,0.39249478432000007,0.10916618060799999,0.17759441939199994,0.07849895686400002
0.8,0,0.9,blind_gate:H:k5,0.07535231999999999,2.7867606,3.5,0.7132394000000001,0.018000200000000004,0.09000100000000001,0.0,0.2867605999999999,0.018000200000000004
0.8,0,0.9,audit_gate:H:k5,0.1355133805568,2.633195814544,3.25,0.8224055806080001,0.07849895686400002,0.39249478432000007,0.10916618060799999,0.383195814544,0.058874217648000014
0.8,0,0.9,serial_last:H:k5,0.1,2.25,2.25,0.71743988,0.018001640000000003,0.09000820000000001,0.004200479999999951,0.0,0.018001640000000003
0.8,0,0.9,exposed_vote:H:k6,0.1982427547264,2.5,2.5,0.8042892198976002,0.06654746142848003,0.33273730714240013,0.09577391989760009,0.0,0.06654746142848003
0.8,0,0.9,blind_vote:H:k6,0.09041860000000002,2.8,2.8,0.7085153000000001,0.018000020000000002,0.0900001,0.0,0.0,0.018000020000000002
0.8,0,0.9,echo_gate:H:k6,0.10568961744896,2.6957107801023996,3.5,0.8042892198976002,0.06654746142848003,0.33273730714240013,0.09577391989760009,0.19571078010239984,0.06654746142848003
0.8,0,0.9,blind_gate:H:k6,0.07629696,3.0914846999999996,3.8,0.7085153000000001,0.018000020000000002,0.0900001,0.0,0.29148469999999993,0.018000020000000002
0.8,0,0.9,audit_gate:H:k6,0.12926721308672,2.8967830850768,3.5,0.8042892198976002,0.06654746142848003,0.33273730714240013,0.09577391989760009,0.39678308507679994,0.049910596071360024
0.8,0,0.9,serial_last:H:k6,0.1,2.5,2.5,0.71229458,0.018000164000000003,0.09000082000000001,0.0037792799999999405,0.0,0.018000164000000003
0.8,0,0.9,exposed_vote:H:k7,0.19802952464096,2.75,2.75,0.7895091088710913,0.056959571811353624,0.2847978590567681,0.0852453548710912,0.0,0.056959571811353624
0.8,0,0.9,blind_vote:H:k7,0.090400375,3.1,3.1,0.7042637540000001,0.018000002,0.09000001,0.0,0.0,0.018000002
0.8,0,0.9,echo_gate:H:k7,0.09905775003713538,2.9604908911289085,3.75,0.7895091088710913,0.056959571811353624,0.2847978590567681,0.0852453548710912,0.21049089112890873,0.056959571811353624
0.8,0,0.9,blind_gate:H:k7,0.07714725119999999,3.3957362460000002,4.1,0.7042637540000001,0.018000002,0.09000001,0.0,0.2957362459999999,0.018000002
0.8,0,0.9,audit_gate:H:k7,0.12429331252785154,3.1578681683466816,3.75,0.7895091088710913,0.056959571811353624,0.2847978590567681,0.0852453548710912,0.4078681683466816,0.042719678858515214
0.8,0,0.9,serial_last:H:k7,0.1,2.75,2.75,0.7076649908000001,0.018000016400000002,0.09000008200000001,0.0034012368000000404,0.0,0.018000016400000002
0.8,0,0.9,exposed_vote:A:k1,0.10000000000000002,0.5,0.5,0.982,0.09100000000000001,0.91,0.0,0.0,0.09100000000000001
0.8,0,0.9,blind_vote:A:k1,0.10000000000000002,0.55,0.55,0.982,0.09100000000000001,0.91,0.0,0.0,0.09100000000000001
0.8,0,0.9,echo_gate:A:k1,0.09460000000000002,0.518,1.5,0.982,0.09100000000000001,0.91,0.0,0.018000000000000016,0.09100000000000001
0.8,0,0.9,blind_gate:A:k1,0.09460000000000002,0.5680000000000001,1.55,0.982,0.09100000000000001,0.91,0.0,0.018000000000000016,0.09100000000000001
0.8,0,0.9,audit_gate:A:k1,0.12095000000000003,0.7635000000000001,1.5,0.982,0.09100000000000001,0.91,0.0,0.26350000000000007,0.06825
0.8,0,0.9,serial_last:A:k1,0.1,0.5,0.5,0.982,0.09100000000000001,0.91,0.0,0.0,0.09100000000000001
0.8,0,0.9,exposed_vote:A:k2,0.09280000000000001,0.75,0.75,0.9730000000000001,0.09010000000000001,0.9010000000000001,0.0,0.0,0.09010000000000001
0.8,0,0.9,blind_vote:A:k2,0.09280000000000001,0.85,0.85,0.9730000000000001,0.09010000000000001,0.9010000000000001,0.0,0.0,0.09010000000000001
0.8,0,0.9,echo_gate:A:k2,0.0955,0.7769999999999999,1.75,0.9730000000000001,0.09010000000000001,0.9010000000000001,0.0,0.026999999999999913,0.09010000000000001
0.8,0,0.9,blind_gate:A:k2,0.0955,0.8769999999999999,1.85,0.9730000000000001,0.09010000000000001,0.9010000000000001,0.0,0.026999999999999913,0.09010000000000001
0.8,0,0.9,audit_gate:A:k2,0.12162499999999998,1.0202499999999999,1.75,0.9730000000000001,0.09010000000000001,0.9010000000000001,0.0,0.2702499999999999,0.06757500000000001
0.8,0,0.9,serial_last:A:k2,0.1,0.75,0.75,0.9730000000000001,0.09010000000000001,0.9010000000000001,0.0,0.0,0.09010000000000001
0.8,0,0.9,exposed_vote:A:k3,0.09280000000000001,1.0,1.0,0.96562,0.09001,0.9001,0.0,0.0,0.09001
0.8,0,0.9,blind_vote:A:k3,0.09280000000000001,1.15,1.15,0.96562,0.09001,0.9001,0.0,0.0,0.09001
0.8,0,0.9,echo_gate:A:k3,0.096886,1.03438,2.0,0.96562,0.09001,0.9001,0.0,0.034379999999999966,0.09001
0.8,0,0.9,blind_gate:A:k3,0.096886,1.18438,2.15,0.96562,0.09001,0.9001,0.0,0.034379999999999966,0.09001
0.8,0,0.9,audit_gate:A:k3,0.12266449999999998,1.275785,2.0,0.96562,0.09001,0.9001,0.0,0.27578499999999995,0.0675075
0.8,0,0.9,serial_last:A:k3,0.1,1.0,1.0,0.96562,0.09001,0.9001,0.0,0.0,0.09001
0.8,0,0.9,exposed_vote:A:k4,0.090856,1.25,1.25,0.9590500000000001,0.09000100000000001,0.9000100000000001,0.0,0.0,0.09000100000000001
0.8,0,0.9,blind_vote:A:k4,0.090856,1.45,1.45,0.9590500000000001,0.09000100000000001,0.9000100000000001,0.0,0.0,0.09000100000000001
0.8,0,0.9,echo_gate:A:k4,0.098191,1.29095,2.25,0.9590500000000001,0.09000100000000001,0.9000100000000001,0.0,0.04094999999999993,0.09000100000000001
0.8,0,0.9,blind_gate:A:k4,0.098191,1.4909499999999998,2.45,0.9590500000000001,0.09000100000000001,0.9000100000000001,0.0,0.04094999999999993,0.09000100000000001
0.8,0,0.9,audit_gate:A:k4,0.12364325,1.5307125,2.25,0.9590500000000001,0.09000100000000001,0.9000100000000001,0.0,0.2807124999999999,0.06750075000000001
0.8,0,0.9,serial_last:A:k4,0.1,1.25,1.25,0.9590500000000001,0.09000100000000001,0.9000100000000001,0.0,0.0,0.09000100000000001
0.8,0,0.9,exposed_vote:A:k5,0.09085600000000002,1.5,1.5,0.9531442000000001,0.09000010000000001,0.900001,0.0,0.0,0.09000010000000001
0.8,0,0.9,blind_vote:A:k5,0.09085600000000002,1.75,1.75,0.9531442000000001,0.09000010000000001,0.900001,0.0,0.0,0.09000010000000001
0.8,0,0.9,echo_gate:A:k5,0.09937125999999999,1.5468558,2.5,0.9531442000000001,0.09000010000000001,0.900001,0.0,0.04685579999999989,0.09000010000000001
0.8,0,0.9,blind_gate:A:k5,0.09937125999999999,1.7968558,2.75,0.9531442000000001,0.09000010000000001,0.900001,0.0,0.04685579999999989,0.09000010000000001
0.8,0,0.9,audit_gate:A:k5,0.12452844499999999,1.78514185,2.5,0.9531442000000001,0.09000010000000001,0.900001,0.0,0.2851418499999999,0.067500075
0.8,0,0.9,serial_last:A:k5,0.1,1.5,1.5,0.9531442000000001,0.09000010000000001,0.900001,0.0,0.0,0.09000010000000001
0.8,0,0.9,exposed_vote:A:k6,0.09027279999999999,1.75,1.75,0.9478297000000001,0.09000001,0.9000001,0.0,0.0,0.09000001
0.8,0,0.9,blind_vote:A:k6,0.09027279999999999,2.05,2.05,0.9478297000000001,0.09000001,0.9000001,0.0,0.0,0.09000001
0.8,0,0.9,echo_gate:A:k6,0.10043406999999999,1.8021702999999998,2.75,0.9478297000000001,0.09000001,0.9000001,0.0,0.05217029999999989,0.09000001
0.8,0,0.9,blind_gate:A:k6,0.10043406999999999,2.1021702999999996,3.05,0.9478297000000001,0.09000001,0.9000001,0.0,0.05217029999999989,0.09000001
0.8,0,0.9,audit_gate:A:k6,0.1253255525,2.039127725,2.75,0.9478297000000001,0.09000001,0.9000001,0.0,0.28912772499999995,0.0675000075
0.8,0,0.9,serial_last:A:k6,0.1,1.75,1.75,0.9478297000000001,0.09000001,0.9000001,0.0,0.0,0.09000001
0.8,0,0.9,exposed_vote:A:k7,0.09027280000000003,2.0,2.0,0.9430467220000001,0.09000000100000001,0.9000000100000001,0.0,0.0,0.09000000100000001
0.8,0,0.9,blind_vote:A:k7,0.09027280000000003,2.35,2.35,0.9430467220000001,0.09000000100000001,0.9000000100000001,0.0,0.0,0.09000000100000001
0.8,0,0.9,echo_gate:A:k7,0.1013906566,2.056953278,3.0,0.9430467220000001,0.09000000100000001,0.9000000100000001,0.0,0.05695327799999994,0.09000000100000001
0.8,0,0.9,blind_gate:A:k7,0.1013906566,2.406953278,3.35,0.9430467220000001,0.09000000100000001,0.9000000100000001,0.0,0.05695327799999994,0.09000000100000001
0.8,0,0.9,audit_gate:A:k7,0.12604299245,2.2927149585,3.0,0.9430467220000001,0.09000000100000001,0.9000000100000001,0.0,0.29271495849999996,0.06750000075000001
0.8,0,0.9,serial_last:A:k7,0.1,2.0,2.0,0.9430467220000001,0.09000000100000001,0.9000000100000001,0.0,0.0,0.09000000100000001
0.8,0.2,0,alone:H:k0,0.2,1.0,1.0,1.0,0.2,1.0,0.0,0.0,0.2
0.8,0.2,0,alone:A:k0,0.1,0.25,0.25,1.0,0.1,1.0,0.0,0.0,0.1
0.8,0.2,0,exposed_vote:H:k1,0.19,1.25,1.25,0.9480000000000001,0.164,0.82,0.20799999999999996,0.0,0.164
0.8,0.2,0,blind_vote:H:k1,0.15000000000000002,1.3,1.3,0.7400000000000001,0.019999999999999997,0.09999999999999998,0.0,0.0,0.019999999999999997
0.8,0.2,0,echo_gate:H:k1,0.1744,1.302,2.25,0.9480000000000001,0.164,0.82,0.20799999999999996,0.051999999999999935,0.164
0.8,0.2,0,blind_gate:H:k1,0.07199999999999998,1.56,2.3,0.7400000000000001,0.019999999999999997,0.09999999999999998,0.0,0.2599999999999999,0.019999999999999997
0.8,0.2,0,audit_gate:H:k1,0.1808,1.539,2.25,0.9480000000000001,0.164,0.82,0.20799999999999996,0.2889999999999999,0.123
0.8,0.2,0,serial_last:H:k1,0.18000000000000002,1.25,1.25,0.9480000000000001,0.164,0.82,0.20799999999999996,0.0,0.164
0.8,0.2,0,exposed_vote:H:k2,0.19384,1.5,1.5,0.9028000000000002,0.13448000000000004,0.6724000000000002,0.2528,0.0,0.13448000000000004
0.8,0.2,0,blind_vote:H:k2,0.046,1.6,1.6,0.6500000000000001,0.001999999999999999,0.009999999999999995,0.0,0.0,0.001999999999999999
0.8,0.2,0,echo_gate:H:k2,0.15392,1.5972,2.5,0.9028000000000002,0.13448000000000004,0.6724000000000002,0.2528,0.09719999999999984,0.13448000000000004
0.8,0.2,0,blind_gate:H:k2,0.07199999999999998,1.95,2.6,0.6500000000000001,0.001999999999999999,0.009999999999999995,0.0,0.34999999999999987,0.001999999999999999
0.8,0.2,0,audit_gate:H:k2,0.16544,1.8228999999999997,2.5,0.9028000000000002,0.13448000000000004,0.6724000000000002,0.2528,0.32289999999999985,0.10086000000000003
0.8,0.2,0,serial_last:H:k2,0.116,1.5,1.5,0.7672000000000001,0.04592,0.2296,0.11719999999999997,0.0,0.04592
0.8,0.2,0,exposed_vote:H:k3,0.19133999999999998,1.75,1.75,0.8632272000000001,0.11027360000000003,0.5513680000000001,0.27982720000000005,0.0,0.11027360000000003
0.8,0.2,0,blind_vote:H:k3,0.041499999999999995,1.9,1.9,0.5834,0.00019999999999999987,0.0009999999999999994,0.0,0.0,0.00019999999999999987
0.8,0.2,0,echo_gate:H:k3,0.13762816,1.8867728,2.75,0.8632272000000001,0.11027360000000003,0.5513680000000001,0.27982720000000005,0.13677279999999992,0.11027360000000003
0.8,0.2,0,blind_gate:H:k3,0.08352000000000001,2.3165999999999998,2.9,0.5834,0.00019999999999999987,0.0009999999999999994,0.0,0.41659999999999997,0.00019999999999999987
0.8,0.2,0,audit_gate:H:k3,0.15322112,2.1025796,2.75,0.8632272000000001,0.11027360000000003,0.5513680000000001,0.27982720000000005,0.3525795999999999,0.08270520000000002
0.8,0.2,0,serial_last:H:k3,0.10320000000000001,1.75,1.75,0.6764352,0.0128576,0.064288,0.09303519999999998,0.0,0.0128576
0.8,0.2,0,exposed_vote:H:k4,0.195989472,2.0,2.0,0.8283188800000001,0.09042435200000001,0.45212176000000004,0.30341888000000006,0.0,0.09042435200000001
0.8,0.2,0,blind_vote:H:k4,0.013419999999999994,2.2,2.2,0.5249,1.9999999999999985e-05,9.999999999999992e-05,0.0,0.0,1.9999999999999985e-05
0.8,0.2,0,echo_gate:H:k4,0.124760576,2.1716811199999997,3.0,0.8283188800000001,0.09042435200000001,0.45212176000000004,0.30341888000000006,0.1716811199999999,0.09042435200000001
0.8,0.2,0,blind_gate:H:k4,0.09504,2.6751,3.2,0.5249,1.9999999999999985e-05,9.999999999999992e-05,0.0,0.47509999999999997,1.9999999999999985e-05
0.8,0.2,0,audit_gate:H:k4,0.14357043200000003,2.37876084,3.0,0.8283188800000001,0.09042435200000001,0.45212176000000004,0.30341888000000006,0.37876084,0.06781826400000002
0.8,0.2,0,serial_last:H:k4,0.10064000000000001,2.0,2.0,0.61409152,0.003600128,0.01800064,0.08919151999999997,0.0,0.003600128
0.8,0.2,0,exposed_vote:H:k5,0.19521133119999998,2.25,2.25,0.7972846060800001,0.07414796864000002,0.3707398432000001,0.32489060608,0.0,0.07414796864000002
0.8,0.2,0,blind_vote:H:k5,0.012609999999999993,2.5,2.5,0.4723940000000001,1.999999999999998e-06,9.999999999999989e-06,0.0,0.0,1.999999999999998e-06
0.8,0.2,0,echo_gate:H:k5,0.114691047424,2.45271539392,3.25,0.7972846060800001,0.07414796864000002,0.3707398432000001,0.32489060608,0.20271539391999993,0.07414796864000002
0.8,0.2,0,blind_gate:H:k5,0.10552319999999998,3.027606,3.5,0.4723940000000001,1.999999999999998e-06,9.999999999999989e-06,0.0,0.5276059999999999,1.999999999999998e-06
0.8,0.2,0,audit_gate:H:k5,0.136018285568,2.6520365454399997,3.25,0.7972846060800001,0.07414796864000002,0.3707398432000001,0.32489060608,0.4020365454399999,0.05561097648000002
0.8,0.2,0,serial_last:H:k5,0.10012800000000001,2.25,2.25,0.56266011648,0.0010080358400000001,0.005040179200000001,0.09026611647999994,0.0,0.0010080358400000001
0.8,0.2,0,exposed_vote:H:k6,0.197691547264,2.5,2.5,0.769475238976,0.060801334284800015,0.30400667142400006,0.34432223897599995,0.0,0.060801334284800015
0.8,0.2,0,blind_vote:H:k6,0.004185999999999997,2.8,2.8,0.42515300000000006,1.9999999999999975e-07,9.999999999999987e-07,0.0,0.0,1.9999999999999975e-07
0.8,0.2,0,echo_gate:H:k6,0.10690628648960002,2.730524761024,3.5,0.769475238976,0.060801334284800015,0.30400667142400006,0.34432223897599995,0.230524761024,0.060801334284800015
0.8,0.2,0,blind_gate:H:k6,0.11496959999999999,3.374847,3.8,0.42515300000000006,1.9999999999999975e-07,9.999999999999987e-07,0.0,0.5748469999999999,1.9999999999999975e-07
0.8,0.2,0,audit_gate:H:k6,0.1301797148672,2.922893570768,3.5,0.769475238976,0.060801334284800015,0.30400667142400006,0.34432223897599995,0.42289357076799994,0.045601000713600015
0.8,0.2,0,serial_last:H:k6,0.1000256,2.5,2.5,0.517002164224,0.0002822500352,0.001411250176,0.09184916422399997,0.0,0.0002822500352
0.8,0.2,0,exposed_vote:H:k7,0.1974024464096,2.75,2.75,0.7443575207109121,0.04985709411353601,0.24928547056768005,0.36171998071091205,0.0,0.04985709411353601
0.8,0.2,0,blind_vote:H:k7,0.004003749999999998,3.1,3.1,0.38263754000000005,1.999999999999997e-08,9.999999999999985e-08,0.0,0.0,1.999999999999997e-08
0.8,0.2,0,echo_gate:H:k7,0.1009855899713536,3.005642479289088,3.75,0.7443575207109121,0.04985709411353601,0.24928547056768005,0.36171998071091205,0.2556424792890879,0.04985709411353601
0.8,0.2,0,blind_gate:H:k7,0.12347251199999999,3.71736246,4.1,0.38263754000000005,1.999999999999997e-08,9.999999999999985e-08,0.0,0.61736246,1.999999999999997e-08
0.8,0.2,0,audit_gate:H:k7,0.1257391924785152,3.191731859466816,3.75,0.7443575207109121,0.04985709411353601,0.24928547056768005,0.36171998071091205,0.4417318594668159,0.03739282058515201
0.8,0.2,0,serial_last:H:k7,0.10000512,2.75,2.75,0.47546135106355203,7.903000985599999e-05,0.00039515004927999993,0.09282381106355198,0.0,7.903000985599999e-05
0.8,0.2,0,exposed_vote:A:k1,0.1,0.5,0.5,0.8560000000000001,0.028,0.27999999999999997,0.03600000000000003,0.0,0.028
0.8,0.2,0,blind_vote:A:k1,0.1,0.55,0.55,0.8200000000000001,0.009999999999999998,0.09999999999999998,0.0,0.0,0.009999999999999998
0.8,0.2,0,echo_gate:A:k1,0.05679999999999998,0.6439999999999999,1.5,0.8560000000000001,0.028,0.27999999999999997,0.03600000000000003,0.1439999999999999,0.028
0.8,0.2,0,blind_gate:A:k1,0.045999999999999985,0.73,1.55,0.8200000000000001,0.009999999999999998,0.09999999999999998,0.0,0.17999999999999994,0.009999999999999998
0.8,0.2,0,audit_gate:A:k1,0.09259999999999999,0.8579999999999999,1.5,0.8560000000000001,0.028,0.27999999999999997,0.03600000000000003,0.3579999999999999,0.021
0.8,0.2,0,serial_last:A:k1,0.10000000000000002,0.5,0.5,0.8560000000000001,0.028,0.27999999999999997,0.03600000000000003,0.0,0.028
0.8,0.2,0,exposed_vote:A:k2,0.05392,0.75,0.75,0.7696000000000001,0.007840000000000001,0.07840000000000001,0.03959999999999997,0.0,0.007840000000000001
0.8,0.2,0,blind_vote:A:k2,0.027999999999999997,0.85,0.85,0.7300000000000001,0.0009999999999999996,0.009999999999999995,0.0,0.0,0.0009999999999999996
0.8,0.2,0,echo_gate:A:k2,0.05391999999999999,0.9803999999999999,1.75,0.7696000000000001,0.007840000000000001,0.07840000000000001,0.03959999999999997,0.23039999999999994,0.007840000000000001
0.8,0.2,0,blind_gate:A:k2,0.054999999999999986,1.1199999999999999,1.85,0.7300000000000001,0.0009999999999999996,0.009999999999999995,0.0,0.2699999999999999,0.0009999999999999996
0.8,0.2,0,audit_gate:A:k2,0.09043999999999999,1.1728,1.75,0.7696000000000001,0.007840000000000001,0.07840000000000001,0.03959999999999997,0.42279999999999995,0.0058800000000000015
0.8,0.2,0,serial_last:A:k2,0.1,0.75,0.75,0.7696000000000001,0.007840000000000001,0.07840000000000001,0.03959999999999997,0.0,0.007840000000000001
0.8,0.2,0,exposed_vote:A:k3,0.049312,1.0,1.0,0.7030144000000002,0.0021952,0.021952,0.046814400000000034,0.0,0.0021952
0.8,0.2,0,blind_vote:A:k3,0.02799999999999999,1.15,1.15,0.6562000000000001,9.999999999999994e-05,0.0009999999999999994,0.0,0.0,9.999999999999994e-05
0.8,0.2,0,echo_gate:A:k3,0.06159231999999997,1.2969855999999997,2.0,0.7030144000000002,0.0021952,0.021952,0.046814400000000034,0.29698559999999985,0.0021952
0.8,0.2,0,blind_gate:A:k3,0.06885999999999998,1.4937999999999998,2.15,0.6562000000000001,9.999999999999994e-05,0.0009999999999999994,0.0,0.3437999999999999,9.999999999999994e-05
0.8,0.2,0,audit_gate:A:k3,0.09619424,1.4727392,2.0,0.7030144000000002,0.0021952,0.021952,0.046814400000000034,0.4727391999999999,0.0016464000000000001
0.8,0.2,0,serial_last:A:k3,0.1,1.0,1.0,0.7030144000000002,0.0021952,0.021952,0.046814400000000034,0.0,0.0021952
0.8,0.2,0,exposed_vote:A:k4,0.03305497600000001,1.25,1.25,0.6453683200000001,0.000614656,0.00614656,0.05486832000000008,0.0,0.000614656
0.8,0.2,0,blind_vote:A:k4,0.008559999999999995,1.45,1.45,0.5905,9.999999999999992e-06,9.999999999999992e-05,0.0,0.0,9.999999999999992e-06
0.8,0.2,0,echo_gate:A:k4,0.07154099199999998,1.6046316799999998,2.25,0.6453683200000001,0.000614656,0.00614656,0.05486832000000008,0.3546316799999999,0.000614656
0.8,0.2,0,blind_gate:A:k4,0.08191,1.8595,2.45,0.5905,9.999999999999992e-06,9.999999999999992e-05,0.0,0.4095,9.999999999999992e-06
0.8,0.2,0,audit_gate:A:k4,0.103655744,1.76597376,2.25,0.6453683200000001,0.000614656,0.00614656,0.05486832000000008,0.51597376,0.000460992
0.8,0.2,0,serial_last:A:k4,0.1,1.25,1.25,0.6453683200000001,0.000614656,0.00614656,0.05486832000000008,0.0,0.000614656
0.8,0.2,0,exposed_vote:A:k5,0.03051873280000001,1.5,1.5,0.5933454745600001,0.00017210368,0.0017210367999999998,0.061903474560000005,0.0,0.00017210368
0.8,0.2,0,blind_vote:A:k5,0.008559999999999996,1.75,1.75,0.5314420000000001,9.99999999999999e-07,9.999999999999989e-06,0.0,0.0,9.99999999999999e-07
0.8,0.2,0,echo_gate:A:k5,0.08150300876799998,1.90665452544,2.5,0.5933454745600001,0.00017210368,0.0017210367999999998,0.061903474560000005,0.4066545254399999,0.00017210368
0.8,0.2,0,blind_gate:A:k5,0.0937126,2.218558,2.75,0.5314420000000001,9.99999999999999e-07,9.999999999999989e-06,0.0,0.4685579999999999,9.99999999999999e-07
0.8,0.2,0,audit_gate:A:k5,0.11112725657599999,2.05499089408,2.5,0.5933454745600001,0.00017210368,0.0017210367999999998,0.061903474560000005,0.5549908940799999,0.00012907776
0.8,0.2,0,serial_last:A:k5,0.1,1.5,1.5,0.5933454745600001,0.00017210368,0.0017210367999999998,0.061903474560000005,0.0,0.00017210368
0.8,0.2,0,exposed_vote:A:k6,0.02244286259200001,1.75,1.75,0.54576769024,4.818903039999999e-05,0.0004818903039999999,0.06747069023999996,0.0,4.818903039999999e-05
0.8,0.2,0,blind_vote:A:k6,0.0027279999999999982,2.05,2.05,0.4782970000000001,9.999999999999988e-08,9.999999999999987e-07,0.0,0.0,9.999999999999988e-08
0.8,0.2,0,echo_gate:A:k6,0.0908946509824,2.20423230976,2.75,0.54576769024,4.818903039999999e-05,0.0004818903039999999,0.06747069023999996,0.45423230975999995,4.818903039999999e-05
0.8,0.2,0,blind_gate:A:k6,0.1043407,2.571703,3.05,0.4782970000000001,9.999999999999988e-08,9.999999999999987e-07,0.0,0.5217029999999999,9.999999999999988e-08
0.8,0.2,0,audit_gate:A:k6,0.11817098823679999,2.34067423232,2.75,0.54576769024,4.818903039999999e-05,0.0004818903039999999,0.06747069023999996,0.5906742323199999,3.6141772799999996e-05
0.8,0.2,0,serial_last:A:k6,0.1,1.75,1.75,0.54576769024,4.818903039999999e-05,0.0004818903039999999,0.06747069023999996,0.0,4.818903039999999e-05
0.8,0.2,0,exposed_vote:A:k7,0.0210397892608,2.0,2.0,0.5020754340413441,1.3492928511999998e-05,0.00013492928511999998,0.07160821404134404,0.0,1.3492928511999998e-05
0.8,0.2,0,blind_vote:A:k7,0.0027279999999999982,2.35,2.35,0.4304672200000001,9.999999999999985e-09,9.999999999999985e-08,0.0,0.0,9.999999999999985e-09
0.8,0.2,0,echo_gate:A:k7,0.09959840612024318,2.4979245659586558,3.0,0.5020754340413441,1.3492928511999998e-05,0.00013492928511999998,0.07160821404134404,0.49792456595865586,1.3492928511999998e-05
0.8,0.2,0,blind_gate:A:k7,0.11390656599999997,2.91953278,3.35,0.4304672200000001,9.999999999999985e-09,9.999999999999985e-08,0.0,0.5695327799999998,9.999999999999985e-09
0.8,0.2,0,audit_gate:A:k7,0.12469880459018239,2.623443424468992,3.0,0.5020754340413441,1.3492928511999998e-05,0.00013492928511999998,0.07160821404134404,0.6234434244689919,1.0119696383999998e-05
0.8,0.2,0,serial_last:A:k7,0.1,2.0,2.0,0.5020754340413441,1.3492928511999996e-05,0.00013492928511999995,0.07160821404134404,0.0,1.3492928511999996e-05
0.8,0.2,0.5,alone:H:k0,0.2,1.0,1.0,1.0,0.2,1.0,0.0,0.0,0.2
0.8,0.2,0.5,alone:A:k0,0.1,0.25,0.25,1.0,0.1,1.0,0.0,0.0,0.1
0.8,0.2,0.5,exposed_vote:H:k1,0.19000000000000003,1.25,1.25,0.9480000000000001,0.164,0.82,0.20799999999999996,0.0,0.164
0.8,0.2,0.5,blind_vote:H:k1,0.15000000000000002,1.3,1.3,0.7400000000000001,0.02,0.09999999999999999,0.0,0.0,0.02
0.8,0.2,0.5,echo_gate:H:k1,0.1744,1.302,2.25,0.9480000000000001,0.164,0.82,0.20799999999999996,0.051999999999999935,0.164
0.8,0.2,0.5,blind_gate:H:k1,0.07199999999999998,1.56,2.3,0.7400000000000001,0.02,0.09999999999999999,0.0,0.2599999999999999,0.02
0.8,0.2,0.5,audit_gate:H:k1,0.1808,1.539,2.25,0.9480000000000001,0.164,0.82,0.20799999999999996,0.2889999999999999,0.123
0.8,0.2,0.5,serial_last:H:k1,0.18000000000000002,1.25,1.25,0.9480000000000001,0.164,0.82,0.20799999999999996,0.0,0.164
0.8,0.2,0.5,exposed_vote:H:k2,0.19492,1.5,1.5,0.9046000000000001,0.13484000000000002,0.6742,0.2096,0.0,0.13484000000000002
0.8,0.2,0.5,blind_vote:H:k2,0.07300000000000001,1.6,1.6,0.6950000000000001,0.011000000000000001,0.055,0.0,0.0,0.011000000000000001
0.8,0.2,0.5,echo_gate:H:k2,0.15392,1.5954,2.5,0.9046000000000001,0.13484000000000002,0.6742,0.2096,0.09539999999999993,0.13484000000000002
0.8,0.2,0.5,blind_gate:H:k2,0.072,1.905,2.6,0.6950000000000001,0.011000000000000001,0.055,0.0,0.30499999999999994,0.011000000000000001
0.8,0.2,0.5,audit_gate:H:k2,0.16544000000000003,1.82155,2.5,0.9046000000000001,0.13484000000000002,0.6742,0.2096,0.32155,0.10113000000000001
0.8,0.2,0.5,serial_last:H:k2,0.116,1.5,1.5,0.7744000000000001,0.047360000000000006,0.2368,0.07940000000000003,0.0,0.047360000000000006
0.8,0.2,0.5,exposed_vote:H:k3,0.19287,1.75,1.75,0.8681736000000001,0.11121680000000003,0.5560840000000001,0.20647360000000003,0.0,0.11121680000000003
0.8,0.2,0.5,blind_vote:H:k3,0.07075000000000001,1.9,1.9,0.6617000000000001,0.010100000000000001,0.0505,0.0,0.0,0.010100000000000001
0.8,0.2,0.5,echo_gate:H:k3,0.13758208000000002,1.8818264,2.75,0.8681736000000001,0.11121680000000003,0.5560840000000001,0.20647360000000003,0.1318263999999999,0.11121680000000003
0.8,0.2,0.5,blind_gate:H:k3,0.07775999999999998,2.2382999999999997,2.9,0.6617000000000001,0.010100000000000001,0.0505,0.0,0.33829999999999993,0.010100000000000001
0.8,0.2,0.5,audit_gate:H:k3,0.15318656000000003,2.0988698,2.75,0.8681736000000001,0.11121680000000003,0.5560840000000001,0.20647360000000003,0.3488697999999999,0.08341260000000003
0.8,0.2,0.5,serial_last:H:k3,0.10320000000000001,1.75,1.75,0.7123776,0.0193088,0.096544,0.05067759999999999,0.0,0.0193088
0.8,0.2,0.5,exposed_vote:H:k4,0.19663473600000003,2.0,2.0,0.8374074400000001,0.09207617600000002,0.4603808800000001,0.20495744000000005,0.0,0.09207617600000002
0.8,0.2,0.5,blind_vote:H:k4,0.05671,2.2,2.2,0.6324500000000001,0.010010000000000002,0.050050000000000004,0.0,0.0,0.010010000000000002
0.8,0.2,0.5,echo_gate:H:k4,0.12459468800000001,2.1625925599999998,3.0,0.8374074400000001,0.09207617600000002,0.4603808800000001,0.20495744000000005,0.16259255999999989,0.09207617600000002
0.8,0.2,0.5,blind_gate:H:k4,0.08352,2.56755,3.2,0.6324500000000001,0.010010000000000002,0.050050000000000004,0.0,0.36754999999999993,0.010010000000000002
0.8,0.2,0.5,audit_gate:H:k4,0.143446016,2.37194442,3.0,0.8374074400000001,0.09207617600000002,0.4603808800000001,0.20495744000000005,0.37194441999999994,0.06905713200000002
0.8,0.2,0.5,serial_last:H:k4,0.10064000000000001,2.0,2.0,0.6778777600000001,0.012376064000000003,0.06188032000000001,0.04542776000000004,0.0,0.012376064000000003
0.8,0.2,0.5,exposed_vote:H:k5,0.1959896656,2.25,2.25,0.8112407030400001,0.07656518432000002,0.38282592160000006,0.20504370303999997,0.0,0.07656518432000002
0.8,0.2,0.5,blind_vote:H:k5,0.056305,2.5,2.5,0.6061970000000001,0.010001000000000001,0.050005,0.0,0.0,0.010001000000000001
0.8,0.2,0.5,echo_gate:H:k5,0.11431704371200001,2.43875929696,3.25,0.8112407030400001,0.07656518432000002,0.38282592160000006,0.20504370303999997,0.18875929695999993,0.07656518432000002
0.8,0.2,0.5,blind_gate:H:k5,0.08876159999999998,2.893803,3.5,0.6061970000000001,0.010001000000000001,0.050005,0.0,0.3938029999999999,0.010001000000000001
0.8,0.2,0.5,audit_gate:H:k5,0.135737782784,2.64156947272,3.25,0.8112407030400001,0.07656518432000002,0.38282592160000006,0.20504370303999997,0.39156947272,0.05742388824000001
0.8,0.2,0.5,serial_last:H:k5,0.10012800000000001,2.25,2.25,0.65149645824,0.01061921792,0.0530960896,0.045299458239999923,0.0,0.01061921792
0.8,0.2,0.5,exposed_vote:H:k6,0.197997773632,2.5,2.5,0.788816339488,0.0639936271424,0.319968135712,0.20623983948800007,0.0,0.0639936271424
0.8,0.2,0.5,blind_vote:H:k6,0.052093,2.8,2.8,0.5825764999999999,0.010000100000000001,0.0500005,0.0,0.0,0.010000100000000001
0.8,0.2,0.5,echo_gate:H:k6,0.10623035924480001,2.711183660512,3.5,0.788816339488,0.0639936271424,0.319968135712,0.20623983948800007,0.211183660512,0.0639936271424
0.8,0.2,0.5,blind_gate:H:k6,0.09348480000000002,3.2174234999999998,3.8,0.5825764999999999,0.010000100000000001,0.0500005,0.0,0.41742350000000006,0.010000100000000001
0.8,0.2,0.5,audit_gate:H:k6,0.1296727694336,2.908387745384,3.5,0.788816339488,0.0639936271424,0.319968135712,0.20623983948800007,0.408387745384,0.047995220356800004
0.8,0.2,0.5,serial_last:H:k6,0.1000256,2.5,2.5,0.628534362112,0.010164165017600002,0.05082082508800001,0.045957862112000036,0.0,0.010164165017600002
0.8,0.2,0.5,exposed_vote:H:k7,0.19775082320479995,2.75,2.75,0.769441736355456,0.053802915056768014,0.26901457528384004,0.20812296635545602,0.0,0.053802915056768014
0.8,0.2,0.5,blind_vote:H:k7,0.052001875,3.1,3.1,0.56131877,0.010000010000000002,0.050000050000000004,0.0,0.0,0.010000010000000002
0.8,0.2,0.5,echo_gate:H:k7,0.09991456778567681,2.980558263644544,3.75,0.769441736355456,0.053802915056768014,0.26901457528384004,0.20812296635545602,0.23055826364454401,0.053802915056768014
0.8,0.2,0.5,blind_gate:H:k7,0.09773625600000002,3.53868123,4.1,0.56131877,0.010000010000000002,0.050000050000000004,0.0,0.43868123000000003,0.010000010000000002
0.8,0.2,0.5,audit_gate:H:k7,0.12493592583925764,3.172918697733408,3.75,0.769441736355456,0.053802915056768014,0.26901457528384004,0.20812296635545602,0.42291869773340807,0.04035218629257601
0.8,0.2,0.5,serial_last:H:k7,0.10000512,2.75,2.75,0.607737331531776,0.010044123004928003,0.05022061502464001,0.04641856153177604,0.0,0.010044123004928003
0.8,0.2,0.5,exposed_vote:A:k1,0.10000000000000002,0.5,0.5,0.9279999999999999,0.064,0.64,0.017999999999999905,0.0,0.064
0.8,0.2,0.5,blind_vote:A:k1,0.09999999999999999,0.55,0.55,0.91,0.055,0.5499999999999999,0.0,0.0,0.055
0.8,0.2,0.5,echo_gate:A:k1,0.07840000000000001,0.5720000000000001,1.5,0.9279999999999999,0.064,0.64,0.017999999999999905,0.07200000000000006,0.064
0.8,0.2,0.5,blind_gate:A:k1,0.073,0.64,1.55,0.91,0.055,0.5499999999999999,0.0,0.08999999999999997,0.055
0.8,0.2,0.5,audit_gate:A:k1,0.10880000000000001,0.804,1.5,0.9279999999999999,0.064,0.64,0.017999999999999905,0.30400000000000005,0.048
0.8,0.2,0.5,serial_last:A:k1,0.10000000000000002,0.5,0.5,0.9279999999999999,0.064,0.64,0.017999999999999905,0.0,0.064
0.8,0.2,0.5,exposed_vote:A:k2,0.07696,0.75,0.75,0.8848,0.05392000000000001,0.5392,0.01980000000000004,0.0,0.05392000000000001
0.8,0.2,0.5,blind_vote:A:k2,0.064,0.85,0.85,0.865,0.0505,0.505,0.0,0.0,0.0505
0.8,0.2,0.5,echo_gate:A:k2,0.07696,0.8652,1.75,0.8848,0.05392000000000001,0.5392,0.01980000000000004,0.11519999999999997,0.05392000000000001
0.8,0.2,0.5,blind_gate:A:k2,0.07750000000000001,0.985,1.85,0.865,0.0505,0.505,0.0,0.135,0.0505
0.8,0.2,0.5,audit_gate:A:k2,0.10772000000000001,1.0864,1.75,0.8848,0.05392000000000001,0.5392,0.01980000000000004,0.33640000000000003,0.040440000000000004
0.8,0.2,0.5,serial_last:A:k2,0.1,0.75,0.75,0.8848,0.05392000000000001,0.5392,0.01980000000000004,0.0,0.05392000000000001
0.8,0.2,0.5,exposed_vote:A:k3,0.07465600000000003,1.0,1.0,0.8515072000000001,0.05109760000000001,0.510976,0.02340719999999996,0.0,0.05109760000000001
0.8,0.2,0.5,blind_vote:A:k3,0.064,1.15,1.15,0.8281000000000002,0.050050000000000004,0.5005000000000001,0.0,0.0,0.050050000000000004
0.8,0.2,0.5,echo_gate:A:k3,0.08079615999999998,1.1484927999999999,2.0,0.8515072000000001,0.05109760000000001,0.510976,0.02340719999999996,0.14849279999999987,0.05109760000000001
0.8,0.2,0.5,blind_gate:A:k3,0.08442999999999998,1.3218999999999999,2.15,0.8281000000000002,0.050050000000000004,0.5005000000000001,0.0,0.17189999999999983,0.050050000000000004
0.8,0.2,0.5,audit_gate:A:k3,0.11059712,1.3613696,2.0,0.8515072000000001,0.05109760000000001,0.510976,0.02340719999999996,0.36136959999999996,0.0383232
0.8,0.2,0.5,serial_last:A:k3,0.1,1.0,1.0,0.8515072000000001,0.05109760000000001,0.510976,0.02340719999999996,0.0,0.05109760000000001
0.8,0.2,0.5,exposed_vote:A:k4,0.06652748800000001,1.25,1.25,0.8226841600000001,0.050307328000000005,0.5030732800000001,0.027434160000000096,0.0,0.050307328000000005
0.8,0.2,0.5,blind_vote:A:k4,0.05428,1.45,1.45,0.79525,0.050005,0.50005,0.0,0.0,0.050005
0.8,0.2,0.5,echo_gate:A:k4,0.08577049599999999,1.42731584,2.25,0.8226841600000001,0.050307328000000005,0.5030732800000001,0.027434160000000096,0.1773158399999999,0.050307328000000005
0.8,0.2,0.5,blind_gate:A:k4,0.09095500000000001,1.65475,2.45,0.79525,0.050005,0.50005,0.0,0.20475,0.050005
0.8,0.2,0.5,audit_gate:A:k4,0.114327872,1.6329868799999998,2.25,0.8226841600000001,0.050307328000000005,0.5030732800000001,0.027434160000000096,0.3829868799999999,0.037730496
0.8,0.2,0.5,serial_last:A:k4,0.1,1.25,1.25,0.8226841600000001,0.050307328000000005,0.5030732800000001,0.027434160000000096,0.0,0.050307328000000005
0.8,0.2,0.5,exposed_vote:A:k5,0.06525936640000002,1.5,1.5,0.79667273728,0.05008605184000001,0.5008605184,0.030951737280000002,0.0,0.05008605184000001
0.8,0.2,0.5,blind_vote:A:k5,0.05428,1.75,1.75,0.765721,0.0500005,0.500005,0.0,0.0,0.0500005
0.8,0.2,0.5,echo_gate:A:k5,0.09075150438400001,1.70332726272,2.5,0.79667273728,0.05008605184000001,0.5008605184,0.030951737280000002,0.20332726272,0.05008605184000001
0.8,0.2,0.5,blind_gate:A:k5,0.0968563,1.984279,2.75,0.765721,0.0500005,0.500005,0.0,0.23427900000000002,0.0500005
0.8,0.2,0.5,audit_gate:A:k5,0.11806362828799999,1.90249544704,2.5,0.79667273728,0.05008605184000001,0.5008605184,0.030951737280000002,0.40249544703999995,0.037564538880000005
0.8,0.2,0.5,serial_last:A:k5,0.1,1.5,1.5,0.79667273728,0.05008605184000001,0.5008605184,0.030951737280000002,0.0,0.05008605184000001
0.8,0.2,0.5,exposed_vote:A:k6,0.061221431296,1.75,1.75,0.77288384512,0.0500240945152,0.5002409451519999,0.03373534511999998,0.0,0.0500240945152
0.8,0.2,0.5,blind_vote:A:k6,0.051364,2.05,2.05,0.7391485,0.050000050000000004,0.5000005,0.0,0.0,0.050000050000000004
0.8,0.2,0.5,echo_gate:A:k6,0.09544732549120001,1.97711615488,2.75,0.77288384512,0.0500240945152,0.5002409451519999,0.03373534511999998,0.22711615488000003,0.0500240945152
0.8,0.2,0.5,blind_gate:A:k6,0.10217035000000001,2.3108515,3.05,0.7391485,0.050000050000000004,0.5000005,0.0,0.2608515,0.050000050000000004
0.8,0.2,0.5,audit_gate:A:k6,0.1215854941184,2.17033711616,2.75,0.77288384512,0.0500240945152,0.5002409451519999,0.03373534511999998,0.42033711616,0.037518070886399996
0.8,0.2,0.5,serial_last:A:k6,0.1,1.75,1.75,0.77288384512,0.0500240945152,0.5002409451519999,0.03373534511999998,0.0,0.0500240945152
0.8,0.2,0.5,exposed_vote:A:k7,0.06051989463039999,2.0,2.0,0.751037717020672,0.05000674646425599,0.5000674646425599,0.03580410702067194,0.0,0.05000674646425599
0.8,0.2,0.5,blind_vote:A:k7,0.05136399999999999,2.35,2.35,0.7152336100000001,0.050000005,0.5000000499999999,0.0,0.0,0.050000005
0.8,0.2,0.5,echo_gate:A:k7,0.09979920306012159,2.248962282979328,3.0,0.751037717020672,0.05000674646425599,0.5000674646425599,0.03580410702067194,0.248962282979328,0.05000674646425599
0.8,0.2,0.5,blind_gate:A:k7,0.10695328299999998,2.6347663900000002,3.35,0.7152336100000001,0.050000005,0.5000000499999999,0.0,0.2847663899999999,0.050000005
0.8,0.2,0.5,audit_gate:A:k7,0.1248494022950912,2.4367217122344957,3.0,0.751037717020672,0.05000674646425599,0.5000674646425599,0.03580410702067194,0.43672171223449596,0.037505059848191996
0.8,0.2,0.5,serial_last:A:k7,0.1,2.0,2.0,0.751037717020672,0.05000674646425599,0.5000674646425599,0.03580410702067194,0.0,0.05000674646425599
0.8,0.2,0.9,alone:H:k0,0.2,1.0,1.0,1.0,0.2,1.0,0.0,0.0,0.2
0.8,0.2,0.9,alone:A:k0,0.1,0.25,0.25,1.0,0.1,1.0,0.0,0.0,0.1
0.8,0.2,0.9,exposed_vote:H:k1,0.19000000000000003,1.25,1.25,0.9480000000000002,0.16400000000000003,0.8200000000000002,0.20800000000000007,0.0,0.16400000000000003
0.8,0.2,0.9,blind_vote:H:k1,0.15000000000000002,1.3,1.3,0.7400000000000001,0.020000000000000004,0.10000000000000002,0.0,0.0,0.020000000000000004
0.8,0.2,0.9,echo_gate:H:k1,0.1744,1.3019999999999998,2.25,0.9480000000000002,0.16400000000000003,0.8200000000000002,0.20800000000000007,0.051999999999999824,0.16400000000000003
0.8,0.2,0.9,blind_gate:H:k1,0.07199999999999998,1.56,2.3,0.7400000000000001,0.020000000000000004,0.10000000000000002,0.0,0.2599999999999999,0.020000000000000004
0.8,0.2,0.9,audit_gate:H:k1,0.18080000000000002,1.539,2.25,0.9480000000000002,0.16400000000000003,0.8200000000000002,0.20800000000000007,0.2889999999999999,0.12300000000000003
0.8,0.2,0.9,serial_last:H:k1,0.18000000000000002,1.25,1.25,0.9480000000000002,0.16400000000000003,0.8200000000000002,0.20800000000000007,0.0,0.16400000000000003
0.8,0.2,0.9,exposed_vote:H:k2,0.19578400000000004,1.5,1.5,0.9060400000000002,0.13512800000000003,0.6756400000000001,0.17504000000000008,0.0,0.13512800000000003
0.8,0.2,0.9,blind_vote:H:k2,0.09460000000000002,1.6,1.6,0.7310000000000001,0.018200000000000004,0.09100000000000001,0.0,0.0,0.018200000000000004
0.8,0.2,0.9,echo_gate:H:k2,0.15392,1.5939599999999998,2.5,0.9060400000000002,0.13512800000000003,0.6756400000000001,0.17504000000000008,0.09395999999999982,0.13512800000000003
0.8,0.2,0.9,blind_gate:H:k2,0.072,1.869,2.6,0.7310000000000001,0.018200000000000004,0.09100000000000001,0.0,0.2689999999999999,0.018200000000000004
0.8,0.2,0.9,audit_gate:H:k2,0.16543999999999998,1.8204699999999998,2.5,0.9060400000000002,0.13512800000000003,0.6756400000000001,0.17504000000000008,0.3204699999999998,0.10134600000000002
0.8,0.2,0.9,serial_last:H:k2,0.116,1.5,1.5,0.7801600000000001,0.04851200000000001,0.24256000000000005,0.04915999999999998,0.0,0.04851200000000001
0.8,0.2,0.9,exposed_vote:H:k3,0.19409400000000002,1.75,1.75,0.8721307200000001,0.11197136000000002,0.5598568,0.14779072000000004,0.0,0.11197136000000002
0.8,0.2,0.9,blind_vote:H:k3,0.09415000000000001,1.9,1.9,0.7243400000000001,0.018020000000000005,0.09010000000000001,0.0,0.0,0.018020000000000005
0.8,0.2,0.9,echo_gate:H:k3,0.137545216,1.8778692799999999,2.75,0.8721307200000001,0.11197136000000002,0.5598568,0.14779072000000004,0.12786927999999986,0.11197136000000002
0.8,0.2,0.9,blind_gate:H:k3,0.073152,2.1756599999999997,2.9,0.7243400000000001,0.018020000000000005,0.09010000000000001,0.0,0.2756599999999999,0.018020000000000005
0.8,0.2,0.9,audit_gate:H:k3,0.153158912,2.09590196,2.75,0.8721307200000001,0.11197136000000002,0.5598568,0.14779072000000004,0.34590195999999995,0.08397852000000001
0.8,0.2,0.9,serial_last:H:k3,0.10320000000000001,1.75,1.75,0.74113152,0.024469760000000007,0.12234880000000004,0.01679151999999995,0.0,0.024469760000000007
0.8,0.2,0.9,exposed_vote:H:k4,0.19715094720000004,2.0,2.0,0.844678288,0.09339763520000002,0.4669881760000001,0.12618828800000004,0.0,0.09339763520000002
0.8,0.2,0.9,blind_vote:H:k4,0.09134199999999999,2.2,2.2,0.71849,0.018002,0.09000999999999999,0.0,0.0,0.018002
0.8,0.2,0.9,echo_gate:H:k4,0.12446197760000002,2.155321712,3.0,0.844678288,0.09339763520000002,0.4669881760000001,0.12618828800000004,0.155321712,0.09339763520000002
0.8,0.2,0.9,blind_gate:H:k4,0.07430400000000001,2.48151,3.2,0.71849,0.018002,0.09000999999999999,0.0,0.28151000000000004,0.018002
0.8,0.2,0.9,audit_gate:H:k4,0.14334648320000004,2.366491284,3.0,0.844678288,0.09339763520000002,0.4669881760000001,0.12618828800000004,0.366491284,0.07004822640000002
0.8,0.2,0.9,serial_last:H:k4,0.10064000000000001,2.0,2.0,0.728906752,0.019396812799999996,0.09698406399999998,0.010416752000000029,0.0,0.019396812799999996
0.8,0.2,0.9,exposed_vote:H:k5,0.19661233311999998,2.25,2.25,0.8224055806080001,0.07849895686400002,0.39249478432000007,0.10916618060799999,0.0,0.07849895686400002
0.8,0.2,0.9,blind_vote:H:k5,0.09126100000000002,2.5,2.5,0.7132394000000001,0.018000200000000004,0.09000100000000001,0.0,0.0,0.018000200000000004
0.8,0.2,0.9,echo_gate:H:k5,0.11401784074240001,2.427594419392,3.25,0.8224055806080001,0.07849895686400002,0.39249478432000007,0.10916618060799999,0.17759441939199994,0.07849895686400002
0.8,0.2,0.9,blind_gate:H:k5,0.07535231999999999,2.7867606,3.5,0.7132394000000001,0.018000200000000004,0.09000100000000001,0.0,0.2867605999999999,0.018000200000000004
0.8,0.2,0.9,audit_gate:H:k5,0.1355133805568,2.633195814544,3.25,0.8224055806080001,0.07849895686400002,0.39249478432000007,0.10916618060799999,0.383195814544,0.058874217648000014
0.8,0.2,0.9,serial_last:H:k5,0.10012800000000001,2.25,2.25,0.7225655316480001,0.018308163584000007,0.09154081792000003,0.009326131648000002,0.0,0.018308163584000007
0.8,0.2,0.9,exposed_vote:H:k6,0.1982427547264,2.5,2.5,0.8042892198976002,0.06654746142848003,0.33273730714240013,0.09577391989760009,0.0,0.06654746142848003
0.8,0.2,0.9,blind_vote:H:k6,0.09041860000000002,2.8,2.8,0.7085153000000001,0.018000020000000002,0.0900001,0.0,0.0,0.018000020000000002
0.8,0.2,0.9,echo_gate:H:k6,0.10568961744896,2.6957107801023996,3.5,0.8042892198976002,0.06654746142848003,0.33273730714240013,0.09577391989760009,0.19571078010239984,0.06654746142848003
0.8,0.2,0.9,blind_gate:H:k6,0.07629696,3.0914846999999996,3.8,0.7085153000000001,0.018000020000000002,0.0900001,0.0,0.29148469999999993,0.018000020000000002
0.8,0.2,0.9,audit_gate:H:k6,0.12926721308672,2.8967830850768,3.5,0.8042892198976002,0.06654746142848003,0.33273730714240013,0.09577391989760009,0.39678308507679994,0.049910596071360024
0.8,0.2,0.9,serial_last:H:k6,0.1000256,2.5,2.5,0.7177601204224,0.018069697003520003,0.09034848501760001,0.009244820422399935,0.0,0.018069697003520003
0.8,0.2,0.9,exposed_vote:H:k7,0.19802952464096,2.75,2.75,0.7895091088710913,0.056959571811353624,0.2847978590567681,0.0852453548710912,0.0,0.056959571811353624
0.8,0.2,0.9,blind_vote:H:k7,0.090400375,3.1,3.1,0.7042637540000001,0.018000002,0.09000001,0.0,0.0,0.018000002
0.8,0.2,0.9,echo_gate:H:k7,0.09905775003713538,2.9604908911289085,3.75,0.7895091088710913,0.056959571811353624,0.2847978590567681,0.0852453548710912,0.21049089112890873,0.056959571811353624
0.8,0.2,0.9,blind_gate:H:k7,0.07714725119999999,3.3957362460000002,4.1,0.7042637540000001,0.018000002,0.09000001,0.0,0.2957362459999999,0.018000002
0.8,0.2,0.9,audit_gate:H:k7,0.12429331252785154,3.1578681683466816,3.75,0.7895091088710913,0.056959571811353624,0.2847978590567681,0.0852453548710912,0.4078681683466816,0.042719678858515214
0.8,0.2,0.9,serial_last:H:k7,0.10000512,2.75,2.75,0.7135581159063553,0.018016197400985604,0.09008098700492802,0.009294361906355242,0.0,0.018016197400985604
0.8,0.2,0.9,exposed_vote:A:k1,0.1,0.5,0.5,0.9856,0.09280000000000001,0.928,0.0036000000000000476,0.0,0.09280000000000001
0.8,0.2,0.9,blind_vote:A:k1,0.10000000000000002,0.55,0.55,0.982,0.09100000000000001,0.91,0.0,0.0,0.09100000000000001
0.8,0.2,0.9,echo_gate:A:k1,0.09568,0.5144,1.5,0.9856,0.09280000000000001,0.928,0.0036000000000000476,0.014399999999999968,0.09280000000000001
0.8,0.2,0.9,blind_gate:A:k1,0.09460000000000002,0.5680000000000001,1.55,0.982,0.09100000000000001,0.91,0.0,0.018000000000000016,0.09100000000000001
0.8,0.2,0.9,audit_gate:A:k1,0.12176,0.7607999999999999,1.5,0.9856,0.09280000000000001,0.928,0.0036000000000000476,0.2607999999999999,0.06960000000000001
0.8,0.2,0.9,serial_last:A:k1,0.10000000000000002,0.5,0.5,0.9856,0.09280000000000001,0.928,0.0036000000000000476,0.0,0.09280000000000001
0.8,0.2,0.9,exposed_vote:A:k2,0.095392,0.75,0.75,0.97696,0.09078400000000002,0.9078400000000001,0.0039599999999999635,0.0,0.09078400000000002
0.8,0.2,0.9,blind_vote:A:k2,0.09280000000000001,0.85,0.85,0.9730000000000001,0.09010000000000001,0.9010000000000001,0.0,0.0,0.09010000000000001
0.8,0.2,0.9,echo_gate:A:k2,0.095392,0.77304,1.75,0.97696,0.09078400000000002,0.9078400000000001,0.0039599999999999635,0.02303999999999995,0.09078400000000002
0.8,0.2,0.9,blind_gate:A:k2,0.0955,0.8769999999999999,1.85,0.9730000000000001,0.09010000000000001,0.9010000000000001,0.0,0.026999999999999913,0.09010000000000001
0.8,0.2,0.9,audit_gate:A:k2,0.12154400000000001,1.01728,1.75,0.97696,0.09078400000000002,0.9078400000000001,0.0039599999999999635,0.26727999999999996,0.06808800000000001
0.8,0.2,0.9,serial_last:A:k2,0.1,0.75,0.75,0.97696,0.09078400000000002,0.9078400000000001,0.0039599999999999635,0.0,0.09078400000000002
0.8,0.2,0.9,exposed_vote:A:k3,0.09493120000000002,1.0,1.0,0.9703014400000001,0.09021952000000001,0.9021952000000001,0.004681440000000037,0.0,0.09021952000000001
0.8,0.2,0.9,blind_vote:A:k3,0.09280000000000001,1.15,1.15,0.96562,0.09001,0.9001,0.0,0.0,0.09001
0.8,0.2,0.9,echo_gate:A:k3,0.096159232,1.02969856,2.0,0.9703014400000001,0.09021952000000001,0.9021952000000001,0.004681440000000037,0.02969855999999993,0.09021952000000001
0.8,0.2,0.9,blind_gate:A:k3,0.096886,1.18438,2.15,0.96562,0.09001,0.9001,0.0,0.034379999999999966,0.09001
0.8,0.2,0.9,audit_gate:A:k3,0.122119424,1.27227392,2.0,0.9703014400000001,0.09021952000000001,0.9021952000000001,0.004681440000000037,0.27227391999999995,0.06766464000000001
0.8,0.2,0.9,serial_last:A:k3,0.1,1.0,1.0,0.9703014400000001,0.09021952000000001,0.9021952000000001,0.004681440000000037,0.0,0.09021952000000001
0.8,0.2,0.9,exposed_vote:A:k4,0.09330549760000001,1.25,1.25,0.9645368320000001,0.09006146560000002,0.9006146560000001,0.005486831999999997,0.0,0.09006146560000002
0.8,0.2,0.9,blind_vote:A:k4,0.090856,1.45,1.45,0.9590500000000001,0.09000100000000001,0.9000100000000001,0.0,0.0,0.09000100000000001
0.8,0.2,0.9,echo_gate:A:k4,0.0971540992,1.285463168,2.25,0.9645368320000001,0.09006146560000002,0.9006146560000001,0.005486831999999997,0.035463167999999934,0.09006146560000002
0.8,0.2,0.9,blind_gate:A:k4,0.098191,1.4909499999999998,2.45,0.9590500000000001,0.09000100000000001,0.9000100000000001,0.0,0.04094999999999993,0.09000100000000001
0.8,0.2,0.9,audit_gate:A:k4,0.12286557440000001,1.526597376,2.25,0.9645368320000001,0.09006146560000002,0.9006146560000001,0.005486831999999997,0.276597376,0.06754609920000001
0.8,0.2,0.9,serial_last:A:k4,0.1,1.25,1.25,0.9645368320000001,0.09006146560000002,0.9006146560000001,0.005486831999999997,0.0,0.09006146560000002
0.8,0.2,0.9,exposed_vote:A:k5,0.09305187327999999,1.5,1.5,0.9593345474560001,0.090017210368,0.90017210368,0.0061903474560000005,0.0,0.090017210368
0.8,0.2,0.9,blind_vote:A:k5,0.09085600000000002,1.75,1.75,0.9531442000000001,0.09000010000000001,0.900001,0.0,0.0,0.09000010000000001
0.8,0.2,0.9,echo_gate:A:k5,0.09815030087679999,1.5406654525439998,2.5,0.9593345474560001,0.090017210368,0.90017210368,0.0061903474560000005,0.04066545254399989,0.090017210368
0.8,0.2,0.9,blind_gate:A:k5,0.09937125999999999,1.7968558,2.75,0.9531442000000001,0.09000010000000001,0.900001,0.0,0.04685579999999989,0.09000010000000001
0.8,0.2,0.9,audit_gate:A:k5,0.12361272565759998,1.780499089408,2.5,0.9593345474560001,0.090017210368,0.90017210368,0.0061903474560000005,0.28049908940799995,0.067512907776
0.8,0.2,0.9,serial_last:A:k5,0.1,1.5,1.5,0.9593345474560001,0.090017210368,0.90017210368,0.0061903474560000005,0.0,0.090017210368
0.8,0.2,0.9,exposed_vote:A:k6,0.09224428625920002,1.75,1.75,0.9545767690240001,0.09000481890304,0.9000481890304,0.006747069024000019,0.0,0.09000481890304
0.8,0.2,0.9,blind_vote:A:k6,0.09027279999999999,2.05,2.05,0.9478297000000001,0.09000001,0.9000001,0.0,0.0,0.09000001
0.8,0.2,0.9,echo_gate:A:k6,0.09908946509823997,1.7954232309759999,2.75,0.9545767690240001,0.09000481890304,0.9000481890304,0.006747069024000019,0.04542323097599987,0.09000481890304
0.8,0.2,0.9,blind_gate:A:k6,0.10043406999999999,2.1021702999999996,3.05,0.9478297000000001,0.09000001,0.9000001,0.0,0.05217029999999989,0.09000001
0.8,0.2,0.9,audit_gate:A:k6,0.12431709882368,2.034067423232,2.75,0.9545767690240001,0.09000481890304,0.9000481890304,0.006747069024000019,0.28406742323199996,0.06750361417728
0.8,0.2,0.9,serial_last:A:k6,0.1,1.75,1.75,0.9545767690240001,0.09000481890304,0.9000481890304,0.006747069024000019,0.0,0.09000481890304
0.8,0.2,0.9,exposed_vote:A:k7,0.09210397892608001,2.0,2.0,0.9502075434041344,0.09000134929285121,0.9000134929285121,0.007160821404134321,0.0,0.09000134929285121
0.8,0.2,0.9,blind_vote:A:k7,0.09027280000000003,2.35,2.35,0.9430467220000001,0.09000000100000001,0.9000000100000001,0.0,0.0,0.09000000100000001
0.8,0.2,0.9,echo_gate:A:k7,0.09995984061202434,2.0497924565958656,3.0,0.9502075434041344,0.09000134929285121,0.9000134929285121,0.007160821404134321,0.04979245659586562,0.09000134929285121
0.8,0.2,0.9,blind_gate:A:k7,0.1013906566,2.406953278,3.35,0.9430467220000001,0.09000000100000001,0.9000000100000001,0.0,0.05695327799999994,0.09000000100000001
0.8,0.2,0.9,audit_gate:A:k7,0.12496988045901826,2.2873443424468993,3.0,0.9502075434041344,0.09000134929285121,0.9000134929285121,0.007160821404134321,0.2873443424468992,0.06750101196963841
0.8,0.2,0.9,serial_last:A:k7,0.1,2.0,2.0,0.9502075434041344,0.09000134929285121,0.9000134929285121,0.007160821404134321,0.0,0.09000134929285121
0.8,0.5,0,alone:H:k0,0.2,1.0,1.0,1.0,0.2,1.0,0.0,0.0,0.2
0.8,0.5,0,alone:A:k0,0.1,0.25,0.25,1.0,0.1,1.0,0.0,0.0,0.1
0.8,0.5,0,exposed_vote:H:k1,0.19,1.25,1.25,0.9480000000000001,0.164,0.82,0.20799999999999996,0.0,0.164
0.8,0.5,0,blind_vote:H:k1,0.15000000000000002,1.3,1.3,0.7400000000000001,0.019999999999999997,0.09999999999999998,0.0,0.0,0.019999999999999997
0.8,0.5,0,echo_gate:H:k1,0.1744,1.302,2.25,0.9480000000000001,0.164,0.82,0.20799999999999996,0.051999999999999935,0.164
0.8,0.5,0,blind_gate:H:k1,0.07199999999999998,1.56,2.3,0.7400000000000001,0.019999999999999997,0.09999999999999998,0.0,0.2599999999999999,0.019999999999999997
0.8,0.5,0,audit_gate:H:k1,0.1808,1.539,2.25,0.9480000000000001,0.164,0.82,0.20799999999999996,0.2889999999999999,0.123
0.8,0.5,0,serial_last:H:k1,0.18000000000000002,1.25,1.25,0.9480000000000001,0.164,0.82,0.20799999999999996,0.0,0.164
0.8,0.5,0,exposed_vote:H:k2,0.19384,1.5,1.5,0.9028000000000002,0.13448000000000004,0.6724000000000002,0.2528,0.0,0.13448000000000004
0.8,0.5,0,blind_vote:H:k2,0.046,1.6,1.6,0.6500000000000001,0.001999999999999999,0.009999999999999995,0.0,0.0,0.001999999999999999
0.8,0.5,0,echo_gate:H:k2,0.15392,1.5972,2.5,0.9028000000000002,0.13448000000000004,0.6724000000000002,0.2528,0.09719999999999984,0.13448000000000004
0.8,0.5,0,blind_gate:H:k2,0.07199999999999998,1.95,2.6,0.6500000000000001,0.001999999999999999,0.009999999999999995,0.0,0.34999999999999987,0.001999999999999999
0.8,0.5,0,audit_gate:H:k2,0.16544,1.8228999999999997,2.5,0.9028000000000002,0.13448000000000004,0.6724000000000002,0.2528,0.32289999999999985,0.10086000000000003
0.8,0.5,0,serial_last:H:k2,0.14,1.5,1.5,0.8350000000000002,0.0902,0.451,0.18500000000000005,0.0,0.0902
0.8,0.5,0,exposed_vote:H:k3,0.19133999999999998,1.75,1.75,0.8632272000000001,0.11027360000000003,0.5513680000000001,0.27982720000000005,0.0,0.11027360000000003
0.8,0.5,0,blind_vote:H:k3,0.041499999999999995,1.9,1.9,0.5834,0.00019999999999999987,0.0009999999999999994,0.0,0.0,0.00019999999999999987
0.8,0.5,0,echo_gate:H:k3,0.13762816,1.8867728,2.75,0.8632272000000001,0.11027360000000003,0.5513680000000001,0.27982720000000005,0.13677279999999992,0.11027360000000003
0.8,0.5,0,blind_gate:H:k3,0.08352000000000001,2.3165999999999998,2.9,0.5834,0.00019999999999999987,0.0009999999999999994,0.0,0.41659999999999997,0.00019999999999999987
0.8,0.5,0,audit_gate:H:k3,0.15322112,2.1025796,2.75,0.8632272000000001,0.11027360000000003,0.5513680000000001,0.27982720000000005,0.3525795999999999,0.08270520000000002
0.8,0.5,0,serial_last:H:k3,0.12000000000000001,1.75,1.75,0.75717,0.04961,0.24805,0.17376999999999998,0.0,0.04961
0.8,0.5,0,exposed_vote:H:k4,0.195989472,2.0,2.0,0.8283188800000001,0.09042435200000001,0.45212176000000004,0.30341888000000006,0.0,0.09042435200000001
0.8,0.5,0,blind_vote:H:k4,0.013419999999999994,2.2,2.2,0.5249,1.9999999999999985e-05,9.999999999999992e-05,0.0,0.0,1.9999999999999985e-05
0.8,0.5,0,echo_gate:H:k4,0.124760576,2.1716811199999997,3.0,0.8283188800000001,0.09042435200000001,0.45212176000000004,0.30341888000000006,0.1716811199999999,0.09042435200000001
0.8,0.5,0,blind_gate:H:k4,0.09504,2.6751,3.2,0.5249,1.9999999999999985e-05,9.999999999999992e-05,0.0,0.47509999999999997,1.9999999999999985e-05
0.8,0.5,0,audit_gate:H:k4,0.14357043200000003,2.37876084,3.0,0.8283188800000001,0.09042435200000001,0.45212176000000004,0.30341888000000006,0.37876084,0.06781826400000002
0.8,0.5,0,serial_last:H:k4,0.11000000000000001,2.0,2.0,0.6994675,0.0272855,0.1364275,0.1745675,0.0,0.0272855
0.8,0.5,0,exposed_vote:H:k5,0.19521133119999998,2.25,2.25,0.7972846060800001,0.07414796864000002,0.3707398432000001,0.32489060608,0.0,0.07414796864000002
0.8,0.5,0,blind_vote:H:k5,0.012609999999999993,2.5,2.5,0.4723940000000001,1.999999999999998e-06,9.999999999999989e-06,0.0,0.0,1.999999999999998e-06
0.8,0.5,0,echo_gate:H:k5,0.114691047424,2.45271539392,3.25,0.7972846060800001,0.07414796864000002,0.3707398432000001,0.32489060608,0.20271539391999993,0.07414796864000002
0.8,0.5,0,blind_gate:H:k5,0.10552319999999998,3.027606,3.5,0.4723940000000001,1.999999999999998e-06,9.999999999999989e-06,0.0,0.5276059999999999,1.999999999999998e-06
0.8,0.5,0,audit_gate:H:k5,0.136018285568,2.6520365454399997,3.25,0.7972846060800001,0.07414796864000002,0.3707398432000001,0.32489060608,0.4020365454399999,0.05561097648000002
0.8,0.5,0,serial_last:H:k5,0.10500000000000001,2.25,2.25,0.6535799250000001,0.015007025,0.075035125,0.18118592499999997,0.0,0.015007025
0.8,0.5,0,exposed_vote:H:k6,0.197691547264,2.5,2.5,0.769475238976,0.060801334284800015,0.30400667142400006,0.34432223897599995,0.0,0.060801334284800015
0.8,0.5,0,blind_vote:H:k6,0.004185999999999997,2.8,2.8,0.42515300000000006,1.9999999999999975e-07,9.999999999999987e-07,0.0,0.0,1.9999999999999975e-07
0.8,0.5,0,echo_gate:H:k6,0.10690628648960002,2.730524761024,3.5,0.769475238976,0.060801334284800015,0.30400667142400006,0.34432223897599995,0.230524761024,0.060801334284800015
0.8,0.5,0,blind_gate:H:k6,0.11496959999999999,3.374847,3.8,0.42515300000000006,1.9999999999999975e-07,9.999999999999987e-07,0.0,0.5748469999999999,1.9999999999999975e-07
0.8,0.5,0,audit_gate:H:k6,0.1301797148672,2.922893570768,3.5,0.769475238976,0.060801334284800015,0.30400667142400006,0.34432223897599995,0.42289357076799994,0.045601000713600015
0.8,0.5,0,serial_last:H:k6,0.10250000000000001,2.5,2.5,0.61489811875,0.00825386375,0.04126931875,0.18974511874999994,0.0,0.00825386375
0.8,0.5,0,exposed_vote:H:k7,0.1974024464096,2.75,2.75,0.7443575207109121,0.04985709411353601,0.24928547056768005,0.36171998071091205,0.0,0.04985709411353601
0.8,0.5,0,blind_vote:H:k7,0.004003749999999998,3.1,3.1,0.38263754000000005,1.999999999999997e-08,9.999999999999985e-08,0.0,0.0,1.999999999999997e-08
0.8,0.5,0,echo_gate:H:k7,0.1009855899713536,3.005642479289088,3.75,0.7443575207109121,0.04985709411353601,0.24928547056768005,0.36171998071091205,0.2556424792890879,0.04985709411353601
0.8,0.5,0,blind_gate:H:k7,0.12347251199999999,3.71736246,4.1,0.38263754000000005,1.999999999999997e-08,9.999999999999985e-08,0.0,0.61736246,1.999999999999997e-08
0.8,0.5,0,audit_gate:H:k7,0.1257391924785152,3.191731859466816,3.75,0.7443575207109121,0.04985709411353601,0.24928547056768005,0.36171998071091205,0.4417318594668159,0.03739282058515201
0.8,0.5,0,serial_last:H:k7,0.10125,2.75,2.75,0.5808516673125,0.004539625062499999,0.022698125312499994,0.1982141273125,0.0,0.004539625062499999
0.8,0.5,0,exposed_vote:A:k1,0.1,0.5,0.5,0.91,0.05500000000000001,0.55,0.08999999999999997,0.0,0.05500000000000001
0.8,0.5,0,blind_vote:A:k1,0.1,0.55,0.55,0.8200000000000001,0.009999999999999998,0.09999999999999998,0.0,0.0,0.009999999999999998
0.8,0.5,0,echo_gate:A:k1,0.07300000000000001,0.59,1.5,0.91,0.05500000000000001,0.55,0.08999999999999997,0.08999999999999997,0.05500000000000001
0.8,0.5,0,blind_gate:A:k1,0.045999999999999985,0.73,1.55,0.8200000000000001,0.009999999999999998,0.09999999999999998,0.0,0.17999999999999994,0.009999999999999998
0.8,0.5,0,audit_gate:A:k1,0.10475000000000001,0.8175,1.5,0.91,0.05500000000000001,0.55,0.08999999999999997,0.3175,0.04125000000000001
0.8,0.5,0,serial_last:A:k1,0.1,0.5,0.5,0.91,0.05500000000000001,0.55,0.08999999999999997,0.0,0.05500000000000001
0.8,0.5,0,exposed_vote:A:k2,0.08200000000000002,0.75,0.75,0.8425,0.030250000000000003,0.3025,0.11249999999999993,0.0,0.030250000000000003
0.8,0.5,0,blind_vote:A:k2,0.027999999999999997,0.85,0.85,0.7300000000000001,0.0009999999999999996,0.009999999999999995,0.0,0.0,0.0009999999999999996
0.8,0.5,0,echo_gate:A:k2,0.06175,0.9075,1.75,0.8425,0.030250000000000003,0.3025,0.11249999999999993,0.15749999999999997,0.030250000000000003
0.8,0.5,0,blind_gate:A:k2,0.054999999999999986,1.1199999999999999,1.85,0.7300000000000001,0.0009999999999999996,0.009999999999999995,0.0,0.2699999999999999,0.0009999999999999996
0.8,0.5,0,audit_gate:A:k2,0.09631250000000001,1.118125,1.75,0.8425,0.030250000000000003,0.3025,0.11249999999999993,0.36812500000000004,0.022687500000000003
0.8,0.5,0,serial_last:A:k2,0.1,0.75,0.75,0.8425,0.030250000000000003,0.3025,0.11249999999999993,0.0,0.030250000000000003
0.8,0.5,0,exposed_vote:A:k3,0.07749999999999999,1.0,1.0,0.7882750000000001,0.0166375,0.166375,0.13207499999999994,0.0,0.0166375
0.8,0.5,0,blind_vote:A:k3,0.02799999999999999,1.15,1.15,0.6562000000000001,9.999999999999994e-05,0.0009999999999999994,0.0,0.0,9.999999999999994e-05
0.8,0.5,0,echo_gate:A:k3,0.05898249999999999,1.211725,2.0,0.7882750000000001,0.0166375,0.166375,0.13207499999999994,0.21172499999999994,0.0166375
0.8,0.5,0,blind_gate:A:k3,0.06885999999999998,1.4937999999999998,2.15,0.6562000000000001,9.999999999999994e-05,0.0009999999999999994,0.0,0.3437999999999999,9.999999999999994e-05
0.8,0.5,0,audit_gate:A:k3,0.094236875,1.40879375,2.0,0.7882750000000001,0.0166375,0.166375,0.13207499999999994,0.40879374999999996,0.012478125
0.8,0.5,0,serial_last:A:k3,0.1,1.0,1.0,0.7882750000000001,0.0166375,0.166375,0.13207499999999994,0.0,0.0166375
0.8,0.5,0,exposed_vote:A:k4,0.07628499999999999,1.25,1.25,0.7422062500000001,0.009150624999999999,0.09150624999999998,0.15170625000000004,0.0,0.009150624999999999
0.8,0.5,0,blind_vote:A:k4,0.008559999999999995,1.45,1.45,0.5905,9.999999999999992e-06,9.999999999999992e-05,0.0,0.0,9.999999999999992e-06
0.8,0.5,0,echo_gate:A:k4,0.06070937499999998,1.5077937499999998,2.25,0.7422062500000001,0.009150624999999999,0.09150624999999998,0.15170625000000004,0.25779374999999993,0.009150624999999999
0.8,0.5,0,blind_gate:A:k4,0.08191,1.8595,2.45,0.5905,9.999999999999992e-06,9.999999999999992e-05,0.0,0.4095,9.999999999999992e-06
0.8,0.5,0,audit_gate:A:k4,0.09553203125000001,1.6933453125,2.25,0.7422062500000001,0.009150624999999999,0.09150624999999998,0.15170625000000004,0.4433453125,0.006862968749999999
0.8,0.5,0,serial_last:A:k4,0.1,1.25,1.25,0.7422062500000001,0.009150624999999999,0.09150624999999998,0.15170625000000004,0.0,0.009150624999999999
0.8,0.5,0,exposed_vote:A:k5,0.07362999999999999,1.5,1.5,0.7014356875000001,0.00503284375,0.050328437499999996,0.1699936875,0.0,0.00503284375
0.8,0.5,0,blind_vote:A:k5,0.008559999999999996,1.75,1.75,0.5314420000000001,9.99999999999999e-07,9.999999999999989e-06,0.0,0.0,9.99999999999999e-07
0.8,0.5,0,echo_gate:A:k5,0.06474570624999999,1.7985643125,2.5,0.7014356875000001,0.00503284375,0.050328437499999996,0.1699936875,0.29856431249999993,0.00503284375
0.8,0.5,0,blind_gate:A:k5,0.0937126,2.218558,2.75,0.5314420000000001,9.99999999999999e-07,9.999999999999989e-06,0.0,0.4685579999999999,9.99999999999999e-07
0.8,0.5,0,audit_gate:A:k5,0.09855927968749999,1.973923234375,2.5,0.7014356875000001,0.00503284375,0.050328437499999996,0.1699936875,0.47392323437499995,0.0037746328125
0.8,0.5,0,serial_last:A:k5,0.1,1.5,1.5,0.7014356875000001,0.00503284375,0.050328437499999996,0.1699936875,0.0,0.00503284375
0.8,0.5,0,exposed_vote:A:k6,0.074551375,1.75,1.75,0.6643507656250001,0.0027680640624999997,0.027680640624999996,0.18605376562499998,0.0,0.0027680640624999997
0.8,0.5,0,blind_vote:A:k6,0.0027279999999999982,2.05,2.05,0.4782970000000001,9.999999999999988e-08,9.999999999999987e-07,0.0,0.0,9.999999999999988e-08
0.8,0.5,0,echo_gate:A:k6,0.0698979109375,2.085649234375,2.75,0.6643507656250001,0.0027680640624999997,0.027680640624999996,0.18605376562499998,0.33564923437499994,0.0027680640624999997
0.8,0.5,0,blind_gate:A:k6,0.1043407,2.571703,3.05,0.4782970000000001,9.999999999999988e-08,9.999999999999987e-07,0.0,0.5217029999999999,9.999999999999988e-08
0.8,0.5,0,audit_gate:A:k6,0.102423433203125,2.25173692578125,2.75,0.6643507656250001,0.0027680640624999997,0.027680640624999996,0.18605376562499998,0.50173692578125,0.002076048046875
0.8,0.5,0,serial_last:A:k6,0.1,1.75,1.75,0.6643507656250001,0.0027680640624999997,0.027680640624999996,0.18605376562499998,0.0,0.0027680640624999997
0.8,0.5,0,exposed_vote:A:k7,0.07285782812500002,2.0,2.0,0.63002600171875,0.0015224352343749998,0.015224352343749997,0.1995587817187499,0.0,0.0015224352343749998
0.8,0.5,0,blind_vote:A:k7,0.0027279999999999982,2.35,2.35,0.4304672200000001,9.999999999999985e-09,9.999999999999985e-08,0.0,0.0,9.999999999999985e-09
0.8,0.5,0,echo_gate:A:k7,0.07551723489062499,2.36997399828125,3.0,0.63002600171875,0.0015224352343749998,0.015224352343749997,0.1995587817187499,0.36997399828125,0.0015224352343749998
0.8,0.5,0,blind_gate:A:k7,0.11390656599999997,2.91953278,3.35,0.4304672200000001,9.999999999999985e-09,9.999999999999985e-08,0.0,0.5695327799999998,9.999999999999985e-09
0.8,0.5,0,audit_gate:A:k7,0.10663792616796876,2.5274804987109376,3.0,0.63002600171875,0.0015224352343749998,0.015224352343749997,0.1995587817187499,0.5274804987109375,0.00114182642578125
0.8,0.5,0,serial_last:A:k7,0.1,2.0,2.0,0.63002600171875,0.0015224352343749998,0.015224352343749997,0.1995587817187499,0.0,0.0015224352343749998
0.8,0.5,0.5,alone:H:k0,0.2,1.0,1.0,1.0,0.2,1.0,0.0,0.0,0.2
0.8,0.5,0.5,alone:A:k0,0.1,0.25,0.25,1.0,0.1,1.0,0.0,0.0,0.1
0.8,0.5,0.5,exposed_vote:H:k1,0.19000000000000003,1.25,1.25,0.9480000000000001,0.164,0.82,0.20799999999999996,0.0,0.164
0.8,0.5,0.5,blind_vote:H:k1,0.15000000000000002,1.3,1.3,0.7400000000000001,0.02,0.09999999999999999,0.0,0.0,0.02
0.8,0.5,0.5,echo_gate:H:k1,0.1744,1.302,2.25,0.9480000000000001,0.164,0.82,0.20799999999999996,0.051999999999999935,0.164
0.8,0.5,0.5,blind_gate:H:k1,0.07199999999999998,1.56,2.3,0.7400000000000001,0.02,0.09999999999999999,0.0,0.2599999999999999,0.02
0.8,0.5,0.5,audit_gate:H:k1,0.1808,1.539,2.25,0.9480000000000001,0.164,0.82,0.20799999999999996,0.2889999999999999,0.123
0.8,0.5,0.5,serial_last:H:k1,0.18000000000000002,1.25,1.25,0.9480000000000001,0.164,0.82,0.20799999999999996,0.0,0.164
0.8,0.5,0.5,exposed_vote:H:k2,0.19492,1.5,1.5,0.9046000000000001,0.13484000000000002,0.6742,0.2096,0.0,0.13484000000000002
0.8,0.5,0.5,blind_vote:H:k2,0.07300000000000001,1.6,1.6,0.6950000000000001,0.011000000000000001,0.055,0.0,0.0,0.011000000000000001
0.8,0.5,0.5,echo_gate:H:k2,0.15392,1.5954,2.5,0.9046000000000001,0.13484000000000002,0.6742,0.2096,0.09539999999999993,0.13484000000000002
0.8,0.5,0.5,blind_gate:H:k2,0.072,1.905,2.6,0.6950000000000001,0.011000000000000001,0.055,0.0,0.30499999999999994,0.011000000000000001
0.8,0.5,0.5,audit_gate:H:k2,0.16544000000000003,1.82155,2.5,0.9046000000000001,0.13484000000000002,0.6742,0.2096,0.32155,0.10113000000000001
0.8,0.5,0.5,serial_last:H:k2,0.14,1.5,1.5,0.8395,0.0911,0.45549999999999996,0.14449999999999996,0.0,0.0911
0.8,0.5,0.5,exposed_vote:H:k3,0.19287,1.75,1.75,0.8681736000000001,0.11121680000000003,0.5560840000000001,0.20647360000000003,0.0,0.11121680000000003
0.8,0.5,0.5,blind_vote:H:k3,0.07075000000000001,1.9,1.9,0.6617000000000001,0.010100000000000001,0.0505,0.0,0.0,0.010100000000000001
0.8,0.5,0.5,echo_gate:H:k3,0.13758208000000002,1.8818264,2.75,0.8681736000000001,0.11121680000000003,0.5560840000000001,0.20647360000000003,0.1318263999999999,0.11121680000000003
0.8,0.5,0.5,blind_gate:H:k3,0.07775999999999998,2.2382999999999997,2.9,0.6617000000000001,0.010100000000000001,0.0505,0.0,0.33829999999999993,0.010100000000000001
0.8,0.5,0.5,audit_gate:H:k3,0.15318656000000003,2.0988698,2.75,0.8681736000000001,0.11121680000000003,0.5560840000000001,0.20647360000000003,0.3488697999999999,0.08341260000000003
0.8,0.5,0.5,serial_last:H:k3,0.12000000000000001,1.75,1.75,0.7745850000000001,0.052805000000000005,0.264025,0.11288500000000001,0.0,0.052805000000000005
0.8,0.5,0.5,exposed_vote:H:k4,0.19663473600000003,2.0,2.0,0.8374074400000001,0.09207617600000002,0.4603808800000001,0.20495744000000005,0.0,0.09207617600000002
0.8,0.5,0.5,blind_vote:H:k4,0.05671,2.2,2.2,0.6324500000000001,0.010010000000000002,0.050050000000000004,0.0,0.0,0.010010000000000002
0.8,0.5,0.5,echo_gate:H:k4,0.12459468800000001,2.1625925599999998,3.0,0.8374074400000001,0.09207617600000002,0.4603808800000001,0.20495744000000005,0.16259255999999989,0.09207617600000002
0.8,0.5,0.5,blind_gate:H:k4,0.08352,2.56755,3.2,0.6324500000000001,0.010010000000000002,0.050050000000000004,0.0,0.36754999999999993,0.010010000000000002
0.8,0.5,0.5,audit_gate:H:k4,0.143446016,2.37194442,3.0,0.8374074400000001,0.09207617600000002,0.4603808800000001,0.20495744000000005,0.37194441999999994,0.06905713200000002
0.8,0.5,0.5,serial_last:H:k4,0.11000000000000001,2.0,2.0,0.7327337500000001,0.032642750000000005,0.16321375000000002,0.10028375,0.0,0.032642750000000005
0.8,0.5,0.5,exposed_vote:H:k5,0.1959896656,2.25,2.25,0.8112407030400001,0.07656518432000002,0.38282592160000006,0.20504370303999997,0.0,0.07656518432000002
0.8,0.5,0.5,blind_vote:H:k5,0.056305,2.5,2.5,0.6061970000000001,0.010001000000000001,0.050005,0.0,0.0,0.010001000000000001
0.8,0.5,0.5,echo_gate:H:k5,0.11431704371200001,2.43875929696,3.25,0.8112407030400001,0.07656518432000002,0.38282592160000006,0.20504370303999997,0.18875929695999993,0.07656518432000002
0.8,0.5,0.5,blind_gate:H:k5,0.08876159999999998,2.893803,3.5,0.6061970000000001,0.010001000000000001,0.050005,0.0,0.3938029999999999,0.010001000000000001
0.8,0.5,0.5,audit_gate:H:k5,0.135737782784,2.64156947272,3.25,0.8112407030400001,0.07656518432000002,0.38282592160000006,0.20504370303999997,0.39156947272,0.05742388824000001
0.8,0.5,0.5,serial_last:H:k5,0.10500000000000001,2.25,2.25,0.7032899625000001,0.022003512500000003,0.11001756250000001,0.09709296249999999,0.0,0.022003512500000003
0.8,0.5,0.5,exposed_vote:H:k6,0.197997773632,2.5,2.5,0.788816339488,0.0639936271424,0.319968135712,0.20623983948800007,0.0,0.0639936271424
0.8,0.5,0.5,blind_vote:H:k6,0.052093,2.8,2.8,0.5825764999999999,0.010000100000000001,0.0500005,0.0,0.0,0.010000100000000001
0.8,0.5,0.5,echo_gate:H:k6,0.10623035924480001,2.711183660512,3.5,0.788816339488,0.0639936271424,0.319968135712,0.20623983948800007,0.211183660512,0.0639936271424
0.8,0.5,0.5,blind_gate:H:k6,0.09348480000000002,3.2174234999999998,3.8,0.5825764999999999,0.010000100000000001,0.0500005,0.0,0.41742350000000006,0.010000100000000001
0.8,0.5,0.5,audit_gate:H:k6,0.1296727694336,2.908387745384,3.5,0.788816339488,0.0639936271424,0.319968135712,0.20623983948800007,0.408387745384,0.047995220356800004
0.8,0.5,0.5,serial_last:H:k6,0.10250000000000001,2.5,2.5,0.680699059375,0.016376931875,0.081884659375,0.09812255937500003,0.0,0.016376931875
0.8,0.5,0.5,exposed_vote:H:k7,0.19775082320479995,2.75,2.75,0.769441736355456,0.053802915056768014,0.26901457528384004,0.20812296635545602,0.0,0.053802915056768014
0.8,0.5,0.5,blind_vote:H:k7,0.052001875,3.1,3.1,0.56131877,0.010000010000000002,0.050000050000000004,0.0,0.0,0.010000010000000002
0.8,0.5,0.5,echo_gate:H:k7,0.09991456778567681,2.980558263644544,3.75,0.769441736355456,0.053802915056768014,0.26901457528384004,0.20812296635545602,0.23055826364454401,0.053802915056768014
0.8,0.5,0.5,blind_gate:H:k7,0.09773625600000002,3.53868123,4.1,0.56131877,0.010000010000000002,0.050000050000000004,0.0,0.43868123000000003,0.010000010000000002
0.8,0.5,0.5,audit_gate:H:k7,0.12493592583925764,3.172918697733408,3.75,0.769441736355456,0.053802915056768014,0.26901457528384004,0.20812296635545602,0.42291869773340807,0.04035218629257601
0.8,0.5,0.5,serial_last:H:k7,0.10125,2.75,2.75,0.6620508336562501,0.013394812531250005,0.06697406265625001,0.10073206365625009,0.0,0.013394812531250005
0.8,0.5,0.5,exposed_vote:A:k1,0.1,0.5,0.5,0.955,0.0775,0.7749999999999999,0.04499999999999993,0.0,0.0775
0.8,0.5,0.5,blind_vote:A:k1,0.09999999999999999,0.55,0.55,0.91,0.055,0.5499999999999999,0.0,0.0,0.055
0.8,0.5,0.5,echo_gate:A:k1,0.08650000000000001,0.545,1.5,0.955,0.0775,0.7749999999999999,0.04499999999999993,0.04500000000000004,0.0775
0.8,0.5,0.5,blind_gate:A:k1,0.073,0.64,1.55,0.91,0.055,0.5499999999999999,0.0,0.08999999999999997,0.055
0.8,0.5,0.5,audit_gate:A:k1,0.114875,0.7837500000000001,1.5,0.955,0.0775,0.7749999999999999,0.04499999999999993,0.28375000000000006,0.058124999999999996
0.8,0.5,0.5,serial_last:A:k1,0.1,0.5,0.5,0.955,0.0775,0.7749999999999999,0.04499999999999993,0.0,0.0775
0.8,0.5,0.5,exposed_vote:A:k2,0.09100000000000001,0.75,0.75,0.92125,0.065125,0.65125,0.05625000000000002,0.0,0.065125
0.8,0.5,0.5,blind_vote:A:k2,0.064,0.85,0.85,0.865,0.0505,0.505,0.0,0.0,0.0505
0.8,0.5,0.5,echo_gate:A:k2,0.080875,0.82875,1.75,0.92125,0.065125,0.65125,0.05625000000000002,0.07874999999999999,0.065125
0.8,0.5,0.5,blind_gate:A:k2,0.07750000000000001,0.985,1.85,0.865,0.0505,0.505,0.0,0.135,0.0505
0.8,0.5,0.5,audit_gate:A:k2,0.11065625000000001,1.0590625,1.75,0.92125,0.065125,0.65125,0.05625000000000002,0.3090625,0.048843750000000005
0.8,0.5,0.5,serial_last:A:k2,0.1,0.75,0.75,0.92125,0.065125,0.65125,0.05625000000000002,0.0,0.065125
0.8,0.5,0.5,exposed_vote:A:k3,0.08874999999999998,1.0,1.0,0.8941375000000001,0.05831875,0.5831875,0.06603749999999997,0.0,0.05831875
0.8,0.5,0.5,blind_vote:A:k3,0.064,1.15,1.15,0.8281000000000002,0.050050000000000004,0.5005000000000001,0.0,0.0,0.050050000000000004
0.8,0.5,0.5,echo_gate:A:k3,0.07949124999999997,1.1058624999999997,2.0,0.8941375000000001,0.05831875,0.5831875,0.06603749999999997,0.10586249999999986,0.05831875
0.8,0.5,0.5,blind_gate:A:k3,0.08442999999999998,1.3218999999999999,2.15,0.8281000000000002,0.050050000000000004,0.5005000000000001,0.0,0.17189999999999983,0.050050000000000004
0.8,0.5,0.5,audit_gate:A:k3,0.1096184375,1.329396875,2.0,0.8941375000000001,0.05831875,0.5831875,0.06603749999999997,0.3293968749999999,0.0437390625
0.8,0.5,0.5,serial_last:A:k3,0.1,1.0,1.0,0.8941375000000001,0.05831875,0.5831875,0.06603749999999997,0.0,0.05831875
0.8,0.5,0.5,exposed_vote:A:k4,0.08814250000000001,1.25,1.25,0.8711031250000001,0.054575312499999994,0.545753125,0.07585312500000008,0.0,0.054575312499999994
0.8,0.5,0.5,blind_vote:A:k4,0.05428,1.45,1.45,0.79525,0.050005,0.50005,0.0,0.0,0.050005
0.8,0.5,0.5,echo_gate:A:k4,0.08035468749999998,1.378896875,2.25,0.8711031250000001,0.054575312499999994,0.545753125,0.07585312500000008,0.1288968749999999,0.054575312499999994
0.8,0.5,0.5,blind_gate:A:k4,0.09095500000000001,1.65475,2.45,0.79525,0.050005,0.50005,0.0,0.20475,0.050005
0.8,0.5,0.5,audit_gate:A:k4,0.11026601562499999,1.59667265625,2.25,0.8711031250000001,0.054575312499999994,0.545753125,0.07585312500000008,0.34667265625,0.040931484374999993
0.8,0.5,0.5,serial_last:A:k4,0.1,1.25,1.25,0.8711031250000001,0.054575312499999994,0.545753125,0.07585312500000008,0.0,0.054575312499999994
0.8,0.5,0.5,exposed_vote:A:k5,0.086815,1.5,1.5,0.8507178437499999,0.052516421875,0.52516421875,0.08499684374999994,0.0,0.052516421875
0.8,0.5,0.5,blind_vote:A:k5,0.05428,1.75,1.75,0.765721,0.0500005,0.500005,0.0,0.0,0.0500005
0.8,0.5,0.5,echo_gate:A:k5,0.082372853125,1.64928215625,2.5,0.8507178437499999,0.052516421875,0.52516421875,0.08499684374999994,0.14928215625000008,0.052516421875
0.8,0.5,0.5,blind_gate:A:k5,0.0968563,1.984279,2.75,0.765721,0.0500005,0.500005,0.0,0.23427900000000002,0.0500005
0.8,0.5,0.5,audit_gate:A:k5,0.11177963984375001,1.8619616171875002,2.5,0.8507178437499999,0.052516421875,0.52516421875,0.08499684374999994,0.3619616171875001,0.03938731640625
0.8,0.5,0.5,serial_last:A:k5,0.1,1.5,1.5,0.8507178437499999,0.052516421875,0.52516421875,0.08499684374999994,0.0,0.052516421875
0.8,0.5,0.5,exposed_vote:A:k6,0.08727568749999999,1.75,1.75,0.8321753828125,0.05138403203125,0.5138403203124999,0.09302688281250004,0.0,0.05138403203125
0.8,0.5,0.5,blind_vote:A:k6,0.051364,2.05,2.05,0.7391485,0.050000050000000004,0.5000005,0.0,0.0,0.050000050000000004
0.8,0.5,0.5,echo_gate:A:k6,0.08494895546875,1.9178246171875,2.75,0.8321753828125,0.05138403203125,0.5138403203124999,0.09302688281250004,0.16782461718749997,0.05138403203125
0.8,0.5,0.5,blind_gate:A:k6,0.10217035000000001,2.3108515,3.05,0.7391485,0.050000050000000004,0.5000005,0.0,0.2608515,0.050000050000000004
0.8,0.5,0.5,audit_gate:A:k6,0.11371171660156251,2.125868462890625,2.75,0.8321753828125,0.05138403203125,0.5138403203124999,0.09302688281250004,0.37586846289062503,0.0385380240234375
0.8,0.5,0.5,serial_last:A:k6,0.1,1.75,1.75,0.8321753828125,0.05138403203125,0.5138403203124999,0.09302688281250004,0.0,0.05138403203125
0.8,0.5,0.5,exposed_vote:A:k7,0.08642891406249996,2.0,2.0,0.815013000859375,0.0507612176171875,0.5076121761718749,0.09977939085937493,0.0,0.0507612176171875
0.8,0.5,0.5,blind_vote:A:k7,0.05136399999999999,2.35,2.35,0.7152336100000001,0.050000005,0.5000000499999999,0.0,0.0,0.050000005
0.8,0.5,0.5,echo_gate:A:k7,0.08775861744531249,2.1849869991406248,3.0,0.815013000859375,0.0507612176171875,0.5076121761718749,0.09977939085937493,0.184986999140625,0.0507612176171875
0.8,0.5,0.5,blind_gate:A:k7,0.10695328299999998,2.6347663900000002,3.35,0.7152336100000001,0.050000005,0.5000000499999999,0.0,0.2847663899999999,0.050000005
0.8,0.5,0.5,audit_gate:A:k7,0.1158189630839844,2.388740249355469,3.0,0.815013000859375,0.0507612176171875,0.5076121761718749,0.09977939085937493,0.3887402493554688,0.03807091321289063
0.8,0.5,0.5,serial_last:A:k7,0.1,2.0,2.0,0.815013000859375,0.0507612176171875,0.5076121761718749,0.09977939085937493,0.0,0.0507612176171875
0.8,0.5,0.9,alone:H:k0,0.2,1.0,1.0,1.0,0.2,1.0,0.0,0.0,0.2
0.8,0.5,0.9,alone:A:k0,0.1,0.25,0.25,1.0,0.1,1.0,0.0,0.0,0.1
0.8,0.5,0.9,exposed_vote:H:k1,0.19000000000000003,1.25,1.25,0.9480000000000002,0.16400000000000003,0.8200000000000002,0.20800000000000007,0.0,0.16400000000000003
0.8,0.5,0.9,blind_vote:H:k1,0.15000000000000002,1.3,1.3,0.7400000000000001,0.020000000000000004,0.10000000000000002,0.0,0.0,0.020000000000000004
0.8,0.5,0.9,echo_gate:H:k1,0.1744,1.3019999999999998,2.25,0.9480000000000002,0.16400000000000003,0.8200000000000002,0.20800000000000007,0.051999999999999824,0.16400000000000003
0.8,0.5,0.9,blind_gate:H:k1,0.07199999999999998,1.56,2.3,0.7400000000000001,0.020000000000000004,0.10000000000000002,0.0,0.2599999999999999,0.020000000000000004
0.8,0.5,0.9,audit_gate:H:k1,0.18080000000000002,1.539,2.25,0.9480000000000002,0.16400000000000003,0.8200000000000002,0.20800000000000007,0.2889999999999999,0.12300000000000003
0.8,0.5,0.9,serial_last:H:k1,0.18000000000000002,1.25,1.25,0.9480000000000002,0.16400000000000003,0.8200000000000002,0.20800000000000007,0.0,0.16400000000000003
0.8,0.5,0.9,exposed_vote:H:k2,0.19578400000000004,1.5,1.5,0.9060400000000002,0.13512800000000003,0.6756400000000001,0.17504000000000008,0.0,0.13512800000000003
0.8,0.5,0.9,blind_vote:H:k2,0.09460000000000002,1.6,1.6,0.7310000000000001,0.018200000000000004,0.09100000000000001,0.0,0.0,0.018200000000000004
0.8,0.5,0.9,echo_gate:H:k2,0.15392,1.5939599999999998,2.5,0.9060400000000002,0.13512800000000003,0.6756400000000001,0.17504000000000008,0.09395999999999982,0.13512800000000003
0.8,0.5,0.9,blind_gate:H:k2,0.072,1.869,2.6,0.7310000000000001,0.018200000000000004,0.09100000000000001,0.0,0.2689999999999999,0.018200000000000004
0.8,0.5,0.9,audit_gate:H:k2,0.16543999999999998,1.8204699999999998,2.5,0.9060400000000002,0.13512800000000003,0.6756400000000001,0.17504000000000008,0.3204699999999998,0.10134600000000002
0.8,0.5,0.9,serial_last:H:k2,0.14,1.5,1.5,0.8431000000000002,0.09182000000000001,0.45910000000000006,0.11210000000000009,0.0,0.09182000000000001
0.8,0.5,0.9,exposed_vote:H:k3,0.19409400000000002,1.75,1.75,0.8721307200000001,0.11197136000000002,0.5598568,0.14779072000000004,0.0,0.11197136000000002
0.8,0.5,0.9,blind_vote:H:k3,0.09415000000000001,1.9,1.9,0.7243400000000001,0.018020000000000005,0.09010000000000001,0.0,0.0,0.018020000000000005
0.8,0.5,0.9,echo_gate:H:k3,0.137545216,1.8778692799999999,2.75,0.8721307200000001,0.11197136000000002,0.5598568,0.14779072000000004,0.12786927999999986,0.11197136000000002
0.8,0.5,0.9,blind_gate:H:k3,0.073152,2.1756599999999997,2.9,0.7243400000000001,0.018020000000000005,0.09010000000000001,0.0,0.2756599999999999,0.018020000000000005
0.8,0.5,0.9,audit_gate:H:k3,0.153158912,2.09590196,2.75,0.8721307200000001,0.11197136000000002,0.5598568,0.14779072000000004,0.34590195999999995,0.08397852000000001
0.8,0.5,0.9,serial_last:H:k3,0.12000000000000001,1.75,1.75,0.788517,0.055361000000000014,0.2768050000000001,0.06417699999999993,0.0,0.055361000000000014
0.8,0.5,0.9,exposed_vote:H:k4,0.19715094720000004,2.0,2.0,0.844678288,0.09339763520000002,0.4669881760000001,0.12618828800000004,0.0,0.09339763520000002
0.8,0.5,0.9,blind_vote:H:k4,0.09134199999999999,2.2,2.2,0.71849,0.018002,0.09000999999999999,0.0,0.0,0.018002
0.8,0.5,0.9,echo_gate:H:k4,0.12446197760000002,2.155321712,3.0,0.844678288,0.09339763520000002,0.4669881760000001,0.12618828800000004,0.155321712,0.09339763520000002
0.8,0.5,0.9,blind_gate:H:k4,0.07430400000000001,2.48151,3.2,0.71849,0.018002,0.09000999999999999,0.0,0.28151000000000004,0.018002
0.8,0.5,0.9,audit_gate:H:k4,0.14334648320000004,2.366491284,3.0,0.844678288,0.09339763520000002,0.4669881760000001,0.12618828800000004,0.366491284,0.07004822640000002
0.8,0.5,0.9,serial_last:H:k4,0.11000000000000001,2.0,2.0,0.75934675,0.036928550000000004,0.18464275000000002,0.04085675,0.0,0.036928550000000004
0.8,0.5,0.9,exposed_vote:H:k5,0.19661233311999998,2.25,2.25,0.8224055806080001,0.07849895686400002,0.39249478432000007,0.10916618060799999,0.0,0.07849895686400002
0.8,0.5,0.9,blind_vote:H:k5,0.09126100000000002,2.5,2.5,0.7132394000000001,0.018000200000000004,0.09000100000000001,0.0,0.0,0.018000200000000004
0.8,0.5,0.9,echo_gate:H:k5,0.11401784074240001,2.427594419392,3.25,0.8224055806080001,0.07849895686400002,0.39249478432000007,0.10916618060799999,0.17759441939199994,0.07849895686400002
0.8,0.5,0.9,blind_gate:H:k5,0.07535231999999999,2.7867606,3.5,0.7132394000000001,0.018000200000000004,0.09000100000000001,0.0,0.2867605999999999,0.018000200000000004
0.8,0.5,0.9,audit_gate:H:k5,0.1355133805568,2.633195814544,3.25,0.8224055806080001,0.07849895686400002,0.39249478432000007,0.10916618060799999,0.383195814544,0.058874217648000014
0.8,0.5,0.9,serial_last:H:k5,0.10500000000000001,2.25,2.25,0.7430579925,0.027600702500000004,0.1380035125,0.029818592499999963,0.0,0.027600702500000004
0.8,0.5,0.9,exposed_vote:H:k6,0.1982427547264,2.5,2.5,0.8042892198976002,0.06654746142848003,0.33273730714240013,0.09577391989760009,0.0,0.06654746142848003
0.8,0.5,0.9,blind_vote:H:k6,0.09041860000000002,2.8,2.8,0.7085153000000001,0.018000020000000002,0.0900001,0.0,0.0,0.018000020000000002
0.8,0.5,0.9,echo_gate:H:k6,0.10568961744896,2.6957107801023996,3.5,0.8042892198976002,0.06654746142848003,0.33273730714240013,0.09577391989760009,0.19571078010239984,0.06654746142848003
0.8,0.5,0.9,blind_gate:H:k6,0.07629696,3.0914846999999996,3.8,0.7085153000000001,0.018000020000000002,0.0900001,0.0,0.29148469999999993,0.018000020000000002
0.8,0.5,0.9,audit_gate:H:k6,0.12926721308672,2.8967830850768,3.5,0.8042892198976002,0.06654746142848003,0.33273730714240013,0.09577391989760009,0.39678308507679994,0.049910596071360024
0.8,0.5,0.9,serial_last:H:k6,0.10250000000000001,2.5,2.5,0.7333398118750001,0.022875386375000004,0.11437693187500002,0.02482451187500001,0.0,0.022875386375000004
0.8,0.5,0.9,exposed_vote:H:k7,0.19802952464096,2.75,2.75,0.7895091088710913,0.056959571811353624,0.2847978590567681,0.0852453548710912,0.0,0.056959571811353624
0.8,0.5,0.9,blind_vote:H:k7,0.090400375,3.1,3.1,0.7042637540000001,0.018000002,0.09000001,0.0,0.0,0.018000002
0.8,0.5,0.9,echo_gate:H:k7,0.09905775003713538,2.9604908911289085,3.75,0.7895091088710913,0.056959571811353624,0.2847978590567681,0.0852453548710912,0.21049089112890873,0.056959571811353624
0.8,0.5,0.9,blind_gate:H:k7,0.07714725119999999,3.3957362460000002,4.1,0.7042637540000001,0.018000002,0.09000001,0.0,0.2957362459999999,0.018000002
0.8,0.5,0.9,audit_gate:H:k7,0.12429331252785154,3.1578681683466816,3.75,0.7895091088710913,0.056959571811353624,0.2847978590567681,0.0852453548710912,0.4078681683466816,0.042719678858515214
0.8,0.5,0.9,serial_last:H:k7,0.10125,2.75,2.75,0.7270101667312501,0.020478962506250004,0.10239481253125002,0.02274641273125,0.0,0.020478962506250004
0.8,0.5,0.9,exposed_vote:A:k1,0.10000000000000002,0.5,0.5,0.991,0.09550000000000002,0.9550000000000001,0.009000000000000008,0.0,0.09550000000000002
0.8,0.5,0.9,blind_vote:A:k1,0.10000000000000002,0.55,0.55,0.982,0.09100000000000001,0.91,0.0,0.0,0.09100000000000001
0.8,0.5,0.9,echo_gate:A:k1,0.09730000000000001,0.509,1.5,0.991,0.09550000000000002,0.9550000000000001,0.009000000000000008,0.009000000000000008,0.09550000000000002
0.8,0.5,0.9,blind_gate:A:k1,0.09460000000000002,0.5680000000000001,1.55,0.982,0.09100000000000001,0.91,0.0,0.018000000000000016,0.09100000000000001
0.8,0.5,0.9,audit_gate:A:k1,0.12297500000000001,0.75675,1.5,0.991,0.09550000000000002,0.9550000000000001,0.009000000000000008,0.25675000000000003,0.07162500000000001
0.8,0.5,0.9,serial_last:A:k1,0.1,0.5,0.5,0.991,0.09550000000000002,0.9550000000000001,0.009000000000000008,0.0,0.09550000000000002
0.8,0.5,0.9,exposed_vote:A:k2,0.09820000000000001,0.75,0.75,0.9842500000000001,0.09302500000000001,0.93025,0.011249999999999982,0.0,0.09302500000000001
0.8,0.5,0.9,blind_vote:A:k2,0.09280000000000001,0.85,0.85,0.9730000000000001,0.09010000000000001,0.9010000000000001,0.0,0.0,0.09010000000000001
0.8,0.5,0.9,echo_gate:A:k2,0.096175,0.7657499999999999,1.75,0.9842500000000001,0.09302500000000001,0.93025,0.011249999999999982,0.01574999999999993,0.09302500000000001
0.8,0.5,0.9,blind_gate:A:k2,0.0955,0.8769999999999999,1.85,0.9730000000000001,0.09010000000000001,0.9010000000000001,0.0,0.026999999999999913,0.09010000000000001
0.8,0.5,0.9,audit_gate:A:k2,0.12213125000000001,1.0118125,1.75,0.9842500000000001,0.09302500000000001,0.93025,0.011249999999999982,0.2618125,0.06976875
0.8,0.5,0.9,serial_last:A:k2,0.1,0.75,0.75,0.9842500000000001,0.09302500000000001,0.93025,0.011249999999999982,0.0,0.09302500000000001
0.8,0.5,0.9,exposed_vote:A:k3,0.09775,1.0,1.0,0.9788275,0.09166375,0.9166375,0.013207499999999928,0.0,0.09166375
0.8,0.5,0.9,blind_vote:A:k3,0.09280000000000001,1.15,1.15,0.96562,0.09001,0.9001,0.0,0.0,0.09001
0.8,0.5,0.9,echo_gate:A:k3,0.09589825,1.0211725,2.0,0.9788275,0.09166375,0.9166375,0.013207499999999928,0.02117250000000004,0.09166375
0.8,0.5,0.9,blind_gate:A:k3,0.096886,1.18438,2.15,0.96562,0.09001,0.9001,0.0,0.034379999999999966,0.09001
0.8,0.5,0.9,audit_gate:A:k3,0.12192368750000002,1.265879375,2.0,0.9788275,0.09166375,0.9166375,0.013207499999999928,0.26587937500000003,0.0687478125
0.8,0.5,0.9,serial_last:A:k3,0.1,1.0,1.0,0.9788275,0.09166375,0.9166375,0.013207499999999928,0.0,0.09166375
0.8,0.5,0.9,exposed_vote:A:k4,0.0976285,1.25,1.25,0.9742206250000001,0.09091506250000002,0.9091506250000001,0.015170624999999993,0.0,0.09091506250000002
0.8,0.5,0.9,blind_vote:A:k4,0.090856,1.45,1.45,0.9590500000000001,0.09000100000000001,0.9000100000000001,0.0,0.0,0.09000100000000001
0.8,0.5,0.9,echo_gate:A:k4,0.09607093750000001,1.275779375,2.25,0.9742206250000001,0.09091506250000002,0.9091506250000001,0.015170624999999993,0.025779374999999938,0.09091506250000002
0.8,0.5,0.9,blind_gate:A:k4,0.098191,1.4909499999999998,2.45,0.9590500000000001,0.09000100000000001,0.9000100000000001,0.0,0.04094999999999993,0.09000100000000001
0.8,0.5,0.9,audit_gate:A:k4,0.12205320312500001,1.51933453125,2.25,0.9742206250000001,0.09091506250000002,0.9091506250000001,0.015170624999999993,0.26933453124999995,0.06818629687500001
0.8,0.5,0.9,serial_last:A:k4,0.1,1.25,1.25,0.9742206250000001,0.09091506250000002,0.9091506250000001,0.015170624999999993,0.0,0.09091506250000002
0.8,0.5,0.9,exposed_vote:A:k5,0.09736300000000002,1.5,1.5,0.9701435687500001,0.090503284375,0.90503284375,0.016999368749999966,0.0,0.090503284375
0.8,0.5,0.9,blind_vote:A:k5,0.09085600000000002,1.75,1.75,0.9531442000000001,0.09000010000000001,0.900001,0.0,0.0,0.09000010000000001
0.8,0.5,0.9,echo_gate:A:k5,0.09647457062499999,1.5298564312499998,2.5,0.9701435687500001,0.090503284375,0.90503284375,0.016999368749999966,0.029856431249999926,0.090503284375
0.8,0.5,0.9,blind_gate:A:k5,0.09937125999999999,1.7968558,2.75,0.9531442000000001,0.09000010000000001,0.900001,0.0,0.04685579999999989,0.09000010000000001
0.8,0.5,0.9,audit_gate:A:k5,0.12235592796875,1.7723923234374999,2.5,0.9701435687500001,0.090503284375,0.90503284375,0.016999368749999966,0.2723923234375,0.06787746328125001
0.8,0.5,0.9,serial_last:A:k5,0.1,1.5,1.5,0.9701435687500001,0.090503284375,0.90503284375,0.016999368749999966,0.0,0.090503284375
0.8,0.5,0.9,exposed_vote:A:k6,0.09745513750000002,1.75,1.75,0.9664350765625,0.09027680640625001,0.9027680640625,0.018605376562499942,0.0,0.09027680640625001
0.8,0.5,0.9,blind_vote:A:k6,0.09027279999999999,2.05,2.05,0.9478297000000001,0.09000001,0.9000001,0.0,0.0,0.09000001
0.8,0.5,0.9,echo_gate:A:k6,0.09698979109375,1.7835649234375,2.75,0.9664350765625,0.09027680640625001,0.9027680640625,0.018605376562499942,0.03356492343749995,0.09027680640625001
0.8,0.5,0.9,blind_gate:A:k6,0.10043406999999999,2.1021702999999996,3.05,0.9478297000000001,0.09000001,0.9000001,0.0,0.05217029999999989,0.09000001
0.8,0.5,0.9,audit_gate:A:k6,0.1227423433203125,2.025173692578125,2.75,0.9664350765625,0.09027680640625001,0.9027680640625,0.018605376562499942,0.27517369257812496,0.0677076048046875
0.8,0.5,0.9,serial_last:A:k6,0.1,1.75,1.75,0.9664350765625,0.09027680640625001,0.9027680640625,0.018605376562499942,0.0,0.09027680640625001
0.8,0.5,0.9,exposed_vote:A:k7,0.09728578281250003,2.0,2.0,0.963002600171875,0.09015224352343751,0.901522435234375,0.01995587817187494,0.0,0.09015224352343751
0.8,0.5,0.9,blind_vote:A:k7,0.09027280000000003,2.35,2.35,0.9430467220000001,0.09000000100000001,0.9000000100000001,0.0,0.0,0.09000000100000001
0.8,0.5,0.9,echo_gate:A:k7,0.0975517234890625,2.0369973998281248,3.0,0.963002600171875,0.09015224352343751,0.901522435234375,0.01995587817187494,0.036997399828125,0.09015224352343751
0.8,0.5,0.9,blind_gate:A:k7,0.1013906566,2.406953278,3.35,0.9430467220000001,0.09000000100000001,0.9000000100000001,0.0,0.05695327799999994,0.09000000100000001
0.8,0.5,0.9,audit_gate:A:k7,0.12316379261679689,2.277748049871094,3.0,0.963002600171875,0.09015224352343751,0.901522435234375,0.01995587817187494,0.2777480498710938,0.06761418264257812
0.8,0.5,0.9,serial_last:A:k7,0.1,2.0,2.0,0.963002600171875,0.09015224352343751,0.901522435234375,0.01995587817187494,0.0,0.09015224352343751
0.8,0.8,0,alone:H:k0,0.2,1.0,1.0,1.0,0.2,1.0,0.0,0.0,0.2
0.8,0.8,0,alone:A:k0,0.1,0.25,0.25,1.0,0.1,1.0,0.0,0.0,0.1
0.8,0.8,0,exposed_vote:H:k1,0.19,1.25,1.25,0.9480000000000001,0.164,0.82,0.20799999999999996,0.0,0.164
0.8,0.8,0,blind_vote:H:k1,0.15000000000000002,1.3,1.3,0.7400000000000001,0.019999999999999997,0.09999999999999998,0.0,0.0,0.019999999999999997
0.8,0.8,0,echo_gate:H:k1,0.1744,1.302,2.25,0.9480000000000001,0.164,0.82,0.20799999999999996,0.051999999999999935,0.164
0.8,0.8,0,blind_gate:H:k1,0.07199999999999998,1.56,2.3,0.7400000000000001,0.019999999999999997,0.09999999999999998,0.0,0.2599999999999999,0.019999999999999997
0.8,0.8,0,audit_gate:H:k1,0.1808,1.539,2.25,0.9480000000000001,0.164,0.82,0.20799999999999996,0.2889999999999999,0.123
0.8,0.8,0,serial_last:H:k1,0.18000000000000002,1.25,1.25,0.9480000000000001,0.164,0.82,0.20799999999999996,0.0,0.164
0.8,0.8,0,exposed_vote:H:k2,0.19384,1.5,1.5,0.9028000000000002,0.13448000000000004,0.6724000000000002,0.2528,0.0,0.13448000000000004
0.8,0.8,0,blind_vote:H:k2,0.046,1.6,1.6,0.6500000000000001,0.001999999999999999,0.009999999999999995,0.0,0.0,0.001999999999999999
0.8,0.8,0,echo_gate:H:k2,0.15392,1.5972,2.5,0.9028000000000002,0.13448000000000004,0.6724000000000002,0.2528,0.09719999999999984,0.13448000000000004
0.8,0.8,0,blind_gate:H:k2,0.07199999999999998,1.95,2.6,0.6500000000000001,0.001999999999999999,0.009999999999999995,0.0,0.34999999999999987,0.001999999999999999
0.8,0.8,0,audit_gate:H:k2,0.16544,1.8228999999999997,2.5,0.9028000000000002,0.13448000000000004,0.6724000000000002,0.2528,0.32289999999999985,0.10086000000000003
0.8,0.8,0,serial_last:H:k2,0.16400000000000003,1.5,1.5,0.9028000000000002,0.13448000000000004,0.6724000000000002,0.2528,0.0,0.13448000000000004
0.8,0.8,0,exposed_vote:H:k3,0.19133999999999998,1.75,1.75,0.8632272000000001,0.11027360000000003,0.5513680000000001,0.27982720000000005,0.0,0.11027360000000003
0.8,0.8,0,blind_vote:H:k3,0.041499999999999995,1.9,1.9,0.5834,0.00019999999999999987,0.0009999999999999994,0.0,0.0,0.00019999999999999987
0.8,0.8,0,echo_gate:H:k3,0.13762816,1.8867728,2.75,0.8632272000000001,0.11027360000000003,0.5513680000000001,0.27982720000000005,0.13677279999999992,0.11027360000000003
0.8,0.8,0,blind_gate:H:k3,0.08352000000000001,2.3165999999999998,2.9,0.5834,0.00019999999999999987,0.0009999999999999994,0.0,0.41659999999999997,0.00019999999999999987
0.8,0.8,0,audit_gate:H:k3,0.15322112,2.1025796,2.75,0.8632272000000001,0.11027360000000003,0.5513680000000001,0.27982720000000005,0.3525795999999999,0.08270520000000002
0.8,0.8,0,serial_last:H:k3,0.15120000000000003,1.75,1.75,0.8632272000000001,0.11027360000000003,0.5513680000000001,0.27982720000000005,0.0,0.11027360000000003
0.8,0.8,0,exposed_vote:H:k4,0.195989472,2.0,2.0,0.8283188800000001,0.09042435200000001,0.45212176000000004,0.30341888000000006,0.0,0.09042435200000001
0.8,0.8,0,blind_vote:H:k4,0.013419999999999994,2.2,2.2,0.5249,1.9999999999999985e-05,9.999999999999992e-05,0.0,0.0,1.9999999999999985e-05
0.8,0.8,0,echo_gate:H:k4,0.124760576,2.1716811199999997,3.0,0.8283188800000001,0.09042435200000001,0.45212176000000004,0.30341888000000006,0.1716811199999999,0.09042435200000001
0.8,0.8,0,blind_gate:H:k4,0.09504,2.6751,3.2,0.5249,1.9999999999999985e-05,9.999999999999992e-05,0.0,0.47509999999999997,1.9999999999999985e-05
0.8,0.8,0,audit_gate:H:k4,0.14357043200000003,2.37876084,3.0,0.8283188800000001,0.09042435200000001,0.45212176000000004,0.30341888000000006,0.37876084,0.06781826400000002
0.8,0.8,0,serial_last:H:k4,0.14096000000000003,2.0,2.0,0.8283188800000001,0.09042435200000001,0.45212176000000004,0.30341888000000006,0.0,0.09042435200000001
0.8,0.8,0,exposed_vote:H:k5,0.19521133119999998,2.25,2.25,0.7972846060800001,0.07414796864000002,0.3707398432000001,0.32489060608,0.0,0.07414796864000002
0.8,0.8,0,blind_vote:H:k5,0.012609999999999993,2.5,2.5,0.4723940000000001,1.999999999999998e-06,9.999999999999989e-06,0.0,0.0,1.999999999999998e-06
0.8,0.8,0,echo_gate:H:k5,0.114691047424,2.45271539392,3.25,0.7972846060800001,0.07414796864000002,0.3707398432000001,0.32489060608,0.20271539391999993,0.07414796864000002
0.8,0.8,0,blind_gate:H:k5,0.10552319999999998,3.027606,3.5,0.4723940000000001,1.999999999999998e-06,9.999999999999989e-06,0.0,0.5276059999999999,1.999999999999998e-06
0.8,0.8,0,audit_gate:H:k5,0.136018285568,2.6520365454399997,3.25,0.7972846060800001,0.07414796864000002,0.3707398432000001,0.32489060608,0.4020365454399999,0.05561097648000002
0.8,0.8,0,serial_last:H:k5,0.13276800000000002,2.25,2.25,0.7972846060800001,0.07414796864000003,0.37073984320000014,0.32489060608,0.0,0.07414796864000003
0.8,0.8,0,exposed_vote:H:k6,0.197691547264,2.5,2.5,0.769475238976,0.060801334284800015,0.30400667142400006,0.34432223897599995,0.0,0.060801334284800015
0.8,0.8,0,blind_vote:H:k6,0.004185999999999997,2.8,2.8,0.42515300000000006,1.9999999999999975e-07,9.999999999999987e-07,0.0,0.0,1.9999999999999975e-07
0.8,0.8,0,echo_gate:H:k6,0.10690628648960002,2.730524761024,3.5,0.769475238976,0.060801334284800015,0.30400667142400006,0.34432223897599995,0.230524761024,0.060801334284800015
0.8,0.8,0,blind_gate:H:k6,0.11496959999999999,3.374847,3.8,0.42515300000000006,1.9999999999999975e-07,9.999999999999987e-07,0.0,0.5748469999999999,1.9999999999999975e-07
0.8,0.8,0,audit_gate:H:k6,0.1301797148672,2.922893570768,3.5,0.769475238976,0.060801334284800015,0.30400667142400006,0.34432223897599995,0.42289357076799994,0.045601000713600015
0.8,0.8,0,serial_last:H:k6,0.1262144,2.5,2.5,0.769475238976,0.060801334284800015,0.30400667142400006,0.34432223897599995,0.0,0.060801334284800015
0.8,0.8,0,exposed_vote:H:k7,0.1974024464096,2.75,2.75,0.7443575207109121,0.04985709411353601,0.24928547056768005,0.36171998071091205,0.0,0.04985709411353601
0.8,0.8,0,blind_vote:H:k7,0.004003749999999998,3.1,3.1,0.38263754000000005,1.999999999999997e-08,9.999999999999985e-08,0.0,0.0,1.999999999999997e-08
0.8,0.8,0,echo_gate:H:k7,0.1009855899713536,3.005642479289088,3.75,0.7443575207109121,0.04985709411353601,0.24928547056768005,0.36171998071091205,0.2556424792890879,0.04985709411353601
0.8,0.8,0,blind_gate:H:k7,0.12347251199999999,3.71736246,4.1,0.38263754000000005,1.999999999999997e-08,9.999999999999985e-08,0.0,0.61736246,1.999999999999997e-08
0.8,0.8,0,audit_gate:H:k7,0.1257391924785152,3.191731859466816,3.75,0.7443575207109121,0.04985709411353601,0.24928547056768005,0.36171998071091205,0.4417318594668159,0.03739282058515201
0.8,0.8,0,serial_last:H:k7,0.12097152000000001,2.75,2.75,0.7443575207109121,0.04985709411353601,0.24928547056768005,0.36171998071091205,0.0,0.04985709411353601
0.8,0.8,0,exposed_vote:A:k1,0.09999999999999999,0.5,0.5,0.9640000000000001,0.082,0.82,0.14400000000000002,0.0,0.082
0.8,0.8,0,blind_vote:A:k1,0.1,0.55,0.55,0.8200000000000001,0.009999999999999998,0.09999999999999998,0.0,0.0,0.009999999999999998
0.8,0.8,0,echo_gate:A:k1,0.08919999999999999,0.5359999999999999,1.5,0.9640000000000001,0.082,0.82,0.14400000000000002,0.03599999999999992,0.082
0.8,0.8,0,blind_gate:A:k1,0.045999999999999985,0.73,1.55,0.8200000000000001,0.009999999999999998,0.09999999999999998,0.0,0.17999999999999994,0.009999999999999998
0.8,0.8,0,audit_gate:A:k1,0.11689999999999998,0.7769999999999999,1.5,0.9640000000000001,0.082,0.82,0.14400000000000002,0.2769999999999999,0.0615
0.8,0.8,0,serial_last:A:k1,0.1,0.5,0.5,0.9640000000000001,0.082,0.82,0.14400000000000002,0.0,0.082
0.8,0.8,0,exposed_vote:A:k2,0.09712000000000001,0.75,0.75,0.9316000000000001,0.06724000000000002,0.6724000000000002,0.2016,0.0,0.06724000000000002
0.8,0.8,0,blind_vote:A:k2,0.027999999999999997,0.85,0.85,0.7300000000000001,0.0009999999999999996,0.009999999999999995,0.0,0.0,0.0009999999999999996
0.8,0.8,0,echo_gate:A:k2,0.08092,0.8183999999999999,1.75,0.9316000000000001,0.06724000000000002,0.6724000000000002,0.2016,0.0683999999999999,0.06724000000000002
0.8,0.8,0,blind_gate:A:k2,0.054999999999999986,1.1199999999999999,1.85,0.7300000000000001,0.0009999999999999996,0.009999999999999995,0.0,0.2699999999999999,0.0009999999999999996
0.8,0.8,0,audit_gate:A:k2,0.11069,1.0513,1.75,0.9316000000000001,0.06724000000000002,0.6724000000000002,0.2016,0.3012999999999999,0.050430000000000016
0.8,0.8,0,serial_last:A:k2,0.1,0.75,0.75,0.9316000000000001,0.06724000000000002,0.6724000000000002,0.2016,0.0,0.06724000000000002
0.8,0.8,0,exposed_vote:A:k3,0.095968,1.0,1.0,0.9022096000000002,0.055136800000000014,0.5513680000000001,0.24600960000000005,0.0,0.055136800000000014
0.8,0.8,0,blind_vote:A:k3,0.02799999999999999,1.15,1.15,0.6562000000000001,9.999999999999994e-05,0.0009999999999999994,0.0,0.0,9.999999999999994e-05
0.8,0.8,0,echo_gate:A:k3,0.07469487999999998,1.0977903999999998,2.0,0.9022096000000002,0.055136800000000014,0.5513680000000001,0.24600960000000005,0.09779039999999983,0.055136800000000014
0.8,0.8,0,blind_gate:A:k3,0.06885999999999998,1.4937999999999998,2.15,0.6562000000000001,9.999999999999994e-05,0.0009999999999999994,0.0,0.3437999999999999,9.999999999999994e-05
0.8,0.8,0,audit_gate:A:k3,0.10602115999999998,1.3233427999999998,2.0,0.9022096000000002,0.055136800000000014,0.5513680000000001,0.24600960000000005,0.3233427999999998,0.04135260000000001
0.8,0.8,0,serial_last:A:k3,0.1,1.0,1.0,0.9022096000000002,0.055136800000000014,0.5513680000000001,0.24600960000000005,0.0,0.055136800000000014
0.8,0.8,0,exposed_vote:A:k4,0.09801049599999999,1.25,1.25,0.8753435200000002,0.04521217600000001,0.45212176000000004,0.2848435200000001,0.0,0.04521217600000001
0.8,0.8,0,blind_vote:A:k4,0.008559999999999995,1.45,1.45,0.5905,9.999999999999992e-06,9.999999999999992e-05,0.0,0.0,9.999999999999992e-06
0.8,0.8,0,echo_gate:A:k4,0.07014347199999998,1.3746564799999998,2.25,0.8753435200000002,0.04521217600000001,0.45212176000000004,0.2848435200000001,0.12465647999999985,0.04521217600000001
0.8,0.8,0,blind_gate:A:k4,0.08191,1.8595,2.45,0.5905,9.999999999999992e-06,9.999999999999992e-05,0.0,0.4095,9.999999999999992e-06
0.8,0.8,0,audit_gate:A:k4,0.102607604,1.59349236,2.25,0.8753435200000002,0.04521217600000001,0.45212176000000004,0.2848435200000001,0.34349235999999994,0.03390913200000001
0.8,0.8,0,serial_last:A:k4,0.1,1.25,1.25,0.8753435200000002,0.04521217600000001,0.45212176000000004,0.2848435200000001,0.0,0.04521217600000001
0.8,0.8,0,exposed_vote:A:k5,0.09762526720000002,1.5,1.5,0.85060270144,0.03707398432000001,0.3707398432000001,0.31916070143999997,0.0,0.03707398432000001
0.8,0.8,0,blind_vote:A:k5,0.008559999999999996,1.75,1.75,0.5314420000000001,9.99999999999999e-07,9.999999999999989e-06,0.0,0.0,9.99999999999999e-07
0.8,0.8,0,echo_gate:A:k5,0.066953444032,1.6493972985599998,2.5,0.85060270144,0.03707398432000001,0.3707398432000001,0.31916070143999997,0.14939729855999995,0.03707398432000001
0.8,0.8,0,blind_gate:A:k5,0.0937126,2.218558,2.75,0.5314420000000001,9.99999999999999e-07,9.999999999999989e-06,0.0,0.4685579999999999,9.99999999999999e-07
0.8,0.8,0,audit_gate:A:k5,0.100215083024,1.86204797392,2.5,0.85060270144,0.03707398432000001,0.3707398432000001,0.31916070143999997,0.36204797392,0.02780548824000001
0.8,0.8,0,serial_last:A:k5,0.1,1.5,1.5,0.85060270144,0.03707398432000002,0.37073984320000014,0.31916070143999997,0.0,0.03707398432000002
0.8,0.8,0,exposed_vote:A:k6,0.098846935552,1.75,1.75,0.8276588099200001,0.030400667142400008,0.30400667142400006,0.34936180992,0.0,0.030400667142400008
0.8,0.8,0,blind_vote:A:k6,0.0027279999999999982,2.05,2.05,0.4782970000000001,9.999999999999988e-08,9.999999999999987e-07,0.0,0.0,9.999999999999988e-08
0.8,0.8,0,echo_gate:A:k6,0.06486890515839999,1.92234119008,2.75,0.8276588099200001,0.030400667142400008,0.30400667142400006,0.34936180992,0.17234119007999993,0.030400667142400008
0.8,0.8,0,blind_gate:A:k6,0.1043407,2.571703,3.05,0.4782970000000001,9.999999999999988e-08,9.999999999999987e-07,0.0,0.5217029999999999,9.999999999999988e-08
0.8,0.8,0,audit_gate:A:k6,0.0986516788688,2.12925589256,2.75,0.8276588099200001,0.030400667142400008,0.30400667142400006,0.34936180992,0.3792558925599999,0.022800500356800008
0.8,0.8,0,serial_last:A:k6,0.1,1.75,1.75,0.8276588099200001,0.030400667142400008,0.30400667142400006,0.34936180992,0.0,0.030400667142400008
0.8,0.8,0,exposed_vote:A:k7,0.0987025733632,2.0,2.0,0.8062415269788161,0.024928547056768006,0.24928547056768005,0.37577430697881603,0.0,0.024928547056768006
0.8,0.8,0,blind_vote:A:k7,0.0027279999999999982,2.35,2.35,0.4304672200000001,9.999999999999985e-09,9.999999999999985e-08,0.0,0.0,9.999999999999985e-09
0.8,0.8,0,echo_gate:A:k7,0.06368024166100478,2.193758473021184,3.0,0.8062415269788161,0.024928547056768006,0.24928547056768005,0.37577430697881603,0.19375847302118387,0.024928547056768006
0.8,0.8,0,blind_gate:A:k7,0.11390656599999997,2.91953278,3.35,0.4304672200000001,9.999999999999985e-09,9.999999999999985e-08,0.0,0.5695327799999998,9.999999999999985e-09
0.8,0.8,0,audit_gate:A:k7,0.09776018124575359,2.395318854765888,3.0,0.8062415269788161,0.024928547056768006,0.24928547056768005,0.37577430697881603,0.3953188547658879,0.018696410292576005
0.8,0.8,0,serial_last:A:k7,0.1,2.0,2.0,0.8062415269788161,0.024928547056768006,0.24928547056768005,0.37577430697881603,0.0,0.024928547056768006
0.8,0.8,0.5,alone:H:k0,0.2,1.0,1.0,1.0,0.2,1.0,0.0,0.0,0.2
0.8,0.8,0.5,alone:A:k0,0.1,0.25,0.25,1.0,0.1,1.0,0.0,0.0,0.1
0.8,0.8,0.5,exposed_vote:H:k1,0.19000000000000003,1.25,1.25,0.9480000000000001,0.164,0.82,0.20799999999999996,0.0,0.164
0.8,0.8,0.5,blind_vote:H:k1,0.15000000000000002,1.3,1.3,0.7400000000000001,0.02,0.09999999999999999,0.0,0.0,0.02
0.8,0.8,0.5,echo_gate:H:k1,0.1744,1.302,2.25,0.9480000000000001,0.164,0.82,0.20799999999999996,0.051999999999999935,0.164
0.8,0.8,0.5,blind_gate:H:k1,0.07199999999999998,1.56,2.3,0.7400000000000001,0.02,0.09999999999999999,0.0,0.2599999999999999,0.02
0.8,0.8,0.5,audit_gate:H:k1,0.1808,1.539,2.25,0.9480000000000001,0.164,0.82,0.20799999999999996,0.2889999999999999,0.123
0.8,0.8,0.5,serial_last:H:k1,0.18000000000000002,1.25,1.25,0.9480000000000001,0.164,0.82,0.20799999999999996,0.0,0.164
0.8,0.8,0.5,exposed_vote:H:k2,0.19492,1.5,1.5,0.9046000000000001,0.13484000000000002,0.6742,0.2096,0.0,0.13484000000000002
0.8,0.8,0.5,blind_vote:H:k2,0.07300000000000001,1.6,1.6,0.6950000000000001,0.011000000000000001,0.055,0.0,0.0,0.011000000000000001
0.8,0.8,0.5,echo_gate:H:k2,0.15392,1.5954,2.5,0.9046000000000001,0.13484000000000002,0.6742,0.2096,0.09539999999999993,0.13484000000000002
0.8,0.8,0.5,blind_gate:H:k2,0.072,1.905,2.6,0.6950000000000001,0.011000000000000001,0.055,0.0,0.30499999999999994,0.011000000000000001
0.8,0.8,0.5,audit_gate:H:k2,0.16544000000000003,1.82155,2.5,0.9046000000000001,0.13484000000000002,0.6742,0.2096,0.32155,0.10113000000000001
0.8,0.8,0.5,serial_last:H:k2,0.16400000000000003,1.5,1.5,0.9046000000000001,0.13484000000000002,0.6742,0.2096,0.0,0.13484000000000002
0.8,0.8,0.5,exposed_vote:H:k3,0.19287,1.75,1.75,0.8681736000000001,0.11121680000000003,0.5560840000000001,0.20647360000000003,0.0,0.11121680000000003
0.8,0.8,0.5,blind_vote:H:k3,0.07075000000000001,1.9,1.9,0.6617000000000001,0.010100000000000001,0.0505,0.0,0.0,0.010100000000000001
0.8,0.8,0.5,echo_gate:H:k3,0.13758208000000002,1.8818264,2.75,0.8681736000000001,0.11121680000000003,0.5560840000000001,0.20647360000000003,0.1318263999999999,0.11121680000000003
0.8,0.8,0.5,blind_gate:H:k3,0.07775999999999998,2.2382999999999997,2.9,0.6617000000000001,0.010100000000000001,0.0505,0.0,0.33829999999999993,0.010100000000000001
0.8,0.8,0.5,audit_gate:H:k3,0.15318656000000003,2.0988698,2.75,0.8681736000000001,0.11121680000000003,0.5560840000000001,0.20647360000000003,0.3488697999999999,0.08341260000000003
0.8,0.8,0.5,serial_last:H:k3,0.15120000000000003,1.75,1.75,0.8681736000000001,0.11121680000000003,0.5560840000000001,0.20647360000000003,0.0,0.11121680000000003
0.8,0.8,0.5,exposed_vote:H:k4,0.19663473600000003,2.0,2.0,0.8374074400000001,0.09207617600000002,0.4603808800000001,0.20495744000000005,0.0,0.09207617600000002
0.8,0.8,0.5,blind_vote:H:k4,0.05671,2.2,2.2,0.6324500000000001,0.010010000000000002,0.050050000000000004,0.0,0.0,0.010010000000000002
0.8,0.8,0.5,echo_gate:H:k4,0.12459468800000001,2.1625925599999998,3.0,0.8374074400000001,0.09207617600000002,0.4603808800000001,0.20495744000000005,0.16259255999999989,0.09207617600000002
0.8,0.8,0.5,blind_gate:H:k4,0.08352,2.56755,3.2,0.6324500000000001,0.010010000000000002,0.050050000000000004,0.0,0.36754999999999993,0.010010000000000002
0.8,0.8,0.5,audit_gate:H:k4,0.143446016,2.37194442,3.0,0.8374074400000001,0.09207617600000002,0.4603808800000001,0.20495744000000005,0.37194441999999994,0.06905713200000002
0.8,0.8,0.5,serial_last:H:k4,0.14096000000000003,2.0,2.0,0.8374074400000001,0.09207617600000004,0.46038088000000016,0.20495744000000005,0.0,0.09207617600000004
0.8,0.8,0.5,exposed_vote:H:k5,0.1959896656,2.25,2.25,0.8112407030400001,0.07656518432000002,0.38282592160000006,0.20504370303999997,0.0,0.07656518432000002
0.8,0.8,0.5,blind_vote:H:k5,0.056305,2.5,2.5,0.6061970000000001,0.010001000000000001,0.050005,0.0,0.0,0.010001000000000001
0.8,0.8,0.5,echo_gate:H:k5,0.11431704371200001,2.43875929696,3.25,0.8112407030400001,0.07656518432000002,0.38282592160000006,0.20504370303999997,0.18875929695999993,0.07656518432000002
0.8,0.8,0.5,blind_gate:H:k5,0.08876159999999998,2.893803,3.5,0.6061970000000001,0.010001000000000001,0.050005,0.0,0.3938029999999999,0.010001000000000001
0.8,0.8,0.5,audit_gate:H:k5,0.135737782784,2.64156947272,3.25,0.8112407030400001,0.07656518432000002,0.38282592160000006,0.20504370303999997,0.39156947272,0.05742388824000001
0.8,0.8,0.5,serial_last:H:k5,0.13276800000000002,2.25,2.25,0.8112407030400001,0.07656518432000002,0.38282592160000006,0.20504370303999997,0.0,0.07656518432000002
0.8,0.8,0.5,exposed_vote:H:k6,0.197997773632,2.5,2.5,0.788816339488,0.0639936271424,0.319968135712,0.20623983948800007,0.0,0.0639936271424
0.8,0.8,0.5,blind_vote:H:k6,0.052093,2.8,2.8,0.5825764999999999,0.010000100000000001,0.0500005,0.0,0.0,0.010000100000000001
0.8,0.8,0.5,echo_gate:H:k6,0.10623035924480001,2.711183660512,3.5,0.788816339488,0.0639936271424,0.319968135712,0.20623983948800007,0.211183660512,0.0639936271424
0.8,0.8,0.5,blind_gate:H:k6,0.09348480000000002,3.2174234999999998,3.8,0.5825764999999999,0.010000100000000001,0.0500005,0.0,0.41742350000000006,0.010000100000000001
0.8,0.8,0.5,audit_gate:H:k6,0.1296727694336,2.908387745384,3.5,0.788816339488,0.0639936271424,0.319968135712,0.20623983948800007,0.408387745384,0.047995220356800004
0.8,0.8,0.5,serial_last:H:k6,0.1262144,2.5,2.5,0.788816339488,0.0639936271424,0.319968135712,0.20623983948800007,0.0,0.0639936271424
0.8,0.8,0.5,exposed_vote:H:k7,0.19775082320479995,2.75,2.75,0.769441736355456,0.053802915056768014,0.26901457528384004,0.20812296635545602,0.0,0.053802915056768014
0.8,0.8,0.5,blind_vote:H:k7,0.052001875,3.1,3.1,0.56131877,0.010000010000000002,0.050000050000000004,0.0,0.0,0.010000010000000002
0.8,0.8,0.5,echo_gate:H:k7,0.09991456778567681,2.980558263644544,3.75,0.769441736355456,0.053802915056768014,0.26901457528384004,0.20812296635545602,0.23055826364454401,0.053802915056768014
0.8,0.8,0.5,blind_gate:H:k7,0.09773625600000002,3.53868123,4.1,0.56131877,0.010000010000000002,0.050000050000000004,0.0,0.43868123000000003,0.010000010000000002
0.8,0.8,0.5,audit_gate:H:k7,0.12493592583925764,3.172918697733408,3.75,0.769441736355456,0.053802915056768014,0.26901457528384004,0.20812296635545602,0.42291869773340807,0.04035218629257601
0.8,0.8,0.5,serial_last:H:k7,0.12097152000000001,2.75,2.75,0.769441736355456,0.053802915056768014,0.26901457528384004,0.20812296635545602,0.0,0.053802915056768014
0.8,0.8,0.5,exposed_vote:A:k1,0.1,0.5,0.5,0.982,0.091,0.9099999999999999,0.07199999999999995,0.0,0.091
0.8,0.8,0.5,blind_vote:A:k1,0.09999999999999999,0.55,0.55,0.91,0.055,0.5499999999999999,0.0,0.0,0.055
0.8,0.8,0.5,echo_gate:A:k1,0.0946,0.518,1.5,0.982,0.091,0.9099999999999999,0.07199999999999995,0.018000000000000016,0.091
0.8,0.8,0.5,blind_gate:A:k1,0.073,0.64,1.55,0.91,0.055,0.5499999999999999,0.0,0.08999999999999997,0.055
0.8,0.8,0.5,audit_gate:A:k1,0.12095000000000003,0.7635000000000001,1.5,0.982,0.091,0.9099999999999999,0.07199999999999995,0.26350000000000007,0.06825
0.8,0.8,0.5,serial_last:A:k1,0.1,0.5,0.5,0.982,0.091,0.9099999999999999,0.07199999999999995,0.0,0.091
0.8,0.8,0.5,exposed_vote:A:k2,0.09856000000000001,0.75,0.75,0.9658,0.08362000000000001,0.8362,0.1008,0.0,0.08362000000000001
0.8,0.8,0.5,blind_vote:A:k2,0.064,0.85,0.85,0.865,0.0505,0.505,0.0,0.0,0.0505
0.8,0.8,0.5,echo_gate:A:k2,0.09046000000000001,0.7842,1.75,0.9658,0.08362000000000001,0.8362,0.1008,0.03420000000000001,0.08362000000000001
0.8,0.8,0.5,blind_gate:A:k2,0.07750000000000001,0.985,1.85,0.865,0.0505,0.505,0.0,0.135,0.0505
0.8,0.8,0.5,audit_gate:A:k2,0.117845,1.02565,1.75,0.9658,0.08362000000000001,0.8362,0.1008,0.27564999999999995,0.062715
0.8,0.8,0.5,serial_last:A:k2,0.1,0.75,0.75,0.9658,0.08362000000000001,0.8362,0.1008,0.0,0.08362000000000001
0.8,0.8,0.5,exposed_vote:A:k3,0.09798400000000002,1.0,1.0,0.9511048000000002,0.07756840000000001,0.775684,0.12300480000000003,0.0,0.07756840000000001
0.8,0.8,0.5,blind_vote:A:k3,0.064,1.15,1.15,0.8281000000000002,0.050050000000000004,0.5005000000000001,0.0,0.0,0.050050000000000004
0.8,0.8,0.5,echo_gate:A:k3,0.08734743999999997,1.0488951999999998,2.0,0.9511048000000002,0.07756840000000001,0.775684,0.12300480000000003,0.048895199999999805,0.07756840000000001
0.8,0.8,0.5,blind_gate:A:k3,0.08442999999999998,1.3218999999999999,2.15,0.8281000000000002,0.050050000000000004,0.5005000000000001,0.0,0.17189999999999983,0.050050000000000004
0.8,0.8,0.5,audit_gate:A:k3,0.11551058,1.2866714,2.0,0.9511048000000002,0.07756840000000001,0.775684,0.12300480000000003,0.2866713999999999,0.05817630000000001
0.8,0.8,0.5,serial_last:A:k3,0.1,1.0,1.0,0.9511048000000002,0.07756840000000001,0.775684,0.12300480000000003,0.0,0.07756840000000001
0.8,0.8,0.5,exposed_vote:A:k4,0.09900524800000002,1.25,1.25,0.9376717600000001,0.072606088,0.7260608799999999,0.14242176000000006,0.0,0.072606088
0.8,0.8,0.5,blind_vote:A:k4,0.05428,1.45,1.45,0.79525,0.050005,0.50005,0.0,0.0,0.050005
0.8,0.8,0.5,echo_gate:A:k4,0.08507173599999998,1.3123282399999998,2.25,0.9376717600000001,0.072606088,0.7260608799999999,0.14242176000000006,0.062328239999999924,0.072606088
0.8,0.8,0.5,blind_gate:A:k4,0.09095500000000001,1.65475,2.45,0.79525,0.050005,0.50005,0.0,0.20475,0.050005
0.8,0.8,0.5,audit_gate:A:k4,0.113803802,1.54674618,2.25,0.9376717600000001,0.072606088,0.7260608799999999,0.14242176000000006,0.29674617999999997,0.054454565999999996
0.8,0.8,0.5,serial_last:A:k4,0.1,1.25,1.25,0.9376717600000001,0.072606088,0.7260608799999999,0.14242176000000006,0.0,0.072606088
0.8,0.8,0.5,exposed_vote:A:k5,0.09881263359999996,1.5,1.5,0.92530135072,0.06853699216,0.6853699216,0.15958035071999999,0.0,0.06853699216
0.8,0.8,0.5,blind_vote:A:k5,0.05428,1.75,1.75,0.765721,0.0500005,0.500005,0.0,0.0,0.0500005
0.8,0.8,0.5,echo_gate:A:k5,0.08347672201600001,1.5746986492800001,2.5,0.92530135072,0.06853699216,0.6853699216,0.15958035071999999,0.07469864928000003,0.06853699216
0.8,0.8,0.5,blind_gate:A:k5,0.0968563,1.984279,2.75,0.765721,0.0500005,0.500005,0.0,0.23427900000000002,0.0500005
0.8,0.8,0.5,audit_gate:A:k5,0.112607541512,1.80602398696,2.5,0.92530135072,0.06853699216,0.6853699216,0.15958035071999999,0.30602398696,0.05140274412
0.8,0.8,0.5,serial_last:A:k5,0.1,1.5,1.5,0.92530135072,0.06853699216,0.6853699216,0.15958035071999999,0.0,0.06853699216
0.8,0.8,0.5,exposed_vote:A:k6,0.099423467776,1.75,1.75,0.91382940496,0.0652003335712,0.652003335712,0.17468090496,0.0,0.0652003335712
0.8,0.8,0.5,blind_vote:A:k6,0.051364,2.05,2.05,0.7391485,0.050000050000000004,0.5000005,0.0,0.0,0.050000050000000004
0.8,0.8,0.5,echo_gate:A:k6,0.08243445257920001,1.83617059504,2.75,0.91382940496,0.0652003335712,0.652003335712,0.17468090496,0.08617059504000002,0.0652003335712
0.8,0.8,0.5,blind_gate:A:k6,0.10217035000000001,2.3108515,3.05,0.7391485,0.050000050000000004,0.5000005,0.0,0.2608515,0.050000050000000004
0.8,0.8,0.5,audit_gate:A:k6,0.1118258394344,2.06462794628,2.75,0.91382940496,0.0652003335712,0.652003335712,0.17468090496,0.31462794628,0.0489002501784
0.8,0.8,0.5,serial_last:A:k6,0.1,1.75,1.75,0.91382940496,0.0652003335712,0.652003335712,0.17468090496,0.0,0.0652003335712
0.8,0.8,0.5,exposed_vote:A:k7,0.0993512866816,2.0,2.0,0.9031207634894081,0.062464273528384004,0.62464273528384,0.187887153489408,0.0,0.062464273528384004
0.8,0.8,0.5,blind_vote:A:k7,0.05136399999999999,2.35,2.35,0.7152336100000001,0.050000005,0.5000000499999999,0.0,0.0,0.050000005
0.8,0.8,0.5,echo_gate:A:k7,0.08184012083050239,2.096879236510592,3.0,0.9031207634894081,0.062464273528384004,0.62464273528384,0.187887153489408,0.09687923651059194,0.062464273528384004
0.8,0.8,0.5,blind_gate:A:k7,0.10695328299999998,2.6347663900000002,3.35,0.7152336100000001,0.050000005,0.5000000499999999,0.0,0.2847663899999999,0.050000005
0.8,0.8,0.5,audit_gate:A:k7,0.11138009062287679,2.322659427382944,3.0,0.9031207634894081,0.062464273528384004,0.62464273528384,0.187887153489408,0.32265942738294395,0.046848205146288
0.8,0.8,0.5,serial_last:A:k7,0.1,2.0,2.0,0.9031207634894081,0.062464273528384004,0.62464273528384,0.187887153489408,0.0,0.062464273528384004
0.8,0.8,0.9,alone:H:k0,0.2,1.0,1.0,1.0,0.2,1.0,0.0,0.0,0.2
0.8,0.8,0.9,alone:A:k0,0.1,0.25,0.25,1.0,0.1,1.0,0.0,0.0,0.1
0.8,0.8,0.9,exposed_vote:H:k1,0.19000000000000003,1.25,1.25,0.9480000000000002,0.16400000000000003,0.8200000000000002,0.20800000000000007,0.0,0.16400000000000003
0.8,0.8,0.9,blind_vote:H:k1,0.15000000000000002,1.3,1.3,0.7400000000000001,0.020000000000000004,0.10000000000000002,0.0,0.0,0.020000000000000004
0.8,0.8,0.9,echo_gate:H:k1,0.1744,1.3019999999999998,2.25,0.9480000000000002,0.16400000000000003,0.8200000000000002,0.20800000000000007,0.051999999999999824,0.16400000000000003
0.8,0.8,0.9,blind_gate:H:k1,0.07199999999999998,1.56,2.3,0.7400000000000001,0.020000000000000004,0.10000000000000002,0.0,0.2599999999999999,0.020000000000000004
0.8,0.8,0.9,audit_gate:H:k1,0.18080000000000002,1.539,2.25,0.9480000000000002,0.16400000000000003,0.8200000000000002,0.20800000000000007,0.2889999999999999,0.12300000000000003
0.8,0.8,0.9,serial_last:H:k1,0.18000000000000002,1.25,1.25,0.9480000000000002,0.16400000000000003,0.8200000000000002,0.20800000000000007,0.0,0.16400000000000003
0.8,0.8,0.9,exposed_vote:H:k2,0.19578400000000004,1.5,1.5,0.9060400000000002,0.13512800000000003,0.6756400000000001,0.17504000000000008,0.0,0.13512800000000003
0.8,0.8,0.9,blind_vote:H:k2,0.09460000000000002,1.6,1.6,0.7310000000000001,0.018200000000000004,0.09100000000000001,0.0,0.0,0.018200000000000004
0.8,0.8,0.9,echo_gate:H:k2,0.15392,1.5939599999999998,2.5,0.9060400000000002,0.13512800000000003,0.6756400000000001,0.17504000000000008,0.09395999999999982,0.13512800000000003
0.8,0.8,0.9,blind_gate:H:k2,0.072,1.869,2.6,0.7310000000000001,0.018200000000000004,0.09100000000000001,0.0,0.2689999999999999,0.018200000000000004
0.8,0.8,0.9,audit_gate:H:k2,0.16543999999999998,1.8204699999999998,2.5,0.9060400000000002,0.13512800000000003,0.6756400000000001,0.17504000000000008,0.3204699999999998,0.10134600000000002
0.8,0.8,0.9,serial_last:H:k2,0.16400000000000003,1.5,1.5,0.9060400000000002,0.13512800000000003,0.6756400000000001,0.17504000000000008,0.0,0.13512800000000003
0.8,0.8,0.9,exposed_vote:H:k3,0.19409400000000002,1.75,1.75,0.8721307200000001,0.11197136000000002,0.5598568,0.14779072000000004,0.0,0.11197136000000002
0.8,0.8,0.9,blind_vote:H:k3,0.09415000000000001,1.9,1.9,0.7243400000000001,0.018020000000000005,0.09010000000000001,0.0,0.0,0.018020000000000005
0.8,0.8,0.9,echo_gate:H:k3,0.137545216,1.8778692799999999,2.75,0.8721307200000001,0.11197136000000002,0.5598568,0.14779072000000004,0.12786927999999986,0.11197136000000002
0.8,0.8,0.9,blind_gate:H:k3,0.073152,2.1756599999999997,2.9,0.7243400000000001,0.018020000000000005,0.09010000000000001,0.0,0.2756599999999999,0.018020000000000005
0.8,0.8,0.9,audit_gate:H:k3,0.153158912,2.09590196,2.75,0.8721307200000001,0.11197136000000002,0.5598568,0.14779072000000004,0.34590195999999995,0.08397852000000001
0.8,0.8,0.9,serial_last:H:k3,0.15120000000000003,1.75,1.75,0.8721307200000001,0.11197136000000002,0.5598568,0.14779072000000004,0.0,0.11197136000000002
0.8,0.8,0.9,exposed_vote:H:k4,0.19715094720000004,2.0,2.0,0.844678288,0.09339763520000002,0.4669881760000001,0.12618828800000004,0.0,0.09339763520000002
0.8,0.8,0.9,blind_vote:H:k4,0.09134199999999999,2.2,2.2,0.71849,0.018002,0.09000999999999999,0.0,0.0,0.018002
0.8,0.8,0.9,echo_gate:H:k4,0.12446197760000002,2.155321712,3.0,0.844678288,0.09339763520000002,0.4669881760000001,0.12618828800000004,0.155321712,0.09339763520000002
0.8,0.8,0.9,blind_gate:H:k4,0.07430400000000001,2.48151,3.2,0.71849,0.018002,0.09000999999999999,0.0,0.28151000000000004,0.018002
0.8,0.8,0.9,audit_gate:H:k4,0.14334648320000004,2.366491284,3.0,0.844678288,0.09339763520000002,0.4669881760000001,0.12618828800000004,0.366491284,0.07004822640000002
0.8,0.8,0.9,serial_last:H:k4,0.14096000000000003,2.0,2.0,0.844678288,0.09339763520000002,0.4669881760000001,0.12618828800000004,0.0,0.09339763520000002
0.8,0.8,0.9,exposed_vote:H:k5,0.19661233311999998,2.25,2.25,0.8224055806080001,0.07849895686400002,0.39249478432000007,0.10916618060799999,0.0,0.07849895686400002
0.8,0.8,0.9,blind_vote:H:k5,0.09126100000000002,2.5,2.5,0.7132394000000001,0.018000200000000004,0.09000100000000001,0.0,0.0,0.018000200000000004
0.8,0.8,0.9,echo_gate:H:k5,0.11401784074240001,2.427594419392,3.25,0.8224055806080001,0.07849895686400002,0.39249478432000007,0.10916618060799999,0.17759441939199994,0.07849895686400002
0.8,0.8,0.9,blind_gate:H:k5,0.07535231999999999,2.7867606,3.5,0.7132394000000001,0.018000200000000004,0.09000100000000001,0.0,0.2867605999999999,0.018000200000000004
0.8,0.8,0.9,audit_gate:H:k5,0.1355133805568,2.633195814544,3.25,0.8224055806080001,0.07849895686400002,0.39249478432000007,0.10916618060799999,0.383195814544,0.058874217648000014
0.8,0.8,0.9,serial_last:H:k5,0.13276800000000002,2.25,2.25,0.8224055806080001,0.07849895686400002,0.39249478432000007,0.10916618060799999,0.0,0.07849895686400002
0.8,0.8,0.9,exposed_vote:H:k6,0.1982427547264,2.5,2.5,0.8042892198976002,0.06654746142848003,0.33273730714240013,0.09577391989760009,0.0,0.06654746142848003
0.8,0.8,0.9,blind_vote:H:k6,0.09041860000000002,2.8,2.8,0.7085153000000001,0.018000020000000002,0.0900001,0.0,0.0,0.018000020000000002
0.8,0.8,0.9,echo_gate:H:k6,0.10568961744896,2.6957107801023996,3.5,0.8042892198976002,0.06654746142848003,0.33273730714240013,0.09577391989760009,0.19571078010239984,0.06654746142848003
0.8,0.8,0.9,blind_gate:H:k6,0.07629696,3.0914846999999996,3.8,0.7085153000000001,0.018000020000000002,0.0900001,0.0,0.29148469999999993,0.018000020000000002
0.8,0.8,0.9,audit_gate:H:k6,0.12926721308672,2.8967830850768,3.5,0.8042892198976002,0.06654746142848003,0.33273730714240013,0.09577391989760009,0.39678308507679994,0.049910596071360024
0.8,0.8,0.9,serial_last:H:k6,0.1262144,2.5,2.5,0.8042892198976002,0.06654746142848003,0.33273730714240013,0.09577391989760009,0.0,0.06654746142848003
0.8,0.8,0.9,exposed_vote:H:k7,0.19802952464096,2.75,2.75,0.7895091088710913,0.056959571811353624,0.2847978590567681,0.0852453548710912,0.0,0.056959571811353624
0.8,0.8,0.9,blind_vote:H:k7,0.090400375,3.1,3.1,0.7042637540000001,0.018000002,0.09000001,0.0,0.0,0.018000002
0.8,0.8,0.9,echo_gate:H:k7,0.09905775003713538,2.9604908911289085,3.75,0.7895091088710913,0.056959571811353624,0.2847978590567681,0.0852453548710912,0.21049089112890873,0.056959571811353624
0.8,0.8,0.9,blind_gate:H:k7,0.07714725119999999,3.3957362460000002,4.1,0.7042637540000001,0.018000002,0.09000001,0.0,0.2957362459999999,0.018000002
0.8,0.8,0.9,audit_gate:H:k7,0.12429331252785154,3.1578681683466816,3.75,0.7895091088710913,0.056959571811353624,0.2847978590567681,0.0852453548710912,0.4078681683466816,0.042719678858515214
0.8,0.8,0.9,serial_last:H:k7,0.12097152000000001,2.75,2.75,0.7895091088710913,0.056959571811353624,0.2847978590567681,0.0852453548710912,0.0,0.056959571811353624
0.8,0.8,0.9,exposed_vote:A:k1,0.1,0.5,0.5,0.9964000000000001,0.09820000000000001,0.9820000000000001,0.01440000000000008,0.0,0.09820000000000001
0.8,0.8,0.9,blind_vote:A:k1,0.10000000000000002,0.55,0.55,0.982,0.09100000000000001,0.91,0.0,0.0,0.09100000000000001
0.8,0.8,0.9,echo_gate:A:k1,0.09892,0.5035999999999999,1.5,0.9964000000000001,0.09820000000000001,0.9820000000000001,0.01440000000000008,0.0035999999999999366,0.09820000000000001
0.8,0.8,0.9,blind_gate:A:k1,0.09460000000000002,0.5680000000000001,1.55,0.982,0.09100000000000001,0.91,0.0,0.018000000000000016,0.09100000000000001
0.8,0.8,0.9,audit_gate:A:k1,0.12419,0.7526999999999999,1.5,0.9964000000000001,0.09820000000000001,0.9820000000000001,0.01440000000000008,0.2526999999999999,0.07365000000000001
0.8,0.8,0.9,serial_last:A:k1,0.1,0.5,0.5,0.9964000000000001,0.09820000000000001,0.9820000000000001,0.01440000000000008,0.0,0.09820000000000001
0.8,0.8,0.9,exposed_vote:A:k2,0.09971200000000001,0.75,0.75,0.99316,0.096724,0.96724,0.020159999999999956,0.0,0.096724
0.8,0.8,0.9,blind_vote:A:k2,0.09280000000000001,0.85,0.85,0.9730000000000001,0.09010000000000001,0.9010000000000001,0.0,0.0,0.09010000000000001
0.8,0.8,0.9,echo_gate:A:k2,0.098092,0.75684,1.75,0.99316,0.096724,0.96724,0.020159999999999956,0.006839999999999957,0.096724
0.8,0.8,0.9,blind_gate:A:k2,0.0955,0.8769999999999999,1.85,0.9730000000000001,0.09010000000000001,0.9010000000000001,0.0,0.026999999999999913,0.09010000000000001
0.8,0.8,0.9,audit_gate:A:k2,0.12356899999999998,1.0051299999999999,1.75,0.99316,0.096724,0.96724,0.020159999999999956,0.25512999999999997,0.072543
0.8,0.8,0.9,serial_last:A:k2,0.1,0.75,0.75,0.99316,0.096724,0.96724,0.020159999999999956,0.0,0.096724
0.8,0.8,0.9,exposed_vote:A:k3,0.0995968,1.0,1.0,0.99022096,0.09551368,0.9551368,0.024600960000000005,0.0,0.09551368
0.8,0.8,0.9,blind_vote:A:k3,0.09280000000000001,1.15,1.15,0.96562,0.09001,0.9001,0.0,0.0,0.09001
0.8,0.8,0.9,echo_gate:A:k3,0.09746948799999999,1.00977904,2.0,0.99022096,0.09551368,0.9551368,0.024600960000000005,0.009779039999999961,0.09551368
0.8,0.8,0.9,blind_gate:A:k3,0.096886,1.18438,2.15,0.96562,0.09001,0.9001,0.0,0.034379999999999966,0.09001
0.8,0.8,0.9,audit_gate:A:k3,0.12310211600000001,1.25733428,2.0,0.99022096,0.09551368,0.9551368,0.024600960000000005,0.25733428,0.07163526
0.8,0.8,0.9,serial_last:A:k3,0.1,1.0,1.0,0.99022096,0.09551368,0.9551368,0.024600960000000005,0.0,0.09551368
0.8,0.8,0.9,exposed_vote:A:k4,0.09980104959999998,1.25,1.25,0.9875343520000001,0.0945212176,0.945212176,0.02848435199999999,0.0,0.0945212176
0.8,0.8,0.9,blind_vote:A:k4,0.090856,1.45,1.45,0.9590500000000001,0.09000100000000001,0.9000100000000001,0.0,0.0,0.09000100000000001
0.8,0.8,0.9,echo_gate:A:k4,0.09701434719999999,1.262465648,2.25,0.9875343520000001,0.0945212176,0.945212176,0.02848435199999999,0.01246564799999994,0.0945212176
0.8,0.8,0.9,blind_gate:A:k4,0.098191,1.4909499999999998,2.45,0.9590500000000001,0.09000100000000001,0.9000100000000001,0.0,0.04094999999999993,0.09000100000000001
0.8,0.8,0.9,audit_gate:A:k4,0.12276076039999999,1.5093492359999998,2.25,0.9875343520000001,0.0945212176,0.945212176,0.02848435199999999,0.2593492359999999,0.0708909132
0.8,0.8,0.9,serial_last:A:k4,0.1,1.25,1.25,0.9875343520000001,0.0945212176,0.945212176,0.02848435199999999,0.0,0.0945212176
0.8,0.8,0.9,exposed_vote:A:k5,0.09976252672000004,1.5,1.5,0.9850602701440001,0.09370739843200003,0.9370739843200002,0.031916070144,0.0,0.09370739843200003
0.8,0.8,0.9,blind_vote:A:k5,0.09085600000000002,1.75,1.75,0.9531442000000001,0.09000010000000001,0.900001,0.0,0.0,0.09000010000000001
0.8,0.8,0.9,echo_gate:A:k5,0.0966953444032,1.514939729856,2.5,0.9850602701440001,0.09370739843200003,0.9370739843200002,0.031916070144,0.014939729855999895,0.09370739843200003
0.8,0.8,0.9,blind_gate:A:k5,0.09937125999999999,1.7968558,2.75,0.9531442000000001,0.09000010000000001,0.900001,0.0,0.04685579999999989,0.09000010000000001
0.8,0.8,0.9,audit_gate:A:k5,0.12252150830240002,1.761204797392,2.5,0.9850602701440001,0.09370739843200003,0.9370739843200002,0.031916070144,0.261204797392,0.07028054882400002
0.8,0.8,0.9,serial_last:A:k5,0.1,1.5,1.5,0.9850602701440001,0.09370739843200003,0.9370739843200002,0.031916070144,0.0,0.09370739843200003
0.8,0.8,0.9,exposed_vote:A:k6,0.09988469355520001,1.75,1.75,0.9827658809920001,0.09304006671424,0.9304006671424,0.03493618099200002,0.0,0.09304006671424
0.8,0.8,0.9,blind_vote:A:k6,0.09027279999999999,2.05,2.05,0.9478297000000001,0.09000001,0.9000001,0.0,0.0,0.09000001
0.8,0.8,0.9,echo_gate:A:k6,0.09648689051583997,1.7672341190079999,2.75,0.9827658809920001,0.09304006671424,0.9304006671424,0.03493618099200002,0.01723411900799987,0.09304006671424
0.8,0.8,0.9,blind_gate:A:k6,0.10043406999999999,2.1021702999999996,3.05,0.9478297000000001,0.09000001,0.9000001,0.0,0.05217029999999989,0.09000001
0.8,0.8,0.9,audit_gate:A:k6,0.12236516788687997,2.0129255892559996,2.75,0.9827658809920001,0.09304006671424,0.9304006671424,0.03493618099200002,0.26292558925599985,0.06978005003568
0.8,0.8,0.9,serial_last:A:k6,0.1,1.75,1.75,0.9827658809920001,0.09304006671424,0.9304006671424,0.03493618099200002,0.0,0.09304006671424
0.8,0.8,0.9,exposed_vote:A:k7,0.09987025733632003,2.0,2.0,0.9806241526978816,0.09249285470567681,0.9249285470567681,0.03757743069788155,0.0,0.09249285470567681
0.8,0.8,0.9,blind_vote:A:k7,0.09027280000000003,2.35,2.35,0.9430467220000001,0.09000000100000001,0.9000000100000001,0.0,0.0,0.09000000100000001
0.8,0.8,0.9,echo_gate:A:k7,0.09636802416610049,2.0193758473021184,3.0,0.9806241526978816,0.09249285470567681,0.9249285470567681,0.03757743069788155,0.019375847302118387,0.09249285470567681
0.8,0.8,0.9,blind_gate:A:k7,0.1013906566,2.406953278,3.35,0.9430467220000001,0.09000000100000001,0.9000000100000001,0.0,0.05695327799999994,0.09000000100000001
0.8,0.8,0.9,audit_gate:A:k7,0.12227601812457536,2.264531885476589,3.0,0.9806241526978816,0.09249285470567681,0.9249285470567681,0.03757743069788155,0.2645318854765888,0.0693696410292576
0.8,0.8,0.9,serial_last:A:k7,0.1,2.0,2.0,0.9806241526978816,0.09249285470567681,0.9249285470567681,0.03757743069788155,0.0,0.09249285470567681
0.8,1,0,alone:H:k0,0.2,1.0,1.0,1.0,0.2,1.0,0.0,0.0,0.2
0.8,1,0,alone:A:k0,0.1,0.25,0.25,1.0,0.1,1.0,0.0,0.0,0.1
0.8,1,0,exposed_vote:H:k1,0.19,1.25,1.25,0.9480000000000001,0.164,0.82,0.20799999999999996,0.0,0.164
0.8,1,0,blind_vote:H:k1,0.15000000000000002,1.3,1.3,0.7400000000000001,0.019999999999999997,0.09999999999999998,0.0,0.0,0.019999999999999997
0.8,1,0,echo_gate:H:k1,0.1744,1.302,2.25,0.9480000000000001,0.164,0.82,0.20799999999999996,0.051999999999999935,0.164
0.8,1,0,blind_gate:H:k1,0.07199999999999998,1.56,2.3,0.7400000000000001,0.019999999999999997,0.09999999999999998,0.0,0.2599999999999999,0.019999999999999997
0.8,1,0,audit_gate:H:k1,0.1808,1.539,2.25,0.9480000000000001,0.164,0.82,0.20799999999999996,0.2889999999999999,0.123
0.8,1,0,serial_last:H:k1,0.18000000000000002,1.25,1.25,0.9480000000000001,0.164,0.82,0.20799999999999996,0.0,0.164
0.8,1,0,exposed_vote:H:k2,0.19384,1.5,1.5,0.9028000000000002,0.13448000000000004,0.6724000000000002,0.2528,0.0,0.13448000000000004
0.8,1,0,blind_vote:H:k2,0.046,1.6,1.6,0.6500000000000001,0.001999999999999999,0.009999999999999995,0.0,0.0,0.001999999999999999
0.8,1,0,echo_gate:H:k2,0.15392,1.5972,2.5,0.9028000000000002,0.13448000000000004,0.6724000000000002,0.2528,0.09719999999999984,0.13448000000000004
0.8,1,0,blind_gate:H:k2,0.07199999999999998,1.95,2.6,0.6500000000000001,0.001999999999999999,0.009999999999999995,0.0,0.34999999999999987,0.001999999999999999
0.8,1,0,audit_gate:H:k2,0.16544,1.8228999999999997,2.5,0.9028000000000002,0.13448000000000004,0.6724000000000002,0.2528,0.32289999999999985,0.10086000000000003
0.8,1,0,serial_last:H:k2,0.18000000000000002,1.5,1.5,0.9480000000000002,0.16400000000000003,0.8200000000000002,0.29800000000000004,0.0,0.16400000000000003
0.8,1,0,exposed_vote:H:k3,0.19133999999999998,1.75,1.75,0.8632272000000001,0.11027360000000003,0.5513680000000001,0.27982720000000005,0.0,0.11027360000000003
0.8,1,0,blind_vote:H:k3,0.041499999999999995,1.9,1.9,0.5834,0.00019999999999999987,0.0009999999999999994,0.0,0.0,0.00019999999999999987
0.8,1,0,echo_gate:H:k3,0.13762816,1.8867728,2.75,0.8632272000000001,0.11027360000000003,0.5513680000000001,0.27982720000000005,0.13677279999999992,0.11027360000000003
0.8,1,0,blind_gate:H:k3,0.08352000000000001,2.3165999999999998,2.9,0.5834,0.00019999999999999987,0.0009999999999999994,0.0,0.41659999999999997,0.00019999999999999987
0.8,1,0,audit_gate:H:k3,0.15322112,2.1025796,2.75,0.8632272000000001,0.11027360000000003,0.5513680000000001,0.27982720000000005,0.3525795999999999,0.08270520000000002
0.8,1,0,serial_last:H:k3,0.18000000000000002,1.75,1.75,0.9480000000000001,0.16400000000000003,0.8200000000000002,0.36460000000000004,0.0,0.16400000000000003
0.8,1,0,exposed_vote:H:k4,0.195989472,2.0,2.0,0.8283188800000001,0.09042435200000001,0.45212176000000004,0.30341888000000006,0.0,0.09042435200000001
0.8,1,0,blind_vote:H:k4,0.013419999999999994,2.2,2.2,0.5249,1.9999999999999985e-05,9.999999999999992e-05,0.0,0.0,1.9999999999999985e-05
0.8,1,0,echo_gate:H:k4,0.124760576,2.1716811199999997,3.0,0.8283188800000001,0.09042435200000001,0.45212176000000004,0.30341888000000006,0.1716811199999999,0.09042435200000001
0.8,1,0,blind_gate:H:k4,0.09504,2.6751,3.2,0.5249,1.9999999999999985e-05,9.999999999999992e-05,0.0,0.47509999999999997,1.9999999999999985e-05
0.8,1,0,audit_gate:H:k4,0.14357043200000003,2.37876084,3.0,0.8283188800000001,0.09042435200000001,0.45212176000000004,0.30341888000000006,0.37876084,0.06781826400000002
0.8,1,0,serial_last:H:k4,0.18000000000000002,2.0,2.0,0.948,0.164,0.82,0.4230999999999999,0.0,0.164
0.8,1,0,exposed_vote:H:k5,0.19521133119999998,2.25,2.25,0.7972846060800001,0.07414796864000002,0.3707398432000001,0.32489060608,0.0,0.07414796864000002
0.8,1,0,blind_vote:H:k5,0.012609999999999993,2.5,2.5,0.4723940000000001,1.999999999999998e-06,9.999999999999989e-06,0.0,0.0,1.999999999999998e-06
0.8,1,0,echo_gate:H:k5,0.114691047424,2.45271539392,3.25,0.7972846060800001,0.07414796864000002,0.3707398432000001,0.32489060608,0.20271539391999993,0.07414796864000002
0.8,1,0,blind_gate:H:k5,0.10552319999999998,3.027606,3.5,0.4723940000000001,1.999999999999998e-06,9.999999999999989e-06,0.0,0.5276059999999999,1.999999999999998e-06
0.8,1,0,audit_gate:H:k5,0.136018285568,2.6520365454399997,3.25,0.7972846060800001,0.07414796864000002,0.3707398432000001,0.32489060608,0.4020365454399999,0.05561097648000002
0.8,1,0,serial_last:H:k5,0.18000000000000002,2.25,2.25,0.948,0.164,0.82,0.47560599999999986,0.0,0.164
0.8,1,0,exposed_vote:H:k6,0.197691547264,2.5,2.5,0.769475238976,0.060801334284800015,0.30400667142400006,0.34432223897599995,0.0,0.060801334284800015
0.8,1,0,blind_vote:H:k6,0.004185999999999997,2.8,2.8,0.42515300000000006,1.9999999999999975e-07,9.999999999999987e-07,0.0,0.0,1.9999999999999975e-07
0.8,1,0,echo_gate:H:k6,0.10690628648960002,2.730524761024,3.5,0.769475238976,0.060801334284800015,0.30400667142400006,0.34432223897599995,0.230524761024,0.060801334284800015
0.8,1,0,blind_gate:H:k6,0.11496959999999999,3.374847,3.8,0.42515300000000006,1.9999999999999975e-07,9.999999999999987e-07,0.0,0.5748469999999999,1.9999999999999975e-07
0.8,1,0,audit_gate:H:k6,0.1301797148672,2.922893570768,3.5,0.769475238976,0.060801334284800015,0.30400667142400006,0.34432223897599995,0.42289357076799994,0.045601000713600015
0.8,1,0,serial_last:H:k6,0.18000000000000002,2.5,2.5,0.948,0.16400000000000003,0.8200000000000002,0.5228469999999998,0.0,0.16400000000000003
0.8,1,0,exposed_vote:H:k7,0.1974024464096,2.75,2.75,0.7443575207109121,0.04985709411353601,0.24928547056768005,0.36171998071091205,0.0,0.04985709411353601
0.8,1,0,blind_vote:H:k7,0.004003749999999998,3.1,3.1,0.38263754000000005,1.999999999999997e-08,9.999999999999985e-08,0.0,0.0,1.999999999999997e-08
0.8,1,0,echo_gate:H:k7,0.1009855899713536,3.005642479289088,3.75,0.7443575207109121,0.04985709411353601,0.24928547056768005,0.36171998071091205,0.2556424792890879,0.04985709411353601
0.8,1,0,blind_gate:H:k7,0.12347251199999999,3.71736246,4.1,0.38263754000000005,1.999999999999997e-08,9.999999999999985e-08,0.0,0.61736246,1.999999999999997e-08
0.8,1,0,audit_gate:H:k7,0.1257391924785152,3.191731859466816,3.75,0.7443575207109121,0.04985709411353601,0.24928547056768005,0.36171998071091205,0.4417318594668159,0.03739282058515201
0.8,1,0,serial_last:H:k7,0.18000000000000002,2.75,2.75,0.948,0.164,0.82,0.5653624599999999,0.0,0.164
0.8,1,0,exposed_vote:A:k1,0.1,0.5,0.5,1.0,0.1,1.0,0.17999999999999994,0.0,0.1
0.8,1,0,blind_vote:A:k1,0.1,0.55,0.55,0.8200000000000001,0.009999999999999998,0.09999999999999998,0.0,0.0,0.009999999999999998
0.8,1,0,echo_gate:A:k1,0.1,0.5,1.5,1.0,0.1,1.0,0.17999999999999994,0.0,0.1
0.8,1,0,blind_gate:A:k1,0.045999999999999985,0.73,1.55,0.8200000000000001,0.009999999999999998,0.09999999999999998,0.0,0.17999999999999994,0.009999999999999998
0.8,1,0,audit_gate:A:k1,0.125,0.75,1.5,1.0,0.1,1.0,0.17999999999999994,0.25,0.07500000000000001
0.8,1,0,serial_last:A:k1,0.1,0.5,0.5,1.0,0.1,1.0,0.17999999999999994,0.0,0.1
0.8,1,0,exposed_vote:A:k2,0.10000000000000002,0.75,0.75,1.0,0.10000000000000002,1.0000000000000002,0.2699999999999999,0.0,0.10000000000000002
0.8,1,0,blind_vote:A:k2,0.027999999999999997,0.85,0.85,0.7300000000000001,0.0009999999999999996,0.009999999999999995,0.0,0.0,0.0009999999999999996
0.8,1,0,echo_gate:A:k2,0.10000000000000002,0.75,1.75,1.0,0.10000000000000002,1.0000000000000002,0.2699999999999999,0.0,0.10000000000000002
0.8,1,0,blind_gate:A:k2,0.054999999999999986,1.1199999999999999,1.85,0.7300000000000001,0.0009999999999999996,0.009999999999999995,0.0,0.2699999999999999,0.0009999999999999996
0.8,1,0,audit_gate:A:k2,0.125,1.0,1.75,1.0,0.10000000000000002,1.0000000000000002,0.2699999999999999,0.25,0.07500000000000001
0.8,1,0,serial_last:A:k2,0.1,0.75,0.75,1.0,0.10000000000000002,1.0000000000000002,0.2699999999999999,0.0,0.10000000000000002
0.8,1,0,exposed_vote:A:k3,0.1,1.0,1.0,1.0,0.1,1.0,0.3437999999999999,0.0,0.1
0.8,1,0,blind_vote:A:k3,0.02799999999999999,1.15,1.15,0.6562000000000001,9.999999999999994e-05,0.0009999999999999994,0.0,0.0,9.999999999999994e-05
0.8,1,0,echo_gate:A:k3,0.1,1.0,2.0,1.0,0.1,1.0,0.3437999999999999,0.0,0.1
0.8,1,0,blind_gate:A:k3,0.06885999999999998,1.4937999999999998,2.15,0.6562000000000001,9.999999999999994e-05,0.0009999999999999994,0.0,0.3437999999999999,9.999999999999994e-05
0.8,1,0,audit_gate:A:k3,0.125,1.25,2.0,1.0,0.1,1.0,0.3437999999999999,0.25,0.07500000000000001
0.8,1,0,serial_last:A:k3,0.1,1.0,1.0,1.0,0.1,1.0,0.3437999999999999,0.0,0.1
0.8,1,0,exposed_vote:A:k4,0.1,1.25,1.25,1.0,0.1,1.0,0.4095,0.0,0.1
0.8,1,0,blind_vote:A:k4,0.008559999999999995,1.45,1.45,0.5905,9.999999999999992e-06,9.999999999999992e-05,0.0,0.0,9.999999999999992e-06
0.8,1,0,echo_gate:A:k4,0.1,1.25,2.25,1.0,0.1,1.0,0.4095,0.0,0.1
0.8,1,0,blind_gate:A:k4,0.08191,1.8595,2.45,0.5905,9.999999999999992e-06,9.999999999999992e-05,0.0,0.4095,9.999999999999992e-06
0.8,1,0,audit_gate:A:k4,0.125,1.5,2.25,1.0,0.1,1.0,0.4095,0.25,0.07500000000000001
0.8,1,0,serial_last:A:k4,0.1,1.25,1.25,1.0,0.1,1.0,0.4095,0.0,0.1
0.8,1,0,exposed_vote:A:k5,0.1,1.5,1.5,1.0,0.1,1.0,0.4685579999999999,0.0,0.1
0.8,1,0,blind_vote:A:k5,0.008559999999999996,1.75,1.75,0.5314420000000001,9.99999999999999e-07,9.999999999999989e-06,0.0,0.0,9.99999999999999e-07
0.8,1,0,echo_gate:A:k5,0.1,1.5,2.5,1.0,0.1,1.0,0.4685579999999999,0.0,0.1
0.8,1,0,blind_gate:A:k5,0.0937126,2.218558,2.75,0.5314420000000001,9.99999999999999e-07,9.999999999999989e-06,0.0,0.4685579999999999,9.99999999999999e-07
0.8,1,0,audit_gate:A:k5,0.125,1.75,2.5,1.0,0.1,1.0,0.4685579999999999,0.25,0.07500000000000001
0.8,1,0,serial_last:A:k5,0.1,1.5,1.5,1.0,0.1,1.0,0.4685579999999999,0.0,0.1
0.8,1,0,exposed_vote:A:k6,0.1,1.75,1.75,1.0,0.1,1.0,0.5217029999999999,0.0,0.1
0.8,1,0,blind_vote:A:k6,0.0027279999999999982,2.05,2.05,0.4782970000000001,9.999999999999988e-08,9.999999999999987e-07,0.0,0.0,9.999999999999988e-08
0.8,1,0,echo_gate:A:k6,0.1,1.75,2.75,1.0,0.1,1.0,0.5217029999999999,0.0,0.1
0.8,1,0,blind_gate:A:k6,0.1043407,2.571703,3.05,0.4782970000000001,9.999999999999988e-08,9.999999999999987e-07,0.0,0.5217029999999999,9.999999999999988e-08
0.8,1,0,audit_gate:A:k6,0.125,2.0,2.75,1.0,0.1,1.0,0.5217029999999999,0.25,0.07500000000000001
0.8,1,0,serial_last:A:k6,0.1,1.75,1.75,1.0,0.1,1.0,0.5217029999999999,0.0,0.1
0.8,1,0,exposed_vote:A:k7,0.1,2.0,2.0,1.0,0.1,1.0,0.5695327799999998,0.0,0.1
0.8,1,0,blind_vote:A:k7,0.0027279999999999982,2.35,2.35,0.4304672200000001,9.999999999999985e-09,9.999999999999985e-08,0.0,0.0,9.999999999999985e-09
0.8,1,0,echo_gate:A:k7,0.1,2.0,3.0,1.0,0.1,1.0,0.5695327799999998,0.0,0.1
0.8,1,0,blind_gate:A:k7,0.11390656599999997,2.91953278,3.35,0.4304672200000001,9.999999999999985e-09,9.999999999999985e-08,0.0,0.5695327799999998,9.999999999999985e-09
0.8,1,0,audit_gate:A:k7,0.125,2.25,3.0,1.0,0.1,1.0,0.5695327799999998,0.25,0.07500000000000001
0.8,1,0,serial_last:A:k7,0.1,2.0,2.0,1.0,0.1,1.0,0.5695327799999998,0.0,0.1
0.8,1,0.5,alone:H:k0,0.2,1.0,1.0,1.0,0.2,1.0,0.0,0.0,0.2
0.8,1,0.5,alone:A:k0,0.1,0.25,0.25,1.0,0.1,1.0,0.0,0.0,0.1
0.8,1,0.5,exposed_vote:H:k1,0.19000000000000003,1.25,1.25,0.9480000000000001,0.164,0.82,0.20799999999999996,0.0,0.164
0.8,1,0.5,blind_vote:H:k1,0.15000000000000002,1.3,1.3,0.7400000000000001,0.02,0.09999999999999999,0.0,0.0,0.02
0.8,1,0.5,echo_gate:H:k1,0.1744,1.302,2.25,0.9480000000000001,0.164,0.82,0.20799999999999996,0.051999999999999935,0.164
0.8,1,0.5,blind_gate:H:k1,0.07199999999999998,1.56,2.3,0.7400000000000001,0.02,0.09999999999999999,0.0,0.2599999999999999,0.02
0.8,1,0.5,audit_gate:H:k1,0.1808,1.539,2.25,0.9480000000000001,0.164,0.82,0.20799999999999996,0.2889999999999999,0.123
0.8,1,0.5,serial_last:H:k1,0.18000000000000002,1.25,1.25,0.9480000000000001,0.164,0.82,0.20799999999999996,0.0,0.164
0.8,1,0.5,exposed_vote:H:k2,0.19492,1.5,1.5,0.9046000000000001,0.13484000000000002,0.6742,0.2096,0.0,0.13484000000000002
0.8,1,0.5,blind_vote:H:k2,0.07300000000000001,1.6,1.6,0.6950000000000001,0.011000000000000001,0.055,0.0,0.0,0.011000000000000001
0.8,1,0.5,echo_gate:H:k2,0.15392,1.5954,2.5,0.9046000000000001,0.13484000000000002,0.6742,0.2096,0.09539999999999993,0.13484000000000002
0.8,1,0.5,blind_gate:H:k2,0.072,1.905,2.6,0.6950000000000001,0.011000000000000001,0.055,0.0,0.30499999999999994,0.011000000000000001
0.8,1,0.5,audit_gate:H:k2,0.16544000000000003,1.82155,2.5,0.9046000000000001,0.13484000000000002,0.6742,0.2096,0.32155,0.10113000000000001
0.8,1,0.5,serial_last:H:k2,0.18000000000000002,1.5,1.5,0.9480000000000001,0.164,0.82,0.253,0.0,0.164
0.8,1,0.5,exposed_vote:H:k3,0.19287,1.75,1.75,0.8681736000000001,0.11121680000000003,0.5560840000000001,0.20647360000000003,0.0,0.11121680000000003
0.8,1,0.5,blind_vote:H:k3,0.07075000000000001,1.9,1.9,0.6617000000000001,0.010100000000000001,0.0505,0.0,0.0,0.010100000000000001
0.8,1,0.5,echo_gate:H:k3,0.13758208000000002,1.8818264,2.75,0.8681736000000001,0.11121680000000003,0.5560840000000001,0.20647360000000003,0.1318263999999999,0.11121680000000003
0.8,1,0.5,blind_gate:H:k3,0.07775999999999998,2.2382999999999997,2.9,0.6617000000000001,0.010100000000000001,0.0505,0.0,0.33829999999999993,0.010100000000000001
0.8,1,0.5,audit_gate:H:k3,0.15318656000000003,2.0988698,2.75,0.8681736000000001,0.11121680000000003,0.5560840000000001,0.20647360000000003,0.3488697999999999,0.08341260000000003
0.8,1,0.5,serial_last:H:k3,0.18000000000000002,1.75,1.75,0.9480000000000002,0.16400000000000003,0.8200000000000002,0.2863000000000001,0.0,0.16400000000000003
0.8,1,0.5,exposed_vote:H:k4,0.19663473600000003,2.0,2.0,0.8374074400000001,0.09207617600000002,0.4603808800000001,0.20495744000000005,0.0,0.09207617600000002
0.8,1,0.5,blind_vote:H:k4,0.05671,2.2,2.2,0.6324500000000001,0.010010000000000002,0.050050000000000004,0.0,0.0,0.010010000000000002
0.8,1,0.5,echo_gate:H:k4,0.12459468800000001,2.1625925599999998,3.0,0.8374074400000001,0.09207617600000002,0.4603808800000001,0.20495744000000005,0.16259255999999989,0.09207617600000002
0.8,1,0.5,blind_gate:H:k4,0.08352,2.56755,3.2,0.6324500000000001,0.010010000000000002,0.050050000000000004,0.0,0.36754999999999993,0.010010000000000002
0.8,1,0.5,audit_gate:H:k4,0.143446016,2.37194442,3.0,0.8374074400000001,0.09207617600000002,0.4603808800000001,0.20495744000000005,0.37194441999999994,0.06905713200000002
0.8,1,0.5,serial_last:H:k4,0.18000000000000002,2.0,2.0,0.9480000000000002,0.16400000000000003,0.8200000000000002,0.3155500000000001,0.0,0.16400000000000003
0.8,1,0.5,exposed_vote:H:k5,0.1959896656,2.25,2.25,0.8112407030400001,0.07656518432000002,0.38282592160000006,0.20504370303999997,0.0,0.07656518432000002
0.8,1,0.5,blind_vote:H:k5,0.056305,2.5,2.5,0.6061970000000001,0.010001000000000001,0.050005,0.0,0.0,0.010001000000000001
0.8,1,0.5,echo_gate:H:k5,0.11431704371200001,2.43875929696,3.25,0.8112407030400001,0.07656518432000002,0.38282592160000006,0.20504370303999997,0.18875929695999993,0.07656518432000002
0.8,1,0.5,blind_gate:H:k5,0.08876159999999998,2.893803,3.5,0.6061970000000001,0.010001000000000001,0.050005,0.0,0.3938029999999999,0.010001000000000001
0.8,1,0.5,audit_gate:H:k5,0.135737782784,2.64156947272,3.25,0.8112407030400001,0.07656518432000002,0.38282592160000006,0.20504370303999997,0.39156947272,0.05742388824000001
0.8,1,0.5,serial_last:H:k5,0.18000000000000002,2.25,2.25,0.9480000000000001,0.164,0.82,0.34180299999999997,0.0,0.164
0.8,1,0.5,exposed_vote:H:k6,0.197997773632,2.5,2.5,0.788816339488,0.0639936271424,0.319968135712,0.20623983948800007,0.0,0.0639936271424
0.8,1,0.5,blind_vote:H:k6,0.052093,2.8,2.8,0.5825764999999999,0.010000100000000001,0.0500005,0.0,0.0,0.010000100000000001
0.8,1,0.5,echo_gate:H:k6,0.10623035924480001,2.711183660512,3.5,0.788816339488,0.0639936271424,0.319968135712,0.20623983948800007,0.211183660512,0.0639936271424
0.8,1,0.5,blind_gate:H:k6,0.09348480000000002,3.2174234999999998,3.8,0.5825764999999999,0.010000100000000001,0.0500005,0.0,0.41742350000000006,0.010000100000000001
0.8,1,0.5,audit_gate:H:k6,0.1296727694336,2.908387745384,3.5,0.788816339488,0.0639936271424,0.319968135712,0.20623983948800007,0.408387745384,0.047995220356800004
0.8,1,0.5,serial_last:H:k6,0.18000000000000002,2.5,2.5,0.948,0.16399999999999998,0.8199999999999998,0.3654235,0.0,0.16399999999999998
0.8,1,0.5,exposed_vote:H:k7,0.19775082320479995,2.75,2.75,0.769441736355456,0.053802915056768014,0.26901457528384004,0.20812296635545602,0.0,0.053802915056768014
0.8,1,0.5,blind_vote:H:k7,0.052001875,3.1,3.1,0.56131877,0.010000010000000002,0.050000050000000004,0.0,0.0,0.010000010000000002
0.8,1,0.5,echo_gate:H:k7,0.09991456778567681,2.980558263644544,3.75,0.769441736355456,0.053802915056768014,0.26901457528384004,0.20812296635545602,0.23055826364454401,0.053802915056768014
0.8,1,0.5,blind_gate:H:k7,0.09773625600000002,3.53868123,4.1,0.56131877,0.010000010000000002,0.050000050000000004,0.0,0.43868123000000003,0.010000010000000002
0.8,1,0.5,audit_gate:H:k7,0.12493592583925764,3.172918697733408,3.75,0.769441736355456,0.053802915056768014,0.26901457528384004,0.20812296635545602,0.42291869773340807,0.04035218629257601
0.8,1,0.5,serial_last:H:k7,0.18000000000000002,2.75,2.75,0.948,0.16399999999999998,0.8199999999999998,0.38668123,0.0,0.16399999999999998
0.8,1,0.5,exposed_vote:A:k1,0.1,0.5,0.5,1.0,0.1,1.0,0.08999999999999997,0.0,0.1
0.8,1,0.5,blind_vote:A:k1,0.09999999999999999,0.55,0.55,0.91,0.055,0.5499999999999999,0.0,0.0,0.055
0.8,1,0.5,echo_gate:A:k1,0.1,0.5,1.5,1.0,0.1,1.0,0.08999999999999997,0.0,0.1
0.8,1,0.5,blind_gate:A:k1,0.073,0.64,1.55,0.91,0.055,0.5499999999999999,0.0,0.08999999999999997,0.055
0.8,1,0.5,audit_gate:A:k1,0.125,0.75,1.5,1.0,0.1,1.0,0.08999999999999997,0.25,0.07500000000000001
0.8,1,0.5,serial_last:A:k1,0.1,0.5,0.5,1.0,0.1,1.0,0.08999999999999997,0.0,0.1
0.8,1,0.5,exposed_vote:A:k2,0.1,0.75,0.75,1.0,0.1,1.0,0.135,0.0,0.1
0.8,1,0.5,blind_vote:A:k2,0.064,0.85,0.85,0.865,0.0505,0.505,0.0,0.0,0.0505
0.8,1,0.5,echo_gate:A:k2,0.1,0.75,1.75,1.0,0.1,1.0,0.135,0.0,0.1
0.8,1,0.5,blind_gate:A:k2,0.07750000000000001,0.985,1.85,0.865,0.0505,0.505,0.0,0.135,0.0505
0.8,1,0.5,audit_gate:A:k2,0.125,1.0,1.75,1.0,0.1,1.0,0.135,0.25,0.07500000000000001
0.8,1,0.5,serial_last:A:k2,0.1,0.75,0.75,1.0,0.1,1.0,0.135,0.0,0.1
0.8,1,0.5,exposed_vote:A:k3,0.1,1.0,1.0,1.0,0.1,1.0,0.17189999999999983,0.0,0.1
0.8,1,0.5,blind_vote:A:k3,0.064,1.15,1.15,0.8281000000000002,0.050050000000000004,0.5005000000000001,0.0,0.0,0.050050000000000004
0.8,1,0.5,echo_gate:A:k3,0.1,1.0,2.0,1.0,0.1,1.0,0.17189999999999983,0.0,0.1
0.8,1,0.5,blind_gate:A:k3,0.08442999999999998,1.3218999999999999,2.15,0.8281000000000002,0.050050000000000004,0.5005000000000001,0.0,0.17189999999999983,0.050050000000000004
0.8,1,0.5,audit_gate:A:k3,0.125,1.25,2.0,1.0,0.1,1.0,0.17189999999999983,0.25,0.07500000000000001
0.8,1,0.5,serial_last:A:k3,0.1,1.0,1.0,1.0,0.1,1.0,0.17189999999999983,0.0,0.1
0.8,1,0.5,exposed_vote:A:k4,0.1,1.25,1.25,1.0,0.1,1.0,0.20475,0.0,0.1
0.8,1,0.5,blind_vote:A:k4,0.05428,1.45,1.45,0.79525,0.050005,0.50005,0.0,0.0,0.050005
0.8,1,0.5,echo_gate:A:k4,0.1,1.25,2.25,1.0,0.1,1.0,0.20475,0.0,0.1
0.8,1,0.5,blind_gate:A:k4,0.09095500000000001,1.65475,2.45,0.79525,0.050005,0.50005,0.0,0.20475,0.050005
0.8,1,0.5,audit_gate:A:k4,0.125,1.5,2.25,1.0,0.1,1.0,0.20475,0.25,0.07500000000000001
0.8,1,0.5,serial_last:A:k4,0.1,1.25,1.25,1.0,0.1,1.0,0.20475,0.0,0.1
0.8,1,0.5,exposed_vote:A:k5,0.10000000000000002,1.5,1.5,1.0,0.10000000000000002,1.0000000000000002,0.23427900000000002,0.0,0.10000000000000002
0.8,1,0.5,blind_vote:A:k5,0.05428,1.75,1.75,0.765721,0.0500005,0.500005,0.0,0.0,0.0500005
0.8,1,0.5,echo_gate:A:k5,0.10000000000000002,1.5,2.5,1.0,0.10000000000000002,1.0000000000000002,0.23427900000000002,0.0,0.10000000000000002
0.8,1,0.5,blind_gate:A:k5,0.0968563,1.984279,2.75,0.765721,0.0500005,0.500005,0.0,0.23427900000000002,0.0500005
0.8,1,0.5,audit_gate:A:k5,0.125,1.75,2.5,1.0,0.10000000000000002,1.0000000000000002,0.23427900000000002,0.25,0.07500000000000001
0.8,1,0.5,serial_last:A:k5,0.1,1.5,1.5,1.0,0.10000000000000002,1.0000000000000002,0.23427900000000002,0.0,0.10000000000000002
0.8,1,0.5,exposed_vote:A:k6,0.1,1.75,1.75,1.0,0.1,1.0,0.2608515,0.0,0.1
0.8,1,0.5,blind_vote:A:k6,0.051364,2.05,2.05,0.7391485,0.050000050000000004,0.5000005,0.0,0.0,0.050000050000000004
0.8,1,0.5,echo_gate:A:k6,0.1,1.75,2.75,1.0,0.1,1.0,0.2608515,0.0,0.1
0.8,1,0.5,blind_gate:A:k6,0.10217035000000001,2.3108515,3.05,0.7391485,0.050000050000000004,0.5000005,0.0,0.2608515,0.050000050000000004
0.8,1,0.5,audit_gate:A:k6,0.125,2.0,2.75,1.0,0.1,1.0,0.2608515,0.25,0.07500000000000001
0.8,1,0.5,serial_last:A:k6,0.1,1.75,1.75,1.0,0.1,1.0,0.2608515,0.0,0.1
0.8,1,0.5,exposed_vote:A:k7,0.09999999999999999,2.0,2.0,1.0,0.09999999999999999,0.9999999999999999,0.2847663899999999,0.0,0.09999999999999999
0.8,1,0.5,blind_vote:A:k7,0.05136399999999999,2.35,2.35,0.7152336100000001,0.050000005,0.5000000499999999,0.0,0.0,0.050000005
0.8,1,0.5,echo_gate:A:k7,0.09999999999999999,2.0,3.0,1.0,0.09999999999999999,0.9999999999999999,0.2847663899999999,0.0,0.09999999999999999
0.8,1,0.5,blind_gate:A:k7,0.10695328299999998,2.6347663900000002,3.35,0.7152336100000001,0.050000005,0.5000000499999999,0.0,0.2847663899999999,0.050000005
0.8,1,0.5,audit_gate:A:k7,0.125,2.25,3.0,1.0,0.09999999999999999,0.9999999999999999,0.2847663899999999,0.25,0.075
0.8,1,0.5,serial_last:A:k7,0.1,2.0,2.0,1.0,0.09999999999999999,0.9999999999999999,0.2847663899999999,0.0,0.09999999999999999
0.8,1,0.9,alone:H:k0,0.2,1.0,1.0,1.0,0.2,1.0,0.0,0.0,0.2
0.8,1,0.9,alone:A:k0,0.1,0.25,0.25,1.0,0.1,1.0,0.0,0.0,0.1
0.8,1,0.9,exposed_vote:H:k1,0.19000000000000003,1.25,1.25,0.9480000000000002,0.16400000000000003,0.8200000000000002,0.20800000000000007,0.0,0.16400000000000003
0.8,1,0.9,blind_vote:H:k1,0.15000000000000002,1.3,1.3,0.7400000000000001,0.020000000000000004,0.10000000000000002,0.0,0.0,0.020000000000000004
0.8,1,0.9,echo_gate:H:k1,0.1744,1.3019999999999998,2.25,0.9480000000000002,0.16400000000000003,0.8200000000000002,0.20800000000000007,0.051999999999999824,0.16400000000000003
0.8,1,0.9,blind_gate:H:k1,0.07199999999999998,1.56,2.3,0.7400000000000001,0.020000000000000004,0.10000000000000002,0.0,0.2599999999999999,0.020000000000000004
0.8,1,0.9,audit_gate:H:k1,0.18080000000000002,1.539,2.25,0.9480000000000002,0.16400000000000003,0.8200000000000002,0.20800000000000007,0.2889999999999999,0.12300000000000003
0.8,1,0.9,serial_last:H:k1,0.18000000000000002,1.25,1.25,0.9480000000000002,0.16400000000000003,0.8200000000000002,0.20800000000000007,0.0,0.16400000000000003
0.8,1,0.9,exposed_vote:H:k2,0.19578400000000004,1.5,1.5,0.9060400000000002,0.13512800000000003,0.6756400000000001,0.17504000000000008,0.0,0.13512800000000003
0.8,1,0.9,blind_vote:H:k2,0.09460000000000002,1.6,1.6,0.7310000000000001,0.018200000000000004,0.09100000000000001,0.0,0.0,0.018200000000000004
0.8,1,0.9,echo_gate:H:k2,0.15392,1.5939599999999998,2.5,0.9060400000000002,0.13512800000000003,0.6756400000000001,0.17504000000000008,0.09395999999999982,0.13512800000000003
0.8,1,0.9,blind_gate:H:k2,0.072,1.869,2.6,0.7310000000000001,0.018200000000000004,0.09100000000000001,0.0,0.2689999999999999,0.018200000000000004
0.8,1,0.9,audit_gate:H:k2,0.16543999999999998,1.8204699999999998,2.5,0.9060400000000002,0.13512800000000003,0.6756400000000001,0.17504000000000008,0.3204699999999998,0.10134600000000002
0.8,1,0.9,serial_last:H:k2,0.18000000000000002,1.5,1.5,0.9480000000000002,0.16400000000000003,0.8200000000000002,0.21700000000000008,0.0,0.16400000000000003
0.8,1,0.9,exposed_vote:H:k3,0.19409400000000002,1.75,1.75,0.8721307200000001,0.11197136000000002,0.5598568,0.14779072000000004,0.0,0.11197136000000002
0.8,1,0.9,blind_vote:H:k3,0.09415000000000001,1.9,1.9,0.7243400000000001,0.018020000000000005,0.09010000000000001,0.0,0.0,0.018020000000000005
0.8,1,0.9,echo_gate:H:k3,0.137545216,1.8778692799999999,2.75,0.8721307200000001,0.11197136000000002,0.5598568,0.14779072000000004,0.12786927999999986,0.11197136000000002
0.8,1,0.9,blind_gate:H:k3,0.073152,2.1756599999999997,2.9,0.7243400000000001,0.018020000000000005,0.09010000000000001,0.0,0.2756599999999999,0.018020000000000005
0.8,1,0.9,audit_gate:H:k3,0.153158912,2.09590196,2.75,0.8721307200000001,0.11197136000000002,0.5598568,0.14779072000000004,0.34590195999999995,0.08397852000000001
0.8,1,0.9,serial_last:H:k3,0.18000000000000002,1.75,1.75,0.9480000000000002,0.16400000000000003,0.8200000000000002,0.22366000000000008,0.0,0.16400000000000003
0.8,1,0.9,exposed_vote:H:k4,0.19715094720000004,2.0,2.0,0.844678288,0.09339763520000002,0.4669881760000001,0.12618828800000004,0.0,0.09339763520000002
0.8,1,0.9,blind_vote:H:k4,0.09134199999999999,2.2,2.2,0.71849,0.018002,0.09000999999999999,0.0,0.0,0.018002
0.8,1,0.9,echo_gate:H:k4,0.12446197760000002,2.155321712,3.0,0.844678288,0.09339763520000002,0.4669881760000001,0.12618828800000004,0.155321712,0.09339763520000002
0.8,1,0.9,blind_gate:H:k4,0.07430400000000001,2.48151,3.2,0.71849,0.018002,0.09000999999999999,0.0,0.28151000000000004,0.018002
0.8,1,0.9,audit_gate:H:k4,0.14334648320000004,2.366491284,3.0,0.844678288,0.09339763520000002,0.4669881760000001,0.12618828800000004,0.366491284,0.07004822640000002
0.8,1,0.9,serial_last:H:k4,0.18000000000000002,2.0,2.0,0.948,0.164,0.82,0.22951,0.0,0.164
0.8,1,0.9,exposed_vote:H:k5,0.19661233311999998,2.25,2.25,0.8224055806080001,0.07849895686400002,0.39249478432000007,0.10916618060799999,0.0,0.07849895686400002
0.8,1,0.9,blind_vote:H:k5,0.09126100000000002,2.5,2.5,0.7132394000000001,0.018000200000000004,0.09000100000000001,0.0,0.0,0.018000200000000004
0.8,1,0.9,echo_gate:H:k5,0.11401784074240001,2.427594419392,3.25,0.8224055806080001,0.07849895686400002,0.39249478432000007,0.10916618060799999,0.17759441939199994,0.07849895686400002
0.8,1,0.9,blind_gate:H:k5,0.07535231999999999,2.7867606,3.5,0.7132394000000001,0.018000200000000004,0.09000100000000001,0.0,0.2867605999999999,0.018000200000000004
0.8,1,0.9,audit_gate:H:k5,0.1355133805568,2.633195814544,3.25,0.8224055806080001,0.07849895686400002,0.39249478432000007,0.10916618060799999,0.383195814544,0.058874217648000014
0.8,1,0.9,serial_last:H:k5,0.18000000000000002,2.25,2.25,0.9480000000000001,0.164,0.82,0.23476059999999999,0.0,0.164
0.8,1,0.9,exposed_vote:H:k6,0.1982427547264,2.5,2.5,0.8042892198976002,0.06654746142848003,0.33273730714240013,0.09577391989760009,0.0,0.06654746142848003
0.8,1,0.9,blind_vote:H:k6,0.09041860000000002,2.8,2.8,0.7085153000000001,0.018000020000000002,0.0900001,0.0,0.0,0.018000020000000002
0.8,1,0.9,echo_gate:H:k6,0.10568961744896,2.6957107801023996,3.5,0.8042892198976002,0.06654746142848003,0.33273730714240013,0.09577391989760009,0.19571078010239984,0.06654746142848003
0.8,1,0.9,blind_gate:H:k6,0.07629696,3.0914846999999996,3.8,0.7085153000000001,0.018000020000000002,0.0900001,0.0,0.29148469999999993,0.018000020000000002
0.8,1,0.9,audit_gate:H:k6,0.12926721308672,2.8967830850768,3.5,0.8042892198976002,0.06654746142848003,0.33273730714240013,0.09577391989760009,0.39678308507679994,0.049910596071360024
0.8,1,0.9,serial_last:H:k6,0.18000000000000002,2.5,2.5,0.9480000000000002,0.16400000000000003,0.8200000000000002,0.2394847000000001,0.0,0.16400000000000003
0.8,1,0.9,exposed_vote:H:k7,0.19802952464096,2.75,2.75,0.7895091088710913,0.056959571811353624,0.2847978590567681,0.0852453548710912,0.0,0.056959571811353624
0.8,1,0.9,blind_vote:H:k7,0.090400375,3.1,3.1,0.7042637540000001,0.018000002,0.09000001,0.0,0.0,0.018000002
0.8,1,0.9,echo_gate:H:k7,0.09905775003713538,2.9604908911289085,3.75,0.7895091088710913,0.056959571811353624,0.2847978590567681,0.0852453548710912,0.21049089112890873,0.056959571811353624
0.8,1,0.9,blind_gate:H:k7,0.07714725119999999,3.3957362460000002,4.1,0.7042637540000001,0.018000002,0.09000001,0.0,0.2957362459999999,0.018000002
0.8,1,0.9,audit_gate:H:k7,0.12429331252785154,3.1578681683466816,3.75,0.7895091088710913,0.056959571811353624,0.2847978590567681,0.0852453548710912,0.4078681683466816,0.042719678858515214
0.8,1,0.9,serial_last:H:k7,0.18000000000000002,2.75,2.75,0.9480000000000002,0.16400000000000003,0.8200000000000002,0.2437362460000001,0.0,0.16400000000000003
0.8,1,0.9,exposed_vote:A:k1,0.1,0.5,0.5,1.0,0.1,1.0,0.018000000000000016,0.0,0.1
0.8,1,0.9,blind_vote:A:k1,0.10000000000000002,0.55,0.55,0.982,0.09100000000000001,0.91,0.0,0.0,0.09100000000000001
0.8,1,0.9,echo_gate:A:k1,0.1,0.5,1.5,1.0,0.1,1.0,0.018000000000000016,0.0,0.1
0.8,1,0.9,blind_gate:A:k1,0.09460000000000002,0.5680000000000001,1.55,0.982,0.09100000000000001,0.91,0.0,0.018000000000000016,0.09100000000000001
0.8,1,0.9,audit_gate:A:k1,0.125,0.75,1.5,1.0,0.1,1.0,0.018000000000000016,0.25,0.07500000000000001
0.8,1,0.9,serial_last:A:k1,0.1,0.5,0.5,1.0,0.1,1.0,0.018000000000000016,0.0,0.1
0.8,1,0.9,exposed_vote:A:k2,0.1,0.75,0.75,1.0,0.1,1.0,0.026999999999999913,0.0,0.1
0.8,1,0.9,blind_vote:A:k2,0.09280000000000001,0.85,0.85,0.9730000000000001,0.09010000000000001,0.9010000000000001,0.0,0.0,0.09010000000000001
0.8,1,0.9,echo_gate:A:k2,0.1,0.75,1.75,1.0,0.1,1.0,0.026999999999999913,0.0,0.1
0.8,1,0.9,blind_gate:A:k2,0.0955,0.8769999999999999,1.85,0.9730000000000001,0.09010000000000001,0.9010000000000001,0.0,0.026999999999999913,0.09010000000000001
0.8,1,0.9,audit_gate:A:k2,0.125,1.0,1.75,1.0,0.1,1.0,0.026999999999999913,0.25,0.07500000000000001
0.8,1,0.9,serial_last:A:k2,0.1,0.75,0.75,1.0,0.1,1.0,0.026999999999999913,0.0,0.1
0.8,1,0.9,exposed_vote:A:k3,0.10000000000000002,1.0,1.0,1.0,0.10000000000000002,1.0000000000000002,0.034379999999999966,0.0,0.10000000000000002
0.8,1,0.9,blind_vote:A:k3,0.09280000000000001,1.15,1.15,0.96562,0.09001,0.9001,0.0,0.0,0.09001
0.8,1,0.9,echo_gate:A:k3,0.10000000000000002,1.0,2.0,1.0,0.10000000000000002,1.0000000000000002,0.034379999999999966,0.0,0.10000000000000002
0.8,1,0.9,blind_gate:A:k3,0.096886,1.18438,2.15,0.96562,0.09001,0.9001,0.0,0.034379999999999966,0.09001
0.8,1,0.9,audit_gate:A:k3,0.125,1.25,2.0,1.0,0.10000000000000002,1.0000000000000002,0.034379999999999966,0.25,0.07500000000000001
0.8,1,0.9,serial_last:A:k3,0.1,1.0,1.0,1.0,0.10000000000000002,1.0000000000000002,0.034379999999999966,0.0,0.10000000000000002
0.8,1,0.9,exposed_vote:A:k4,0.1,1.25,1.25,1.0,0.1,1.0,0.04094999999999993,0.0,0.1
0.8,1,0.9,blind_vote:A:k4,0.090856,1.45,1.45,0.9590500000000001,0.09000100000000001,0.9000100000000001,0.0,0.0,0.09000100000000001
0.8,1,0.9,echo_gate:A:k4,0.1,1.25,2.25,1.0,0.1,1.0,0.04094999999999993,0.0,0.1
0.8,1,0.9,blind_gate:A:k4,0.098191,1.4909499999999998,2.45,0.9590500000000001,0.09000100000000001,0.9000100000000001,0.0,0.04094999999999993,0.09000100000000001
0.8,1,0.9,audit_gate:A:k4,0.125,1.5,2.25,1.0,0.1,1.0,0.04094999999999993,0.25,0.07500000000000001
0.8,1,0.9,serial_last:A:k4,0.1,1.25,1.25,1.0,0.1,1.0,0.04094999999999993,0.0,0.1
0.8,1,0.9,exposed_vote:A:k5,0.1,1.5,1.5,1.0,0.1,1.0,0.04685579999999989,0.0,0.1
0.8,1,0.9,blind_vote:A:k5,0.09085600000000002,1.75,1.75,0.9531442000000001,0.09000010000000001,0.900001,0.0,0.0,0.09000010000000001
0.8,1,0.9,echo_gate:A:k5,0.1,1.5,2.5,1.0,0.1,1.0,0.04685579999999989,0.0,0.1
0.8,1,0.9,blind_gate:A:k5,0.09937125999999999,1.7968558,2.75,0.9531442000000001,0.09000010000000001,0.900001,0.0,0.04685579999999989,0.09000010000000001
0.8,1,0.9,audit_gate:A:k5,0.125,1.75,2.5,1.0,0.1,1.0,0.04685579999999989,0.25,0.07500000000000001
0.8,1,0.9,serial_last:A:k5,0.1,1.5,1.5,1.0,0.1,1.0,0.04685579999999989,0.0,0.1
0.8,1,0.9,exposed_vote:A:k6,0.1,1.75,1.75,1.0,0.1,1.0,0.05217029999999989,0.0,0.1
0.8,1,0.9,blind_vote:A:k6,0.09027279999999999,2.05,2.05,0.9478297000000001,0.09000001,0.9000001,0.0,0.0,0.09000001
0.8,1,0.9,echo_gate:A:k6,0.1,1.75,2.75,1.0,0.1,1.0,0.05217029999999989,0.0,0.1
0.8,1,0.9,blind_gate:A:k6,0.10043406999999999,2.1021702999999996,3.05,0.9478297000000001,0.09000001,0.9000001,0.0,0.05217029999999989,0.09000001
0.8,1,0.9,audit_gate:A:k6,0.125,2.0,2.75,1.0,0.1,1.0,0.05217029999999989,0.25,0.07500000000000001
0.8,1,0.9,serial_last:A:k6,0.1,1.75,1.75,1.0,0.1,1.0,0.05217029999999989,0.0,0.1
0.8,1,0.9,exposed_vote:A:k7,0.10000000000000002,2.0,2.0,1.0,0.10000000000000002,1.0000000000000002,0.05695327799999994,0.0,0.10000000000000002
0.8,1,0.9,blind_vote:A:k7,0.09027280000000003,2.35,2.35,0.9430467220000001,0.09000000100000001,0.9000000100000001,0.0,0.0,0.09000000100000001
0.8,1,0.9,echo_gate:A:k7,0.10000000000000002,2.0,3.0,1.0,0.10000000000000002,1.0000000000000002,0.05695327799999994,0.0,0.10000000000000002
0.8,1,0.9,blind_gate:A:k7,0.1013906566,2.406953278,3.35,0.9430467220000001,0.09000000100000001,0.9000000100000001,0.0,0.05695327799999994,0.09000000100000001
0.8,1,0.9,audit_gate:A:k7,0.125,2.25,3.0,1.0,0.10000000000000002,1.0000000000000002,0.05695327799999994,0.25,0.07500000000000001
0.8,1,0.9,serial_last:A:k7,0.1,2.0,2.0,1.0,0.10000000000000002,1.0000000000000002,0.05695327799999994,0.0,0.10000000000000002
1,0,0,alone:H:k0,0.2,1.0,1.0,1.0,0.2,1.0,0.0,0.0,0.2
1,0,0,alone:A:k0,0.1,0.25,0.25,1.0,0.1,1.0,0.0,0.0,0.1
1,0,0,exposed_vote:H:k1,0.2,1.25,1.25,1.0,0.2,1.0,0.2599999999999999,0.0,0.2
1,0,0,blind_vote:H:k1,0.15000000000000002,1.3,1.3,0.7400000000000001,0.019999999999999997,0.09999999999999998,0.0,0.0,0.019999999999999997
1,0,0,echo_gate:H:k1,0.2,1.25,2.25,1.0,0.2,1.0,0.2599999999999999,0.0,0.2
1,0,0,blind_gate:H:k1,0.07199999999999998,1.56,2.3,0.7400000000000001,0.019999999999999997,0.09999999999999998,0.0,0.2599999999999999,0.019999999999999997
1,0,0,audit_gate:H:k1,0.2,1.5,2.25,1.0,0.2,1.0,0.2599999999999999,0.25,0.15000000000000002
1,0,0,serial_last:H:k1,0.2,1.25,1.25,1.0,0.2,1.0,0.2599999999999999,0.0,0.2
1,0,0,exposed_vote:H:k2,0.20000000000000004,1.5,1.5,1.0000000000000002,0.20000000000000004,1.0000000000000002,0.3500000000000001,0.0,0.20000000000000004
1,0,0,blind_vote:H:k2,0.046,1.6,1.6,0.6500000000000001,0.001999999999999999,0.009999999999999995,0.0,0.0,0.001999999999999999
1,0,0,echo_gate:H:k2,0.19999999999999998,1.4999999999999998,2.5,1.0000000000000002,0.20000000000000004,1.0000000000000002,0.3500000000000001,-2.220446049250313e-16,0.20000000000000004
1,0,0,blind_gate:H:k2,0.07199999999999998,1.95,2.6,0.6500000000000001,0.001999999999999999,0.009999999999999995,0.0,0.34999999999999987,0.001999999999999999
1,0,0,audit_gate:H:k2,0.19999999999999998,1.7499999999999998,2.5,1.0000000000000002,0.20000000000000004,1.0000000000000002,0.3500000000000001,0.24999999999999978,0.15000000000000002
1,0,0,serial_last:H:k2,0.1,1.5,1.5,0.7400000000000001,0.019999999999999997,0.09999999999999998,0.08999999999999997,0.0,0.019999999999999997
1,0,0,exposed_vote:H:k3,0.2,1.75,1.75,1.0,0.2,1.0,0.41659999999999997,0.0,0.2
1,0,0,blind_vote:H:k3,0.041499999999999995,1.9,1.9,0.5834,0.00019999999999999987,0.0009999999999999994,0.0,0.0,0.00019999999999999987
1,0,0,echo_gate:H:k3,0.2,1.75,2.75,1.0,0.2,1.0,0.41659999999999997,0.0,0.2
1,0,0,blind_gate:H:k3,0.08352000000000001,2.3165999999999998,2.9,0.5834,0.00019999999999999987,0.0009999999999999994,0.0,0.41659999999999997,0.00019999999999999987
1,0,0,audit_gate:H:k3,0.2,2.0,2.75,1.0,0.2,1.0,0.41659999999999997,0.25,0.15000000000000002
1,0,0,serial_last:H:k3,0.1,1.75,1.75,0.65,0.001999999999999999,0.009999999999999995,0.06659999999999999,0.0,0.001999999999999999
1,0,0,exposed_vote:H:k4,0.2,2.0,2.0,1.0,0.2,1.0,0.47509999999999997,0.0,0.2
1,0,0,blind_vote:H:k4,0.013419999999999994,2.2,2.2,0.5249,1.9999999999999985e-05,9.999999999999992e-05,0.0,0.0,1.9999999999999985e-05
1,0,0,echo_gate:H:k4,0.2,2.0,3.0,1.0,0.2,1.0,0.47509999999999997,0.0,0.2
1,0,0,blind_gate:H:k4,0.09504,2.6751,3.2,0.5249,1.9999999999999985e-05,9.999999999999992e-05,0.0,0.47509999999999997,1.9999999999999985e-05
1,0,0,audit_gate:H:k4,0.2,2.25,3.0,1.0,0.2,1.0,0.47509999999999997,0.25,0.15000000000000002
1,0,0,serial_last:H:k4,0.1,2.0,2.0,0.5834,0.00019999999999999987,0.0009999999999999994,0.058499999999999996,0.0,0.00019999999999999987
1,0,0,exposed_vote:H:k5,0.2,2.25,2.25,1.0,0.2,1.0,0.5276059999999999,0.0,0.2
1,0,0,blind_vote:H:k5,0.012609999999999993,2.5,2.5,0.4723940000000001,1.999999999999998e-06,9.999999999999989e-06,0.0,0.0,1.999999999999998e-06
1,0,0,echo_gate:H:k5,0.2,2.25,3.25,1.0,0.2,1.0,0.5276059999999999,0.0,0.2
1,0,0,blind_gate:H:k5,0.10552319999999998,3.027606,3.5,0.4723940000000001,1.999999999999998e-06,9.999999999999989e-06,0.0,0.5276059999999999,1.999999999999998e-06
1,0,0,audit_gate:H:k5,0.2,2.5,3.25,1.0,0.2,1.0,0.5276059999999999,0.25,0.15000000000000002
1,0,0,serial_last:H:k5,0.1,2.25,2.25,0.5249,1.9999999999999985e-05,9.999999999999992e-05,0.05250599999999994,0.0,1.9999999999999985e-05
1,0,0,exposed_vote:H:k6,0.2,2.5,2.5,1.0,0.2,1.0,0.5748469999999999,0.0,0.2
1,0,0,blind_vote:H:k6,0.004185999999999997,2.8,2.8,0.42515300000000006,1.9999999999999975e-07,9.999999999999987e-07,0.0,0.0,1.9999999999999975e-07
1,0,0,echo_gate:H:k6,0.2,2.5,3.5,1.0,0.2,1.0,0.5748469999999999,0.0,0.2
1,0,0,blind_gate:H:k6,0.11496959999999999,3.374847,3.8,0.42515300000000006,1.9999999999999975e-07,9.999999999999987e-07,0.0,0.5748469999999999,1.9999999999999975e-07
1,0,0,audit_gate:H:k6,0.2,2.75,3.5,1.0,0.2,1.0,0.5748469999999999,0.25,0.15000000000000002
1,0,0,serial_last:H:k6,0.1,2.5,2.5,0.47239400000000004,1.999999999999998e-06,9.999999999999989e-06,0.04724099999999998,0.0,1.999999999999998e-06
1,0,0,exposed_vote:H:k7,0.2,2.75,2.75,1.0,0.2,1.0,0.61736246,0.0,0.2
1,0,0,blind_vote:H:k7,0.004003749999999998,3.1,3.1,0.38263754000000005,1.999999999999997e-08,9.999999999999985e-08,0.0,0.0,1.999999999999997e-08
1,0,0,echo_gate:H:k7,0.2,2.75,3.75,1.0,0.2,1.0,0.61736246,0.0,0.2
1,0,0,blind_gate:H:k7,0.12347251199999999,3.71736246,4.1,0.38263754000000005,1.999999999999997e-08,9.999999999999985e-08,0.0,0.61736246,1.999999999999997e-08
1,0,0,audit_gate:H:k7,0.2,3.0,3.75,1.0,0.2,1.0,0.61736246,0.25,0.15000000000000002
1,0,0,serial_last:H:k7,0.1,2.75,2.75,0.42515300000000006,1.9999999999999973e-07,9.999999999999985e-07,0.042515460000000005,0.0,1.9999999999999973e-07
1,0,0,exposed_vote:A:k1,0.1,0.5,0.5,0.8200000000000001,0.009999999999999998,0.09999999999999998,0.0,0.0,0.009999999999999998
1,0,0,blind_vote:A:k1,0.1,0.55,0.55,0.8200000000000001,0.009999999999999998,0.09999999999999998,0.0,0.0,0.009999999999999998
1,0,0,echo_gate:A:k1,0.045999999999999985,0.6799999999999999,1.5,0.8200000000000001,0.009999999999999998,0.09999999999999998,0.0,0.17999999999999994,0.009999999999999998
1,0,0,blind_gate:A:k1,0.045999999999999985,0.73,1.55,0.8200000000000001,0.009999999999999998,0.09999999999999998,0.0,0.17999999999999994,0.009999999999999998
1,0,0,audit_gate:A:k1,0.0845,0.885,1.5,0.8200000000000001,0.009999999999999998,0.09999999999999998,0.0,0.385,0.007499999999999999
1,0,0,serial_last:A:k1,0.1,0.5,0.5,0.8200000000000001,0.009999999999999998,0.09999999999999998,0.0,0.0,0.009999999999999998
1,0,0,exposed_vote:A:k2,0.027999999999999997,0.75,0.75,0.7300000000000001,0.0009999999999999996,0.009999999999999995,0.0,0.0,0.0009999999999999996
1,0,0,blind_vote:A:k2,0.027999999999999997,0.85,0.85,0.7300000000000001,0.0009999999999999996,0.009999999999999995,0.0,0.0,0.0009999999999999996
1,0,0,echo_gate:A:k2,0.054999999999999986,1.02,1.75,0.7300000000000001,0.0009999999999999996,0.009999999999999995,0.0,0.2699999999999999,0.0009999999999999996
1,0,0,blind_gate:A:k2,0.054999999999999986,1.1199999999999999,1.85,0.7300000000000001,0.0009999999999999996,0.009999999999999995,0.0,0.2699999999999999,0.0009999999999999996
1,0,0,audit_gate:A:k2,0.09124999999999998,1.2025,1.75,0.7300000000000001,0.0009999999999999996,0.009999999999999995,0.0,0.4524999999999999,0.0007499999999999997
1,0,0,serial_last:A:k2,0.1,0.75,0.75,0.7300000000000001,0.0009999999999999996,0.009999999999999995,0.0,0.0,0.0009999999999999996
1,0,0,exposed_vote:A:k3,0.02799999999999999,1.0,1.0,0.6562000000000001,9.999999999999994e-05,0.0009999999999999994,0.0,0.0,9.999999999999994e-05
1,0,0,blind_vote:A:k3,0.02799999999999999,1.15,1.15,0.6562000000000001,9.999999999999994e-05,0.0009999999999999994,0.0,0.0,9.999999999999994e-05
1,0,0,echo_gate:A:k3,0.06885999999999998,1.3437999999999999,2.0,0.6562000000000001,9.999999999999994e-05,0.0009999999999999994,0.0,0.3437999999999999,9.999999999999994e-05
1,0,0,blind_gate:A:k3,0.06885999999999998,1.4937999999999998,2.15,0.6562000000000001,9.999999999999994e-05,0.0009999999999999994,0.0,0.3437999999999999,9.999999999999994e-05
1,0,0,audit_gate:A:k3,0.101645,1.50785,2.0,0.6562000000000001,9.999999999999994e-05,0.0009999999999999994,0.0,0.5078499999999999,7.499999999999995e-05
1,0,0,serial_last:A:k3,0.1,1.0,1.0,0.6562000000000001,9.999999999999994e-05,0.0009999999999999994,0.0,0.0,9.999999999999994e-05
1,0,0,exposed_vote:A:k4,0.008559999999999995,1.25,1.25,0.5905,9.999999999999992e-06,9.999999999999992e-05,0.0,0.0,9.999999999999992e-06
1,0,0,blind_vote:A:k4,0.008559999999999995,1.45,1.45,0.5905,9.999999999999992e-06,9.999999999999992e-05,0.0,0.0,9.999999999999992e-06
1,0,0,echo_gate:A:k4,0.08191,1.6595,2.25,0.5905,9.999999999999992e-06,9.999999999999992e-05,0.0,0.4095,9.999999999999992e-06
1,0,0,blind_gate:A:k4,0.08191,1.8595,2.45,0.5905,9.999999999999992e-06,9.999999999999992e-05,0.0,0.4095,9.999999999999992e-06
1,0,0,audit_gate:A:k4,0.11143249999999999,1.807125,2.25,0.5905,9.999999999999992e-06,9.999999999999992e-05,0.0,0.557125,7.499999999999994e-06
1,0,0,serial_last:A:k4,0.1,1.25,1.25,0.5905,9.999999999999992e-06,9.999999999999992e-05,0.0,0.0,9.999999999999992e-06
1,0,0,exposed_vote:A:k5,0.008559999999999996,1.5,1.5,0.5314420000000001,9.99999999999999e-07,9.999999999999989e-06,0.0,0.0,9.99999999999999e-07
1,0,0,blind_vote:A:k5,0.008559999999999996,1.75,1.75,0.5314420000000001,9.99999999999999e-07,9.999999999999989e-06,0.0,0.0,9.99999999999999e-07
1,0,0,echo_gate:A:k5,0.0937126,1.9685579999999998,2.5,0.5314420000000001,9.99999999999999e-07,9.999999999999989e-06,0.0,0.4685579999999999,9.99999999999999e-07
1,0,0,blind_gate:A:k5,0.0937126,2.218558,2.75,0.5314420000000001,9.99999999999999e-07,9.999999999999989e-06,0.0,0.4685579999999999,9.99999999999999e-07
1,0,0,audit_gate:A:k5,0.12028444999999999,2.1014185,2.5,0.5314420000000001,9.99999999999999e-07,9.999999999999989e-06,0.0,0.6014185,7.499999999999992e-07
1,0,0,serial_last:A:k5,0.1,1.5,1.5,0.5314420000000001,9.99999999999999e-07,9.999999999999989e-06,0.0,0.0,9.99999999999999e-07
1,0,0,exposed_vote:A:k6,0.0027279999999999982,1.75,1.75,0.4782970000000001,9.999999999999988e-08,9.999999999999987e-07,0.0,0.0,9.999999999999988e-08
1,0,0,blind_vote:A:k6,0.0027279999999999982,2.05,2.05,0.4782970000000001,9.999999999999988e-08,9.999999999999987e-07,0.0,0.0,9.999999999999988e-08
1,0,0,echo_gate:A:k6,0.1043407,2.271703,2.75,0.4782970000000001,9.999999999999988e-08,9.999999999999987e-07,0.0,0.5217029999999999,9.999999999999988e-08
1,0,0,blind_gate:A:k6,0.1043407,2.571703,3.05,0.4782970000000001,9.999999999999988e-08,9.999999999999987e-07,0.0,0.5217029999999999,9.999999999999988e-08
1,0,0,audit_gate:A:k6,0.12825552499999998,2.39127725,2.75,0.4782970000000001,9.999999999999988e-08,9.999999999999987e-07,0.0,0.6412772499999999,7.49999999999999e-08
1,0,0,serial_last:A:k6,0.1,1.75,1.75,0.4782970000000001,9.999999999999988e-08,9.999999999999987e-07,0.0,0.0,9.999999999999988e-08
1,0,0,exposed_vote:A:k7,0.0027279999999999982,2.0,2.0,0.4304672200000001,9.999999999999985e-09,9.999999999999985e-08,0.0,0.0,9.999999999999985e-09
1,0,0,blind_vote:A:k7,0.0027279999999999982,2.35,2.35,0.4304672200000001,9.999999999999985e-09,9.999999999999985e-08,0.0,0.0,9.999999999999985e-09
1,0,0,echo_gate:A:k7,0.11390656599999997,2.56953278,3.0,0.4304672200000001,9.999999999999985e-09,9.999999999999985e-08,0.0,0.5695327799999998,9.999999999999985e-09
1,0,0,blind_gate:A:k7,0.11390656599999997,2.91953278,3.35,0.4304672200000001,9.999999999999985e-09,9.999999999999985e-08,0.0,0.5695327799999998,9.999999999999985e-09
1,0,0,audit_gate:A:k7,0.13542992450000002,2.677149585,3.0,0.4304672200000001,9.999999999999985e-09,9.999999999999985e-08,0.0,0.677149585,7.49999999999999e-09
1,0,0,serial_last:A:k7,0.1,2.0,2.0,0.4304672200000001,9.999999999999985e-09,9.999999999999985e-08,0.0,0.0,9.999999999999985e-09
1,0,0.5,alone:H:k0,0.2,1.0,1.0,1.0,0.2,1.0,0.0,0.0,0.2
1,0,0.5,alone:A:k0,0.1,0.25,0.25,1.0,0.1,1.0,0.0,0.0,0.1
1,0,0.5,exposed_vote:H:k1,0.2,1.25,1.25,1.0,0.2,1.0,0.2599999999999999,0.0,0.2
1,0,0.5,blind_vote:H:k1,0.15000000000000002,1.3,1.3,0.7400000000000001,0.02,0.09999999999999999,0.0,0.0,0.02
1,0,0.5,echo_gate:H:k1,0.2,1.25,2.25,1.0,0.2,1.0,0.2599999999999999,0.0,0.2
1,0,0.5,blind_gate:H:k1,0.07199999999999998,1.56,2.3,0.7400000000000001,0.02,0.09999999999999999,0.0,0.2599999999999999,0.02
1,0,0.5,audit_gate:H:k1,0.2,1.5,2.25,1.0,0.2,1.0,0.2599999999999999,0.25,0.15000000000000002
1,0,0.5,serial_last:H:k1,0.2,1.25,1.25,1.0,0.2,1.0,0.2599999999999999,0.0,0.2
1,0,0.5,exposed_vote:H:k2,0.2,1.5,1.5,1.0,0.2,1.0,0.30499999999999994,0.0,0.2
1,0,0.5,blind_vote:H:k2,0.07300000000000001,1.6,1.6,0.6950000000000001,0.011000000000000001,0.055,0.0,0.0,0.011000000000000001
1,0,0.5,echo_gate:H:k2,0.2,1.5,2.5,1.0,0.2,1.0,0.30499999999999994,0.0,0.2
1,0,0.5,blind_gate:H:k2,0.072,1.905,2.6,0.6950000000000001,0.011000000000000001,0.055,0.0,0.30499999999999994,0.011000000000000001
1,0,0.5,audit_gate:H:k2,0.2,1.75,2.5,1.0,0.2,1.0,0.30499999999999994,0.25,0.15000000000000002
1,0,0.5,serial_last:H:k2,0.1,1.5,1.5,0.74,0.02,0.09999999999999999,0.04499999999999993,0.0,0.02
1,0,0.5,exposed_vote:H:k3,0.2,1.75,1.75,1.0,0.2,1.0,0.33829999999999993,0.0,0.2
1,0,0.5,blind_vote:H:k3,0.07075000000000001,1.9,1.9,0.6617000000000001,0.010100000000000001,0.0505,0.0,0.0,0.010100000000000001
1,0,0.5,echo_gate:H:k3,0.2,1.75,2.75,1.0,0.2,1.0,0.33829999999999993,0.0,0.2
1,0,0.5,blind_gate:H:k3,0.07775999999999998,2.2382999999999997,2.9,0.6617000000000001,0.010100000000000001,0.0505,0.0,0.33829999999999993,0.010100000000000001
1,0,0.5,audit_gate:H:k3,0.2,2.0,2.75,1.0,0.2,1.0,0.33829999999999993,0.25,0.15000000000000002
1,0,0.5,serial_last:H:k3,0.1,1.75,1.75,0.6950000000000001,0.011000000000000001,0.055,0.033299999999999996,0.0,0.011000000000000001
1,0,0.5,exposed_vote:H:k4,0.2,2.0,2.0,1.0,0.2,1.0,0.36754999999999993,0.0,0.2
1,0,0.5,blind_vote:H:k4,0.05671,2.2,2.2,0.6324500000000001,0.010010000000000002,0.050050000000000004,0.0,0.0,0.010010000000000002
1,0,0.5,echo_gate:H:k4,0.2,2.0,3.0,1.0,0.2,1.0,0.36754999999999993,0.0,0.2
1,0,0.5,blind_gate:H:k4,0.08352,2.56755,3.2,0.6324500000000001,0.010010000000000002,0.050050000000000004,0.0,0.36754999999999993,0.010010000000000002
1,0,0.5,audit_gate:H:k4,0.2,2.25,3.0,1.0,0.2,1.0,0.36754999999999993,0.25,0.15000000000000002
1,0,0.5,serial_last:H:k4,0.1,2.0,2.0,0.6617000000000001,0.010100000000000001,0.0505,0.029249999999999998,0.0,0.010100000000000001
1,0,0.5,exposed_vote:H:k5,0.2,2.25,2.25,1.0,0.2,1.0,0.3938029999999999,0.0,0.2
1,0,0.5,blind_vote:H:k5,0.056305,2.5,2.5,0.6061970000000001,0.010001000000000001,0.050005,0.0,0.0,0.010001000000000001
1,0,0.5,echo_gate:H:k5,0.2,2.25,3.25,1.0,0.2,1.0,0.3938029999999999,0.0,0.2
1,0,0.5,blind_gate:H:k5,0.08876159999999998,2.893803,3.5,0.6061970000000001,0.010001000000000001,0.050005,0.0,0.3938029999999999,0.010001000000000001
1,0,0.5,audit_gate:H:k5,0.2,2.5,3.25,1.0,0.2,1.0,0.3938029999999999,0.25,0.15000000000000002
1,0,0.5,serial_last:H:k5,0.1,2.25,2.25,0.6324500000000001,0.010010000000000002,0.050050000000000004,0.02625299999999997,0.0,0.010010000000000002
1,0,0.5,exposed_vote:H:k6,0.19999999999999998,2.5,2.5,1.0,0.19999999999999998,0.9999999999999999,0.41742350000000006,0.0,0.19999999999999998
1,0,0.5,blind_vote:H:k6,0.052093,2.8,2.8,0.5825764999999999,0.010000100000000001,0.0500005,0.0,0.0,0.010000100000000001
1,0,0.5,echo_gate:H:k6,0.19999999999999998,2.5,3.5,1.0,0.19999999999999998,0.9999999999999999,0.41742350000000006,0.0,0.19999999999999998
1,0,0.5,blind_gate:H:k6,0.09348480000000002,3.2174234999999998,3.8,0.5825764999999999,0.010000100000000001,0.0500005,0.0,0.41742350000000006,0.010000100000000001
1,0,0.5,audit_gate:H:k6,0.2,2.75,3.5,1.0,0.19999999999999998,0.9999999999999999,0.41742350000000006,0.25,0.15
1,0,0.5,serial_last:H:k6,0.1,2.5,2.5,0.606197,0.010001000000000001,0.050005,0.023620500000000044,0.0,0.010001000000000001
1,0,0.5,exposed_vote:H:k7,0.2,2.75,2.75,1.0,0.2,1.0,0.43868123000000003,0.0,0.2
1,0,0.5,blind_vote:H:k7,0.052001875,3.1,3.1,0.56131877,0.010000010000000002,0.050000050000000004,0.0,0.0,0.010000010000000002
1,0,0.5,echo_gate:H:k7,0.2,2.75,3.75,1.0,0.2,1.0,0.43868123000000003,0.0,0.2
1,0,0.5,blind_gate:H:k7,0.09773625600000002,3.53868123,4.1,0.56131877,0.010000010000000002,0.050000050000000004,0.0,0.43868123000000003,0.010000010000000002
1,0,0.5,audit_gate:H:k7,0.2,3.0,3.75,1.0,0.2,1.0,0.43868123000000003,0.25,0.15000000000000002
1,0,0.5,serial_last:H:k7,0.1,2.75,2.75,0.5825765,0.010000100000000001,0.0500005,0.021257730000000086,0.0,0.010000100000000001
1,0,0.5,exposed_vote:A:k1,0.09999999999999999,0.5,0.5,0.91,0.055,0.5499999999999999,0.0,0.0,0.055
1,0,0.5,blind_vote:A:k1,0.09999999999999999,0.55,0.55,0.91,0.055,0.5499999999999999,0.0,0.0,0.055
1,0,0.5,echo_gate:A:k1,0.073,0.59,1.5,0.91,0.055,0.5499999999999999,0.0,0.08999999999999997,0.055
1,0,0.5,blind_gate:A:k1,0.073,0.64,1.55,0.91,0.055,0.5499999999999999,0.0,0.08999999999999997,0.055
1,0,0.5,audit_gate:A:k1,0.10475000000000001,0.8175,1.5,0.91,0.055,0.5499999999999999,0.0,0.3175,0.04125
1,0,0.5,serial_last:A:k1,0.1,0.5,0.5,0.91,0.055,0.5499999999999999,0.0,0.0,0.055
1,0,0.5,exposed_vote:A:k2,0.064,0.75,0.75,0.865,0.0505,0.505,0.0,0.0,0.0505
1,0,0.5,blind_vote:A:k2,0.064,0.85,0.85,0.865,0.0505,0.505,0.0,0.0,0.0505
1,0,0.5,echo_gate:A:k2,0.07750000000000001,0.885,1.75,0.865,0.0505,0.505,0.0,0.135,0.0505
1,0,0.5,blind_gate:A:k2,0.07750000000000001,0.985,1.85,0.865,0.0505,0.505,0.0,0.135,0.0505
1,0,0.5,audit_gate:A:k2,0.10812500000000003,1.10125,1.75,0.865,0.0505,0.505,0.0,0.35125000000000006,0.037875000000000006
1,0,0.5,serial_last:A:k2,0.1,0.75,0.75,0.865,0.0505,0.505,0.0,0.0,0.0505
1,0,0.5,exposed_vote:A:k3,0.064,1.0,1.0,0.8281000000000002,0.050050000000000004,0.5005000000000001,0.0,0.0,0.050050000000000004
1,0,0.5,blind_vote:A:k3,0.064,1.15,1.15,0.8281000000000002,0.050050000000000004,0.5005000000000001,0.0,0.0,0.050050000000000004
1,0,0.5,echo_gate:A:k3,0.08442999999999998,1.1719,2.0,0.8281000000000002,0.050050000000000004,0.5005000000000001,0.0,0.17189999999999983,0.050050000000000004
1,0,0.5,blind_gate:A:k3,0.08442999999999998,1.3218999999999999,2.15,0.8281000000000002,0.050050000000000004,0.5005000000000001,0.0,0.17189999999999983,0.050050000000000004
1,0,0.5,audit_gate:A:k3,0.11332249999999998,1.3789249999999997,2.0,0.8281000000000002,0.050050000000000004,0.5005000000000001,0.0,0.37892499999999985,0.0375375
1,0,0.5,serial_last:A:k3,0.1,1.0,1.0,0.8281000000000002,0.050050000000000004,0.5005000000000001,0.0,0.0,0.050050000000000004
1,0,0.5,exposed_vote:A:k4,0.05428,1.25,1.25,0.79525,0.050005,0.50005,0.0,0.0,0.050005
1,0,0.5,blind_vote:A:k4,0.05428,1.45,1.45,0.79525,0.050005,0.50005,0.0,0.0,0.050005
1,0,0.5,echo_gate:A:k4,0.09095500000000001,1.45475,2.25,0.79525,0.050005,0.50005,0.0,0.20475,0.050005
1,0,0.5,blind_gate:A:k4,0.09095500000000001,1.65475,2.45,0.79525,0.050005,0.50005,0.0,0.20475,0.050005
1,0,0.5,audit_gate:A:k4,0.11821625000000002,1.6535625,2.25,0.79525,0.050005,0.50005,0.0,0.40356250000000005,0.03750375
1,0,0.5,serial_last:A:k4,0.1,1.25,1.25,0.79525,0.050005,0.50005,0.0,0.0,0.050005
1,0,0.5,exposed_vote:A:k5,0.05428,1.5,1.5,0.765721,0.0500005,0.500005,0.0,0.0,0.0500005
1,0,0.5,blind_vote:A:k5,0.05428,1.75,1.75,0.765721,0.0500005,0.500005,0.0,0.0,0.0500005
1,0,0.5,echo_gate:A:k5,0.0968563,1.734279,2.5,0.765721,0.0500005,0.500005,0.0,0.23427900000000002,0.0500005
1,0,0.5,blind_gate:A:k5,0.0968563,1.984279,2.75,0.765721,0.0500005,0.500005,0.0,0.23427900000000002,0.0500005
1,0,0.5,audit_gate:A:k5,0.12264222500000002,1.9257092500000002,2.5,0.765721,0.0500005,0.500005,0.0,0.42570925000000004,0.037500375
1,0,0.5,serial_last:A:k5,0.1,1.5,1.5,0.765721,0.0500005,0.500005,0.0,0.0,0.0500005
1,0,0.5,exposed_vote:A:k6,0.051364,1.75,1.75,0.7391485,0.050000050000000004,0.5000005,0.0,0.0,0.050000050000000004
1,0,0.5,blind_vote:A:k6,0.051364,2.05,2.05,0.7391485,0.050000050000000004,0.5000005,0.0,0.0,0.050000050000000004
1,0,0.5,echo_gate:A:k6,0.10217035000000001,2.0108515000000002,2.75,0.7391485,0.050000050000000004,0.5000005,0.0,0.2608515,0.050000050000000004
1,0,0.5,blind_gate:A:k6,0.10217035000000001,2.3108515,3.05,0.7391485,0.050000050000000004,0.5000005,0.0,0.2608515,0.050000050000000004
1,0,0.5,audit_gate:A:k6,0.1266277625,2.195638625,2.75,0.7391485,0.050000050000000004,0.5000005,0.0,0.44563862499999995,0.0375000375
1,0,0.5,serial_last:A:k6,0.1,1.75,1.75,0.7391485,0.050000050000000004,0.5000005,0.0,0.0,0.050000050000000004
1,0,0.5,exposed_vote:A:k7,0.05136399999999999,2.0,2.0,0.7152336100000001,0.050000005,0.5000000499999999,0.0,0.0,0.050000005
1,0,0.5,blind_vote:A:k7,0.05136399999999999,2.35,2.35,0.7152336100000001,0.050000005,0.5000000499999999,0.0,0.0,0.050000005
1,0,0.5,echo_gate:A:k7,0.10695328299999998,2.2847663899999997,3.0,0.7152336100000001,0.050000005,0.5000000499999999,0.0,0.2847663899999999,0.050000005
1,0,0.5,blind_gate:A:k7,0.10695328299999998,2.6347663900000002,3.35,0.7152336100000001,0.050000005,0.5000000499999999,0.0,0.2847663899999999,0.050000005
1,0,0.5,audit_gate:A:k7,0.13021496225,2.4635747925,3.0,0.7152336100000001,0.050000005,0.5000000499999999,0.0,0.4635747925,0.03750000375
1,0,0.5,serial_last:A:k7,0.1,2.0,2.0,0.7152336100000001,0.050000005,0.5000000499999999,0.0,0.0,0.050000005
1,0,0.9,alone:H:k0,0.2,1.0,1.0,1.0,0.2,1.0,0.0,0.0,0.2
1,0,0.9,alone:A:k0,0.1,0.25,0.25,1.0,0.1,1.0,0.0,0.0,0.1
1,0,0.9,exposed_vote:H:k1,0.2,1.25,1.25,1.0,0.2,1.0,0.2599999999999999,0.0,0.2
1,0,0.9,blind_vote:H:k1,0.15000000000000002,1.3,1.3,0.7400000000000001,0.020000000000000004,0.10000000000000002,0.0,0.0,0.020000000000000004
1,0,0.9,echo_gate:H:k1,0.2,1.25,2.25,1.0,0.2,1.0,0.2599999999999999,0.0,0.2
1,0,0.9,blind_gate:H:k1,0.07199999999999998,1.56,2.3,0.7400000000000001,0.020000000000000004,0.10000000000000002,0.0,0.2599999999999999,0.020000000000000004
1,0,0.9,audit_gate:H:k1,0.2,1.5,2.25,1.0,0.2,1.0,0.2599999999999999,0.25,0.15000000000000002
1,0,0.9,serial_last:H:k1,0.2,1.25,1.25,1.0,0.2,1.0,0.2599999999999999,0.0,0.2
1,0,0.9,exposed_vote:H:k2,0.20000000000000004,1.5,1.5,1.0,0.20000000000000004,1.0000000000000002,0.2689999999999999,0.0,0.20000000000000004
1,0,0.9,blind_vote:H:k2,0.09460000000000002,1.6,1.6,0.7310000000000001,0.018200000000000004,0.09100000000000001,0.0,0.0,0.018200000000000004
1,0,0.9,echo_gate:H:k2,0.20000000000000004,1.5,2.5,1.0,0.20000000000000004,1.0000000000000002,0.2689999999999999,0.0,0.20000000000000004
1,0,0.9,blind_gate:H:k2,0.072,1.869,2.6,0.7310000000000001,0.018200000000000004,0.09100000000000001,0.0,0.2689999999999999,0.018200000000000004
1,0,0.9,audit_gate:H:k2,0.2,1.75,2.5,1.0,0.20000000000000004,1.0000000000000002,0.2689999999999999,0.25,0.15000000000000002
1,0,0.9,serial_last:H:k2,0.1,1.5,1.5,0.7400000000000001,0.020000000000000004,0.10000000000000002,0.009000000000000008,0.0,0.020000000000000004
1,0,0.9,exposed_vote:H:k3,0.2,1.75,1.75,1.0,0.2,1.0,0.2756599999999999,0.0,0.2
1,0,0.9,blind_vote:H:k3,0.09415000000000001,1.9,1.9,0.7243400000000001,0.018020000000000005,0.09010000000000001,0.0,0.0,0.018020000000000005
1,0,0.9,echo_gate:H:k3,0.2,1.75,2.75,1.0,0.2,1.0,0.2756599999999999,0.0,0.2
1,0,0.9,blind_gate:H:k3,0.073152,2.1756599999999997,2.9,0.7243400000000001,0.018020000000000005,0.09010000000000001,0.0,0.2756599999999999,0.018020000000000005
1,0,0.9,audit_gate:H:k3,0.2,2.0,2.75,1.0,0.2,1.0,0.2756599999999999,0.25,0.15000000000000002
1,0,0.9,serial_last:H:k3,0.1,1.75,1.75,0.7310000000000001,0.018200000000000004,0.09100000000000001,0.006659999999999999,0.0,0.018200000000000004
1,0,0.9,exposed_vote:H:k4,0.2,2.0,2.0,1.0,0.2,1.0,0.28151000000000004,0.0,0.2
1,0,0.9,blind_vote:H:k4,0.09134199999999999,2.2,2.2,0.71849,0.018002,0.09000999999999999,0.0,0.0,0.018002
1,0,0.9,echo_gate:H:k4,0.2,2.0,3.0,1.0,0.2,1.0,0.28151000000000004,0.0,0.2
1,0,0.9,blind_gate:H:k4,0.07430400000000001,2.48151,3.2,0.71849,0.018002,0.09000999999999999,0.0,0.28151000000000004,0.018002
1,0,0.9,audit_gate:H:k4,0.2,2.25,3.0,1.0,0.2,1.0,0.28151000000000004,0.25,0.15000000000000002
1,0,0.9,serial_last:H:k4,0.1,2.0,2.0,0.72434,0.01802,0.0901,0.005850000000000022,0.0,0.01802
1,0,0.9,exposed_vote:H:k5,0.2,2.25,2.25,1.0,0.2,1.0,0.2867605999999999,0.0,0.2
1,0,0.9,blind_vote:H:k5,0.09126100000000002,2.5,2.5,0.7132394000000001,0.018000200000000004,0.09000100000000001,0.0,0.0,0.018000200000000004
1,0,0.9,echo_gate:H:k5,0.2,2.25,3.25,1.0,0.2,1.0,0.2867605999999999,0.0,0.2
1,0,0.9,blind_gate:H:k5,0.07535231999999999,2.7867606,3.5,0.7132394000000001,0.018000200000000004,0.09000100000000001,0.0,0.2867605999999999,0.018000200000000004
1,0,0.9,audit_gate:H:k5,0.2,2.5,3.25,1.0,0.2,1.0,0.2867605999999999,0.25,0.15000000000000002
1,0,0.9,serial_last:H:k5,0.1,2.25,2.25,0.7184900000000001,0.018002000000000004,0.09001000000000002,0.005250599999999994,0.0,0.018002000000000004
1,0,0.9,exposed_vote:H:k6,0.2,2.5,2.5,1.0,0.2,1.0,0.29148469999999993,0.0,0.2
1,0,0.9,blind_vote:H:k6,0.09041860000000002,2.8,2.8,0.7085153000000001,0.018000020000000002,0.0900001,0.0,0.0,0.018000020000000002
1,0,0.9,echo_gate:H:k6,0.2,2.5,3.5,1.0,0.2,1.0,0.29148469999999993,0.0,0.2
1,0,0.9,blind_gate:H:k6,0.07629696,3.0914846999999996,3.8,0.7085153000000001,0.018000020000000002,0.0900001,0.0,0.29148469999999993,0.018000020000000002
1,0,0.9,audit_gate:H:k6,0.2,2.75,3.5,1.0,0.2,1.0,0.29148469999999993,0.25,0.15000000000000002
1,0,0.9,serial_last:H:k6,0.1,2.5,2.5,0.7132394000000001,0.0180002,0.090001,0.004724100000000009,0.0,0.0180002
1,0,0.9,exposed_vote:H:k7,0.20000000000000004,2.75,2.75,1.0,0.20000000000000004,1.0000000000000002,0.2957362459999999,0.0,0.20000000000000004
1,0,0.9,blind_vote:H:k7,0.090400375,3.1,3.1,0.7042637540000001,0.018000002,0.09000001,0.0,0.0,0.018000002
1,0,0.9,echo_gate:H:k7,0.20000000000000004,2.75,3.75,1.0,0.20000000000000004,1.0000000000000002,0.2957362459999999,0.0,0.20000000000000004
1,0,0.9,blind_gate:H:k7,0.07714725119999999,3.3957362460000002,4.1,0.7042637540000001,0.018000002,0.09000001,0.0,0.2957362459999999,0.018000002
1,0,0.9,audit_gate:H:k7,0.2,3.0,3.75,1.0,0.20000000000000004,1.0000000000000002,0.2957362459999999,0.25,0.15000000000000002
1,0,0.9,serial_last:H:k7,0.1,2.75,2.75,0.7085153000000001,0.018000020000000002,0.0900001,0.004251545999999995,0.0,0.018000020000000002
1,0,0.9,exposed_vote:A:k1,0.10000000000000002,0.5,0.5,0.982,0.09100000000000001,0.91,0.0,0.0,0.09100000000000001
1,0,0.9,blind_vote:A:k1,0.10000000000000002,0.55,0.55,0.982,0.09100000000000001,0.91,0.0,0.0,0.09100000000000001
1,0,0.9,echo_gate:A:k1,0.09460000000000002,0.518,1.5,0.982,0.09100000000000001,0.91,0.0,0.018000000000000016,0.09100000000000001
1,0,0.9,blind_gate:A:k1,0.09460000000000002,0.5680000000000001,1.55,0.982,0.09100000000000001,0.91,0.0,0.018000000000000016,0.09100000000000001
1,0,0.9,audit_gate:A:k1,0.12095000000000003,0.7635000000000001,1.5,0.982,0.09100000000000001,0.91,0.0,0.26350000000000007,0.06825
1,0,0.9,serial_last:A:k1,0.1,0.5,0.5,0.982,0.09100000000000001,0.91,0.0,0.0,0.09100000000000001
1,0,0.9,exposed_vote:A:k2,0.09280000000000001,0.75,0.75,0.9730000000000001,0.09010000000000001,0.9010000000000001,0.0,0.0,0.09010000000000001
1,0,0.9,blind_vote:A:k2,0.09280000000000001,0.85,0.85,0.9730000000000001,0.09010000000000001,0.9010000000000001,0.0,0.0,0.09010000000000001
1,0,0.9,echo_gate:A:k2,0.0955,0.7769999999999999,1.75,0.9730000000000001,0.09010000000000001,0.9010000000000001,0.0,0.026999999999999913,0.09010000000000001
1,0,0.9,blind_gate:A:k2,0.0955,0.8769999999999999,1.85,0.9730000000000001,0.09010000000000001,0.9010000000000001,0.0,0.026999999999999913,0.09010000000000001
1,0,0.9,audit_gate:A:k2,0.12162499999999998,1.0202499999999999,1.75,0.9730000000000001,0.09010000000000001,0.9010000000000001,0.0,0.2702499999999999,0.06757500000000001
1,0,0.9,serial_last:A:k2,0.1,0.75,0.75,0.9730000000000001,0.09010000000000001,0.9010000000000001,0.0,0.0,0.09010000000000001
1,0,0.9,exposed_vote:A:k3,0.09280000000000001,1.0,1.0,0.96562,0.09001,0.9001,0.0,0.0,0.09001
1,0,0.9,blind_vote:A:k3,0.09280000000000001,1.15,1.15,0.96562,0.09001,0.9001,0.0,0.0,0.09001
1,0,0.9,echo_gate:A:k3,0.096886,1.03438,2.0,0.96562,0.09001,0.9001,0.0,0.034379999999999966,0.09001
1,0,0.9,blind_gate:A:k3,0.096886,1.18438,2.15,0.96562,0.09001,0.9001,0.0,0.034379999999999966,0.09001
1,0,0.9,audit_gate:A:k3,0.12266449999999998,1.275785,2.0,0.96562,0.09001,0.9001,0.0,0.27578499999999995,0.0675075
1,0,0.9,serial_last:A:k3,0.1,1.0,1.0,0.96562,0.09001,0.9001,0.0,0.0,0.09001
1,0,0.9,exposed_vote:A:k4,0.090856,1.25,1.25,0.9590500000000001,0.09000100000000001,0.9000100000000001,0.0,0.0,0.09000100000000001
1,0,0.9,blind_vote:A:k4,0.090856,1.45,1.45,0.9590500000000001,0.09000100000000001,0.9000100000000001,0.0,0.0,0.09000100000000001
1,0,0.9,echo_gate:A:k4,0.098191,1.29095,2.25,0.9590500000000001,0.09000100000000001,0.9000100000000001,0.0,0.04094999999999993,0.09000100000000001
1,0,0.9,blind_gate:A:k4,0.098191,1.4909499999999998,2.45,0.9590500000000001,0.09000100000000001,0.9000100000000001,0.0,0.04094999999999993,0.09000100000000001
1,0,0.9,audit_gate:A:k4,0.12364325,1.5307125,2.25,0.9590500000000001,0.09000100000000001,0.9000100000000001,0.0,0.2807124999999999,0.06750075000000001
1,0,0.9,serial_last:A:k4,0.1,1.25,1.25,0.9590500000000001,0.09000100000000001,0.9000100000000001,0.0,0.0,0.09000100000000001
1,0,0.9,exposed_vote:A:k5,0.09085600000000002,1.5,1.5,0.9531442000000001,0.09000010000000001,0.900001,0.0,0.0,0.09000010000000001
1,0,0.9,blind_vote:A:k5,0.09085600000000002,1.75,1.75,0.9531442000000001,0.09000010000000001,0.900001,0.0,0.0,0.09000010000000001
1,0,0.9,echo_gate:A:k5,0.09937125999999999,1.5468558,2.5,0.9531442000000001,0.09000010000000001,0.900001,0.0,0.04685579999999989,0.09000010000000001
1,0,0.9,blind_gate:A:k5,0.09937125999999999,1.7968558,2.75,0.9531442000000001,0.09000010000000001,0.900001,0.0,0.04685579999999989,0.09000010000000001
1,0,0.9,audit_gate:A:k5,0.12452844499999999,1.78514185,2.5,0.9531442000000001,0.09000010000000001,0.900001,0.0,0.2851418499999999,0.067500075
1,0,0.9,serial_last:A:k5,0.1,1.5,1.5,0.9531442000000001,0.09000010000000001,0.900001,0.0,0.0,0.09000010000000001
1,0,0.9,exposed_vote:A:k6,0.09027279999999999,1.75,1.75,0.9478297000000001,0.09000001,0.9000001,0.0,0.0,0.09000001
1,0,0.9,blind_vote:A:k6,0.09027279999999999,2.05,2.05,0.9478297000000001,0.09000001,0.9000001,0.0,0.0,0.09000001
1,0,0.9,echo_gate:A:k6,0.10043406999999999,1.8021702999999998,2.75,0.9478297000000001,0.09000001,0.9000001,0.0,0.05217029999999989,0.09000001
1,0,0.9,blind_gate:A:k6,0.10043406999999999,2.1021702999999996,3.05,0.9478297000000001,0.09000001,0.9000001,0.0,0.05217029999999989,0.09000001
1,0,0.9,audit_gate:A:k6,0.1253255525,2.039127725,2.75,0.9478297000000001,0.09000001,0.9000001,0.0,0.28912772499999995,0.0675000075
1,0,0.9,serial_last:A:k6,0.1,1.75,1.75,0.9478297000000001,0.09000001,0.9000001,0.0,0.0,0.09000001
1,0,0.9,exposed_vote:A:k7,0.09027280000000003,2.0,2.0,0.9430467220000001,0.09000000100000001,0.9000000100000001,0.0,0.0,0.09000000100000001
1,0,0.9,blind_vote:A:k7,0.09027280000000003,2.35,2.35,0.9430467220000001,0.09000000100000001,0.9000000100000001,0.0,0.0,0.09000000100000001
1,0,0.9,echo_gate:A:k7,0.1013906566,2.056953278,3.0,0.9430467220000001,0.09000000100000001,0.9000000100000001,0.0,0.05695327799999994,0.09000000100000001
1,0,0.9,blind_gate:A:k7,0.1013906566,2.406953278,3.35,0.9430467220000001,0.09000000100000001,0.9000000100000001,0.0,0.05695327799999994,0.09000000100000001
1,0,0.9,audit_gate:A:k7,0.12604299245,2.2927149585,3.0,0.9430467220000001,0.09000000100000001,0.9000000100000001,0.0,0.29271495849999996,0.06750000075000001
1,0,0.9,serial_last:A:k7,0.1,2.0,2.0,0.9430467220000001,0.09000000100000001,0.9000000100000001,0.0,0.0,0.09000000100000001
1,0.2,0,alone:H:k0,0.2,1.0,1.0,1.0,0.2,1.0,0.0,0.0,0.2
1,0.2,0,alone:A:k0,0.1,0.25,0.25,1.0,0.1,1.0,0.0,0.0,0.1
1,0.2,0,exposed_vote:H:k1,0.2,1.25,1.25,1.0,0.2,1.0,0.2599999999999999,0.0,0.2
1,0.2,0,blind_vote:H:k1,0.15000000000000002,1.3,1.3,0.7400000000000001,0.019999999999999997,0.09999999999999998,0.0,0.0,0.019999999999999997
1,0.2,0,echo_gate:H:k1,0.2,1.25,2.25,1.0,0.2,1.0,0.2599999999999999,0.0,0.2
1,0.2,0,blind_gate:H:k1,0.07199999999999998,1.56,2.3,0.7400000000000001,0.019999999999999997,0.09999999999999998,0.0,0.2599999999999999,0.019999999999999997
1,0.2,0,audit_gate:H:k1,0.2,1.5,2.25,1.0,0.2,1.0,0.2599999999999999,0.25,0.15000000000000002
1,0.2,0,serial_last:H:k1,0.2,1.25,1.25,1.0,0.2,1.0,0.2599999999999999,0.0,0.2
1,0.2,0,exposed_vote:H:k2,0.20000000000000004,1.5,1.5,1.0000000000000002,0.20000000000000004,1.0000000000000002,0.3500000000000001,0.0,0.20000000000000004
1,0.2,0,blind_vote:H:k2,0.046,1.6,1.6,0.6500000000000001,0.001999999999999999,0.009999999999999995,0.0,0.0,0.001999999999999999
1,0.2,0,echo_gate:H:k2,0.19999999999999998,1.4999999999999998,2.5,1.0000000000000002,0.20000000000000004,1.0000000000000002,0.3500000000000001,-2.220446049250313e-16,0.20000000000000004
1,0.2,0,blind_gate:H:k2,0.07199999999999998,1.95,2.6,0.6500000000000001,0.001999999999999999,0.009999999999999995,0.0,0.34999999999999987,0.001999999999999999
1,0.2,0,audit_gate:H:k2,0.19999999999999998,1.7499999999999998,2.5,1.0000000000000002,0.20000000000000004,1.0000000000000002,0.3500000000000001,0.24999999999999978,0.15000000000000002
1,0.2,0,serial_last:H:k2,0.12000000000000001,1.5,1.5,0.7920000000000001,0.056,0.27999999999999997,0.14200000000000002,0.0,0.056
1,0.2,0,exposed_vote:H:k3,0.2,1.75,1.75,1.0,0.2,1.0,0.41659999999999997,0.0,0.2
1,0.2,0,blind_vote:H:k3,0.041499999999999995,1.9,1.9,0.5834,0.00019999999999999987,0.0009999999999999994,0.0,0.0,0.00019999999999999987
1,0.2,0,echo_gate:H:k3,0.2,1.75,2.75,1.0,0.2,1.0,0.41659999999999997,0.0,0.2
1,0.2,0,blind_gate:H:k3,0.08352000000000001,2.3165999999999998,2.9,0.5834,0.00019999999999999987,0.0009999999999999994,0.0,0.41659999999999997,0.00019999999999999987
1,0.2,0,audit_gate:H:k3,0.2,2.0,2.75,1.0,0.2,1.0,0.41659999999999997,0.25,0.15000000000000002
1,0.2,0,serial_last:H:k3,0.10400000000000001,1.75,1.75,0.6928000000000001,0.01568,0.0784,0.10940000000000005,0.0,0.01568
1,0.2,0,exposed_vote:H:k4,0.2,2.0,2.0,1.0,0.2,1.0,0.47509999999999997,0.0,0.2
1,0.2,0,blind_vote:H:k4,0.013419999999999994,2.2,2.2,0.5249,1.9999999999999985e-05,9.999999999999992e-05,0.0,0.0,1.9999999999999985e-05
1,0.2,0,echo_gate:H:k4,0.2,2.0,3.0,1.0,0.2,1.0,0.47509999999999997,0.0,0.2
1,0.2,0,blind_gate:H:k4,0.09504,2.6751,3.2,0.5249,1.9999999999999985e-05,9.999999999999992e-05,0.0,0.47509999999999997,1.9999999999999985e-05
1,0.2,0,audit_gate:H:k4,0.2,2.25,3.0,1.0,0.2,1.0,0.47509999999999997,0.25,0.15000000000000002
1,0.2,0,serial_last:H:k4,0.1008,2.0,2.0,0.6273408,0.0043904,0.021952,0.1024408,0.0,0.0043904
1,0.2,0,exposed_vote:H:k5,0.2,2.25,2.25,1.0,0.2,1.0,0.5276059999999999,0.0,0.2
1,0.2,0,blind_vote:H:k5,0.012609999999999993,2.5,2.5,0.4723940000000001,1.999999999999998e-06,9.999999999999989e-06,0.0,0.0,1.999999999999998e-06
1,0.2,0,echo_gate:H:k5,0.2,2.25,3.25,1.0,0.2,1.0,0.5276059999999999,0.0,0.2
1,0.2,0,blind_gate:H:k5,0.10552319999999998,3.027606,3.5,0.4723940000000001,1.999999999999998e-06,9.999999999999989e-06,0.0,0.5276059999999999,1.999999999999998e-06
1,0.2,0,audit_gate:H:k5,0.2,2.5,3.25,1.0,0.2,1.0,0.5276059999999999,0.25,0.15000000000000002
1,0.2,0,serial_last:H:k5,0.10016,2.25,2.25,0.5743436800000001,0.001229312,0.00614656,0.10194968000000004,0.0,0.001229312
1,0.2,0,exposed_vote:H:k6,0.2,2.5,2.5,1.0,0.2,1.0,0.5748469999999999,0.0,0.2
1,0.2,0,blind_vote:H:k6,0.004185999999999997,2.8,2.8,0.42515300000000006,1.9999999999999975e-07,9.999999999999987e-07,0.0,0.0,1.9999999999999975e-07
1,0.2,0,echo_gate:H:k6,0.2,2.5,3.5,1.0,0.2,1.0,0.5748469999999999,0.0,0.2
1,0.2,0,blind_gate:H:k6,0.11496959999999999,3.374847,3.8,0.42515300000000006,1.9999999999999975e-07,9.999999999999987e-07,0.0,0.5748469999999999,1.9999999999999975e-07
1,0.2,0,audit_gate:H:k6,0.2,2.75,3.5,1.0,0.2,1.0,0.5748469999999999,0.25,0.15000000000000002
1,0.2,0,serial_last:H:k6,0.10003200000000001,2.5,2.5,0.52760942592,0.00034420736,0.0017210367999999998,0.10245642591999998,0.0,0.00034420736
1,0.2,0,exposed_vote:H:k7,0.2,2.75,2.75,1.0,0.2,1.0,0.61736246,0.0,0.2
1,0.2,0,blind_vote:H:k7,0.004003749999999998,3.1,3.1,0.38263754000000005,1.999999999999997e-08,9.999999999999985e-08,0.0,0.0,1.999999999999997e-08
1,0.2,0,echo_gate:H:k7,0.2,2.75,3.75,1.0,0.2,1.0,0.61736246,0.0,0.2
1,0.2,0,blind_gate:H:k7,0.12347251199999999,3.71736246,4.1,0.38263754000000005,1.999999999999997e-08,9.999999999999985e-08,0.0,0.61736246,1.999999999999997e-08
1,0.2,0,audit_gate:H:k7,0.2,3.0,3.75,1.0,0.2,1.0,0.61736246,0.25,0.15000000000000002
1,0.2,0,serial_last:H:k7,0.10000640000000001,2.75,2.75,0.48518037913600004,9.637806079999998e-05,0.0004818903039999999,0.10254283913599999,0.0,9.637806079999998e-05
1,0.2,0,exposed_vote:A:k1,0.1,0.5,0.5,0.8560000000000001,0.028,0.27999999999999997,0.03600000000000003,0.0,0.028
1,0.2,0,blind_vote:A:k1,0.1,0.55,0.55,0.8200000000000001,0.009999999999999998,0.09999999999999998,0.0,0.0,0.009999999999999998
1,0.2,0,echo_gate:A:k1,0.05679999999999998,0.6439999999999999,1.5,0.8560000000000001,0.028,0.27999999999999997,0.03600000000000003,0.1439999999999999,0.028
1,0.2,0,blind_gate:A:k1,0.045999999999999985,0.73,1.55,0.8200000000000001,0.009999999999999998,0.09999999999999998,0.0,0.17999999999999994,0.009999999999999998
1,0.2,0,audit_gate:A:k1,0.09259999999999999,0.8579999999999999,1.5,0.8560000000000001,0.028,0.27999999999999997,0.03600000000000003,0.3579999999999999,0.021
1,0.2,0,serial_last:A:k1,0.10000000000000002,0.5,0.5,0.8560000000000001,0.028,0.27999999999999997,0.03600000000000003,0.0,0.028
1,0.2,0,exposed_vote:A:k2,0.05392,0.75,0.75,0.7696000000000001,0.007840000000000001,0.07840000000000001,0.03959999999999997,0.0,0.007840000000000001
1,0.2,0,blind_vote:A:k2,0.027999999999999997,0.85,0.85,0.7300000000000001,0.0009999999999999996,0.009999999999999995,0.0,0.0,0.0009999999999999996
1,0.2,0,echo_gate:A:k2,0.05391999999999999,0.9803999999999999,1.75,0.7696000000000001,0.007840000000000001,0.07840000000000001,0.03959999999999997,0.23039999999999994,0.007840000000000001
1,0.2,0,blind_gate:A:k2,0.054999999999999986,1.1199999999999999,1.85,0.7300000000000001,0.0009999999999999996,0.009999999999999995,0.0,0.2699999999999999,0.0009999999999999996
1,0.2,0,audit_gate:A:k2,0.09043999999999999,1.1728,1.75,0.7696000000000001,0.007840000000000001,0.07840000000000001,0.03959999999999997,0.42279999999999995,0.0058800000000000015
1,0.2,0,serial_last:A:k2,0.1,0.75,0.75,0.7696000000000001,0.007840000000000001,0.07840000000000001,0.03959999999999997,0.0,0.007840000000000001
1,0.2,0,exposed_vote:A:k3,0.049312,1.0,1.0,0.7030144000000002,0.0021952,0.021952,0.046814400000000034,0.0,0.0021952
1,0.2,0,blind_vote:A:k3,0.02799999999999999,1.15,1.15,0.6562000000000001,9.999999999999994e-05,0.0009999999999999994,0.0,0.0,9.999999999999994e-05
1,0.2,0,echo_gate:A:k3,0.06159231999999997,1.2969855999999997,2.0,0.7030144000000002,0.0021952,0.021952,0.046814400000000034,0.29698559999999985,0.0021952
1,0.2,0,blind_gate:A:k3,0.06885999999999998,1.4937999999999998,2.15,0.6562000000000001,9.999999999999994e-05,0.0009999999999999994,0.0,0.3437999999999999,9.999999999999994e-05
1,0.2,0,audit_gate:A:k3,0.09619424,1.4727392,2.0,0.7030144000000002,0.0021952,0.021952,0.046814400000000034,0.4727391999999999,0.0016464000000000001
1,0.2,0,serial_last:A:k3,0.1,1.0,1.0,0.7030144000000002,0.0021952,0.021952,0.046814400000000034,0.0,0.0021952
1,0.2,0,exposed_vote:A:k4,0.03305497600000001,1.25,1.25,0.6453683200000001,0.000614656,0.00614656,0.05486832000000008,0.0,0.000614656
1,0.2,0,blind_vote:A:k4,0.008559999999999995,1.45,1.45,0.5905,9.999999999999992e-06,9.999999999999992e-05,0.0,0.0,9.999999999999992e-06
1,0.2,0,echo_gate:A:k4,0.07154099199999998,1.6046316799999998,2.25,0.6453683200000001,0.000614656,0.00614656,0.05486832000000008,0.3546316799999999,0.000614656
1,0.2,0,blind_gate:A:k4,0.08191,1.8595,2.45,0.5905,9.999999999999992e-06,9.999999999999992e-05,0.0,0.4095,9.999999999999992e-06
1,0.2,0,audit_gate:A:k4,0.103655744,1.76597376,2.25,0.6453683200000001,0.000614656,0.00614656,0.05486832000000008,0.51597376,0.000460992
1,0.2,0,serial_last:A:k4,0.1,1.25,1.25,0.6453683200000001,0.000614656,0.00614656,0.05486832000000008,0.0,0.000614656
1,0.2,0,exposed_vote:A:k5,0.03051873280000001,1.5,1.5,0.5933454745600001,0.00017210368,0.0017210367999999998,0.061903474560000005,0.0,0.00017210368
1,0.2,0,blind_vote:A:k5,0.008559999999999996,1.75,1.75,0.5314420000000001,9.99999999999999e-07,9.999999999999989e-06,0.0,0.0,9.99999999999999e-07
1,0.2,0,echo_gate:A:k5,0.08150300876799998,1.90665452544,2.5,0.5933454745600001,0.00017210368,0.0017210367999999998,0.061903474560000005,0.4066545254399999,0.00017210368
1,0.2,0,blind_gate:A:k5,0.0937126,2.218558,2.75,0.5314420000000001,9.99999999999999e-07,9.999999999999989e-06,0.0,0.4685579999999999,9.99999999999999e-07
1,0.2,0,audit_gate:A:k5,0.11112725657599999,2.05499089408,2.5,0.5933454745600001,0.00017210368,0.0017210367999999998,0.061903474560000005,0.5549908940799999,0.00012907776
1,0.2,0,serial_last:A:k5,0.1,1.5,1.5,0.5933454745600001,0.00017210368,0.0017210367999999998,0.061903474560000005,0.0,0.00017210368
1,0.2,0,exposed_vote:A:k6,0.02244286259200001,1.75,1.75,0.54576769024,4.818903039999999e-05,0.0004818903039999999,0.06747069023999996,0.0,4.818903039999999e-05
1,0.2,0,blind_vote:A:k6,0.0027279999999999982,2.05,2.05,0.4782970000000001,9.999999999999988e-08,9.999999999999987e-07,0.0,0.0,9.999999999999988e-08
1,0.2,0,echo_gate:A:k6,0.0908946509824,2.20423230976,2.75,0.54576769024,4.818903039999999e-05,0.0004818903039999999,0.06747069023999996,0.45423230975999995,4.818903039999999e-05
1,0.2,0,blind_gate:A:k6,0.1043407,2.571703,3.05,0.4782970000000001,9.999999999999988e-08,9.999999999999987e-07,0.0,0.5217029999999999,9.999999999999988e-08
1,0.2,0,audit_gate:A:k6,0.11817098823679999,2.34067423232,2.75,0.54576769024,4.818903039999999e-05,0.0004818903039999999,0.06747069023999996,0.5906742323199999,3.6141772799999996e-05
1,0.2,0,serial_last:A:k6,0.1,1.75,1.75,0.54576769024,4.818903039999999e-05,0.0004818903039999999,0.06747069023999996,0.0,4.818903039999999e-05
1,0.2,0,exposed_vote:A:k7,0.0210397892608,2.0,2.0,0.5020754340413441,1.3492928511999998e-05,0.00013492928511999998,0.07160821404134404,0.0,1.3492928511999998e-05
1,0.2,0,blind_vote:A:k7,0.0027279999999999982,2.35,2.35,0.4304672200000001,9.999999999999985e-09,9.999999999999985e-08,0.0,0.0,9.999999999999985e-09
1,0.2,0,echo_gate:A:k7,0.09959840612024318,2.4979245659586558,3.0,0.5020754340413441,1.3492928511999998e-05,0.00013492928511999998,0.07160821404134404,0.49792456595865586,1.3492928511999998e-05
1,0.2,0,blind_gate:A:k7,0.11390656599999997,2.91953278,3.35,0.4304672200000001,9.999999999999985e-09,9.999999999999985e-08,0.0,0.5695327799999998,9.999999999999985e-09
1,0.2,0,audit_gate:A:k7,0.12469880459018239,2.623443424468992,3.0,0.5020754340413441,1.3492928511999998e-05,0.00013492928511999998,0.07160821404134404,0.6234434244689919,1.0119696383999998e-05
1,0.2,0,serial_last:A:k7,0.1,2.0,2.0,0.5020754340413441,1.3492928511999996e-05,0.00013492928511999995,0.07160821404134404,0.0,1.3492928511999996e-05
1,0.2,0.5,alone:H:k0,0.2,1.0,1.0,1.0,0.2,1.0,0.0,0.0,0.2
1,0.2,0.5,alone:A:k0,0.1,0.25,0.25,1.0,0.1,1.0,0.0,0.0,0.1
1,0.2,0.5,exposed_vote:H:k1,0.2,1.25,1.25,1.0,0.2,1.0,0.2599999999999999,0.0,0.2
1,0.2,0.5,blind_vote:H:k1,0.15000000000000002,1.3,1.3,0.7400000000000001,0.02,0.09999999999999999,0.0,0.0,0.02
1,0.2,0.5,echo_gate:H:k1,0.2,1.25,2.25,1.0,0.2,1.0,0.2599999999999999,0.0,0.2
1,0.2,0.5,blind_gate:H:k1,0.07199999999999998,1.56,2.3,0.7400000000000001,0.02,0.09999999999999999,0.0,0.2599999999999999,0.02
1,0.2,0.5,audit_gate:H:k1,0.2,1.5,2.25,1.0,0.2,1.0,0.2599999999999999,0.25,0.15000000000000002
1,0.2,0.5,serial_last:H:k1,0.2,1.25,1.25,1.0,0.2,1.0,0.2599999999999999,0.0,0.2
1,0.2,0.5,exposed_vote:H:k2,0.2,1.5,1.5,1.0,0.2,1.0,0.30499999999999994,0.0,0.2
1,0.2,0.5,blind_vote:H:k2,0.07300000000000001,1.6,1.6,0.6950000000000001,0.011000000000000001,0.055,0.0,0.0,0.011000000000000001
1,0.2,0.5,echo_gate:H:k2,0.2,1.5,2.5,1.0,0.2,1.0,0.30499999999999994,0.0,0.2
1,0.2,0.5,blind_gate:H:k2,0.072,1.905,2.6,0.6950000000000001,0.011000000000000001,0.055,0.0,0.30499999999999994,0.011000000000000001
1,0.2,0.5,audit_gate:H:k2,0.2,1.75,2.5,1.0,0.2,1.0,0.30499999999999994,0.25,0.15000000000000002
1,0.2,0.5,serial_last:H:k2,0.12000000000000001,1.5,1.5,0.792,0.056,0.27999999999999997,0.09699999999999998,0.0,0.056
1,0.2,0.5,exposed_vote:H:k3,0.2,1.75,1.75,1.0,0.2,1.0,0.33829999999999993,0.0,0.2
1,0.2,0.5,blind_vote:H:k3,0.07075000000000001,1.9,1.9,0.6617000000000001,0.010100000000000001,0.0505,0.0,0.0,0.010100000000000001
1,0.2,0.5,echo_gate:H:k3,0.2,1.75,2.75,1.0,0.2,1.0,0.33829999999999993,0.0,0.2
1,0.2,0.5,blind_gate:H:k3,0.07775999999999998,2.2382999999999997,2.9,0.6617000000000001,0.010100000000000001,0.0505,0.0,0.33829999999999993,0.010100000000000001
1,0.2,0.5,audit_gate:H:k3,0.2,2.0,2.75,1.0,0.2,1.0,0.33829999999999993,0.25,0.15000000000000002
1,0.2,0.5,serial_last:H:k3,0.10400000000000001,1.75,1.75,0.7216,0.02144,0.1072,0.05989999999999995,0.0,0.02144
1,0.2,0.5,exposed_vote:H:k4,0.2,2.0,2.0,1.0,0.2,1.0,0.36754999999999993,0.0,0.2
1,0.2,0.5,blind_vote:H:k4,0.05671,2.2,2.2,0.6324500000000001,0.010010000000000002,0.050050000000000004,0.0,0.0,0.010010000000000002
1,0.2,0.5,echo_gate:H:k4,0.2,2.0,3.0,1.0,0.2,1.0,0.36754999999999993,0.0,0.2
1,0.2,0.5,blind_gate:H:k4,0.08352,2.56755,3.2,0.6324500000000001,0.010010000000000002,0.050050000000000004,0.0,0.36754999999999993,0.010010000000000002
1,0.2,0.5,audit_gate:H:k4,0.2,2.25,3.0,1.0,0.2,1.0,0.36754999999999993,0.25,0.15000000000000002
1,0.2,0.5,serial_last:H:k4,0.1008,2.0,2.0,0.6847104000000002,0.012915200000000002,0.06457600000000001,0.052260400000000096,0.0,0.012915200000000002
1,0.2,0.5,exposed_vote:H:k5,0.2,2.25,2.25,1.0,0.2,1.0,0.3938029999999999,0.0,0.2
1,0.2,0.5,blind_vote:H:k5,0.056305,2.5,2.5,0.6061970000000001,0.010001000000000001,0.050005,0.0,0.0,0.010001000000000001
1,0.2,0.5,echo_gate:H:k5,0.2,2.25,3.25,1.0,0.2,1.0,0.3938029999999999,0.0,0.2
1,0.2,0.5,blind_gate:H:k5,0.08876159999999998,2.893803,3.5,0.6061970000000001,0.010001000000000001,0.050005,0.0,0.3938029999999999,0.010001000000000001
1,0.2,0.5,audit_gate:H:k5,0.2,2.5,3.25,1.0,0.2,1.0,0.3938029999999999,0.25,0.15000000000000002
1,0.2,0.5,serial_last:H:k5,0.10016,2.25,2.25,0.65737984,0.010758656,0.05379328,0.05118283999999995,0.0,0.010758656
1,0.2,0.5,exposed_vote:H:k6,0.19999999999999998,2.5,2.5,1.0,0.19999999999999998,0.9999999999999999,0.41742350000000006,0.0,0.19999999999999998
1,0.2,0.5,blind_vote:H:k6,0.052093,2.8,2.8,0.5825764999999999,0.010000100000000001,0.0500005,0.0,0.0,0.010000100000000001
1,0.2,0.5,echo_gate:H:k6,0.19999999999999998,2.5,3.5,1.0,0.19999999999999998,0.9999999999999999,0.41742350000000006,0.0,0.19999999999999998
1,0.2,0.5,blind_gate:H:k6,0.09348480000000002,3.2174234999999998,3.8,0.5825764999999999,0.010000100000000001,0.0500005,0.0,0.41742350000000006,0.010000100000000001
1,0.2,0.5,audit_gate:H:k6,0.2,2.75,3.5,1.0,0.19999999999999998,0.9999999999999999,0.41742350000000006,0.25,0.15
1,0.2,0.5,serial_last:H:k6,0.10003200000000001,2.5,2.5,0.63384631296,0.01020090368,0.0510045184,0.051269812960000105,0.0,0.01020090368
1,0.2,0.5,exposed_vote:H:k7,0.2,2.75,2.75,1.0,0.2,1.0,0.43868123000000003,0.0,0.2
1,0.2,0.5,blind_vote:H:k7,0.052001875,3.1,3.1,0.56131877,0.010000010000000002,0.050000050000000004,0.0,0.0,0.010000010000000002
1,0.2,0.5,echo_gate:H:k7,0.2,2.75,3.75,1.0,0.2,1.0,0.43868123000000003,0.0,0.2
1,0.2,0.5,blind_gate:H:k7,0.09773625600000002,3.53868123,4.1,0.56131877,0.010000010000000002,0.050000050000000004,0.0,0.43868123000000003,0.010000010000000002
1,0.2,0.5,audit_gate:H:k7,0.2,3.0,3.75,1.0,0.2,1.0,0.43868123000000003,0.25,0.15000000000000002
1,0.2,0.5,serial_last:H:k7,0.10000640000000001,2.75,2.75,0.612598509568,0.0100539490304,0.050269745151999994,0.05127973956800003,0.0,0.0100539490304
1,0.2,0.5,exposed_vote:A:k1,0.10000000000000002,0.5,0.5,0.9279999999999999,0.064,0.64,0.017999999999999905,0.0,0.064
1,0.2,0.5,blind_vote:A:k1,0.09999999999999999,0.55,0.55,0.91,0.055,0.5499999999999999,0.0,0.0,0.055
1,0.2,0.5,echo_gate:A:k1,0.07840000000000001,0.5720000000000001,1.5,0.9279999999999999,0.064,0.64,0.017999999999999905,0.07200000000000006,0.064
1,0.2,0.5,blind_gate:A:k1,0.073,0.64,1.55,0.91,0.055,0.5499999999999999,0.0,0.08999999999999997,0.055
1,0.2,0.5,audit_gate:A:k1,0.10880000000000001,0.804,1.5,0.9279999999999999,0.064,0.64,0.017999999999999905,0.30400000000000005,0.048
1,0.2,0.5,serial_last:A:k1,0.10000000000000002,0.5,0.5,0.9279999999999999,0.064,0.64,0.017999999999999905,0.0,0.064
1,0.2,0.5,exposed_vote:A:k2,0.07696,0.75,0.75,0.8848,0.05392000000000001,0.5392,0.01980000000000004,0.0,0.05392000000000001
1,0.2,0.5,blind_vote:A:k2,0.064,0.85,0.85,0.865,0.0505,0.505,0.0,0.0,0.0505
1,0.2,0.5,echo_gate:A:k2,0.07696,0.8652,1.75,0.8848,0.05392000000000001,0.5392,0.01980000000000004,0.11519999999999997,0.05392000000000001
1,0.2,0.5,blind_gate:A:k2,0.07750000000000001,0.985,1.85,0.865,0.0505,0.505,0.0,0.135,0.0505
1,0.2,0.5,audit_gate:A:k2,0.10772000000000001,1.0864,1.75,0.8848,0.05392000000000001,0.5392,0.01980000000000004,0.33640000000000003,0.040440000000000004
1,0.2,0.5,serial_last:A:k2,0.1,0.75,0.75,0.8848,0.05392000000000001,0.5392,0.01980000000000004,0.0,0.05392000000000001
1,0.2,0.5,exposed_vote:A:k3,0.07465600000000003,1.0,1.0,0.8515072000000001,0.05109760000000001,0.510976,0.02340719999999996,0.0,0.05109760000000001
1,0.2,0.5,blind_vote:A:k3,0.064,1.15,1.15,0.8281000000000002,0.050050000000000004,0.5005000000000001,0.0,0.0,0.050050000000000004
1,0.2,0.5,echo_gate:A:k3,0.08079615999999998,1.1484927999999999,2.0,0.8515072000000001,0.05109760000000001,0.510976,0.02340719999999996,0.14849279999999987,0.05109760000000001
1,0.2,0.5,blind_gate:A:k3,0.08442999999999998,1.3218999999999999,2.15,0.8281000000000002,0.050050000000000004,0.5005000000000001,0.0,0.17189999999999983,0.050050000000000004
1,0.2,0.5,audit_gate:A:k3,0.11059712,1.3613696,2.0,0.8515072000000001,0.05109760000000001,0.510976,0.02340719999999996,0.36136959999999996,0.0383232
1,0.2,0.5,serial_last:A:k3,0.1,1.0,1.0,0.8515072000000001,0.05109760000000001,0.510976,0.02340719999999996,0.0,0.05109760000000001
1,0.2,0.5,exposed_vote:A:k4,0.06652748800000001,1.25,1.25,0.8226841600000001,0.050307328000000005,0.5030732800000001,0.027434160000000096,0.0,0.050307328000000005
1,0.2,0.5,blind_vote:A:k4,0.05428,1.45,1.45,0.79525,0.050005,0.50005,0.0,0.0,0.050005
1,0.2,0.5,echo_gate:A:k4,0.08577049599999999,1.42731584,2.25,0.8226841600000001,0.050307328000000005,0.5030732800000001,0.027434160000000096,0.1773158399999999,0.050307328000000005
1,0.2,0.5,blind_gate:A:k4,0.09095500000000001,1.65475,2.45,0.79525,0.050005,0.50005,0.0,0.20475,0.050005
1,0.2,0.5,audit_gate:A:k4,0.114327872,1.6329868799999998,2.25,0.8226841600000001,0.050307328000000005,0.5030732800000001,0.027434160000000096,0.3829868799999999,0.037730496
1,0.2,0.5,serial_last:A:k4,0.1,1.25,1.25,0.8226841600000001,0.050307328000000005,0.5030732800000001,0.027434160000000096,0.0,0.050307328000000005
1,0.2,0.5,exposed_vote:A:k5,0.06525936640000002,1.5,1.5,0.79667273728,0.05008605184000001,0.5008605184,0.030951737280000002,0.0,0.05008605184000001
1,0.2,0.5,blind_vote:A:k5,0.05428,1.75,1.75,0.765721,0.0500005,0.500005,0.0,0.0,0.0500005
1,0.2,0.5,echo_gate:A:k5,0.09075150438400001,1.70332726272,2.5,0.79667273728,0.05008605184000001,0.5008605184,0.030951737280000002,0.20332726272,0.05008605184000001
1,0.2,0.5,blind_gate:A:k5,0.0968563,1.984279,2.75,0.765721,0.0500005,0.500005,0.0,0.23427900000000002,0.0500005
1,0.2,0.5,audit_gate:A:k5,0.11806362828799999,1.90249544704,2.5,0.79667273728,0.05008605184000001,0.5008605184,0.030951737280000002,0.40249544703999995,0.037564538880000005
1,0.2,0.5,serial_last:A:k5,0.1,1.5,1.5,0.79667273728,0.05008605184000001,0.5008605184,0.030951737280000002,0.0,0.05008605184000001
1,0.2,0.5,exposed_vote:A:k6,0.061221431296,1.75,1.75,0.77288384512,0.0500240945152,0.5002409451519999,0.03373534511999998,0.0,0.0500240945152
1,0.2,0.5,blind_vote:A:k6,0.051364,2.05,2.05,0.7391485,0.050000050000000004,0.5000005,0.0,0.0,0.050000050000000004
1,0.2,0.5,echo_gate:A:k6,0.09544732549120001,1.97711615488,2.75,0.77288384512,0.0500240945152,0.5002409451519999,0.03373534511999998,0.22711615488000003,0.0500240945152
1,0.2,0.5,blind_gate:A:k6,0.10217035000000001,2.3108515,3.05,0.7391485,0.050000050000000004,0.5000005,0.0,0.2608515,0.050000050000000004
1,0.2,0.5,audit_gate:A:k6,0.1215854941184,2.17033711616,2.75,0.77288384512,0.0500240945152,0.5002409451519999,0.03373534511999998,0.42033711616,0.037518070886399996
1,0.2,0.5,serial_last:A:k6,0.1,1.75,1.75,0.77288384512,0.0500240945152,0.5002409451519999,0.03373534511999998,0.0,0.0500240945152
1,0.2,0.5,exposed_vote:A:k7,0.06051989463039999,2.0,2.0,0.751037717020672,0.05000674646425599,0.5000674646425599,0.03580410702067194,0.0,0.05000674646425599
1,0.2,0.5,blind_vote:A:k7,0.05136399999999999,2.35,2.35,0.7152336100000001,0.050000005,0.5000000499999999,0.0,0.0,0.050000005
1,0.2,0.5,echo_gate:A:k7,0.09979920306012159,2.248962282979328,3.0,0.751037717020672,0.05000674646425599,0.5000674646425599,0.03580410702067194,0.248962282979328,0.05000674646425599
1,0.2,0.5,blind_gate:A:k7,0.10695328299999998,2.6347663900000002,3.35,0.7152336100000001,0.050000005,0.5000000499999999,0.0,0.2847663899999999,0.050000005
1,0.2,0.5,audit_gate:A:k7,0.1248494022950912,2.4367217122344957,3.0,0.751037717020672,0.05000674646425599,0.5000674646425599,0.03580410702067194,0.43672171223449596,0.037505059848191996
1,0.2,0.5,serial_last:A:k7,0.1,2.0,2.0,0.751037717020672,0.05000674646425599,0.5000674646425599,0.03580410702067194,0.0,0.05000674646425599
1,0.2,0.9,alone:H:k0,0.2,1.0,1.0,1.0,0.2,1.0,0.0,0.0,0.2
1,0.2,0.9,alone:A:k0,0.1,0.25,0.25,1.0,0.1,1.0,0.0,0.0,0.1
1,0.2,0.9,exposed_vote:H:k1,0.2,1.25,1.25,1.0,0.2,1.0,0.2599999999999999,0.0,0.2
1,0.2,0.9,blind_vote:H:k1,0.15000000000000002,1.3,1.3,0.7400000000000001,0.020000000000000004,0.10000000000000002,0.0,0.0,0.020000000000000004
1,0.2,0.9,echo_gate:H:k1,0.2,1.25,2.25,1.0,0.2,1.0,0.2599999999999999,0.0,0.2
1,0.2,0.9,blind_gate:H:k1,0.07199999999999998,1.56,2.3,0.7400000000000001,0.020000000000000004,0.10000000000000002,0.0,0.2599999999999999,0.020000000000000004
1,0.2,0.9,audit_gate:H:k1,0.2,1.5,2.25,1.0,0.2,1.0,0.2599999999999999,0.25,0.15000000000000002
1,0.2,0.9,serial_last:H:k1,0.2,1.25,1.25,1.0,0.2,1.0,0.2599999999999999,0.0,0.2
1,0.2,0.9,exposed_vote:H:k2,0.20000000000000004,1.5,1.5,1.0,0.20000000000000004,1.0000000000000002,0.2689999999999999,0.0,0.20000000000000004
1,0.2,0.9,blind_vote:H:k2,0.09460000000000002,1.6,1.6,0.7310000000000001,0.018200000000000004,0.09100000000000001,0.0,0.0,0.018200000000000004
1,0.2,0.9,echo_gate:H:k2,0.20000000000000004,1.5,2.5,1.0,0.20000000000000004,1.0000000000000002,0.2689999999999999,0.0,0.20000000000000004
1,0.2,0.9,blind_gate:H:k2,0.072,1.869,2.6,0.7310000000000001,0.018200000000000004,0.09100000000000001,0.0,0.2689999999999999,0.018200000000000004
1,0.2,0.9,audit_gate:H:k2,0.2,1.75,2.5,1.0,0.20000000000000004,1.0000000000000002,0.2689999999999999,0.25,0.15000000000000002
1,0.2,0.9,serial_last:H:k2,0.12000000000000001,1.5,1.5,0.7920000000000001,0.05600000000000001,0.28,0.061000000000000054,0.0,0.05600000000000001
1,0.2,0.9,exposed_vote:H:k3,0.2,1.75,1.75,1.0,0.2,1.0,0.2756599999999999,0.0,0.2
1,0.2,0.9,blind_vote:H:k3,0.09415000000000001,1.9,1.9,0.7243400000000001,0.018020000000000005,0.09010000000000001,0.0,0.0,0.018020000000000005
1,0.2,0.9,echo_gate:H:k3,0.2,1.75,2.75,1.0,0.2,1.0,0.2756599999999999,0.0,0.2
1,0.2,0.9,blind_gate:H:k3,0.073152,2.1756599999999997,2.9,0.7243400000000001,0.018020000000000005,0.09010000000000001,0.0,0.2756599999999999,0.018020000000000005
1,0.2,0.9,audit_gate:H:k3,0.2,2.0,2.75,1.0,0.2,1.0,0.2756599999999999,0.25,0.15000000000000002
1,0.2,0.9,serial_last:H:k3,0.10400000000000001,1.75,1.75,0.7446400000000001,0.026048000000000005,0.13024000000000002,0.020299999999999985,0.0,0.026048000000000005
1,0.2,0.9,exposed_vote:H:k4,0.2,2.0,2.0,1.0,0.2,1.0,0.28151000000000004,0.0,0.2
1,0.2,0.9,blind_vote:H:k4,0.09134199999999999,2.2,2.2,0.71849,0.018002,0.09000999999999999,0.0,0.0,0.018002
1,0.2,0.9,echo_gate:H:k4,0.2,2.0,3.0,1.0,0.2,1.0,0.28151000000000004,0.0,0.2
1,0.2,0.9,blind_gate:H:k4,0.07430400000000001,2.48151,3.2,0.71849,0.018002,0.09000999999999999,0.0,0.28151000000000004,0.018002
1,0.2,0.9,audit_gate:H:k4,0.2,2.25,3.0,1.0,0.2,1.0,0.28151000000000004,0.25,0.15000000000000002
1,0.2,0.9,serial_last:H:k4,0.1008,2.0,2.0,0.73060608,0.019735040000000002,0.0986752,0.012116080000000085,0.0,0.019735040000000002
1,0.2,0.9,exposed_vote:H:k5,0.2,2.25,2.25,1.0,0.2,1.0,0.2867605999999999,0.0,0.2
1,0.2,0.9,blind_vote:H:k5,0.09126100000000002,2.5,2.5,0.7132394000000001,0.018000200000000004,0.09000100000000001,0.0,0.0,0.018000200000000004
1,0.2,0.9,echo_gate:H:k5,0.2,2.25,3.25,1.0,0.2,1.0,0.2867605999999999,0.0,0.2
1,0.2,0.9,blind_gate:H:k5,0.07535231999999999,2.7867606,3.5,0.7132394000000001,0.018000200000000004,0.09000100000000001,0.0,0.2867605999999999,0.018000200000000004
1,0.2,0.9,audit_gate:H:k5,0.2,2.5,3.25,1.0,0.2,1.0,0.2867605999999999,0.25,0.15000000000000002
1,0.2,0.9,serial_last:H:k5,0.10016,2.25,2.25,0.723808768,0.018382131200000006,0.09191065600000002,0.010569367999999968,0.0,0.018382131200000006
1,0.2,0.9,exposed_vote:H:k6,0.2,2.5,2.5,1.0,0.2,1.0,0.29148469999999993,0.0,0.2
1,0.2,0.9,blind_vote:H:k6,0.09041860000000002,2.8,2.8,0.7085153000000001,0.018000020000000002,0.0900001,0.0,0.0,0.018000020000000002
1,0.2,0.9,echo_gate:H:k6,0.2,2.5,3.5,1.0,0.2,1.0,0.29148469999999993,0.0,0.2
1,0.2,0.9,blind_gate:H:k6,0.07629696,3.0914846999999996,3.8,0.7085153000000001,0.018000020000000002,0.0900001,0.0,0.29148469999999993,0.018000020000000002
1,0.2,0.9,audit_gate:H:k6,0.2,2.75,3.5,1.0,0.2,1.0,0.29148469999999993,0.25,0.15000000000000002
1,0.2,0.9,serial_last:H:k6,0.10003200000000001,2.5,2.5,0.7188358225920001,0.018086260736,0.09043130367999999,0.010320522592000003,0.0,0.018086260736
1,0.2,0.9,exposed_vote:H:k7,0.20000000000000004,2.75,2.75,1.0,0.20000000000000004,1.0000000000000002,0.2957362459999999,0.0,0.20000000000000004
1,0.2,0.9,blind_vote:H:k7,0.090400375,3.1,3.1,0.7042637540000001,0.018000002,0.09000001,0.0,0.0,0.018000002
1,0.2,0.9,echo_gate:H:k7,0.20000000000000004,2.75,3.75,1.0,0.20000000000000004,1.0000000000000002,0.2957362459999999,0.0,0.20000000000000004
1,0.2,0.9,blind_gate:H:k7,0.07714725119999999,3.3957362460000002,4.1,0.7042637540000001,0.018000002,0.09000001,0.0,0.2957362459999999,0.018000002
1,0.2,0.9,audit_gate:H:k7,0.2,3.0,3.75,1.0,0.20000000000000004,1.0000000000000002,0.2957362459999999,0.25,0.15000000000000002
1,0.2,0.9,serial_last:H:k7,0.10000640000000001,2.75,2.75,0.7145330139136001,0.018020005806080003,0.09010002903040001,0.01026925991360006,0.0,0.018020005806080003
1,0.2,0.9,exposed_vote:A:k1,0.1,0.5,0.5,0.9856,0.09280000000000001,0.928,0.0036000000000000476,0.0,0.09280000000000001
1,0.2,0.9,blind_vote:A:k1,0.10000000000000002,0.55,0.55,0.982,0.09100000000000001,0.91,0.0,0.0,0.09100000000000001
1,0.2,0.9,echo_gate:A:k1,0.09568,0.5144,1.5,0.9856,0.09280000000000001,0.928,0.0036000000000000476,0.014399999999999968,0.09280000000000001
1,0.2,0.9,blind_gate:A:k1,0.09460000000000002,0.5680000000000001,1.55,0.982,0.09100000000000001,0.91,0.0,0.018000000000000016,0.09100000000000001
1,0.2,0.9,audit_gate:A:k1,0.12176,0.7607999999999999,1.5,0.9856,0.09280000000000001,0.928,0.0036000000000000476,0.2607999999999999,0.06960000000000001
1,0.2,0.9,serial_last:A:k1,0.10000000000000002,0.5,0.5,0.9856,0.09280000000000001,0.928,0.0036000000000000476,0.0,0.09280000000000001
1,0.2,0.9,exposed_vote:A:k2,0.095392,0.75,0.75,0.97696,0.09078400000000002,0.9078400000000001,0.0039599999999999635,0.0,0.09078400000000002
1,0.2,0.9,blind_vote:A:k2,0.09280000000000001,0.85,0.85,0.9730000000000001,0.09010000000000001,0.9010000000000001,0.0,0.0,0.09010000000000001
1,0.2,0.9,echo_gate:A:k2,0.095392,0.77304,1.75,0.97696,0.09078400000000002,0.9078400000000001,0.0039599999999999635,0.02303999999999995,0.09078400000000002
1,0.2,0.9,blind_gate:A:k2,0.0955,0.8769999999999999,1.85,0.9730000000000001,0.09010000000000001,0.9010000000000001,0.0,0.026999999999999913,0.09010000000000001
1,0.2,0.9,audit_gate:A:k2,0.12154400000000001,1.01728,1.75,0.97696,0.09078400000000002,0.9078400000000001,0.0039599999999999635,0.26727999999999996,0.06808800000000001
1,0.2,0.9,serial_last:A:k2,0.1,0.75,0.75,0.97696,0.09078400000000002,0.9078400000000001,0.0039599999999999635,0.0,0.09078400000000002
1,0.2,0.9,exposed_vote:A:k3,0.09493120000000002,1.0,1.0,0.9703014400000001,0.09021952000000001,0.9021952000000001,0.004681440000000037,0.0,0.09021952000000001
1,0.2,0.9,blind_vote:A:k3,0.09280000000000001,1.15,1.15,0.96562,0.09001,0.9001,0.0,0.0,0.09001
1,0.2,0.9,echo_gate:A:k3,0.096159232,1.02969856,2.0,0.9703014400000001,0.09021952000000001,0.9021952000000001,0.004681440000000037,0.02969855999999993,0.09021952000000001
1,0.2,0.9,blind_gate:A:k3,0.096886,1.18438,2.15,0.96562,0.09001,0.9001,0.0,0.034379999999999966,0.09001
1,0.2,0.9,audit_gate:A:k3,0.122119424,1.27227392,2.0,0.9703014400000001,0.09021952000000001,0.9021952000000001,0.004681440000000037,0.27227391999999995,0.06766464000000001
1,0.2,0.9,serial_last:A:k3,0.1,1.0,1.0,0.9703014400000001,0.09021952000000001,0.9021952000000001,0.004681440000000037,0.0,0.09021952000000001
1,0.2,0.9,exposed_vote:A:k4,0.09330549760000001,1.25,1.25,0.9645368320000001,0.09006146560000002,0.9006146560000001,0.005486831999999997,0.0,0.09006146560000002
1,0.2,0.9,blind_vote:A:k4,0.090856,1.45,1.45,0.9590500000000001,0.09000100000000001,0.9000100000000001,0.0,0.0,0.09000100000000001
1,0.2,0.9,echo_gate:A:k4,0.0971540992,1.285463168,2.25,0.9645368320000001,0.09006146560000002,0.9006146560000001,0.005486831999999997,0.035463167999999934,0.09006146560000002
1,0.2,0.9,blind_gate:A:k4,0.098191,1.4909499999999998,2.45,0.9590500000000001,0.09000100000000001,0.9000100000000001,0.0,0.04094999999999993,0.09000100000000001
1,0.2,0.9,audit_gate:A:k4,0.12286557440000001,1.526597376,2.25,0.9645368320000001,0.09006146560000002,0.9006146560000001,0.005486831999999997,0.276597376,0.06754609920000001
1,0.2,0.9,serial_last:A:k4,0.1,1.25,1.25,0.9645368320000001,0.09006146560000002,0.9006146560000001,0.005486831999999997,0.0,0.09006146560000002
1,0.2,0.9,exposed_vote:A:k5,0.09305187327999999,1.5,1.5,0.9593345474560001,0.090017210368,0.90017210368,0.0061903474560000005,0.0,0.090017210368
1,0.2,0.9,blind_vote:A:k5,0.09085600000000002,1.75,1.75,0.9531442000000001,0.09000010000000001,0.900001,0.0,0.0,0.09000010000000001
1,0.2,0.9,echo_gate:A:k5,0.09815030087679999,1.5406654525439998,2.5,0.9593345474560001,0.090017210368,0.90017210368,0.0061903474560000005,0.04066545254399989,0.090017210368
1,0.2,0.9,blind_gate:A:k5,0.09937125999999999,1.7968558,2.75,0.9531442000000001,0.09000010000000001,0.900001,0.0,0.04685579999999989,0.09000010000000001
1,0.2,0.9,audit_gate:A:k5,0.12361272565759998,1.780499089408,2.5,0.9593345474560001,0.090017210368,0.90017210368,0.0061903474560000005,0.28049908940799995,0.067512907776
1,0.2,0.9,serial_last:A:k5,0.1,1.5,1.5,0.9593345474560001,0.090017210368,0.90017210368,0.0061903474560000005,0.0,0.090017210368
1,0.2,0.9,exposed_vote:A:k6,0.09224428625920002,1.75,1.75,0.9545767690240001,0.09000481890304,0.9000481890304,0.006747069024000019,0.0,0.09000481890304
1,0.2,0.9,blind_vote:A:k6,0.09027279999999999,2.05,2.05,0.9478297000000001,0.09000001,0.9000001,0.0,0.0,0.09000001
1,0.2,0.9,echo_gate:A:k6,0.09908946509823997,1.7954232309759999,2.75,0.9545767690240001,0.09000481890304,0.9000481890304,0.006747069024000019,0.04542323097599987,0.09000481890304
1,0.2,0.9,blind_gate:A:k6,0.10043406999999999,2.1021702999999996,3.05,0.9478297000000001,0.09000001,0.9000001,0.0,0.05217029999999989,0.09000001
1,0.2,0.9,audit_gate:A:k6,0.12431709882368,2.034067423232,2.75,0.9545767690240001,0.09000481890304,0.9000481890304,0.006747069024000019,0.28406742323199996,0.06750361417728
1,0.2,0.9,serial_last:A:k6,0.1,1.75,1.75,0.9545767690240001,0.09000481890304,0.9000481890304,0.006747069024000019,0.0,0.09000481890304
1,0.2,0.9,exposed_vote:A:k7,0.09210397892608001,2.0,2.0,0.9502075434041344,0.09000134929285121,0.9000134929285121,0.007160821404134321,0.0,0.09000134929285121
1,0.2,0.9,blind_vote:A:k7,0.09027280000000003,2.35,2.35,0.9430467220000001,0.09000000100000001,0.9000000100000001,0.0,0.0,0.09000000100000001
1,0.2,0.9,echo_gate:A:k7,0.09995984061202434,2.0497924565958656,3.0,0.9502075434041344,0.09000134929285121,0.9000134929285121,0.007160821404134321,0.04979245659586562,0.09000134929285121
1,0.2,0.9,blind_gate:A:k7,0.1013906566,2.406953278,3.35,0.9430467220000001,0.09000000100000001,0.9000000100000001,0.0,0.05695327799999994,0.09000000100000001
1,0.2,0.9,audit_gate:A:k7,0.12496988045901826,2.2873443424468993,3.0,0.9502075434041344,0.09000134929285121,0.9000134929285121,0.007160821404134321,0.2873443424468992,0.06750101196963841
1,0.2,0.9,serial_last:A:k7,0.1,2.0,2.0,0.9502075434041344,0.09000134929285121,0.9000134929285121,0.007160821404134321,0.0,0.09000134929285121
1,0.5,0,alone:H:k0,0.2,1.0,1.0,1.0,0.2,1.0,0.0,0.0,0.2
1,0.5,0,alone:A:k0,0.1,0.25,0.25,1.0,0.1,1.0,0.0,0.0,0.1
1,0.5,0,exposed_vote:H:k1,0.2,1.25,1.25,1.0,0.2,1.0,0.2599999999999999,0.0,0.2
1,0.5,0,blind_vote:H:k1,0.15000000000000002,1.3,1.3,0.7400000000000001,0.019999999999999997,0.09999999999999998,0.0,0.0,0.019999999999999997
1,0.5,0,echo_gate:H:k1,0.2,1.25,2.25,1.0,0.2,1.0,0.2599999999999999,0.0,0.2
1,0.5,0,blind_gate:H:k1,0.07199999999999998,1.56,2.3,0.7400000000000001,0.019999999999999997,0.09999999999999998,0.0,0.2599999999999999,0.019999999999999997
1,0.5,0,audit_gate:H:k1,0.2,1.5,2.25,1.0,0.2,1.0,0.2599999999999999,0.25,0.15000000000000002
1,0.5,0,serial_last:H:k1,0.2,1.25,1.25,1.0,0.2,1.0,0.2599999999999999,0.0,0.2
1,0.5,0,exposed_vote:H:k2,0.20000000000000004,1.5,1.5,1.0000000000000002,0.20000000000000004,1.0000000000000002,0.3500000000000001,0.0,0.20000000000000004
1,0.5,0,blind_vote:H:k2,0.046,1.6,1.6,0.6500000000000001,0.001999999999999999,0.009999999999999995,0.0,0.0,0.001999999999999999
1,0.5,0,echo_gate:H:k2,0.19999999999999998,1.4999999999999998,2.5,1.0000000000000002,0.20000000000000004,1.0000000000000002,0.3500000000000001,-2.220446049250313e-16,0.20000000000000004
1,0.5,0,blind_gate:H:k2,0.07199999999999998,1.95,2.6,0.6500000000000001,0.001999999999999999,0.009999999999999995,0.0,0.34999999999999987,0.001999999999999999
1,0.5,0,audit_gate:H:k2,0.19999999999999998,1.7499999999999998,2.5,1.0000000000000002,0.20000000000000004,1.0000000000000002,0.3500000000000001,0.24999999999999978,0.15000000000000002
1,0.5,0,serial_last:H:k2,0.15000000000000002,1.5,1.5,0.8700000000000001,0.11000000000000001,0.55,0.21999999999999997,0.0,0.11000000000000001
1,0.5,0,exposed_vote:H:k3,0.2,1.75,1.75,1.0,0.2,1.0,0.41659999999999997,0.0,0.2
1,0.5,0,blind_vote:H:k3,0.041499999999999995,1.9,1.9,0.5834,0.00019999999999999987,0.0009999999999999994,0.0,0.0,0.00019999999999999987
1,0.5,0,echo_gate:H:k3,0.2,1.75,2.75,1.0,0.2,1.0,0.41659999999999997,0.0,0.2
1,0.5,0,blind_gate:H:k3,0.08352000000000001,2.3165999999999998,2.9,0.5834,0.00019999999999999987,0.0009999999999999994,0.0,0.41659999999999997,0.00019999999999999987
1,0.5,0,audit_gate:H:k3,0.2,2.0,2.75,1.0,0.2,1.0,0.41659999999999997,0.25,0.15000000000000002
1,0.5,0,serial_last:H:k3,0.125,1.75,1.75,0.7825,0.0605,0.3025,0.19909999999999994,0.0,0.0605
1,0.5,0,exposed_vote:H:k4,0.2,2.0,2.0,1.0,0.2,1.0,0.47509999999999997,0.0,0.2
1,0.5,0,blind_vote:H:k4,0.013419999999999994,2.2,2.2,0.5249,1.9999999999999985e-05,9.999999999999992e-05,0.0,0.0,1.9999999999999985e-05
1,0.5,0,echo_gate:H:k4,0.2,2.0,3.0,1.0,0.2,1.0,0.47509999999999997,0.0,0.2
1,0.5,0,blind_gate:H:k4,0.09504,2.6751,3.2,0.5249,1.9999999999999985e-05,9.999999999999992e-05,0.0,0.47509999999999997,1.9999999999999985e-05
1,0.5,0,audit_gate:H:k4,0.2,2.25,3.0,1.0,0.2,1.0,0.47509999999999997,0.25,0.15000000000000002
1,0.5,0,serial_last:H:k4,0.1125,2.0,2.0,0.719175,0.033275,0.166375,0.19427499999999998,0.0,0.033275
1,0.5,0,exposed_vote:H:k5,0.2,2.25,2.25,1.0,0.2,1.0,0.5276059999999999,0.0,0.2
1,0.5,0,blind_vote:H:k5,0.012609999999999993,2.5,2.5,0.4723940000000001,1.999999999999998e-06,9.999999999999989e-06,0.0,0.0,1.999999999999998e-06
1,0.5,0,echo_gate:H:k5,0.2,2.25,3.25,1.0,0.2,1.0,0.5276059999999999,0.0,0.2
1,0.5,0,blind_gate:H:k5,0.10552319999999998,3.027606,3.5,0.4723940000000001,1.999999999999998e-06,9.999999999999989e-06,0.0,0.5276059999999999,1.999999999999998e-06
1,0.5,0,audit_gate:H:k5,0.2,2.5,3.25,1.0,0.2,1.0,0.5276059999999999,0.25,0.15000000000000002
1,0.5,0,serial_last:H:k5,0.10625000000000001,2.25,2.25,0.66990625,0.018301249999999998,0.09150624999999998,0.19751224999999994,0.0,0.018301249999999998
1,0.5,0,exposed_vote:H:k6,0.2,2.5,2.5,1.0,0.2,1.0,0.5748469999999999,0.0,0.2
1,0.5,0,blind_vote:H:k6,0.004185999999999997,2.8,2.8,0.42515300000000006,1.9999999999999975e-07,9.999999999999987e-07,0.0,0.0,1.9999999999999975e-07
1,0.5,0,echo_gate:H:k6,0.2,2.5,3.5,1.0,0.2,1.0,0.5748469999999999,0.0,0.2
1,0.5,0,blind_gate:H:k6,0.11496959999999999,3.374847,3.8,0.42515300000000006,1.9999999999999975e-07,9.999999999999987e-07,0.0,0.5748469999999999,1.9999999999999975e-07
1,0.5,0,audit_gate:H:k6,0.2,2.75,3.5,1.0,0.2,1.0,0.5748469999999999,0.25,0.15000000000000002
1,0.5,0,serial_last:H:k6,0.10312500000000001,2.5,2.5,0.6290904375,0.0100656875,0.050328437499999996,0.20393743749999999,0.0,0.0100656875
1,0.5,0,exposed_vote:H:k7,0.2,2.75,2.75,1.0,0.2,1.0,0.61736246,0.0,0.2
1,0.5,0,blind_vote:H:k7,0.004003749999999998,3.1,3.1,0.38263754000000005,1.999999999999997e-08,9.999999999999985e-08,0.0,0.0,1.999999999999997e-08
1,0.5,0,echo_gate:H:k7,0.2,2.75,3.75,1.0,0.2,1.0,0.61736246,0.0,0.2
1,0.5,0,blind_gate:H:k7,0.12347251199999999,3.71736246,4.1,0.38263754000000005,1.999999999999997e-08,9.999999999999985e-08,0.0,0.61736246,1.999999999999997e-08
1,0.5,0,audit_gate:H:k7,0.2,3.0,3.75,1.0,0.2,1.0,0.61736246,0.25,0.15000000000000002
1,0.5,0,serial_last:H:k7,0.1015625,2.75,2.75,0.593609640625,0.005536128124999999,0.027680640624999992,0.21097210062499994,0.0,0.005536128124999999
1,0.5,0,exposed_vote:A:k1,0.1,0.5,0.5,0.91,0.05500000000000001,0.55,0.08999999999999997,0.0,0.05500000000000001
1,0.5,0,blind_vote:A:k1,0.1,0.55,0.55,0.8200000000000001,0.009999999999999998,0.09999999999999998,0.0,0.0,0.009999999999999998
1,0.5,0,echo_gate:A:k1,0.07300000000000001,0.59,1.5,0.91,0.05500000000000001,0.55,0.08999999999999997,0.08999999999999997,0.05500000000000001
1,0.5,0,blind_gate:A:k1,0.045999999999999985,0.73,1.55,0.8200000000000001,0.009999999999999998,0.09999999999999998,0.0,0.17999999999999994,0.009999999999999998
1,0.5,0,audit_gate:A:k1,0.10475000000000001,0.8175,1.5,0.91,0.05500000000000001,0.55,0.08999999999999997,0.3175,0.04125000000000001
1,0.5,0,serial_last:A:k1,0.1,0.5,0.5,0.91,0.05500000000000001,0.55,0.08999999999999997,0.0,0.05500000000000001
1,0.5,0,exposed_vote:A:k2,0.08200000000000002,0.75,0.75,0.8425,0.030250000000000003,0.3025,0.11249999999999993,0.0,0.030250000000000003
1,0.5,0,blind_vote:A:k2,0.027999999999999997,0.85,0.85,0.7300000000000001,0.0009999999999999996,0.009999999999999995,0.0,0.0,0.0009999999999999996
1,0.5,0,echo_gate:A:k2,0.06175,0.9075,1.75,0.8425,0.030250000000000003,0.3025,0.11249999999999993,0.15749999999999997,0.030250000000000003
1,0.5,0,blind_gate:A:k2,0.054999999999999986,1.1199999999999999,1.85,0.7300000000000001,0.0009999999999999996,0.009999999999999995,0.0,0.2699999999999999,0.0009999999999999996
1,0.5,0,audit_gate:A:k2,0.09631250000000001,1.118125,1.75,0.8425,0.030250000000000003,0.3025,0.11249999999999993,0.36812500000000004,0.022687500000000003
1,0.5,0,serial_last:A:k2,0.1,0.75,0.75,0.8425,0.030250000000000003,0.3025,0.11249999999999993,0.0,0.030250000000000003
1,0.5,0,exposed_vote:A:k3,0.07749999999999999,1.0,1.0,0.7882750000000001,0.0166375,0.166375,0.13207499999999994,0.0,0.0166375
1,0.5,0,blind_vote:A:k3,0.02799999999999999,1.15,1.15,0.6562000000000001,9.999999999999994e-05,0.0009999999999999994,0.0,0.0,9.999999999999994e-05
1,0.5,0,echo_gate:A:k3,0.05898249999999999,1.211725,2.0,0.7882750000000001,0.0166375,0.166375,0.13207499999999994,0.21172499999999994,0.0166375
1,0.5,0,blind_gate:A:k3,0.06885999999999998,1.4937999999999998,2.15,0.6562000000000001,9.999999999999994e-05,0.0009999999999999994,0.0,0.3437999999999999,9.999999999999994e-05
1,0.5,0,audit_gate:A:k3,0.094236875,1.40879375,2.0,0.7882750000000001,0.0166375,0.166375,0.13207499999999994,0.40879374999999996,0.012478125
1,0.5,0,serial_last:A:k3,0.1,1.0,1.0,0.7882750000000001,0.0166375,0.166375,0.13207499999999994,0.0,0.0166375
1,0.5,0,exposed_vote:A:k4,0.07628499999999999,1.25,1.25,0.7422062500000001,0.009150624999999999,0.09150624999999998,0.15170625000000004,0.0,0.009150624999999999
1,0.5,0,blind_vote:A:k4,0.008559999999999995,1.45,1.45,0.5905,9.999999999999992e-06,9.999999999999992e-05,0.0,0.0,9.999999999999992e-06
1,0.5,0,echo_gate:A:k4,0.06070937499999998,1.5077937499999998,2.25,0.7422062500000001,0.009150624999999999,0.09150624999999998,0.15170625000000004,0.25779374999999993,0.009150624999999999
1,0.5,0,blind_gate:A:k4,0.08191,1.8595,2.45,0.5905,9.999999999999992e-06,9.999999999999992e-05,0.0,0.4095,9.999999999999992e-06
1,0.5,0,audit_gate:A:k4,0.09553203125000001,1.6933453125,2.25,0.7422062500000001,0.009150624999999999,0.09150624999999998,0.15170625000000004,0.4433453125,0.006862968749999999
1,0.5,0,serial_last:A:k4,0.1,1.25,1.25,0.7422062500000001,0.009150624999999999,0.09150624999999998,0.15170625000000004,0.0,0.009150624999999999
1,0.5,0,exposed_vote:A:k5,0.07362999999999999,1.5,1.5,0.7014356875000001,0.00503284375,0.050328437499999996,0.1699936875,0.0,0.00503284375
1,0.5,0,blind_vote:A:k5,0.008559999999999996,1.75,1.75,0.5314420000000001,9.99999999999999e-07,9.999999999999989e-06,0.0,0.0,9.99999999999999e-07
1,0.5,0,echo_gate:A:k5,0.06474570624999999,1.7985643125,2.5,0.7014356875000001,0.00503284375,0.050328437499999996,0.1699936875,0.29856431249999993,0.00503284375
1,0.5,0,blind_gate:A:k5,0.0937126,2.218558,2.75,0.5314420000000001,9.99999999999999e-07,9.999999999999989e-06,0.0,0.4685579999999999,9.99999999999999e-07
1,0.5,0,audit_gate:A:k5,0.09855927968749999,1.973923234375,2.5,0.7014356875000001,0.00503284375,0.050328437499999996,0.1699936875,0.47392323437499995,0.0037746328125
1,0.5,0,serial_last:A:k5,0.1,1.5,1.5,0.7014356875000001,0.00503284375,0.050328437499999996,0.1699936875,0.0,0.00503284375
1,0.5,0,exposed_vote:A:k6,0.074551375,1.75,1.75,0.6643507656250001,0.0027680640624999997,0.027680640624999996,0.18605376562499998,0.0,0.0027680640624999997
1,0.5,0,blind_vote:A:k6,0.0027279999999999982,2.05,2.05,0.4782970000000001,9.999999999999988e-08,9.999999999999987e-07,0.0,0.0,9.999999999999988e-08
1,0.5,0,echo_gate:A:k6,0.0698979109375,2.085649234375,2.75,0.6643507656250001,0.0027680640624999997,0.027680640624999996,0.18605376562499998,0.33564923437499994,0.0027680640624999997
1,0.5,0,blind_gate:A:k6,0.1043407,2.571703,3.05,0.4782970000000001,9.999999999999988e-08,9.999999999999987e-07,0.0,0.5217029999999999,9.999999999999988e-08
1,0.5,0,audit_gate:A:k6,0.102423433203125,2.25173692578125,2.75,0.6643507656250001,0.0027680640624999997,0.027680640624999996,0.18605376562499998,0.50173692578125,0.002076048046875
1,0.5,0,serial_last:A:k6,0.1,1.75,1.75,0.6643507656250001,0.0027680640624999997,0.027680640624999996,0.18605376562499998,0.0,0.0027680640624999997
1,0.5,0,exposed_vote:A:k7,0.07285782812500002,2.0,2.0,0.63002600171875,0.0015224352343749998,0.015224352343749997,0.1995587817187499,0.0,0.0015224352343749998
1,0.5,0,blind_vote:A:k7,0.0027279999999999982,2.35,2.35,0.4304672200000001,9.999999999999985e-09,9.999999999999985e-08,0.0,0.0,9.999999999999985e-09
1,0.5,0,echo_gate:A:k7,0.07551723489062499,2.36997399828125,3.0,0.63002600171875,0.0015224352343749998,0.015224352343749997,0.1995587817187499,0.36997399828125,0.0015224352343749998
1,0.5,0,blind_gate:A:k7,0.11390656599999997,2.91953278,3.35,0.4304672200000001,9.999999999999985e-09,9.999999999999985e-08,0.0,0.5695327799999998,9.999999999999985e-09
1,0.5,0,audit_gate:A:k7,0.10663792616796876,2.5274804987109376,3.0,0.63002600171875,0.0015224352343749998,0.015224352343749997,0.1995587817187499,0.5274804987109375,0.00114182642578125
1,0.5,0,serial_last:A:k7,0.1,2.0,2.0,0.63002600171875,0.0015224352343749998,0.015224352343749997,0.1995587817187499,0.0,0.0015224352343749998
1,0.5,0.5,alone:H:k0,0.2,1.0,1.0,1.0,0.2,1.0,0.0,0.0,0.2
1,0.5,0.5,alone:A:k0,0.1,0.25,0.25,1.0,0.1,1.0,0.0,0.0,0.1
1,0.5,0.5,exposed_vote:H:k1,0.2,1.25,1.25,1.0,0.2,1.0,0.2599999999999999,0.0,0.2
1,0.5,0.5,blind_vote:H:k1,0.15000000000000002,1.3,1.3,0.7400000000000001,0.02,0.09999999999999999,0.0,0.0,0.02
1,0.5,0.5,echo_gate:H:k1,0.2,1.25,2.25,1.0,0.2,1.0,0.2599999999999999,0.0,0.2
1,0.5,0.5,blind_gate:H:k1,0.07199999999999998,1.56,2.3,0.7400000000000001,0.02,0.09999999999999999,0.0,0.2599999999999999,0.02
1,0.5,0.5,audit_gate:H:k1,0.2,1.5,2.25,1.0,0.2,1.0,0.2599999999999999,0.25,0.15000000000000002
1,0.5,0.5,serial_last:H:k1,0.2,1.25,1.25,1.0,0.2,1.0,0.2599999999999999,0.0,0.2
1,0.5,0.5,exposed_vote:H:k2,0.2,1.5,1.5,1.0,0.2,1.0,0.30499999999999994,0.0,0.2
1,0.5,0.5,blind_vote:H:k2,0.07300000000000001,1.6,1.6,0.6950000000000001,0.011000000000000001,0.055,0.0,0.0,0.011000000000000001
1,0.5,0.5,echo_gate:H:k2,0.2,1.5,2.5,1.0,0.2,1.0,0.30499999999999994,0.0,0.2
1,0.5,0.5,blind_gate:H:k2,0.072,1.905,2.6,0.6950000000000001,0.011000000000000001,0.055,0.0,0.30499999999999994,0.011000000000000001
1,0.5,0.5,audit_gate:H:k2,0.2,1.75,2.5,1.0,0.2,1.0,0.30499999999999994,0.25,0.15000000000000002
1,0.5,0.5,serial_last:H:k2,0.15000000000000002,1.5,1.5,0.8700000000000001,0.11000000000000001,0.55,0.17500000000000004,0.0,0.11000000000000001
1,0.5,0.5,exposed_vote:H:k3,0.2,1.75,1.75,1.0,0.2,1.0,0.33829999999999993,0.0,0.2
1,0.5,0.5,blind_vote:H:k3,0.07075000000000001,1.9,1.9,0.6617000000000001,0.010100000000000001,0.0505,0.0,0.0,0.010100000000000001
1,0.5,0.5,echo_gate:H:k3,0.2,1.75,2.75,1.0,0.2,1.0,0.33829999999999993,0.0,0.2
1,0.5,0.5,blind_gate:H:k3,0.07775999999999998,2.2382999999999997,2.9,0.6617000000000001,0.010100000000000001,0.0505,0.0,0.33829999999999993,0.010100000000000001
1,0.5,0.5,audit_gate:H:k3,0.2,2.0,2.75,1.0,0.2,1.0,0.33829999999999993,0.25,0.15000000000000002
1,0.5,0.5,serial_last:H:k3,0.125,1.75,1.75,0.7937500000000001,0.06275,0.31375,0.13205,0.0,0.06275
1,0.5,0.5,exposed_vote:H:k4,0.2,2.0,2.0,1.0,0.2,1.0,0.36754999999999993,0.0,0.2
1,0.5,0.5,blind_vote:H:k4,0.05671,2.2,2.2,0.6324500000000001,0.010010000000000002,0.050050000000000004,0.0,0.0,0.010010000000000002
1,0.5,0.5,echo_gate:H:k4,0.2,2.0,3.0,1.0,0.2,1.0,0.36754999999999993,0.0,0.2
1,0.5,0.5,blind_gate:H:k4,0.08352,2.56755,3.2,0.6324500000000001,0.010010000000000002,0.050050000000000004,0.0,0.36754999999999993,0.010010000000000002
1,0.5,0.5,audit_gate:H:k4,0.2,2.25,3.0,1.0,0.2,1.0,0.36754999999999993,0.25,0.15000000000000002
1,0.5,0.5,serial_last:H:k4,0.1125,2.0,2.0,0.7458375000000002,0.037887500000000005,0.1894375,0.11338750000000009,0.0,0.037887500000000005
1,0.5,0.5,exposed_vote:H:k5,0.2,2.25,2.25,1.0,0.2,1.0,0.3938029999999999,0.0,0.2
1,0.5,0.5,blind_vote:H:k5,0.056305,2.5,2.5,0.6061970000000001,0.010001000000000001,0.050005,0.0,0.0,0.010001000000000001
1,0.5,0.5,echo_gate:H:k5,0.2,2.25,3.25,1.0,0.2,1.0,0.3938029999999999,0.0,0.2
1,0.5,0.5,blind_gate:H:k5,0.08876159999999998,2.893803,3.5,0.6061970000000001,0.010001000000000001,0.050005,0.0,0.3938029999999999,0.010001000000000001
1,0.5,0.5,audit_gate:H:k5,0.2,2.5,3.25,1.0,0.2,1.0,0.3938029999999999,0.25,0.15000000000000002
1,0.5,0.5,serial_last:H:k5,0.10625000000000001,2.25,2.25,0.713078125,0.024775625,0.12387812499999999,0.10688112499999991,0.0,0.024775625
1,0.5,0.5,exposed_vote:H:k6,0.19999999999999998,2.5,2.5,1.0,0.19999999999999998,0.9999999999999999,0.41742350000000006,0.0,0.19999999999999998
1,0.5,0.5,blind_vote:H:k6,0.052093,2.8,2.8,0.5825764999999999,0.010000100000000001,0.0500005,0.0,0.0,0.010000100000000001
1,0.5,0.5,echo_gate:H:k6,0.19999999999999998,2.5,3.5,1.0,0.19999999999999998,0.9999999999999999,0.41742350000000006,0.0,0.19999999999999998
1,0.5,0.5,blind_gate:H:k6,0.09348480000000002,3.2174234999999998,3.8,0.5825764999999999,0.010000100000000001,0.0500005,0.0,0.41742350000000006,0.010000100000000001
1,0.5,0.5,audit_gate:H:k6,0.2,2.75,3.5,1.0,0.19999999999999998,0.9999999999999999,0.41742350000000006,0.25,0.15
1,0.5,0.5,serial_last:H:k6,0.10312500000000001,2.5,2.5,0.6886077187499999,0.01784534375,0.08922671874999999,0.10603121874999999,0.0,0.01784534375
1,0.5,0.5,exposed_vote:H:k7,0.2,2.75,2.75,1.0,0.2,1.0,0.43868123000000003,0.0,0.2
1,0.5,0.5,blind_vote:H:k7,0.052001875,3.1,3.1,0.56131877,0.010000010000000002,0.050000050000000004,0.0,0.0,0.010000010000000002
1,0.5,0.5,echo_gate:H:k7,0.2,2.75,3.75,1.0,0.2,1.0,0.43868123000000003,0.0,0.2
1,0.5,0.5,blind_gate:H:k7,0.09773625600000002,3.53868123,4.1,0.56131877,0.010000010000000002,0.050000050000000004,0.0,0.43868123000000003,0.010000010000000002
1,0.5,0.5,audit_gate:H:k7,0.2,3.0,3.75,1.0,0.2,1.0,0.43868123000000003,0.25,0.15000000000000002
1,0.5,0.5,serial_last:H:k7,0.1015625,2.75,2.75,0.6688360703125,0.0141743140625,0.07087157031249999,0.10751730031250006,0.0,0.0141743140625
1,0.5,0.5,exposed_vote:A:k1,0.1,0.5,0.5,0.955,0.0775,0.7749999999999999,0.04499999999999993,0.0,0.0775
1,0.5,0.5,blind_vote:A:k1,0.09999999999999999,0.55,0.55,0.91,0.055,0.5499999999999999,0.0,0.0,0.055
1,0.5,0.5,echo_gate:A:k1,0.08650000000000001,0.545,1.5,0.955,0.0775,0.7749999999999999,0.04499999999999993,0.04500000000000004,0.0775
1,0.5,0.5,blind_gate:A:k1,0.073,0.64,1.55,0.91,0.055,0.5499999999999999,0.0,0.08999999999999997,0.055
1,0.5,0.5,audit_gate:A:k1,0.114875,0.7837500000000001,1.5,0.955,0.0775,0.7749999999999999,0.04499999999999993,0.28375000000000006,0.058124999999999996
1,0.5,0.5,serial_last:A:k1,0.1,0.5,0.5,0.955,0.0775,0.7749999999999999,0.04499999999999993,0.0,0.0775
1,0.5,0.5,exposed_vote:A:k2,0.09100000000000001,0.75,0.75,0.92125,0.065125,0.65125,0.05625000000000002,0.0,0.065125
1,0.5,0.5,blind_vote:A:k2,0.064,0.85,0.85,0.865,0.0505,0.505,0.0,0.0,0.0505
1,0.5,0.5,echo_gate:A:k2,0.080875,0.82875,1.75,0.92125,0.065125,0.65125,0.05625000000000002,0.07874999999999999,0.065125
1,0.5,0.5,blind_gate:A:k2,0.07750000000000001,0.985,1.85,0.865,0.0505,0.505,0.0,0.135,0.0505
1,0.5,0.5,audit_gate:A:k2,0.11065625000000001,1.0590625,1.75,0.92125,0.065125,0.65125,0.05625000000000002,0.3090625,0.048843750000000005
1,0.5,0.5,serial_last:A:k2,0.1,0.75,0.75,0.92125,0.065125,0.65125,0.05625000000000002,0.0,0.065125
1,0.5,0.5,exposed_vote:A:k3,0.08874999999999998,1.0,1.0,0.8941375000000001,0.05831875,0.5831875,0.06603749999999997,0.0,0.05831875
1,0.5,0.5,blind_vote:A:k3,0.064,1.15,1.15,0.8281000000000002,0.050050000000000004,0.5005000000000001,0.0,0.0,0.050050000000000004
1,0.5,0.5,echo_gate:A:k3,0.07949124999999997,1.1058624999999997,2.0,0.8941375000000001,0.05831875,0.5831875,0.06603749999999997,0.10586249999999986,0.05831875
1,0.5,0.5,blind_gate:A:k3,0.08442999999999998,1.3218999999999999,2.15,0.8281000000000002,0.050050000000000004,0.5005000000000001,0.0,0.17189999999999983,0.050050000000000004
1,0.5,0.5,audit_gate:A:k3,0.1096184375,1.329396875,2.0,0.8941375000000001,0.05831875,0.5831875,0.06603749999999997,0.3293968749999999,0.0437390625
1,0.5,0.5,serial_last:A:k3,0.1,1.0,1.0,0.8941375000000001,0.05831875,0.5831875,0.06603749999999997,0.0,0.05831875
1,0.5,0.5,exposed_vote:A:k4,0.08814250000000001,1.25,1.25,0.8711031250000001,0.054575312499999994,0.545753125,0.07585312500000008,0.0,0.054575312499999994
1,0.5,0.5,blind_vote:A:k4,0.05428,1.45,1.45,0.79525,0.050005,0.50005,0.0,0.0,0.050005
1,0.5,0.5,echo_gate:A:k4,0.08035468749999998,1.378896875,2.25,0.8711031250000001,0.054575312499999994,0.545753125,0.07585312500000008,0.1288968749999999,0.054575312499999994
1,0.5,0.5,blind_gate:A:k4,0.09095500000000001,1.65475,2.45,0.79525,0.050005,0.50005,0.0,0.20475,0.050005
1,0.5,0.5,audit_gate:A:k4,0.11026601562499999,1.59667265625,2.25,0.8711031250000001,0.054575312499999994,0.545753125,0.07585312500000008,0.34667265625,0.040931484374999993
1,0.5,0.5,serial_last:A:k4,0.1,1.25,1.25,0.8711031250000001,0.054575312499999994,0.545753125,0.07585312500000008,0.0,0.054575312499999994
1,0.5,0.5,exposed_vote:A:k5,0.086815,1.5,1.5,0.8507178437499999,0.052516421875,0.52516421875,0.08499684374999994,0.0,0.052516421875
1,0.5,0.5,blind_vote:A:k5,0.05428,1.75,1.75,0.765721,0.0500005,0.500005,0.0,0.0,0.0500005
1,0.5,0.5,echo_gate:A:k5,0.082372853125,1.64928215625,2.5,0.8507178437499999,0.052516421875,0.52516421875,0.08499684374999994,0.14928215625000008,0.052516421875
1,0.5,0.5,blind_gate:A:k5,0.0968563,1.984279,2.75,0.765721,0.0500005,0.500005,0.0,0.23427900000000002,0.0500005
1,0.5,0.5,audit_gate:A:k5,0.11177963984375001,1.8619616171875002,2.5,0.8507178437499999,0.052516421875,0.52516421875,0.08499684374999994,0.3619616171875001,0.03938731640625
1,0.5,0.5,serial_last:A:k5,0.1,1.5,1.5,0.8507178437499999,0.052516421875,0.52516421875,0.08499684374999994,0.0,0.052516421875
1,0.5,0.5,exposed_vote:A:k6,0.08727568749999999,1.75,1.75,0.8321753828125,0.05138403203125,0.5138403203124999,0.09302688281250004,0.0,0.05138403203125
1,0.5,0.5,blind_vote:A:k6,0.051364,2.05,2.05,0.7391485,0.050000050000000004,0.5000005,0.0,0.0,0.050000050000000004
1,0.5,0.5,echo_gate:A:k6,0.08494895546875,1.9178246171875,2.75,0.8321753828125,0.05138403203125,0.5138403203124999,0.09302688281250004,0.16782461718749997,0.05138403203125
1,0.5,0.5,blind_gate:A:k6,0.10217035000000001,2.3108515,3.05,0.7391485,0.050000050000000004,0.5000005,0.0,0.2608515,0.050000050000000004
1,0.5,0.5,audit_gate:A:k6,0.11371171660156251,2.125868462890625,2.75,0.8321753828125,0.05138403203125,0.5138403203124999,0.09302688281250004,0.37586846289062503,0.0385380240234375
1,0.5,0.5,serial_last:A:k6,0.1,1.75,1.75,0.8321753828125,0.05138403203125,0.5138403203124999,0.09302688281250004,0.0,0.05138403203125
1,0.5,0.5,exposed_vote:A:k7,0.08642891406249996,2.0,2.0,0.815013000859375,0.0507612176171875,0.5076121761718749,0.09977939085937493,0.0,0.0507612176171875
1,0.5,0.5,blind_vote:A:k7,0.05136399999999999,2.35,2.35,0.7152336100000001,0.050000005,0.5000000499999999,0.0,0.0,0.050000005
1,0.5,0.5,echo_gate:A:k7,0.08775861744531249,2.1849869991406248,3.0,0.815013000859375,0.0507612176171875,0.5076121761718749,0.09977939085937493,0.184986999140625,0.0507612176171875
1,0.5,0.5,blind_gate:A:k7,0.10695328299999998,2.6347663900000002,3.35,0.7152336100000001,0.050000005,0.5000000499999999,0.0,0.2847663899999999,0.050000005
1,0.5,0.5,audit_gate:A:k7,0.1158189630839844,2.388740249355469,3.0,0.815013000859375,0.0507612176171875,0.5076121761718749,0.09977939085937493,0.3887402493554688,0.03807091321289063
1,0.5,0.5,serial_last:A:k7,0.1,2.0,2.0,0.815013000859375,0.0507612176171875,0.5076121761718749,0.09977939085937493,0.0,0.0507612176171875
1,0.5,0.9,alone:H:k0,0.2,1.0,1.0,1.0,0.2,1.0,0.0,0.0,0.2
1,0.5,0.9,alone:A:k0,0.1,0.25,0.25,1.0,0.1,1.0,0.0,0.0,0.1
1,0.5,0.9,exposed_vote:H:k1,0.2,1.25,1.25,1.0,0.2,1.0,0.2599999999999999,0.0,0.2
1,0.5,0.9,blind_vote:H:k1,0.15000000000000002,1.3,1.3,0.7400000000000001,0.020000000000000004,0.10000000000000002,0.0,0.0,0.020000000000000004
1,0.5,0.9,echo_gate:H:k1,0.2,1.25,2.25,1.0,0.2,1.0,0.2599999999999999,0.0,0.2
1,0.5,0.9,blind_gate:H:k1,0.07199999999999998,1.56,2.3,0.7400000000000001,0.020000000000000004,0.10000000000000002,0.0,0.2599999999999999,0.020000000000000004
1,0.5,0.9,audit_gate:H:k1,0.2,1.5,2.25,1.0,0.2,1.0,0.2599999999999999,0.25,0.15000000000000002
1,0.5,0.9,serial_last:H:k1,0.2,1.25,1.25,1.0,0.2,1.0,0.2599999999999999,0.0,0.2
1,0.5,0.9,exposed_vote:H:k2,0.20000000000000004,1.5,1.5,1.0,0.20000000000000004,1.0000000000000002,0.2689999999999999,0.0,0.20000000000000004
1,0.5,0.9,blind_vote:H:k2,0.09460000000000002,1.6,1.6,0.7310000000000001,0.018200000000000004,0.09100000000000001,0.0,0.0,0.018200000000000004
1,0.5,0.9,echo_gate:H:k2,0.20000000000000004,1.5,2.5,1.0,0.20000000000000004,1.0000000000000002,0.2689999999999999,0.0,0.20000000000000004
1,0.5,0.9,blind_gate:H:k2,0.072,1.869,2.6,0.7310000000000001,0.018200000000000004,0.09100000000000001,0.0,0.2689999999999999,0.018200000000000004
1,0.5,0.9,audit_gate:H:k2,0.2,1.75,2.5,1.0,0.20000000000000004,1.0000000000000002,0.2689999999999999,0.25,0.15000000000000002
1,0.5,0.9,serial_last:H:k2,0.15000000000000002,1.5,1.5,0.8700000000000001,0.11000000000000001,0.55,0.139,0.0,0.11000000000000001
1,0.5,0.9,exposed_vote:H:k3,0.2,1.75,1.75,1.0,0.2,1.0,0.2756599999999999,0.0,0.2
1,0.5,0.9,blind_vote:H:k3,0.09415000000000001,1.9,1.9,0.7243400000000001,0.018020000000000005,0.09010000000000001,0.0,0.0,0.018020000000000005
1,0.5,0.9,echo_gate:H:k3,0.2,1.75,2.75,1.0,0.2,1.0,0.2756599999999999,0.0,0.2
1,0.5,0.9,blind_gate:H:k3,0.073152,2.1756599999999997,2.9,0.7243400000000001,0.018020000000000005,0.09010000000000001,0.0,0.2756599999999999,0.018020000000000005
1,0.5,0.9,audit_gate:H:k3,0.2,2.0,2.75,1.0,0.2,1.0,0.2756599999999999,0.25,0.15000000000000002
1,0.5,0.9,serial_last:H:k3,0.125,1.75,1.75,0.8027500000000001,0.06455000000000001,0.32275000000000004,0.07840999999999998,0.0,0.06455000000000001
1,0.5,0.9,exposed_vote:H:k4,0.2,2.0,2.0,1.0,0.2,1.0,0.28151000000000004,0.0,0.2
1,0.5,0.9,blind_vote:H:k4,0.09134199999999999,2.2,2.2,0.71849,0.018002,0.09000999999999999,0.0,0.0,0.018002
1,0.5,0.9,echo_gate:H:k4,0.2,2.0,3.0,1.0,0.2,1.0,0.28151000000000004,0.0,0.2
1,0.5,0.9,blind_gate:H:k4,0.07430400000000001,2.48151,3.2,0.71849,0.018002,0.09000999999999999,0.0,0.28151000000000004,0.018002
1,0.5,0.9,audit_gate:H:k4,0.2,2.25,3.0,1.0,0.2,1.0,0.28151000000000004,0.25,0.15000000000000002
1,0.5,0.9,serial_last:H:k4,0.1125,2.0,2.0,0.7671675,0.0415775,0.2078875,0.04867750000000004,0.0,0.0415775
1,0.5,0.9,exposed_vote:H:k5,0.2,2.25,2.25,1.0,0.2,1.0,0.2867605999999999,0.0,0.2
1,0.5,0.9,blind_vote:H:k5,0.09126100000000002,2.5,2.5,0.7132394000000001,0.018000200000000004,0.09000100000000001,0.0,0.0,0.018000200000000004
1,0.5,0.9,echo_gate:H:k5,0.2,2.25,3.25,1.0,0.2,1.0,0.2867605999999999,0.0,0.2
1,0.5,0.9,blind_gate:H:k5,0.07535231999999999,2.7867606,3.5,0.7132394000000001,0.018000200000000004,0.09000100000000001,0.0,0.2867605999999999,0.018000200000000004
1,0.5,0.9,audit_gate:H:k5,0.2,2.5,3.25,1.0,0.2,1.0,0.2867605999999999,0.25,0.15000000000000002
1,0.5,0.9,serial_last:H:k5,0.10625000000000001,2.25,2.25,0.747615625,0.029955125000000003,0.149775625,0.03437622499999993,0.0,0.029955125000000003
1,0.5,0.9,exposed_vote:H:k6,0.2,2.5,2.5,1.0,0.2,1.0,0.29148469999999993,0.0,0.2
1,0.5,0.9,blind_vote:H:k6,0.09041860000000002,2.8,2.8,0.7085153000000001,0.018000020000000002,0.0900001,0.0,0.0,0.018000020000000002
1,0.5,0.9,echo_gate:H:k6,0.2,2.5,3.5,1.0,0.2,1.0,0.29148469999999993,0.0,0.2
1,0.5,0.9,blind_gate:H:k6,0.07629696,3.0914846999999996,3.8,0.7085153000000001,0.018000020000000002,0.0900001,0.0,0.29148469999999993,0.018000020000000002
1,0.5,0.9,audit_gate:H:k6,0.2,2.75,3.5,1.0,0.2,1.0,0.29148469999999993,0.25,0.15000000000000002
1,0.5,0.9,serial_last:H:k6,0.10312500000000001,2.5,2.5,0.73622154375,0.024069068750000006,0.12034534375000003,0.02770624374999997,0.0,0.024069068750000006
1,0.5,0.9,exposed_vote:H:k7,0.20000000000000004,2.75,2.75,1.0,0.20000000000000004,1.0000000000000002,0.2957362459999999,0.0,0.20000000000000004
1,0.5,0.9,blind_vote:H:k7,0.090400375,3.1,3.1,0.7042637540000001,0.018000002,0.09000001,0.0,0.0,0.018000002
1,0.5,0.9,echo_gate:H:k7,0.20000000000000004,2.75,3.75,1.0,0.20000000000000004,1.0000000000000002,0.2957362459999999,0.0,0.20000000000000004
1,0.5,0.9,blind_gate:H:k7,0.07714725119999999,3.3957362460000002,4.1,0.7042637540000001,0.018000002,0.09000001,0.0,0.2957362459999999,0.018000002
1,0.5,0.9,audit_gate:H:k7,0.2,3.0,3.75,1.0,0.20000000000000004,1.0000000000000002,0.2957362459999999,0.25,0.15000000000000002
1,0.5,0.9,serial_last:H:k7,0.1015625,2.75,2.75,0.7290172140625001,0.021084862812499997,0.10542431406249998,0.02475346006250001,0.0,0.021084862812499997
1,0.5,0.9,exposed_vote:A:k1,0.10000000000000002,0.5,0.5,0.991,0.09550000000000002,0.9550000000000001,0.009000000000000008,0.0,0.09550000000000002
1,0.5,0.9,blind_vote:A:k1,0.10000000000000002,0.55,0.55,0.982,0.09100000000000001,0.91,0.0,0.0,0.09100000000000001
1,0.5,0.9,echo_gate:A:k1,0.09730000000000001,0.509,1.5,0.991,0.09550000000000002,0.9550000000000001,0.009000000000000008,0.009000000000000008,0.09550000000000002
1,0.5,0.9,blind_gate:A:k1,0.09460000000000002,0.5680000000000001,1.55,0.982,0.09100000000000001,0.91,0.0,0.018000000000000016,0.09100000000000001
1,0.5,0.9,audit_gate:A:k1,0.12297500000000001,0.75675,1.5,0.991,0.09550000000000002,0.9550000000000001,0.009000000000000008,0.25675000000000003,0.07162500000000001
1,0.5,0.9,serial_last:A:k1,0.1,0.5,0.5,0.991,0.09550000000000002,0.9550000000000001,0.009000000000000008,0.0,0.09550000000000002
1,0.5,0.9,exposed_vote:A:k2,0.09820000000000001,0.75,0.75,0.9842500000000001,0.09302500000000001,0.93025,0.011249999999999982,0.0,0.09302500000000001
1,0.5,0.9,blind_vote:A:k2,0.09280000000000001,0.85,0.85,0.9730000000000001,0.09010000000000001,0.9010000000000001,0.0,0.0,0.09010000000000001
1,0.5,0.9,echo_gate:A:k2,0.096175,0.7657499999999999,1.75,0.9842500000000001,0.09302500000000001,0.93025,0.011249999999999982,0.01574999999999993,0.09302500000000001
1,0.5,0.9,blind_gate:A:k2,0.0955,0.8769999999999999,1.85,0.9730000000000001,0.09010000000000001,0.9010000000000001,0.0,0.026999999999999913,0.09010000000000001
1,0.5,0.9,audit_gate:A:k2,0.12213125000000001,1.0118125,1.75,0.9842500000000001,0.09302500000000001,0.93025,0.011249999999999982,0.2618125,0.06976875
1,0.5,0.9,serial_last:A:k2,0.1,0.75,0.75,0.9842500000000001,0.09302500000000001,0.93025,0.011249999999999982,0.0,0.09302500000000001
1,0.5,0.9,exposed_vote:A:k3,0.09775,1.0,1.0,0.9788275,0.09166375,0.9166375,0.013207499999999928,0.0,0.09166375
1,0.5,0.9,blind_vote:A:k3,0.09280000000000001,1.15,1.15,0.96562,0.09001,0.9001,0.0,0.0,0.09001
1,0.5,0.9,echo_gate:A:k3,0.09589825,1.0211725,2.0,0.9788275,0.09166375,0.9166375,0.013207499999999928,0.02117250000000004,0.09166375
1,0.5,0.9,blind_gate:A:k3,0.096886,1.18438,2.15,0.96562,0.09001,0.9001,0.0,0.034379999999999966,0.09001
1,0.5,0.9,audit_gate:A:k3,0.12192368750000002,1.265879375,2.0,0.9788275,0.09166375,0.9166375,0.013207499999999928,0.26587937500000003,0.0687478125
1,0.5,0.9,serial_last:A:k3,0.1,1.0,1.0,0.9788275,0.09166375,0.9166375,0.013207499999999928,0.0,0.09166375
1,0.5,0.9,exposed_vote:A:k4,0.0976285,1.25,1.25,0.9742206250000001,0.09091506250000002,0.9091506250000001,0.015170624999999993,0.0,0.09091506250000002
1,0.5,0.9,blind_vote:A:k4,0.090856,1.45,1.45,0.9590500000000001,0.09000100000000001,0.9000100000000001,0.0,0.0,0.09000100000000001
1,0.5,0.9,echo_gate:A:k4,0.09607093750000001,1.275779375,2.25,0.9742206250000001,0.09091506250000002,0.9091506250000001,0.015170624999999993,0.025779374999999938,0.09091506250000002
1,0.5,0.9,blind_gate:A:k4,0.098191,1.4909499999999998,2.45,0.9590500000000001,0.09000100000000001,0.9000100000000001,0.0,0.04094999999999993,0.09000100000000001
1,0.5,0.9,audit_gate:A:k4,0.12205320312500001,1.51933453125,2.25,0.9742206250000001,0.09091506250000002,0.9091506250000001,0.015170624999999993,0.26933453124999995,0.06818629687500001
1,0.5,0.9,serial_last:A:k4,0.1,1.25,1.25,0.9742206250000001,0.09091506250000002,0.9091506250000001,0.015170624999999993,0.0,0.09091506250000002
1,0.5,0.9,exposed_vote:A:k5,0.09736300000000002,1.5,1.5,0.9701435687500001,0.090503284375,0.90503284375,0.016999368749999966,0.0,0.090503284375
1,0.5,0.9,blind_vote:A:k5,0.09085600000000002,1.75,1.75,0.9531442000000001,0.09000010000000001,0.900001,0.0,0.0,0.09000010000000001
1,0.5,0.9,echo_gate:A:k5,0.09647457062499999,1.5298564312499998,2.5,0.9701435687500001,0.090503284375,0.90503284375,0.016999368749999966,0.029856431249999926,0.090503284375
1,0.5,0.9,blind_gate:A:k5,0.09937125999999999,1.7968558,2.75,0.9531442000000001,0.09000010000000001,0.900001,0.0,0.04685579999999989,0.09000010000000001
1,0.5,0.9,audit_gate:A:k5,0.12235592796875,1.7723923234374999,2.5,0.9701435687500001,0.090503284375,0.90503284375,0.016999368749999966,0.2723923234375,0.06787746328125001
1,0.5,0.9,serial_last:A:k5,0.1,1.5,1.5,0.9701435687500001,0.090503284375,0.90503284375,0.016999368749999966,0.0,0.090503284375
1,0.5,0.9,exposed_vote:A:k6,0.09745513750000002,1.75,1.75,0.9664350765625,0.09027680640625001,0.9027680640625,0.018605376562499942,0.0,0.09027680640625001
1,0.5,0.9,blind_vote:A:k6,0.09027279999999999,2.05,2.05,0.9478297000000001,0.09000001,0.9000001,0.0,0.0,0.09000001
1,0.5,0.9,echo_gate:A:k6,0.09698979109375,1.7835649234375,2.75,0.9664350765625,0.09027680640625001,0.9027680640625,0.018605376562499942,0.03356492343749995,0.09027680640625001
1,0.5,0.9,blind_gate:A:k6,0.10043406999999999,2.1021702999999996,3.05,0.9478297000000001,0.09000001,0.9000001,0.0,0.05217029999999989,0.09000001
1,0.5,0.9,audit_gate:A:k6,0.1227423433203125,2.025173692578125,2.75,0.9664350765625,0.09027680640625001,0.9027680640625,0.018605376562499942,0.27517369257812496,0.0677076048046875
1,0.5,0.9,serial_last:A:k6,0.1,1.75,1.75,0.9664350765625,0.09027680640625001,0.9027680640625,0.018605376562499942,0.0,0.09027680640625001
1,0.5,0.9,exposed_vote:A:k7,0.09728578281250003,2.0,2.0,0.963002600171875,0.09015224352343751,0.901522435234375,0.01995587817187494,0.0,0.09015224352343751
1,0.5,0.9,blind_vote:A:k7,0.09027280000000003,2.35,2.35,0.9430467220000001,0.09000000100000001,0.9000000100000001,0.0,0.0,0.09000000100000001
1,0.5,0.9,echo_gate:A:k7,0.0975517234890625,2.0369973998281248,3.0,0.963002600171875,0.09015224352343751,0.901522435234375,0.01995587817187494,0.036997399828125,0.09015224352343751
1,0.5,0.9,blind_gate:A:k7,0.1013906566,2.406953278,3.35,0.9430467220000001,0.09000000100000001,0.9000000100000001,0.0,0.05695327799999994,0.09000000100000001
1,0.5,0.9,audit_gate:A:k7,0.12316379261679689,2.277748049871094,3.0,0.963002600171875,0.09015224352343751,0.901522435234375,0.01995587817187494,0.2777480498710938,0.06761418264257812
1,0.5,0.9,serial_last:A:k7,0.1,2.0,2.0,0.963002600171875,0.09015224352343751,0.901522435234375,0.01995587817187494,0.0,0.09015224352343751
1,0.8,0,alone:H:k0,0.2,1.0,1.0,1.0,0.2,1.0,0.0,0.0,0.2
1,0.8,0,alone:A:k0,0.1,0.25,0.25,1.0,0.1,1.0,0.0,0.0,0.1
1,0.8,0,exposed_vote:H:k1,0.2,1.25,1.25,1.0,0.2,1.0,0.2599999999999999,0.0,0.2
1,0.8,0,blind_vote:H:k1,0.15000000000000002,1.3,1.3,0.7400000000000001,0.019999999999999997,0.09999999999999998,0.0,0.0,0.019999999999999997
1,0.8,0,echo_gate:H:k1,0.2,1.25,2.25,1.0,0.2,1.0,0.2599999999999999,0.0,0.2
1,0.8,0,blind_gate:H:k1,0.07199999999999998,1.56,2.3,0.7400000000000001,0.019999999999999997,0.09999999999999998,0.0,0.2599999999999999,0.019999999999999997
1,0.8,0,audit_gate:H:k1,0.2,1.5,2.25,1.0,0.2,1.0,0.2599999999999999,0.25,0.15000000000000002
1,0.8,0,serial_last:H:k1,0.2,1.25,1.25,1.0,0.2,1.0,0.2599999999999999,0.0,0.2
1,0.8,0,exposed_vote:H:k2,0.20000000000000004,1.5,1.5,1.0000000000000002,0.20000000000000004,1.0000000000000002,0.3500000000000001,0.0,0.20000000000000004
1,0.8,0,blind_vote:H:k2,0.046,1.6,1.6,0.6500000000000001,0.001999999999999999,0.009999999999999995,0.0,0.0,0.001999999999999999
1,0.8,0,echo_gate:H:k2,0.19999999999999998,1.4999999999999998,2.5,1.0000000000000002,0.20000000000000004,1.0000000000000002,0.3500000000000001,-2.220446049250313e-16,0.20000000000000004
1,0.8,0,blind_gate:H:k2,0.07199999999999998,1.95,2.6,0.6500000000000001,0.001999999999999999,0.009999999999999995,0.0,0.34999999999999987,0.001999999999999999
1,0.8,0,audit_gate:H:k2,0.19999999999999998,1.7499999999999998,2.5,1.0000000000000002,0.20000000000000004,1.0000000000000002,0.3500000000000001,0.24999999999999978,0.15000000000000002
1,0.8,0,serial_last:H:k2,0.18000000000000002,1.5,1.5,0.9480000000000002,0.16400000000000003,0.8200000000000002,0.29800000000000004,0.0,0.16400000000000003
1,0.8,0,exposed_vote:H:k3,0.2,1.75,1.75,1.0,0.2,1.0,0.41659999999999997,0.0,0.2
1,0.8,0,blind_vote:H:k3,0.041499999999999995,1.9,1.9,0.5834,0.00019999999999999987,0.0009999999999999994,0.0,0.0,0.00019999999999999987
1,0.8,0,echo_gate:H:k3,0.2,1.75,2.75,1.0,0.2,1.0,0.41659999999999997,0.0,0.2
1,0.8,0,blind_gate:H:k3,0.08352000000000001,2.3165999999999998,2.9,0.5834,0.00019999999999999987,0.0009999999999999994,0.0,0.41659999999999997,0.00019999999999999987
1,0.8,0,audit_gate:H:k3,0.2,2.0,2.75,1.0,0.2,1.0,0.41659999999999997,0.25,0.15000000000000002
1,0.8,0,serial_last:H:k3,0.16400000000000003,1.75,1.75,0.9028,0.13448000000000002,0.6724,0.3194,0.0,0.13448000000000002
1,0.8,0,exposed_vote:H:k4,0.2,2.0,2.0,1.0,0.2,1.0,0.47509999999999997,0.0,0.2
1,0.8,0,blind_vote:H:k4,0.013419999999999994,2.2,2.2,0.5249,1.9999999999999985e-05,9.999999999999992e-05,0.0,0.0,1.9999999999999985e-05
1,0.8,0,echo_gate:H:k4,0.2,2.0,3.0,1.0,0.2,1.0,0.47509999999999997,0.0,0.2
1,0.8,0,blind_gate:H:k4,0.09504,2.6751,3.2,0.5249,1.9999999999999985e-05,9.999999999999992e-05,0.0,0.47509999999999997,1.9999999999999985e-05
1,0.8,0,audit_gate:H:k4,0.2,2.25,3.0,1.0,0.2,1.0,0.47509999999999997,0.25,0.15000000000000002
1,0.8,0,serial_last:H:k4,0.15120000000000003,2.0,2.0,0.8632272000000001,0.11027360000000003,0.5513680000000001,0.33832720000000005,0.0,0.11027360000000003
1,0.8,0,exposed_vote:H:k5,0.2,2.25,2.25,1.0,0.2,1.0,0.5276059999999999,0.0,0.2
1,0.8,0,blind_vote:H:k5,0.012609999999999993,2.5,2.5,0.4723940000000001,1.999999999999998e-06,9.999999999999989e-06,0.0,0.0,1.999999999999998e-06
1,0.8,0,echo_gate:H:k5,0.2,2.25,3.25,1.0,0.2,1.0,0.5276059999999999,0.0,0.2
1,0.8,0,blind_gate:H:k5,0.10552319999999998,3.027606,3.5,0.4723940000000001,1.999999999999998e-06,9.999999999999989e-06,0.0,0.5276059999999999,1.999999999999998e-06
1,0.8,0,audit_gate:H:k5,0.2,2.5,3.25,1.0,0.2,1.0,0.5276059999999999,0.25,0.15000000000000002
1,0.8,0,serial_last:H:k5,0.14096000000000003,2.25,2.25,0.8283188800000001,0.09042435200000001,0.45212176000000004,0.35592488,0.0,0.09042435200000001
1,0.8,0,exposed_vote:H:k6,0.2,2.5,2.5,1.0,0.2,1.0,0.5748469999999999,0.0,0.2
1,0.8,0,blind_vote:H:k6,0.004185999999999997,2.8,2.8,0.42515300000000006,1.9999999999999975e-07,9.999999999999987e-07,0.0,0.0,1.9999999999999975e-07
1,0.8,0,echo_gate:H:k6,0.2,2.5,3.5,1.0,0.2,1.0,0.5748469999999999,0.0,0.2
1,0.8,0,blind_gate:H:k6,0.11496959999999999,3.374847,3.8,0.42515300000000006,1.9999999999999975e-07,9.999999999999987e-07,0.0,0.5748469999999999,1.9999999999999975e-07
1,0.8,0,audit_gate:H:k6,0.2,2.75,3.5,1.0,0.2,1.0,0.5748469999999999,0.25,0.15000000000000002
1,0.8,0,serial_last:H:k6,0.13276800000000002,2.5,2.5,0.7972846060800001,0.07414796864000002,0.3707398432000001,0.37213160608,0.0,0.07414796864000002
1,0.8,0,exposed_vote:H:k7,0.2,2.75,2.75,1.0,0.2,1.0,0.61736246,0.0,0.2
1,0.8,0,blind_vote:H:k7,0.004003749999999998,3.1,3.1,0.38263754000000005,1.999999999999997e-08,9.999999999999985e-08,0.0,0.0,1.999999999999997e-08
1,0.8,0,echo_gate:H:k7,0.2,2.75,3.75,1.0,0.2,1.0,0.61736246,0.0,0.2
1,0.8,0,blind_gate:H:k7,0.12347251199999999,3.71736246,4.1,0.38263754000000005,1.999999999999997e-08,9.999999999999985e-08,0.0,0.61736246,1.999999999999997e-08
1,0.8,0,audit_gate:H:k7,0.2,3.0,3.75,1.0,0.2,1.0,0.61736246,0.25,0.15000000000000002
1,0.8,0,serial_last:H:k7,0.1262144,2.75,2.75,0.769475238976,0.06080133428480001,0.304006671424,0.38683769897599996,0.0,0.06080133428480001
1,0.8,0,exposed_vote:A:k1,0.09999999999999999,0.5,0.5,0.9640000000000001,0.082,0.82,0.14400000000000002,0.0,0.082
1,0.8,0,blind_vote:A:k1,0.1,0.55,0.55,0.8200000000000001,0.009999999999999998,0.09999999999999998,0.0,0.0,0.009999999999999998
1,0.8,0,echo_gate:A:k1,0.08919999999999999,0.5359999999999999,1.5,0.9640000000000001,0.082,0.82,0.14400000000000002,0.03599999999999992,0.082
1,0.8,0,blind_gate:A:k1,0.045999999999999985,0.73,1.55,0.8200000000000001,0.009999999999999998,0.09999999999999998,0.0,0.17999999999999994,0.009999999999999998
1,0.8,0,audit_gate:A:k1,0.11689999999999998,0.7769999999999999,1.5,0.9640000000000001,0.082,0.82,0.14400000000000002,0.2769999999999999,0.0615
1,0.8,0,serial_last:A:k1,0.1,0.5,0.5,0.9640000000000001,0.082,0.82,0.14400000000000002,0.0,0.082
1,0.8,0,exposed_vote:A:k2,0.09712000000000001,0.75,0.75,0.9316000000000001,0.06724000000000002,0.6724000000000002,0.2016,0.0,0.06724000000000002
1,0.8,0,blind_vote:A:k2,0.027999999999999997,0.85,0.85,0.7300000000000001,0.0009999999999999996,0.009999999999999995,0.0,0.0,0.0009999999999999996
1,0.8,0,echo_gate:A:k2,0.08092,0.8183999999999999,1.75,0.9316000000000001,0.06724000000000002,0.6724000000000002,0.2016,0.0683999999999999,0.06724000000000002
1,0.8,0,blind_gate:A:k2,0.054999999999999986,1.1199999999999999,1.85,0.7300000000000001,0.0009999999999999996,0.009999999999999995,0.0,0.2699999999999999,0.0009999999999999996
1,0.8,0,audit_gate:A:k2,0.11069,1.0513,1.75,0.9316000000000001,0.06724000000000002,0.6724000000000002,0.2016,0.3012999999999999,0.050430000000000016
1,0.8,0,serial_last:A:k2,0.1,0.75,0.75,0.9316000000000001,0.06724000000000002,0.6724000000000002,0.2016,0.0,0.06724000000000002
1,0.8,0,exposed_vote:A:k3,0.095968,1.0,1.0,0.9022096000000002,0.055136800000000014,0.5513680000000001,0.24600960000000005,0.0,0.055136800000000014
1,0.8,0,blind_vote:A:k3,0.02799999999999999,1.15,1.15,0.6562000000000001,9.999999999999994e-05,0.0009999999999999994,0.0,0.0,9.999999999999994e-05
1,0.8,0,echo_gate:A:k3,0.07469487999999998,1.0977903999999998,2.0,0.9022096000000002,0.055136800000000014,0.5513680000000001,0.24600960000000005,0.09779039999999983,0.055136800000000014
1,0.8,0,blind_gate:A:k3,0.06885999999999998,1.4937999999999998,2.15,0.6562000000000001,9.999999999999994e-05,0.0009999999999999994,0.0,0.3437999999999999,9.999999999999994e-05
1,0.8,0,audit_gate:A:k3,0.10602115999999998,1.3233427999999998,2.0,0.9022096000000002,0.055136800000000014,0.5513680000000001,0.24600960000000005,0.3233427999999998,0.04135260000000001
1,0.8,0,serial_last:A:k3,0.1,1.0,1.0,0.9022096000000002,0.055136800000000014,0.5513680000000001,0.24600960000000005,0.0,0.055136800000000014
1,0.8,0,exposed_vote:A:k4,0.09801049599999999,1.25,1.25,0.8753435200000002,0.04521217600000001,0.45212176000000004,0.2848435200000001,0.0,0.04521217600000001
1,0.8,0,blind_vote:A:k4,0.008559999999999995,1.45,1.45,0.5905,9.999999999999992e-06,9.999999999999992e-05,0.0,0.0,9.999999999999992e-06
1,0.8,0,echo_gate:A:k4,0.07014347199999998,1.3746564799999998,2.25,0.8753435200000002,0.04521217600000001,0.45212176000000004,0.2848435200000001,0.12465647999999985,0.04521217600000001
1,0.8,0,blind_gate:A:k4,0.08191,1.8595,2.45,0.5905,9.999999999999992e-06,9.999999999999992e-05,0.0,0.4095,9.999999999999992e-06
1,0.8,0,audit_gate:A:k4,0.102607604,1.59349236,2.25,0.8753435200000002,0.04521217600000001,0.45212176000000004,0.2848435200000001,0.34349235999999994,0.03390913200000001
1,0.8,0,serial_last:A:k4,0.1,1.25,1.25,0.8753435200000002,0.04521217600000001,0.45212176000000004,0.2848435200000001,0.0,0.04521217600000001
1,0.8,0,exposed_vote:A:k5,0.09762526720000002,1.5,1.5,0.85060270144,0.03707398432000001,0.3707398432000001,0.31916070143999997,0.0,0.03707398432000001
1,0.8,0,blind_vote:A:k5,0.008559999999999996,1.75,1.75,0.5314420000000001,9.99999999999999e-07,9.999999999999989e-06,0.0,0.0,9.99999999999999e-07
1,0.8,0,echo_gate:A:k5,0.066953444032,1.6493972985599998,2.5,0.85060270144,0.03707398432000001,0.3707398432000001,0.31916070143999997,0.14939729855999995,0.03707398432000001
1,0.8,0,blind_gate:A:k5,0.0937126,2.218558,2.75,0.5314420000000001,9.99999999999999e-07,9.999999999999989e-06,0.0,0.4685579999999999,9.99999999999999e-07
1,0.8,0,audit_gate:A:k5,0.100215083024,1.86204797392,2.5,0.85060270144,0.03707398432000001,0.3707398432000001,0.31916070143999997,0.36204797392,0.02780548824000001
1,0.8,0,serial_last:A:k5,0.1,1.5,1.5,0.85060270144,0.03707398432000002,0.37073984320000014,0.31916070143999997,0.0,0.03707398432000002
1,0.8,0,exposed_vote:A:k6,0.098846935552,1.75,1.75,0.8276588099200001,0.030400667142400008,0.30400667142400006,0.34936180992,0.0,0.030400667142400008
1,0.8,0,blind_vote:A:k6,0.0027279999999999982,2.05,2.05,0.4782970000000001,9.999999999999988e-08,9.999999999999987e-07,0.0,0.0,9.999999999999988e-08
1,0.8,0,echo_gate:A:k6,0.06486890515839999,1.92234119008,2.75,0.8276588099200001,0.030400667142400008,0.30400667142400006,0.34936180992,0.17234119007999993,0.030400667142400008
1,0.8,0,blind_gate:A:k6,0.1043407,2.571703,3.05,0.4782970000000001,9.999999999999988e-08,9.999999999999987e-07,0.0,0.5217029999999999,9.999999999999988e-08
1,0.8,0,audit_gate:A:k6,0.0986516788688,2.12925589256,2.75,0.8276588099200001,0.030400667142400008,0.30400667142400006,0.34936180992,0.3792558925599999,0.022800500356800008
1,0.8,0,serial_last:A:k6,0.1,1.75,1.75,0.8276588099200001,0.030400667142400008,0.30400667142400006,0.34936180992,0.0,0.030400667142400008
1,0.8,0,exposed_vote:A:k7,0.0987025733632,2.0,2.0,0.8062415269788161,0.024928547056768006,0.24928547056768005,0.37577430697881603,0.0,0.024928547056768006
1,0.8,0,blind_vote:A:k7,0.0027279999999999982,2.35,2.35,0.4304672200000001,9.999999999999985e-09,9.999999999999985e-08,0.0,0.0,9.999999999999985e-09
1,0.8,0,echo_gate:A:k7,0.06368024166100478,2.193758473021184,3.0,0.8062415269788161,0.024928547056768006,0.24928547056768005,0.37577430697881603,0.19375847302118387,0.024928547056768006
1,0.8,0,blind_gate:A:k7,0.11390656599999997,2.91953278,3.35,0.4304672200000001,9.999999999999985e-09,9.999999999999985e-08,0.0,0.5695327799999998,9.999999999999985e-09
1,0.8,0,audit_gate:A:k7,0.09776018124575359,2.395318854765888,3.0,0.8062415269788161,0.024928547056768006,0.24928547056768005,0.37577430697881603,0.3953188547658879,0.018696410292576005
1,0.8,0,serial_last:A:k7,0.1,2.0,2.0,0.8062415269788161,0.024928547056768006,0.24928547056768005,0.37577430697881603,0.0,0.024928547056768006
1,0.8,0.5,alone:H:k0,0.2,1.0,1.0,1.0,0.2,1.0,0.0,0.0,0.2
1,0.8,0.5,alone:A:k0,0.1,0.25,0.25,1.0,0.1,1.0,0.0,0.0,0.1
1,0.8,0.5,exposed_vote:H:k1,0.2,1.25,1.25,1.0,0.2,1.0,0.2599999999999999,0.0,0.2
1,0.8,0.5,blind_vote:H:k1,0.15000000000000002,1.3,1.3,0.7400000000000001,0.02,0.09999999999999999,0.0,0.0,0.02
1,0.8,0.5,echo_gate:H:k1,0.2,1.25,2.25,1.0,0.2,1.0,0.2599999999999999,0.0,0.2
1,0.8,0.5,blind_gate:H:k1,0.07199999999999998,1.56,2.3,0.7400000000000001,0.02,0.09999999999999999,0.0,0.2599999999999999,0.02
1,0.8,0.5,audit_gate:H:k1,0.2,1.5,2.25,1.0,0.2,1.0,0.2599999999999999,0.25,0.15000000000000002
1,0.8,0.5,serial_last:H:k1,0.2,1.25,1.25,1.0,0.2,1.0,0.2599999999999999,0.0,0.2
1,0.8,0.5,exposed_vote:H:k2,0.2,1.5,1.5,1.0,0.2,1.0,0.30499999999999994,0.0,0.2
1,0.8,0.5,blind_vote:H:k2,0.07300000000000001,1.6,1.6,0.6950000000000001,0.011000000000000001,0.055,0.0,0.0,0.011000000000000001
1,0.8,0.5,echo_gate:H:k2,0.2,1.5,2.5,1.0,0.2,1.0,0.30499999999999994,0.0,0.2
1,0.8,0.5,blind_gate:H:k2,0.072,1.905,2.6,0.6950000000000001,0.011000000000000001,0.055,0.0,0.30499999999999994,0.011000000000000001
1,0.8,0.5,audit_gate:H:k2,0.2,1.75,2.5,1.0,0.2,1.0,0.30499999999999994,0.25,0.15000000000000002
1,0.8,0.5,serial_last:H:k2,0.18000000000000002,1.5,1.5,0.9480000000000001,0.164,0.82,0.253,0.0,0.164
1,0.8,0.5,exposed_vote:H:k3,0.2,1.75,1.75,1.0,0.2,1.0,0.33829999999999993,0.0,0.2
1,0.8,0.5,blind_vote:H:k3,0.07075000000000001,1.9,1.9,0.6617000000000001,0.010100000000000001,0.0505,0.0,0.0,0.010100000000000001
1,0.8,0.5,echo_gate:H:k3,0.2,1.75,2.75,1.0,0.2,1.0,0.33829999999999993,0.0,0.2
1,0.8,0.5,blind_gate:H:k3,0.07775999999999998,2.2382999999999997,2.9,0.6617000000000001,0.010100000000000001,0.0505,0.0,0.33829999999999993,0.010100000000000001
1,0.8,0.5,audit_gate:H:k3,0.2,2.0,2.75,1.0,0.2,1.0,0.33829999999999993,0.25,0.15000000000000002
1,0.8,0.5,serial_last:H:k3,0.16400000000000003,1.75,1.75,0.9046000000000001,0.13484000000000002,0.6742,0.2429,0.0,0.13484000000000002
1,0.8,0.5,exposed_vote:H:k4,0.2,2.0,2.0,1.0,0.2,1.0,0.36754999999999993,0.0,0.2
1,0.8,0.5,blind_vote:H:k4,0.05671,2.2,2.2,0.6324500000000001,0.010010000000000002,0.050050000000000004,0.0,0.0,0.010010000000000002
1,0.8,0.5,echo_gate:H:k4,0.2,2.0,3.0,1.0,0.2,1.0,0.36754999999999993,0.0,0.2
1,0.8,0.5,blind_gate:H:k4,0.08352,2.56755,3.2,0.6324500000000001,0.010010000000000002,0.050050000000000004,0.0,0.36754999999999993,0.010010000000000002
1,0.8,0.5,audit_gate:H:k4,0.2,2.25,3.0,1.0,0.2,1.0,0.36754999999999993,0.25,0.15000000000000002
1,0.8,0.5,serial_last:H:k4,0.15120000000000003,2.0,2.0,0.8681736000000002,0.11121680000000003,0.5560840000000001,0.23572360000000014,0.0,0.11121680000000003
1,0.8,0.5,exposed_vote:H:k5,0.2,2.25,2.25,1.0,0.2,1.0,0.3938029999999999,0.0,0.2
1,0.8,0.5,blind_vote:H:k5,0.056305,2.5,2.5,0.6061970000000001,0.010001000000000001,0.050005,0.0,0.0,0.010001000000000001
1,0.8,0.5,echo_gate:H:k5,0.2,2.25,3.25,1.0,0.2,1.0,0.3938029999999999,0.0,0.2
1,0.8,0.5,blind_gate:H:k5,0.08876159999999998,2.893803,3.5,0.6061970000000001,0.010001000000000001,0.050005,0.0,0.3938029999999999,0.010001000000000001
1,0.8,0.5,audit_gate:H:k5,0.2,2.5,3.25,1.0,0.2,1.0,0.3938029999999999,0.25,0.15000000000000002
1,0.8,0.5,serial_last:H:k5,0.14096000000000003,2.25,2.25,0.8374074400000001,0.09207617600000001,0.46038088000000005,0.23121044000000002,0.0,0.09207617600000001
1,0.8,0.5,exposed_vote:H:k6,0.19999999999999998,2.5,2.5,1.0,0.19999999999999998,0.9999999999999999,0.41742350000000006,0.0,0.19999999999999998
1,0.8,0.5,blind_vote:H:k6,0.052093,2.8,2.8,0.5825764999999999,0.010000100000000001,0.0500005,0.0,0.0,0.010000100000000001
1,0.8,0.5,echo_gate:H:k6,0.19999999999999998,2.5,3.5,1.0,0.19999999999999998,0.9999999999999999,0.41742350000000006,0.0,0.19999999999999998
1,0.8,0.5,blind_gate:H:k6,0.09348480000000002,3.2174234999999998,3.8,0.5825764999999999,0.010000100000000001,0.0500005,0.0,0.41742350000000006,0.010000100000000001
1,0.8,0.5,audit_gate:H:k6,0.2,2.75,3.5,1.0,0.19999999999999998,0.9999999999999999,0.41742350000000006,0.25,0.15
1,0.8,0.5,serial_last:H:k6,0.13276800000000002,2.5,2.5,0.81124070304,0.07656518432000001,0.3828259216,0.22866420304,0.0,0.07656518432000001
1,0.8,0.5,exposed_vote:H:k7,0.2,2.75,2.75,1.0,0.2,1.0,0.43868123000000003,0.0,0.2
1,0.8,0.5,blind_vote:H:k7,0.052001875,3.1,3.1,0.56131877,0.010000010000000002,0.050000050000000004,0.0,0.0,0.010000010000000002
1,0.8,0.5,echo_gate:H:k7,0.2,2.75,3.75,1.0,0.2,1.0,0.43868123000000003,0.0,0.2
1,0.8,0.5,blind_gate:H:k7,0.09773625600000002,3.53868123,4.1,0.56131877,0.010000010000000002,0.050000050000000004,0.0,0.43868123000000003,0.010000010000000002
1,0.8,0.5,audit_gate:H:k7,0.2,3.0,3.75,1.0,0.2,1.0,0.43868123000000003,0.25,0.15000000000000002
1,0.8,0.5,serial_last:H:k7,0.1262144,2.75,2.75,0.788816339488,0.0639936271424,0.319968135712,0.22749756948800004,0.0,0.0639936271424
1,0.8,0.5,exposed_vote:A:k1,0.1,0.5,0.5,0.982,0.091,0.9099999999999999,0.07199999999999995,0.0,0.091
1,0.8,0.5,blind_vote:A:k1,0.09999999999999999,0.55,0.55,0.91,0.055,0.5499999999999999,0.0,0.0,0.055
1,0.8,0.5,echo_gate:A:k1,0.0946,0.518,1.5,0.982,0.091,0.9099999999999999,0.07199999999999995,0.018000000000000016,0.091
1,0.8,0.5,blind_gate:A:k1,0.073,0.64,1.55,0.91,0.055,0.5499999999999999,0.0,0.08999999999999997,0.055
1,0.8,0.5,audit_gate:A:k1,0.12095000000000003,0.7635000000000001,1.5,0.982,0.091,0.9099999999999999,0.07199999999999995,0.26350000000000007,0.06825
1,0.8,0.5,serial_last:A:k1,0.1,0.5,0.5,0.982,0.091,0.9099999999999999,0.07199999999999995,0.0,0.091
1,0.8,0.5,exposed_vote:A:k2,0.09856000000000001,0.75,0.75,0.9658,0.08362000000000001,0.8362,0.1008,0.0,0.08362000000000001
1,0.8,0.5,blind_vote:A:k2,0.064,0.85,0.85,0.865,0.0505,0.505,0.0,0.0,0.0505
1,0.8,0.5,echo_gate:A:k2,0.09046000000000001,0.7842,1.75,0.9658,0.08362000000000001,0.8362,0.1008,0.03420000000000001,0.08362000000000001
1,0.8,0.5,blind_gate:A:k2,0.07750000000000001,0.985,1.85,0.865,0.0505,0.505,0.0,0.135,0.0505
1,0.8,0.5,audit_gate:A:k2,0.117845,1.02565,1.75,0.9658,0.08362000000000001,0.8362,0.1008,0.27564999999999995,0.062715
1,0.8,0.5,serial_last:A:k2,0.1,0.75,0.75,0.9658,0.08362000000000001,0.8362,0.1008,0.0,0.08362000000000001
1,0.8,0.5,exposed_vote:A:k3,0.09798400000000002,1.0,1.0,0.9511048000000002,0.07756840000000001,0.775684,0.12300480000000003,0.0,0.07756840000000001
1,0.8,0.5,blind_vote:A:k3,0.064,1.15,1.15,0.8281000000000002,0.050050000000000004,0.5005000000000001,0.0,0.0,0.050050000000000004
1,0.8,0.5,echo_gate:A:k3,0.08734743999999997,1.0488951999999998,2.0,0.9511048000000002,0.07756840000000001,0.775684,0.12300480000000003,0.048895199999999805,0.07756840000000001
1,0.8,0.5,blind_gate:A:k3,0.08442999999999998,1.3218999999999999,2.15,0.8281000000000002,0.050050000000000004,0.5005000000000001,0.0,0.17189999999999983,0.050050000000000004
1,0.8,0.5,audit_gate:A:k3,0.11551058,1.2866714,2.0,0.9511048000000002,0.07756840000000001,0.775684,0.12300480000000003,0.2866713999999999,0.05817630000000001
1,0.8,0.5,serial_last:A:k3,0.1,1.0,1.0,0.9511048000000002,0.07756840000000001,0.775684,0.12300480000000003,0.0,0.07756840000000001
1,0.8,0.5,exposed_vote:A:k4,0.09900524800000002,1.25,1.25,0.9376717600000001,0.072606088,0.7260608799999999,0.14242176000000006,0.0,0.072606088
1,0.8,0.5,blind_vote:A:k4,0.05428,1.45,1.45,0.79525,0.050005,0.50005,0.0,0.0,0.050005
1,0.8,0.5,echo_gate:A:k4,0.08507173599999998,1.3123282399999998,2.25,0.9376717600000001,0.072606088,0.7260608799999999,0.14242176000000006,0.062328239999999924,0.072606088
1,0.8,0.5,blind_gate:A:k4,0.09095500000000001,1.65475,2.45,0.79525,0.050005,0.50005,0.0,0.20475,0.050005
1,0.8,0.5,audit_gate:A:k4,0.113803802,1.54674618,2.25,0.9376717600000001,0.072606088,0.7260608799999999,0.14242176000000006,0.29674617999999997,0.054454565999999996
1,0.8,0.5,serial_last:A:k4,0.1,1.25,1.25,0.9376717600000001,0.072606088,0.7260608799999999,0.14242176000000006,0.0,0.072606088
1,0.8,0.5,exposed_vote:A:k5,0.09881263359999996,1.5,1.5,0.92530135072,0.06853699216,0.6853699216,0.15958035071999999,0.0,0.06853699216
1,0.8,0.5,blind_vote:A:k5,0.05428,1.75,1.75,0.765721,0.0500005,0.500005,0.0,0.0,0.0500005
1,0.8,0.5,echo_gate:A:k5,0.08347672201600001,1.5746986492800001,2.5,0.92530135072,0.06853699216,0.6853699216,0.15958035071999999,0.07469864928000003,0.06853699216
1,0.8,0.5,blind_gate:A:k5,0.0968563,1.984279,2.75,0.765721,0.0500005,0.500005,0.0,0.23427900000000002,0.0500005
1,0.8,0.5,audit_gate:A:k5,0.112607541512,1.80602398696,2.5,0.92530135072,0.06853699216,0.6853699216,0.15958035071999999,0.30602398696,0.05140274412
1,0.8,0.5,serial_last:A:k5,0.1,1.5,1.5,0.92530135072,0.06853699216,0.6853699216,0.15958035071999999,0.0,0.06853699216
1,0.8,0.5,exposed_vote:A:k6,0.099423467776,1.75,1.75,0.91382940496,0.0652003335712,0.652003335712,0.17468090496,0.0,0.0652003335712
1,0.8,0.5,blind_vote:A:k6,0.051364,2.05,2.05,0.7391485,0.050000050000000004,0.5000005,0.0,0.0,0.050000050000000004
1,0.8,0.5,echo_gate:A:k6,0.08243445257920001,1.83617059504,2.75,0.91382940496,0.0652003335712,0.652003335712,0.17468090496,0.08617059504000002,0.0652003335712
1,0.8,0.5,blind_gate:A:k6,0.10217035000000001,2.3108515,3.05,0.7391485,0.050000050000000004,0.5000005,0.0,0.2608515,0.050000050000000004
1,0.8,0.5,audit_gate:A:k6,0.1118258394344,2.06462794628,2.75,0.91382940496,0.0652003335712,0.652003335712,0.17468090496,0.31462794628,0.0489002501784
1,0.8,0.5,serial_last:A:k6,0.1,1.75,1.75,0.91382940496,0.0652003335712,0.652003335712,0.17468090496,0.0,0.0652003335712
1,0.8,0.5,exposed_vote:A:k7,0.0993512866816,2.0,2.0,0.9031207634894081,0.062464273528384004,0.62464273528384,0.187887153489408,0.0,0.062464273528384004
1,0.8,0.5,blind_vote:A:k7,0.05136399999999999,2.35,2.35,0.7152336100000001,0.050000005,0.5000000499999999,0.0,0.0,0.050000005
1,0.8,0.5,echo_gate:A:k7,0.08184012083050239,2.096879236510592,3.0,0.9031207634894081,0.062464273528384004,0.62464273528384,0.187887153489408,0.09687923651059194,0.062464273528384004
1,0.8,0.5,blind_gate:A:k7,0.10695328299999998,2.6347663900000002,3.35,0.7152336100000001,0.050000005,0.5000000499999999,0.0,0.2847663899999999,0.050000005
1,0.8,0.5,audit_gate:A:k7,0.11138009062287679,2.322659427382944,3.0,0.9031207634894081,0.062464273528384004,0.62464273528384,0.187887153489408,0.32265942738294395,0.046848205146288
1,0.8,0.5,serial_last:A:k7,0.1,2.0,2.0,0.9031207634894081,0.062464273528384004,0.62464273528384,0.187887153489408,0.0,0.062464273528384004
1,0.8,0.9,alone:H:k0,0.2,1.0,1.0,1.0,0.2,1.0,0.0,0.0,0.2
1,0.8,0.9,alone:A:k0,0.1,0.25,0.25,1.0,0.1,1.0,0.0,0.0,0.1
1,0.8,0.9,exposed_vote:H:k1,0.2,1.25,1.25,1.0,0.2,1.0,0.2599999999999999,0.0,0.2
1,0.8,0.9,blind_vote:H:k1,0.15000000000000002,1.3,1.3,0.7400000000000001,0.020000000000000004,0.10000000000000002,0.0,0.0,0.020000000000000004
1,0.8,0.9,echo_gate:H:k1,0.2,1.25,2.25,1.0,0.2,1.0,0.2599999999999999,0.0,0.2
1,0.8,0.9,blind_gate:H:k1,0.07199999999999998,1.56,2.3,0.7400000000000001,0.020000000000000004,0.10000000000000002,0.0,0.2599999999999999,0.020000000000000004
1,0.8,0.9,audit_gate:H:k1,0.2,1.5,2.25,1.0,0.2,1.0,0.2599999999999999,0.25,0.15000000000000002
1,0.8,0.9,serial_last:H:k1,0.2,1.25,1.25,1.0,0.2,1.0,0.2599999999999999,0.0,0.2
1,0.8,0.9,exposed_vote:H:k2,0.20000000000000004,1.5,1.5,1.0,0.20000000000000004,1.0000000000000002,0.2689999999999999,0.0,0.20000000000000004
1,0.8,0.9,blind_vote:H:k2,0.09460000000000002,1.6,1.6,0.7310000000000001,0.018200000000000004,0.09100000000000001,0.0,0.0,0.018200000000000004
1,0.8,0.9,echo_gate:H:k2,0.20000000000000004,1.5,2.5,1.0,0.20000000000000004,1.0000000000000002,0.2689999999999999,0.0,0.20000000000000004
1,0.8,0.9,blind_gate:H:k2,0.072,1.869,2.6,0.7310000000000001,0.018200000000000004,0.09100000000000001,0.0,0.2689999999999999,0.018200000000000004
1,0.8,0.9,audit_gate:H:k2,0.2,1.75,2.5,1.0,0.20000000000000004,1.0000000000000002,0.2689999999999999,0.25,0.15000000000000002
1,0.8,0.9,serial_last:H:k2,0.18000000000000002,1.5,1.5,0.9480000000000002,0.16400000000000003,0.8200000000000002,0.21700000000000008,0.0,0.16400000000000003
1,0.8,0.9,exposed_vote:H:k3,0.2,1.75,1.75,1.0,0.2,1.0,0.2756599999999999,0.0,0.2
1,0.8,0.9,blind_vote:H:k3,0.09415000000000001,1.9,1.9,0.7243400000000001,0.018020000000000005,0.09010000000000001,0.0,0.0,0.018020000000000005
1,0.8,0.9,echo_gate:H:k3,0.2,1.75,2.75,1.0,0.2,1.0,0.2756599999999999,0.0,0.2
1,0.8,0.9,blind_gate:H:k3,0.073152,2.1756599999999997,2.9,0.7243400000000001,0.018020000000000005,0.09010000000000001,0.0,0.2756599999999999,0.018020000000000005
1,0.8,0.9,audit_gate:H:k3,0.2,2.0,2.75,1.0,0.2,1.0,0.2756599999999999,0.25,0.15000000000000002
1,0.8,0.9,serial_last:H:k3,0.16400000000000003,1.75,1.75,0.9060400000000001,0.13512800000000003,0.6756400000000001,0.18169999999999997,0.0,0.13512800000000003
1,0.8,0.9,exposed_vote:H:k4,0.2,2.0,2.0,1.0,0.2,1.0,0.28151000000000004,0.0,0.2
1,0.8,0.9,blind_vote:H:k4,0.09134199999999999,2.2,2.2,0.71849,0.018002,0.09000999999999999,0.0,0.0,0.018002
1,0.8,0.9,echo_gate:H:k4,0.2,2.0,3.0,1.0,0.2,1.0,0.28151000000000004,0.0,0.2
1,0.8,0.9,blind_gate:H:k4,0.07430400000000001,2.48151,3.2,0.71849,0.018002,0.09000999999999999,0.0,0.28151000000000004,0.018002
1,0.8,0.9,audit_gate:H:k4,0.2,2.25,3.0,1.0,0.2,1.0,0.28151000000000004,0.25,0.15000000000000002
1,0.8,0.9,serial_last:H:k4,0.15120000000000003,2.0,2.0,0.87213072,0.11197136000000002,0.5598568,0.15364072000000006,0.0,0.11197136000000002
1,0.8,0.9,exposed_vote:H:k5,0.2,2.25,2.25,1.0,0.2,1.0,0.2867605999999999,0.0,0.2
1,0.8,0.9,blind_vote:H:k5,0.09126100000000002,2.5,2.5,0.7132394000000001,0.018000200000000004,0.09000100000000001,0.0,0.0,0.018000200000000004
1,0.8,0.9,echo_gate:H:k5,0.2,2.25,3.25,1.0,0.2,1.0,0.2867605999999999,0.0,0.2
1,0.8,0.9,blind_gate:H:k5,0.07535231999999999,2.7867606,3.5,0.7132394000000001,0.018000200000000004,0.09000100000000001,0.0,0.2867605999999999,0.018000200000000004
1,0.8,0.9,audit_gate:H:k5,0.2,2.5,3.25,1.0,0.2,1.0,0.2867605999999999,0.25,0.15000000000000002
1,0.8,0.9,serial_last:H:k5,0.14096000000000003,2.25,2.25,0.8446782880000001,0.09339763520000002,0.4669881760000001,0.13143888800000003,0.0,0.09339763520000002
1,0.8,0.9,exposed_vote:H:k6,0.2,2.5,2.5,1.0,0.2,1.0,0.29148469999999993,0.0,0.2
1,0.8,0.9,blind_vote:H:k6,0.09041860000000002,2.8,2.8,0.7085153000000001,0.018000020000000002,0.0900001,0.0,0.0,0.018000020000000002
1,0.8,0.9,echo_gate:H:k6,0.2,2.5,3.5,1.0,0.2,1.0,0.29148469999999993,0.0,0.2
1,0.8,0.9,blind_gate:H:k6,0.07629696,3.0914846999999996,3.8,0.7085153000000001,0.018000020000000002,0.0900001,0.0,0.29148469999999993,0.018000020000000002
1,0.8,0.9,audit_gate:H:k6,0.2,2.75,3.5,1.0,0.2,1.0,0.29148469999999993,0.25,0.15000000000000002
1,0.8,0.9,serial_last:H:k6,0.13276800000000002,2.5,2.5,0.8224055806080001,0.07849895686400002,0.39249478432000007,0.113890280608,0.0,0.07849895686400002
1,0.8,0.9,exposed_vote:H:k7,0.20000000000000004,2.75,2.75,1.0,0.20000000000000004,1.0000000000000002,0.2957362459999999,0.0,0.20000000000000004
1,0.8,0.9,blind_vote:H:k7,0.090400375,3.1,3.1,0.7042637540000001,0.018000002,0.09000001,0.0,0.0,0.018000002
1,0.8,0.9,echo_gate:H:k7,0.20000000000000004,2.75,3.75,1.0,0.20000000000000004,1.0000000000000002,0.2957362459999999,0.0,0.20000000000000004
1,0.8,0.9,blind_gate:H:k7,0.07714725119999999,3.3957362460000002,4.1,0.7042637540000001,0.018000002,0.09000001,0.0,0.2957362459999999,0.018000002
1,0.8,0.9,audit_gate:H:k7,0.2,3.0,3.75,1.0,0.20000000000000004,1.0000000000000002,0.2957362459999999,0.25,0.15000000000000002
1,0.8,0.9,serial_last:H:k7,0.1262144,2.75,2.75,0.8042892198976002,0.06654746142848002,0.3327373071424001,0.10002546589760009,0.0,0.06654746142848002
1,0.8,0.9,exposed_vote:A:k1,0.1,0.5,0.5,0.9964000000000001,0.09820000000000001,0.9820000000000001,0.01440000000000008,0.0,0.09820000000000001
1,0.8,0.9,blind_vote:A:k1,0.10000000000000002,0.55,0.55,0.982,0.09100000000000001,0.91,0.0,0.0,0.09100000000000001
1,0.8,0.9,echo_gate:A:k1,0.09892,0.5035999999999999,1.5,0.9964000000000001,0.09820000000000001,0.9820000000000001,0.01440000000000008,0.0035999999999999366,0.09820000000000001
1,0.8,0.9,blind_gate:A:k1,0.09460000000000002,0.5680000000000001,1.55,0.982,0.09100000000000001,0.91,0.0,0.018000000000000016,0.09100000000000001
1,0.8,0.9,audit_gate:A:k1,0.12419,0.7526999999999999,1.5,0.9964000000000001,0.09820000000000001,0.9820000000000001,0.01440000000000008,0.2526999999999999,0.07365000000000001
1,0.8,0.9,serial_last:A:k1,0.1,0.5,0.5,0.9964000000000001,0.09820000000000001,0.9820000000000001,0.01440000000000008,0.0,0.09820000000000001
1,0.8,0.9,exposed_vote:A:k2,0.09971200000000001,0.75,0.75,0.99316,0.096724,0.96724,0.020159999999999956,0.0,0.096724
1,0.8,0.9,blind_vote:A:k2,0.09280000000000001,0.85,0.85,0.9730000000000001,0.09010000000000001,0.9010000000000001,0.0,0.0,0.09010000000000001
1,0.8,0.9,echo_gate:A:k2,0.098092,0.75684,1.75,0.99316,0.096724,0.96724,0.020159999999999956,0.006839999999999957,0.096724
1,0.8,0.9,blind_gate:A:k2,0.0955,0.8769999999999999,1.85,0.9730000000000001,0.09010000000000001,0.9010000000000001,0.0,0.026999999999999913,0.09010000000000001
1,0.8,0.9,audit_gate:A:k2,0.12356899999999998,1.0051299999999999,1.75,0.99316,0.096724,0.96724,0.020159999999999956,0.25512999999999997,0.072543
1,0.8,0.9,serial_last:A:k2,0.1,0.75,0.75,0.99316,0.096724,0.96724,0.020159999999999956,0.0,0.096724
1,0.8,0.9,exposed_vote:A:k3,0.0995968,1.0,1.0,0.99022096,0.09551368,0.9551368,0.024600960000000005,0.0,0.09551368
1,0.8,0.9,blind_vote:A:k3,0.09280000000000001,1.15,1.15,0.96562,0.09001,0.9001,0.0,0.0,0.09001
1,0.8,0.9,echo_gate:A:k3,0.09746948799999999,1.00977904,2.0,0.99022096,0.09551368,0.9551368,0.024600960000000005,0.009779039999999961,0.09551368
1,0.8,0.9,blind_gate:A:k3,0.096886,1.18438,2.15,0.96562,0.09001,0.9001,0.0,0.034379999999999966,0.09001
1,0.8,0.9,audit_gate:A:k3,0.12310211600000001,1.25733428,2.0,0.99022096,0.09551368,0.9551368,0.024600960000000005,0.25733428,0.07163526
1,0.8,0.9,serial_last:A:k3,0.1,1.0,1.0,0.99022096,0.09551368,0.9551368,0.024600960000000005,0.0,0.09551368
1,0.8,0.9,exposed_vote:A:k4,0.09980104959999998,1.25,1.25,0.9875343520000001,0.0945212176,0.945212176,0.02848435199999999,0.0,0.0945212176
1,0.8,0.9,blind_vote:A:k4,0.090856,1.45,1.45,0.9590500000000001,0.09000100000000001,0.9000100000000001,0.0,0.0,0.09000100000000001
1,0.8,0.9,echo_gate:A:k4,0.09701434719999999,1.262465648,2.25,0.9875343520000001,0.0945212176,0.945212176,0.02848435199999999,0.01246564799999994,0.0945212176
1,0.8,0.9,blind_gate:A:k4,0.098191,1.4909499999999998,2.45,0.9590500000000001,0.09000100000000001,0.9000100000000001,0.0,0.04094999999999993,0.09000100000000001
1,0.8,0.9,audit_gate:A:k4,0.12276076039999999,1.5093492359999998,2.25,0.9875343520000001,0.0945212176,0.945212176,0.02848435199999999,0.2593492359999999,0.0708909132
1,0.8,0.9,serial_last:A:k4,0.1,1.25,1.25,0.9875343520000001,0.0945212176,0.945212176,0.02848435199999999,0.0,0.0945212176
1,0.8,0.9,exposed_vote:A:k5,0.09976252672000004,1.5,1.5,0.9850602701440001,0.09370739843200003,0.9370739843200002,0.031916070144,0.0,0.09370739843200003
1,0.8,0.9,blind_vote:A:k5,0.09085600000000002,1.75,1.75,0.9531442000000001,0.09000010000000001,0.900001,0.0,0.0,0.09000010000000001
1,0.8,0.9,echo_gate:A:k5,0.0966953444032,1.514939729856,2.5,0.9850602701440001,0.09370739843200003,0.9370739843200002,0.031916070144,0.014939729855999895,0.09370739843200003
1,0.8,0.9,blind_gate:A:k5,0.09937125999999999,1.7968558,2.75,0.9531442000000001,0.09000010000000001,0.900001,0.0,0.04685579999999989,0.09000010000000001
1,0.8,0.9,audit_gate:A:k5,0.12252150830240002,1.761204797392,2.5,0.9850602701440001,0.09370739843200003,0.9370739843200002,0.031916070144,0.261204797392,0.07028054882400002
1,0.8,0.9,serial_last:A:k5,0.1,1.5,1.5,0.9850602701440001,0.09370739843200003,0.9370739843200002,0.031916070144,0.0,0.09370739843200003
1,0.8,0.9,exposed_vote:A:k6,0.09988469355520001,1.75,1.75,0.9827658809920001,0.09304006671424,0.9304006671424,0.03493618099200002,0.0,0.09304006671424
1,0.8,0.9,blind_vote:A:k6,0.09027279999999999,2.05,2.05,0.9478297000000001,0.09000001,0.9000001,0.0,0.0,0.09000001
1,0.8,0.9,echo_gate:A:k6,0.09648689051583997,1.7672341190079999,2.75,0.9827658809920001,0.09304006671424,0.9304006671424,0.03493618099200002,0.01723411900799987,0.09304006671424
1,0.8,0.9,blind_gate:A:k6,0.10043406999999999,2.1021702999999996,3.05,0.9478297000000001,0.09000001,0.9000001,0.0,0.05217029999999989,0.09000001
1,0.8,0.9,audit_gate:A:k6,0.12236516788687997,2.0129255892559996,2.75,0.9827658809920001,0.09304006671424,0.9304006671424,0.03493618099200002,0.26292558925599985,0.06978005003568
1,0.8,0.9,serial_last:A:k6,0.1,1.75,1.75,0.9827658809920001,0.09304006671424,0.9304006671424,0.03493618099200002,0.0,0.09304006671424
1,0.8,0.9,exposed_vote:A:k7,0.09987025733632003,2.0,2.0,0.9806241526978816,0.09249285470567681,0.9249285470567681,0.03757743069788155,0.0,0.09249285470567681
1,0.8,0.9,blind_vote:A:k7,0.09027280000000003,2.35,2.35,0.9430467220000001,0.09000000100000001,0.9000000100000001,0.0,0.0,0.09000000100000001
1,0.8,0.9,echo_gate:A:k7,0.09636802416610049,2.0193758473021184,3.0,0.9806241526978816,0.09249285470567681,0.9249285470567681,0.03757743069788155,0.019375847302118387,0.09249285470567681
1,0.8,0.9,blind_gate:A:k7,0.1013906566,2.406953278,3.35,0.9430467220000001,0.09000000100000001,0.9000000100000001,0.0,0.05695327799999994,0.09000000100000001
1,0.8,0.9,audit_gate:A:k7,0.12227601812457536,2.264531885476589,3.0,0.9806241526978816,0.09249285470567681,0.9249285470567681,0.03757743069788155,0.2645318854765888,0.0693696410292576
1,0.8,0.9,serial_last:A:k7,0.1,2.0,2.0,0.9806241526978816,0.09249285470567681,0.9249285470567681,0.03757743069788155,0.0,0.09249285470567681
1,1,0,alone:H:k0,0.2,1.0,1.0,1.0,0.2,1.0,0.0,0.0,0.2
1,1,0,alone:A:k0,0.1,0.25,0.25,1.0,0.1,1.0,0.0,0.0,0.1
1,1,0,exposed_vote:H:k1,0.2,1.25,1.25,1.0,0.2,1.0,0.2599999999999999,0.0,0.2
1,1,0,blind_vote:H:k1,0.15000000000000002,1.3,1.3,0.7400000000000001,0.019999999999999997,0.09999999999999998,0.0,0.0,0.019999999999999997
1,1,0,echo_gate:H:k1,0.2,1.25,2.25,1.0,0.2,1.0,0.2599999999999999,0.0,0.2
1,1,0,blind_gate:H:k1,0.07199999999999998,1.56,2.3,0.7400000000000001,0.019999999999999997,0.09999999999999998,0.0,0.2599999999999999,0.019999999999999997
1,1,0,audit_gate:H:k1,0.2,1.5,2.25,1.0,0.2,1.0,0.2599999999999999,0.25,0.15000000000000002
1,1,0,serial_last:H:k1,0.2,1.25,1.25,1.0,0.2,1.0,0.2599999999999999,0.0,0.2
1,1,0,exposed_vote:H:k2,0.20000000000000004,1.5,1.5,1.0000000000000002,0.20000000000000004,1.0000000000000002,0.3500000000000001,0.0,0.20000000000000004
1,1,0,blind_vote:H:k2,0.046,1.6,1.6,0.6500000000000001,0.001999999999999999,0.009999999999999995,0.0,0.0,0.001999999999999999
1,1,0,echo_gate:H:k2,0.19999999999999998,1.4999999999999998,2.5,1.0000000000000002,0.20000000000000004,1.0000000000000002,0.3500000000000001,-2.220446049250313e-16,0.20000000000000004
1,1,0,blind_gate:H:k2,0.07199999999999998,1.95,2.6,0.6500000000000001,0.001999999999999999,0.009999999999999995,0.0,0.34999999999999987,0.001999999999999999
1,1,0,audit_gate:H:k2,0.19999999999999998,1.7499999999999998,2.5,1.0000000000000002,0.20000000000000004,1.0000000000000002,0.3500000000000001,0.24999999999999978,0.15000000000000002
1,1,0,serial_last:H:k2,0.2,1.5,1.5,1.0000000000000002,0.20000000000000004,1.0000000000000002,0.3500000000000001,0.0,0.20000000000000004
1,1,0,exposed_vote:H:k3,0.2,1.75,1.75,1.0,0.2,1.0,0.41659999999999997,0.0,0.2
1,1,0,blind_vote:H:k3,0.041499999999999995,1.9,1.9,0.5834,0.00019999999999999987,0.0009999999999999994,0.0,0.0,0.00019999999999999987
1,1,0,echo_gate:H:k3,0.2,1.75,2.75,1.0,0.2,1.0,0.41659999999999997,0.0,0.2
1,1,0,blind_gate:H:k3,0.08352000000000001,2.3165999999999998,2.9,0.5834,0.00019999999999999987,0.0009999999999999994,0.0,0.41659999999999997,0.00019999999999999987
1,1,0,audit_gate:H:k3,0.2,2.0,2.75,1.0,0.2,1.0,0.41659999999999997,0.25,0.15000000000000002
1,1,0,serial_last:H:k3,0.2,1.75,1.75,1.0,0.2,1.0,0.41659999999999997,0.0,0.2
1,1,0,exposed_vote:H:k4,0.2,2.0,2.0,1.0,0.2,1.0,0.47509999999999997,0.0,0.2
1,1,0,blind_vote:H:k4,0.013419999999999994,2.2,2.2,0.5249,1.9999999999999985e-05,9.999999999999992e-05,0.0,0.0,1.9999999999999985e-05
1,1,0,echo_gate:H:k4,0.2,2.0,3.0,1.0,0.2,1.0,0.47509999999999997,0.0,0.2
1,1,0,blind_gate:H:k4,0.09504,2.6751,3.2,0.5249,1.9999999999999985e-05,9.999999999999992e-05,0.0,0.47509999999999997,1.9999999999999985e-05
1,1,0,audit_gate:H:k4,0.2,2.25,3.0,1.0,0.2,1.0,0.47509999999999997,0.25,0.15000000000000002
1,1,0,serial_last:H:k4,0.2,2.0,2.0,1.0,0.2,1.0,0.47509999999999997,0.0,0.2
1,1,0,exposed_vote:H:k5,0.2,2.25,2.25,1.0,0.2,1.0,0.5276059999999999,0.0,0.2
1,1,0,blind_vote:H:k5,0.012609999999999993,2.5,2.5,0.4723940000000001,1.999999999999998e-06,9.999999999999989e-06,0.0,0.0,1.999999999999998e-06
1,1,0,echo_gate:H:k5,0.2,2.25,3.25,1.0,0.2,1.0,0.5276059999999999,0.0,0.2
1,1,0,blind_gate:H:k5,0.10552319999999998,3.027606,3.5,0.4723940000000001,1.999999999999998e-06,9.999999999999989e-06,0.0,0.5276059999999999,1.999999999999998e-06
1,1,0,audit_gate:H:k5,0.2,2.5,3.25,1.0,0.2,1.0,0.5276059999999999,0.25,0.15000000000000002
1,1,0,serial_last:H:k5,0.2,2.25,2.25,1.0,0.2,1.0,0.5276059999999999,0.0,0.2
1,1,0,exposed_vote:H:k6,0.2,2.5,2.5,1.0,0.2,1.0,0.5748469999999999,0.0,0.2
1,1,0,blind_vote:H:k6,0.004185999999999997,2.8,2.8,0.42515300000000006,1.9999999999999975e-07,9.999999999999987e-07,0.0,0.0,1.9999999999999975e-07
1,1,0,echo_gate:H:k6,0.2,2.5,3.5,1.0,0.2,1.0,0.5748469999999999,0.0,0.2
1,1,0,blind_gate:H:k6,0.11496959999999999,3.374847,3.8,0.42515300000000006,1.9999999999999975e-07,9.999999999999987e-07,0.0,0.5748469999999999,1.9999999999999975e-07
1,1,0,audit_gate:H:k6,0.2,2.75,3.5,1.0,0.2,1.0,0.5748469999999999,0.25,0.15000000000000002
1,1,0,serial_last:H:k6,0.2,2.5,2.5,1.0,0.2,1.0,0.5748469999999999,0.0,0.2
1,1,0,exposed_vote:H:k7,0.2,2.75,2.75,1.0,0.2,1.0,0.61736246,0.0,0.2
1,1,0,blind_vote:H:k7,0.004003749999999998,3.1,3.1,0.38263754000000005,1.999999999999997e-08,9.999999999999985e-08,0.0,0.0,1.999999999999997e-08
1,1,0,echo_gate:H:k7,0.2,2.75,3.75,1.0,0.2,1.0,0.61736246,0.0,0.2
1,1,0,blind_gate:H:k7,0.12347251199999999,3.71736246,4.1,0.38263754000000005,1.999999999999997e-08,9.999999999999985e-08,0.0,0.61736246,1.999999999999997e-08
1,1,0,audit_gate:H:k7,0.2,3.0,3.75,1.0,0.2,1.0,0.61736246,0.25,0.15000000000000002
1,1,0,serial_last:H:k7,0.2,2.75,2.75,1.0,0.2,1.0,0.61736246,0.0,0.2
1,1,0,exposed_vote:A:k1,0.1,0.5,0.5,1.0,0.1,1.0,0.17999999999999994,0.0,0.1
1,1,0,blind_vote:A:k1,0.1,0.55,0.55,0.8200000000000001,0.009999999999999998,0.09999999999999998,0.0,0.0,0.009999999999999998
1,1,0,echo_gate:A:k1,0.1,0.5,1.5,1.0,0.1,1.0,0.17999999999999994,0.0,0.1
1,1,0,blind_gate:A:k1,0.045999999999999985,0.73,1.55,0.8200000000000001,0.009999999999999998,0.09999999999999998,0.0,0.17999999999999994,0.009999999999999998
1,1,0,audit_gate:A:k1,0.125,0.75,1.5,1.0,0.1,1.0,0.17999999999999994,0.25,0.07500000000000001
1,1,0,serial_last:A:k1,0.1,0.5,0.5,1.0,0.1,1.0,0.17999999999999994,0.0,0.1
1,1,0,exposed_vote:A:k2,0.10000000000000002,0.75,0.75,1.0,0.10000000000000002,1.0000000000000002,0.2699999999999999,0.0,0.10000000000000002
1,1,0,blind_vote:A:k2,0.027999999999999997,0.85,0.85,0.7300000000000001,0.0009999999999999996,0.009999999999999995,0.0,0.0,0.0009999999999999996
1,1,0,echo_gate:A:k2,0.10000000000000002,0.75,1.75,1.0,0.10000000000000002,1.0000000000000002,0.2699999999999999,0.0,0.10000000000000002
1,1,0,blind_gate:A:k2,0.054999999999999986,1.1199999999999999,1.85,0.7300000000000001,0.0009999999999999996,0.009999999999999995,0.0,0.2699999999999999,0.0009999999999999996
1,1,0,audit_gate:A:k2,0.125,1.0,1.75,1.0,0.10000000000000002,1.0000000000000002,0.2699999999999999,0.25,0.07500000000000001
1,1,0,serial_last:A:k2,0.1,0.75,0.75,1.0,0.10000000000000002,1.0000000000000002,0.2699999999999999,0.0,0.10000000000000002
1,1,0,exposed_vote:A:k3,0.1,1.0,1.0,1.0,0.1,1.0,0.3437999999999999,0.0,0.1
1,1,0,blind_vote:A:k3,0.02799999999999999,1.15,1.15,0.6562000000000001,9.999999999999994e-05,0.0009999999999999994,0.0,0.0,9.999999999999994e-05
1,1,0,echo_gate:A:k3,0.1,1.0,2.0,1.0,0.1,1.0,0.3437999999999999,0.0,0.1
1,1,0,blind_gate:A:k3,0.06885999999999998,1.4937999999999998,2.15,0.6562000000000001,9.999999999999994e-05,0.0009999999999999994,0.0,0.3437999999999999,9.999999999999994e-05
1,1,0,audit_gate:A:k3,0.125,1.25,2.0,1.0,0.1,1.0,0.3437999999999999,0.25,0.07500000000000001
1,1,0,serial_last:A:k3,0.1,1.0,1.0,1.0,0.1,1.0,0.3437999999999999,0.0,0.1
1,1,0,exposed_vote:A:k4,0.1,1.25,1.25,1.0,0.1,1.0,0.4095,0.0,0.1
1,1,0,blind_vote:A:k4,0.008559999999999995,1.45,1.45,0.5905,9.999999999999992e-06,9.999999999999992e-05,0.0,0.0,9.999999999999992e-06
1,1,0,echo_gate:A:k4,0.1,1.25,2.25,1.0,0.1,1.0,0.4095,0.0,0.1
1,1,0,blind_gate:A:k4,0.08191,1.8595,2.45,0.5905,9.999999999999992e-06,9.999999999999992e-05,0.0,0.4095,9.999999999999992e-06
1,1,0,audit_gate:A:k4,0.125,1.5,2.25,1.0,0.1,1.0,0.4095,0.25,0.07500000000000001
1,1,0,serial_last:A:k4,0.1,1.25,1.25,1.0,0.1,1.0,0.4095,0.0,0.1
1,1,0,exposed_vote:A:k5,0.1,1.5,1.5,1.0,0.1,1.0,0.4685579999999999,0.0,0.1
1,1,0,blind_vote:A:k5,0.008559999999999996,1.75,1.75,0.5314420000000001,9.99999999999999e-07,9.999999999999989e-06,0.0,0.0,9.99999999999999e-07
1,1,0,echo_gate:A:k5,0.1,1.5,2.5,1.0,0.1,1.0,0.4685579999999999,0.0,0.1
1,1,0,blind_gate:A:k5,0.0937126,2.218558,2.75,0.5314420000000001,9.99999999999999e-07,9.999999999999989e-06,0.0,0.4685579999999999,9.99999999999999e-07
1,1,0,audit_gate:A:k5,0.125,1.75,2.5,1.0,0.1,1.0,0.4685579999999999,0.25,0.07500000000000001
1,1,0,serial_last:A:k5,0.1,1.5,1.5,1.0,0.1,1.0,0.4685579999999999,0.0,0.1
1,1,0,exposed_vote:A:k6,0.1,1.75,1.75,1.0,0.1,1.0,0.5217029999999999,0.0,0.1
1,1,0,blind_vote:A:k6,0.0027279999999999982,2.05,2.05,0.4782970000000001,9.999999999999988e-08,9.999999999999987e-07,0.0,0.0,9.999999999999988e-08
1,1,0,echo_gate:A:k6,0.1,1.75,2.75,1.0,0.1,1.0,0.5217029999999999,0.0,0.1
1,1,0,blind_gate:A:k6,0.1043407,2.571703,3.05,0.4782970000000001,9.999999999999988e-08,9.999999999999987e-07,0.0,0.5217029999999999,9.999999999999988e-08
1,1,0,audit_gate:A:k6,0.125,2.0,2.75,1.0,0.1,1.0,0.5217029999999999,0.25,0.07500000000000001
1,1,0,serial_last:A:k6,0.1,1.75,1.75,1.0,0.1,1.0,0.5217029999999999,0.0,0.1
1,1,0,exposed_vote:A:k7,0.1,2.0,2.0,1.0,0.1,1.0,0.5695327799999998,0.0,0.1
1,1,0,blind_vote:A:k7,0.0027279999999999982,2.35,2.35,0.4304672200000001,9.999999999999985e-09,9.999999999999985e-08,0.0,0.0,9.999999999999985e-09
1,1,0,echo_gate:A:k7,0.1,2.0,3.0,1.0,0.1,1.0,0.5695327799999998,0.0,0.1
1,1,0,blind_gate:A:k7,0.11390656599999997,2.91953278,3.35,0.4304672200000001,9.999999999999985e-09,9.999999999999985e-08,0.0,0.5695327799999998,9.999999999999985e-09
1,1,0,audit_gate:A:k7,0.125,2.25,3.0,1.0,0.1,1.0,0.5695327799999998,0.25,0.07500000000000001
1,1,0,serial_last:A:k7,0.1,2.0,2.0,1.0,0.1,1.0,0.5695327799999998,0.0,0.1
1,1,0.5,alone:H:k0,0.2,1.0,1.0,1.0,0.2,1.0,0.0,0.0,0.2
1,1,0.5,alone:A:k0,0.1,0.25,0.25,1.0,0.1,1.0,0.0,0.0,0.1
1,1,0.5,exposed_vote:H:k1,0.2,1.25,1.25,1.0,0.2,1.0,0.2599999999999999,0.0,0.2
1,1,0.5,blind_vote:H:k1,0.15000000000000002,1.3,1.3,0.7400000000000001,0.02,0.09999999999999999,0.0,0.0,0.02
1,1,0.5,echo_gate:H:k1,0.2,1.25,2.25,1.0,0.2,1.0,0.2599999999999999,0.0,0.2
1,1,0.5,blind_gate:H:k1,0.07199999999999998,1.56,2.3,0.7400000000000001,0.02,0.09999999999999999,0.0,0.2599999999999999,0.02
1,1,0.5,audit_gate:H:k1,0.2,1.5,2.25,1.0,0.2,1.0,0.2599999999999999,0.25,0.15000000000000002
1,1,0.5,serial_last:H:k1,0.2,1.25,1.25,1.0,0.2,1.0,0.2599999999999999,0.0,0.2
1,1,0.5,exposed_vote:H:k2,0.2,1.5,1.5,1.0,0.2,1.0,0.30499999999999994,0.0,0.2
1,1,0.5,blind_vote:H:k2,0.07300000000000001,1.6,1.6,0.6950000000000001,0.011000000000000001,0.055,0.0,0.0,0.011000000000000001
1,1,0.5,echo_gate:H:k2,0.2,1.5,2.5,1.0,0.2,1.0,0.30499999999999994,0.0,0.2
1,1,0.5,blind_gate:H:k2,0.072,1.905,2.6,0.6950000000000001,0.011000000000000001,0.055,0.0,0.30499999999999994,0.011000000000000001
1,1,0.5,audit_gate:H:k2,0.2,1.75,2.5,1.0,0.2,1.0,0.30499999999999994,0.25,0.15000000000000002
1,1,0.5,serial_last:H:k2,0.2,1.5,1.5,1.0,0.2,1.0,0.30499999999999994,0.0,0.2
1,1,0.5,exposed_vote:H:k3,0.2,1.75,1.75,1.0,0.2,1.0,0.33829999999999993,0.0,0.2
1,1,0.5,blind_vote:H:k3,0.07075000000000001,1.9,1.9,0.6617000000000001,0.010100000000000001,0.0505,0.0,0.0,0.010100000000000001
1,1,0.5,echo_gate:H:k3,0.2,1.75,2.75,1.0,0.2,1.0,0.33829999999999993,0.0,0.2
1,1,0.5,blind_gate:H:k3,0.07775999999999998,2.2382999999999997,2.9,0.6617000000000001,0.010100000000000001,0.0505,0.0,0.33829999999999993,0.010100000000000001
1,1,0.5,audit_gate:H:k3,0.2,2.0,2.75,1.0,0.2,1.0,0.33829999999999993,0.25,0.15000000000000002
1,1,0.5,serial_last:H:k3,0.2,1.75,1.75,1.0,0.2,1.0,0.33829999999999993,0.0,0.2
1,1,0.5,exposed_vote:H:k4,0.2,2.0,2.0,1.0,0.2,1.0,0.36754999999999993,0.0,0.2
1,1,0.5,blind_vote:H:k4,0.05671,2.2,2.2,0.6324500000000001,0.010010000000000002,0.050050000000000004,0.0,0.0,0.010010000000000002
1,1,0.5,echo_gate:H:k4,0.2,2.0,3.0,1.0,0.2,1.0,0.36754999999999993,0.0,0.2
1,1,0.5,blind_gate:H:k4,0.08352,2.56755,3.2,0.6324500000000001,0.010010000000000002,0.050050000000000004,0.0,0.36754999999999993,0.010010000000000002
1,1,0.5,audit_gate:H:k4,0.2,2.25,3.0,1.0,0.2,1.0,0.36754999999999993,0.25,0.15000000000000002
1,1,0.5,serial_last:H:k4,0.2,2.0,2.0,1.0,0.2,1.0,0.36754999999999993,0.0,0.2
1,1,0.5,exposed_vote:H:k5,0.2,2.25,2.25,1.0,0.2,1.0,0.3938029999999999,0.0,0.2
1,1,0.5,blind_vote:H:k5,0.056305,2.5,2.5,0.6061970000000001,0.010001000000000001,0.050005,0.0,0.0,0.010001000000000001
1,1,0.5,echo_gate:H:k5,0.2,2.25,3.25,1.0,0.2,1.0,0.3938029999999999,0.0,0.2
1,1,0.5,blind_gate:H:k5,0.08876159999999998,2.893803,3.5,0.6061970000000001,0.010001000000000001,0.050005,0.0,0.3938029999999999,0.010001000000000001
1,1,0.5,audit_gate:H:k5,0.2,2.5,3.25,1.0,0.2,1.0,0.3938029999999999,0.25,0.15000000000000002
1,1,0.5,serial_last:H:k5,0.2,2.25,2.25,1.0,0.2,1.0,0.3938029999999999,0.0,0.2
1,1,0.5,exposed_vote:H:k6,0.19999999999999998,2.5,2.5,1.0,0.19999999999999998,0.9999999999999999,0.41742350000000006,0.0,0.19999999999999998
1,1,0.5,blind_vote:H:k6,0.052093,2.8,2.8,0.5825764999999999,0.010000100000000001,0.0500005,0.0,0.0,0.010000100000000001
1,1,0.5,echo_gate:H:k6,0.19999999999999998,2.5,3.5,1.0,0.19999999999999998,0.9999999999999999,0.41742350000000006,0.0,0.19999999999999998
1,1,0.5,blind_gate:H:k6,0.09348480000000002,3.2174234999999998,3.8,0.5825764999999999,0.010000100000000001,0.0500005,0.0,0.41742350000000006,0.010000100000000001
1,1,0.5,audit_gate:H:k6,0.2,2.75,3.5,1.0,0.19999999999999998,0.9999999999999999,0.41742350000000006,0.25,0.15
1,1,0.5,serial_last:H:k6,0.2,2.5,2.5,1.0,0.19999999999999998,0.9999999999999999,0.41742350000000006,0.0,0.19999999999999998
1,1,0.5,exposed_vote:H:k7,0.2,2.75,2.75,1.0,0.2,1.0,0.43868123000000003,0.0,0.2
1,1,0.5,blind_vote:H:k7,0.052001875,3.1,3.1,0.56131877,0.010000010000000002,0.050000050000000004,0.0,0.0,0.010000010000000002
1,1,0.5,echo_gate:H:k7,0.2,2.75,3.75,1.0,0.2,1.0,0.43868123000000003,0.0,0.2
1,1,0.5,blind_gate:H:k7,0.09773625600000002,3.53868123,4.1,0.56131877,0.010000010000000002,0.050000050000000004,0.0,0.43868123000000003,0.010000010000000002
1,1,0.5,audit_gate:H:k7,0.2,3.0,3.75,1.0,0.2,1.0,0.43868123000000003,0.25,0.15000000000000002
1,1,0.5,serial_last:H:k7,0.2,2.75,2.75,1.0,0.2,1.0,0.43868123000000003,0.0,0.2
1,1,0.5,exposed_vote:A:k1,0.1,0.5,0.5,1.0,0.1,1.0,0.08999999999999997,0.0,0.1
1,1,0.5,blind_vote:A:k1,0.09999999999999999,0.55,0.55,0.91,0.055,0.5499999999999999,0.0,0.0,0.055
1,1,0.5,echo_gate:A:k1,0.1,0.5,1.5,1.0,0.1,1.0,0.08999999999999997,0.0,0.1
1,1,0.5,blind_gate:A:k1,0.073,0.64,1.55,0.91,0.055,0.5499999999999999,0.0,0.08999999999999997,0.055
1,1,0.5,audit_gate:A:k1,0.125,0.75,1.5,1.0,0.1,1.0,0.08999999999999997,0.25,0.07500000000000001
1,1,0.5,serial_last:A:k1,0.1,0.5,0.5,1.0,0.1,1.0,0.08999999999999997,0.0,0.1
1,1,0.5,exposed_vote:A:k2,0.1,0.75,0.75,1.0,0.1,1.0,0.135,0.0,0.1
1,1,0.5,blind_vote:A:k2,0.064,0.85,0.85,0.865,0.0505,0.505,0.0,0.0,0.0505
1,1,0.5,echo_gate:A:k2,0.1,0.75,1.75,1.0,0.1,1.0,0.135,0.0,0.1
1,1,0.5,blind_gate:A:k2,0.07750000000000001,0.985,1.85,0.865,0.0505,0.505,0.0,0.135,0.0505
1,1,0.5,audit_gate:A:k2,0.125,1.0,1.75,1.0,0.1,1.0,0.135,0.25,0.07500000000000001
1,1,0.5,serial_last:A:k2,0.1,0.75,0.75,1.0,0.1,1.0,0.135,0.0,0.1
1,1,0.5,exposed_vote:A:k3,0.1,1.0,1.0,1.0,0.1,1.0,0.17189999999999983,0.0,0.1
1,1,0.5,blind_vote:A:k3,0.064,1.15,1.15,0.8281000000000002,0.050050000000000004,0.5005000000000001,0.0,0.0,0.050050000000000004
1,1,0.5,echo_gate:A:k3,0.1,1.0,2.0,1.0,0.1,1.0,0.17189999999999983,0.0,0.1
1,1,0.5,blind_gate:A:k3,0.08442999999999998,1.3218999999999999,2.15,0.8281000000000002,0.050050000000000004,0.5005000000000001,0.0,0.17189999999999983,0.050050000000000004
1,1,0.5,audit_gate:A:k3,0.125,1.25,2.0,1.0,0.1,1.0,0.17189999999999983,0.25,0.07500000000000001
1,1,0.5,serial_last:A:k3,0.1,1.0,1.0,1.0,0.1,1.0,0.17189999999999983,0.0,0.1
1,1,0.5,exposed_vote:A:k4,0.1,1.25,1.25,1.0,0.1,1.0,0.20475,0.0,0.1
1,1,0.5,blind_vote:A:k4,0.05428,1.45,1.45,0.79525,0.050005,0.50005,0.0,0.0,0.050005
1,1,0.5,echo_gate:A:k4,0.1,1.25,2.25,1.0,0.1,1.0,0.20475,0.0,0.1
1,1,0.5,blind_gate:A:k4,0.09095500000000001,1.65475,2.45,0.79525,0.050005,0.50005,0.0,0.20475,0.050005
1,1,0.5,audit_gate:A:k4,0.125,1.5,2.25,1.0,0.1,1.0,0.20475,0.25,0.07500000000000001
1,1,0.5,serial_last:A:k4,0.1,1.25,1.25,1.0,0.1,1.0,0.20475,0.0,0.1
1,1,0.5,exposed_vote:A:k5,0.10000000000000002,1.5,1.5,1.0,0.10000000000000002,1.0000000000000002,0.23427900000000002,0.0,0.10000000000000002
1,1,0.5,blind_vote:A:k5,0.05428,1.75,1.75,0.765721,0.0500005,0.500005,0.0,0.0,0.0500005
1,1,0.5,echo_gate:A:k5,0.10000000000000002,1.5,2.5,1.0,0.10000000000000002,1.0000000000000002,0.23427900000000002,0.0,0.10000000000000002
1,1,0.5,blind_gate:A:k5,0.0968563,1.984279,2.75,0.765721,0.0500005,0.500005,0.0,0.23427900000000002,0.0500005
1,1,0.5,audit_gate:A:k5,0.125,1.75,2.5,1.0,0.10000000000000002,1.0000000000000002,0.23427900000000002,0.25,0.07500000000000001
1,1,0.5,serial_last:A:k5,0.1,1.5,1.5,1.0,0.10000000000000002,1.0000000000000002,0.23427900000000002,0.0,0.10000000000000002
1,1,0.5,exposed_vote:A:k6,0.1,1.75,1.75,1.0,0.1,1.0,0.2608515,0.0,0.1
1,1,0.5,blind_vote:A:k6,0.051364,2.05,2.05,0.7391485,0.050000050000000004,0.5000005,0.0,0.0,0.050000050000000004
1,1,0.5,echo_gate:A:k6,0.1,1.75,2.75,1.0,0.1,1.0,0.2608515,0.0,0.1
1,1,0.5,blind_gate:A:k6,0.10217035000000001,2.3108515,3.05,0.7391485,0.050000050000000004,0.5000005,0.0,0.2608515,0.050000050000000004
1,1,0.5,audit_gate:A:k6,0.125,2.0,2.75,1.0,0.1,1.0,0.2608515,0.25,0.07500000000000001
1,1,0.5,serial_last:A:k6,0.1,1.75,1.75,1.0,0.1,1.0,0.2608515,0.0,0.1
1,1,0.5,exposed_vote:A:k7,0.09999999999999999,2.0,2.0,1.0,0.09999999999999999,0.9999999999999999,0.2847663899999999,0.0,0.09999999999999999
1,1,0.5,blind_vote:A:k7,0.05136399999999999,2.35,2.35,0.7152336100000001,0.050000005,0.5000000499999999,0.0,0.0,0.050000005
1,1,0.5,echo_gate:A:k7,0.09999999999999999,2.0,3.0,1.0,0.09999999999999999,0.9999999999999999,0.2847663899999999,0.0,0.09999999999999999
1,1,0.5,blind_gate:A:k7,0.10695328299999998,2.6347663900000002,3.35,0.7152336100000001,0.050000005,0.5000000499999999,0.0,0.2847663899999999,0.050000005
1,1,0.5,audit_gate:A:k7,0.125,2.25,3.0,1.0,0.09999999999999999,0.9999999999999999,0.2847663899999999,0.25,0.075
1,1,0.5,serial_last:A:k7,0.1,2.0,2.0,1.0,0.09999999999999999,0.9999999999999999,0.2847663899999999,0.0,0.09999999999999999
1,1,0.9,alone:H:k0,0.2,1.0,1.0,1.0,0.2,1.0,0.0,0.0,0.2
1,1,0.9,alone:A:k0,0.1,0.25,0.25,1.0,0.1,1.0,0.0,0.0,0.1
1,1,0.9,exposed_vote:H:k1,0.2,1.25,1.25,1.0,0.2,1.0,0.2599999999999999,0.0,0.2
1,1,0.9,blind_vote:H:k1,0.15000000000000002,1.3,1.3,0.7400000000000001,0.020000000000000004,0.10000000000000002,0.0,0.0,0.020000000000000004
1,1,0.9,echo_gate:H:k1,0.2,1.25,2.25,1.0,0.2,1.0,0.2599999999999999,0.0,0.2
1,1,0.9,blind_gate:H:k1,0.07199999999999998,1.56,2.3,0.7400000000000001,0.020000000000000004,0.10000000000000002,0.0,0.2599999999999999,0.020000000000000004
1,1,0.9,audit_gate:H:k1,0.2,1.5,2.25,1.0,0.2,1.0,0.2599999999999999,0.25,0.15000000000000002
1,1,0.9,serial_last:H:k1,0.2,1.25,1.25,1.0,0.2,1.0,0.2599999999999999,0.0,0.2
1,1,0.9,exposed_vote:H:k2,0.20000000000000004,1.5,1.5,1.0,0.20000000000000004,1.0000000000000002,0.2689999999999999,0.0,0.20000000000000004
1,1,0.9,blind_vote:H:k2,0.09460000000000002,1.6,1.6,0.7310000000000001,0.018200000000000004,0.09100000000000001,0.0,0.0,0.018200000000000004
1,1,0.9,echo_gate:H:k2,0.20000000000000004,1.5,2.5,1.0,0.20000000000000004,1.0000000000000002,0.2689999999999999,0.0,0.20000000000000004
1,1,0.9,blind_gate:H:k2,0.072,1.869,2.6,0.7310000000000001,0.018200000000000004,0.09100000000000001,0.0,0.2689999999999999,0.018200000000000004
1,1,0.9,audit_gate:H:k2,0.2,1.75,2.5,1.0,0.20000000000000004,1.0000000000000002,0.2689999999999999,0.25,0.15000000000000002
1,1,0.9,serial_last:H:k2,0.2,1.5,1.5,1.0,0.20000000000000004,1.0000000000000002,0.2689999999999999,0.0,0.20000000000000004
1,1,0.9,exposed_vote:H:k3,0.2,1.75,1.75,1.0,0.2,1.0,0.2756599999999999,0.0,0.2
1,1,0.9,blind_vote:H:k3,0.09415000000000001,1.9,1.9,0.7243400000000001,0.018020000000000005,0.09010000000000001,0.0,0.0,0.018020000000000005
1,1,0.9,echo_gate:H:k3,0.2,1.75,2.75,1.0,0.2,1.0,0.2756599999999999,0.0,0.2
1,1,0.9,blind_gate:H:k3,0.073152,2.1756599999999997,2.9,0.7243400000000001,0.018020000000000005,0.09010000000000001,0.0,0.2756599999999999,0.018020000000000005
1,1,0.9,audit_gate:H:k3,0.2,2.0,2.75,1.0,0.2,1.0,0.2756599999999999,0.25,0.15000000000000002
1,1,0.9,serial_last:H:k3,0.2,1.75,1.75,1.0,0.2,1.0,0.2756599999999999,0.0,0.2
1,1,0.9,exposed_vote:H:k4,0.2,2.0,2.0,1.0,0.2,1.0,0.28151000000000004,0.0,0.2
1,1,0.9,blind_vote:H:k4,0.09134199999999999,2.2,2.2,0.71849,0.018002,0.09000999999999999,0.0,0.0,0.018002
1,1,0.9,echo_gate:H:k4,0.2,2.0,3.0,1.0,0.2,1.0,0.28151000000000004,0.0,0.2
1,1,0.9,blind_gate:H:k4,0.07430400000000001,2.48151,3.2,0.71849,0.018002,0.09000999999999999,0.0,0.28151000000000004,0.018002
1,1,0.9,audit_gate:H:k4,0.2,2.25,3.0,1.0,0.2,1.0,0.28151000000000004,0.25,0.15000000000000002
1,1,0.9,serial_last:H:k4,0.2,2.0,2.0,1.0,0.2,1.0,0.28151000000000004,0.0,0.2
1,1,0.9,exposed_vote:H:k5,0.2,2.25,2.25,1.0,0.2,1.0,0.2867605999999999,0.0,0.2
1,1,0.9,blind_vote:H:k5,0.09126100000000002,2.5,2.5,0.7132394000000001,0.018000200000000004,0.09000100000000001,0.0,0.0,0.018000200000000004
1,1,0.9,echo_gate:H:k5,0.2,2.25,3.25,1.0,0.2,1.0,0.2867605999999999,0.0,0.2
1,1,0.9,blind_gate:H:k5,0.07535231999999999,2.7867606,3.5,0.7132394000000001,0.018000200000000004,0.09000100000000001,0.0,0.2867605999999999,0.018000200000000004
1,1,0.9,audit_gate:H:k5,0.2,2.5,3.25,1.0,0.2,1.0,0.2867605999999999,0.25,0.15000000000000002
1,1,0.9,serial_last:H:k5,0.2,2.25,2.25,1.0,0.2,1.0,0.2867605999999999,0.0,0.2
1,1,0.9,exposed_vote:H:k6,0.2,2.5,2.5,1.0,0.2,1.0,0.29148469999999993,0.0,0.2
1,1,0.9,blind_vote:H:k6,0.09041860000000002,2.8,2.8,0.7085153000000001,0.018000020000000002,0.0900001,0.0,0.0,0.018000020000000002
1,1,0.9,echo_gate:H:k6,0.2,2.5,3.5,1.0,0.2,1.0,0.29148469999999993,0.0,0.2
1,1,0.9,blind_gate:H:k6,0.07629696,3.0914846999999996,3.8,0.7085153000000001,0.018000020000000002,0.0900001,0.0,0.29148469999999993,0.018000020000000002
1,1,0.9,audit_gate:H:k6,0.2,2.75,3.5,1.0,0.2,1.0,0.29148469999999993,0.25,0.15000000000000002
1,1,0.9,serial_last:H:k6,0.2,2.5,2.5,1.0,0.2,1.0,0.29148469999999993,0.0,0.2
1,1,0.9,exposed_vote:H:k7,0.20000000000000004,2.75,2.75,1.0,0.20000000000000004,1.0000000000000002,0.2957362459999999,0.0,0.20000000000000004
1,1,0.9,blind_vote:H:k7,0.090400375,3.1,3.1,0.7042637540000001,0.018000002,0.09000001,0.0,0.0,0.018000002
1,1,0.9,echo_gate:H:k7,0.20000000000000004,2.75,3.75,1.0,0.20000000000000004,1.0000000000000002,0.2957362459999999,0.0,0.20000000000000004
1,1,0.9,blind_gate:H:k7,0.07714725119999999,3.3957362460000002,4.1,0.7042637540000001,0.018000002,0.09000001,0.0,0.2957362459999999,0.018000002
1,1,0.9,audit_gate:H:k7,0.2,3.0,3.75,1.0,0.20000000000000004,1.0000000000000002,0.2957362459999999,0.25,0.15000000000000002
1,1,0.9,serial_last:H:k7,0.2,2.75,2.75,1.0,0.20000000000000004,1.0000000000000002,0.2957362459999999,0.0,0.20000000000000004
1,1,0.9,exposed_vote:A:k1,0.1,0.5,0.5,1.0,0.1,1.0,0.018000000000000016,0.0,0.1
1,1,0.9,blind_vote:A:k1,0.10000000000000002,0.55,0.55,0.982,0.09100000000000001,0.91,0.0,0.0,0.09100000000000001
1,1,0.9,echo_gate:A:k1,0.1,0.5,1.5,1.0,0.1,1.0,0.018000000000000016,0.0,0.1
1,1,0.9,blind_gate:A:k1,0.09460000000000002,0.5680000000000001,1.55,0.982,0.09100000000000001,0.91,0.0,0.018000000000000016,0.09100000000000001
1,1,0.9,audit_gate:A:k1,0.125,0.75,1.5,1.0,0.1,1.0,0.018000000000000016,0.25,0.07500000000000001
1,1,0.9,serial_last:A:k1,0.1,0.5,0.5,1.0,0.1,1.0,0.018000000000000016,0.0,0.1
1,1,0.9,exposed_vote:A:k2,0.1,0.75,0.75,1.0,0.1,1.0,0.026999999999999913,0.0,0.1
1,1,0.9,blind_vote:A:k2,0.09280000000000001,0.85,0.85,0.9730000000000001,0.09010000000000001,0.9010000000000001,0.0,0.0,0.09010000000000001
1,1,0.9,echo_gate:A:k2,0.1,0.75,1.75,1.0,0.1,1.0,0.026999999999999913,0.0,0.1
1,1,0.9,blind_gate:A:k2,0.0955,0.8769999999999999,1.85,0.9730000000000001,0.09010000000000001,0.9010000000000001,0.0,0.026999999999999913,0.09010000000000001
1,1,0.9,audit_gate:A:k2,0.125,1.0,1.75,1.0,0.1,1.0,0.026999999999999913,0.25,0.07500000000000001
1,1,0.9,serial_last:A:k2,0.1,0.75,0.75,1.0,0.1,1.0,0.026999999999999913,0.0,0.1
1,1,0.9,exposed_vote:A:k3,0.10000000000000002,1.0,1.0,1.0,0.10000000000000002,1.0000000000000002,0.034379999999999966,0.0,0.10000000000000002
1,1,0.9,blind_vote:A:k3,0.09280000000000001,1.15,1.15,0.96562,0.09001,0.9001,0.0,0.0,0.09001
1,1,0.9,echo_gate:A:k3,0.10000000000000002,1.0,2.0,1.0,0.10000000000000002,1.0000000000000002,0.034379999999999966,0.0,0.10000000000000002
1,1,0.9,blind_gate:A:k3,0.096886,1.18438,2.15,0.96562,0.09001,0.9001,0.0,0.034379999999999966,0.09001
1,1,0.9,audit_gate:A:k3,0.125,1.25,2.0,1.0,0.10000000000000002,1.0000000000000002,0.034379999999999966,0.25,0.07500000000000001
1,1,0.9,serial_last:A:k3,0.1,1.0,1.0,1.0,0.10000000000000002,1.0000000000000002,0.034379999999999966,0.0,0.10000000000000002
1,1,0.9,exposed_vote:A:k4,0.1,1.25,1.25,1.0,0.1,1.0,0.04094999999999993,0.0,0.1
1,1,0.9,blind_vote:A:k4,0.090856,1.45,1.45,0.9590500000000001,0.09000100000000001,0.9000100000000001,0.0,0.0,0.09000100000000001
1,1,0.9,echo_gate:A:k4,0.1,1.25,2.25,1.0,0.1,1.0,0.04094999999999993,0.0,0.1
1,1,0.9,blind_gate:A:k4,0.098191,1.4909499999999998,2.45,0.9590500000000001,0.09000100000000001,0.9000100000000001,0.0,0.04094999999999993,0.09000100000000001
1,1,0.9,audit_gate:A:k4,0.125,1.5,2.25,1.0,0.1,1.0,0.04094999999999993,0.25,0.07500000000000001
1,1,0.9,serial_last:A:k4,0.1,1.25,1.25,1.0,0.1,1.0,0.04094999999999993,0.0,0.1
1,1,0.9,exposed_vote:A:k5,0.1,1.5,1.5,1.0,0.1,1.0,0.04685579999999989,0.0,0.1
1,1,0.9,blind_vote:A:k5,0.09085600000000002,1.75,1.75,0.9531442000000001,0.09000010000000001,0.900001,0.0,0.0,0.09000010000000001
1,1,0.9,echo_gate:A:k5,0.1,1.5,2.5,1.0,0.1,1.0,0.04685579999999989,0.0,0.1
1,1,0.9,blind_gate:A:k5,0.09937125999999999,1.7968558,2.75,0.9531442000000001,0.09000010000000001,0.900001,0.0,0.04685579999999989,0.09000010000000001
1,1,0.9,audit_gate:A:k5,0.125,1.75,2.5,1.0,0.1,1.0,0.04685579999999989,0.25,0.07500000000000001
1,1,0.9,serial_last:A:k5,0.1,1.5,1.5,1.0,0.1,1.0,0.04685579999999989,0.0,0.1
1,1,0.9,exposed_vote:A:k6,0.1,1.75,1.75,1.0,0.1,1.0,0.05217029999999989,0.0,0.1
1,1,0.9,blind_vote:A:k6,0.09027279999999999,2.05,2.05,0.9478297000000001,0.09000001,0.9000001,0.0,0.0,0.09000001
1,1,0.9,echo_gate:A:k6,0.1,1.75,2.75,1.0,0.1,1.0,0.05217029999999989,0.0,0.1
1,1,0.9,blind_gate:A:k6,0.10043406999999999,2.1021702999999996,3.05,0.9478297000000001,0.09000001,0.9000001,0.0,0.05217029999999989,0.09000001
1,1,0.9,audit_gate:A:k6,0.125,2.0,2.75,1.0,0.1,1.0,0.05217029999999989,0.25,0.07500000000000001
1,1,0.9,serial_last:A:k6,0.1,1.75,1.75,1.0,0.1,1.0,0.05217029999999989,0.0,0.1
1,1,0.9,exposed_vote:A:k7,0.10000000000000002,2.0,2.0,1.0,0.10000000000000002,1.0000000000000002,0.05695327799999994,0.0,0.10000000000000002
1,1,0.9,blind_vote:A:k7,0.09027280000000003,2.35,2.35,0.9430467220000001,0.09000000100000001,0.9000000100000001,0.0,0.0,0.09000000100000001
1,1,0.9,echo_gate:A:k7,0.10000000000000002,2.0,3.0,1.0,0.10000000000000002,1.0000000000000002,0.05695327799999994,0.0,0.10000000000000002
1,1,0.9,blind_gate:A:k7,0.1013906566,2.406953278,3.35,0.9430467220000001,0.09000000100000001,0.9000000100000001,0.0,0.05695327799999994,0.09000000100000001
1,1,0.9,audit_gate:A:k7,0.125,2.25,3.0,1.0,0.10000000000000002,1.0000000000000002,0.05695327799999994,0.25,0.07500000000000001
1,1,0.9,serial_last:A:k7,0.1,2.0,2.0,1.0,0.10000000000000002,1.0000000000000002,0.05695327799999994,0.0,0.10000000000000002
