scenario,arm,seed,net_value,harmful_adoption,routing_regret,evaluation_expense,procedure_expense,program_changes,specialized_share,condition
Blind harm,Fixed workflow,510000,0.3799999999999999,0.0,0.12000000000000004,0.0,0.0,0,0.0,base
Blind harm,Fixed workflow,510001,0.3799999999999999,0.0,0.12000000000000004,0.0,0.0,0,0.0,base
Blind harm,Fixed workflow,510002,0.3799999999999999,0.0,0.12000000000000004,0.0,0.0,0,0.0,base
Blind harm,Fixed workflow,510003,0.3799999999999999,0.0,0.12000000000000004,0.0,0.0,0,0.0,base
Blind harm,Fixed workflow,510004,0.3799999999999999,0.0,0.12000000000000004,0.0,0.0,0,0.0,base
Blind harm,Fixed workflow,510005,0.3799999999999999,0.0,0.12000000000000004,0.0,0.0,0,0.0,base
Blind harm,Fixed workflow,510006,0.3799999999999999,0.0,0.12000000000000004,0.0,0.0,0,0.0,base
Blind harm,Fixed workflow,510007,0.3799999999999999,0.0,0.12000000000000004,0.0,0.0,0,0.0,base
Blind harm,Fixed workflow,510008,0.3799999999999999,0.0,0.12000000000000004,0.0,0.0,0,0.0,base
Blind harm,Fixed workflow,510009,0.3799999999999999,0.0,0.12000000000000004,0.0,0.0,0,0.0,base
Blind harm,Fixed workflow,510010,0.3799999999999999,0.0,0.12000000000000004,0.0,0.0,0,0.0,base
Blind harm,Fixed workflow,510011,0.3799999999999999,0.0,0.12000000000000004,0.0,0.0,0,0.0,base
Blind harm,Fixed workflow,510012,0.3799999999999999,0.0,0.12000000000000004,0.0,0.0,0,0.0,base
Blind harm,Fixed workflow,510013,0.3799999999999999,0.0,0.12000000000000004,0.0,0.0,0,0.0,base
Blind harm,Fixed workflow,510014,0.3799999999999999,0.0,0.12000000000000004,0.0,0.0,0,0.0,base
Blind harm,Fixed workflow,510015,0.3799999999999999,0.0,0.12000000000000004,0.0,0.0,0,0.0,base
Blind harm,Fixed workflow,510016,0.3799999999999999,0.0,0.12000000000000004,0.0,0.0,0,0.0,base
Blind harm,Fixed workflow,510017,0.3799999999999999,0.0,0.12000000000000004,0.0,0.0,0,0.0,base
Blind harm,Fixed workflow,510018,0.3799999999999999,0.0,0.12000000000000004,0.0,0.0,0,0.0,base
Blind harm,Fixed workflow,510019,0.3799999999999999,0.0,0.12000000000000004,0.0,0.0,0,0.0,base
Blind harm,Fixed workflow,510020,0.3799999999999999,0.0,0.12000000000000004,0.0,0.0,0,0.0,base
Blind harm,Fixed workflow,510021,0.3799999999999999,0.0,0.12000000000000004,0.0,0.0,0,0.0,base
Blind harm,Fixed workflow,510022,0.3799999999999999,0.0,0.12000000000000004,0.0,0.0,0,0.0,base
Blind harm,Fixed workflow,510023,0.3799999999999999,0.0,0.12000000000000004,0.0,0.0,0,0.0,base
Blind harm,Fixed workflow,510024,0.3799999999999999,0.0,0.12000000000000004,0.0,0.0,0,0.0,base
Blind harm,Fixed workflow,510025,0.3799999999999999,0.0,0.12000000000000004,0.0,0.0,0,0.0,base
Blind harm,Fixed workflow,510026,0.3799999999999999,0.0,0.12000000000000004,0.0,0.0,0,0.0,base
Blind harm,Fixed workflow,510027,0.3799999999999999,0.0,0.12000000000000004,0.0,0.0,0,0.0,base
Blind harm,Fixed workflow,510028,0.3799999999999999,0.0,0.12000000000000004,0.0,0.0,0,0.0,base
Blind harm,Fixed workflow,510029,0.3799999999999999,0.0,0.12000000000000004,0.0,0.0,0,0.0,base
Blind harm,Fixed workflow,510030,0.3799999999999999,0.0,0.12000000000000004,0.0,0.0,0,0.0,base
Blind harm,Fixed workflow,510031,0.3799999999999999,0.0,0.12000000000000004,0.0,0.0,0,0.0,base
Blind harm,Fixed workflow,510032,0.3799999999999999,0.0,0.12000000000000004,0.0,0.0,0,0.0,base
Blind harm,Fixed workflow,510033,0.3799999999999999,0.0,0.12000000000000004,0.0,0.0,0,0.0,base
Blind harm,Fixed workflow,510034,0.3799999999999999,0.0,0.12000000000000004,0.0,0.0,0,0.0,base
Blind harm,Fixed workflow,510035,0.3799999999999999,0.0,0.12000000000000004,0.0,0.0,0,0.0,base
Blind harm,Fixed workflow,510036,0.3799999999999999,0.0,0.12000000000000004,0.0,0.0,0,0.0,base
Blind harm,Fixed workflow,510037,0.3799999999999999,0.0,0.12000000000000004,0.0,0.0,0,0.0,base
Blind harm,Fixed workflow,510038,0.3799999999999999,0.0,0.12000000000000004,0.0,0.0,0,0.0,base
Blind harm,Fixed workflow,510039,0.3799999999999999,0.0,0.12000000000000004,0.0,0.0,0,0.0,base
Blind harm,Fixed workflow,510040,0.3799999999999999,0.0,0.12000000000000004,0.0,0.0,0,0.0,base
Blind harm,Fixed workflow,510041,0.3799999999999999,0.0,0.12000000000000004,0.0,0.0,0,0.0,base
Blind harm,Fixed workflow,510042,0.3799999999999999,0.0,0.12000000000000004,0.0,0.0,0,0.0,base
Blind harm,Fixed workflow,510043,0.3799999999999999,0.0,0.12000000000000004,0.0,0.0,0,0.0,base
Blind harm,Fixed workflow,510044,0.3799999999999999,0.0,0.12000000000000004,0.0,0.0,0,0.0,base
Blind harm,Fixed workflow,510045,0.3799999999999999,0.0,0.12000000000000004,0.0,0.0,0,0.0,base
Blind harm,Fixed workflow,510046,0.3799999999999999,0.0,0.12000000000000004,0.0,0.0,0,0.0,base
Blind harm,Fixed workflow,510047,0.3799999999999999,0.0,0.12000000000000004,0.0,0.0,0,0.0,base
Blind harm,Fixed workflow,510048,0.3799999999999999,0.0,0.12000000000000004,0.0,0.0,0,0.0,base
Blind harm,Fixed workflow,510049,0.3799999999999999,0.0,0.12000000000000004,0.0,0.0,0,0.0,base
Blind harm,Fixed workflow,510050,0.3799999999999999,0.0,0.12000000000000004,0.0,0.0,0,0.0,base
Blind harm,Fixed workflow,510051,0.3799999999999999,0.0,0.12000000000000004,0.0,0.0,0,0.0,base
Blind harm,Fixed workflow,510052,0.3799999999999999,0.0,0.12000000000000004,0.0,0.0,0,0.0,base
Blind harm,Fixed workflow,510053,0.3799999999999999,0.0,0.12000000000000004,0.0,0.0,0,0.0,base
Blind harm,Fixed workflow,510054,0.3799999999999999,0.0,0.12000000000000004,0.0,0.0,0,0.0,base
Blind harm,Fixed workflow,510055,0.3799999999999999,0.0,0.12000000000000004,0.0,0.0,0,0.0,base
Blind harm,Fixed workflow,510056,0.3799999999999999,0.0,0.12000000000000004,0.0,0.0,0,0.0,base
Blind harm,Fixed workflow,510057,0.3799999999999999,0.0,0.12000000000000004,0.0,0.0,0,0.0,base
Blind harm,Fixed workflow,510058,0.3799999999999999,0.0,0.12000000000000004,0.0,0.0,0,0.0,base
Blind harm,Fixed workflow,510059,0.3799999999999999,0.0,0.12000000000000004,0.0,0.0,0,0.0,base
Blind harm,Fixed workflow,510060,0.3799999999999999,0.0,0.12000000000000004,0.0,0.0,0,0.0,base
Blind harm,Fixed workflow,510061,0.3799999999999999,0.0,0.12000000000000004,0.0,0.0,0,0.0,base
Blind harm,Fixed workflow,510062,0.3799999999999999,0.0,0.12000000000000004,0.0,0.0,0,0.0,base
Blind harm,Fixed workflow,510063,0.3799999999999999,0.0,0.12000000000000004,0.0,0.0,0,0.0,base
Blind harm,Fixed workflow,510064,0.3799999999999999,0.0,0.12000000000000004,0.0,0.0,0,0.0,base
Blind harm,Fixed workflow,510065,0.3799999999999999,0.0,0.12000000000000004,0.0,0.0,0,0.0,base
Blind harm,Fixed workflow,510066,0.3799999999999999,0.0,0.12000000000000004,0.0,0.0,0,0.0,base
Blind harm,Fixed workflow,510067,0.3799999999999999,0.0,0.12000000000000004,0.0,0.0,0,0.0,base
Blind harm,Fixed workflow,510068,0.3799999999999999,0.0,0.12000000000000004,0.0,0.0,0,0.0,base
Blind harm,Fixed workflow,510069,0.3799999999999999,0.0,0.12000000000000004,0.0,0.0,0,0.0,base
Blind harm,Fixed workflow,510070,0.3799999999999999,0.0,0.12000000000000004,0.0,0.0,0,0.0,base
Blind harm,Fixed workflow,510071,0.3799999999999999,0.0,0.12000000000000004,0.0,0.0,0,0.0,base
Blind harm,Fixed workflow,510072,0.3799999999999999,0.0,0.12000000000000004,0.0,0.0,0,0.0,base
Blind harm,Fixed workflow,510073,0.3799999999999999,0.0,0.12000000000000004,0.0,0.0,0,0.0,base
Blind harm,Fixed workflow,510074,0.3799999999999999,0.0,0.12000000000000004,0.0,0.0,0,0.0,base
Blind harm,Fixed workflow,510075,0.3799999999999999,0.0,0.12000000000000004,0.0,0.0,0,0.0,base
Blind harm,Fixed workflow,510076,0.3799999999999999,0.0,0.12000000000000004,0.0,0.0,0,0.0,base
Blind harm,Fixed workflow,510077,0.3799999999999999,0.0,0.12000000000000004,0.0,0.0,0,0.0,base
Blind harm,Fixed workflow,510078,0.3799999999999999,0.0,0.12000000000000004,0.0,0.0,0,0.0,base
Blind harm,Fixed workflow,510079,0.3799999999999999,0.0,0.12000000000000004,0.0,0.0,0,0.0,base
Blind harm,Fixed workflow,510080,0.3799999999999999,0.0,0.12000000000000004,0.0,0.0,0,0.0,base
Blind harm,Fixed workflow,510081,0.3799999999999999,0.0,0.12000000000000004,0.0,0.0,0,0.0,base
Blind harm,Fixed workflow,510082,0.3799999999999999,0.0,0.12000000000000004,0.0,0.0,0,0.0,base
Blind harm,Fixed workflow,510083,0.3799999999999999,0.0,0.12000000000000004,0.0,0.0,0,0.0,base
Blind harm,Fixed workflow,510084,0.3799999999999999,0.0,0.12000000000000004,0.0,0.0,0,0.0,base
Blind harm,Fixed workflow,510085,0.3799999999999999,0.0,0.12000000000000004,0.0,0.0,0,0.0,base
Blind harm,Fixed workflow,510086,0.3799999999999999,0.0,0.12000000000000004,0.0,0.0,0,0.0,base
Blind harm,Fixed workflow,510087,0.3799999999999999,0.0,0.12000000000000004,0.0,0.0,0,0.0,base
Blind harm,Fixed workflow,510088,0.3799999999999999,0.0,0.12000000000000004,0.0,0.0,0,0.0,base
Blind harm,Fixed workflow,510089,0.3799999999999999,0.0,0.12000000000000004,0.0,0.0,0,0.0,base
Blind harm,Fixed workflow,510090,0.3799999999999999,0.0,0.12000000000000004,0.0,0.0,0,0.0,base
Blind harm,Fixed workflow,510091,0.3799999999999999,0.0,0.12000000000000004,0.0,0.0,0,0.0,base
Blind harm,Fixed workflow,510092,0.3799999999999999,0.0,0.12000000000000004,0.0,0.0,0,0.0,base
Blind harm,Fixed workflow,510093,0.3799999999999999,0.0,0.12000000000000004,0.0,0.0,0,0.0,base
Blind harm,Fixed workflow,510094,0.3799999999999999,0.0,0.12000000000000004,0.0,0.0,0,0.0,base
Blind harm,Fixed workflow,510095,0.3799999999999999,0.0,0.12000000000000004,0.0,0.0,0,0.0,base
Blind harm,Fixed workflow,510096,0.3799999999999999,0.0,0.12000000000000004,0.0,0.0,0,0.0,base
Blind harm,Fixed workflow,510097,0.3799999999999999,0.0,0.12000000000000004,0.0,0.0,0,0.0,base
Blind harm,Fixed workflow,510098,0.3799999999999999,0.0,0.12000000000000004,0.0,0.0,0,0.0,base
Blind harm,Fixed workflow,510099,0.3799999999999999,0.0,0.12000000000000004,0.0,0.0,0,0.0,base
Blind harm,Fixed workflow,510100,0.3799999999999999,0.0,0.12000000000000004,0.0,0.0,0,0.0,base
Blind harm,Fixed workflow,510101,0.3799999999999999,0.0,0.12000000000000004,0.0,0.0,0,0.0,base
Blind harm,Fixed workflow,510102,0.3799999999999999,0.0,0.12000000000000004,0.0,0.0,0,0.0,base
Blind harm,Fixed workflow,510103,0.3799999999999999,0.0,0.12000000000000004,0.0,0.0,0,0.0,base
Blind harm,Fixed workflow,510104,0.3799999999999999,0.0,0.12000000000000004,0.0,0.0,0,0.0,base
Blind harm,Fixed workflow,510105,0.3799999999999999,0.0,0.12000000000000004,0.0,0.0,0,0.0,base
Blind harm,Fixed workflow,510106,0.3799999999999999,0.0,0.12000000000000004,0.0,0.0,0,0.0,base
Blind harm,Fixed workflow,510107,0.3799999999999999,0.0,0.12000000000000004,0.0,0.0,0,0.0,base
Blind harm,Fixed workflow,510108,0.3799999999999999,0.0,0.12000000000000004,0.0,0.0,0,0.0,base
Blind harm,Fixed workflow,510109,0.3799999999999999,0.0,0.12000000000000004,0.0,0.0,0,0.0,base
Blind harm,Fixed workflow,510110,0.3799999999999999,0.0,0.12000000000000004,0.0,0.0,0,0.0,base
Blind harm,Fixed workflow,510111,0.3799999999999999,0.0,0.12000000000000004,0.0,0.0,0,0.0,base
Blind harm,Fixed workflow,510112,0.3799999999999999,0.0,0.12000000000000004,0.0,0.0,0,0.0,base
Blind harm,Fixed workflow,510113,0.3799999999999999,0.0,0.12000000000000004,0.0,0.0,0,0.0,base
Blind harm,Fixed workflow,510114,0.3799999999999999,0.0,0.12000000000000004,0.0,0.0,0,0.0,base
Blind harm,Fixed workflow,510115,0.3799999999999999,0.0,0.12000000000000004,0.0,0.0,0,0.0,base
Blind harm,Fixed workflow,510116,0.3799999999999999,0.0,0.12000000000000004,0.0,0.0,0,0.0,base
Blind harm,Fixed workflow,510117,0.3799999999999999,0.0,0.12000000000000004,0.0,0.0,0,0.0,base
Blind harm,Fixed workflow,510118,0.3799999999999999,0.0,0.12000000000000004,0.0,0.0,0,0.0,base
Blind harm,Fixed workflow,510119,0.3799999999999999,0.0,0.12000000000000004,0.0,0.0,0,0.0,base
Blind harm,Fixed workflow,510120,0.3799999999999999,0.0,0.12000000000000004,0.0,0.0,0,0.0,base
Blind harm,Fixed workflow,510121,0.3799999999999999,0.0,0.12000000000000004,0.0,0.0,0,0.0,base
Blind harm,Fixed workflow,510122,0.3799999999999999,0.0,0.12000000000000004,0.0,0.0,0,0.0,base
Blind harm,Fixed workflow,510123,0.3799999999999999,0.0,0.12000000000000004,0.0,0.0,0,0.0,base
Blind harm,Fixed workflow,510124,0.3799999999999999,0.0,0.12000000000000004,0.0,0.0,0,0.0,base
Blind harm,Fixed workflow,510125,0.3799999999999999,0.0,0.12000000000000004,0.0,0.0,0,0.0,base
Blind harm,Fixed workflow,510126,0.3799999999999999,0.0,0.12000000000000004,0.0,0.0,0,0.0,base
Blind harm,Fixed workflow,510127,0.3799999999999999,0.0,0.12000000000000004,0.0,0.0,0,0.0,base
Blind harm,Fixed workflow,510128,0.3799999999999999,0.0,0.12000000000000004,0.0,0.0,0,0.0,base
Blind harm,Fixed workflow,510129,0.3799999999999999,0.0,0.12000000000000004,0.0,0.0,0,0.0,base
Blind harm,Fixed workflow,510130,0.3799999999999999,0.0,0.12000000000000004,0.0,0.0,0,0.0,base
Blind harm,Fixed workflow,510131,0.3799999999999999,0.0,0.12000000000000004,0.0,0.0,0,0.0,base
Blind harm,Fixed workflow,510132,0.3799999999999999,0.0,0.12000000000000004,0.0,0.0,0,0.0,base
Blind harm,Fixed workflow,510133,0.3799999999999999,0.0,0.12000000000000004,0.0,0.0,0,0.0,base
Blind harm,Fixed workflow,510134,0.3799999999999999,0.0,0.12000000000000004,0.0,0.0,0,0.0,base
Blind harm,Fixed workflow,510135,0.3799999999999999,0.0,0.12000000000000004,0.0,0.0,0,0.0,base
Blind harm,Fixed workflow,510136,0.3799999999999999,0.0,0.12000000000000004,0.0,0.0,0,0.0,base
Blind harm,Fixed workflow,510137,0.3799999999999999,0.0,0.12000000000000004,0.0,0.0,0,0.0,base
Blind harm,Fixed workflow,510138,0.3799999999999999,0.0,0.12000000000000004,0.0,0.0,0,0.0,base
Blind harm,Fixed workflow,510139,0.3799999999999999,0.0,0.12000000000000004,0.0,0.0,0,0.0,base
Blind harm,Fixed workflow,510140,0.3799999999999999,0.0,0.12000000000000004,0.0,0.0,0,0.0,base
Blind harm,Fixed workflow,510141,0.3799999999999999,0.0,0.12000000000000004,0.0,0.0,0,0.0,base
Blind harm,Fixed workflow,510142,0.3799999999999999,0.0,0.12000000000000004,0.0,0.0,0,0.0,base
Blind harm,Fixed workflow,510143,0.3799999999999999,0.0,0.12000000000000004,0.0,0.0,0,0.0,base
Blind harm,Fixed workflow,510144,0.3799999999999999,0.0,0.12000000000000004,0.0,0.0,0,0.0,base
Blind harm,Fixed workflow,510145,0.3799999999999999,0.0,0.12000000000000004,0.0,0.0,0,0.0,base
Blind harm,Fixed workflow,510146,0.3799999999999999,0.0,0.12000000000000004,0.0,0.0,0,0.0,base
Blind harm,Fixed workflow,510147,0.3799999999999999,0.0,0.12000000000000004,0.0,0.0,0,0.0,base
Blind harm,Fixed workflow,510148,0.3799999999999999,0.0,0.12000000000000004,0.0,0.0,0,0.0,base
Blind harm,Fixed workflow,510149,0.3799999999999999,0.0,0.12000000000000004,0.0,0.0,0,0.0,base
Blind harm,Fixed workflow,510150,0.3799999999999999,0.0,0.12000000000000004,0.0,0.0,0,0.0,base
Blind harm,Fixed workflow,510151,0.3799999999999999,0.0,0.12000000000000004,0.0,0.0,0,0.0,base
Blind harm,Fixed workflow,510152,0.3799999999999999,0.0,0.12000000000000004,0.0,0.0,0,0.0,base
Blind harm,Fixed workflow,510153,0.3799999999999999,0.0,0.12000000000000004,0.0,0.0,0,0.0,base
Blind harm,Fixed workflow,510154,0.3799999999999999,0.0,0.12000000000000004,0.0,0.0,0,0.0,base
Blind harm,Fixed workflow,510155,0.3799999999999999,0.0,0.12000000000000004,0.0,0.0,0,0.0,base
Blind harm,Fixed workflow,510156,0.3799999999999999,0.0,0.12000000000000004,0.0,0.0,0,0.0,base
Blind harm,Fixed workflow,510157,0.3799999999999999,0.0,0.12000000000000004,0.0,0.0,0,0.0,base
Blind harm,Fixed workflow,510158,0.3799999999999999,0.0,0.12000000000000004,0.0,0.0,0,0.0,base
Blind harm,Fixed workflow,510159,0.3799999999999999,0.0,0.12000000000000004,0.0,0.0,0,0.0,base
Blind harm,Fixed workflow,510160,0.3799999999999999,0.0,0.12000000000000004,0.0,0.0,0,0.0,base
Blind harm,Fixed workflow,510161,0.3799999999999999,0.0,0.12000000000000004,0.0,0.0,0,0.0,base
Blind harm,Fixed workflow,510162,0.3799999999999999,0.0,0.12000000000000004,0.0,0.0,0,0.0,base
Blind harm,Fixed workflow,510163,0.3799999999999999,0.0,0.12000000000000004,0.0,0.0,0,0.0,base
Blind harm,Fixed workflow,510164,0.3799999999999999,0.0,0.12000000000000004,0.0,0.0,0,0.0,base
Blind harm,Fixed workflow,510165,0.3799999999999999,0.0,0.12000000000000004,0.0,0.0,0,0.0,base
Blind harm,Fixed workflow,510166,0.3799999999999999,0.0,0.12000000000000004,0.0,0.0,0,0.0,base
Blind harm,Fixed workflow,510167,0.3799999999999999,0.0,0.12000000000000004,0.0,0.0,0,0.0,base
Blind harm,Fixed workflow,510168,0.3799999999999999,0.0,0.12000000000000004,0.0,0.0,0,0.0,base
Blind harm,Fixed workflow,510169,0.3799999999999999,0.0,0.12000000000000004,0.0,0.0,0,0.0,base
Blind harm,Fixed workflow,510170,0.3799999999999999,0.0,0.12000000000000004,0.0,0.0,0,0.0,base
Blind harm,Fixed workflow,510171,0.3799999999999999,0.0,0.12000000000000004,0.0,0.0,0,0.0,base
Blind harm,Fixed workflow,510172,0.3799999999999999,0.0,0.12000000000000004,0.0,0.0,0,0.0,base
Blind harm,Fixed workflow,510173,0.3799999999999999,0.0,0.12000000000000004,0.0,0.0,0,0.0,base
Blind harm,Fixed workflow,510174,0.3799999999999999,0.0,0.12000000000000004,0.0,0.0,0,0.0,base
Blind harm,Fixed workflow,510175,0.3799999999999999,0.0,0.12000000000000004,0.0,0.0,0,0.0,base
Blind harm,Fixed workflow,510176,0.3799999999999999,0.0,0.12000000000000004,0.0,0.0,0,0.0,base
Blind harm,Fixed workflow,510177,0.3799999999999999,0.0,0.12000000000000004,0.0,0.0,0,0.0,base
Blind harm,Fixed workflow,510178,0.3799999999999999,0.0,0.12000000000000004,0.0,0.0,0,0.0,base
Blind harm,Fixed workflow,510179,0.3799999999999999,0.0,0.12000000000000004,0.0,0.0,0,0.0,base
Blind harm,Fixed workflow,510180,0.3799999999999999,0.0,0.12000000000000004,0.0,0.0,0,0.0,base
Blind harm,Fixed workflow,510181,0.3799999999999999,0.0,0.12000000000000004,0.0,0.0,0,0.0,base
Blind harm,Fixed workflow,510182,0.3799999999999999,0.0,0.12000000000000004,0.0,0.0,0,0.0,base
Blind harm,Fixed workflow,510183,0.3799999999999999,0.0,0.12000000000000004,0.0,0.0,0,0.0,base
Blind harm,Fixed workflow,510184,0.3799999999999999,0.0,0.12000000000000004,0.0,0.0,0,0.0,base
Blind harm,Fixed workflow,510185,0.3799999999999999,0.0,0.12000000000000004,0.0,0.0,0,0.0,base
Blind harm,Fixed workflow,510186,0.3799999999999999,0.0,0.12000000000000004,0.0,0.0,0,0.0,base
Blind harm,Fixed workflow,510187,0.3799999999999999,0.0,0.12000000000000004,0.0,0.0,0,0.0,base
Blind harm,Fixed workflow,510188,0.3799999999999999,0.0,0.12000000000000004,0.0,0.0,0,0.0,base
Blind harm,Fixed workflow,510189,0.3799999999999999,0.0,0.12000000000000004,0.0,0.0,0,0.0,base
Blind harm,Fixed workflow,510190,0.3799999999999999,0.0,0.12000000000000004,0.0,0.0,0,0.0,base
Blind harm,Fixed workflow,510191,0.3799999999999999,0.0,0.12000000000000004,0.0,0.0,0,0.0,base
Blind harm,Fixed workflow,510192,0.3799999999999999,0.0,0.12000000000000004,0.0,0.0,0,0.0,base
Blind harm,Fixed workflow,510193,0.3799999999999999,0.0,0.12000000000000004,0.0,0.0,0,0.0,base
Blind harm,Fixed workflow,510194,0.3799999999999999,0.0,0.12000000000000004,0.0,0.0,0,0.0,base
Blind harm,Fixed workflow,510195,0.3799999999999999,0.0,0.12000000000000004,0.0,0.0,0,0.0,base
Blind harm,Fixed workflow,510196,0.3799999999999999,0.0,0.12000000000000004,0.0,0.0,0,0.0,base
Blind harm,Fixed workflow,510197,0.3799999999999999,0.0,0.12000000000000004,0.0,0.0,0,0.0,base
Blind harm,Fixed workflow,510198,0.3799999999999999,0.0,0.12000000000000004,0.0,0.0,0,0.0,base
Blind harm,Fixed workflow,510199,0.3799999999999999,0.0,0.12000000000000004,0.0,0.0,0,0.0,base
Blind harm,Fixed workflow,510200,0.3799999999999999,0.0,0.12000000000000004,0.0,0.0,0,0.0,base
Blind harm,Fixed workflow,510201,0.3799999999999999,0.0,0.12000000000000004,0.0,0.0,0,0.0,base
Blind harm,Fixed workflow,510202,0.3799999999999999,0.0,0.12000000000000004,0.0,0.0,0,0.0,base
Blind harm,Fixed workflow,510203,0.3799999999999999,0.0,0.12000000000000004,0.0,0.0,0,0.0,base
Blind harm,Fixed workflow,510204,0.3799999999999999,0.0,0.12000000000000004,0.0,0.0,0,0.0,base
Blind harm,Fixed workflow,510205,0.3799999999999999,0.0,0.12000000000000004,0.0,0.0,0,0.0,base
Blind harm,Fixed workflow,510206,0.3799999999999999,0.0,0.12000000000000004,0.0,0.0,0,0.0,base
Blind harm,Fixed workflow,510207,0.3799999999999999,0.0,0.12000000000000004,0.0,0.0,0,0.0,base
Blind harm,Fixed workflow,510208,0.3799999999999999,0.0,0.12000000000000004,0.0,0.0,0,0.0,base
Blind harm,Fixed workflow,510209,0.3799999999999999,0.0,0.12000000000000004,0.0,0.0,0,0.0,base
Blind harm,Fixed workflow,510210,0.3799999999999999,0.0,0.12000000000000004,0.0,0.0,0,0.0,base
Blind harm,Fixed workflow,510211,0.3799999999999999,0.0,0.12000000000000004,0.0,0.0,0,0.0,base
Blind harm,Fixed workflow,510212,0.3799999999999999,0.0,0.12000000000000004,0.0,0.0,0,0.0,base
Blind harm,Fixed workflow,510213,0.3799999999999999,0.0,0.12000000000000004,0.0,0.0,0,0.0,base
Blind harm,Fixed workflow,510214,0.3799999999999999,0.0,0.12000000000000004,0.0,0.0,0,0.0,base
Blind harm,Fixed workflow,510215,0.3799999999999999,0.0,0.12000000000000004,0.0,0.0,0,0.0,base
Blind harm,Fixed workflow,510216,0.3799999999999999,0.0,0.12000000000000004,0.0,0.0,0,0.0,base
Blind harm,Fixed workflow,510217,0.3799999999999999,0.0,0.12000000000000004,0.0,0.0,0,0.0,base
Blind harm,Fixed workflow,510218,0.3799999999999999,0.0,0.12000000000000004,0.0,0.0,0,0.0,base
Blind harm,Fixed workflow,510219,0.3799999999999999,0.0,0.12000000000000004,0.0,0.0,0,0.0,base
Blind harm,Fixed workflow,510220,0.3799999999999999,0.0,0.12000000000000004,0.0,0.0,0,0.0,base
Blind harm,Fixed workflow,510221,0.3799999999999999,0.0,0.12000000000000004,0.0,0.0,0,0.0,base
Blind harm,Fixed workflow,510222,0.3799999999999999,0.0,0.12000000000000004,0.0,0.0,0,0.0,base
Blind harm,Fixed workflow,510223,0.3799999999999999,0.0,0.12000000000000004,0.0,0.0,0,0.0,base
Blind harm,Fixed workflow,510224,0.3799999999999999,0.0,0.12000000000000004,0.0,0.0,0,0.0,base
Blind harm,Fixed workflow,510225,0.3799999999999999,0.0,0.12000000000000004,0.0,0.0,0,0.0,base
Blind harm,Fixed workflow,510226,0.3799999999999999,0.0,0.12000000000000004,0.0,0.0,0,0.0,base
Blind harm,Fixed workflow,510227,0.3799999999999999,0.0,0.12000000000000004,0.0,0.0,0,0.0,base
Blind harm,Fixed workflow,510228,0.3799999999999999,0.0,0.12000000000000004,0.0,0.0,0,0.0,base
Blind harm,Fixed workflow,510229,0.3799999999999999,0.0,0.12000000000000004,0.0,0.0,0,0.0,base
Blind harm,Fixed workflow,510230,0.3799999999999999,0.0,0.12000000000000004,0.0,0.0,0,0.0,base
Blind harm,Fixed workflow,510231,0.3799999999999999,0.0,0.12000000000000004,0.0,0.0,0,0.0,base
Blind harm,Fixed workflow,510232,0.3799999999999999,0.0,0.12000000000000004,0.0,0.0,0,0.0,base
Blind harm,Fixed workflow,510233,0.3799999999999999,0.0,0.12000000000000004,0.0,0.0,0,0.0,base
Blind harm,Fixed workflow,510234,0.3799999999999999,0.0,0.12000000000000004,0.0,0.0,0,0.0,base
Blind harm,Fixed workflow,510235,0.3799999999999999,0.0,0.12000000000000004,0.0,0.0,0,0.0,base
Blind harm,Fixed workflow,510236,0.3799999999999999,0.0,0.12000000000000004,0.0,0.0,0,0.0,base
Blind harm,Fixed workflow,510237,0.3799999999999999,0.0,0.12000000000000004,0.0,0.0,0,0.0,base
Blind harm,Fixed workflow,510238,0.3799999999999999,0.0,0.12000000000000004,0.0,0.0,0,0.0,base
Blind harm,Fixed workflow,510239,0.3799999999999999,0.0,0.12000000000000004,0.0,0.0,0,0.0,base
Blind harm,Fixed workflow,510240,0.3799999999999999,0.0,0.12000000000000004,0.0,0.0,0,0.0,base
Blind harm,Fixed workflow,510241,0.3799999999999999,0.0,0.12000000000000004,0.0,0.0,0,0.0,base
Blind harm,Fixed workflow,510242,0.3799999999999999,0.0,0.12000000000000004,0.0,0.0,0,0.0,base
Blind harm,Fixed workflow,510243,0.3799999999999999,0.0,0.12000000000000004,0.0,0.0,0,0.0,base
Blind harm,Fixed workflow,510244,0.3799999999999999,0.0,0.12000000000000004,0.0,0.0,0,0.0,base
Blind harm,Fixed workflow,510245,0.3799999999999999,0.0,0.12000000000000004,0.0,0.0,0,0.0,base
Blind harm,Fixed workflow,510246,0.3799999999999999,0.0,0.12000000000000004,0.0,0.0,0,0.0,base
Blind harm,Fixed workflow,510247,0.3799999999999999,0.0,0.12000000000000004,0.0,0.0,0,0.0,base
Blind harm,Fixed workflow,510248,0.3799999999999999,0.0,0.12000000000000004,0.0,0.0,0,0.0,base
Blind harm,Fixed workflow,510249,0.3799999999999999,0.0,0.12000000000000004,0.0,0.0,0,0.0,base
Blind harm,Fixed workflow,510250,0.3799999999999999,0.0,0.12000000000000004,0.0,0.0,0,0.0,base
Blind harm,Fixed workflow,510251,0.3799999999999999,0.0,0.12000000000000004,0.0,0.0,0,0.0,base
Blind harm,Fixed workflow,510252,0.3799999999999999,0.0,0.12000000000000004,0.0,0.0,0,0.0,base
Blind harm,Fixed workflow,510253,0.3799999999999999,0.0,0.12000000000000004,0.0,0.0,0,0.0,base
Blind harm,Fixed workflow,510254,0.3799999999999999,0.0,0.12000000000000004,0.0,0.0,0,0.0,base
Blind harm,Fixed workflow,510255,0.3799999999999999,0.0,0.12000000000000004,0.0,0.0,0,0.0,base
Blind harm,Biased search,510000,0.3917919921875,0.16666666666666666,0.09000000000000001,0.0182080078125,0.0,0,0.16666666666666666,base
Blind harm,Biased search,510001,0.3717919921875,0.16666666666666666,0.11000000000000003,0.0182080078125,0.0,0,0.16666666666666666,base
Blind harm,Biased search,510002,0.40179199218749995,0.16666666666666666,0.08000000000000002,0.0182080078125,0.0,0,0.16666666666666666,base
Blind harm,Biased search,510003,0.4005419921875,0.125,0.08125000000000002,0.0182080078125,0.0,0,0.125,base
Blind harm,Biased search,510004,0.4380419921875,0.041666666666666664,0.04375000000000001,0.0182080078125,0.0,0,0.041666666666666664,base
Blind harm,Biased search,510005,0.3867919921875,0.16666666666666666,0.09500000000000001,0.0182080078125,0.0,0,0.16666666666666666,base
Blind harm,Biased search,510006,0.38179199218749993,0.16666666666666666,0.10000000000000002,0.0182080078125,0.0,0,0.16666666666666666,base
Blind harm,Biased search,510007,0.4280419921875,0.041666666666666664,0.05375000000000001,0.0182080078125,0.0,0,0.041666666666666664,base
Blind harm,Biased search,510008,0.3967919921875,0.16666666666666666,0.085,0.0182080078125,0.0,0,0.16666666666666666,base
Blind harm,Biased search,510009,0.4080419921875,0.041666666666666664,0.07375000000000002,0.0182080078125,0.0,0,0.041666666666666664,base
Blind harm,Biased search,510010,0.3992919921875,0.08333333333333333,0.0825,0.0182080078125,0.0,0,0.08333333333333333,base
Blind harm,Biased search,510011,0.3917919921875,0.16666666666666666,0.09000000000000001,0.0182080078125,0.0,0,0.16666666666666666,base
Blind harm,Biased search,510012,0.42929199218749997,0.08333333333333333,0.05250000000000001,0.0182080078125,0.0,0,0.08333333333333333,base
Blind harm,Biased search,510013,0.39304199218749997,0.20833333333333334,0.08875000000000004,0.0182080078125,0.0,0,0.20833333333333334,base
Blind harm,Biased search,510014,0.38179199218749993,0.16666666666666666,0.10000000000000002,0.0182080078125,0.0,0,0.16666666666666666,base
Blind harm,Biased search,510015,0.4205419921875,0.125,0.061250000000000006,0.0182080078125,0.0,0,0.125,base
Blind harm,Biased search,510016,0.4055419921874999,0.125,0.07625000000000003,0.0182080078125,0.0,0,0.125,base
Blind harm,Biased search,510017,0.3967919921875,0.16666666666666666,0.08500000000000002,0.0182080078125,0.0,0,0.16666666666666666,base
Blind harm,Biased search,510018,0.39304199218749997,0.20833333333333334,0.08875000000000001,0.0182080078125,0.0,0,0.20833333333333334,base
Blind harm,Biased search,510019,0.40429199218749995,0.08333333333333333,0.07750000000000001,0.0182080078125,0.0,0,0.08333333333333333,base
Blind harm,Biased search,510020,0.3917919921875,0.16666666666666666,0.09000000000000001,0.0182080078125,0.0,0,0.16666666666666666,base
Blind harm,Biased search,510021,0.34179199218749995,0.3333333333333333,0.14,0.0182080078125,0.0,0,0.3333333333333333,base
Blind harm,Biased search,510022,0.3917919921875,0.16666666666666666,0.09000000000000001,0.0182080078125,0.0,0,0.16666666666666666,base
Blind harm,Biased search,510023,0.3955419921875,0.125,0.08625000000000001,0.0182080078125,0.0,0,0.125,base
Blind harm,Biased search,510024,0.4067919921875,0.16666666666666666,0.07500000000000001,0.0182080078125,0.0,0,0.16666666666666666,base
Blind harm,Biased search,510025,0.40929199218749995,0.08333333333333333,0.07250000000000001,0.0182080078125,0.0,0,0.08333333333333333,base
Blind harm,Biased search,510026,0.4067919921875,0.16666666666666666,0.07500000000000001,0.0182080078125,0.0,0,0.16666666666666666,base
Blind harm,Biased search,510027,0.4192919921875,0.08333333333333333,0.06250000000000001,0.0182080078125,0.0,0,0.08333333333333333,base
Blind harm,Biased search,510028,0.4067919921875,0.16666666666666666,0.07500000000000001,0.0182080078125,0.0,0,0.16666666666666666,base
Blind harm,Biased search,510029,0.3767919921875,0.16666666666666666,0.10500000000000002,0.0182080078125,0.0,0,0.16666666666666666,base
Blind harm,Biased search,510030,0.39054199218749996,0.125,0.09125000000000001,0.0182080078125,0.0,0,0.125,base
Blind harm,Biased search,510031,0.3955419921875,0.125,0.08625000000000001,0.0182080078125,0.0,0,0.125,base
Blind harm,Biased search,510032,0.42929199218749997,0.08333333333333333,0.05250000000000001,0.0182080078125,0.0,0,0.08333333333333333,base
Blind harm,Biased search,510033,0.3555419921875,0.2916666666666667,0.12625,0.0182080078125,0.0,0,0.2916666666666667,base
Blind harm,Biased search,510034,0.42929199218749997,0.08333333333333333,0.05250000000000001,0.0182080078125,0.0,0,0.08333333333333333,base
Blind harm,Biased search,510035,0.41554199218750004,0.125,0.06625,0.0182080078125,0.0,0,0.125,base
Blind harm,Biased search,510036,0.33179199218749994,0.3333333333333333,0.15000000000000005,0.0182080078125,0.0,0,0.3333333333333333,base
Blind harm,Biased search,510037,0.4192919921875,0.08333333333333333,0.06250000000000001,0.0182080078125,0.0,0,0.08333333333333333,base
Blind harm,Biased search,510038,0.4192919921875,0.08333333333333333,0.06250000000000001,0.0182080078125,0.0,0,0.08333333333333333,base
Blind harm,Biased search,510039,0.3742919921874999,0.25,0.10750000000000003,0.0182080078125,0.0,0,0.25,base
Blind harm,Biased search,510040,0.40179199218749995,0.16666666666666666,0.08000000000000002,0.0182080078125,0.0,0,0.16666666666666666,base
Blind harm,Biased search,510041,0.3855419921874999,0.125,0.09625000000000002,0.0182080078125,0.0,0,0.125,base
Blind harm,Biased search,510042,0.37054199218749995,0.2916666666666667,0.11125000000000003,0.0182080078125,0.0,0,0.2916666666666667,base
Blind harm,Biased search,510043,0.3917919921875,0.16666666666666666,0.09000000000000001,0.0182080078125,0.0,0,0.16666666666666666,base
Blind harm,Biased search,510044,0.3967919921875,0.16666666666666666,0.085,0.0182080078125,0.0,0,0.16666666666666666,base
Blind harm,Biased search,510045,0.3880419921875,0.20833333333333334,0.09375000000000001,0.0182080078125,0.0,0,0.20833333333333334,base
Blind harm,Biased search,510046,0.40929199218749995,0.08333333333333333,0.07250000000000002,0.0182080078125,0.0,0,0.08333333333333333,base
Blind harm,Biased search,510047,0.37804199218749995,0.20833333333333334,0.10375000000000001,0.0182080078125,0.0,0,0.20833333333333334,base
Blind harm,Biased search,510048,0.42554199218749994,0.125,0.056250000000000015,0.0182080078125,0.0,0,0.125,base
Blind harm,Biased search,510049,0.35929199218749996,0.25,0.12250000000000001,0.0182080078125,0.0,0,0.25,base
Blind harm,Biased search,510050,0.41554199218750004,0.125,0.06625000000000002,0.0182080078125,0.0,0,0.125,base
Blind harm,Biased search,510051,0.3680419921875,0.20833333333333334,0.11375000000000002,0.0182080078125,0.0,0,0.20833333333333334,base
Blind harm,Biased search,510052,0.3742919921874999,0.25,0.1075,0.0182080078125,0.0,0,0.25,base
Blind harm,Biased search,510053,0.4105419921875,0.125,0.07125000000000001,0.0182080078125,0.0,0,0.125,base
Blind harm,Biased search,510054,0.3917919921875,0.16666666666666666,0.09000000000000001,0.0182080078125,0.0,0,0.16666666666666666,base
Blind harm,Biased search,510055,0.43304199218749995,0.041666666666666664,0.04875000000000001,0.0182080078125,0.0,0,0.041666666666666664,base
Blind harm,Biased search,510056,0.38179199218749993,0.16666666666666666,0.10000000000000002,0.0182080078125,0.0,0,0.16666666666666666,base
Blind harm,Biased search,510057,0.40179199218749995,0.16666666666666666,0.08,0.0182080078125,0.0,0,0.16666666666666666,base
Blind harm,Biased search,510058,0.4067919921875,0.16666666666666666,0.07500000000000002,0.0182080078125,0.0,0,0.16666666666666666,base
Blind harm,Biased search,510059,0.33179199218749994,0.3333333333333333,0.15000000000000005,0.0182080078125,0.0,0,0.3333333333333333,base
Blind harm,Biased search,510060,0.38304199218749996,0.20833333333333334,0.09875,0.0182080078125,0.0,0,0.20833333333333334,base
Blind harm,Biased search,510061,0.3880419921875,0.20833333333333334,0.09375000000000001,0.0182080078125,0.0,0,0.20833333333333334,base
Blind harm,Biased search,510062,0.3917919921875,0.16666666666666666,0.09000000000000002,0.0182080078125,0.0,0,0.16666666666666666,base
Blind harm,Biased search,510063,0.3680419921875,0.20833333333333334,0.11375000000000002,0.0182080078125,0.0,0,0.20833333333333334,base
Blind harm,Biased search,510064,0.4180419921875,0.041666666666666664,0.06375000000000001,0.0182080078125,0.0,0,0.041666666666666664,base
Blind harm,Biased search,510065,0.39304199218749997,0.20833333333333334,0.08875000000000001,0.0182080078125,0.0,0,0.20833333333333334,base
Blind harm,Biased search,510066,0.4342919921875,0.08333333333333333,0.04750000000000001,0.0182080078125,0.0,0,0.08333333333333333,base
Blind harm,Biased search,510067,0.3680419921875,0.20833333333333334,0.11375000000000002,0.0182080078125,0.0,0,0.20833333333333334,base
Blind harm,Biased search,510068,0.4342919921875,0.08333333333333333,0.04750000000000001,0.0182080078125,0.0,0,0.08333333333333333,base
Blind harm,Biased search,510069,0.35179199218749996,0.3333333333333333,0.13000000000000003,0.0182080078125,0.0,0,0.3333333333333333,base
Blind harm,Biased search,510070,0.4192919921875,0.08333333333333333,0.0625,0.0182080078125,0.0,0,0.08333333333333333,base
Blind harm,Biased search,510071,0.38304199218749996,0.20833333333333334,0.09875,0.0182080078125,0.0,0,0.20833333333333334,base
Blind harm,Biased search,510072,0.34179199218749995,0.3333333333333333,0.14000000000000004,0.0182080078125,0.0,0,0.3333333333333333,base
Blind harm,Biased search,510073,0.4067919921875,0.16666666666666666,0.07500000000000001,0.0182080078125,0.0,0,0.16666666666666666,base
Blind harm,Biased search,510074,0.41554199218750004,0.125,0.06625000000000002,0.0182080078125,0.0,0,0.125,base
Blind harm,Biased search,510075,0.4105419921875,0.125,0.07125000000000001,0.0182080078125,0.0,0,0.125,base
Blind harm,Biased search,510076,0.4342919921875,0.08333333333333333,0.04750000000000001,0.0182080078125,0.0,0,0.08333333333333333,base
Blind harm,Biased search,510077,0.3567919921875,0.3333333333333333,0.12500000000000003,0.0182080078125,0.0,0,0.3333333333333333,base
Blind harm,Biased search,510078,0.4192919921875,0.08333333333333333,0.06250000000000001,0.0182080078125,0.0,0,0.08333333333333333,base
Blind harm,Biased search,510079,0.4055419921874999,0.125,0.07625000000000001,0.0182080078125,0.0,0,0.125,base
Blind harm,Biased search,510080,0.37304199218749995,0.20833333333333334,0.10875000000000003,0.0182080078125,0.0,0,0.20833333333333334,base
Blind harm,Biased search,510081,0.3967919921875,0.16666666666666666,0.085,0.0182080078125,0.0,0,0.16666666666666666,base
Blind harm,Biased search,510082,0.38429199218750004,0.25,0.09750000000000002,0.0182080078125,0.0,0,0.25,base
Blind harm,Biased search,510083,0.4192919921875,0.08333333333333333,0.06250000000000001,0.0182080078125,0.0,0,0.08333333333333333,base
Blind harm,Biased search,510084,0.3380419921875,0.375,0.14375000000000004,0.0182080078125,0.0,0,0.375,base
Blind harm,Biased search,510085,0.4105419921875,0.125,0.07125000000000001,0.0182080078125,0.0,0,0.125,base
Blind harm,Biased search,510086,0.4030419921875,0.041666666666666664,0.07875000000000003,0.0182080078125,0.0,0,0.041666666666666664,base
Blind harm,Biased search,510087,0.4055419921874999,0.125,0.07625000000000003,0.0182080078125,0.0,0,0.125,base
Blind harm,Biased search,510088,0.3692919921875,0.25,0.1125,0.0182080078125,0.0,0,0.25,base
Blind harm,Biased search,510089,0.39054199218749996,0.125,0.09125000000000001,0.0182080078125,0.0,0,0.125,base
Blind harm,Biased search,510090,0.38179199218749993,0.16666666666666666,0.10000000000000002,0.0182080078125,0.0,0,0.16666666666666666,base
Blind harm,Biased search,510091,0.3955419921875,0.125,0.08625000000000001,0.0182080078125,0.0,0,0.125,base
Blind harm,Biased search,510092,0.36179199218749997,0.3333333333333333,0.12000000000000004,0.0182080078125,0.0,0,0.3333333333333333,base
Blind harm,Biased search,510093,0.39304199218749997,0.20833333333333334,0.08875000000000004,0.0182080078125,0.0,0,0.20833333333333334,base
Blind harm,Biased search,510094,0.41554199218750004,0.125,0.06625000000000002,0.0182080078125,0.0,0,0.125,base
Blind harm,Biased search,510095,0.4117919921875,0.16666666666666666,0.07000000000000002,0.0182080078125,0.0,0,0.16666666666666666,base
Blind harm,Biased search,510096,0.39304199218749997,0.20833333333333334,0.08875000000000004,0.0182080078125,0.0,0,0.20833333333333334,base
Blind harm,Biased search,510097,0.3955419921875,0.125,0.08625000000000001,0.0182080078125,0.0,0,0.125,base
Blind harm,Biased search,510098,0.42429199218749997,0.08333333333333333,0.057500000000000016,0.0182080078125,0.0,0,0.08333333333333333,base
Blind harm,Biased search,510099,0.42929199218749997,0.08333333333333333,0.0525,0.0182080078125,0.0,0,0.08333333333333333,base
Blind harm,Biased search,510100,0.4205419921875,0.125,0.061250000000000006,0.0182080078125,0.0,0,0.125,base
Blind harm,Biased search,510101,0.4280419921875,0.041666666666666664,0.05375000000000001,0.0182080078125,0.0,0,0.041666666666666664,base
Blind harm,Biased search,510102,0.38179199218749993,0.16666666666666666,0.10000000000000002,0.0182080078125,0.0,0,0.16666666666666666,base
Blind harm,Biased search,510103,0.4480419921875,0.041666666666666664,0.03375,0.0182080078125,0.0,0,0.041666666666666664,base
Blind harm,Biased search,510104,0.3967919921875,0.16666666666666666,0.085,0.0182080078125,0.0,0,0.16666666666666666,base
Blind harm,Biased search,510105,0.4067919921875,0.16666666666666666,0.07500000000000001,0.0182080078125,0.0,0,0.16666666666666666,base
Blind harm,Biased search,510106,0.38179199218749993,0.16666666666666666,0.10000000000000002,0.0182080078125,0.0,0,0.16666666666666666,base
Blind harm,Biased search,510107,0.42429199218749997,0.08333333333333333,0.057500000000000016,0.0182080078125,0.0,0,0.08333333333333333,base
Blind harm,Biased search,510108,0.36679199218749997,0.16666666666666666,0.115,0.0182080078125,0.0,0,0.16666666666666666,base
Blind harm,Biased search,510109,0.41554199218750004,0.125,0.06625000000000002,0.0182080078125,0.0,0,0.125,base
Blind harm,Biased search,510110,0.38929199218749994,0.08333333333333333,0.09250000000000003,0.0182080078125,0.0,0,0.08333333333333333,base
Blind harm,Biased search,510111,0.4055419921874999,0.125,0.07625000000000001,0.0182080078125,0.0,0,0.125,base
Blind harm,Biased search,510112,0.3917919921875,0.16666666666666666,0.09000000000000001,0.0182080078125,0.0,0,0.16666666666666666,base
Blind harm,Biased search,510113,0.4105419921875,0.125,0.07125000000000001,0.0182080078125,0.0,0,0.125,base
Blind harm,Biased search,510114,0.4055419921874999,0.125,0.07625000000000001,0.0182080078125,0.0,0,0.125,base
Blind harm,Biased search,510115,0.4005419921875,0.125,0.08125,0.0182080078125,0.0,0,0.125,base
Blind harm,Biased search,510116,0.4105419921875,0.125,0.07125000000000001,0.0182080078125,0.0,0,0.125,base
Blind harm,Biased search,510117,0.4067919921875,0.16666666666666666,0.07500000000000001,0.0182080078125,0.0,0,0.16666666666666666,base
Blind harm,Biased search,510118,0.38429199218750004,0.25,0.09750000000000002,0.0182080078125,0.0,0,0.25,base
Blind harm,Biased search,510119,0.40929199218749995,0.08333333333333333,0.07250000000000001,0.0182080078125,0.0,0,0.08333333333333333,base
Blind harm,Biased search,510120,0.4030419921875,0.20833333333333334,0.07875000000000001,0.0182080078125,0.0,0,0.20833333333333334,base
Blind harm,Biased search,510121,0.3955419921875,0.125,0.08625000000000001,0.0182080078125,0.0,0,0.125,base
Blind harm,Biased search,510122,0.42929199218749997,0.08333333333333333,0.05250000000000001,0.0182080078125,0.0,0,0.08333333333333333,base
Blind harm,Biased search,510123,0.4055419921874999,0.125,0.07625000000000001,0.0182080078125,0.0,0,0.125,base
Blind harm,Biased search,510124,0.39054199218749996,0.125,0.09125000000000001,0.0182080078125,0.0,0,0.125,base
Blind harm,Biased search,510125,0.3867919921875,0.16666666666666666,0.09500000000000001,0.0182080078125,0.0,0,0.16666666666666666,base
Blind harm,Biased search,510126,0.4055419921874999,0.125,0.07625000000000001,0.0182080078125,0.0,0,0.125,base
Blind harm,Biased search,510127,0.43304199218749995,0.041666666666666664,0.04875000000000001,0.0182080078125,0.0,0,0.041666666666666664,base
Blind harm,Biased search,510128,0.3792919921875,0.25,0.10250000000000002,0.0182080078125,0.0,0,0.25,base
Blind harm,Biased search,510129,0.35804199218749994,0.20833333333333334,0.12375000000000003,0.0182080078125,0.0,0,0.20833333333333334,base
Blind harm,Biased search,510130,0.39304199218749997,0.20833333333333334,0.08875000000000001,0.0182080078125,0.0,0,0.20833333333333334,base
Blind harm,Biased search,510131,0.37804199218749995,0.20833333333333334,0.10375000000000002,0.0182080078125,0.0,0,0.20833333333333334,base
Blind harm,Biased search,510132,0.40929199218749995,0.08333333333333333,0.07250000000000001,0.0182080078125,0.0,0,0.08333333333333333,base
Blind harm,Biased search,510133,0.4480419921875,0.041666666666666664,0.03375000000000001,0.0182080078125,0.0,0,0.041666666666666664,base
Blind harm,Biased search,510134,0.3967919921875,0.16666666666666666,0.08500000000000002,0.0182080078125,0.0,0,0.16666666666666666,base
Blind harm,Biased search,510135,0.39429199218749994,0.08333333333333333,0.08750000000000002,0.0182080078125,0.0,0,0.08333333333333333,base
Blind harm,Biased search,510136,0.39054199218749996,0.125,0.09125000000000001,0.0182080078125,0.0,0,0.125,base
Blind harm,Biased search,510137,0.4105419921875,0.125,0.07125000000000002,0.0182080078125,0.0,0,0.125,base
Blind harm,Biased search,510138,0.37304199218749995,0.20833333333333334,0.10875000000000001,0.0182080078125,0.0,0,0.20833333333333334,base
Blind harm,Biased search,510139,0.39429199218749994,0.08333333333333333,0.08750000000000002,0.0182080078125,0.0,0,0.08333333333333333,base
Blind harm,Biased search,510140,0.3642919921875,0.25,0.11750000000000001,0.0182080078125,0.0,0,0.25,base
Blind harm,Biased search,510141,0.3555419921875,0.2916666666666667,0.12625,0.0182080078125,0.0,0,0.2916666666666667,base
Blind harm,Biased search,510142,0.39804199218749997,0.20833333333333334,0.08375000000000003,0.0182080078125,0.0,0,0.20833333333333334,base
Blind harm,Biased search,510143,0.35179199218749996,0.3333333333333333,0.13000000000000003,0.0182080078125,0.0,0,0.3333333333333333,base
Blind harm,Biased search,510144,0.3867919921875,0.16666666666666666,0.09500000000000001,0.0182080078125,0.0,0,0.16666666666666666,base
Blind harm,Biased search,510145,0.38304199218749996,0.20833333333333334,0.09875,0.0182080078125,0.0,0,0.20833333333333334,base
Blind harm,Biased search,510146,0.41554199218750004,0.125,0.06625000000000002,0.0182080078125,0.0,0,0.125,base
Blind harm,Biased search,510147,0.3867919921875,0.16666666666666666,0.09500000000000001,0.0182080078125,0.0,0,0.16666666666666666,base
Blind harm,Biased search,510148,0.37304199218749995,0.20833333333333334,0.10875000000000001,0.0182080078125,0.0,0,0.20833333333333334,base
Blind harm,Biased search,510149,0.3655419921875,0.2916666666666667,0.11625000000000003,0.0182080078125,0.0,0,0.2916666666666667,base
Blind harm,Biased search,510150,0.3867919921875,0.16666666666666666,0.09500000000000001,0.0182080078125,0.0,0,0.16666666666666666,base
Blind harm,Biased search,510151,0.35054199218749993,0.2916666666666667,0.13125,0.0182080078125,0.0,0,0.2916666666666667,base
Blind harm,Biased search,510152,0.4192919921875,0.08333333333333333,0.06250000000000001,0.0182080078125,0.0,0,0.08333333333333333,base
Blind harm,Biased search,510153,0.3992919921875,0.08333333333333333,0.08250000000000002,0.0182080078125,0.0,0,0.08333333333333333,base
Blind harm,Biased search,510154,0.37304199218749995,0.20833333333333334,0.10875000000000001,0.0182080078125,0.0,0,0.20833333333333334,base
Blind harm,Biased search,510155,0.3880419921875,0.20833333333333334,0.09375000000000004,0.0182080078125,0.0,0,0.20833333333333334,base
Blind harm,Biased search,510156,0.3555419921875,0.2916666666666667,0.12625,0.0182080078125,0.0,0,0.2916666666666667,base
Blind harm,Biased search,510157,0.3555419921875,0.2916666666666667,0.12625,0.0182080078125,0.0,0,0.2916666666666667,base
Blind harm,Biased search,510158,0.3092919921875,0.4166666666666667,0.17250000000000001,0.0182080078125,0.0,0,0.4166666666666667,base
Blind harm,Biased search,510159,0.3917919921875,0.16666666666666666,0.09000000000000001,0.0182080078125,0.0,0,0.16666666666666666,base
Blind harm,Biased search,510160,0.37804199218749995,0.20833333333333334,0.10375000000000001,0.0182080078125,0.0,0,0.20833333333333334,base
Blind harm,Biased search,510161,0.35054199218749993,0.2916666666666667,0.13125,0.0182080078125,0.0,0,0.2916666666666667,base
Blind harm,Biased search,510162,0.3680419921875,0.20833333333333334,0.11375000000000002,0.0182080078125,0.0,0,0.20833333333333334,base
Blind harm,Biased search,510163,0.3867919921875,0.16666666666666666,0.09500000000000001,0.0182080078125,0.0,0,0.16666666666666666,base
Blind harm,Biased search,510164,0.3955419921875,0.125,0.08625000000000001,0.0182080078125,0.0,0,0.125,base
Blind harm,Biased search,510165,0.44679199218750004,0.0,0.035,0.0182080078125,0.0,0,0.0,base
Blind harm,Biased search,510166,0.39304199218749997,0.20833333333333334,0.08875000000000001,0.0182080078125,0.0,0,0.20833333333333334,base
Blind harm,Biased search,510167,0.37804199218749995,0.20833333333333334,0.10375000000000001,0.0182080078125,0.0,0,0.20833333333333334,base
Blind harm,Biased search,510168,0.3855419921874999,0.125,0.09625000000000002,0.0182080078125,0.0,0,0.125,base
Blind harm,Biased search,510169,0.41429199218749996,0.08333333333333333,0.06750000000000002,0.0182080078125,0.0,0,0.08333333333333333,base
Blind harm,Biased search,510170,0.38304199218749996,0.20833333333333334,0.09875,0.0182080078125,0.0,0,0.20833333333333334,base
Blind harm,Biased search,510171,0.41429199218749996,0.08333333333333333,0.06750000000000002,0.0182080078125,0.0,0,0.08333333333333333,base
Blind harm,Biased search,510172,0.4192919921875,0.08333333333333333,0.06250000000000001,0.0182080078125,0.0,0,0.08333333333333333,base
Blind harm,Biased search,510173,0.4067919921875,0.16666666666666666,0.07500000000000001,0.0182080078125,0.0,0,0.16666666666666666,base
Blind harm,Biased search,510174,0.3642919921875,0.25,0.11750000000000001,0.0182080078125,0.0,0,0.25,base
Blind harm,Biased search,510175,0.3680419921875,0.20833333333333334,0.11375000000000002,0.0182080078125,0.0,0,0.20833333333333334,base
Blind harm,Biased search,510176,0.3917919921875,0.16666666666666666,0.09000000000000002,0.0182080078125,0.0,0,0.16666666666666666,base
Blind harm,Biased search,510177,0.38179199218749993,0.16666666666666666,0.10000000000000002,0.0182080078125,0.0,0,0.16666666666666666,base
Blind harm,Biased search,510178,0.45679199218749994,0.0,0.025000000000000005,0.0182080078125,0.0,0,0.0,base
Blind harm,Biased search,510179,0.3892919921875,0.25,0.09250000000000003,0.0182080078125,0.0,0,0.25,base
Blind harm,Biased search,510180,0.3792919921875,0.25,0.10250000000000002,0.0182080078125,0.0,0,0.25,base
Blind harm,Biased search,510181,0.40929199218749995,0.08333333333333333,0.07250000000000001,0.0182080078125,0.0,0,0.08333333333333333,base
Blind harm,Biased search,510182,0.3692919921875,0.25,0.1125,0.0182080078125,0.0,0,0.25,base
Blind harm,Biased search,510183,0.3917919921875,0.16666666666666666,0.09000000000000001,0.0182080078125,0.0,0,0.16666666666666666,base
Blind harm,Biased search,510184,0.37804199218749995,0.20833333333333334,0.10375000000000001,0.0182080078125,0.0,0,0.20833333333333334,base
Blind harm,Biased search,510185,0.4117919921875,0.16666666666666666,0.07,0.0182080078125,0.0,0,0.16666666666666666,base
Blind harm,Biased search,510186,0.4192919921875,0.08333333333333333,0.06250000000000001,0.0182080078125,0.0,0,0.08333333333333333,base
Blind harm,Biased search,510187,0.3917919921875,0.16666666666666666,0.09000000000000001,0.0182080078125,0.0,0,0.16666666666666666,base
Blind harm,Biased search,510188,0.40929199218749995,0.08333333333333333,0.07250000000000001,0.0182080078125,0.0,0,0.08333333333333333,base
Blind harm,Biased search,510189,0.38179199218749993,0.16666666666666666,0.10000000000000002,0.0182080078125,0.0,0,0.16666666666666666,base
Blind harm,Biased search,510190,0.33054199218749997,0.2916666666666667,0.15125,0.0182080078125,0.0,0,0.2916666666666667,base
Blind harm,Biased search,510191,0.3755419921875,0.125,0.10625000000000002,0.0182080078125,0.0,0,0.125,base
Blind harm,Biased search,510192,0.3967919921875,0.16666666666666666,0.085,0.0182080078125,0.0,0,0.16666666666666666,base
Blind harm,Biased search,510193,0.3917919921875,0.16666666666666666,0.09000000000000001,0.0182080078125,0.0,0,0.16666666666666666,base
Blind harm,Biased search,510194,0.4105419921875,0.125,0.07125000000000001,0.0182080078125,0.0,0,0.125,base
Blind harm,Biased search,510195,0.4280419921875,0.041666666666666664,0.05375000000000001,0.0182080078125,0.0,0,0.041666666666666664,base
Blind harm,Biased search,510196,0.40429199218749995,0.08333333333333333,0.07750000000000001,0.0182080078125,0.0,0,0.08333333333333333,base
Blind harm,Biased search,510197,0.39804199218749997,0.20833333333333334,0.08375,0.0182080078125,0.0,0,0.20833333333333334,base
Blind harm,Biased search,510198,0.3742919921874999,0.25,0.10750000000000003,0.0182080078125,0.0,0,0.25,base
Blind harm,Biased search,510199,0.3992919921875,0.08333333333333333,0.08250000000000002,0.0182080078125,0.0,0,0.08333333333333333,base
Blind harm,Biased search,510200,0.4105419921875,0.125,0.07125000000000002,0.0182080078125,0.0,0,0.125,base
Blind harm,Biased search,510201,0.3955419921875,0.125,0.08625000000000001,0.0182080078125,0.0,0,0.125,base
Blind harm,Biased search,510202,0.37804199218749995,0.20833333333333334,0.10375000000000001,0.0182080078125,0.0,0,0.20833333333333334,base
Blind harm,Biased search,510203,0.3792919921875,0.25,0.10250000000000002,0.0182080078125,0.0,0,0.25,base
Blind harm,Biased search,510204,0.38179199218749993,0.16666666666666666,0.10000000000000002,0.0182080078125,0.0,0,0.16666666666666666,base
Blind harm,Biased search,510205,0.4055419921874999,0.125,0.07625000000000003,0.0182080078125,0.0,0,0.125,base
Blind harm,Biased search,510206,0.37304199218749995,0.20833333333333334,0.10875000000000001,0.0182080078125,0.0,0,0.20833333333333334,base
Blind harm,Biased search,510207,0.4105419921875,0.125,0.07125000000000002,0.0182080078125,0.0,0,0.125,base
Blind harm,Biased search,510208,0.4117919921875,0.16666666666666666,0.07,0.0182080078125,0.0,0,0.16666666666666666,base
Blind harm,Biased search,510209,0.4105419921875,0.125,0.07125000000000001,0.0182080078125,0.0,0,0.125,base
Blind harm,Biased search,510210,0.4192919921875,0.08333333333333333,0.06250000000000001,0.0182080078125,0.0,0,0.08333333333333333,base
Blind harm,Biased search,510211,0.3642919921875,0.25,0.11750000000000001,0.0182080078125,0.0,0,0.25,base
Blind harm,Biased search,510212,0.3917919921875,0.16666666666666666,0.09000000000000001,0.0182080078125,0.0,0,0.16666666666666666,base
Blind harm,Biased search,510213,0.4192919921875,0.08333333333333333,0.06250000000000001,0.0182080078125,0.0,0,0.08333333333333333,base
Blind harm,Biased search,510214,0.40429199218749995,0.08333333333333333,0.07750000000000001,0.0182080078125,0.0,0,0.08333333333333333,base
Blind harm,Biased search,510215,0.37804199218749995,0.20833333333333334,0.10375000000000001,0.0182080078125,0.0,0,0.20833333333333334,base
Blind harm,Biased search,510216,0.42929199218749997,0.08333333333333333,0.05250000000000001,0.0182080078125,0.0,0,0.08333333333333333,base
Blind harm,Biased search,510217,0.35179199218749996,0.3333333333333333,0.13000000000000003,0.0182080078125,0.0,0,0.3333333333333333,base
Blind harm,Biased search,510218,0.41429199218749996,0.08333333333333333,0.06750000000000002,0.0182080078125,0.0,0,0.08333333333333333,base
Blind harm,Biased search,510219,0.38304199218749996,0.20833333333333334,0.09875000000000002,0.0182080078125,0.0,0,0.20833333333333334,base
Blind harm,Biased search,510220,0.4305419921875,0.125,0.05125000000000001,0.0182080078125,0.0,0,0.125,base
Blind harm,Biased search,510221,0.3567919921875,0.3333333333333333,0.12500000000000003,0.0182080078125,0.0,0,0.3333333333333333,base
Blind harm,Biased search,510222,0.36304199218749994,0.20833333333333334,0.11875000000000002,0.0182080078125,0.0,0,0.20833333333333334,base
Blind harm,Biased search,510223,0.3605419921875,0.2916666666666667,0.12125000000000004,0.0182080078125,0.0,0,0.2916666666666667,base
Blind harm,Biased search,510224,0.40429199218749995,0.08333333333333333,0.07750000000000001,0.0182080078125,0.0,0,0.08333333333333333,base
Blind harm,Biased search,510225,0.3442919921875,0.25,0.13750000000000004,0.0182080078125,0.0,0,0.25,base
Blind harm,Biased search,510226,0.43304199218749995,0.041666666666666664,0.04875000000000001,0.0182080078125,0.0,0,0.041666666666666664,base
Blind harm,Biased search,510227,0.42554199218749994,0.125,0.05625,0.0182080078125,0.0,0,0.125,base
Blind harm,Biased search,510228,0.40179199218749995,0.16666666666666666,0.08000000000000002,0.0182080078125,0.0,0,0.16666666666666666,base
Blind harm,Biased search,510229,0.3880419921875,0.20833333333333334,0.09375000000000001,0.0182080078125,0.0,0,0.20833333333333334,base
Blind harm,Biased search,510230,0.40179199218749995,0.16666666666666666,0.08,0.0182080078125,0.0,0,0.16666666666666666,base
Blind harm,Biased search,510231,0.3880419921875,0.20833333333333334,0.09375000000000001,0.0182080078125,0.0,0,0.20833333333333334,base
Blind harm,Biased search,510232,0.34679199218749995,0.3333333333333333,0.13500000000000004,0.0182080078125,0.0,0,0.3333333333333333,base
Blind harm,Biased search,510233,0.39304199218749997,0.20833333333333334,0.08875000000000001,0.0182080078125,0.0,0,0.20833333333333334,base
Blind harm,Biased search,510234,0.4105419921875,0.125,0.07125000000000001,0.0182080078125,0.0,0,0.125,base
Blind harm,Biased search,510235,0.39304199218749997,0.20833333333333334,0.08875000000000001,0.0182080078125,0.0,0,0.20833333333333334,base
Blind harm,Biased search,510236,0.4317919921875,0.0,0.05000000000000001,0.0182080078125,0.0,0,0.0,base
Blind harm,Biased search,510237,0.3867919921875,0.16666666666666666,0.09500000000000001,0.0182080078125,0.0,0,0.16666666666666666,base
Blind harm,Biased search,510238,0.35179199218749996,0.3333333333333333,0.13000000000000003,0.0182080078125,0.0,0,0.3333333333333333,base
Blind harm,Biased search,510239,0.37054199218749995,0.2916666666666667,0.11125000000000003,0.0182080078125,0.0,0,0.2916666666666667,base
Blind harm,Biased search,510240,0.4230419921875,0.041666666666666664,0.058750000000000004,0.0182080078125,0.0,0,0.041666666666666664,base
Blind harm,Biased search,510241,0.39304199218749997,0.20833333333333334,0.08875000000000001,0.0182080078125,0.0,0,0.20833333333333334,base
Blind harm,Biased search,510242,0.36679199218749997,0.16666666666666666,0.115,0.0182080078125,0.0,0,0.16666666666666666,base
Blind harm,Biased search,510243,0.3867919921875,0.16666666666666666,0.09500000000000001,0.0182080078125,0.0,0,0.16666666666666666,base
Blind harm,Biased search,510244,0.41429199218749996,0.08333333333333333,0.0675,0.0182080078125,0.0,0,0.08333333333333333,base
Blind harm,Biased search,510245,0.3867919921875,0.16666666666666666,0.09500000000000001,0.0182080078125,0.0,0,0.16666666666666666,base
Blind harm,Biased search,510246,0.4005419921875,0.125,0.08125,0.0182080078125,0.0,0,0.125,base
Blind harm,Biased search,510247,0.4192919921875,0.08333333333333333,0.06250000000000001,0.0182080078125,0.0,0,0.08333333333333333,base
Blind harm,Biased search,510248,0.3880419921875,0.20833333333333334,0.09375,0.0182080078125,0.0,0,0.20833333333333334,base
Blind harm,Biased search,510249,0.41429199218749996,0.08333333333333333,0.06750000000000002,0.0182080078125,0.0,0,0.08333333333333333,base
Blind harm,Biased search,510250,0.4280419921875,0.041666666666666664,0.05375,0.0182080078125,0.0,0,0.041666666666666664,base
Blind harm,Biased search,510251,0.41554199218750004,0.125,0.06625000000000002,0.0182080078125,0.0,0,0.125,base
Blind harm,Biased search,510252,0.32804199218749996,0.375,0.15375000000000005,0.0182080078125,0.0,0,0.375,base
Blind harm,Biased search,510253,0.3742919921874999,0.25,0.10750000000000003,0.0182080078125,0.0,0,0.25,base
Blind harm,Biased search,510254,0.35304199218749993,0.20833333333333334,0.12875,0.0182080078125,0.0,0,0.20833333333333334,base
Blind harm,Biased search,510255,0.37304199218749995,0.20833333333333334,0.10875000000000001,0.0182080078125,0.0,0,0.20833333333333334,base
Blind harm,Balanced search,510000,0.456630859375,0.0,0.025000000000000005,0.018369140625000002,0.0,0,0.0,base
Blind harm,Balanced search,510001,0.43663085937499996,0.0,0.045000000000000005,0.018369140625000002,0.0,0,0.0,base
Blind harm,Balanced search,510002,0.461630859375,0.0,0.020000000000000004,0.018369140625000002,0.0,0,0.0,base
Blind harm,Balanced search,510003,0.45788085937499995,0.041666666666666664,0.023750000000000004,0.018369140625000002,0.0,0,0.041666666666666664,base
Blind harm,Balanced search,510004,0.452880859375,0.041666666666666664,0.028750000000000008,0.018369140625000002,0.0,0,0.041666666666666664,base
Blind harm,Balanced search,510005,0.461630859375,0.0,0.020000000000000004,0.018369140625000002,0.0,0,0.0,base
Blind harm,Balanced search,510006,0.45163085937499997,0.0,0.03000000000000001,0.018369140625000002,0.0,0,0.0,base
Blind harm,Balanced search,510007,0.456630859375,0.0,0.025000000000000005,0.018369140625000002,0.0,0,0.0,base
Blind harm,Balanced search,510008,0.43788085937499993,0.041666666666666664,0.04375000000000001,0.018369140625000002,0.0,0,0.041666666666666664,base
Blind harm,Balanced search,510009,0.45163085937499997,0.0,0.030000000000000002,0.018369140625000002,0.0,0,0.0,base
Blind harm,Balanced search,510010,0.43663085937499996,0.0,0.045000000000000005,0.018369140625000002,0.0,0,0.0,base
Blind harm,Balanced search,510011,0.456630859375,0.0,0.025000000000000005,0.018369140625000002,0.0,0,0.0,base
Blind harm,Balanced search,510012,0.456630859375,0.0,0.025000000000000005,0.018369140625000002,0.0,0,0.0,base
Blind harm,Balanced search,510013,0.46663085937499993,0.0,0.015000000000000005,0.018369140625000002,0.0,0,0.0,base
Blind harm,Balanced search,510014,0.43163085937499995,0.0,0.05000000000000001,0.018369140625000002,0.0,0,0.0,base
Blind harm,Balanced search,510015,0.461630859375,0.0,0.020000000000000004,0.018369140625000002,0.0,0,0.0,base
Blind harm,Balanced search,510016,0.461630859375,0.0,0.020000000000000004,0.018369140625000002,0.0,0,0.0,base
Blind harm,Balanced search,510017,0.45163085937499997,0.0,0.03000000000000001,0.018369140625000002,0.0,0,0.0,base
Blind harm,Balanced search,510018,0.45163085937499997,0.0,0.03000000000000001,0.018369140625000002,0.0,0,0.0,base
Blind harm,Balanced search,510019,0.43663085937499996,0.0,0.045000000000000005,0.018369140625000002,0.0,0,0.0,base
Blind harm,Balanced search,510020,0.45163085937499997,0.0,0.030000000000000002,0.018369140625000002,0.0,0,0.0,base
Blind harm,Balanced search,510021,0.45163085937499997,0.0,0.03000000000000001,0.018369140625000002,0.0,0,0.0,base
Blind harm,Balanced search,510022,0.45163085937499997,0.0,0.03000000000000001,0.018369140625000002,0.0,0,0.0,base
Blind harm,Balanced search,510023,0.456630859375,0.0,0.025000000000000005,0.018369140625000002,0.0,0,0.0,base
Blind harm,Balanced search,510024,0.461630859375,0.0,0.020000000000000004,0.018369140625000002,0.0,0,0.0,base
Blind harm,Balanced search,510025,0.4466308593749999,0.0,0.03500000000000001,0.018369140625000002,0.0,0,0.0,base
Blind harm,Balanced search,510026,0.44288085937499994,0.041666666666666664,0.03875000000000001,0.018369140625000002,0.0,0,0.041666666666666664,base
Blind harm,Balanced search,510027,0.461630859375,0.0,0.020000000000000004,0.018369140625000002,0.0,0,0.0,base
Blind harm,Balanced search,510028,0.46663085937499993,0.0,0.015000000000000005,0.018369140625000002,0.0,0,0.0,base
Blind harm,Balanced search,510029,0.44163085937499996,0.0,0.04000000000000001,0.018369140625000002,0.0,0,0.0,base
Blind harm,Balanced search,510030,0.44163085937499996,0.0,0.04000000000000001,0.018369140625000002,0.0,0,0.0,base
Blind harm,Balanced search,510031,0.461630859375,0.0,0.020000000000000004,0.018369140625000002,0.0,0,0.0,base
Blind harm,Balanced search,510032,0.46663085937499993,0.0,0.015000000000000005,0.018369140625000002,0.0,0,0.0,base
Blind harm,Balanced search,510033,0.456630859375,0.0,0.025000000000000005,0.018369140625000002,0.0,0,0.0,base
Blind harm,Balanced search,510034,0.45163085937499997,0.0,0.03000000000000001,0.018369140625000002,0.0,0,0.0,base
Blind harm,Balanced search,510035,0.456630859375,0.0,0.025000000000000005,0.018369140625000002,0.0,0,0.0,base
Blind harm,Balanced search,510036,0.45163085937499997,0.0,0.030000000000000002,0.018369140625000002,0.0,0,0.0,base
Blind harm,Balanced search,510037,0.45163085937499997,0.0,0.03000000000000001,0.018369140625000002,0.0,0,0.0,base
Blind harm,Balanced search,510038,0.46663085937499993,0.0,0.015000000000000005,0.018369140625000002,0.0,0,0.0,base
Blind harm,Balanced search,510039,0.46663085937499993,0.0,0.015000000000000005,0.018369140625000002,0.0,0,0.0,base
Blind harm,Balanced search,510040,0.44163085937499996,0.0,0.04000000000000001,0.018369140625000002,0.0,0,0.0,base
Blind harm,Balanced search,510041,0.456630859375,0.0,0.025000000000000005,0.018369140625000002,0.0,0,0.0,base
Blind harm,Balanced search,510042,0.4466308593749999,0.0,0.035,0.018369140625000002,0.0,0,0.0,base
Blind harm,Balanced search,510043,0.456630859375,0.0,0.025000000000000005,0.018369140625000002,0.0,0,0.0,base
Blind harm,Balanced search,510044,0.4466308593749999,0.0,0.03500000000000001,0.018369140625000002,0.0,0,0.0,base
Blind harm,Balanced search,510045,0.46663085937499993,0.0,0.015000000000000005,0.018369140625000002,0.0,0,0.0,base
Blind harm,Balanced search,510046,0.461630859375,0.0,0.020000000000000004,0.018369140625000002,0.0,0,0.0,base
Blind harm,Balanced search,510047,0.4266308593749999,0.0,0.055000000000000014,0.018369140625000002,0.0,0,0.0,base
Blind harm,Balanced search,510048,0.461630859375,0.0,0.020000000000000004,0.018369140625000002,0.0,0,0.0,base
Blind harm,Balanced search,510049,0.461630859375,0.0,0.020000000000000004,0.018369140625000002,0.0,0,0.0,base
Blind harm,Balanced search,510050,0.45163085937499997,0.0,0.03000000000000001,0.018369140625000002,0.0,0,0.0,base
Blind harm,Balanced search,510051,0.45163085937499997,0.0,0.03000000000000001,0.018369140625000002,0.0,0,0.0,base
Blind harm,Balanced search,510052,0.44163085937499996,0.0,0.04000000000000001,0.018369140625000002,0.0,0,0.0,base
Blind harm,Balanced search,510053,0.471630859375,0.0,0.010000000000000002,0.018369140625000002,0.0,0,0.0,base
Blind harm,Balanced search,510054,0.456630859375,0.0,0.025000000000000005,0.018369140625000002,0.0,0,0.0,base
Blind harm,Balanced search,510055,0.4466308593749999,0.0,0.035,0.018369140625000002,0.0,0,0.0,base
Blind harm,Balanced search,510056,0.471630859375,0.0,0.010000000000000002,0.018369140625000002,0.0,0,0.0,base
Blind harm,Balanced search,510057,0.456630859375,0.0,0.025000000000000005,0.018369140625000002,0.0,0,0.0,base
Blind harm,Balanced search,510058,0.456630859375,0.0,0.025000000000000005,0.018369140625000002,0.0,0,0.0,base
Blind harm,Balanced search,510059,0.44163085937499996,0.0,0.04000000000000001,0.018369140625000002,0.0,0,0.0,base
Blind harm,Balanced search,510060,0.461630859375,0.0,0.020000000000000004,0.018369140625000002,0.0,0,0.0,base
Blind harm,Balanced search,510061,0.4278808593749999,0.041666666666666664,0.05375,0.018369140625000002,0.0,0,0.041666666666666664,base
Blind harm,Balanced search,510062,0.45163085937499997,0.0,0.03000000000000001,0.018369140625000002,0.0,0,0.0,base
Blind harm,Balanced search,510063,0.43663085937499996,0.0,0.045000000000000005,0.018369140625000002,0.0,0,0.0,base
Blind harm,Balanced search,510064,0.4466308593749999,0.0,0.035,0.018369140625000002,0.0,0,0.0,base
Blind harm,Balanced search,510065,0.46663085937499993,0.0,0.015000000000000005,0.018369140625000002,0.0,0,0.0,base
Blind harm,Balanced search,510066,0.456630859375,0.0,0.025000000000000005,0.018369140625000002,0.0,0,0.0,base
Blind harm,Balanced search,510067,0.456630859375,0.0,0.025000000000000005,0.018369140625000002,0.0,0,0.0,base
Blind harm,Balanced search,510068,0.46663085937499993,0.0,0.015000000000000005,0.018369140625000002,0.0,0,0.0,base
Blind harm,Balanced search,510069,0.46663085937499993,0.0,0.015000000000000005,0.018369140625000002,0.0,0,0.0,base
Blind harm,Balanced search,510070,0.456630859375,0.0,0.025000000000000005,0.018369140625000002,0.0,0,0.0,base
Blind harm,Balanced search,510071,0.44788085937499994,0.041666666666666664,0.03375,0.018369140625000002,0.0,0,0.041666666666666664,base
Blind harm,Balanced search,510072,0.45163085937499997,0.0,0.03000000000000001,0.018369140625000002,0.0,0,0.0,base
Blind harm,Balanced search,510073,0.4278808593749999,0.041666666666666664,0.05375000000000001,0.018369140625000002,0.0,0,0.041666666666666664,base
Blind harm,Balanced search,510074,0.44288085937499994,0.041666666666666664,0.03875000000000001,0.018369140625000002,0.0,0,0.041666666666666664,base
Blind harm,Balanced search,510075,0.4466308593749999,0.0,0.03500000000000001,0.018369140625000002,0.0,0,0.0,base
Blind harm,Balanced search,510076,0.46663085937499993,0.0,0.015000000000000005,0.018369140625000002,0.0,0,0.0,base
Blind harm,Balanced search,510077,0.461630859375,0.0,0.020000000000000004,0.018369140625000002,0.0,0,0.0,base
Blind harm,Balanced search,510078,0.456630859375,0.0,0.025000000000000005,0.018369140625000002,0.0,0,0.0,base
Blind harm,Balanced search,510079,0.456630859375,0.0,0.025000000000000005,0.018369140625000002,0.0,0,0.0,base
Blind harm,Balanced search,510080,0.456630859375,0.0,0.025000000000000005,0.018369140625000002,0.0,0,0.0,base
Blind harm,Balanced search,510081,0.44163085937499996,0.0,0.04000000000000001,0.018369140625000002,0.0,0,0.0,base
Blind harm,Balanced search,510082,0.461630859375,0.0,0.020000000000000004,0.018369140625000002,0.0,0,0.0,base
Blind harm,Balanced search,510083,0.456630859375,0.0,0.025000000000000005,0.018369140625000002,0.0,0,0.0,base
Blind harm,Balanced search,510084,0.456630859375,0.0,0.025000000000000005,0.018369140625000002,0.0,0,0.0,base
Blind harm,Balanced search,510085,0.456630859375,0.0,0.025000000000000005,0.018369140625000002,0.0,0,0.0,base
Blind harm,Balanced search,510086,0.45163085937499997,0.0,0.03000000000000001,0.018369140625000002,0.0,0,0.0,base
Blind harm,Balanced search,510087,0.461630859375,0.0,0.020000000000000004,0.018369140625000002,0.0,0,0.0,base
Blind harm,Balanced search,510088,0.46663085937499993,0.0,0.015000000000000005,0.018369140625000002,0.0,0,0.0,base
Blind harm,Balanced search,510089,0.4466308593749999,0.0,0.03500000000000001,0.018369140625000002,0.0,0,0.0,base
Blind harm,Balanced search,510090,0.471630859375,0.0,0.010000000000000002,0.018369140625000002,0.0,0,0.0,base
Blind harm,Balanced search,510091,0.45163085937499997,0.0,0.03000000000000001,0.018369140625000002,0.0,0,0.0,base
Blind harm,Balanced search,510092,0.43413085937499996,0.08333333333333333,0.04750000000000001,0.018369140625000002,0.0,0,0.08333333333333333,base
Blind harm,Balanced search,510093,0.45163085937499997,0.0,0.03000000000000001,0.018369140625000002,0.0,0,0.0,base
Blind harm,Balanced search,510094,0.461630859375,0.0,0.020000000000000004,0.018369140625000002,0.0,0,0.0,base
Blind harm,Balanced search,510095,0.44163085937499996,0.0,0.04000000000000001,0.018369140625000002,0.0,0,0.0,base
Blind harm,Balanced search,510096,0.461630859375,0.0,0.020000000000000004,0.018369140625000002,0.0,0,0.0,base
Blind harm,Balanced search,510097,0.456630859375,0.0,0.025000000000000005,0.018369140625000002,0.0,0,0.0,base
Blind harm,Balanced search,510098,0.461630859375,0.0,0.020000000000000004,0.018369140625000002,0.0,0,0.0,base
Blind harm,Balanced search,510099,0.46663085937499993,0.0,0.015000000000000005,0.018369140625000002,0.0,0,0.0,base
Blind harm,Balanced search,510100,0.461630859375,0.0,0.020000000000000004,0.018369140625000002,0.0,0,0.0,base
Blind harm,Balanced search,510101,0.456630859375,0.0,0.025000000000000005,0.018369140625000002,0.0,0,0.0,base
Blind harm,Balanced search,510102,0.456630859375,0.0,0.025000000000000005,0.018369140625000002,0.0,0,0.0,base
Blind harm,Balanced search,510103,0.46663085937499993,0.0,0.015000000000000005,0.018369140625000002,0.0,0,0.0,base
Blind harm,Balanced search,510104,0.461630859375,0.0,0.020000000000000004,0.018369140625000002,0.0,0,0.0,base
Blind harm,Balanced search,510105,0.45163085937499997,0.0,0.03000000000000001,0.018369140625000002,0.0,0,0.0,base
Blind harm,Balanced search,510106,0.4278808593749999,0.041666666666666664,0.05375,0.018369140625000002,0.0,0,0.041666666666666664,base
Blind harm,Balanced search,510107,0.45163085937499997,0.0,0.03000000000000001,0.018369140625000002,0.0,0,0.0,base
Blind harm,Balanced search,510108,0.42413085937499995,0.08333333333333333,0.057500000000000016,0.018369140625000002,0.0,0,0.08333333333333333,base
Blind harm,Balanced search,510109,0.461630859375,0.0,0.020000000000000004,0.018369140625000002,0.0,0,0.0,base
Blind harm,Balanced search,510110,0.43163085937499995,0.0,0.05000000000000001,0.018369140625000002,0.0,0,0.0,base
Blind harm,Balanced search,510111,0.46288085937499995,0.041666666666666664,0.018750000000000003,0.018369140625000002,0.0,0,0.041666666666666664,base
Blind harm,Balanced search,510112,0.45163085937499997,0.0,0.03000000000000001,0.018369140625000002,0.0,0,0.0,base
Blind harm,Balanced search,510113,0.45788085937499995,0.041666666666666664,0.023750000000000004,0.018369140625000002,0.0,0,0.041666666666666664,base
Blind harm,Balanced search,510114,0.44163085937499996,0.0,0.04000000000000001,0.018369140625000002,0.0,0,0.0,base
Blind harm,Balanced search,510115,0.452880859375,0.041666666666666664,0.02875,0.018369140625000002,0.0,0,0.041666666666666664,base
Blind harm,Balanced search,510116,0.471630859375,0.0,0.010000000000000002,0.018369140625000002,0.0,0,0.0,base
Blind harm,Balanced search,510117,0.4466308593749999,0.0,0.03500000000000001,0.018369140625000002,0.0,0,0.0,base
Blind harm,Balanced search,510118,0.461630859375,0.0,0.020000000000000004,0.018369140625000002,0.0,0,0.0,base
Blind harm,Balanced search,510119,0.44163085937499996,0.0,0.04000000000000001,0.018369140625000002,0.0,0,0.0,base
Blind harm,Balanced search,510120,0.44788085937499994,0.041666666666666664,0.03375,0.018369140625000002,0.0,0,0.041666666666666664,base
Blind harm,Balanced search,510121,0.461630859375,0.0,0.020000000000000004,0.018369140625000002,0.0,0,0.0,base
Blind harm,Balanced search,510122,0.42413085937499995,0.08333333333333333,0.057500000000000016,0.018369140625000002,0.0,0,0.08333333333333333,base
Blind harm,Balanced search,510123,0.456630859375,0.0,0.025000000000000005,0.018369140625000002,0.0,0,0.0,base
Blind harm,Balanced search,510124,0.4466308593749999,0.0,0.03500000000000001,0.018369140625000002,0.0,0,0.0,base
Blind harm,Balanced search,510125,0.456630859375,0.0,0.025000000000000005,0.018369140625000002,0.0,0,0.0,base
Blind harm,Balanced search,510126,0.461630859375,0.0,0.020000000000000004,0.018369140625000002,0.0,0,0.0,base
Blind harm,Balanced search,510127,0.432880859375,0.041666666666666664,0.04875000000000001,0.018369140625000002,0.0,0,0.041666666666666664,base
Blind harm,Balanced search,510128,0.461630859375,0.0,0.020000000000000004,0.018369140625000002,0.0,0,0.0,base
Blind harm,Balanced search,510129,0.41288085937499996,0.041666666666666664,0.06875000000000002,0.018369140625000002,0.0,0,0.041666666666666664,base
Blind harm,Balanced search,510130,0.456630859375,0.0,0.025000000000000005,0.018369140625000002,0.0,0,0.0,base
Blind harm,Balanced search,510131,0.471630859375,0.0,0.010000000000000002,0.018369140625000002,0.0,0,0.0,base
Blind harm,Balanced search,510132,0.44163085937499996,0.0,0.04,0.018369140625000002,0.0,0,0.0,base
Blind harm,Balanced search,510133,0.4466308593749999,0.0,0.03500000000000001,0.018369140625000002,0.0,0,0.0,base
Blind harm,Balanced search,510134,0.46663085937499993,0.0,0.015000000000000005,0.018369140625000002,0.0,0,0.0,base
Blind harm,Balanced search,510135,0.44163085937499996,0.0,0.04000000000000001,0.018369140625000002,0.0,0,0.0,base
Blind harm,Balanced search,510136,0.461630859375,0.0,0.020000000000000004,0.018369140625000002,0.0,0,0.0,base
Blind harm,Balanced search,510137,0.476630859375,0.0,0.005000000000000001,0.018369140625000002,0.0,0,0.0,base
Blind harm,Balanced search,510138,0.43163085937499995,0.0,0.05000000000000001,0.018369140625000002,0.0,0,0.0,base
Blind harm,Balanced search,510139,0.43663085937499996,0.0,0.04500000000000001,0.018369140625000002,0.0,0,0.0,base
Blind harm,Balanced search,510140,0.4466308593749999,0.0,0.035,0.018369140625000002,0.0,0,0.0,base
Blind harm,Balanced search,510141,0.456630859375,0.0,0.025000000000000005,0.018369140625000002,0.0,0,0.0,base
Blind harm,Balanced search,510142,0.45163085937499997,0.0,0.03000000000000001,0.018369140625000002,0.0,0,0.0,base
Blind harm,Balanced search,510143,0.41413085937499994,0.08333333333333333,0.06750000000000002,0.018369140625000002,0.0,0,0.08333333333333333,base
Blind harm,Balanced search,510144,0.42163085937499994,0.0,0.06000000000000002,0.018369140625000002,0.0,0,0.0,base
Blind harm,Balanced search,510145,0.4466308593749999,0.0,0.035,0.018369140625000002,0.0,0,0.0,base
Blind harm,Balanced search,510146,0.45163085937499997,0.0,0.030000000000000002,0.018369140625000002,0.0,0,0.0,base
Blind harm,Balanced search,510147,0.4466308593749999,0.0,0.035,0.018369140625000002,0.0,0,0.0,base
Blind harm,Balanced search,510148,0.4466308593749999,0.0,0.03500000000000001,0.018369140625000002,0.0,0,0.0,base
Blind harm,Balanced search,510149,0.456630859375,0.0,0.025000000000000005,0.018369140625000002,0.0,0,0.0,base
Blind harm,Balanced search,510150,0.461630859375,0.0,0.020000000000000004,0.018369140625000002,0.0,0,0.0,base
Blind harm,Balanced search,510151,0.44288085937499994,0.041666666666666664,0.03875000000000001,0.018369140625000002,0.0,0,0.041666666666666664,base
Blind harm,Balanced search,510152,0.4466308593749999,0.0,0.03500000000000001,0.018369140625000002,0.0,0,0.0,base
Blind harm,Balanced search,510153,0.456630859375,0.0,0.025000000000000005,0.018369140625000002,0.0,0,0.0,base
Blind harm,Balanced search,510154,0.45163085937499997,0.0,0.03000000000000001,0.018369140625000002,0.0,0,0.0,base
Blind harm,Balanced search,510155,0.461630859375,0.0,0.020000000000000004,0.018369140625000002,0.0,0,0.0,base
Blind harm,Balanced search,510156,0.46663085937499993,0.0,0.015000000000000005,0.018369140625000002,0.0,0,0.0,base
Blind harm,Balanced search,510157,0.43663085937499996,0.0,0.045000000000000005,0.018369140625000002,0.0,0,0.0,base
Blind harm,Balanced search,510158,0.456630859375,0.0,0.025000000000000005,0.018369140625000002,0.0,0,0.0,base
Blind harm,Balanced search,510159,0.45163085937499997,0.0,0.03000000000000001,0.018369140625000002,0.0,0,0.0,base
Blind harm,Balanced search,510160,0.456630859375,0.0,0.025000000000000005,0.018369140625000002,0.0,0,0.0,base
Blind harm,Balanced search,510161,0.44788085937499994,0.041666666666666664,0.03375,0.018369140625000002,0.0,0,0.041666666666666664,base
Blind harm,Balanced search,510162,0.4466308593749999,0.0,0.03500000000000001,0.018369140625000002,0.0,0,0.0,base
Blind harm,Balanced search,510163,0.4278808593749999,0.041666666666666664,0.05375,0.018369140625000002,0.0,0,0.041666666666666664,base
Blind harm,Balanced search,510164,0.45163085937499997,0.0,0.03000000000000001,0.018369140625000002,0.0,0,0.0,base
Blind harm,Balanced search,510165,0.432880859375,0.041666666666666664,0.048750000000000016,0.018369140625000002,0.0,0,0.041666666666666664,base
Blind harm,Balanced search,510166,0.461630859375,0.0,0.020000000000000004,0.018369140625000002,0.0,0,0.0,base
Blind harm,Balanced search,510167,0.461630859375,0.0,0.020000000000000004,0.018369140625000002,0.0,0,0.0,base
Blind harm,Balanced search,510168,0.4466308593749999,0.0,0.03500000000000001,0.018369140625000002,0.0,0,0.0,base
Blind harm,Balanced search,510169,0.4266308593749999,0.0,0.055000000000000014,0.018369140625000002,0.0,0,0.0,base
Blind harm,Balanced search,510170,0.43663085937499996,0.0,0.045000000000000005,0.018369140625000002,0.0,0,0.0,base
Blind harm,Balanced search,510171,0.471630859375,0.0,0.010000000000000002,0.018369140625000002,0.0,0,0.0,base
Blind harm,Balanced search,510172,0.461630859375,0.0,0.020000000000000004,0.018369140625000002,0.0,0,0.0,base
Blind harm,Balanced search,510173,0.45163085937499997,0.0,0.03000000000000001,0.018369140625000002,0.0,0,0.0,base
Blind harm,Balanced search,510174,0.45163085937499997,0.0,0.03000000000000001,0.018369140625000002,0.0,0,0.0,base
Blind harm,Balanced search,510175,0.452880859375,0.041666666666666664,0.028750000000000008,0.018369140625000002,0.0,0,0.041666666666666664,base
Blind harm,Balanced search,510176,0.461630859375,0.0,0.020000000000000004,0.018369140625000002,0.0,0,0.0,base
Blind harm,Balanced search,510177,0.44288085937499994,0.041666666666666664,0.03875000000000001,0.018369140625000002,0.0,0,0.041666666666666664,base
Blind harm,Balanced search,510178,0.4391308593749999,0.08333333333333333,0.0425,0.018369140625000002,0.0,0,0.08333333333333333,base
Blind harm,Balanced search,510179,0.45163085937499997,0.0,0.03000000000000001,0.018369140625000002,0.0,0,0.0,base
Blind harm,Balanced search,510180,0.43788085937499993,0.041666666666666664,0.043750000000000004,0.018369140625000002,0.0,0,0.041666666666666664,base
Blind harm,Balanced search,510181,0.4466308593749999,0.0,0.03500000000000001,0.018369140625000002,0.0,0,0.0,base
Blind harm,Balanced search,510182,0.44163085937499996,0.0,0.04000000000000001,0.018369140625000002,0.0,0,0.0,base
Blind harm,Balanced search,510183,0.461630859375,0.0,0.020000000000000004,0.018369140625000002,0.0,0,0.0,base
Blind harm,Balanced search,510184,0.45163085937499997,0.0,0.03000000000000001,0.018369140625000002,0.0,0,0.0,base
Blind harm,Balanced search,510185,0.461630859375,0.0,0.020000000000000004,0.018369140625000002,0.0,0,0.0,base
Blind harm,Balanced search,510186,0.46663085937499993,0.0,0.015000000000000005,0.018369140625000002,0.0,0,0.0,base
Blind harm,Balanced search,510187,0.45163085937499997,0.0,0.03000000000000001,0.018369140625000002,0.0,0,0.0,base
Blind harm,Balanced search,510188,0.43788085937499993,0.041666666666666664,0.043750000000000004,0.018369140625000002,0.0,0,0.041666666666666664,base
Blind harm,Balanced search,510189,0.45163085937499997,0.0,0.03000000000000001,0.018369140625000002,0.0,0,0.0,base
Blind harm,Balanced search,510190,0.452880859375,0.041666666666666664,0.028750000000000008,0.018369140625000002,0.0,0,0.041666666666666664,base
Blind harm,Balanced search,510191,0.44163085937499996,0.0,0.04000000000000001,0.018369140625000002,0.0,0,0.0,base
Blind harm,Balanced search,510192,0.45163085937499997,0.0,0.03000000000000001,0.018369140625000002,0.0,0,0.0,base
Blind harm,Balanced search,510193,0.4466308593749999,0.0,0.03500000000000001,0.018369140625000002,0.0,0,0.0,base
Blind harm,Balanced search,510194,0.456630859375,0.0,0.025000000000000005,0.018369140625000002,0.0,0,0.0,base
Blind harm,Balanced search,510195,0.43163085937499995,0.0,0.05000000000000001,0.018369140625000002,0.0,0,0.0,base
Blind harm,Balanced search,510196,0.45163085937499997,0.0,0.03000000000000001,0.018369140625000002,0.0,0,0.0,base
Blind harm,Balanced search,510197,0.461630859375,0.0,0.020000000000000004,0.018369140625000002,0.0,0,0.0,base
Blind harm,Balanced search,510198,0.461630859375,0.0,0.020000000000000004,0.018369140625000002,0.0,0,0.0,base
Blind harm,Balanced search,510199,0.45163085937499997,0.0,0.03000000000000001,0.018369140625000002,0.0,0,0.0,base
Blind harm,Balanced search,510200,0.461630859375,0.0,0.020000000000000004,0.018369140625000002,0.0,0,0.0,base
Blind harm,Balanced search,510201,0.43163085937499995,0.0,0.05000000000000001,0.018369140625000002,0.0,0,0.0,base
Blind harm,Balanced search,510202,0.471630859375,0.0,0.010000000000000002,0.018369140625000002,0.0,0,0.0,base
Blind harm,Balanced search,510203,0.4466308593749999,0.0,0.03500000000000001,0.018369140625000002,0.0,0,0.0,base
Blind harm,Balanced search,510204,0.456630859375,0.0,0.025000000000000005,0.018369140625000002,0.0,0,0.0,base
Blind harm,Balanced search,510205,0.45163085937499997,0.0,0.03000000000000001,0.018369140625000002,0.0,0,0.0,base
Blind harm,Balanced search,510206,0.4466308593749999,0.0,0.03500000000000001,0.018369140625000002,0.0,0,0.0,base
Blind harm,Balanced search,510207,0.456630859375,0.0,0.025000000000000005,0.018369140625000002,0.0,0,0.0,base
Blind harm,Balanced search,510208,0.456630859375,0.0,0.025000000000000005,0.018369140625000002,0.0,0,0.0,base
Blind harm,Balanced search,510209,0.456630859375,0.0,0.025000000000000005,0.018369140625000002,0.0,0,0.0,base
Blind harm,Balanced search,510210,0.45163085937499997,0.0,0.03000000000000001,0.018369140625000002,0.0,0,0.0,base
Blind harm,Balanced search,510211,0.43663085937499996,0.0,0.04500000000000001,0.018369140625000002,0.0,0,0.0,base
Blind harm,Balanced search,510212,0.456630859375,0.0,0.025000000000000005,0.018369140625000002,0.0,0,0.0,base
Blind harm,Balanced search,510213,0.44288085937499994,0.041666666666666664,0.03875000000000001,0.018369140625000002,0.0,0,0.041666666666666664,base
Blind harm,Balanced search,510214,0.471630859375,0.0,0.010000000000000002,0.018369140625000002,0.0,0,0.0,base
Blind harm,Balanced search,510215,0.43663085937499996,0.0,0.045000000000000005,0.018369140625000002,0.0,0,0.0,base
Blind harm,Balanced search,510216,0.452880859375,0.041666666666666664,0.02875,0.018369140625000002,0.0,0,0.041666666666666664,base
Blind harm,Balanced search,510217,0.45163085937499997,0.0,0.03000000000000001,0.018369140625000002,0.0,0,0.0,base
Blind harm,Balanced search,510218,0.456630859375,0.0,0.025000000000000005,0.018369140625000002,0.0,0,0.0,base
Blind harm,Balanced search,510219,0.461630859375,0.0,0.020000000000000004,0.018369140625000002,0.0,0,0.0,base
Blind harm,Balanced search,510220,0.45788085937499995,0.041666666666666664,0.023750000000000004,0.018369140625000002,0.0,0,0.041666666666666664,base
Blind harm,Balanced search,510221,0.456630859375,0.0,0.025000000000000005,0.018369140625000002,0.0,0,0.0,base
Blind harm,Balanced search,510222,0.42163085937499994,0.0,0.06000000000000002,0.018369140625000002,0.0,0,0.0,base
Blind harm,Balanced search,510223,0.44163085937499996,0.0,0.04000000000000001,0.018369140625000002,0.0,0,0.0,base
Blind harm,Balanced search,510224,0.4466308593749999,0.0,0.03500000000000001,0.018369140625000002,0.0,0,0.0,base
Blind harm,Balanced search,510225,0.4466308593749999,0.0,0.03500000000000001,0.018369140625000002,0.0,0,0.0,base
Blind harm,Balanced search,510226,0.46663085937499993,0.0,0.015000000000000005,0.018369140625000002,0.0,0,0.0,base
Blind harm,Balanced search,510227,0.461630859375,0.0,0.020000000000000004,0.018369140625000002,0.0,0,0.0,base
Blind harm,Balanced search,510228,0.4466308593749999,0.0,0.03500000000000001,0.018369140625000002,0.0,0,0.0,base
Blind harm,Balanced search,510229,0.456630859375,0.0,0.025000000000000005,0.018369140625000002,0.0,0,0.0,base
Blind harm,Balanced search,510230,0.461630859375,0.0,0.020000000000000004,0.018369140625000002,0.0,0,0.0,base
Blind harm,Balanced search,510231,0.456630859375,0.0,0.025000000000000005,0.018369140625000002,0.0,0,0.0,base
Blind harm,Balanced search,510232,0.45788085937499995,0.041666666666666664,0.023750000000000004,0.018369140625000002,0.0,0,0.041666666666666664,base
Blind harm,Balanced search,510233,0.461630859375,0.0,0.020000000000000004,0.018369140625000002,0.0,0,0.0,base
Blind harm,Balanced search,510234,0.43663085937499996,0.0,0.04500000000000001,0.018369140625000002,0.0,0,0.0,base
Blind harm,Balanced search,510235,0.43788085937499993,0.041666666666666664,0.04375000000000001,0.018369140625000002,0.0,0,0.041666666666666664,base
Blind harm,Balanced search,510236,0.44788085937499994,0.041666666666666664,0.03375,0.018369140625000002,0.0,0,0.041666666666666664,base
Blind harm,Balanced search,510237,0.45163085937499997,0.0,0.03000000000000001,0.018369140625000002,0.0,0,0.0,base
Blind harm,Balanced search,510238,0.45163085937499997,0.0,0.030000000000000002,0.018369140625000002,0.0,0,0.0,base
Blind harm,Balanced search,510239,0.461630859375,0.0,0.020000000000000004,0.018369140625000002,0.0,0,0.0,base
Blind harm,Balanced search,510240,0.456630859375,0.0,0.025000000000000005,0.018369140625000002,0.0,0,0.0,base
Blind harm,Balanced search,510241,0.46663085937499993,0.0,0.015000000000000005,0.018369140625000002,0.0,0,0.0,base
Blind harm,Balanced search,510242,0.45163085937499997,0.0,0.03000000000000001,0.018369140625000002,0.0,0,0.0,base
Blind harm,Balanced search,510243,0.45163085937499997,0.0,0.03000000000000001,0.018369140625000002,0.0,0,0.0,base
Blind harm,Balanced search,510244,0.4466308593749999,0.0,0.035,0.018369140625000002,0.0,0,0.0,base
Blind harm,Balanced search,510245,0.471630859375,0.0,0.010000000000000002,0.018369140625000002,0.0,0,0.0,base
Blind harm,Balanced search,510246,0.4466308593749999,0.0,0.03500000000000001,0.018369140625000002,0.0,0,0.0,base
Blind harm,Balanced search,510247,0.44163085937499996,0.0,0.04000000000000001,0.018369140625000002,0.0,0,0.0,base
Blind harm,Balanced search,510248,0.44788085937499994,0.041666666666666664,0.03375000000000001,0.018369140625000002,0.0,0,0.041666666666666664,base
Blind harm,Balanced search,510249,0.476630859375,0.0,0.005000000000000001,0.018369140625000002,0.0,0,0.0,base
Blind harm,Balanced search,510250,0.456630859375,0.0,0.025000000000000005,0.018369140625000002,0.0,0,0.0,base
Blind harm,Balanced search,510251,0.456630859375,0.0,0.025000000000000005,0.018369140625000002,0.0,0,0.0,base
Blind harm,Balanced search,510252,0.461630859375,0.0,0.020000000000000004,0.018369140625000002,0.0,0,0.0,base
Blind harm,Balanced search,510253,0.44163085937499996,0.0,0.04000000000000001,0.018369140625000002,0.0,0,0.0,base
Blind harm,Balanced search,510254,0.432880859375,0.041666666666666664,0.04875000000000001,0.018369140625000002,0.0,0,0.041666666666666664,base
Blind harm,Balanced search,510255,0.4466308593749999,0.0,0.035,0.018369140625000002,0.0,0,0.0,base
Blind harm,Neyman search,510000,0.46170694986979166,0.0,0.020000000000000004,0.018293050130208335,0.0,0,0.0,base
Blind harm,Neyman search,510001,0.4366823323567708,0.0,0.045000000000000005,0.01831766764322917,0.0,0,0.0,base
Blind harm,Neyman search,510002,0.4617002360026041,0.0,0.020000000000000004,0.018299763997395833,0.0,0,0.0,base
Blind harm,Neyman search,510003,0.45797037760416665,0.041666666666666664,0.023750000000000004,0.018279622395833334,0.0,0,0.041666666666666664,base
Blind harm,Neyman search,510004,0.4529681396484375,0.041666666666666664,0.028750000000000008,0.018281860351562502,0.0,0,0.041666666666666664,base
Blind harm,Neyman search,510005,0.4667002360026042,0.0,0.015000000000000005,0.018299763997395833,0.0,0,0.0,base
Blind harm,Neyman search,510006,0.4516957600911458,0.0,0.03000000000000001,0.01830423990885417,0.0,0,0.0,base
Blind harm,Neyman search,510007,0.4567002360026042,0.0,0.025000000000000005,0.018299763997395833,0.0,0,0.0,base
Blind harm,Neyman search,510008,0.4329412841796875,0.041666666666666664,0.048750000000000016,0.0183087158203125,0.0,0,0.041666666666666664,base
Blind harm,Neyman search,510009,0.45170918782552083,0.0,0.030000000000000002,0.018290812174479167,0.0,0,0.0,base
Blind harm,Neyman search,510010,0.44168233235677085,0.0,0.04000000000000001,0.018317667643229167,0.0,0,0.0,base
Blind harm,Neyman search,510011,0.4566890462239583,0.0,0.025000000000000005,0.018310953776041666,0.0,0,0.0,base
Blind harm,Neyman search,510012,0.45669128417968746,0.0,0.025000000000000005,0.0183087158203125,0.0,0,0.0,base
Blind harm,Neyman search,510013,0.46669576009114583,0.0,0.015000000000000005,0.01830423990885417,0.0,0,0.0,base
Blind harm,Neyman search,510014,0.43670918782552076,0.0,0.045000000000000005,0.018290812174479167,0.0,0,0.0,base
Blind harm,Neyman search,510015,0.456697998046875,0.0,0.025000000000000005,0.018302001953125004,0.0,0,0.0,base
Blind harm,Neyman search,510016,0.46669576009114583,0.0,0.015000000000000005,0.01830423990885417,0.0,0,0.0,base
Blind harm,Neyman search,510017,0.45169128417968746,0.0,0.03000000000000001,0.0183087158203125,0.0,0,0.0,base
Blind harm,Neyman search,510018,0.45169128417968746,0.0,0.03000000000000001,0.0183087158203125,0.0,0,0.0,base
Blind harm,Neyman search,510019,0.4316935221354166,0.0,0.05000000000000001,0.018306477864583334,0.0,0,0.0,base
Blind harm,Neyman search,510020,0.4517159016927083,0.0,0.030000000000000002,0.018284098307291666,0.0,0,0.0,base
Blind harm,Neyman search,510021,0.451697998046875,0.0,0.03000000000000001,0.018302001953125,0.0,0,0.0,base
Blind harm,Neyman search,510022,0.4517091878255208,0.0,0.03000000000000001,0.018290812174479167,0.0,0,0.0,base
Blind harm,Neyman search,510023,0.4567047119140624,0.0,0.025000000000000005,0.0182952880859375,0.0,0,0.0,base
Blind harm,Neyman search,510024,0.4616957600911458,0.0,0.020000000000000004,0.01830423990885417,0.0,0,0.0,base
Blind harm,Neyman search,510025,0.446697998046875,0.0,0.03500000000000001,0.018302001953125,0.0,0,0.0,base
Blind harm,Neyman search,510026,0.44293904622395835,0.041666666666666664,0.03875000000000001,0.01831095377604167,0.0,0,0.041666666666666664,base
Blind harm,Neyman search,510027,0.4666912841796875,0.0,0.015000000000000005,0.0183087158203125,0.0,0,0.0,base
Blind harm,Neyman search,510028,0.47168457031249994,0.0,0.010000000000000002,0.0183154296875,0.0,0,0.0,base
Blind harm,Neyman search,510029,0.44670247395833335,0.0,0.03500000000000001,0.018297526041666668,0.0,0,0.0,base
Blind harm,Neyman search,510030,0.44170694986979164,0.0,0.04000000000000001,0.018293050130208335,0.0,0,0.0,base
Blind harm,Neyman search,510031,0.46670247395833336,0.0,0.015000000000000005,0.018297526041666668,0.0,0,0.0,base
Blind harm,Neyman search,510032,0.4667091878255208,0.0,0.015000000000000005,0.018290812174479167,0.0,0,0.0,base
Blind harm,Neyman search,510033,0.46170918782552084,0.0,0.020000000000000004,0.018290812174479167,0.0,0,0.0,base
Blind harm,Neyman search,510034,0.4516957600911458,0.0,0.03000000000000001,0.01830423990885417,0.0,0,0.0,base
Blind harm,Neyman search,510035,0.45668680826822916,0.0,0.025000000000000005,0.018313191731770834,0.0,0,0.0,base
Blind harm,Neyman search,510036,0.4566957600911458,0.0,0.025000000000000005,0.01830423990885417,0.0,0,0.0,base
Blind harm,Neyman search,510037,0.4517024739583333,0.0,0.03000000000000001,0.018297526041666668,0.0,0,0.0,base
Blind harm,Neyman search,510038,0.4667002360026042,0.0,0.015000000000000005,0.018299763997395833,0.0,0,0.0,base
Blind harm,Neyman search,510039,0.46671142578124997,0.0,0.015000000000000005,0.018288574218750003,0.0,0,0.0,base
Blind harm,Neyman search,510040,0.44670918782552077,0.0,0.03500000000000001,0.018290812174479167,0.0,0,0.0,base
Blind harm,Neyman search,510041,0.45170694986979165,0.0,0.03000000000000001,0.018293050130208335,0.0,0,0.0,base
Blind harm,Neyman search,510042,0.45170694986979165,0.0,0.03000000000000001,0.018293050130208335,0.0,0,0.0,base
Blind harm,Neyman search,510043,0.45670247395833324,0.0,0.025000000000000005,0.018297526041666668,0.0,0,0.0,base
Blind harm,Neyman search,510044,0.4567069498697916,0.0,0.025000000000000005,0.018293050130208335,0.0,0,0.0,base
Blind harm,Neyman search,510045,0.4667114257812501,0.0,0.015000000000000005,0.018288574218750003,0.0,0,0.0,base
Blind harm,Neyman search,510046,0.4667091878255208,0.0,0.015000000000000005,0.018290812174479167,0.0,0,0.0,base
Blind harm,Neyman search,510047,0.45170247395833335,0.0,0.03000000000000001,0.018297526041666668,0.0,0,0.0,base
Blind harm,Neyman search,510048,0.46170918782552084,0.0,0.020000000000000004,0.018290812174479167,0.0,0,0.0,base
Blind harm,Neyman search,510049,0.4616868082682292,0.0,0.020000000000000004,0.018313191731770834,0.0,0,0.0,base
Blind harm,Neyman search,510050,0.4516957600911458,0.0,0.03000000000000001,0.01830423990885417,0.0,0,0.0,base
Blind harm,Neyman search,510051,0.4517136637369792,0.0,0.03000000000000001,0.018286336263020835,0.0,0,0.0,base
Blind harm,Neyman search,510052,0.4416957600911458,0.0,0.04000000000000001,0.01830423990885417,0.0,0,0.0,base
Blind harm,Neyman search,510053,0.47670471191406244,0.0,0.005000000000000001,0.018295288085937503,0.0,0,0.0,base
Blind harm,Neyman search,510054,0.4567226155598958,0.0,0.025000000000000005,0.01827738444010417,0.0,0,0.0,base
Blind harm,Neyman search,510055,0.45170694986979165,0.0,0.030000000000000002,0.018293050130208335,0.0,0,0.0,base
Blind harm,Neyman search,510056,0.4717002360026042,0.0,0.010000000000000002,0.018299763997395836,0.0,0,0.0,base
Blind harm,Neyman search,510057,0.4566957600911459,0.0,0.025000000000000005,0.01830423990885417,0.0,0,0.0,base
Blind harm,Neyman search,510058,0.4566935221354167,0.0,0.025000000000000005,0.018306477864583334,0.0,0,0.0,base
Blind harm,Neyman search,510059,0.4367047119140625,0.0,0.045000000000000005,0.0182952880859375,0.0,0,0.0,base
Blind harm,Neyman search,510060,0.47170023600260413,0.0,0.010000000000000002,0.018299763997395833,0.0,0,0.0,base
Blind harm,Neyman search,510061,0.44671142578125006,0.0,0.03500000000000001,0.018288574218750003,0.0,0,0.0,base
Blind harm,Neyman search,510062,0.45169128417968746,0.0,0.03000000000000001,0.0183087158203125,0.0,0,0.0,base
Blind harm,Neyman search,510063,0.4417181396484375,0.0,0.04000000000000001,0.018281860351562502,0.0,0,0.0,base
Blind harm,Neyman search,510064,0.4417136637369792,0.0,0.04000000000000001,0.018286336263020835,0.0,0,0.0,base
Blind harm,Neyman search,510065,0.466697998046875,0.0,0.015000000000000005,0.018302001953125,0.0,0,0.0,base
Blind harm,Neyman search,510066,0.4567091878255208,0.0,0.025000000000000005,0.018290812174479167,0.0,0,0.0,base
Blind harm,Neyman search,510067,0.4566823323567708,0.0,0.025000000000000005,0.018317667643229167,0.0,0,0.0,base
Blind harm,Neyman search,510068,0.4667002360026042,0.0,0.015000000000000005,0.018299763997395833,0.0,0,0.0,base
Blind harm,Neyman search,510069,0.46670471191406254,0.0,0.015000000000000005,0.0182952880859375,0.0,0,0.0,base
Blind harm,Neyman search,510070,0.4567159016927083,0.0,0.025000000000000005,0.018284098307291666,0.0,0,0.0,base
Blind harm,Neyman search,510071,0.44794352213541666,0.041666666666666664,0.03375,0.018306477864583334,0.0,0,0.041666666666666664,base
Blind harm,Neyman search,510072,0.4567002360026042,0.0,0.025000000000000005,0.018299763997395833,0.0,0,0.0,base
Blind harm,Neyman search,510073,0.4279502360026042,0.041666666666666664,0.05375000000000001,0.018299763997395833,0.0,0,0.041666666666666664,base
Blind harm,Neyman search,510074,0.44293680826822907,0.041666666666666664,0.03875000000000001,0.018313191731770834,0.0,0,0.041666666666666664,base
Blind harm,Neyman search,510075,0.45171142578124995,0.0,0.03000000000000001,0.018288574218750003,0.0,0,0.0,base
Blind harm,Neyman search,510076,0.4529569498697917,0.041666666666666664,0.028750000000000008,0.018293050130208335,0.0,0,0.041666666666666664,base
Blind harm,Neyman search,510077,0.4667069498697917,0.0,0.015000000000000005,0.018293050130208335,0.0,0,0.0,base
Blind harm,Neyman search,510078,0.45671142578124996,0.0,0.025000000000000005,0.018288574218750003,0.0,0,0.0,base
Blind harm,Neyman search,510079,0.4567069498697916,0.0,0.025000000000000005,0.018293050130208335,0.0,0,0.0,base
Blind harm,Neyman search,510080,0.456697998046875,0.0,0.025000000000000005,0.018302001953125004,0.0,0,0.0,base
Blind harm,Neyman search,510081,0.436697998046875,0.0,0.045000000000000005,0.018302001953125,0.0,0,0.0,base
Blind harm,Neyman search,510082,0.4617024739583333,0.0,0.020000000000000004,0.018297526041666668,0.0,0,0.0,base
Blind harm,Neyman search,510083,0.456697998046875,0.0,0.025000000000000005,0.018302001953125,0.0,0,0.0,base
Blind harm,Neyman search,510084,0.4567091878255208,0.0,0.025000000000000005,0.018290812174479167,0.0,0,0.0,base
Blind harm,Neyman search,510085,0.4517047119140625,0.0,0.03000000000000001,0.018295288085937503,0.0,0,0.0,base
Blind harm,Neyman search,510086,0.45171366373697913,0.0,0.03000000000000001,0.018286336263020835,0.0,0,0.0,base
Blind harm,Neyman search,510087,0.46671366373697915,0.0,0.015000000000000005,0.018286336263020835,0.0,0,0.0,base
Blind harm,Neyman search,510088,0.4667203776041666,0.0,0.015000000000000005,0.018279622395833334,0.0,0,0.0,base
Blind harm,Neyman search,510089,0.4467203776041666,0.0,0.03500000000000001,0.018279622395833334,0.0,0,0.0,base
Blind harm,Neyman search,510090,0.4717203776041667,0.0,0.010000000000000002,0.018279622395833334,0.0,0,0.0,base
Blind harm,Neyman search,510091,0.45171142578124995,0.0,0.03000000000000001,0.018288574218750003,0.0,0,0.0,base
Blind harm,Neyman search,510092,0.44795918782552085,0.041666666666666664,0.03375,0.018290812174479167,0.0,0,0.041666666666666664,base
Blind harm,Neyman search,510093,0.4566823323567708,0.0,0.025000000000000005,0.01831766764322917,0.0,0,0.0,base
Blind harm,Neyman search,510094,0.46172261555989585,0.0,0.020000000000000004,0.018277384440104166,0.0,0,0.0,base
Blind harm,Neyman search,510095,0.4517047119140625,0.0,0.03000000000000001,0.0182952880859375,0.0,0,0.0,base
Blind harm,Neyman search,510096,0.4566979980468749,0.0,0.025000000000000005,0.018302001953125,0.0,0,0.0,base
Blind harm,Neyman search,510097,0.4667203776041667,0.0,0.015000000000000005,0.018279622395833334,0.0,0,0.0,base
Blind harm,Neyman search,510098,0.4566935221354167,0.0,0.025000000000000005,0.018306477864583334,0.0,0,0.0,base
Blind harm,Neyman search,510099,0.46671813964843745,0.0,0.015000000000000005,0.018281860351562502,0.0,0,0.0,base
Blind harm,Neyman search,510100,0.45671142578124996,0.0,0.025000000000000005,0.018288574218750003,0.0,0,0.0,base
Blind harm,Neyman search,510101,0.4567069498697916,0.0,0.025000000000000005,0.018293050130208335,0.0,0,0.0,base
Blind harm,Neyman search,510102,0.46670247395833336,0.0,0.015000000000000005,0.018297526041666668,0.0,0,0.0,base
Blind harm,Neyman search,510103,0.46670247395833336,0.0,0.015000000000000005,0.018297526041666668,0.0,0,0.0,base
Blind harm,Neyman search,510104,0.4616890462239584,0.0,0.020000000000000004,0.018310953776041666,0.0,0,0.0,base
Blind harm,Neyman search,510105,0.4517002360026041,0.0,0.03000000000000001,0.018299763997395833,0.0,0,0.0,base
Blind harm,Neyman search,510106,0.43795918782552085,0.041666666666666664,0.04375000000000001,0.018290812174479167,0.0,0,0.041666666666666664,base
Blind harm,Neyman search,510107,0.46171366373697914,0.0,0.020000000000000004,0.01828633626302083,0.0,0,0.0,base
Blind harm,Neyman search,510108,0.4292181396484374,0.08333333333333333,0.05250000000000001,0.0182818603515625,0.0,0,0.08333333333333333,base
Blind harm,Neyman search,510109,0.46170694986979166,0.0,0.020000000000000004,0.018293050130208335,0.0,0,0.0,base
Blind harm,Neyman search,510110,0.4316935221354166,0.0,0.05000000000000001,0.018306477864583334,0.0,0,0.0,base
Blind harm,Neyman search,510111,0.462947998046875,0.041666666666666664,0.018750000000000003,0.018302001953125004,0.0,0,0.041666666666666664,base
Blind harm,Neyman search,510112,0.4517002360026041,0.0,0.03000000000000001,0.018299763997395833,0.0,0,0.0,base
Blind harm,Neyman search,510113,0.45794799804687497,0.041666666666666664,0.023750000000000004,0.018302001953125,0.0,0,0.041666666666666664,base
Blind harm,Neyman search,510114,0.4417136637369791,0.0,0.04000000000000001,0.018286336263020835,0.0,0,0.0,base
Blind harm,Neyman search,510115,0.4529457600911458,0.041666666666666664,0.02875,0.01830423990885417,0.0,0,0.041666666666666664,base
Blind harm,Neyman search,510116,0.47170023600260413,0.0,0.010000000000000002,0.018299763997395833,0.0,0,0.0,base
Blind harm,Neyman search,510117,0.4367136637369791,0.0,0.045000000000000005,0.01828633626302083,0.0,0,0.0,base
Blind harm,Neyman search,510118,0.46169352213541665,0.0,0.020000000000000004,0.018306477864583334,0.0,0,0.0,base
Blind harm,Neyman search,510119,0.44671366373697907,0.0,0.035,0.01828633626302083,0.0,0,0.0,base
Blind harm,Neyman search,510120,0.4479614257812499,0.041666666666666664,0.03375,0.018288574218750003,0.0,0,0.041666666666666664,base
Blind harm,Neyman search,510121,0.47171366373697915,0.0,0.010000000000000002,0.01828633626302083,0.0,0,0.0,base
Blind harm,Neyman search,510122,0.4379636637369792,0.041666666666666664,0.04375000000000001,0.018286336263020835,0.0,0,0.041666666666666664,base
Blind harm,Neyman search,510123,0.456697998046875,0.0,0.025000000000000005,0.018302001953125,0.0,0,0.0,base
Blind harm,Neyman search,510124,0.4417181396484375,0.0,0.04000000000000001,0.018281860351562502,0.0,0,0.0,base
Blind harm,Neyman search,510125,0.46170918782552084,0.0,0.020000000000000004,0.018290812174479167,0.0,0,0.0,base
Blind harm,Neyman search,510126,0.4667002360026042,0.0,0.015000000000000005,0.018299763997395833,0.0,0,0.0,base
Blind harm,Neyman search,510127,0.4329569498697916,0.041666666666666664,0.04875000000000001,0.018293050130208335,0.0,0,0.041666666666666664,base
Blind harm,Neyman search,510128,0.4666868082682291,0.0,0.015000000000000005,0.018313191731770834,0.0,0,0.0,base
Blind harm,Neyman search,510129,0.4129412841796875,0.041666666666666664,0.06875000000000002,0.0183087158203125,0.0,0,0.041666666666666664,base
Blind harm,Neyman search,510130,0.4566823323567708,0.0,0.025000000000000005,0.018317667643229167,0.0,0,0.0,base
Blind harm,Neyman search,510131,0.4767069498697916,0.0,0.005000000000000001,0.018293050130208335,0.0,0,0.0,base
Blind harm,Neyman search,510132,0.44669352213541663,0.0,0.03500000000000001,0.018306477864583334,0.0,0,0.0,base
Blind harm,Neyman search,510133,0.4467136637369791,0.0,0.03500000000000001,0.018286336263020835,0.0,0,0.0,base
Blind harm,Neyman search,510134,0.4617047119140625,0.0,0.020000000000000004,0.0182952880859375,0.0,0,0.0,base
Blind harm,Neyman search,510135,0.441697998046875,0.0,0.04000000000000001,0.018302001953125004,0.0,0,0.0,base
Blind harm,Neyman search,510136,0.45672037760416667,0.0,0.025000000000000005,0.018279622395833337,0.0,0,0.0,base
Blind harm,Neyman search,510137,0.47669128417968754,0.0,0.005000000000000001,0.0183087158203125,0.0,0,0.0,base
Blind harm,Neyman search,510138,0.4366912841796875,0.0,0.045000000000000005,0.0183087158203125,0.0,0,0.0,base
Blind harm,Neyman search,510139,0.4417024739583333,0.0,0.04000000000000001,0.018297526041666668,0.0,0,0.0,base
Blind harm,Neyman search,510140,0.4516890462239583,0.0,0.030000000000000002,0.018310953776041666,0.0,0,0.0,base
Blind harm,Neyman search,510141,0.44295918782552085,0.041666666666666664,0.03875,0.018290812174479167,0.0,0,0.041666666666666664,base
Blind harm,Neyman search,510142,0.446697998046875,0.0,0.03500000000000001,0.018302001953125,0.0,0,0.0,base
Blind harm,Neyman search,510143,0.42421366373697916,0.08333333333333333,0.0575,0.018286336263020835,0.0,0,0.08333333333333333,base
Blind harm,Neyman search,510144,0.4267136637369791,0.0,0.055000000000000014,0.01828633626302083,0.0,0,0.0,base
Blind harm,Neyman search,510145,0.4466957600911458,0.0,0.03500000000000001,0.01830423990885417,0.0,0,0.0,base
Blind harm,Neyman search,510146,0.44670247395833335,0.0,0.035,0.018297526041666668,0.0,0,0.0,base
Blind harm,Neyman search,510147,0.45172037760416667,0.0,0.03000000000000001,0.018279622395833334,0.0,0,0.0,base
Blind harm,Neyman search,510148,0.456697998046875,0.0,0.025000000000000005,0.018302001953125,0.0,0,0.0,base
Blind harm,Neyman search,510149,0.4667203776041667,0.0,0.015000000000000005,0.018279622395833334,0.0,0,0.0,base
Blind harm,Neyman search,510150,0.46171142578125,0.0,0.020000000000000004,0.018288574218750003,0.0,0,0.0,base
Blind harm,Neyman search,510151,0.45169352213541664,0.0,0.03000000000000001,0.018306477864583334,0.0,0,0.0,base
Blind harm,Neyman search,510152,0.4517047119140625,0.0,0.03000000000000001,0.018295288085937503,0.0,0,0.0,base
Blind harm,Neyman search,510153,0.4517024739583333,0.0,0.03000000000000001,0.018297526041666668,0.0,0,0.0,base
Blind harm,Neyman search,510154,0.451697998046875,0.0,0.03000000000000001,0.018302001953125,0.0,0,0.0,base
Blind harm,Neyman search,510155,0.4617024739583333,0.0,0.020000000000000004,0.018297526041666668,0.0,0,0.0,base
Blind harm,Neyman search,510156,0.46669576009114583,0.0,0.015000000000000005,0.01830423990885417,0.0,0,0.0,base
Blind harm,Neyman search,510157,0.4366957600911458,0.0,0.04500000000000001,0.01830423990885417,0.0,0,0.0,base
Blind harm,Neyman search,510158,0.4566912841796875,0.0,0.025000000000000005,0.0183087158203125,0.0,0,0.0,base
Blind harm,Neyman search,510159,0.45170694986979165,0.0,0.03000000000000001,0.018293050130208335,0.0,0,0.0,base
Blind harm,Neyman search,510160,0.4566957600911458,0.0,0.025000000000000005,0.01830423990885417,0.0,0,0.0,base
Blind harm,Neyman search,510161,0.43795023600260413,0.041666666666666664,0.04375000000000001,0.018299763997395836,0.0,0,0.041666666666666664,base
Blind harm,Neyman search,510162,0.44668904622395833,0.0,0.03500000000000001,0.01831095377604167,0.0,0,0.0,base
Blind harm,Neyman search,510163,0.4417091878255208,0.0,0.04000000000000001,0.018290812174479167,0.0,0,0.0,base
Blind harm,Neyman search,510164,0.4566823323567708,0.0,0.025000000000000005,0.018317667643229167,0.0,0,0.0,base
Blind harm,Neyman search,510165,0.437947998046875,0.041666666666666664,0.04375000000000001,0.018302001953125,0.0,0,0.041666666666666664,base
Blind harm,Neyman search,510166,0.4567069498697916,0.0,0.025000000000000005,0.018293050130208335,0.0,0,0.0,base
Blind harm,Neyman search,510167,0.46669352213541665,0.0,0.015000000000000005,0.018306477864583334,0.0,0,0.0,base
Blind harm,Neyman search,510168,0.44670247395833335,0.0,0.03500000000000001,0.018297526041666668,0.0,0,0.0,base
Blind harm,Neyman search,510169,0.43170247395833333,0.0,0.05000000000000001,0.018297526041666668,0.0,0,0.0,base
Blind harm,Neyman search,510170,0.44170694986979164,0.0,0.04000000000000001,0.018293050130208335,0.0,0,0.0,base
Blind harm,Neyman search,510171,0.4667002360026042,0.0,0.015000000000000005,0.018299763997395833,0.0,0,0.0,base
Blind harm,Neyman search,510172,0.46170918782552084,0.0,0.020000000000000004,0.018290812174479167,0.0,0,0.0,base
Blind harm,Neyman search,510173,0.4517091878255208,0.0,0.03000000000000001,0.018290812174479167,0.0,0,0.0,base
Blind harm,Neyman search,510174,0.45170694986979165,0.0,0.03000000000000001,0.018293050130208335,0.0,0,0.0,base
Blind harm,Neyman search,510175,0.4529569498697916,0.041666666666666664,0.028750000000000008,0.018293050130208335,0.0,0,0.041666666666666664,base
Blind harm,Neyman search,510176,0.4616868082682291,0.0,0.020000000000000004,0.018313191731770834,0.0,0,0.0,base
Blind harm,Neyman search,510177,0.4429457600911458,0.041666666666666664,0.03875000000000001,0.01830423990885417,0.0,0,0.041666666666666664,base
Blind harm,Neyman search,510178,0.43920023600260416,0.08333333333333333,0.0425,0.018299763997395833,0.0,0,0.08333333333333333,base
Blind harm,Neyman search,510179,0.4567002360026042,0.0,0.025000000000000005,0.018299763997395833,0.0,0,0.0,base
Blind harm,Neyman search,510180,0.4429614257812499,0.041666666666666664,0.03875,0.018288574218750003,0.0,0,0.041666666666666664,base
Blind harm,Neyman search,510181,0.44671142578124995,0.0,0.03500000000000001,0.018288574218750003,0.0,0,0.0,base
Blind harm,Neyman search,510182,0.44670247395833335,0.0,0.035,0.018297526041666668,0.0,0,0.0,base
Blind harm,Neyman search,510183,0.4617159016927084,0.0,0.020000000000000004,0.018284098307291666,0.0,0,0.0,base
Blind harm,Neyman search,510184,0.4517159016927083,0.0,0.03000000000000001,0.018284098307291666,0.0,0,0.0,base
Blind harm,Neyman search,510185,0.47170918782552085,0.0,0.010000000000000002,0.018290812174479167,0.0,0,0.0,base
Blind harm,Neyman search,510186,0.47170247395833337,0.0,0.010000000000000002,0.018297526041666668,0.0,0,0.0,base
Blind harm,Neyman search,510187,0.45170694986979165,0.0,0.03000000000000001,0.018293050130208332,0.0,0,0.0,base
Blind harm,Neyman search,510188,0.43796142578125,0.041666666666666664,0.043750000000000004,0.01828857421875,0.0,0,0.041666666666666664,base
Blind harm,Neyman search,510189,0.47172485351562504,0.0,0.010000000000000002,0.018275146484375,0.0,0,0.0,base
Blind harm,Neyman search,510190,0.46669352213541665,0.0,0.015000000000000005,0.018306477864583334,0.0,0,0.0,base
Blind harm,Neyman search,510191,0.44670247395833335,0.0,0.035,0.018297526041666668,0.0,0,0.0,base
Blind harm,Neyman search,510192,0.45671366373697914,0.0,0.025000000000000005,0.018286336263020835,0.0,0,0.0,base
Blind harm,Neyman search,510193,0.45170471191406253,0.0,0.03000000000000001,0.0182952880859375,0.0,0,0.0,base
Blind harm,Neyman search,510194,0.4617024739583333,0.0,0.020000000000000004,0.018297526041666668,0.0,0,0.0,base
Blind harm,Neyman search,510195,0.4366957600911458,0.0,0.04500000000000001,0.01830423990885417,0.0,0,0.0,base
Blind harm,Neyman search,510196,0.4516890462239583,0.0,0.03000000000000001,0.01831095377604167,0.0,0,0.0,base
Blind harm,Neyman search,510197,0.46668904622395835,0.0,0.015000000000000005,0.018310953776041666,0.0,0,0.0,base
Blind harm,Neyman search,510198,0.46169352213541665,0.0,0.020000000000000004,0.018306477864583334,0.0,0,0.0,base
Blind harm,Neyman search,510199,0.4517047119140625,0.0,0.03000000000000001,0.0182952880859375,0.0,0,0.0,base
Blind harm,Neyman search,510200,0.46169576009114577,0.0,0.020000000000000004,0.01830423990885417,0.0,0,0.0,base
Blind harm,Neyman search,510201,0.43672037760416665,0.0,0.045000000000000005,0.018279622395833334,0.0,0,0.0,base
Blind harm,Neyman search,510202,0.46293904622395826,0.041666666666666664,0.018750000000000003,0.01831095377604167,0.0,0,0.041666666666666664,base
Blind harm,Neyman search,510203,0.4517024739583333,0.0,0.03000000000000001,0.018297526041666668,0.0,0,0.0,base
Blind harm,Neyman search,510204,0.45169128417968746,0.0,0.03000000000000001,0.0183087158203125,0.0,0,0.0,base
Blind harm,Neyman search,510205,0.4666890462239583,0.0,0.015000000000000005,0.01831095377604167,0.0,0,0.0,base
Blind harm,Neyman search,510206,0.4417024739583333,0.0,0.04000000000000001,0.018297526041666668,0.0,0,0.0,base
Blind harm,Neyman search,510207,0.4516957600911458,0.0,0.03000000000000001,0.01830423990885417,0.0,0,0.0,base
Blind harm,Neyman search,510208,0.45171142578124995,0.0,0.03000000000000001,0.018288574218750003,0.0,0,0.0,base
Blind harm,Neyman search,510209,0.4567002360026042,0.0,0.025000000000000005,0.018299763997395836,0.0,0,0.0,base
Blind harm,Neyman search,510210,0.4516957600911458,0.0,0.03000000000000001,0.01830423990885417,0.0,0,0.0,base
Blind harm,Neyman search,510211,0.4367069498697916,0.0,0.04500000000000001,0.018293050130208332,0.0,0,0.0,base
Blind harm,Neyman search,510212,0.4566957600911459,0.0,0.025000000000000005,0.01830423990885417,0.0,0,0.0,base
Blind harm,Neyman search,510213,0.44794576009114584,0.041666666666666664,0.03375,0.01830423990885417,0.0,0,0.041666666666666664,base
Blind harm,Neyman search,510214,0.47167561848958334,0.0,0.010000000000000002,0.018324381510416668,0.0,0,0.0,base
Blind harm,Neyman search,510215,0.4416935221354166,0.0,0.04000000000000001,0.018306477864583334,0.0,0,0.0,base
Blind harm,Neyman search,510216,0.44795918782552074,0.041666666666666664,0.03375,0.018290812174479167,0.0,0,0.041666666666666664,base
Blind harm,Neyman search,510217,0.446697998046875,0.0,0.035,0.018302001953125,0.0,0,0.0,base
Blind harm,Neyman search,510218,0.4429435221354166,0.041666666666666664,0.03875000000000001,0.018306477864583334,0.0,0,0.041666666666666664,base
Blind harm,Neyman search,510219,0.45668680826822916,0.0,0.025000000000000005,0.018313191731770834,0.0,0,0.0,base
Blind harm,Neyman search,510220,0.4529547119140625,0.041666666666666664,0.028750000000000008,0.018295288085937503,0.0,0,0.041666666666666664,base
Blind harm,Neyman search,510221,0.45669352213541664,0.0,0.025000000000000005,0.018306477864583334,0.0,0,0.0,base
Blind harm,Neyman search,510222,0.42671142578124993,0.0,0.055000000000000014,0.018288574218750003,0.0,0,0.0,base
Blind harm,Neyman search,510223,0.44171142578125,0.0,0.04000000000000001,0.018288574218750003,0.0,0,0.0,base
Blind harm,Neyman search,510224,0.44672261555989584,0.0,0.03500000000000001,0.01827738444010417,0.0,0,0.0,base
Blind harm,Neyman search,510225,0.45171366373697913,0.0,0.03000000000000001,0.01828633626302083,0.0,0,0.0,base
Blind harm,Neyman search,510226,0.46671142578124997,0.0,0.015000000000000005,0.018288574218750003,0.0,0,0.0,base
Blind harm,Neyman search,510227,0.46670247395833336,0.0,0.015000000000000005,0.018297526041666668,0.0,0,0.0,base
Blind harm,Neyman search,510228,0.4466890462239583,0.0,0.03500000000000001,0.018310953776041666,0.0,0,0.0,base
Blind harm,Neyman search,510229,0.45670023600260407,0.0,0.025000000000000005,0.018299763997395833,0.0,0,0.0,base
Blind harm,Neyman search,510230,0.4617203776041667,0.0,0.020000000000000004,0.018279622395833334,0.0,0,0.0,base
Blind harm,Neyman search,510231,0.46171366373697914,0.0,0.020000000000000004,0.018286336263020835,0.0,0,0.0,base
Blind harm,Neyman search,510232,0.4579390462239583,0.041666666666666664,0.023750000000000004,0.01831095377604167,0.0,0,0.041666666666666664,base
Blind harm,Neyman search,510233,0.4667159016927083,0.0,0.015000000000000005,0.018284098307291666,0.0,0,0.0,base
Blind harm,Neyman search,510234,0.43170694986979163,0.0,0.05000000000000001,0.018293050130208335,0.0,0,0.0,base
Blind harm,Neyman search,510235,0.4379547119140625,0.041666666666666664,0.04375000000000001,0.018295288085937503,0.0,0,0.041666666666666664,base
Blind harm,Neyman search,510236,0.45294799804687497,0.041666666666666664,0.02875,0.018302001953125,0.0,0,0.041666666666666664,base
Blind harm,Neyman search,510237,0.46169352213541665,0.0,0.020000000000000004,0.018306477864583334,0.0,0,0.0,base
Blind harm,Neyman search,510238,0.4466957600911458,0.0,0.035,0.01830423990885417,0.0,0,0.0,base
Blind harm,Neyman search,510239,0.4529457600911458,0.041666666666666664,0.028750000000000008,0.01830423990885417,0.0,0,0.041666666666666664,base
Blind harm,Neyman search,510240,0.461697998046875,0.0,0.020000000000000004,0.018302001953125,0.0,0,0.0,base
Blind harm,Neyman search,510241,0.46668457031249994,0.0,0.015000000000000005,0.0183154296875,0.0,0,0.0,base
Blind harm,Neyman search,510242,0.45668904622395834,0.0,0.025000000000000005,0.018310953776041666,0.0,0,0.0,base
Blind harm,Neyman search,510243,0.45170694986979165,0.0,0.030000000000000002,0.018293050130208335,0.0,0,0.0,base
Blind harm,Neyman search,510244,0.4517069498697916,0.0,0.03000000000000001,0.018293050130208335,0.0,0,0.0,base
Blind harm,Neyman search,510245,0.47169576009114583,0.0,0.010000000000000002,0.01830423990885417,0.0,0,0.0,base
Blind harm,Neyman search,510246,0.45669352213541664,0.0,0.025000000000000005,0.018306477864583334,0.0,0,0.0,base
Blind harm,Neyman search,510247,0.4366935221354167,0.0,0.045000000000000005,0.018306477864583337,0.0,0,0.0,base
Blind harm,Neyman search,510248,0.44795918782552085,0.041666666666666664,0.03375000000000001,0.018290812174479167,0.0,0,0.041666666666666664,base
Blind harm,Neyman search,510249,0.4717136637369792,0.0,0.010000000000000002,0.01828633626302083,0.0,0,0.0,base
Blind harm,Neyman search,510250,0.4566935221354167,0.0,0.025000000000000005,0.018306477864583334,0.0,0,0.0,base
Blind harm,Neyman search,510251,0.4567002360026042,0.0,0.025000000000000005,0.018299763997395833,0.0,0,0.0,base
Blind harm,Neyman search,510252,0.4617002360026041,0.0,0.020000000000000004,0.018299763997395833,0.0,0,0.0,base
Blind harm,Neyman search,510253,0.4467047119140625,0.0,0.03500000000000001,0.0182952880859375,0.0,0,0.0,base
Blind harm,Neyman search,510254,0.45170023600260417,0.0,0.03000000000000001,0.018299763997395833,0.0,0,0.0,base
Blind harm,Neyman search,510255,0.44671142578124995,0.0,0.035,0.018288574218750003,0.0,0,0.0,base
Blind harm,Procedure revision,510000,0.4379774983723958,0.041666666666666664,0.04375000000000001,0.018272501627604167,0.010564982096354167,3,0.041666666666666664,base
Blind harm,Procedure revision,510001,0.4180167643229166,0.041666666666666664,0.06375000000000001,0.01823323567708333,0.010550333658854168,1,0.041666666666666664,base
Blind harm,Procedure revision,510002,0.42054300944010414,0.125,0.06125000000000002,0.018206990559895834,0.010557657877604168,2,0.125,base
Blind harm,Procedure revision,510003,0.42925944010416667,0.08333333333333333,0.05250000000000001,0.018240559895833335,0.010559895833333333,2,0.08333333333333333,base
Blind harm,Procedure revision,510004,0.4242633056640625,0.08333333333333333,0.057500000000000016,0.0182366943359375,0.010553792317708333,3,0.08333333333333333,base
Blind harm,Procedure revision,510005,0.4017789713541666,0.16666666666666666,0.08000000000000002,0.018221028645833335,0.010558268229166667,3,0.16666666666666666,base
Blind harm,Procedure revision,510006,0.4280267333984375,0.041666666666666664,0.05375000000000001,0.0182232666015625,0.010564982096354167,3,0.041666666666666664,base
Blind harm,Procedure revision,510007,0.4317303466796874,0.0,0.05000000000000001,0.0182696533203125,0.010564371744791667,2,0.0,base
Blind harm,Procedure revision,510008,0.43297200520833323,0.041666666666666664,0.048750000000000016,0.018277994791666665,0.010543619791666667,1,0.041666666666666664,base
Blind harm,Procedure revision,510009,0.40427897135416657,0.08333333333333333,0.07750000000000001,0.018221028645833335,0.010562744140625002,3,0.08333333333333333,base
Blind harm,Procedure revision,510010,0.39551676432291666,0.125,0.08625000000000001,0.01823323567708333,0.010552571614583334,1,0.125,base
Blind harm,Procedure revision,510011,0.4242645263671874,0.08333333333333333,0.057500000000000016,0.018235473632812502,0.010559285481770833,1,0.08333333333333333,base
Blind harm,Procedure revision,510012,0.40179748535156246,0.16666666666666666,0.08000000000000002,0.0182025146484375,0.010550944010416667,2,0.16666666666666666,base
Blind harm,Procedure revision,510013,0.4105110677083333,0.125,0.07125000000000001,0.018238932291666666,0.010558268229166667,3,0.125,base
Blind harm,Procedure revision,510014,0.3918109130859375,0.16666666666666666,0.09000000000000001,0.018189086914062503,0.010559895833333334,2,0.16666666666666666,base
Blind harm,Procedure revision,510015,0.4105468749999999,0.125,0.07125000000000001,0.018203125,0.010569458007812503,3,0.125,base
Blind harm,Procedure revision,510016,0.451771240234375,0.0,0.03000000000000001,0.018228759765625,0.010559285481770833,1,0.0,base
Blind harm,Procedure revision,510017,0.4279960123697917,0.041666666666666664,0.05375,0.018253987630208333,0.010559895833333334,2,0.041666666666666664,base
Blind harm,Procedure revision,510018,0.4017616780598958,0.16666666666666666,0.08,0.018238321940104166,0.010557657877604168,2,0.16666666666666666,base
Blind harm,Procedure revision,510019,0.3768428548177083,0.16666666666666666,0.10500000000000002,0.018157145182291667,0.010550333658854168,1,0.16666666666666666,base
Blind harm,Procedure revision,510020,0.4230503336588541,0.041666666666666664,0.05875000000000002,0.018199666341145834,0.010550333658854168,1,0.041666666666666664,base
Blind harm,Procedure revision,510021,0.37431599934895826,0.25,0.1075,0.018184000651041667,0.010550333658854168,1,0.25,base
Blind harm,Procedure revision,510022,0.45671976725260416,0.0,0.025000000000000005,0.018280232747395833,0.010545857747395833,1,0.0,base
Blind harm,Procedure revision,510023,0.3718058268229166,0.16666666666666666,0.11000000000000003,0.018194173177083335,0.010560506184895834,3,0.16666666666666666,base
Blind harm,Procedure revision,510024,0.42422810872395833,0.08333333333333333,0.057500000000000016,0.018271891276041667,0.010566609700520833,2,0.08333333333333333,base
Blind harm,Procedure revision,510025,0.4230369059244792,0.041666666666666664,0.058750000000000004,0.018213094075520835,0.010545857747395833,1,0.041666666666666664,base
Blind harm,Procedure revision,510026,0.38175211588541663,0.16666666666666666,0.10000000000000002,0.01824788411458333,0.010567220052083335,3,0.16666666666666666,base
Blind harm,Procedure revision,510027,0.4142498779296875,0.08333333333333333,0.0675,0.018250122070312503,0.010569458007812503,3,0.08333333333333333,base
Blind harm,Procedure revision,510028,0.3968332926432292,0.16666666666666666,0.08500000000000002,0.018166707356770836,0.0105487060546875,2,0.16666666666666666,base
Blind harm,Procedure revision,510029,0.44178914388020835,0.0,0.04000000000000001,0.018210856119791664,0.010548095703125001,1,0.0,base
Blind harm,Procedure revision,510030,0.41546691894531246,0.125,0.06625000000000002,0.0182830810546875,0.01056884765625,2,0.125,base
Blind harm,Procedure revision,510031,0.4342856852213542,0.08333333333333333,0.04750000000000001,0.018214314778645834,0.010560506184895834,3,0.08333333333333333,base
Blind harm,Procedure revision,510032,0.4205698649088541,0.125,0.061250000000000006,0.018180135091145837,0.010550944010416667,2,0.125,base
Blind harm,Procedure revision,510033,0.3830340576171875,0.20833333333333334,0.09875,0.018215942382812503,0.010562133789062502,2,0.20833333333333334,base
Blind harm,Procedure revision,510034,0.4230043538411458,0.041666666666666664,0.058750000000000004,0.018245646158854167,0.010564982096354167,3,0.041666666666666664,base
Blind harm,Procedure revision,510035,0.3967722574869792,0.16666666666666666,0.08500000000000002,0.018227742513020836,0.010567220052083335,3,0.16666666666666666,base
Blind harm,Procedure revision,510036,0.4055312093098958,0.125,0.07625000000000001,0.01821879069010417,0.0105694580078125,3,0.125,base
Blind harm,Procedure revision,510037,0.41426778157552074,0.08333333333333333,0.0675,0.018232218424479165,0.010551554361979167,3,0.08333333333333333,base
Blind harm,Procedure revision,510038,0.44297078450520827,0.041666666666666664,0.03875000000000001,0.018279215494791664,0.0105694580078125,3,0.041666666666666664,base
Blind harm,Procedure revision,510039,0.3656158447265625,0.2916666666666667,0.11625000000000003,0.0181341552734375,0.0105609130859375,0,0.2916666666666667,base
Blind harm,Procedure revision,510040,0.4329937744140624,0.041666666666666664,0.04875000000000001,0.018256225585937497,0.010557657877604168,2,0.041666666666666664,base
Blind harm,Procedure revision,510041,0.43173706054687494,0.0,0.05000000000000001,0.018262939453125,0.010557657877604168,2,0.0,base
Blind harm,Procedure revision,510042,0.4229730224609374,0.041666666666666664,0.058750000000000004,0.0182769775390625,0.0105694580078125,3,0.041666666666666664,base
Blind harm,Procedure revision,510043,0.42798034667968743,0.041666666666666664,0.05375,0.0182696533203125,0.010559895833333334,2,0.041666666666666664,base
Blind harm,Procedure revision,510044,0.39175882975260407,0.16666666666666666,0.09000000000000001,0.018241170247395834,0.010560506184895834,3,0.16666666666666666,base
Blind harm,Procedure revision,510045,0.40675882975260413,0.16666666666666666,0.07500000000000001,0.018241170247395834,0.010560506184895832,3,0.16666666666666666,base
Blind harm,Procedure revision,510046,0.42424153645833335,0.08333333333333333,0.057500000000000016,0.018258463541666662,0.010553181966145833,2,0.08333333333333333,base
Blind harm,Procedure revision,510047,0.44675944010416657,0.0,0.03500000000000001,0.01824055989583333,0.010555419921875002,2,0.0,base
Blind harm,Procedure revision,510048,0.3693131510416667,0.25,0.1125,0.018186848958333335,0.010559895833333333,2,0.25,base
Blind harm,Procedure revision,510049,0.36056823730468746,0.2916666666666667,0.12125000000000002,0.018181762695312503,0.010554809570312499,1,0.2916666666666667,base
Blind harm,Procedure revision,510050,0.39049825032552077,0.125,0.09125000000000001,0.018251749674479168,0.010555419921874998,2,0.125,base
Blind harm,Procedure revision,510051,0.40053568522135413,0.125,0.08125,0.018214314778645834,0.010560506184895832,3,0.125,base
Blind harm,Procedure revision,510052,0.39054463704427084,0.125,0.09125000000000001,0.01820536295572917,0.010551554361979168,3,0.125,base
Blind harm,Procedure revision,510053,0.46176391601562505,0.0,0.020000000000000004,0.018236083984375,0.010555419921875002,2,0.0,base
Blind harm,Procedure revision,510054,0.41808044433593744,0.041666666666666664,0.06375000000000001,0.018169555664062503,0.010556030273437503,3,0.041666666666666664,base
Blind harm,Procedure revision,510055,0.41555643717447915,0.125,0.06625000000000002,0.01819356282552084,0.010562133789062502,2,0.125,base
Blind harm,Procedure revision,510056,0.38177062988281235,0.16666666666666666,0.10000000000000002,0.0182293701171875,0.0105487060546875,2,0.16666666666666666,base
Blind harm,Procedure revision,510057,0.4317482503255207,0.0,0.05000000000000001,0.018251749674479168,0.010564371744791667,2,0.0,base
Blind harm,Procedure revision,510058,0.4105267333984375,0.125,0.07125000000000002,0.0182232666015625,0.010569458007812503,3,0.125,base
Blind harm,Procedure revision,510059,0.43675720214843744,0.0,0.045000000000000005,0.018242797851562503,0.010553181966145833,2,0.0,base
Blind harm,Procedure revision,510060,0.4292991129557291,0.08333333333333333,0.05250000000000001,0.018200887044270836,0.010560506184895834,3,0.08333333333333333,base
Blind harm,Procedure revision,510061,0.3867856852213542,0.16666666666666666,0.09500000000000001,0.018214314778645834,0.010564982096354168,3,0.16666666666666666,base
Blind harm,Procedure revision,510062,0.4129518636067708,0.041666666666666664,0.06875000000000002,0.018298136393229164,0.010563761393229168,1,0.041666666666666664,base
Blind harm,Procedure revision,510063,0.4229819742838541,0.041666666666666664,0.058750000000000004,0.018268025716145834,0.010556030273437501,3,0.041666666666666664,base
Blind harm,Procedure revision,510064,0.4229630533854167,0.041666666666666664,0.05875000000000002,0.01828694661458333,0.010552571614583334,1,0.041666666666666664,base
Blind harm,Procedure revision,510065,0.40052510579427086,0.125,0.08125,0.018224894205729165,0.010562133789062499,2,0.125,base
Blind harm,Procedure revision,510066,0.4367958577473958,0.0,0.045000000000000005,0.018204142252604166,0.010548095703125001,1,0.0,base
Blind harm,Procedure revision,510067,0.4042191569010416,0.08333333333333333,0.07750000000000001,0.018280843098958333,0.010562133789062502,2,0.08333333333333333,base
Blind harm,Procedure revision,510068,0.4567281087239583,0.0,0.025000000000000005,0.018271891276041664,0.010555419921875002,2,0.0,base
Blind harm,Procedure revision,510069,0.3967706298828125,0.16666666666666666,0.085,0.0182293701171875,0.0105487060546875,2,0.16666666666666666,base
Blind harm,Procedure revision,510070,0.42060180664062496,0.125,0.061250000000000006,0.018148193359375002,0.010545857747395833,1,0.125,base
Blind harm,Procedure revision,510071,0.40553243001302075,0.125,0.07625000000000001,0.018217569986979168,0.010545857747395833,1,0.125,base
Blind harm,Procedure revision,510072,0.3593265787760416,0.25,0.12250000000000001,0.018173421223958333,0.010546468098958333,2,0.25,base
Blind harm,Procedure revision,510073,0.4467386881510416,0.0,0.03500000000000001,0.018261311848958336,0.010562744140625002,3,0.0,base
Blind harm,Procedure revision,510074,0.40046691894531244,0.125,0.08125000000000002,0.0182830810546875,0.010562133789062502,2,0.125,base
Blind harm,Procedure revision,510075,0.3805682373046874,0.125,0.10125000000000002,0.018181762695312503,0.010554809570312502,1,0.125,base
Blind harm,Procedure revision,510076,0.4055877685546874,0.125,0.07625000000000001,0.0181622314453125,0.010559895833333333,2,0.125,base
Blind harm,Procedure revision,510077,0.3742795817057291,0.25,0.1075,0.018220418294270836,0.010559895833333334,2,0.25,base
Blind harm,Procedure revision,510078,0.4142840576171875,0.08333333333333333,0.0675,0.0182159423828125,0.010559895833333334,2,0.08333333333333333,base
Blind harm,Procedure revision,510079,0.4079730224609374,0.041666666666666664,0.07375000000000002,0.0182769775390625,0.010571695963541667,3,0.041666666666666664,base
Blind harm,Procedure revision,510080,0.4042281087239583,0.08333333333333333,0.07750000000000001,0.018271891276041667,0.010557657877604168,2,0.08333333333333333,base
Blind harm,Procedure revision,510081,0.39925882975260407,0.08333333333333333,0.08250000000000002,0.018241170247395834,0.010556030273437501,3,0.08333333333333333,base
Blind harm,Procedure revision,510082,0.4117572021484374,0.16666666666666666,0.07000000000000002,0.0182427978515625,0.010562133789062502,2,0.16666666666666666,base
Blind harm,Procedure revision,510083,0.44172810872395835,0.0,0.04000000000000001,0.018271891276041664,0.010553181966145833,2,0.0,base
Blind harm,Procedure revision,510084,0.3193137613932291,0.4166666666666667,0.16250000000000006,0.018186238606770835,0.010559285481770835,1,0.4166666666666667,base
Blind harm,Procedure revision,510085,0.44171915690104163,0.0,0.04000000000000001,0.018280843098958336,0.010559895833333334,2,0.0,base
Blind harm,Procedure revision,510086,0.4267639160156249,0.0,0.055000000000000014,0.018236083984375002,0.0105487060546875,2,0.0,base
Blind harm,Procedure revision,510087,0.4429870605468749,0.041666666666666664,0.03875,0.018262939453124998,0.010557657877604168,2,0.041666666666666664,base
Blind harm,Procedure revision,510088,0.37801167805989583,0.20833333333333334,0.10375000000000001,0.018238321940104166,0.010557657877604168,2,0.20833333333333334,base
Blind harm,Procedure revision,510089,0.4179720052083333,0.041666666666666664,0.06375000000000001,0.018277994791666665,0.010543619791666667,1,0.041666666666666664,base
Blind harm,Procedure revision,510090,0.41926330566406245,0.08333333333333333,0.06250000000000001,0.0182366943359375,0.010556030273437501,3,0.08333333333333333,base
Blind harm,Procedure revision,510091,0.4367734781901041,0.0,0.045000000000000005,0.018226521809895833,0.010545857747395837,1,0.0,base
Blind harm,Procedure revision,510092,0.44679361979166665,0.0,0.03500000000000001,0.018206380208333334,0.010550333658854168,1,0.0,base
Blind harm,Procedure revision,510093,0.4379915364583333,0.041666666666666664,0.04375000000000001,0.01825846354166667,0.010557657877604168,2,0.041666666666666664,base
Blind harm,Procedure revision,510094,0.4367789713541666,0.0,0.045000000000000005,0.018221028645833335,0.0105694580078125,3,0.0,base
Blind harm,Procedure revision,510095,0.41426167805989583,0.08333333333333333,0.06750000000000002,0.018238321940104166,0.010557657877604168,2,0.08333333333333333,base
Blind harm,Procedure revision,510096,0.44799987792968743,0.041666666666666664,0.03375,0.018250122070312503,0.010567220052083335,3,0.041666666666666664,base
Blind harm,Procedure revision,510097,0.39056315104166667,0.125,0.09125000000000001,0.01818684895833334,0.010564371744791669,2,0.125,base
Blind harm,Procedure revision,510098,0.4467281087239583,0.0,0.035,0.018271891276041664,0.010559895833333334,2,0.0,base
Blind harm,Procedure revision,510099,0.3905356852213542,0.125,0.09125000000000001,0.018214314778645834,0.010560506184895832,3,0.125,base
Blind harm,Procedure revision,510100,0.4430692545572916,0.041666666666666664,0.03875000000000001,0.018180745442708337,0.010553792317708333,3,0.041666666666666664,base
Blind harm,Procedure revision,510101,0.4230312093098958,0.041666666666666664,0.058750000000000004,0.018218790690104167,0.010560506184895834,3,0.041666666666666664,base
Blind harm,Procedure revision,510102,0.43173868815104166,0.0,0.05000000000000001,0.018261311848958333,0.010571695963541669,3,0.0,base
Blind harm,Procedure revision,510103,0.45176615397135417,0.0,0.03000000000000001,0.01823384602864583,0.010553181966145833,2,0.0,base
Blind harm,Procedure revision,510104,0.37677673339843737,0.16666666666666666,0.10500000000000002,0.0182232666015625,0.010562744140625002,3,0.16666666666666666,base
Blind harm,Procedure revision,510105,0.4317063395182292,0.0,0.05000000000000001,0.01829366048177083,0.010559285481770833,1,0.0,base
Blind harm,Procedure revision,510106,0.37675435384114575,0.16666666666666666,0.10500000000000002,0.018245646158854167,0.010564982096354168,3,0.16666666666666666,base
Blind harm,Procedure revision,510107,0.43428914388020834,0.08333333333333333,0.04750000000000001,0.01821085611979167,0.010559285481770833,1,0.08333333333333333,base
Blind harm,Procedure revision,510108,0.43176391601562497,0.0,0.05000000000000001,0.018236083984375002,0.010559895833333333,2,0.0,base
Blind harm,Procedure revision,510109,0.3830586751302083,0.20833333333333334,0.09875,0.018191324869791668,0.010564371744791667,2,0.20833333333333334,base
Blind harm,Procedure revision,510110,0.43171854654947905,0.0,0.05000000000000001,0.018281453450520836,0.010560506184895834,3,0.0,base
Blind harm,Procedure revision,510111,0.40548482259114577,0.125,0.07625000000000003,0.01826517740885417,0.010566609700520833,2,0.125,base
Blind harm,Procedure revision,510112,0.4192527262369791,0.08333333333333333,0.06250000000000001,0.018247273763020832,0.010557657877604168,2,0.08333333333333333,base
Blind harm,Procedure revision,510113,0.4243400065104166,0.08333333333333333,0.0575,0.018159993489583335,0.010550944010416669,2,0.08333333333333333,base
Blind harm,Procedure revision,510114,0.4417594401041666,0.0,0.04000000000000001,0.018240559895833335,0.010553181966145833,2,0.0,base
Blind harm,Procedure revision,510115,0.40546529134114584,0.125,0.07625000000000003,0.018284708658854166,0.010550333658854168,1,0.125,base
Blind harm,Procedure revision,510116,0.45674987792968746,0.0,0.025000000000000005,0.0182501220703125,0.010558268229166667,3,0.0,base
Blind harm,Procedure revision,510117,0.37676167805989574,0.16666666666666666,0.10500000000000002,0.01823832194010417,0.010557657877604168,2,0.16666666666666666,base
Blind harm,Procedure revision,510118,0.4417409261067708,0.0,0.04000000000000001,0.01825907389322917,0.010567220052083335,3,0.0,base
Blind harm,Procedure revision,510119,0.4567460123697917,0.0,0.025000000000000005,0.018253987630208333,0.010559895833333334,2,0.0,base
Blind harm,Procedure revision,510120,0.4517274983723958,0.0,0.03000000000000001,0.018272501627604167,0.010567220052083335,3,0.0,base
Blind harm,Procedure revision,510121,0.44796305338541664,0.041666666666666664,0.03375000000000001,0.01828694661458333,0.010552571614583334,1,0.041666666666666664,base
Blind harm,Procedure revision,510122,0.39679239908854164,0.16666666666666666,0.085,0.018207600911458333,0.010556030273437501,3,0.16666666666666666,base
Blind harm,Procedure revision,510123,0.37801676432291664,0.20833333333333334,0.10375000000000001,0.01823323567708333,0.010552571614583334,1,0.20833333333333334,base
Blind harm,Procedure revision,510124,0.4267639160156249,0.0,0.055000000000000014,0.018236083984375002,0.010555419921874998,2,0.0,base
Blind harm,Procedure revision,510125,0.3918355305989583,0.16666666666666666,0.09000000000000001,0.018164469401041668,0.010541992187500002,2,0.16666666666666666,base
Blind harm,Procedure revision,510126,0.3918182373046874,0.16666666666666666,0.09000000000000001,0.018181762695312503,0.010554809570312502,1,0.16666666666666666,base
Blind harm,Procedure revision,510127,0.43297363281249995,0.041666666666666664,0.04875000000000001,0.018276367187500003,0.01056884765625,2,0.041666666666666664,base
Blind harm,Procedure revision,510128,0.4142655436197917,0.08333333333333333,0.06750000000000002,0.018234456380208333,0.0105694580078125,3,0.08333333333333333,base
Blind harm,Procedure revision,510129,0.4229663085937499,0.041666666666666664,0.05875000000000002,0.01828369140625,0.010567220052083335,3,0.041666666666666664,base
Blind harm,Procedure revision,510130,0.4205267333984375,0.125,0.061250000000000006,0.0182232666015625,0.010560506184895834,3,0.125,base
Blind harm,Procedure revision,510131,0.40925720214843747,0.08333333333333333,0.07250000000000001,0.0182427978515625,0.010562133789062502,2,0.08333333333333333,base
Blind harm,Procedure revision,510132,0.4005094401041666,0.125,0.08125,0.018240559895833335,0.010559895833333333,2,0.125,base
Blind harm,Procedure revision,510133,0.4517348225911458,0.0,0.03000000000000001,0.018265177408854166,0.010555419921875002,2,0.0,base
Blind harm,Procedure revision,510134,0.4105021158854167,0.125,0.07125000000000001,0.01824788411458333,0.010567220052083335,3,0.125,base
Blind harm,Procedure revision,510135,0.42300944010416663,0.041666666666666664,0.058750000000000004,0.018240559895833335,0.010553181966145833,2,0.041666666666666664,base
Blind harm,Procedure revision,510136,0.36301228841145833,0.20833333333333334,0.11875000000000002,0.018237711588541667,0.010557047526041669,1,0.20833333333333334,base
Blind harm,Procedure revision,510137,0.4279842122395832,0.041666666666666664,0.05375,0.018265787760416666,0.010556030273437501,3,0.041666666666666664,base
Blind harm,Procedure revision,510138,0.39052897135416664,0.125,0.09125000000000001,0.018221028645833335,0.010556030273437501,3,0.125,base
Blind harm,Procedure revision,510139,0.3755727132161457,0.125,0.10625000000000001,0.018177286783854166,0.010550333658854168,1,0.125,base
Blind harm,Procedure revision,510140,0.41046529134114573,0.125,0.07125000000000002,0.018284708658854166,0.010550333658854168,1,0.125,base
Blind harm,Procedure revision,510141,0.4417130533854166,0.0,0.04000000000000001,0.01828694661458333,0.010552571614583334,1,0.0,base
Blind harm,Procedure revision,510142,0.46175272623697916,0.0,0.020000000000000004,0.018247273763020832,0.010557657877604168,2,0.0,base
Blind harm,Procedure revision,510143,0.3730289713541666,0.20833333333333334,0.10875000000000003,0.018221028645833335,0.0105694580078125,3,0.20833333333333334,base
Blind harm,Procedure revision,510144,0.345533447265625,0.2916666666666667,0.13625,0.018216552734375,0.010560506184895834,3,0.2916666666666667,base
Blind harm,Procedure revision,510145,0.43302571614583335,0.041666666666666664,0.048750000000000016,0.018224283854166665,0.010554809570312502,1,0.041666666666666664,base
Blind harm,Procedure revision,510146,0.30062479654947916,0.4583333333333333,0.18125000000000005,0.018125203450520832,0.010551961263020833,0,0.4583333333333333,base
Blind harm,Procedure revision,510147,0.35181538899739584,0.16666666666666666,0.13000000000000003,0.01818461100260417,0.010557657877604166,2,0.16666666666666666,base
Blind harm,Procedure revision,510148,0.42300720214843746,0.041666666666666664,0.05875000000000002,0.018242797851562503,0.010557657877604168,2,0.041666666666666664,base
Blind harm,Procedure revision,510149,0.38681315104166664,0.16666666666666666,0.09500000000000001,0.018186848958333335,0.010559895833333333,2,0.16666666666666666,base
Blind harm,Procedure revision,510150,0.4205267333984375,0.125,0.06125000000000002,0.0182232666015625,0.010560506184895832,3,0.125,base
Blind harm,Procedure revision,510151,0.42921305338541665,0.08333333333333333,0.05250000000000001,0.01828694661458333,0.010552571614583334,1,0.08333333333333333,base
Blind harm,Procedure revision,510152,0.40423929850260415,0.08333333333333333,0.07750000000000001,0.018260701497395834,0.010550944010416667,2,0.08333333333333333,base
Blind harm,Procedure revision,510153,0.41803914388020824,0.041666666666666664,0.06375000000000001,0.01821085611979167,0.010548095703125001,1,0.041666666666666664,base
Blind harm,Procedure revision,510154,0.42059448242187497,0.125,0.061250000000000006,0.018155517578125,0.010553181966145833,2,0.125,base
Blind harm,Procedure revision,510155,0.45675720214843746,0.0,0.025000000000000005,0.0182427978515625,0.010557657877604168,2,0.0,base
Blind harm,Procedure revision,510156,0.43425944010416667,0.08333333333333333,0.04750000000000001,0.01824055989583333,0.010555419921875002,2,0.08333333333333333,base
Blind harm,Procedure revision,510157,0.42799377441406244,0.041666666666666664,0.05375,0.0182562255859375,0.010564371744791667,2,0.041666666666666664,base
Blind harm,Procedure revision,510158,0.4267130533854166,0.0,0.055000000000000014,0.01828694661458333,0.010552571614583334,1,0.0,base
Blind harm,Procedure revision,510159,0.39926900227864576,0.08333333333333333,0.08250000000000002,0.018230997721354166,0.010550333658854168,1,0.08333333333333333,base
Blind harm,Procedure revision,510160,0.3406270345052083,0.2916666666666667,0.14125000000000004,0.018122965494791667,0.010549723307291668,0,0.2916666666666667,base
Blind harm,Procedure revision,510161,0.42422200520833325,0.08333333333333333,0.057500000000000016,0.018277994791666665,0.010543619791666669,1,0.08333333333333333,base
Blind harm,Procedure revision,510162,0.39306538899739585,0.20833333333333334,0.08875000000000001,0.01818461100260417,0.010557657877604168,2,0.20833333333333334,base
Blind harm,Procedure revision,510163,0.35055196126302085,0.2916666666666667,0.13125,0.01819803873697917,0.010571085611979168,2,0.2916666666666667,base
Blind harm,Procedure revision,510164,0.41923645019531247,0.08333333333333333,0.06250000000000001,0.0182635498046875,0.010564982096354167,3,0.08333333333333333,base
Blind harm,Procedure revision,510165,0.4179630533854166,0.041666666666666664,0.06375000000000001,0.01828694661458333,0.010552571614583334,1,0.041666666666666664,base
Blind harm,Procedure revision,510166,0.4005391438802082,0.125,0.08125,0.018210856119791664,0.010552571614583334,1,0.125,base
Blind harm,Procedure revision,510167,0.3493198649088542,0.25,0.1325,0.018180135091145837,0.010553181966145833,2,0.25,base
Blind harm,Procedure revision,510168,0.4105116780598958,0.125,0.07125000000000001,0.018238321940104166,0.010553181966145833,2,0.125,base
Blind harm,Procedure revision,510169,0.4230653889973957,0.041666666666666664,0.058750000000000004,0.018184611002604167,0.010555419921875002,2,0.041666666666666664,base
Blind harm,Procedure revision,510170,0.4429697672526041,0.041666666666666664,0.03875000000000001,0.018280232747395833,0.010545857747395837,1,0.041666666666666664,base
Blind harm,Procedure revision,510171,0.4467734781901041,0.0,0.03500000000000001,0.018226521809895833,0.010545857747395833,1,0.0,base
Blind harm,Procedure revision,510172,0.4067974853515625,0.16666666666666666,0.07500000000000001,0.0182025146484375,0.010546468098958336,2,0.16666666666666666,base
Blind harm,Procedure revision,510173,0.4430391438802083,0.041666666666666664,0.03875000000000001,0.01821085611979167,0.010554809570312502,1,0.041666666666666664,base
Blind harm,Procedure revision,510174,0.3867879231770832,0.16666666666666666,0.09500000000000001,0.018212076822916666,0.010562744140625002,3,0.16666666666666666,base
Blind harm,Procedure revision,510175,0.40181254069010414,0.16666666666666666,0.08000000000000002,0.018187459309895834,0.010558268229166667,3,0.16666666666666666,base
Blind harm,Procedure revision,510176,0.38679687499999993,0.16666666666666666,0.09500000000000001,0.018203125,0.010560506184895832,3,0.16666666666666666,base
Blind harm,Procedure revision,510177,0.3780743408203125,0.20833333333333334,0.10375000000000001,0.0181756591796875,0.0105487060546875,2,0.20833333333333334,base
Blind harm,Procedure revision,510178,0.4243064371744792,0.08333333333333333,0.0575,0.01819356282552084,0.010562133789062499,2,0.08333333333333333,base
Blind harm,Procedure revision,510179,0.45672526041666667,0.0,0.025000000000000005,0.018274739583333335,0.010562744140625002,3,0.0,base
Blind harm,Procedure revision,510180,0.4279982503255207,0.041666666666666664,0.05375000000000001,0.018251749674479168,0.010564371744791667,2,0.041666666666666664,base
Blind harm,Procedure revision,510181,0.4417185465494791,0.0,0.04000000000000001,0.018281453450520832,0.010569458007812503,3,0.0,base
Blind harm,Procedure revision,510182,0.4105133056640624,0.125,0.07125000000000001,0.0182366943359375,0.010556030273437501,3,0.125,base
Blind harm,Procedure revision,510183,0.424298095703125,0.08333333333333333,0.057500000000000016,0.018201904296874998,0.010552571614583334,1,0.08333333333333333,base
Blind harm,Procedure revision,510184,0.4142879231770833,0.08333333333333333,0.0675,0.01821207682291667,0.010562744140625002,3,0.08333333333333333,base
Blind harm,Procedure revision,510185,0.4330183919270833,0.041666666666666664,0.048750000000000016,0.018231608072916666,0.010553181966145833,2,0.041666666666666664,base
Blind harm,Procedure revision,510186,0.4342521158854166,0.08333333333333333,0.04750000000000001,0.018247884114583335,0.010556030273437501,3,0.08333333333333333,base
Blind harm,Procedure revision,510187,0.41927897135416664,0.08333333333333333,0.06250000000000001,0.018221028645833335,0.010564982096354167,3,0.08333333333333333,base
Blind harm,Procedure revision,510188,0.4430301920572916,0.041666666666666664,0.03875,0.018219807942708333,0.010565999348958334,1,0.041666666666666664,base
Blind harm,Procedure revision,510189,0.4380139160156249,0.041666666666666664,0.04375000000000001,0.018236083984375002,0.010562133789062499,2,0.041666666666666664,base
Blind harm,Procedure revision,510190,0.3643137613932292,0.25,0.11750000000000001,0.018186238606770835,0.010552571614583334,1,0.25,base
Blind harm,Procedure revision,510191,0.40427673339843745,0.08333333333333333,0.07750000000000001,0.0182232666015625,0.0105694580078125,3,0.08333333333333333,base
Blind harm,Procedure revision,510192,0.36807942708333324,0.20833333333333334,0.11375000000000002,0.01817057291666667,0.010543619791666667,1,0.20833333333333334,base
Blind harm,Procedure revision,510193,0.37803568522135417,0.20833333333333334,0.10375000000000002,0.018214314778645834,0.010556030273437501,3,0.20833333333333334,base
Blind harm,Procedure revision,510194,0.39551330566406245,0.125,0.08625000000000001,0.018236694335937498,0.010576171875,3,0.125,base
Blind harm,Procedure revision,510195,0.41800048828124997,0.041666666666666664,0.06375000000000001,0.01824951171875,0.010562133789062502,2,0.041666666666666664,base
Blind harm,Procedure revision,510196,0.3768153889973958,0.16666666666666666,0.10500000000000002,0.018184611002604167,0.010557657877604168,2,0.16666666666666666,base
Blind harm,Procedure revision,510197,0.3780922444661458,0.20833333333333334,0.10375000000000001,0.01815775553385417,0.010546468098958333,2,0.20833333333333334,base
Blind harm,Procedure revision,510198,0.35930257161458323,0.25,0.12250000000000001,0.01819742838541667,0.010554809570312499,1,0.25,base
Blind harm,Procedure revision,510199,0.39680419921875004,0.16666666666666666,0.085,0.01819580078125,0.010559895833333334,2,0.16666666666666666,base
Blind harm,Procedure revision,510200,0.3918377685546875,0.16666666666666666,0.09000000000000001,0.0181622314453125,0.010557657877604168,2,0.16666666666666666,base
Blind harm,Procedure revision,510201,0.41801391601562493,0.041666666666666664,0.06375000000000001,0.018236083984375002,0.010559895833333333,2,0.041666666666666664,base
Blind harm,Procedure revision,510202,0.449271240234375,0.08333333333333333,0.03250000000000001,0.018228759765625,0.010552571614583334,1,0.08333333333333333,base
Blind harm,Procedure revision,510203,0.4054848225911458,0.125,0.07625000000000001,0.018265177408854166,0.010557657877604168,2,0.125,base
Blind harm,Procedure revision,510204,0.4567258707682291,0.0,0.025000000000000005,0.018274129231770835,0.010562133789062502,2,0.0,base
Blind harm,Procedure revision,510205,0.3992460123697916,0.08333333333333333,0.0825,0.018253987630208333,0.0105487060546875,2,0.08333333333333333,base
Blind harm,Procedure revision,510206,0.40052897135416665,0.125,0.08125000000000002,0.018221028645833335,0.010567220052083333,3,0.125,base
Blind harm,Procedure revision,510207,0.43796630859374996,0.041666666666666664,0.04375000000000001,0.01828369140625,0.010564982096354167,3,0.041666666666666664,base
Blind harm,Procedure revision,510208,0.38803792317708324,0.20833333333333334,0.09375,0.01821207682291667,0.010562744140625002,3,0.20833333333333334,base
Blind harm,Procedure revision,510209,0.4180749511718749,0.041666666666666664,0.06375000000000001,0.018175048828125002,0.010543619791666667,1,0.041666666666666664,base
Blind harm,Procedure revision,510210,0.4142824300130208,0.08333333333333333,0.0675,0.018217569986979168,0.010548095703125001,1,0.08333333333333333,base
Blind harm,Procedure revision,510211,0.37931538899739586,0.25,0.10250000000000002,0.018184611002604167,0.010557657877604168,2,0.25,base
Blind harm,Procedure revision,510212,0.4180301920572916,0.041666666666666664,0.06375000000000001,0.018219807942708333,0.010550333658854168,1,0.041666666666666664,base
Blind harm,Procedure revision,510213,0.4267767333984375,0.0,0.055000000000000014,0.0182232666015625,0.010562744140625002,3,0.0,base
Blind harm,Procedure revision,510214,0.43428568522135413,0.08333333333333333,0.04750000000000001,0.018214314778645834,0.010553792317708333,3,0.08333333333333333,base
Blind harm,Procedure revision,510215,0.40054239908854167,0.125,0.08125000000000002,0.018207600911458333,0.0105694580078125,3,0.125,base
Blind harm,Procedure revision,510216,0.4467683919270833,0.0,0.035,0.01823160807291667,0.010553181966145833,2,0.0,base
Blind harm,Procedure revision,510217,0.41296305338541667,0.041666666666666664,0.06875000000000002,0.01828694661458333,0.010552571614583334,1,0.041666666666666664,base
Blind harm,Procedure revision,510218,0.44674601236979167,0.0,0.03500000000000001,0.018253987630208333,0.010559895833333334,2,0.0,base
Blind harm,Procedure revision,510219,0.4329870605468749,0.041666666666666664,0.048750000000000016,0.018262939453124998,0.010557657877604168,2,0.041666666666666664,base
Blind harm,Procedure revision,510220,0.4430049641927083,0.041666666666666664,0.03875000000000001,0.018245035807291667,0.010564371744791667,2,0.041666666666666664,base
Blind harm,Procedure revision,510221,0.41052897135416666,0.125,0.07125000000000001,0.01822102864583333,0.010556030273437501,3,0.125,base
Blind harm,Procedure revision,510222,0.4230324300130208,0.041666666666666664,0.058750000000000004,0.01821756998697917,0.010563761393229168,1,0.041666666666666664,base
Blind harm,Procedure revision,510223,0.44303690592447914,0.041666666666666664,0.03875000000000001,0.018213094075520835,0.010559285481770833,1,0.041666666666666664,base
Blind harm,Procedure revision,510224,0.43299377441406245,0.041666666666666664,0.048750000000000016,0.018256225585937497,0.010555419921874998,2,0.041666666666666664,base
Blind harm,Procedure revision,510225,0.3530340576171875,0.20833333333333334,0.12875000000000003,0.0182159423828125,0.010557657877604168,2,0.20833333333333334,base
Blind harm,Procedure revision,510226,0.4467236328125,0.0,0.035,0.0182763671875,0.010566609700520835,2,0.0,base
Blind harm,Procedure revision,510227,0.3930430094401041,0.20833333333333334,0.08875000000000001,0.018206990559895834,0.010562133789062499,2,0.20833333333333334,base
Blind harm,Procedure revision,510228,0.4317108154296874,0.0,0.05000000000000001,0.018289184570312502,0.010554809570312502,1,0.0,base
Blind harm,Procedure revision,510229,0.4242521158854166,0.08333333333333333,0.057500000000000016,0.018247884114583335,0.010562744140625002,3,0.08333333333333333,base
Blind harm,Procedure revision,510230,0.4430273437499999,0.041666666666666664,0.03875000000000001,0.01822265625,0.010546468098958336,2,0.041666666666666664,base
Blind harm,Procedure revision,510231,0.4292639160156249,0.08333333333333333,0.05250000000000001,0.018236083984375,0.010555419921874998,2,0.08333333333333333,base
Blind harm,Procedure revision,510232,0.4479982503255208,0.041666666666666664,0.03375000000000001,0.018251749674479168,0.010562133789062502,2,0.041666666666666664,base
Blind harm,Procedure revision,510233,0.43429809570312505,0.08333333333333333,0.04750000000000001,0.018201904296875,0.010552571614583334,1,0.08333333333333333,base
Blind harm,Procedure revision,510234,0.4180161539713541,0.041666666666666664,0.06375000000000001,0.018233846028645837,0.010553181966145833,2,0.041666666666666664,base
Blind harm,Procedure revision,510235,0.41798929850260413,0.041666666666666664,0.06375000000000001,0.018260701497395834,0.010557657877604168,2,0.041666666666666664,base
Blind harm,Procedure revision,510236,0.42172810872395833,0.0,0.06000000000000002,0.018271891276041667,0.010559895833333333,2,0.0,base
Blind harm,Procedure revision,510237,0.44175720214843744,0.0,0.04000000000000001,0.018242797851562503,0.010555419921874998,2,0.0,base
Blind harm,Procedure revision,510238,0.3542677815755208,0.25,0.12750000000000003,0.018232218424479165,0.010571695963541667,3,0.25,base
Blind harm,Procedure revision,510239,0.3767454020182291,0.16666666666666666,0.10500000000000002,0.018254597981770836,0.010562744140625002,3,0.16666666666666666,base
Blind harm,Procedure revision,510240,0.3643176269531249,0.25,0.11750000000000001,0.018182373046875002,0.010555419921875002,2,0.25,base
Blind harm,Procedure revision,510241,0.4255289713541666,0.125,0.05625,0.018221028645833335,0.010567220052083333,3,0.125,base
Blind harm,Procedure revision,510242,0.3767834472656249,0.16666666666666666,0.10500000000000002,0.018216552734375002,0.010564982096354168,3,0.16666666666666666,base
Blind harm,Procedure revision,510243,0.3817773437499999,0.16666666666666666,0.10000000000000002,0.01822265625,0.010559895833333333,2,0.16666666666666666,base
Blind harm,Procedure revision,510244,0.4067974853515624,0.16666666666666666,0.07500000000000001,0.0182025146484375,0.010550944010416667,2,0.16666666666666666,base
Blind harm,Procedure revision,510245,0.38680358886718746,0.16666666666666666,0.09500000000000001,0.0181964111328125,0.010560506184895834,3,0.16666666666666666,base
Blind harm,Procedure revision,510246,0.4205167643229166,0.125,0.061250000000000006,0.018233235677083338,0.010552571614583334,1,0.125,base
Blind harm,Procedure revision,510247,0.36926330566406246,0.25,0.1125,0.018236694335937498,0.010571695963541667,3,0.25,base
Blind harm,Procedure revision,510248,0.44298482259114574,0.041666666666666664,0.03875000000000001,0.018265177408854166,0.010555419921875002,2,0.041666666666666664,base
Blind harm,Procedure revision,510249,0.4367392985026041,0.0,0.04500000000000001,0.018260701497395834,0.010557657877604168,2,0.0,base
Blind harm,Procedure revision,510250,0.40181538899739583,0.16666666666666666,0.08000000000000002,0.01818461100260417,0.010557657877604166,2,0.16666666666666666,base
Blind harm,Procedure revision,510251,0.4330161539713541,0.041666666666666664,0.048750000000000016,0.018233846028645834,0.010550944010416667,2,0.041666666666666664,base
Blind harm,Procedure revision,510252,0.4417130533854166,0.0,0.04000000000000001,0.01828694661458333,0.010552571614583334,1,0.0,base
Blind harm,Procedure revision,510253,0.4180244954427083,0.041666666666666664,0.06375000000000001,0.01822550455729167,0.010567220052083335,3,0.041666666666666664,base
Blind harm,Procedure revision,510254,0.4367454020182291,0.0,0.04500000000000001,0.018254597981770832,0.010567220052083333,3,0.0,base
Blind harm,Procedure revision,510255,0.43672363281249993,0.0,0.04500000000000001,0.0182763671875,0.010559895833333334,2,0.0,base
Blind harm,Freeze after first revision,510000,0.44999247233072914,0.041666666666666664,0.03875000000000001,0.011257527669270831,0.0035231526692708335,1,0.041666666666666664,base
Blind harm,Freeze after first revision,510001,0.42504618326822907,0.041666666666666664,0.06375000000000001,0.011203816731770835,0.003520914713541667,1,0.041666666666666664,base
Blind harm,Freeze after first revision,510002,0.32266316731770833,0.4583333333333333,0.16625000000000004,0.011086832682291667,0.0035135904947916664,0,0.4583333333333333,base
Blind harm,Freeze after first revision,510003,0.4537424723307291,0.0,0.035,0.011257527669270831,0.0035231526692708335,1,0.0,base
Blind harm,Freeze after first revision,510004,0.43133646647135415,0.08333333333333333,0.057500000000000016,0.011163533528645832,0.0035164388020833335,1,0.08333333333333333,base
Blind harm,Freeze after first revision,510005,0.4637424723307291,0.0,0.025000000000000005,0.011257527669270831,0.0035231526692708335,1,0.0,base
Blind harm,Freeze after first revision,510006,0.4449924723307291,0.041666666666666664,0.04375000000000001,0.011257527669270831,0.0035231526692708335,1,0.041666666666666664,base
Blind harm,Freeze after first revision,510007,0.4438140869140625,0.0,0.045000000000000005,0.011185913085937499,0.003520914713541667,1,0.0,base
Blind harm,Freeze after first revision,510008,0.43999471028645826,0.041666666666666664,0.048750000000000016,0.011255289713541667,0.003520914713541667,1,0.041666666666666664,base
Blind harm,Freeze after first revision,510009,0.4388252766927083,0.0,0.05000000000000001,0.011174723307291667,0.0035186767578125,1,0.0,base
Blind harm,Freeze after first revision,510010,0.37516092936197915,0.20833333333333334,0.11375000000000002,0.011089070638020832,0.003515828450520834,0,0.20833333333333334,base
Blind harm,Freeze after first revision,510011,0.4312984212239583,0.08333333333333333,0.057500000000000016,0.011201578776041665,0.003525390625,1,0.08333333333333333,base
Blind harm,Freeze after first revision,510012,0.33515645345052086,0.375,0.15375000000000003,0.011093546549479166,0.003520304361979167,0,0.375,base
Blind harm,Freeze after first revision,510013,0.44499471028645826,0.041666666666666664,0.04375000000000001,0.011255289713541667,0.003520914713541667,1,0.041666666666666664,base
Blind harm,Freeze after first revision,510014,0.4338208007812499,0.0,0.055000000000000014,0.01117919921875,0.0035231526692708335,1,0.0,base
Blind harm,Freeze after first revision,510015,0.45880961100260415,0.0,0.03000000000000001,0.011190388997395833,0.0035231526692708335,1,0.0,base
Blind harm,Freeze after first revision,510016,0.4588096110026041,0.0,0.03000000000000001,0.011190388997395833,0.003520914713541667,1,0.0,base
Blind harm,Freeze after first revision,510017,0.4350528971354166,0.041666666666666664,0.05375,0.011197102864583334,0.0035231526692708335,1,0.041666666666666664,base
Blind harm,Freeze after first revision,510018,0.43999023437499996,0.041666666666666664,0.04875000000000001,0.011259765625000001,0.003525390625,1,0.041666666666666664,base
Blind harm,Freeze after first revision,510019,0.3564086914062499,0.25,0.13250000000000003,0.011091308593750002,0.0035180664062500005,0,0.25,base
Blind harm,Freeze after first revision,510020,0.43007751464843746,0.041666666666666664,0.05875000000000002,0.011172485351562499,0.0035231526692708335,1,0.041666666666666664,base
Blind harm,Freeze after first revision,510021,0.3214198811848958,0.4166666666666667,0.16750000000000007,0.011080118815104166,0.003506876627604167,0,0.4166666666666667,base
Blind harm,Freeze after first revision,510022,0.4637491861979166,0.0,0.025000000000000005,0.011250813802083334,0.0035164388020833335,1,0.0,base
Blind harm,Freeze after first revision,510023,0.4063185628255208,0.08333333333333333,0.08250000000000002,0.011181437174479168,0.003520914713541667,1,0.08333333333333333,base
Blind harm,Freeze after first revision,510024,0.42624247233072915,0.08333333333333333,0.06250000000000001,0.011257527669270831,0.0035231526692708335,1,0.08333333333333333,base
Blind harm,Freeze after first revision,510025,0.4300618489583334,0.041666666666666664,0.058750000000000004,0.011188151041666665,0.003520914713541667,1,0.041666666666666664,base
Blind harm,Freeze after first revision,510026,0.4337424723307291,0.0,0.055000000000000014,0.011257527669270831,0.0035231526692708335,1,0.0,base
Blind harm,Freeze after first revision,510027,0.44873799641927076,0.0,0.04000000000000001,0.011262003580729166,0.003527628580729167,1,0.0,base
Blind harm,Freeze after first revision,510028,0.3864131673177083,0.25,0.10250000000000002,0.011086832682291667,0.0035135904947916664,0,0.25,base
Blind harm,Freeze after first revision,510029,0.4488163248697916,0.0,0.04000000000000001,0.011183675130208333,0.003520914713541667,1,0.0,base
Blind harm,Freeze after first revision,510030,0.42248799641927076,0.125,0.06625000000000002,0.011262003580729166,0.003527628580729167,1,0.125,base
Blind harm,Freeze after first revision,510031,0.4587447102864583,0.0,0.03000000000000001,0.011255289713541667,0.003520914713541667,1,0.0,base
Blind harm,Freeze after first revision,510032,0.4600775146484375,0.041666666666666664,0.028750000000000008,0.011172485351562502,0.0035164388020833335,1,0.041666666666666664,base
Blind harm,Freeze after first revision,510033,0.32766092936197916,0.4583333333333333,0.16125000000000003,0.011089070638020832,0.003515828450520834,0,0.4583333333333333,base
Blind harm,Freeze after first revision,510034,0.4437424723307291,0.0,0.04500000000000001,0.011257527669270831,0.0035231526692708335,1,0.0,base
Blind harm,Freeze after first revision,510035,0.44124918619791664,0.08333333333333333,0.04750000000000001,0.011250813802083334,0.0035164388020833335,1,0.08333333333333333,base
Blind harm,Freeze after first revision,510036,0.4488118489583333,0.0,0.04000000000000001,0.011188151041666669,0.0035186767578125,1,0.0,base
Blind harm,Freeze after first revision,510037,0.45874918619791666,0.0,0.03000000000000001,0.011250813802083334,0.0035164388020833335,1,0.0,base
Blind harm,Freeze after first revision,510038,0.43624471028645834,0.08333333333333333,0.05250000000000001,0.011255289713541667,0.003520914713541667,1,0.08333333333333333,base
Blind harm,Freeze after first revision,510039,0.37265421549479166,0.2916666666666667,0.11625000000000003,0.011095784505208333,0.0035225423177083336,0,0.2916666666666667,base
Blind harm,Freeze after first revision,510040,0.4450685628255208,0.041666666666666664,0.043750000000000004,0.011181437174479164,0.003525390625,1,0.041666666666666664,base
Blind harm,Freeze after first revision,510041,0.4488208007812499,0.0,0.04000000000000001,0.01117919921875,0.003520914713541667,1,0.0,base
Blind harm,Freeze after first revision,510042,0.4299924723307291,0.041666666666666664,0.058750000000000004,0.011257527669270831,0.0035231526692708335,1,0.041666666666666664,base
Blind harm,Freeze after first revision,510043,0.4350618489583333,0.041666666666666664,0.05375,0.011188151041666665,0.003525390625,1,0.041666666666666664,base
Blind harm,Freeze after first revision,510044,0.4337514241536458,0.0,0.055000000000000014,0.01124857584635417,0.003514200846354167,1,0.0,base
Blind harm,Freeze after first revision,510045,0.4362469482421874,0.08333333333333333,0.0525,0.011253051757812499,0.0035186767578125,1,0.08333333333333333,base
Blind harm,Freeze after first revision,510046,0.4213252766927083,0.08333333333333333,0.06750000000000002,0.011174723307291667,0.0035186767578125,1,0.08333333333333333,base
Blind harm,Freeze after first revision,510047,0.4538140869140625,0.0,0.03500000000000001,0.011185913085937499,0.0035231526692708335,1,0.0,base
Blind harm,Freeze after first revision,510048,0.41249471028645823,0.125,0.07625000000000001,0.011255289713541667,0.003520914713541667,1,0.125,base
Blind harm,Freeze after first revision,510049,0.31265869140624997,0.4583333333333333,0.17625000000000002,0.011091308593750002,0.0035180664062500005,0,0.4583333333333333,base
Blind harm,Freeze after first revision,510050,0.3924924723307291,0.125,0.09625,0.011257527669270831,0.0035231526692708335,1,0.125,base
Blind harm,Freeze after first revision,510051,0.44375366210937495,0.0,0.04500000000000001,0.011246337890625,0.003511962890625,1,0.0,base
Blind harm,Freeze after first revision,510052,0.45380737304687496,0.0,0.03500000000000001,0.011192626953125001,0.0035231526692708335,1,0.0,base
Blind harm,Freeze after first revision,510053,0.4688252766927083,0.0,0.020000000000000004,0.011174723307291667,0.003514200846354167,1,0.0,base
Blind harm,Freeze after first revision,510054,0.43508646647135407,0.041666666666666664,0.05375,0.011163533528645833,0.003520914713541667,1,0.041666666666666664,base
Blind harm,Freeze after first revision,510055,0.44006632486979164,0.041666666666666664,0.04875000000000001,0.011183675130208334,0.003525390625,1,0.041666666666666664,base
Blind harm,Freeze after first revision,510056,0.4112491861979166,0.08333333333333333,0.07750000000000001,0.011250813802083334,0.0035164388020833335,1,0.08333333333333333,base
Blind harm,Freeze after first revision,510057,0.4300596110026041,0.041666666666666664,0.058750000000000004,0.011190388997395833,0.003520914713541667,1,0.041666666666666664,base
Blind harm,Freeze after first revision,510058,0.4449924723307291,0.041666666666666664,0.04375000000000001,0.011257527669270831,0.0035231526692708335,1,0.041666666666666664,base
Blind harm,Freeze after first revision,510059,0.44381632486979167,0.0,0.045000000000000005,0.011183675130208334,0.0035231526692708335,1,0.0,base
Blind harm,Freeze after first revision,510060,0.45006408691406247,0.041666666666666664,0.03875000000000001,0.0111859130859375,0.003520914713541667,1,0.041666666666666664,base
Blind harm,Freeze after first revision,510061,0.4174947102864583,0.125,0.07125000000000001,0.011255289713541667,0.003520914713541667,1,0.125,base
Blind harm,Freeze after first revision,510062,0.4199924723307291,0.041666666666666664,0.06875000000000002,0.011257527669270831,0.0035231526692708335,1,0.041666666666666664,base
Blind harm,Freeze after first revision,510063,0.4299969482421875,0.041666666666666664,0.058750000000000004,0.011253051757812499,0.0035186767578125,1,0.041666666666666664,base
Blind harm,Freeze after first revision,510064,0.4299924723307291,0.041666666666666664,0.05875000000000002,0.011257527669270831,0.0035231526692708335,1,0.041666666666666664,base
Blind harm,Freeze after first revision,510065,0.3639109293619791,0.3333333333333333,0.12500000000000003,0.011089070638020832,0.003515828450520834,0,0.3333333333333333,base
Blind harm,Freeze after first revision,510066,0.44382080078125,0.0,0.045000000000000005,0.01117919921875,0.0035231526692708335,1,0.0,base
Blind harm,Freeze after first revision,510067,0.41629618326822904,0.08333333333333333,0.07250000000000001,0.011203816731770835,0.003520914713541667,1,0.08333333333333333,base
Blind harm,Freeze after first revision,510068,0.46374694824218743,0.0,0.025000000000000005,0.011253051757812499,0.0035186767578125,1,0.0,base
Blind harm,Freeze after first revision,510069,0.4537469482421875,0.0,0.03500000000000001,0.011253051757812499,0.0035186767578125,1,0.0,base
Blind harm,Freeze after first revision,510070,0.38516316731770833,0.20833333333333334,0.10375000000000001,0.011086832682291667,0.0035135904947916664,0,0.20833333333333334,base
Blind harm,Freeze after first revision,510071,0.4125618489583333,0.125,0.07625000000000001,0.011188151041666669,0.0035164388020833335,1,0.125,base
Blind harm,Freeze after first revision,510072,0.43374918619791664,0.0,0.055000000000000014,0.011250813802083334,0.0035164388020833335,1,0.0,base
Blind harm,Freeze after first revision,510073,0.44874694824218747,0.0,0.04000000000000001,0.011253051757812499,0.0035186767578125,1,0.0,base
Blind harm,Freeze after first revision,510074,0.4212961832682291,0.08333333333333333,0.06750000000000002,0.011203816731770835,0.003525390625,1,0.08333333333333333,base
Blind harm,Freeze after first revision,510075,0.3526609293619791,0.2916666666666667,0.13625,0.011089070638020832,0.003515828450520834,0,0.2916666666666667,base
Blind harm,Freeze after first revision,510076,0.38516316731770833,0.20833333333333334,0.10375000000000001,0.011086832682291667,0.0035135904947916664,0,0.20833333333333334,base
Blind harm,Freeze after first revision,510077,0.34390869140624997,0.3333333333333333,0.14500000000000002,0.011091308593750002,0.0035180664062500005,0,0.3333333333333333,base
Blind harm,Freeze after first revision,510078,0.34391092936197915,0.3333333333333333,0.14500000000000005,0.011089070638020832,0.003515828450520834,0,0.3333333333333333,base
Blind harm,Freeze after first revision,510079,0.41499247233072917,0.041666666666666664,0.07375000000000002,0.011257527669270831,0.0035231526692708335,1,0.041666666666666664,base
Blind harm,Freeze after first revision,510080,0.4112469482421875,0.08333333333333333,0.07750000000000001,0.011253051757812499,0.0035186767578125,1,0.08333333333333333,base
Blind harm,Freeze after first revision,510081,0.4063118489583333,0.08333333333333333,0.08250000000000002,0.011188151041666669,0.003520914713541667,1,0.08333333333333333,base
Blind harm,Freeze after first revision,510082,0.45999247233072915,0.041666666666666664,0.028750000000000008,0.011257527669270831,0.0035231526692708335,1,0.041666666666666664,base
Blind harm,Freeze after first revision,510083,0.4487447102864583,0.0,0.04000000000000001,0.011255289713541667,0.003520914713541667,1,0.0,base
Blind harm,Freeze after first revision,510084,0.3176564534505208,0.4583333333333333,0.17125000000000004,0.011093546549479166,0.003520304361979167,0,0.4583333333333333,base
Blind harm,Freeze after first revision,510085,0.4487424723307291,0.0,0.04000000000000001,0.011257527669270831,0.0035231526692708335,1,0.0,base
Blind harm,Freeze after first revision,510086,0.43883422851562487,0.0,0.05000000000000001,0.011165771484375002,0.003514200846354167,1,0.0,base
Blind harm,Freeze after first revision,510087,0.4499991861979167,0.041666666666666664,0.03875,0.011250813802083334,0.0035164388020833335,1,0.041666666666666664,base
Blind harm,Freeze after first revision,510088,0.44499471028645826,0.041666666666666664,0.04375000000000001,0.011255289713541667,0.003520914713541667,1,0.041666666666666664,base
Blind harm,Freeze after first revision,510089,0.4249991861979166,0.041666666666666664,0.06375000000000001,0.011250813802083334,0.0035164388020833335,1,0.041666666666666664,base
Blind harm,Freeze after first revision,510090,0.44499694824218744,0.041666666666666664,0.04375000000000001,0.011253051757812499,0.0035186767578125,1,0.041666666666666664,base
Blind harm,Freeze after first revision,510091,0.3451609293619791,0.375,0.14375000000000004,0.011089070638020832,0.003515828450520834,0,0.375,base
Blind harm,Freeze after first revision,510092,0.4538208007812499,0.0,0.03500000000000001,0.01117919921875,0.0035231526692708335,1,0.0,base
Blind harm,Freeze after first revision,510093,0.4450439453124999,0.041666666666666664,0.04375000000000001,0.0112060546875,0.0035231526692708335,1,0.041666666666666664,base
Blind harm,Freeze after first revision,510094,0.43998799641927083,0.041666666666666664,0.048750000000000016,0.011262003580729166,0.003527628580729167,1,0.041666666666666664,base
Blind harm,Freeze after first revision,510095,0.43124471028645833,0.08333333333333333,0.057500000000000016,0.011255289713541667,0.003520914713541667,1,0.08333333333333333,base
Blind harm,Freeze after first revision,510096,0.4550596110026041,0.041666666666666664,0.03375,0.011190388997395833,0.0035231526692708335,1,0.041666666666666664,base
Blind harm,Freeze after first revision,510097,0.43883422851562504,0.0,0.05000000000000001,0.011165771484374998,0.003520914713541667,1,0.0,base
Blind harm,Freeze after first revision,510098,0.45380513509114584,0.0,0.035,0.011194864908854166,0.0035231526692708335,1,0.0,base
Blind harm,Freeze after first revision,510099,0.4299969482421875,0.041666666666666664,0.05875000000000002,0.011253051757812499,0.0035186767578125,1,0.041666666666666664,base
Blind harm,Freeze after first revision,510100,0.4300819905598958,0.041666666666666664,0.058750000000000004,0.011168009440104166,0.003514200846354167,1,0.041666666666666664,base
Blind harm,Freeze after first revision,510101,0.45882303873697916,0.0,0.03000000000000001,0.011176961263020833,0.0035186767578125,1,0.0,base
Blind harm,Freeze after first revision,510102,0.4388096110026041,0.0,0.05000000000000001,0.011190388997395833,0.003527628580729167,1,0.0,base
Blind harm,Freeze after first revision,510103,0.4537447102864583,0.0,0.03500000000000001,0.011255289713541667,0.003520914713541667,1,0.0,base
Blind harm,Freeze after first revision,510104,0.4200014241536458,0.041666666666666664,0.06875000000000002,0.01124857584635417,0.003514200846354167,1,0.041666666666666664,base
Blind harm,Freeze after first revision,510105,0.4387447102864583,0.0,0.05000000000000001,0.011255289713541667,0.003520914713541667,1,0.0,base
Blind harm,Freeze after first revision,510106,0.41124471028645826,0.08333333333333333,0.07750000000000001,0.011255289713541667,0.003520914713541667,1,0.08333333333333333,base
Blind harm,Freeze after first revision,510107,0.4413230387369791,0.08333333333333333,0.04750000000000001,0.011176961263020833,0.003525390625,1,0.08333333333333333,base
Blind harm,Freeze after first revision,510108,0.4438364664713541,0.0,0.045000000000000005,0.011163533528645833,0.0035164388020833335,1,0.0,base
Blind harm,Freeze after first revision,510109,0.39882080078124993,0.16666666666666666,0.09000000000000001,0.01117919921875,0.003520914713541667,1,0.16666666666666666,base
Blind harm,Freeze after first revision,510110,0.43874918619791664,0.0,0.05000000000000001,0.011250813802083334,0.0035164388020833335,1,0.0,base
Blind harm,Freeze after first revision,510111,0.41249471028645823,0.125,0.07625000000000003,0.011255289713541667,0.003520914713541667,1,0.125,base
Blind harm,Freeze after first revision,510112,0.43624247233072916,0.08333333333333333,0.05250000000000001,0.011257527669270831,0.0035231526692708335,1,0.08333333333333333,base
Blind harm,Freeze after first revision,510113,0.46881856282552087,0.0,0.020000000000000004,0.011181437174479168,0.003514200846354167,1,0.0,base
Blind harm,Freeze after first revision,510114,0.45382751464843746,0.0,0.03500000000000001,0.011172485351562499,0.003520914713541667,1,0.0,base
Blind harm,Freeze after first revision,510115,0.4124991861979166,0.125,0.07625000000000003,0.011250813802083334,0.0035164388020833335,1,0.125,base
Blind harm,Freeze after first revision,510116,0.46381856282552086,0.0,0.025000000000000005,0.011181437174479164,0.0035164388020833335,1,0.0,base
Blind harm,Freeze after first revision,510117,0.41874471028645827,0.0,0.07000000000000002,0.011255289713541667,0.003520914713541667,1,0.0,base
Blind harm,Freeze after first revision,510118,0.4488051350911458,0.0,0.04000000000000001,0.011194864908854166,0.0035231526692708335,1,0.0,base
Blind harm,Freeze after first revision,510119,0.4538230387369791,0.0,0.035,0.011176961263020833,0.003525390625,1,0.0,base
Blind harm,Freeze after first revision,510120,0.4587447102864583,0.0,0.03000000000000001,0.011255289713541667,0.003520914713541667,1,0.0,base
Blind harm,Freeze after first revision,510121,0.45499694824218745,0.041666666666666664,0.03375000000000001,0.011253051757812499,0.0035186767578125,1,0.041666666666666664,base
Blind harm,Freeze after first revision,510122,0.4213297526041666,0.08333333333333333,0.06750000000000002,0.011170247395833333,0.0035186767578125,1,0.08333333333333333,base
Blind harm,Freeze after first revision,510123,0.3564086914062499,0.25,0.13250000000000003,0.011091308593750002,0.0035180664062500005,0,0.25,base
Blind harm,Freeze after first revision,510124,0.4338297526041666,0.0,0.055000000000000014,0.011170247395833333,0.0035231526692708335,1,0.0,base
Blind harm,Freeze after first revision,510125,0.4400775146484374,0.041666666666666664,0.048750000000000016,0.011172485351562502,0.0035164388020833335,1,0.041666666666666664,base
Blind harm,Freeze after first revision,510126,0.35391092936197915,0.3333333333333333,0.135,0.011089070638020832,0.003515828450520834,0,0.3333333333333333,base
Blind harm,Freeze after first revision,510127,0.43506632486979163,0.041666666666666664,0.05375000000000001,0.011183675130208334,0.003525390625,1,0.041666666666666664,base
Blind harm,Freeze after first revision,510128,0.4125484212239583,0.125,0.07625000000000001,0.011201578776041665,0.0035231526692708335,1,0.125,base
Blind harm,Freeze after first revision,510129,0.4299924723307291,0.041666666666666664,0.05875000000000002,0.011257527669270831,0.0035231526692708335,1,0.041666666666666664,base
Blind harm,Freeze after first revision,510130,0.4450461832682291,0.041666666666666664,0.04375000000000001,0.011203816731770832,0.003520914713541667,1,0.041666666666666664,base
Blind harm,Freeze after first revision,510131,0.4487447102864583,0.0,0.04000000000000001,0.011255289713541667,0.003520914713541667,1,0.0,base
Blind harm,Freeze after first revision,510132,0.41249471028645823,0.125,0.07625000000000003,0.011255289713541667,0.003520914713541667,1,0.125,base
Blind harm,Freeze after first revision,510133,0.4588275146484375,0.0,0.03000000000000001,0.011172485351562499,0.003520914713541667,1,0.0,base
Blind harm,Freeze after first revision,510134,0.4537447102864583,0.0,0.03500000000000001,0.011255289713541667,0.003520914713541667,1,0.0,base
Blind harm,Freeze after first revision,510135,0.4300596110026041,0.041666666666666664,0.058750000000000004,0.011190388997395833,0.0035231526692708335,1,0.041666666666666664,base
Blind harm,Freeze after first revision,510136,0.35265869140624995,0.2916666666666667,0.13625,0.011091308593750002,0.0035180664062500005,0,0.2916666666666667,base
Blind harm,Freeze after first revision,510137,0.43499471028645836,0.041666666666666664,0.05375,0.011255289713541667,0.003520914713541667,1,0.041666666666666664,base
Blind harm,Freeze after first revision,510138,0.42131184895833335,0.08333333333333333,0.0675,0.011188151041666669,0.003514200846354167,1,0.08333333333333333,base
Blind harm,Freeze after first revision,510139,0.36891092936197917,0.16666666666666666,0.12000000000000001,0.011089070638020832,0.003515828450520834,0,0.16666666666666666,base
Blind harm,Freeze after first revision,510140,0.4174924723307291,0.125,0.07125000000000002,0.011257527669270831,0.0035231526692708335,1,0.125,base
Blind harm,Freeze after first revision,510141,0.4487447102864583,0.0,0.04000000000000001,0.011255289713541667,0.003520914713541667,1,0.0,base
Blind harm,Freeze after first revision,510142,0.46881632486979163,0.0,0.020000000000000004,0.011183675130208334,0.0035164388020833335,1,0.0,base
Blind harm,Freeze after first revision,510143,0.42624471028645833,0.08333333333333333,0.06250000000000001,0.011255289713541667,0.003520914713541667,1,0.08333333333333333,base
Blind harm,Freeze after first revision,510144,0.39249918619791657,0.125,0.09625000000000002,0.011250813802083334,0.0035164388020833335,1,0.125,base
Blind harm,Freeze after first revision,510145,0.4400618489583333,0.041666666666666664,0.048750000000000016,0.011188151041666665,0.0035186767578125,1,0.041666666666666664,base
Blind harm,Freeze after first revision,510146,0.30765869140624996,0.4583333333333333,0.18125000000000005,0.011091308593750002,0.0035180664062500005,0,0.4583333333333333,base
Blind harm,Freeze after first revision,510147,0.40749694824218746,0.125,0.08125,0.011253051757812499,0.0035186767578125,1,0.125,base
Blind harm,Freeze after first revision,510148,0.4299924723307291,0.041666666666666664,0.05875000000000002,0.011257527669270831,0.0035231526692708335,1,0.041666666666666664,base
Blind harm,Freeze after first revision,510149,0.33890869140625,0.3333333333333333,0.15000000000000002,0.011091308593750002,0.0035180664062500005,0,0.3333333333333333,base
Blind harm,Freeze after first revision,510150,0.44624247233072917,0.08333333333333333,0.04250000000000001,0.011257527669270831,0.0035231526692708335,1,0.08333333333333333,base
Blind harm,Freeze after first revision,510151,0.43624247233072916,0.08333333333333333,0.05250000000000001,0.011257527669270831,0.0035231526692708335,1,0.08333333333333333,base
Blind harm,Freeze after first revision,510152,0.4062469482421875,0.08333333333333333,0.08250000000000002,0.011253051757812499,0.0035186767578125,1,0.08333333333333333,base
Blind harm,Freeze after first revision,510153,0.4250663248697916,0.041666666666666664,0.06375000000000001,0.011183675130208334,0.003520914713541667,1,0.041666666666666664,base
Blind harm,Freeze after first revision,510154,0.39015869140625004,0.20833333333333334,0.09875,0.011091308593750002,0.0035180664062500005,0,0.20833333333333334,base
Blind harm,Freeze after first revision,510155,0.4638140869140625,0.0,0.025000000000000005,0.011185913085937499,0.0035231526692708335,1,0.0,base
Blind harm,Freeze after first revision,510156,0.44130513509114583,0.08333333333333333,0.04750000000000001,0.011194864908854166,0.003525390625,1,0.08333333333333333,base
Blind harm,Freeze after first revision,510157,0.4287424723307291,0.0,0.06000000000000002,0.011257527669270831,0.0035231526692708335,1,0.0,base
Blind harm,Freeze after first revision,510158,0.4337447102864583,0.0,0.055000000000000014,0.011255289713541667,0.003520914713541667,1,0.0,base
Blind harm,Freeze after first revision,510159,0.3976609293619792,0.125,0.09125000000000001,0.011089070638020832,0.003515828450520834,0,0.125,base
Blind harm,Freeze after first revision,510160,0.3476609293619792,0.2916666666666667,0.14125000000000004,0.011089070638020832,0.003515828450520834,0,0.2916666666666667,base
Blind harm,Freeze after first revision,510161,0.431253662109375,0.08333333333333333,0.057500000000000016,0.011246337890625,0.003511962890625,1,0.08333333333333333,base
Blind harm,Freeze after first revision,510162,0.42624023437499997,0.08333333333333333,0.0625,0.011259765625000001,0.003525390625,1,0.08333333333333333,base
Blind harm,Freeze after first revision,510163,0.43498799641927083,0.041666666666666664,0.05375000000000001,0.011262003580729166,0.003527628580729167,1,0.041666666666666664,base
Blind harm,Freeze after first revision,510164,0.42630065917968746,0.08333333333333333,0.06250000000000001,0.0111993408203125,0.0035164388020833335,1,0.08333333333333333,base
Blind harm,Freeze after first revision,510165,0.42499247233072907,0.041666666666666664,0.06375000000000001,0.011257527669270831,0.0035231526692708335,1,0.041666666666666664,base
Blind harm,Freeze after first revision,510166,0.4075685628255208,0.125,0.08125,0.011181437174479168,0.0035231526692708335,1,0.125,base
Blind harm,Freeze after first revision,510167,0.43499694824218754,0.041666666666666664,0.05375000000000001,0.011253051757812499,0.0035186767578125,1,0.041666666666666664,base
Blind harm,Freeze after first revision,510168,0.4175685628255208,0.125,0.07125000000000001,0.011181437174479164,0.0035186767578125,1,0.125,base
Blind harm,Freeze after first revision,510169,0.43381632486979155,0.0,0.055000000000000014,0.011183675130208334,0.003520914713541667,1,0.0,base
Blind harm,Freeze after first revision,510170,0.45000366210937504,0.041666666666666664,0.03875000000000001,0.011246337890625,0.003511962890625,1,0.041666666666666664,base
Blind harm,Freeze after first revision,510171,0.4089131673177084,0.16666666666666666,0.08000000000000002,0.011086832682291667,0.0035135904947916664,0,0.16666666666666666,base
Blind harm,Freeze after first revision,510172,0.3126676432291666,0.4583333333333333,0.17625000000000002,0.011082356770833334,0.0035091145833333337,0,0.4583333333333333,base
Blind harm,Freeze after first revision,510173,0.4500730387369791,0.041666666666666664,0.03875000000000001,0.011176961263020833,0.003520914713541667,1,0.041666666666666664,base
Blind harm,Freeze after first revision,510174,0.42999023437499995,0.041666666666666664,0.058750000000000004,0.011259765625000001,0.003525390625,1,0.041666666666666664,base
Blind harm,Freeze after first revision,510175,0.44007080078125,0.041666666666666664,0.048750000000000016,0.01117919921875,0.003520914713541667,1,0.041666666666666664,base
Blind harm,Freeze after first revision,510176,0.43005289713541667,0.041666666666666664,0.05875000000000002,0.01119710286458333,0.0035186767578125,1,0.041666666666666664,base
Blind harm,Freeze after first revision,510177,0.4224969482421875,0.125,0.06625000000000002,0.011253051757812499,0.0035186767578125,1,0.125,base
Blind harm,Freeze after first revision,510178,0.44505961100260416,0.041666666666666664,0.04375000000000001,0.011190388997395833,0.003525390625,1,0.041666666666666664,base
Blind harm,Freeze after first revision,510179,0.45874471028645836,0.0,0.03000000000000001,0.011255289713541667,0.003520914713541667,1,0.0,base
Blind harm,Freeze after first revision,510180,0.44007080078125,0.041666666666666664,0.048750000000000016,0.01117919921875,0.003525390625,1,0.041666666666666664,base
Blind harm,Freeze after first revision,510181,0.4437424723307291,0.0,0.04500000000000001,0.011257527669270831,0.0035231526692708335,1,0.0,base
Blind harm,Freeze after first revision,510182,0.4499991861979167,0.041666666666666664,0.03875,0.011250813802083334,0.0035164388020833335,1,0.041666666666666664,base
Blind harm,Freeze after first revision,510183,0.4313319905598958,0.08333333333333333,0.057500000000000016,0.011168009440104166,0.0035186767578125,1,0.08333333333333333,base
Blind harm,Freeze after first revision,510184,0.43374694824218746,0.0,0.055000000000000014,0.011253051757812499,0.0035186767578125,1,0.0,base
Blind harm,Freeze after first revision,510185,0.42999918619791666,0.041666666666666664,0.058750000000000004,0.011250813802083334,0.0035164388020833335,1,0.041666666666666664,base
Blind harm,Freeze after first revision,510186,0.4413163248697916,0.08333333333333333,0.04750000000000001,0.011183675130208334,0.003520914713541667,1,0.08333333333333333,base
Blind harm,Freeze after first revision,510187,0.44007527669270824,0.041666666666666664,0.04875000000000001,0.011174723307291667,0.0035164388020833335,1,0.041666666666666664,base
Blind harm,Freeze after first revision,510188,0.45006856282552077,0.041666666666666664,0.03875,0.011181437174479164,0.003527628580729167,1,0.041666666666666664,base
Blind harm,Freeze after first revision,510189,0.45509094238281245,0.041666666666666664,0.03375,0.0111590576171875,0.0035186767578125,1,0.041666666666666664,base
Blind harm,Freeze after first revision,510190,0.33015869140625,0.375,0.15875000000000003,0.011091308593750002,0.0035180664062500005,0,0.375,base
Blind harm,Freeze after first revision,510191,0.41624023437499996,0.08333333333333333,0.07250000000000001,0.011259765625000001,0.003525390625,1,0.08333333333333333,base
Blind harm,Freeze after first revision,510192,0.35641540527343746,0.25,0.13250000000000003,0.011084594726562499,0.0035113525390625,0,0.25,base
Blind harm,Freeze after first revision,510193,0.4299947102864583,0.041666666666666664,0.05875000000000002,0.011255289713541667,0.003520914713541667,1,0.041666666666666664,base
Blind harm,Freeze after first revision,510194,0.41631632486979164,0.08333333333333333,0.07250000000000001,0.011183675130208334,0.003520914713541667,1,0.08333333333333333,base
Blind harm,Freeze after first revision,510195,0.41130961100260405,0.08333333333333333,0.07750000000000001,0.011190388997395833,0.003520914713541667,1,0.08333333333333333,base
Blind harm,Freeze after first revision,510196,0.42499471028645824,0.041666666666666664,0.06375000000000001,0.011255289713541667,0.003520914713541667,1,0.041666666666666664,base
Blind harm,Freeze after first revision,510197,0.3764131673177083,0.25,0.1125,0.011086832682291667,0.0035135904947916664,0,0.25,base
Blind harm,Freeze after first revision,510198,0.35515869140625006,0.375,0.13375000000000004,0.011091308593750002,0.0035180664062500005,0,0.375,base
Blind harm,Freeze after first revision,510199,0.4588163248697916,0.0,0.03000000000000001,0.011183675130208334,0.0035231526692708335,1,0.0,base
Blind harm,Freeze after first revision,510200,0.37140869140625,0.25,0.11750000000000003,0.011091308593750002,0.0035180664062500005,0,0.25,base
Blind harm,Freeze after first revision,510201,0.4199969482421875,0.041666666666666664,0.06875000000000002,0.011253051757812499,0.0035186767578125,1,0.041666666666666664,base
Blind harm,Freeze after first revision,510202,0.4563028971354166,0.08333333333333333,0.03250000000000001,0.011197102864583334,0.003520914713541667,1,0.08333333333333333,base
Blind harm,Freeze after first revision,510203,0.41249471028645823,0.125,0.07625000000000001,0.011255289713541667,0.003520914713541667,1,0.125,base
Blind harm,Freeze after first revision,510204,0.4638051350911458,0.0,0.025000000000000005,0.011194864908854166,0.003520914713541667,1,0.0,base
Blind harm,Freeze after first revision,510205,0.40625142415364585,0.08333333333333333,0.0825,0.01124857584635417,0.003514200846354167,1,0.08333333333333333,base
Blind harm,Freeze after first revision,510206,0.4438140869140625,0.0,0.04500000000000001,0.011185913085937499,0.0035231526692708335,1,0.0,base
Blind harm,Freeze after first revision,510207,0.4399969482421875,0.041666666666666664,0.04875000000000001,0.011253051757812499,0.0035186767578125,1,0.041666666666666664,base
Blind harm,Freeze after first revision,510208,0.4487447102864583,0.0,0.04000000000000001,0.011255289713541667,0.003520914713541667,1,0.0,base
Blind harm,Freeze after first revision,510209,0.3764131673177083,0.25,0.1125,0.011086832682291667,0.0035135904947916664,0,0.25,base
Blind harm,Freeze after first revision,510210,0.42130961100260417,0.08333333333333333,0.0675,0.011190388997395833,0.003520914713541667,1,0.08333333333333333,base
Blind harm,Freeze after first revision,510211,0.4038185628255208,0.16666666666666666,0.085,0.011181437174479168,0.0035231526692708335,1,0.16666666666666666,base
Blind harm,Freeze after first revision,510212,0.4250618489583333,0.041666666666666664,0.06375000000000001,0.011188151041666665,0.0035186767578125,1,0.041666666666666664,base
Blind harm,Freeze after first revision,510213,0.42499471028645824,0.041666666666666664,0.06375000000000001,0.011255289713541667,0.003520914713541667,1,0.041666666666666664,base
Blind harm,Freeze after first revision,510214,0.45878723144531247,0.0,0.03000000000000001,0.0112127685546875,0.0035231526692708335,1,0.0,base
Blind harm,Freeze after first revision,510215,0.4450551350911458,0.041666666666666664,0.04375000000000001,0.011194864908854166,0.0035231526692708335,1,0.041666666666666664,base
Blind harm,Freeze after first revision,510216,0.4537447102864583,0.0,0.035,0.011255289713541667,0.003520914713541667,1,0.0,base
Blind harm,Freeze after first revision,510217,0.4199947102864583,0.041666666666666664,0.06875000000000002,0.011255289713541667,0.003520914713541667,1,0.041666666666666664,base
Blind harm,Freeze after first revision,510218,0.444990234375,0.041666666666666664,0.04375000000000001,0.011259765625000001,0.003525390625,1,0.041666666666666664,base
Blind harm,Freeze after first revision,510219,0.4399991861979166,0.041666666666666664,0.048750000000000016,0.011250813802083334,0.0035164388020833335,1,0.041666666666666664,base
Blind harm,Freeze after first revision,510220,0.45999247233072915,0.041666666666666664,0.028750000000000008,0.011257527669270831,0.0035231526692708335,1,0.041666666666666664,base
Blind harm,Freeze after first revision,510221,0.4313140869140624,0.08333333333333333,0.0575,0.011185913085937499,0.003514200846354167,1,0.08333333333333333,base
Blind harm,Freeze after first revision,510222,0.4300752766927083,0.041666666666666664,0.058750000000000004,0.011174723307291667,0.003520914713541667,1,0.041666666666666664,base
Blind harm,Freeze after first revision,510223,0.4500730387369791,0.041666666666666664,0.03875000000000001,0.011176961263020835,0.0035231526692708335,1,0.041666666666666664,base
Blind harm,Freeze after first revision,510224,0.44873799641927076,0.0,0.04000000000000001,0.011262003580729166,0.003527628580729167,1,0.0,base
Blind harm,Freeze after first revision,510225,0.3564086914062499,0.25,0.13250000000000003,0.011091308593750002,0.0035180664062500005,0,0.25,base
Blind harm,Freeze after first revision,510226,0.45373799641927076,0.0,0.035,0.011262003580729166,0.003527628580729167,1,0.0,base
Blind harm,Freeze after first revision,510227,0.34891316731770833,0.3333333333333333,0.14000000000000004,0.011086832682291667,0.0035135904947916664,0,0.3333333333333333,base
Blind harm,Freeze after first revision,510228,0.4387447102864583,0.0,0.05000000000000001,0.011255289713541667,0.003520914713541667,1,0.0,base
Blind harm,Freeze after first revision,510229,0.44506632486979164,0.041666666666666664,0.04375000000000001,0.011183675130208334,0.0035186767578125,1,0.041666666666666664,base
Blind harm,Freeze after first revision,510230,0.4500887044270833,0.041666666666666664,0.03875000000000001,0.011161295572916667,0.0035164388020833335,1,0.041666666666666664,base
Blind harm,Freeze after first revision,510231,0.4463297526041666,0.08333333333333333,0.04250000000000001,0.011170247395833333,0.0035186767578125,1,0.08333333333333333,base
Blind harm,Freeze after first revision,510232,0.45505065917968746,0.041666666666666664,0.03375000000000001,0.0111993408203125,0.0035231526692708335,1,0.041666666666666664,base
Blind harm,Freeze after first revision,510233,0.4413297526041667,0.08333333333333333,0.04750000000000001,0.011170247395833333,0.003520914713541667,1,0.08333333333333333,base
Blind harm,Freeze after first revision,510234,0.4487424723307291,0.0,0.04000000000000001,0.011257527669270831,0.0035231526692708335,1,0.0,base
Blind harm,Freeze after first revision,510235,0.4249969482421874,0.041666666666666664,0.06375000000000001,0.011253051757812499,0.0035186767578125,1,0.041666666666666664,base
Blind harm,Freeze after first revision,510236,0.4288140869140624,0.0,0.06000000000000002,0.011185913085937499,0.0035186767578125,1,0.0,base
Blind harm,Freeze after first revision,510237,0.44880961100260414,0.0,0.04000000000000001,0.011190388997395833,0.0035186767578125,1,0.0,base
Blind harm,Freeze after first revision,510238,0.3962447102864582,0.08333333333333333,0.09250000000000003,0.011255289713541667,0.003520914713541667,1,0.08333333333333333,base
Blind harm,Freeze after first revision,510239,0.39755961100260406,0.125,0.09125000000000001,0.011190388997395833,0.003520914713541667,1,0.125,base
Blind harm,Freeze after first revision,510240,0.43006184895833327,0.041666666666666664,0.058750000000000004,0.011188151041666669,0.003520914713541667,1,0.041666666666666664,base
Blind harm,Freeze after first revision,510241,0.4699991861979167,0.041666666666666664,0.018750000000000003,0.011250813802083334,0.0035164388020833335,1,0.041666666666666664,base
Blind harm,Freeze after first revision,510242,0.4113006591796875,0.08333333333333333,0.07750000000000001,0.0111993408203125,0.0035231526692708335,1,0.08333333333333333,base
Blind harm,Freeze after first revision,510243,0.3289064534505208,0.3333333333333333,0.16000000000000006,0.011093546549479166,0.003520304361979167,0,0.3333333333333333,base
Blind harm,Freeze after first revision,510244,0.3726631673177083,0.2916666666666667,0.11625000000000003,0.011086832682291667,0.0035135904947916664,0,0.2916666666666667,base
Blind harm,Freeze after first revision,510245,0.421307373046875,0.08333333333333333,0.06750000000000002,0.011192626953125,0.0035231526692708335,1,0.08333333333333333,base
Blind harm,Freeze after first revision,510246,0.3589109293619792,0.3333333333333333,0.13000000000000003,0.011089070638020832,0.003515828450520834,0,0.3333333333333333,base
Blind harm,Freeze after first revision,510247,0.4313051350911458,0.08333333333333333,0.057500000000000016,0.011194864908854166,0.0035231526692708335,1,0.08333333333333333,base
Blind harm,Freeze after first revision,510248,0.4500730387369791,0.041666666666666664,0.03875000000000001,0.011176961263020833,0.003520914713541667,1,0.041666666666666664,base
Blind harm,Freeze after first revision,510249,0.44882527669270833,0.0,0.04000000000000001,0.011174723307291667,0.0035231526692708335,1,0.0,base
Blind harm,Freeze after first revision,510250,0.4039131673177083,0.16666666666666666,0.08500000000000002,0.011086832682291667,0.0035135904947916664,0,0.16666666666666666,base
Blind harm,Freeze after first revision,510251,0.4399991861979166,0.041666666666666664,0.048750000000000016,0.011250813802083334,0.0035164388020833335,1,0.041666666666666664,base
Blind harm,Freeze after first revision,510252,0.44874918619791665,0.0,0.04000000000000001,0.011250813802083334,0.0035164388020833335,1,0.0,base
Blind harm,Freeze after first revision,510253,0.4200685628255208,0.041666666666666664,0.06875000000000002,0.011181437174479168,0.003520914713541667,1,0.041666666666666664,base
Blind harm,Freeze after first revision,510254,0.4438118489583333,0.0,0.04500000000000001,0.011188151041666669,0.0035231526692708335,1,0.0,base
Blind harm,Freeze after first revision,510255,0.43874471028645834,0.0,0.05000000000000001,0.011255289713541667,0.003520914713541667,1,0.0,base
Moving harm,Fixed workflow,510000,0.3799999999999999,0.0,0.12000000000000004,0.0,0.0,0,0.0,base
Moving harm,Fixed workflow,510001,0.3799999999999999,0.0,0.12000000000000004,0.0,0.0,0,0.0,base
Moving harm,Fixed workflow,510002,0.3799999999999999,0.0,0.12000000000000004,0.0,0.0,0,0.0,base
Moving harm,Fixed workflow,510003,0.3799999999999999,0.0,0.12000000000000004,0.0,0.0,0,0.0,base
Moving harm,Fixed workflow,510004,0.3799999999999999,0.0,0.12000000000000004,0.0,0.0,0,0.0,base
Moving harm,Fixed workflow,510005,0.3799999999999999,0.0,0.12000000000000004,0.0,0.0,0,0.0,base
Moving harm,Fixed workflow,510006,0.3799999999999999,0.0,0.12000000000000004,0.0,0.0,0,0.0,base
Moving harm,Fixed workflow,510007,0.3799999999999999,0.0,0.12000000000000004,0.0,0.0,0,0.0,base
Moving harm,Fixed workflow,510008,0.3799999999999999,0.0,0.12000000000000004,0.0,0.0,0,0.0,base
Moving harm,Fixed workflow,510009,0.3799999999999999,0.0,0.12000000000000004,0.0,0.0,0,0.0,base
Moving harm,Fixed workflow,510010,0.3799999999999999,0.0,0.12000000000000004,0.0,0.0,0,0.0,base
Moving harm,Fixed workflow,510011,0.3799999999999999,0.0,0.12000000000000004,0.0,0.0,0,0.0,base
Moving harm,Fixed workflow,510012,0.3799999999999999,0.0,0.12000000000000004,0.0,0.0,0,0.0,base
Moving harm,Fixed workflow,510013,0.3799999999999999,0.0,0.12000000000000004,0.0,0.0,0,0.0,base
Moving harm,Fixed workflow,510014,0.3799999999999999,0.0,0.12000000000000004,0.0,0.0,0,0.0,base
Moving harm,Fixed workflow,510015,0.3799999999999999,0.0,0.12000000000000004,0.0,0.0,0,0.0,base
Moving harm,Fixed workflow,510016,0.3799999999999999,0.0,0.12000000000000004,0.0,0.0,0,0.0,base
Moving harm,Fixed workflow,510017,0.3799999999999999,0.0,0.12000000000000004,0.0,0.0,0,0.0,base
Moving harm,Fixed workflow,510018,0.3799999999999999,0.0,0.12000000000000004,0.0,0.0,0,0.0,base
Moving harm,Fixed workflow,510019,0.3799999999999999,0.0,0.12000000000000004,0.0,0.0,0,0.0,base
Moving harm,Fixed workflow,510020,0.3799999999999999,0.0,0.12000000000000004,0.0,0.0,0,0.0,base
Moving harm,Fixed workflow,510021,0.3799999999999999,0.0,0.12000000000000004,0.0,0.0,0,0.0,base
Moving harm,Fixed workflow,510022,0.3799999999999999,0.0,0.12000000000000004,0.0,0.0,0,0.0,base
Moving harm,Fixed workflow,510023,0.3799999999999999,0.0,0.12000000000000004,0.0,0.0,0,0.0,base
Moving harm,Fixed workflow,510024,0.3799999999999999,0.0,0.12000000000000004,0.0,0.0,0,0.0,base
Moving harm,Fixed workflow,510025,0.3799999999999999,0.0,0.12000000000000004,0.0,0.0,0,0.0,base
Moving harm,Fixed workflow,510026,0.3799999999999999,0.0,0.12000000000000004,0.0,0.0,0,0.0,base
Moving harm,Fixed workflow,510027,0.3799999999999999,0.0,0.12000000000000004,0.0,0.0,0,0.0,base
Moving harm,Fixed workflow,510028,0.3799999999999999,0.0,0.12000000000000004,0.0,0.0,0,0.0,base
Moving harm,Fixed workflow,510029,0.3799999999999999,0.0,0.12000000000000004,0.0,0.0,0,0.0,base
Moving harm,Fixed workflow,510030,0.3799999999999999,0.0,0.12000000000000004,0.0,0.0,0,0.0,base
Moving harm,Fixed workflow,510031,0.3799999999999999,0.0,0.12000000000000004,0.0,0.0,0,0.0,base
Moving harm,Fixed workflow,510032,0.3799999999999999,0.0,0.12000000000000004,0.0,0.0,0,0.0,base
Moving harm,Fixed workflow,510033,0.3799999999999999,0.0,0.12000000000000004,0.0,0.0,0,0.0,base
Moving harm,Fixed workflow,510034,0.3799999999999999,0.0,0.12000000000000004,0.0,0.0,0,0.0,base
Moving harm,Fixed workflow,510035,0.3799999999999999,0.0,0.12000000000000004,0.0,0.0,0,0.0,base
Moving harm,Fixed workflow,510036,0.3799999999999999,0.0,0.12000000000000004,0.0,0.0,0,0.0,base
Moving harm,Fixed workflow,510037,0.3799999999999999,0.0,0.12000000000000004,0.0,0.0,0,0.0,base
Moving harm,Fixed workflow,510038,0.3799999999999999,0.0,0.12000000000000004,0.0,0.0,0,0.0,base
Moving harm,Fixed workflow,510039,0.3799999999999999,0.0,0.12000000000000004,0.0,0.0,0,0.0,base
Moving harm,Fixed workflow,510040,0.3799999999999999,0.0,0.12000000000000004,0.0,0.0,0,0.0,base
Moving harm,Fixed workflow,510041,0.3799999999999999,0.0,0.12000000000000004,0.0,0.0,0,0.0,base
Moving harm,Fixed workflow,510042,0.3799999999999999,0.0,0.12000000000000004,0.0,0.0,0,0.0,base
Moving harm,Fixed workflow,510043,0.3799999999999999,0.0,0.12000000000000004,0.0,0.0,0,0.0,base
Moving harm,Fixed workflow,510044,0.3799999999999999,0.0,0.12000000000000004,0.0,0.0,0,0.0,base
Moving harm,Fixed workflow,510045,0.3799999999999999,0.0,0.12000000000000004,0.0,0.0,0,0.0,base
Moving harm,Fixed workflow,510046,0.3799999999999999,0.0,0.12000000000000004,0.0,0.0,0,0.0,base
Moving harm,Fixed workflow,510047,0.3799999999999999,0.0,0.12000000000000004,0.0,0.0,0,0.0,base
Moving harm,Fixed workflow,510048,0.3799999999999999,0.0,0.12000000000000004,0.0,0.0,0,0.0,base
Moving harm,Fixed workflow,510049,0.3799999999999999,0.0,0.12000000000000004,0.0,0.0,0,0.0,base
Moving harm,Fixed workflow,510050,0.3799999999999999,0.0,0.12000000000000004,0.0,0.0,0,0.0,base
Moving harm,Fixed workflow,510051,0.3799999999999999,0.0,0.12000000000000004,0.0,0.0,0,0.0,base
Moving harm,Fixed workflow,510052,0.3799999999999999,0.0,0.12000000000000004,0.0,0.0,0,0.0,base
Moving harm,Fixed workflow,510053,0.3799999999999999,0.0,0.12000000000000004,0.0,0.0,0,0.0,base
Moving harm,Fixed workflow,510054,0.3799999999999999,0.0,0.12000000000000004,0.0,0.0,0,0.0,base
Moving harm,Fixed workflow,510055,0.3799999999999999,0.0,0.12000000000000004,0.0,0.0,0,0.0,base
Moving harm,Fixed workflow,510056,0.3799999999999999,0.0,0.12000000000000004,0.0,0.0,0,0.0,base
Moving harm,Fixed workflow,510057,0.3799999999999999,0.0,0.12000000000000004,0.0,0.0,0,0.0,base
Moving harm,Fixed workflow,510058,0.3799999999999999,0.0,0.12000000000000004,0.0,0.0,0,0.0,base
Moving harm,Fixed workflow,510059,0.3799999999999999,0.0,0.12000000000000004,0.0,0.0,0,0.0,base
Moving harm,Fixed workflow,510060,0.3799999999999999,0.0,0.12000000000000004,0.0,0.0,0,0.0,base
Moving harm,Fixed workflow,510061,0.3799999999999999,0.0,0.12000000000000004,0.0,0.0,0,0.0,base
Moving harm,Fixed workflow,510062,0.3799999999999999,0.0,0.12000000000000004,0.0,0.0,0,0.0,base
Moving harm,Fixed workflow,510063,0.3799999999999999,0.0,0.12000000000000004,0.0,0.0,0,0.0,base
Moving harm,Fixed workflow,510064,0.3799999999999999,0.0,0.12000000000000004,0.0,0.0,0,0.0,base
Moving harm,Fixed workflow,510065,0.3799999999999999,0.0,0.12000000000000004,0.0,0.0,0,0.0,base
Moving harm,Fixed workflow,510066,0.3799999999999999,0.0,0.12000000000000004,0.0,0.0,0,0.0,base
Moving harm,Fixed workflow,510067,0.3799999999999999,0.0,0.12000000000000004,0.0,0.0,0,0.0,base
Moving harm,Fixed workflow,510068,0.3799999999999999,0.0,0.12000000000000004,0.0,0.0,0,0.0,base
Moving harm,Fixed workflow,510069,0.3799999999999999,0.0,0.12000000000000004,0.0,0.0,0,0.0,base
Moving harm,Fixed workflow,510070,0.3799999999999999,0.0,0.12000000000000004,0.0,0.0,0,0.0,base
Moving harm,Fixed workflow,510071,0.3799999999999999,0.0,0.12000000000000004,0.0,0.0,0,0.0,base
Moving harm,Fixed workflow,510072,0.3799999999999999,0.0,0.12000000000000004,0.0,0.0,0,0.0,base
Moving harm,Fixed workflow,510073,0.3799999999999999,0.0,0.12000000000000004,0.0,0.0,0,0.0,base
Moving harm,Fixed workflow,510074,0.3799999999999999,0.0,0.12000000000000004,0.0,0.0,0,0.0,base
Moving harm,Fixed workflow,510075,0.3799999999999999,0.0,0.12000000000000004,0.0,0.0,0,0.0,base
Moving harm,Fixed workflow,510076,0.3799999999999999,0.0,0.12000000000000004,0.0,0.0,0,0.0,base
Moving harm,Fixed workflow,510077,0.3799999999999999,0.0,0.12000000000000004,0.0,0.0,0,0.0,base
Moving harm,Fixed workflow,510078,0.3799999999999999,0.0,0.12000000000000004,0.0,0.0,0,0.0,base
Moving harm,Fixed workflow,510079,0.3799999999999999,0.0,0.12000000000000004,0.0,0.0,0,0.0,base
Moving harm,Fixed workflow,510080,0.3799999999999999,0.0,0.12000000000000004,0.0,0.0,0,0.0,base
Moving harm,Fixed workflow,510081,0.3799999999999999,0.0,0.12000000000000004,0.0,0.0,0,0.0,base
Moving harm,Fixed workflow,510082,0.3799999999999999,0.0,0.12000000000000004,0.0,0.0,0,0.0,base
Moving harm,Fixed workflow,510083,0.3799999999999999,0.0,0.12000000000000004,0.0,0.0,0,0.0,base
Moving harm,Fixed workflow,510084,0.3799999999999999,0.0,0.12000000000000004,0.0,0.0,0,0.0,base
Moving harm,Fixed workflow,510085,0.3799999999999999,0.0,0.12000000000000004,0.0,0.0,0,0.0,base
Moving harm,Fixed workflow,510086,0.3799999999999999,0.0,0.12000000000000004,0.0,0.0,0,0.0,base
Moving harm,Fixed workflow,510087,0.3799999999999999,0.0,0.12000000000000004,0.0,0.0,0,0.0,base
Moving harm,Fixed workflow,510088,0.3799999999999999,0.0,0.12000000000000004,0.0,0.0,0,0.0,base
Moving harm,Fixed workflow,510089,0.3799999999999999,0.0,0.12000000000000004,0.0,0.0,0,0.0,base
Moving harm,Fixed workflow,510090,0.3799999999999999,0.0,0.12000000000000004,0.0,0.0,0,0.0,base
Moving harm,Fixed workflow,510091,0.3799999999999999,0.0,0.12000000000000004,0.0,0.0,0,0.0,base
Moving harm,Fixed workflow,510092,0.3799999999999999,0.0,0.12000000000000004,0.0,0.0,0,0.0,base
Moving harm,Fixed workflow,510093,0.3799999999999999,0.0,0.12000000000000004,0.0,0.0,0,0.0,base
Moving harm,Fixed workflow,510094,0.3799999999999999,0.0,0.12000000000000004,0.0,0.0,0,0.0,base
Moving harm,Fixed workflow,510095,0.3799999999999999,0.0,0.12000000000000004,0.0,0.0,0,0.0,base
Moving harm,Fixed workflow,510096,0.3799999999999999,0.0,0.12000000000000004,0.0,0.0,0,0.0,base
Moving harm,Fixed workflow,510097,0.3799999999999999,0.0,0.12000000000000004,0.0,0.0,0,0.0,base
Moving harm,Fixed workflow,510098,0.3799999999999999,0.0,0.12000000000000004,0.0,0.0,0,0.0,base
Moving harm,Fixed workflow,510099,0.3799999999999999,0.0,0.12000000000000004,0.0,0.0,0,0.0,base
Moving harm,Fixed workflow,510100,0.3799999999999999,0.0,0.12000000000000004,0.0,0.0,0,0.0,base
Moving harm,Fixed workflow,510101,0.3799999999999999,0.0,0.12000000000000004,0.0,0.0,0,0.0,base
Moving harm,Fixed workflow,510102,0.3799999999999999,0.0,0.12000000000000004,0.0,0.0,0,0.0,base
Moving harm,Fixed workflow,510103,0.3799999999999999,0.0,0.12000000000000004,0.0,0.0,0,0.0,base
Moving harm,Fixed workflow,510104,0.3799999999999999,0.0,0.12000000000000004,0.0,0.0,0,0.0,base
Moving harm,Fixed workflow,510105,0.3799999999999999,0.0,0.12000000000000004,0.0,0.0,0,0.0,base
Moving harm,Fixed workflow,510106,0.3799999999999999,0.0,0.12000000000000004,0.0,0.0,0,0.0,base
Moving harm,Fixed workflow,510107,0.3799999999999999,0.0,0.12000000000000004,0.0,0.0,0,0.0,base
Moving harm,Fixed workflow,510108,0.3799999999999999,0.0,0.12000000000000004,0.0,0.0,0,0.0,base
Moving harm,Fixed workflow,510109,0.3799999999999999,0.0,0.12000000000000004,0.0,0.0,0,0.0,base
Moving harm,Fixed workflow,510110,0.3799999999999999,0.0,0.12000000000000004,0.0,0.0,0,0.0,base
Moving harm,Fixed workflow,510111,0.3799999999999999,0.0,0.12000000000000004,0.0,0.0,0,0.0,base
Moving harm,Fixed workflow,510112,0.3799999999999999,0.0,0.12000000000000004,0.0,0.0,0,0.0,base
Moving harm,Fixed workflow,510113,0.3799999999999999,0.0,0.12000000000000004,0.0,0.0,0,0.0,base
Moving harm,Fixed workflow,510114,0.3799999999999999,0.0,0.12000000000000004,0.0,0.0,0,0.0,base
Moving harm,Fixed workflow,510115,0.3799999999999999,0.0,0.12000000000000004,0.0,0.0,0,0.0,base
Moving harm,Fixed workflow,510116,0.3799999999999999,0.0,0.12000000000000004,0.0,0.0,0,0.0,base
Moving harm,Fixed workflow,510117,0.3799999999999999,0.0,0.12000000000000004,0.0,0.0,0,0.0,base
Moving harm,Fixed workflow,510118,0.3799999999999999,0.0,0.12000000000000004,0.0,0.0,0,0.0,base
Moving harm,Fixed workflow,510119,0.3799999999999999,0.0,0.12000000000000004,0.0,0.0,0,0.0,base
Moving harm,Fixed workflow,510120,0.3799999999999999,0.0,0.12000000000000004,0.0,0.0,0,0.0,base
Moving harm,Fixed workflow,510121,0.3799999999999999,0.0,0.12000000000000004,0.0,0.0,0,0.0,base
Moving harm,Fixed workflow,510122,0.3799999999999999,0.0,0.12000000000000004,0.0,0.0,0,0.0,base
Moving harm,Fixed workflow,510123,0.3799999999999999,0.0,0.12000000000000004,0.0,0.0,0,0.0,base
Moving harm,Fixed workflow,510124,0.3799999999999999,0.0,0.12000000000000004,0.0,0.0,0,0.0,base
Moving harm,Fixed workflow,510125,0.3799999999999999,0.0,0.12000000000000004,0.0,0.0,0,0.0,base
Moving harm,Fixed workflow,510126,0.3799999999999999,0.0,0.12000000000000004,0.0,0.0,0,0.0,base
Moving harm,Fixed workflow,510127,0.3799999999999999,0.0,0.12000000000000004,0.0,0.0,0,0.0,base
Moving harm,Fixed workflow,510128,0.3799999999999999,0.0,0.12000000000000004,0.0,0.0,0,0.0,base
Moving harm,Fixed workflow,510129,0.3799999999999999,0.0,0.12000000000000004,0.0,0.0,0,0.0,base
Moving harm,Fixed workflow,510130,0.3799999999999999,0.0,0.12000000000000004,0.0,0.0,0,0.0,base
Moving harm,Fixed workflow,510131,0.3799999999999999,0.0,0.12000000000000004,0.0,0.0,0,0.0,base
Moving harm,Fixed workflow,510132,0.3799999999999999,0.0,0.12000000000000004,0.0,0.0,0,0.0,base
Moving harm,Fixed workflow,510133,0.3799999999999999,0.0,0.12000000000000004,0.0,0.0,0,0.0,base
Moving harm,Fixed workflow,510134,0.3799999999999999,0.0,0.12000000000000004,0.0,0.0,0,0.0,base
Moving harm,Fixed workflow,510135,0.3799999999999999,0.0,0.12000000000000004,0.0,0.0,0,0.0,base
Moving harm,Fixed workflow,510136,0.3799999999999999,0.0,0.12000000000000004,0.0,0.0,0,0.0,base
Moving harm,Fixed workflow,510137,0.3799999999999999,0.0,0.12000000000000004,0.0,0.0,0,0.0,base
Moving harm,Fixed workflow,510138,0.3799999999999999,0.0,0.12000000000000004,0.0,0.0,0,0.0,base
Moving harm,Fixed workflow,510139,0.3799999999999999,0.0,0.12000000000000004,0.0,0.0,0,0.0,base
Moving harm,Fixed workflow,510140,0.3799999999999999,0.0,0.12000000000000004,0.0,0.0,0,0.0,base
Moving harm,Fixed workflow,510141,0.3799999999999999,0.0,0.12000000000000004,0.0,0.0,0,0.0,base
Moving harm,Fixed workflow,510142,0.3799999999999999,0.0,0.12000000000000004,0.0,0.0,0,0.0,base
Moving harm,Fixed workflow,510143,0.3799999999999999,0.0,0.12000000000000004,0.0,0.0,0,0.0,base
Moving harm,Fixed workflow,510144,0.3799999999999999,0.0,0.12000000000000004,0.0,0.0,0,0.0,base
Moving harm,Fixed workflow,510145,0.3799999999999999,0.0,0.12000000000000004,0.0,0.0,0,0.0,base
Moving harm,Fixed workflow,510146,0.3799999999999999,0.0,0.12000000000000004,0.0,0.0,0,0.0,base
Moving harm,Fixed workflow,510147,0.3799999999999999,0.0,0.12000000000000004,0.0,0.0,0,0.0,base
Moving harm,Fixed workflow,510148,0.3799999999999999,0.0,0.12000000000000004,0.0,0.0,0,0.0,base
Moving harm,Fixed workflow,510149,0.3799999999999999,0.0,0.12000000000000004,0.0,0.0,0,0.0,base
Moving harm,Fixed workflow,510150,0.3799999999999999,0.0,0.12000000000000004,0.0,0.0,0,0.0,base
Moving harm,Fixed workflow,510151,0.3799999999999999,0.0,0.12000000000000004,0.0,0.0,0,0.0,base
Moving harm,Fixed workflow,510152,0.3799999999999999,0.0,0.12000000000000004,0.0,0.0,0,0.0,base
Moving harm,Fixed workflow,510153,0.3799999999999999,0.0,0.12000000000000004,0.0,0.0,0,0.0,base
Moving harm,Fixed workflow,510154,0.3799999999999999,0.0,0.12000000000000004,0.0,0.0,0,0.0,base
Moving harm,Fixed workflow,510155,0.3799999999999999,0.0,0.12000000000000004,0.0,0.0,0,0.0,base
Moving harm,Fixed workflow,510156,0.3799999999999999,0.0,0.12000000000000004,0.0,0.0,0,0.0,base
Moving harm,Fixed workflow,510157,0.3799999999999999,0.0,0.12000000000000004,0.0,0.0,0,0.0,base
Moving harm,Fixed workflow,510158,0.3799999999999999,0.0,0.12000000000000004,0.0,0.0,0,0.0,base
Moving harm,Fixed workflow,510159,0.3799999999999999,0.0,0.12000000000000004,0.0,0.0,0,0.0,base
Moving harm,Fixed workflow,510160,0.3799999999999999,0.0,0.12000000000000004,0.0,0.0,0,0.0,base
Moving harm,Fixed workflow,510161,0.3799999999999999,0.0,0.12000000000000004,0.0,0.0,0,0.0,base
Moving harm,Fixed workflow,510162,0.3799999999999999,0.0,0.12000000000000004,0.0,0.0,0,0.0,base
Moving harm,Fixed workflow,510163,0.3799999999999999,0.0,0.12000000000000004,0.0,0.0,0,0.0,base
Moving harm,Fixed workflow,510164,0.3799999999999999,0.0,0.12000000000000004,0.0,0.0,0,0.0,base
Moving harm,Fixed workflow,510165,0.3799999999999999,0.0,0.12000000000000004,0.0,0.0,0,0.0,base
Moving harm,Fixed workflow,510166,0.3799999999999999,0.0,0.12000000000000004,0.0,0.0,0,0.0,base
Moving harm,Fixed workflow,510167,0.3799999999999999,0.0,0.12000000000000004,0.0,0.0,0,0.0,base
Moving harm,Fixed workflow,510168,0.3799999999999999,0.0,0.12000000000000004,0.0,0.0,0,0.0,base
Moving harm,Fixed workflow,510169,0.3799999999999999,0.0,0.12000000000000004,0.0,0.0,0,0.0,base
Moving harm,Fixed workflow,510170,0.3799999999999999,0.0,0.12000000000000004,0.0,0.0,0,0.0,base
Moving harm,Fixed workflow,510171,0.3799999999999999,0.0,0.12000000000000004,0.0,0.0,0,0.0,base
Moving harm,Fixed workflow,510172,0.3799999999999999,0.0,0.12000000000000004,0.0,0.0,0,0.0,base
Moving harm,Fixed workflow,510173,0.3799999999999999,0.0,0.12000000000000004,0.0,0.0,0,0.0,base
Moving harm,Fixed workflow,510174,0.3799999999999999,0.0,0.12000000000000004,0.0,0.0,0,0.0,base
Moving harm,Fixed workflow,510175,0.3799999999999999,0.0,0.12000000000000004,0.0,0.0,0,0.0,base
Moving harm,Fixed workflow,510176,0.3799999999999999,0.0,0.12000000000000004,0.0,0.0,0,0.0,base
Moving harm,Fixed workflow,510177,0.3799999999999999,0.0,0.12000000000000004,0.0,0.0,0,0.0,base
Moving harm,Fixed workflow,510178,0.3799999999999999,0.0,0.12000000000000004,0.0,0.0,0,0.0,base
Moving harm,Fixed workflow,510179,0.3799999999999999,0.0,0.12000000000000004,0.0,0.0,0,0.0,base
Moving harm,Fixed workflow,510180,0.3799999999999999,0.0,0.12000000000000004,0.0,0.0,0,0.0,base
Moving harm,Fixed workflow,510181,0.3799999999999999,0.0,0.12000000000000004,0.0,0.0,0,0.0,base
Moving harm,Fixed workflow,510182,0.3799999999999999,0.0,0.12000000000000004,0.0,0.0,0,0.0,base
Moving harm,Fixed workflow,510183,0.3799999999999999,0.0,0.12000000000000004,0.0,0.0,0,0.0,base
Moving harm,Fixed workflow,510184,0.3799999999999999,0.0,0.12000000000000004,0.0,0.0,0,0.0,base
Moving harm,Fixed workflow,510185,0.3799999999999999,0.0,0.12000000000000004,0.0,0.0,0,0.0,base
Moving harm,Fixed workflow,510186,0.3799999999999999,0.0,0.12000000000000004,0.0,0.0,0,0.0,base
Moving harm,Fixed workflow,510187,0.3799999999999999,0.0,0.12000000000000004,0.0,0.0,0,0.0,base
Moving harm,Fixed workflow,510188,0.3799999999999999,0.0,0.12000000000000004,0.0,0.0,0,0.0,base
Moving harm,Fixed workflow,510189,0.3799999999999999,0.0,0.12000000000000004,0.0,0.0,0,0.0,base
Moving harm,Fixed workflow,510190,0.3799999999999999,0.0,0.12000000000000004,0.0,0.0,0,0.0,base
Moving harm,Fixed workflow,510191,0.3799999999999999,0.0,0.12000000000000004,0.0,0.0,0,0.0,base
Moving harm,Fixed workflow,510192,0.3799999999999999,0.0,0.12000000000000004,0.0,0.0,0,0.0,base
Moving harm,Fixed workflow,510193,0.3799999999999999,0.0,0.12000000000000004,0.0,0.0,0,0.0,base
Moving harm,Fixed workflow,510194,0.3799999999999999,0.0,0.12000000000000004,0.0,0.0,0,0.0,base
Moving harm,Fixed workflow,510195,0.3799999999999999,0.0,0.12000000000000004,0.0,0.0,0,0.0,base
Moving harm,Fixed workflow,510196,0.3799999999999999,0.0,0.12000000000000004,0.0,0.0,0,0.0,base
Moving harm,Fixed workflow,510197,0.3799999999999999,0.0,0.12000000000000004,0.0,0.0,0,0.0,base
Moving harm,Fixed workflow,510198,0.3799999999999999,0.0,0.12000000000000004,0.0,0.0,0,0.0,base
Moving harm,Fixed workflow,510199,0.3799999999999999,0.0,0.12000000000000004,0.0,0.0,0,0.0,base
Moving harm,Fixed workflow,510200,0.3799999999999999,0.0,0.12000000000000004,0.0,0.0,0,0.0,base
Moving harm,Fixed workflow,510201,0.3799999999999999,0.0,0.12000000000000004,0.0,0.0,0,0.0,base
Moving harm,Fixed workflow,510202,0.3799999999999999,0.0,0.12000000000000004,0.0,0.0,0,0.0,base
Moving harm,Fixed workflow,510203,0.3799999999999999,0.0,0.12000000000000004,0.0,0.0,0,0.0,base
Moving harm,Fixed workflow,510204,0.3799999999999999,0.0,0.12000000000000004,0.0,0.0,0,0.0,base
Moving harm,Fixed workflow,510205,0.3799999999999999,0.0,0.12000000000000004,0.0,0.0,0,0.0,base
Moving harm,Fixed workflow,510206,0.3799999999999999,0.0,0.12000000000000004,0.0,0.0,0,0.0,base
Moving harm,Fixed workflow,510207,0.3799999999999999,0.0,0.12000000000000004,0.0,0.0,0,0.0,base
Moving harm,Fixed workflow,510208,0.3799999999999999,0.0,0.12000000000000004,0.0,0.0,0,0.0,base
Moving harm,Fixed workflow,510209,0.3799999999999999,0.0,0.12000000000000004,0.0,0.0,0,0.0,base
Moving harm,Fixed workflow,510210,0.3799999999999999,0.0,0.12000000000000004,0.0,0.0,0,0.0,base
Moving harm,Fixed workflow,510211,0.3799999999999999,0.0,0.12000000000000004,0.0,0.0,0,0.0,base
Moving harm,Fixed workflow,510212,0.3799999999999999,0.0,0.12000000000000004,0.0,0.0,0,0.0,base
Moving harm,Fixed workflow,510213,0.3799999999999999,0.0,0.12000000000000004,0.0,0.0,0,0.0,base
Moving harm,Fixed workflow,510214,0.3799999999999999,0.0,0.12000000000000004,0.0,0.0,0,0.0,base
Moving harm,Fixed workflow,510215,0.3799999999999999,0.0,0.12000000000000004,0.0,0.0,0,0.0,base
Moving harm,Fixed workflow,510216,0.3799999999999999,0.0,0.12000000000000004,0.0,0.0,0,0.0,base
Moving harm,Fixed workflow,510217,0.3799999999999999,0.0,0.12000000000000004,0.0,0.0,0,0.0,base
Moving harm,Fixed workflow,510218,0.3799999999999999,0.0,0.12000000000000004,0.0,0.0,0,0.0,base
Moving harm,Fixed workflow,510219,0.3799999999999999,0.0,0.12000000000000004,0.0,0.0,0,0.0,base
Moving harm,Fixed workflow,510220,0.3799999999999999,0.0,0.12000000000000004,0.0,0.0,0,0.0,base
Moving harm,Fixed workflow,510221,0.3799999999999999,0.0,0.12000000000000004,0.0,0.0,0,0.0,base
Moving harm,Fixed workflow,510222,0.3799999999999999,0.0,0.12000000000000004,0.0,0.0,0,0.0,base
Moving harm,Fixed workflow,510223,0.3799999999999999,0.0,0.12000000000000004,0.0,0.0,0,0.0,base
Moving harm,Fixed workflow,510224,0.3799999999999999,0.0,0.12000000000000004,0.0,0.0,0,0.0,base
Moving harm,Fixed workflow,510225,0.3799999999999999,0.0,0.12000000000000004,0.0,0.0,0,0.0,base
Moving harm,Fixed workflow,510226,0.3799999999999999,0.0,0.12000000000000004,0.0,0.0,0,0.0,base
Moving harm,Fixed workflow,510227,0.3799999999999999,0.0,0.12000000000000004,0.0,0.0,0,0.0,base
Moving harm,Fixed workflow,510228,0.3799999999999999,0.0,0.12000000000000004,0.0,0.0,0,0.0,base
Moving harm,Fixed workflow,510229,0.3799999999999999,0.0,0.12000000000000004,0.0,0.0,0,0.0,base
Moving harm,Fixed workflow,510230,0.3799999999999999,0.0,0.12000000000000004,0.0,0.0,0,0.0,base
Moving harm,Fixed workflow,510231,0.3799999999999999,0.0,0.12000000000000004,0.0,0.0,0,0.0,base
Moving harm,Fixed workflow,510232,0.3799999999999999,0.0,0.12000000000000004,0.0,0.0,0,0.0,base
Moving harm,Fixed workflow,510233,0.3799999999999999,0.0,0.12000000000000004,0.0,0.0,0,0.0,base
Moving harm,Fixed workflow,510234,0.3799999999999999,0.0,0.12000000000000004,0.0,0.0,0,0.0,base
Moving harm,Fixed workflow,510235,0.3799999999999999,0.0,0.12000000000000004,0.0,0.0,0,0.0,base
Moving harm,Fixed workflow,510236,0.3799999999999999,0.0,0.12000000000000004,0.0,0.0,0,0.0,base
Moving harm,Fixed workflow,510237,0.3799999999999999,0.0,0.12000000000000004,0.0,0.0,0,0.0,base
Moving harm,Fixed workflow,510238,0.3799999999999999,0.0,0.12000000000000004,0.0,0.0,0,0.0,base
Moving harm,Fixed workflow,510239,0.3799999999999999,0.0,0.12000000000000004,0.0,0.0,0,0.0,base
Moving harm,Fixed workflow,510240,0.3799999999999999,0.0,0.12000000000000004,0.0,0.0,0,0.0,base
Moving harm,Fixed workflow,510241,0.3799999999999999,0.0,0.12000000000000004,0.0,0.0,0,0.0,base
Moving harm,Fixed workflow,510242,0.3799999999999999,0.0,0.12000000000000004,0.0,0.0,0,0.0,base
Moving harm,Fixed workflow,510243,0.3799999999999999,0.0,0.12000000000000004,0.0,0.0,0,0.0,base
Moving harm,Fixed workflow,510244,0.3799999999999999,0.0,0.12000000000000004,0.0,0.0,0,0.0,base
Moving harm,Fixed workflow,510245,0.3799999999999999,0.0,0.12000000000000004,0.0,0.0,0,0.0,base
Moving harm,Fixed workflow,510246,0.3799999999999999,0.0,0.12000000000000004,0.0,0.0,0,0.0,base
Moving harm,Fixed workflow,510247,0.3799999999999999,0.0,0.12000000000000004,0.0,0.0,0,0.0,base
Moving harm,Fixed workflow,510248,0.3799999999999999,0.0,0.12000000000000004,0.0,0.0,0,0.0,base
Moving harm,Fixed workflow,510249,0.3799999999999999,0.0,0.12000000000000004,0.0,0.0,0,0.0,base
Moving harm,Fixed workflow,510250,0.3799999999999999,0.0,0.12000000000000004,0.0,0.0,0,0.0,base
Moving harm,Fixed workflow,510251,0.3799999999999999,0.0,0.12000000000000004,0.0,0.0,0,0.0,base
Moving harm,Fixed workflow,510252,0.3799999999999999,0.0,0.12000000000000004,0.0,0.0,0,0.0,base
Moving harm,Fixed workflow,510253,0.3799999999999999,0.0,0.12000000000000004,0.0,0.0,0,0.0,base
Moving harm,Fixed workflow,510254,0.3799999999999999,0.0,0.12000000000000004,0.0,0.0,0,0.0,base
Moving harm,Fixed workflow,510255,0.3799999999999999,0.0,0.12000000000000004,0.0,0.0,0,0.0,base
Moving harm,Biased search,510000,0.4005419921875,0.125,0.08125000000000002,0.0182080078125,0.0,0,0.125,base
Moving harm,Biased search,510001,0.4030419921875,0.041666666666666664,0.07875000000000001,0.0182080078125,0.0,0,0.041666666666666664,base
Moving harm,Biased search,510002,0.42929199218749997,0.08333333333333333,0.05250000000000001,0.0182080078125,0.0,0,0.08333333333333333,base
Moving harm,Biased search,510003,0.4230419921875,0.041666666666666664,0.05875000000000002,0.0182080078125,0.0,0,0.041666666666666664,base
Moving harm,Biased search,510004,0.4380419921875,0.041666666666666664,0.04375000000000001,0.0182080078125,0.0,0,0.041666666666666664,base
Moving harm,Biased search,510005,0.40929199218749995,0.08333333333333333,0.07250000000000002,0.0182080078125,0.0,0,0.08333333333333333,base
Moving harm,Biased search,510006,0.41304199218749993,0.041666666666666664,0.06875000000000002,0.0182080078125,0.0,0,0.041666666666666664,base
Moving harm,Biased search,510007,0.4280419921875,0.041666666666666664,0.05375000000000001,0.0182080078125,0.0,0,0.041666666666666664,base
Moving harm,Biased search,510008,0.4055419921874999,0.125,0.07625000000000001,0.0182080078125,0.0,0,0.125,base
Moving harm,Biased search,510009,0.4080419921875,0.041666666666666664,0.07375000000000002,0.0182080078125,0.0,0,0.041666666666666664,base
Moving harm,Biased search,510010,0.3992919921875,0.08333333333333333,0.0825,0.0182080078125,0.0,0,0.08333333333333333,base
Moving harm,Biased search,510011,0.4230419921875,0.041666666666666664,0.058750000000000004,0.0182080078125,0.0,0,0.041666666666666664,base
Moving harm,Biased search,510012,0.4430419921875,0.041666666666666664,0.03875000000000001,0.0182080078125,0.0,0,0.041666666666666664,base
Moving harm,Biased search,510013,0.41554199218750004,0.125,0.06625000000000002,0.0182080078125,0.0,0,0.125,base
Moving harm,Biased search,510014,0.40429199218749995,0.08333333333333333,0.07750000000000001,0.0182080078125,0.0,0,0.08333333333333333,base
Moving harm,Biased search,510015,0.45679199218749994,0.0,0.025000000000000005,0.0182080078125,0.0,0,0.0,base
Moving harm,Biased search,510016,0.4280419921875,0.041666666666666664,0.05375000000000001,0.0182080078125,0.0,0,0.041666666666666664,base
Moving harm,Biased search,510017,0.42429199218749997,0.08333333333333333,0.057500000000000016,0.0182080078125,0.0,0,0.08333333333333333,base
Moving harm,Biased search,510018,0.41554199218750004,0.125,0.06625000000000002,0.0182080078125,0.0,0,0.125,base
Moving harm,Biased search,510019,0.40429199218749995,0.08333333333333333,0.07750000000000001,0.0182080078125,0.0,0,0.08333333333333333,base
Moving harm,Biased search,510020,0.3917919921875,0.16666666666666666,0.09000000000000001,0.0182080078125,0.0,0,0.16666666666666666,base
Moving harm,Biased search,510021,0.3967919921875,0.16666666666666666,0.085,0.0182080078125,0.0,0,0.16666666666666666,base
Moving harm,Biased search,510022,0.40929199218749995,0.08333333333333333,0.07250000000000001,0.0182080078125,0.0,0,0.08333333333333333,base
Moving harm,Biased search,510023,0.4230419921875,0.041666666666666664,0.058750000000000004,0.0182080078125,0.0,0,0.041666666666666664,base
Moving harm,Biased search,510024,0.4205419921875,0.125,0.061250000000000006,0.0182080078125,0.0,0,0.125,base
Moving harm,Biased search,510025,0.40929199218749995,0.08333333333333333,0.07250000000000001,0.0182080078125,0.0,0,0.08333333333333333,base
Moving harm,Biased search,510026,0.4205419921875,0.125,0.061250000000000006,0.0182080078125,0.0,0,0.125,base
Moving harm,Biased search,510027,0.43304199218749995,0.041666666666666664,0.048750000000000016,0.0182080078125,0.0,0,0.041666666666666664,base
Moving harm,Biased search,510028,0.4342919921875,0.08333333333333333,0.04750000000000001,0.0182080078125,0.0,0,0.08333333333333333,base
Moving harm,Biased search,510029,0.3767919921875,0.16666666666666666,0.10500000000000002,0.0182080078125,0.0,0,0.16666666666666666,base
Moving harm,Biased search,510030,0.40429199218749995,0.08333333333333333,0.07750000000000001,0.0182080078125,0.0,0,0.08333333333333333,base
Moving harm,Biased search,510031,0.41304199218749993,0.041666666666666664,0.06875000000000002,0.0182080078125,0.0,0,0.041666666666666664,base
Moving harm,Biased search,510032,0.42929199218749997,0.08333333333333333,0.05250000000000001,0.0182080078125,0.0,0,0.08333333333333333,base
Moving harm,Biased search,510033,0.4105419921875,0.125,0.07125000000000002,0.0182080078125,0.0,0,0.125,base
Moving harm,Biased search,510034,0.4380419921875,0.041666666666666664,0.04375000000000001,0.0182080078125,0.0,0,0.041666666666666664,base
Moving harm,Biased search,510035,0.42929199218749997,0.08333333333333333,0.05250000000000001,0.0182080078125,0.0,0,0.08333333333333333,base
Moving harm,Biased search,510036,0.3542919921874999,0.25,0.12750000000000003,0.0182080078125,0.0,0,0.25,base
Moving harm,Biased search,510037,0.43304199218749995,0.041666666666666664,0.048750000000000016,0.0182080078125,0.0,0,0.041666666666666664,base
Moving harm,Biased search,510038,0.4192919921875,0.08333333333333333,0.06250000000000001,0.0182080078125,0.0,0,0.08333333333333333,base
Moving harm,Biased search,510039,0.42429199218749997,0.08333333333333333,0.057500000000000016,0.0182080078125,0.0,0,0.08333333333333333,base
Moving harm,Biased search,510040,0.42429199218749997,0.08333333333333333,0.057500000000000016,0.0182080078125,0.0,0,0.08333333333333333,base
Moving harm,Biased search,510041,0.3855419921874999,0.125,0.09625000000000002,0.0182080078125,0.0,0,0.125,base
Moving harm,Biased search,510042,0.37054199218749995,0.2916666666666667,0.11125000000000003,0.0182080078125,0.0,0,0.2916666666666667,base
Moving harm,Biased search,510043,0.4055419921874999,0.125,0.07625000000000003,0.0182080078125,0.0,0,0.125,base
Moving harm,Biased search,510044,0.4105419921875,0.125,0.07125000000000001,0.0182080078125,0.0,0,0.125,base
Moving harm,Biased search,510045,0.42429199218749997,0.08333333333333333,0.0575,0.0182080078125,0.0,0,0.08333333333333333,base
Moving harm,Biased search,510046,0.40929199218749995,0.08333333333333333,0.07250000000000002,0.0182080078125,0.0,0,0.08333333333333333,base
Moving harm,Biased search,510047,0.4192919921875,0.08333333333333333,0.0625,0.0182080078125,0.0,0,0.08333333333333333,base
Moving harm,Biased search,510048,0.42554199218749994,0.125,0.056250000000000015,0.0182080078125,0.0,0,0.125,base
Moving harm,Biased search,510049,0.3855419921874999,0.125,0.09625000000000002,0.0182080078125,0.0,0,0.125,base
Moving harm,Biased search,510050,0.42429199218749997,0.08333333333333333,0.057500000000000016,0.0182080078125,0.0,0,0.08333333333333333,base
Moving harm,Biased search,510051,0.3855419921874999,0.125,0.09625000000000002,0.0182080078125,0.0,0,0.125,base
Moving harm,Biased search,510052,0.38304199218749996,0.20833333333333334,0.09875,0.0182080078125,0.0,0,0.20833333333333334,base
Moving harm,Biased search,510053,0.4280419921875,0.041666666666666664,0.05375000000000001,0.0182080078125,0.0,0,0.041666666666666664,base
Moving harm,Biased search,510054,0.3917919921875,0.16666666666666666,0.09000000000000001,0.0182080078125,0.0,0,0.16666666666666666,base
Moving harm,Biased search,510055,0.42429199218749997,0.08333333333333333,0.0575,0.0182080078125,0.0,0,0.08333333333333333,base
Moving harm,Biased search,510056,0.40429199218749995,0.08333333333333333,0.07750000000000001,0.0182080078125,0.0,0,0.08333333333333333,base
Moving harm,Biased search,510057,0.40179199218749995,0.16666666666666666,0.08,0.0182080078125,0.0,0,0.16666666666666666,base
Moving harm,Biased search,510058,0.41554199218750004,0.125,0.06625000000000002,0.0182080078125,0.0,0,0.125,base
Moving harm,Biased search,510059,0.3680419921875,0.20833333333333334,0.11375000000000002,0.0182080078125,0.0,0,0.20833333333333334,base
Moving harm,Biased search,510060,0.3917919921875,0.16666666666666666,0.09000000000000001,0.0182080078125,0.0,0,0.16666666666666666,base
Moving harm,Biased search,510061,0.42429199218749997,0.08333333333333333,0.0575,0.0182080078125,0.0,0,0.08333333333333333,base
Moving harm,Biased search,510062,0.4055419921874999,0.125,0.07625000000000003,0.0182080078125,0.0,0,0.125,base
Moving harm,Biased search,510063,0.3992919921875,0.08333333333333333,0.08250000000000002,0.0182080078125,0.0,0,0.08333333333333333,base
Moving harm,Biased search,510064,0.4317919921875,0.0,0.05000000000000001,0.0182080078125,0.0,0,0.0,base
Moving harm,Biased search,510065,0.4380419921875,0.041666666666666664,0.04375000000000001,0.0182080078125,0.0,0,0.041666666666666664,base
Moving harm,Biased search,510066,0.4342919921875,0.08333333333333333,0.04750000000000001,0.0182080078125,0.0,0,0.08333333333333333,base
Moving harm,Biased search,510067,0.3855419921874999,0.125,0.09625000000000002,0.0182080078125,0.0,0,0.125,base
Moving harm,Biased search,510068,0.4342919921875,0.08333333333333333,0.04750000000000001,0.0182080078125,0.0,0,0.08333333333333333,base
Moving harm,Biased search,510069,0.3792919921875,0.25,0.10250000000000002,0.0182080078125,0.0,0,0.25,base
Moving harm,Biased search,510070,0.4192919921875,0.08333333333333333,0.0625,0.0182080078125,0.0,0,0.08333333333333333,base
Moving harm,Biased search,510071,0.4105419921875,0.125,0.07125000000000001,0.0182080078125,0.0,0,0.125,base
Moving harm,Biased search,510072,0.37804199218749995,0.20833333333333334,0.10375000000000002,0.0182080078125,0.0,0,0.20833333333333334,base
Moving harm,Biased search,510073,0.42929199218749997,0.08333333333333333,0.05250000000000001,0.0182080078125,0.0,0,0.08333333333333333,base
Moving harm,Biased search,510074,0.41554199218750004,0.125,0.06625000000000002,0.0182080078125,0.0,0,0.125,base
Moving harm,Biased search,510075,0.4105419921875,0.125,0.07125000000000001,0.0182080078125,0.0,0,0.125,base
Moving harm,Biased search,510076,0.4617919921875,0.0,0.020000000000000004,0.0182080078125,0.0,0,0.0,base
Moving harm,Biased search,510077,0.38429199218750004,0.25,0.09750000000000003,0.0182080078125,0.0,0,0.25,base
Moving harm,Biased search,510078,0.4417919921875,0.0,0.04000000000000001,0.0182080078125,0.0,0,0.0,base
Moving harm,Biased search,510079,0.41429199218749996,0.08333333333333333,0.06750000000000002,0.0182080078125,0.0,0,0.08333333333333333,base
Moving harm,Biased search,510080,0.3867919921875,0.16666666666666666,0.09500000000000001,0.0182080078125,0.0,0,0.16666666666666666,base
Moving harm,Biased search,510081,0.3967919921875,0.16666666666666666,0.085,0.0182080078125,0.0,0,0.16666666666666666,base
Moving harm,Biased search,510082,0.4117919921875,0.16666666666666666,0.07000000000000002,0.0182080078125,0.0,0,0.16666666666666666,base
Moving harm,Biased search,510083,0.43304199218749995,0.041666666666666664,0.04875000000000001,0.0182080078125,0.0,0,0.041666666666666664,base
Moving harm,Biased search,510084,0.3605419921875,0.2916666666666667,0.12125000000000002,0.0182080078125,0.0,0,0.2916666666666667,base
Moving harm,Biased search,510085,0.42429199218749997,0.08333333333333333,0.057500000000000016,0.0182080078125,0.0,0,0.08333333333333333,base
Moving harm,Biased search,510086,0.4167919921874999,0.0,0.06500000000000002,0.0182080078125,0.0,0,0.0,base
Moving harm,Biased search,510087,0.4055419921874999,0.125,0.07625000000000003,0.0182080078125,0.0,0,0.125,base
Moving harm,Biased search,510088,0.37804199218749995,0.20833333333333334,0.10375000000000001,0.0182080078125,0.0,0,0.20833333333333334,base
Moving harm,Biased search,510089,0.39054199218749996,0.125,0.09125000000000001,0.0182080078125,0.0,0,0.125,base
Moving harm,Biased search,510090,0.40429199218749995,0.08333333333333333,0.0775,0.0182080078125,0.0,0,0.08333333333333333,base
Moving harm,Biased search,510091,0.4230419921875,0.041666666666666664,0.058750000000000004,0.0182080078125,0.0,0,0.041666666666666664,base
Moving harm,Biased search,510092,0.4030419921875,0.20833333333333334,0.07875000000000001,0.0182080078125,0.0,0,0.20833333333333334,base
Moving harm,Biased search,510093,0.42429199218749997,0.08333333333333333,0.057500000000000016,0.0182080078125,0.0,0,0.08333333333333333,base
Moving harm,Biased search,510094,0.41554199218750004,0.125,0.06625000000000002,0.0182080078125,0.0,0,0.125,base
Moving harm,Biased search,510095,0.4117919921875,0.16666666666666666,0.07,0.0182080078125,0.0,0,0.16666666666666666,base
Moving harm,Biased search,510096,0.4342919921875,0.08333333333333333,0.04750000000000001,0.0182080078125,0.0,0,0.08333333333333333,base
Moving harm,Biased search,510097,0.40929199218749995,0.08333333333333333,0.07250000000000002,0.0182080078125,0.0,0,0.08333333333333333,base
Moving harm,Biased search,510098,0.43304199218749995,0.041666666666666664,0.04875000000000001,0.0182080078125,0.0,0,0.041666666666666664,base
Moving harm,Biased search,510099,0.4380419921875,0.041666666666666664,0.043750000000000004,0.0182080078125,0.0,0,0.041666666666666664,base
Moving harm,Biased search,510100,0.45679199218749994,0.0,0.025000000000000005,0.0182080078125,0.0,0,0.0,base
Moving harm,Biased search,510101,0.4280419921875,0.041666666666666664,0.05375000000000001,0.0182080078125,0.0,0,0.041666666666666664,base
Moving harm,Biased search,510102,0.39054199218749996,0.125,0.09125000000000001,0.0182080078125,0.0,0,0.125,base
Moving harm,Biased search,510103,0.4480419921875,0.041666666666666664,0.03375,0.0182080078125,0.0,0,0.041666666666666664,base
Moving harm,Biased search,510104,0.4055419921874999,0.125,0.07625000000000001,0.0182080078125,0.0,0,0.125,base
Moving harm,Biased search,510105,0.42929199218749997,0.08333333333333333,0.05250000000000001,0.0182080078125,0.0,0,0.08333333333333333,base
Moving harm,Biased search,510106,0.4180419921875,0.041666666666666664,0.06375000000000001,0.0182080078125,0.0,0,0.041666666666666664,base
Moving harm,Biased search,510107,0.41554199218750004,0.125,0.06625000000000002,0.0182080078125,0.0,0,0.125,base
Moving harm,Biased search,510108,0.39429199218749994,0.08333333333333333,0.08750000000000002,0.0182080078125,0.0,0,0.08333333333333333,base
Moving harm,Biased search,510109,0.42929199218749997,0.08333333333333333,0.05250000000000001,0.0182080078125,0.0,0,0.08333333333333333,base
Moving harm,Biased search,510110,0.41179199218749996,0.0,0.07000000000000002,0.0182080078125,0.0,0,0.0,base
Moving harm,Biased search,510111,0.4192919921875,0.08333333333333333,0.06250000000000001,0.0182080078125,0.0,0,0.08333333333333333,base
Moving harm,Biased search,510112,0.4280419921875,0.041666666666666664,0.05375,0.0182080078125,0.0,0,0.041666666666666664,base
Moving harm,Biased search,510113,0.4280419921875,0.041666666666666664,0.05375000000000001,0.0182080078125,0.0,0,0.041666666666666664,base
Moving harm,Biased search,510114,0.4192919921875,0.08333333333333333,0.06250000000000001,0.0182080078125,0.0,0,0.08333333333333333,base
Moving harm,Biased search,510115,0.4230419921875,0.041666666666666664,0.058750000000000004,0.0182080078125,0.0,0,0.041666666666666664,base
Moving harm,Biased search,510116,0.4192919921875,0.08333333333333333,0.06250000000000001,0.0182080078125,0.0,0,0.08333333333333333,base
Moving harm,Biased search,510117,0.4430419921875,0.041666666666666664,0.03875000000000001,0.0182080078125,0.0,0,0.041666666666666664,base
Moving harm,Biased search,510118,0.42554199218749994,0.125,0.05625,0.0182080078125,0.0,0,0.125,base
Moving harm,Biased search,510119,0.4230419921875,0.041666666666666664,0.058750000000000004,0.0182080078125,0.0,0,0.041666666666666664,base
Moving harm,Biased search,510120,0.4442919921875,0.08333333333333333,0.037500000000000006,0.0182080078125,0.0,0,0.08333333333333333,base
Moving harm,Biased search,510121,0.40929199218749995,0.08333333333333333,0.07250000000000001,0.0182080078125,0.0,0,0.08333333333333333,base
Moving harm,Biased search,510122,0.4430419921875,0.041666666666666664,0.03875000000000001,0.0182080078125,0.0,0,0.041666666666666664,base
Moving harm,Biased search,510123,0.4192919921875,0.08333333333333333,0.06250000000000001,0.0182080078125,0.0,0,0.08333333333333333,base
Moving harm,Biased search,510124,0.3992919921875,0.08333333333333333,0.0825,0.0182080078125,0.0,0,0.08333333333333333,base
Moving harm,Biased search,510125,0.4230419921875,0.041666666666666664,0.058750000000000004,0.0182080078125,0.0,0,0.041666666666666664,base
Moving harm,Biased search,510126,0.43304199218749995,0.041666666666666664,0.04875000000000001,0.0182080078125,0.0,0,0.041666666666666664,base
Moving harm,Biased search,510127,0.4417919921875,0.0,0.04000000000000001,0.0182080078125,0.0,0,0.0,base
Moving harm,Biased search,510128,0.4205419921875,0.125,0.061250000000000006,0.0182080078125,0.0,0,0.125,base
Moving harm,Biased search,510129,0.3755419921875,0.125,0.10625000000000002,0.0182080078125,0.0,0,0.125,base
Moving harm,Biased search,510130,0.42429199218749997,0.08333333333333333,0.057500000000000016,0.0182080078125,0.0,0,0.08333333333333333,base
Moving harm,Biased search,510131,0.40929199218749995,0.08333333333333333,0.07250000000000001,0.0182080078125,0.0,0,0.08333333333333333,base
Moving harm,Biased search,510132,0.4230419921875,0.041666666666666664,0.05875000000000002,0.0182080078125,0.0,0,0.041666666666666664,base
Moving harm,Biased search,510133,0.4480419921875,0.041666666666666664,0.03375000000000001,0.0182080078125,0.0,0,0.041666666666666664,base
Moving harm,Biased search,510134,0.3967919921875,0.16666666666666666,0.08500000000000002,0.0182080078125,0.0,0,0.16666666666666666,base
Moving harm,Biased search,510135,0.4080419921875,0.041666666666666664,0.07375000000000001,0.0182080078125,0.0,0,0.041666666666666664,base
Moving harm,Biased search,510136,0.4180419921875,0.041666666666666664,0.06375000000000001,0.0182080078125,0.0,0,0.041666666666666664,base
Moving harm,Biased search,510137,0.4192919921875,0.08333333333333333,0.06250000000000001,0.0182080078125,0.0,0,0.08333333333333333,base
Moving harm,Biased search,510138,0.40929199218749995,0.08333333333333333,0.07250000000000001,0.0182080078125,0.0,0,0.08333333333333333,base
Moving harm,Biased search,510139,0.4030419921875,0.041666666666666664,0.07875000000000003,0.0182080078125,0.0,0,0.041666666666666664,base
Moving harm,Biased search,510140,0.3917919921875,0.16666666666666666,0.09000000000000001,0.0182080078125,0.0,0,0.16666666666666666,base
Moving harm,Biased search,510141,0.3967919921875,0.16666666666666666,0.08500000000000002,0.0182080078125,0.0,0,0.16666666666666666,base
Moving harm,Biased search,510142,0.4117919921875,0.16666666666666666,0.07000000000000002,0.0182080078125,0.0,0,0.16666666666666666,base
Moving harm,Biased search,510143,0.3792919921875,0.25,0.10250000000000004,0.0182080078125,0.0,0,0.25,base
Moving harm,Biased search,510144,0.3867919921875,0.16666666666666666,0.09500000000000001,0.0182080078125,0.0,0,0.16666666666666666,base
Moving harm,Biased search,510145,0.4105419921875,0.125,0.07125000000000002,0.0182080078125,0.0,0,0.125,base
Moving harm,Biased search,510146,0.42929199218749997,0.08333333333333333,0.05250000000000001,0.0182080078125,0.0,0,0.08333333333333333,base
Moving harm,Biased search,510147,0.40429199218749995,0.08333333333333333,0.07750000000000001,0.0182080078125,0.0,0,0.08333333333333333,base
Moving harm,Biased search,510148,0.4005419921875,0.125,0.08125,0.0182080078125,0.0,0,0.125,base
Moving harm,Biased search,510149,0.4205419921875,0.125,0.06125000000000002,0.0182080078125,0.0,0,0.125,base
Moving harm,Biased search,510150,0.4055419921874999,0.125,0.07625000000000001,0.0182080078125,0.0,0,0.125,base
Moving harm,Biased search,510151,0.40429199218749995,0.08333333333333333,0.07750000000000001,0.0182080078125,0.0,0,0.08333333333333333,base
Moving harm,Biased search,510152,0.4280419921875,0.041666666666666664,0.05375000000000001,0.0182080078125,0.0,0,0.041666666666666664,base
Moving harm,Biased search,510153,0.4080419921875,0.041666666666666664,0.07375000000000002,0.0182080078125,0.0,0,0.041666666666666664,base
Moving harm,Biased search,510154,0.3867919921875,0.16666666666666666,0.09500000000000001,0.0182080078125,0.0,0,0.16666666666666666,base
Moving harm,Biased search,510155,0.4192919921875,0.08333333333333333,0.06250000000000001,0.0182080078125,0.0,0,0.08333333333333333,base
Moving harm,Biased search,510156,0.38304199218749996,0.20833333333333334,0.09875,0.0182080078125,0.0,0,0.20833333333333334,base
Moving harm,Biased search,510157,0.3867919921875,0.16666666666666666,0.09500000000000001,0.0182080078125,0.0,0,0.16666666666666666,base
Moving harm,Biased search,510158,0.3455419921875,0.2916666666666667,0.13625,0.0182080078125,0.0,0,0.2916666666666667,base
Moving harm,Biased search,510159,0.41429199218749996,0.08333333333333333,0.0675,0.0182080078125,0.0,0,0.08333333333333333,base
Moving harm,Biased search,510160,0.4230419921875,0.041666666666666664,0.058750000000000004,0.0182080078125,0.0,0,0.041666666666666664,base
Moving harm,Biased search,510161,0.37804199218749995,0.20833333333333334,0.10375000000000001,0.0182080078125,0.0,0,0.20833333333333334,base
Moving harm,Biased search,510162,0.4005419921875,0.125,0.08125000000000002,0.0182080078125,0.0,0,0.125,base
Moving harm,Biased search,510163,0.3955419921875,0.125,0.08625000000000001,0.0182080078125,0.0,0,0.125,base
Moving harm,Biased search,510164,0.3955419921875,0.125,0.08625000000000001,0.0182080078125,0.0,0,0.125,base
Moving harm,Biased search,510165,0.44679199218750004,0.0,0.035,0.0182080078125,0.0,0,0.0,base
Moving harm,Biased search,510166,0.41554199218750004,0.125,0.06625000000000002,0.0182080078125,0.0,0,0.125,base
Moving harm,Biased search,510167,0.4055419921874999,0.125,0.07625000000000001,0.0182080078125,0.0,0,0.125,base
Moving harm,Biased search,510168,0.41304199218749993,0.041666666666666664,0.06875000000000002,0.0182080078125,0.0,0,0.041666666666666664,base
Moving harm,Biased search,510169,0.4280419921875,0.041666666666666664,0.05375000000000001,0.0182080078125,0.0,0,0.041666666666666664,base
Moving harm,Biased search,510170,0.4192919921875,0.08333333333333333,0.06250000000000001,0.0182080078125,0.0,0,0.08333333333333333,base
Moving harm,Biased search,510171,0.4280419921875,0.041666666666666664,0.05375000000000001,0.0182080078125,0.0,0,0.041666666666666664,base
Moving harm,Biased search,510172,0.43304199218749995,0.041666666666666664,0.048750000000000016,0.0182080078125,0.0,0,0.041666666666666664,base
Moving harm,Biased search,510173,0.42929199218749997,0.08333333333333333,0.05250000000000001,0.0182080078125,0.0,0,0.08333333333333333,base
Moving harm,Biased search,510174,0.41429199218749996,0.08333333333333333,0.06750000000000002,0.0182080078125,0.0,0,0.08333333333333333,base
Moving harm,Biased search,510175,0.38179199218749993,0.16666666666666666,0.10000000000000002,0.0182080078125,0.0,0,0.16666666666666666,base
Moving harm,Biased search,510176,0.3917919921875,0.16666666666666666,0.09000000000000002,0.0182080078125,0.0,0,0.16666666666666666,base
Moving harm,Biased search,510177,0.3955419921875,0.125,0.08625000000000001,0.0182080078125,0.0,0,0.125,base
Moving harm,Biased search,510178,0.45679199218749994,0.0,0.025000000000000005,0.0182080078125,0.0,0,0.0,base
Moving harm,Biased search,510179,0.4580419921875,0.041666666666666664,0.023750000000000004,0.0182080078125,0.0,0,0.041666666666666664,base
Moving harm,Biased search,510180,0.4067919921875,0.16666666666666666,0.07500000000000001,0.0182080078125,0.0,0,0.16666666666666666,base
Moving harm,Biased search,510181,0.4367919921874999,0.0,0.045000000000000005,0.0182080078125,0.0,0,0.0,base
Moving harm,Biased search,510182,0.3917919921875,0.16666666666666666,0.09000000000000001,0.0182080078125,0.0,0,0.16666666666666666,base
Moving harm,Biased search,510183,0.4005419921875,0.125,0.08125,0.0182080078125,0.0,0,0.125,base
Moving harm,Biased search,510184,0.37804199218749995,0.20833333333333334,0.10375000000000001,0.0182080078125,0.0,0,0.20833333333333334,base
Moving harm,Biased search,510185,0.4205419921875,0.125,0.061250000000000006,0.0182080078125,0.0,0,0.125,base
Moving harm,Biased search,510186,0.43304199218749995,0.041666666666666664,0.04875000000000001,0.0182080078125,0.0,0,0.041666666666666664,base
Moving harm,Biased search,510187,0.4005419921875,0.125,0.08125,0.0182080078125,0.0,0,0.125,base
Moving harm,Biased search,510188,0.40929199218749995,0.08333333333333333,0.07250000000000001,0.0182080078125,0.0,0,0.08333333333333333,base
Moving harm,Biased search,510189,0.40929199218749995,0.08333333333333333,0.07250000000000001,0.0182080078125,0.0,0,0.08333333333333333,base
Moving harm,Biased search,510190,0.36679199218749997,0.16666666666666666,0.115,0.0182080078125,0.0,0,0.16666666666666666,base
Moving harm,Biased search,510191,0.38054199218749996,0.125,0.10125000000000002,0.0182080078125,0.0,0,0.125,base
Moving harm,Biased search,510192,0.4280419921875,0.041666666666666664,0.05375000000000001,0.0182080078125,0.0,0,0.041666666666666664,base
Moving harm,Biased search,510193,0.4192919921875,0.08333333333333333,0.06250000000000001,0.0182080078125,0.0,0,0.08333333333333333,base
Moving harm,Biased search,510194,0.42429199218749997,0.08333333333333333,0.057500000000000016,0.0182080078125,0.0,0,0.08333333333333333,base
Moving harm,Biased search,510195,0.4280419921875,0.041666666666666664,0.05375000000000001,0.0182080078125,0.0,0,0.041666666666666664,base
Moving harm,Biased search,510196,0.40429199218749995,0.08333333333333333,0.07750000000000001,0.0182080078125,0.0,0,0.08333333333333333,base
Moving harm,Biased search,510197,0.42929199218749997,0.08333333333333333,0.05250000000000001,0.0182080078125,0.0,0,0.08333333333333333,base
Moving harm,Biased search,510198,0.42429199218749997,0.08333333333333333,0.057500000000000016,0.0182080078125,0.0,0,0.08333333333333333,base
Moving harm,Biased search,510199,0.3992919921875,0.08333333333333333,0.08250000000000002,0.0182080078125,0.0,0,0.08333333333333333,base
Moving harm,Biased search,510200,0.4367919921874999,0.0,0.045000000000000005,0.0182080078125,0.0,0,0.0,base
Moving harm,Biased search,510201,0.40929199218749995,0.08333333333333333,0.07250000000000001,0.0182080078125,0.0,0,0.08333333333333333,base
Moving harm,Biased search,510202,0.4280419921875,0.041666666666666664,0.05375000000000001,0.0182080078125,0.0,0,0.041666666666666664,base
Moving harm,Biased search,510203,0.4067919921875,0.16666666666666666,0.07500000000000001,0.0182080078125,0.0,0,0.16666666666666666,base
Moving harm,Biased search,510204,0.4180419921875,0.041666666666666664,0.06375000000000001,0.0182080078125,0.0,0,0.041666666666666664,base
Moving harm,Biased search,510205,0.4192919921875,0.08333333333333333,0.06250000000000001,0.0182080078125,0.0,0,0.08333333333333333,base
Moving harm,Biased search,510206,0.3955419921875,0.125,0.08625000000000001,0.0182080078125,0.0,0,0.125,base
Moving harm,Biased search,510207,0.4105419921875,0.125,0.07125000000000002,0.0182080078125,0.0,0,0.125,base
Moving harm,Biased search,510208,0.42554199218749994,0.125,0.05625,0.0182080078125,0.0,0,0.125,base
Moving harm,Biased search,510209,0.42429199218749997,0.08333333333333333,0.057500000000000016,0.0182080078125,0.0,0,0.08333333333333333,base
Moving harm,Biased search,510210,0.4192919921875,0.08333333333333333,0.06250000000000001,0.0182080078125,0.0,0,0.08333333333333333,base
Moving harm,Biased search,510211,0.3867919921875,0.16666666666666666,0.09500000000000001,0.0182080078125,0.0,0,0.16666666666666666,base
Moving harm,Biased search,510212,0.4192919921875,0.08333333333333333,0.06250000000000001,0.0182080078125,0.0,0,0.08333333333333333,base
Moving harm,Biased search,510213,0.44679199218750004,0.0,0.03500000000000001,0.0182080078125,0.0,0,0.0,base
Moving harm,Biased search,510214,0.3955419921875,0.125,0.08625000000000001,0.0182080078125,0.0,0,0.125,base
Moving harm,Biased search,510215,0.4055419921874999,0.125,0.07625,0.0182080078125,0.0,0,0.125,base
Moving harm,Biased search,510216,0.4430419921875,0.041666666666666664,0.03875,0.0182080078125,0.0,0,0.041666666666666664,base
Moving harm,Biased search,510217,0.3917919921875,0.16666666666666666,0.09000000000000001,0.0182080078125,0.0,0,0.16666666666666666,base
Moving harm,Biased search,510218,0.4367919921874999,0.0,0.04500000000000001,0.0182080078125,0.0,0,0.0,base
Moving harm,Biased search,510219,0.41429199218749996,0.08333333333333333,0.06750000000000002,0.0182080078125,0.0,0,0.08333333333333333,base
Moving harm,Biased search,510220,0.4580419921875,0.041666666666666664,0.023750000000000004,0.0182080078125,0.0,0,0.041666666666666664,base
Moving harm,Biased search,510221,0.38429199218750004,0.25,0.09750000000000003,0.0182080078125,0.0,0,0.25,base
Moving harm,Biased search,510222,0.3717919921875,0.16666666666666666,0.11000000000000003,0.0182080078125,0.0,0,0.16666666666666666,base
Moving harm,Biased search,510223,0.40179199218749995,0.16666666666666666,0.08000000000000002,0.0182080078125,0.0,0,0.16666666666666666,base
Moving harm,Biased search,510224,0.40429199218749995,0.08333333333333333,0.07750000000000001,0.0182080078125,0.0,0,0.08333333333333333,base
Moving harm,Biased search,510225,0.36679199218749997,0.16666666666666666,0.11500000000000003,0.0182080078125,0.0,0,0.16666666666666666,base
Moving harm,Biased search,510226,0.44679199218750004,0.0,0.03500000000000001,0.0182080078125,0.0,0,0.0,base
Moving harm,Biased search,510227,0.42554199218749994,0.125,0.05625,0.0182080078125,0.0,0,0.125,base
Moving harm,Biased search,510228,0.4105419921875,0.125,0.07125000000000001,0.0182080078125,0.0,0,0.125,base
Moving harm,Biased search,510229,0.4280419921875,0.041666666666666664,0.05375000000000001,0.0182080078125,0.0,0,0.041666666666666664,base
Moving harm,Biased search,510230,0.40179199218749995,0.16666666666666666,0.08,0.0182080078125,0.0,0,0.16666666666666666,base
Moving harm,Biased search,510231,0.42929199218749997,0.08333333333333333,0.05250000000000001,0.0182080078125,0.0,0,0.08333333333333333,base
Moving harm,Biased search,510232,0.4192919921875,0.08333333333333333,0.06250000000000001,0.0182080078125,0.0,0,0.08333333333333333,base
Moving harm,Biased search,510233,0.40179199218749995,0.16666666666666666,0.08000000000000002,0.0182080078125,0.0,0,0.16666666666666666,base
Moving harm,Biased search,510234,0.4380419921875,0.041666666666666664,0.04375000000000001,0.0182080078125,0.0,0,0.041666666666666664,base
Moving harm,Biased search,510235,0.42429199218749997,0.08333333333333333,0.0575,0.0182080078125,0.0,0,0.08333333333333333,base
Moving harm,Biased search,510236,0.4317919921875,0.0,0.05000000000000001,0.0182080078125,0.0,0,0.0,base
Moving harm,Biased search,510237,0.40929199218749995,0.08333333333333333,0.07250000000000001,0.0182080078125,0.0,0,0.08333333333333333,base
Moving harm,Biased search,510238,0.3792919921875,0.25,0.10250000000000004,0.0182080078125,0.0,0,0.25,base
Moving harm,Biased search,510239,0.3792919921875,0.25,0.10250000000000002,0.0182080078125,0.0,0,0.25,base
Moving harm,Biased search,510240,0.4230419921875,0.041666666666666664,0.058750000000000004,0.0182080078125,0.0,0,0.041666666666666664,base
Moving harm,Biased search,510241,0.4067919921875,0.16666666666666666,0.07500000000000001,0.0182080078125,0.0,0,0.16666666666666666,base
Moving harm,Biased search,510242,0.36679199218749997,0.16666666666666666,0.115,0.0182080078125,0.0,0,0.16666666666666666,base
Moving harm,Biased search,510243,0.41429199218749996,0.08333333333333333,0.06750000000000002,0.0182080078125,0.0,0,0.08333333333333333,base
Moving harm,Biased search,510244,0.41429199218749996,0.08333333333333333,0.0675,0.0182080078125,0.0,0,0.08333333333333333,base
Moving harm,Biased search,510245,0.4005419921875,0.125,0.08125,0.0182080078125,0.0,0,0.125,base
Moving harm,Biased search,510246,0.41429199218749996,0.08333333333333333,0.0675,0.0182080078125,0.0,0,0.08333333333333333,base
Moving harm,Biased search,510247,0.4280419921875,0.041666666666666664,0.05375,0.0182080078125,0.0,0,0.041666666666666664,base
Moving harm,Biased search,510248,0.3967919921875,0.16666666666666666,0.085,0.0182080078125,0.0,0,0.16666666666666666,base
Moving harm,Biased search,510249,0.41429199218749996,0.08333333333333333,0.06750000000000002,0.0182080078125,0.0,0,0.08333333333333333,base
Moving harm,Biased search,510250,0.4417919921875,0.0,0.04000000000000001,0.0182080078125,0.0,0,0.0,base
Moving harm,Biased search,510251,0.41554199218750004,0.125,0.06625000000000002,0.0182080078125,0.0,0,0.125,base
Moving harm,Biased search,510252,0.3455419921875,0.2916666666666667,0.13625,0.0182080078125,0.0,0,0.2916666666666667,base
Moving harm,Biased search,510253,0.3967919921875,0.16666666666666666,0.08500000000000002,0.0182080078125,0.0,0,0.16666666666666666,base
Moving harm,Biased search,510254,0.3755419921875,0.125,0.10625000000000001,0.0182080078125,0.0,0,0.125,base
Moving harm,Biased search,510255,0.39054199218749996,0.125,0.09125000000000001,0.0182080078125,0.0,0,0.125,base
Moving harm,Balanced search,510000,0.456630859375,0.0,0.025000000000000005,0.018369140625000002,0.0,0,0.0,base
Moving harm,Balanced search,510001,0.43663085937499996,0.0,0.045000000000000005,0.018369140625000002,0.0,0,0.0,base
Moving harm,Balanced search,510002,0.461630859375,0.0,0.020000000000000004,0.018369140625000002,0.0,0,0.0,base
Moving harm,Balanced search,510003,0.471630859375,0.0,0.010000000000000002,0.018369140625000002,0.0,0,0.0,base
Moving harm,Balanced search,510004,0.452880859375,0.041666666666666664,0.028750000000000008,0.018369140625000002,0.0,0,0.041666666666666664,base
Moving harm,Balanced search,510005,0.461630859375,0.0,0.020000000000000004,0.018369140625000002,0.0,0,0.0,base
Moving harm,Balanced search,510006,0.45163085937499997,0.0,0.03000000000000001,0.018369140625000002,0.0,0,0.0,base
Moving harm,Balanced search,510007,0.456630859375,0.0,0.025000000000000005,0.018369140625000002,0.0,0,0.0,base
Moving harm,Balanced search,510008,0.43788085937499993,0.041666666666666664,0.04375000000000001,0.018369140625000002,0.0,0,0.041666666666666664,base
Moving harm,Balanced search,510009,0.45163085937499997,0.0,0.030000000000000002,0.018369140625000002,0.0,0,0.0,base
Moving harm,Balanced search,510010,0.43663085937499996,0.0,0.045000000000000005,0.018369140625000002,0.0,0,0.0,base
Moving harm,Balanced search,510011,0.456630859375,0.0,0.025000000000000005,0.018369140625000002,0.0,0,0.0,base
Moving harm,Balanced search,510012,0.456630859375,0.0,0.025000000000000005,0.018369140625000002,0.0,0,0.0,base
Moving harm,Balanced search,510013,0.46663085937499993,0.0,0.015000000000000005,0.018369140625000002,0.0,0,0.0,base
Moving harm,Balanced search,510014,0.43163085937499995,0.0,0.05000000000000001,0.018369140625000002,0.0,0,0.0,base
Moving harm,Balanced search,510015,0.461630859375,0.0,0.020000000000000004,0.018369140625000002,0.0,0,0.0,base
Moving harm,Balanced search,510016,0.461630859375,0.0,0.020000000000000004,0.018369140625000002,0.0,0,0.0,base
Moving harm,Balanced search,510017,0.45163085937499997,0.0,0.03000000000000001,0.018369140625000002,0.0,0,0.0,base
Moving harm,Balanced search,510018,0.45163085937499997,0.0,0.03000000000000001,0.018369140625000002,0.0,0,0.0,base
Moving harm,Balanced search,510019,0.43663085937499996,0.0,0.045000000000000005,0.018369140625000002,0.0,0,0.0,base
Moving harm,Balanced search,510020,0.45163085937499997,0.0,0.030000000000000002,0.018369140625000002,0.0,0,0.0,base
Moving harm,Balanced search,510021,0.45163085937499997,0.0,0.03000000000000001,0.018369140625000002,0.0,0,0.0,base
Moving harm,Balanced search,510022,0.45163085937499997,0.0,0.03000000000000001,0.018369140625000002,0.0,0,0.0,base
Moving harm,Balanced search,510023,0.456630859375,0.0,0.025000000000000005,0.018369140625000002,0.0,0,0.0,base
Moving harm,Balanced search,510024,0.461630859375,0.0,0.020000000000000004,0.018369140625000002,0.0,0,0.0,base
Moving harm,Balanced search,510025,0.4466308593749999,0.0,0.03500000000000001,0.018369140625000002,0.0,0,0.0,base
Moving harm,Balanced search,510026,0.44288085937499994,0.041666666666666664,0.03875000000000001,0.018369140625000002,0.0,0,0.041666666666666664,base
Moving harm,Balanced search,510027,0.461630859375,0.0,0.020000000000000004,0.018369140625000002,0.0,0,0.0,base
Moving harm,Balanced search,510028,0.46663085937499993,0.0,0.015000000000000005,0.018369140625000002,0.0,0,0.0,base
Moving harm,Balanced search,510029,0.44163085937499996,0.0,0.04000000000000001,0.018369140625000002,0.0,0,0.0,base
Moving harm,Balanced search,510030,0.44163085937499996,0.0,0.04000000000000001,0.018369140625000002,0.0,0,0.0,base
Moving harm,Balanced search,510031,0.461630859375,0.0,0.020000000000000004,0.018369140625000002,0.0,0,0.0,base
Moving harm,Balanced search,510032,0.46663085937499993,0.0,0.015000000000000005,0.018369140625000002,0.0,0,0.0,base
Moving harm,Balanced search,510033,0.456630859375,0.0,0.025000000000000005,0.018369140625000002,0.0,0,0.0,base
Moving harm,Balanced search,510034,0.45163085937499997,0.0,0.03000000000000001,0.018369140625000002,0.0,0,0.0,base
Moving harm,Balanced search,510035,0.456630859375,0.0,0.025000000000000005,0.018369140625000002,0.0,0,0.0,base
Moving harm,Balanced search,510036,0.45163085937499997,0.0,0.030000000000000002,0.018369140625000002,0.0,0,0.0,base
Moving harm,Balanced search,510037,0.45163085937499997,0.0,0.03000000000000001,0.018369140625000002,0.0,0,0.0,base
Moving harm,Balanced search,510038,0.46663085937499993,0.0,0.015000000000000005,0.018369140625000002,0.0,0,0.0,base
Moving harm,Balanced search,510039,0.46663085937499993,0.0,0.015000000000000005,0.018369140625000002,0.0,0,0.0,base
Moving harm,Balanced search,510040,0.44163085937499996,0.0,0.04000000000000001,0.018369140625000002,0.0,0,0.0,base
Moving harm,Balanced search,510041,0.456630859375,0.0,0.025000000000000005,0.018369140625000002,0.0,0,0.0,base
Moving harm,Balanced search,510042,0.4466308593749999,0.0,0.035,0.018369140625000002,0.0,0,0.0,base
Moving harm,Balanced search,510043,0.456630859375,0.0,0.025000000000000005,0.018369140625000002,0.0,0,0.0,base
Moving harm,Balanced search,510044,0.4466308593749999,0.0,0.03500000000000001,0.018369140625000002,0.0,0,0.0,base
Moving harm,Balanced search,510045,0.46663085937499993,0.0,0.015000000000000005,0.018369140625000002,0.0,0,0.0,base
Moving harm,Balanced search,510046,0.461630859375,0.0,0.020000000000000004,0.018369140625000002,0.0,0,0.0,base
Moving harm,Balanced search,510047,0.4266308593749999,0.0,0.055000000000000014,0.018369140625000002,0.0,0,0.0,base
Moving harm,Balanced search,510048,0.461630859375,0.0,0.020000000000000004,0.018369140625000002,0.0,0,0.0,base
Moving harm,Balanced search,510049,0.461630859375,0.0,0.020000000000000004,0.018369140625000002,0.0,0,0.0,base
Moving harm,Balanced search,510050,0.45163085937499997,0.0,0.03000000000000001,0.018369140625000002,0.0,0,0.0,base
Moving harm,Balanced search,510051,0.45163085937499997,0.0,0.03000000000000001,0.018369140625000002,0.0,0,0.0,base
Moving harm,Balanced search,510052,0.44163085937499996,0.0,0.04000000000000001,0.018369140625000002,0.0,0,0.0,base
Moving harm,Balanced search,510053,0.471630859375,0.0,0.010000000000000002,0.018369140625000002,0.0,0,0.0,base
Moving harm,Balanced search,510054,0.456630859375,0.0,0.025000000000000005,0.018369140625000002,0.0,0,0.0,base
Moving harm,Balanced search,510055,0.43788085937499993,0.041666666666666664,0.043750000000000004,0.018369140625000002,0.0,0,0.041666666666666664,base
Moving harm,Balanced search,510056,0.471630859375,0.0,0.010000000000000002,0.018369140625000002,0.0,0,0.0,base
Moving harm,Balanced search,510057,0.456630859375,0.0,0.025000000000000005,0.018369140625000002,0.0,0,0.0,base
Moving harm,Balanced search,510058,0.456630859375,0.0,0.025000000000000005,0.018369140625000002,0.0,0,0.0,base
Moving harm,Balanced search,510059,0.4278808593749999,0.041666666666666664,0.05375,0.018369140625000002,0.0,0,0.041666666666666664,base
Moving harm,Balanced search,510060,0.461630859375,0.0,0.020000000000000004,0.018369140625000002,0.0,0,0.0,base
Moving harm,Balanced search,510061,0.44163085937499996,0.0,0.04000000000000001,0.018369140625000002,0.0,0,0.0,base
Moving harm,Balanced search,510062,0.45163085937499997,0.0,0.03000000000000001,0.018369140625000002,0.0,0,0.0,base
Moving harm,Balanced search,510063,0.43663085937499996,0.0,0.045000000000000005,0.018369140625000002,0.0,0,0.0,base
Moving harm,Balanced search,510064,0.4466308593749999,0.0,0.035,0.018369140625000002,0.0,0,0.0,base
Moving harm,Balanced search,510065,0.46663085937499993,0.0,0.015000000000000005,0.018369140625000002,0.0,0,0.0,base
Moving harm,Balanced search,510066,0.456630859375,0.0,0.025000000000000005,0.018369140625000002,0.0,0,0.0,base
Moving harm,Balanced search,510067,0.456630859375,0.0,0.025000000000000005,0.018369140625000002,0.0,0,0.0,base
Moving harm,Balanced search,510068,0.46663085937499993,0.0,0.015000000000000005,0.018369140625000002,0.0,0,0.0,base
Moving harm,Balanced search,510069,0.46663085937499993,0.0,0.015000000000000005,0.018369140625000002,0.0,0,0.0,base
Moving harm,Balanced search,510070,0.456630859375,0.0,0.025000000000000005,0.018369140625000002,0.0,0,0.0,base
Moving harm,Balanced search,510071,0.44788085937499994,0.041666666666666664,0.03375,0.018369140625000002,0.0,0,0.041666666666666664,base
Moving harm,Balanced search,510072,0.45163085937499997,0.0,0.03000000000000001,0.018369140625000002,0.0,0,0.0,base
Moving harm,Balanced search,510073,0.4278808593749999,0.041666666666666664,0.05375000000000001,0.018369140625000002,0.0,0,0.041666666666666664,base
Moving harm,Balanced search,510074,0.44288085937499994,0.041666666666666664,0.03875000000000001,0.018369140625000002,0.0,0,0.041666666666666664,base
Moving harm,Balanced search,510075,0.4466308593749999,0.0,0.03500000000000001,0.018369140625000002,0.0,0,0.0,base
Moving harm,Balanced search,510076,0.46663085937499993,0.0,0.015000000000000005,0.018369140625000002,0.0,0,0.0,base
Moving harm,Balanced search,510077,0.461630859375,0.0,0.020000000000000004,0.018369140625000002,0.0,0,0.0,base
Moving harm,Balanced search,510078,0.456630859375,0.0,0.025000000000000005,0.018369140625000002,0.0,0,0.0,base
Moving harm,Balanced search,510079,0.456630859375,0.0,0.025000000000000005,0.018369140625000002,0.0,0,0.0,base
Moving harm,Balanced search,510080,0.456630859375,0.0,0.025000000000000005,0.018369140625000002,0.0,0,0.0,base
Moving harm,Balanced search,510081,0.44163085937499996,0.0,0.04000000000000001,0.018369140625000002,0.0,0,0.0,base
Moving harm,Balanced search,510082,0.44788085937499994,0.041666666666666664,0.03375000000000001,0.018369140625000002,0.0,0,0.041666666666666664,base
Moving harm,Balanced search,510083,0.456630859375,0.0,0.025000000000000005,0.018369140625000002,0.0,0,0.0,base
Moving harm,Balanced search,510084,0.456630859375,0.0,0.025000000000000005,0.018369140625000002,0.0,0,0.0,base
Moving harm,Balanced search,510085,0.456630859375,0.0,0.025000000000000005,0.018369140625000002,0.0,0,0.0,base
Moving harm,Balanced search,510086,0.45163085937499997,0.0,0.03000000000000001,0.018369140625000002,0.0,0,0.0,base
Moving harm,Balanced search,510087,0.461630859375,0.0,0.020000000000000004,0.018369140625000002,0.0,0,0.0,base
Moving harm,Balanced search,510088,0.46663085937499993,0.0,0.015000000000000005,0.018369140625000002,0.0,0,0.0,base
Moving harm,Balanced search,510089,0.4466308593749999,0.0,0.03500000000000001,0.018369140625000002,0.0,0,0.0,base
Moving harm,Balanced search,510090,0.471630859375,0.0,0.010000000000000002,0.018369140625000002,0.0,0,0.0,base
Moving harm,Balanced search,510091,0.45163085937499997,0.0,0.03000000000000001,0.018369140625000002,0.0,0,0.0,base
Moving harm,Balanced search,510092,0.44288085937499994,0.041666666666666664,0.03875000000000001,0.018369140625000002,0.0,0,0.041666666666666664,base
Moving harm,Balanced search,510093,0.45163085937499997,0.0,0.03000000000000001,0.018369140625000002,0.0,0,0.0,base
Moving harm,Balanced search,510094,0.461630859375,0.0,0.020000000000000004,0.018369140625000002,0.0,0,0.0,base
Moving harm,Balanced search,510095,0.44163085937499996,0.0,0.04000000000000001,0.018369140625000002,0.0,0,0.0,base
Moving harm,Balanced search,510096,0.461630859375,0.0,0.020000000000000004,0.018369140625000002,0.0,0,0.0,base
Moving harm,Balanced search,510097,0.456630859375,0.0,0.025000000000000005,0.018369140625000002,0.0,0,0.0,base
Moving harm,Balanced search,510098,0.461630859375,0.0,0.020000000000000004,0.018369140625000002,0.0,0,0.0,base
Moving harm,Balanced search,510099,0.46663085937499993,0.0,0.015000000000000005,0.018369140625000002,0.0,0,0.0,base
Moving harm,Balanced search,510100,0.461630859375,0.0,0.020000000000000004,0.018369140625000002,0.0,0,0.0,base
Moving harm,Balanced search,510101,0.456630859375,0.0,0.025000000000000005,0.018369140625000002,0.0,0,0.0,base
Moving harm,Balanced search,510102,0.456630859375,0.0,0.025000000000000005,0.018369140625000002,0.0,0,0.0,base
Moving harm,Balanced search,510103,0.46663085937499993,0.0,0.015000000000000005,0.018369140625000002,0.0,0,0.0,base
Moving harm,Balanced search,510104,0.461630859375,0.0,0.020000000000000004,0.018369140625000002,0.0,0,0.0,base
Moving harm,Balanced search,510105,0.45163085937499997,0.0,0.03000000000000001,0.018369140625000002,0.0,0,0.0,base
Moving harm,Balanced search,510106,0.4278808593749999,0.041666666666666664,0.05375,0.018369140625000002,0.0,0,0.041666666666666664,base
Moving harm,Balanced search,510107,0.44288085937499994,0.041666666666666664,0.03875000000000001,0.018369140625000002,0.0,0,0.041666666666666664,base
Moving harm,Balanced search,510108,0.42413085937499995,0.08333333333333333,0.057500000000000016,0.018369140625000002,0.0,0,0.08333333333333333,base
Moving harm,Balanced search,510109,0.461630859375,0.0,0.020000000000000004,0.018369140625000002,0.0,0,0.0,base
Moving harm,Balanced search,510110,0.43163085937499995,0.0,0.05000000000000001,0.018369140625000002,0.0,0,0.0,base
Moving harm,Balanced search,510111,0.46288085937499995,0.041666666666666664,0.018750000000000003,0.018369140625000002,0.0,0,0.041666666666666664,base
Moving harm,Balanced search,510112,0.45163085937499997,0.0,0.03000000000000001,0.018369140625000002,0.0,0,0.0,base
Moving harm,Balanced search,510113,0.45788085937499995,0.041666666666666664,0.023750000000000004,0.018369140625000002,0.0,0,0.041666666666666664,base
Moving harm,Balanced search,510114,0.44163085937499996,0.0,0.04000000000000001,0.018369140625000002,0.0,0,0.0,base
Moving harm,Balanced search,510115,0.46663085937499993,0.0,0.015000000000000005,0.018369140625000002,0.0,0,0.0,base
Moving harm,Balanced search,510116,0.471630859375,0.0,0.010000000000000002,0.018369140625000002,0.0,0,0.0,base
Moving harm,Balanced search,510117,0.4466308593749999,0.0,0.03500000000000001,0.018369140625000002,0.0,0,0.0,base
Moving harm,Balanced search,510118,0.461630859375,0.0,0.020000000000000004,0.018369140625000002,0.0,0,0.0,base
Moving harm,Balanced search,510119,0.44163085937499996,0.0,0.04000000000000001,0.018369140625000002,0.0,0,0.0,base
Moving harm,Balanced search,510120,0.456630859375,0.0,0.025000000000000005,0.018369140625000002,0.0,0,0.0,base
Moving harm,Balanced search,510121,0.461630859375,0.0,0.020000000000000004,0.018369140625000002,0.0,0,0.0,base
Moving harm,Balanced search,510122,0.43788085937499993,0.041666666666666664,0.04375000000000001,0.018369140625000002,0.0,0,0.041666666666666664,base
Moving harm,Balanced search,510123,0.456630859375,0.0,0.025000000000000005,0.018369140625000002,0.0,0,0.0,base
Moving harm,Balanced search,510124,0.4466308593749999,0.0,0.03500000000000001,0.018369140625000002,0.0,0,0.0,base
Moving harm,Balanced search,510125,0.456630859375,0.0,0.025000000000000005,0.018369140625000002,0.0,0,0.0,base
Moving harm,Balanced search,510126,0.461630859375,0.0,0.020000000000000004,0.018369140625000002,0.0,0,0.0,base
Moving harm,Balanced search,510127,0.4466308593749999,0.0,0.035,0.018369140625000002,0.0,0,0.0,base
Moving harm,Balanced search,510128,0.461630859375,0.0,0.020000000000000004,0.018369140625000002,0.0,0,0.0,base
Moving harm,Balanced search,510129,0.41288085937499996,0.041666666666666664,0.06875000000000002,0.018369140625000002,0.0,0,0.041666666666666664,base
Moving harm,Balanced search,510130,0.456630859375,0.0,0.025000000000000005,0.018369140625000002,0.0,0,0.0,base
Moving harm,Balanced search,510131,0.471630859375,0.0,0.010000000000000002,0.018369140625000002,0.0,0,0.0,base
Moving harm,Balanced search,510132,0.44163085937499996,0.0,0.04,0.018369140625000002,0.0,0,0.0,base
Moving harm,Balanced search,510133,0.4466308593749999,0.0,0.03500000000000001,0.018369140625000002,0.0,0,0.0,base
Moving harm,Balanced search,510134,0.46663085937499993,0.0,0.015000000000000005,0.018369140625000002,0.0,0,0.0,base
Moving harm,Balanced search,510135,0.44163085937499996,0.0,0.04000000000000001,0.018369140625000002,0.0,0,0.0,base
Moving harm,Balanced search,510136,0.461630859375,0.0,0.020000000000000004,0.018369140625000002,0.0,0,0.0,base
Moving harm,Balanced search,510137,0.476630859375,0.0,0.005000000000000001,0.018369140625000002,0.0,0,0.0,base
Moving harm,Balanced search,510138,0.43163085937499995,0.0,0.05000000000000001,0.018369140625000002,0.0,0,0.0,base
Moving harm,Balanced search,510139,0.43663085937499996,0.0,0.04500000000000001,0.018369140625000002,0.0,0,0.0,base
Moving harm,Balanced search,510140,0.4466308593749999,0.0,0.035,0.018369140625000002,0.0,0,0.0,base
Moving harm,Balanced search,510141,0.456630859375,0.0,0.025000000000000005,0.018369140625000002,0.0,0,0.0,base
Moving harm,Balanced search,510142,0.45163085937499997,0.0,0.03000000000000001,0.018369140625000002,0.0,0,0.0,base
Moving harm,Balanced search,510143,0.4228808593749999,0.041666666666666664,0.05875000000000002,0.018369140625000002,0.0,0,0.041666666666666664,base
Moving harm,Balanced search,510144,0.42163085937499994,0.0,0.06000000000000002,0.018369140625000002,0.0,0,0.0,base
Moving harm,Balanced search,510145,0.4466308593749999,0.0,0.035,0.018369140625000002,0.0,0,0.0,base
Moving harm,Balanced search,510146,0.45163085937499997,0.0,0.030000000000000002,0.018369140625000002,0.0,0,0.0,base
Moving harm,Balanced search,510147,0.4466308593749999,0.0,0.035,0.018369140625000002,0.0,0,0.0,base
Moving harm,Balanced search,510148,0.4466308593749999,0.0,0.03500000000000001,0.018369140625000002,0.0,0,0.0,base
Moving harm,Balanced search,510149,0.456630859375,0.0,0.025000000000000005,0.018369140625000002,0.0,0,0.0,base
Moving harm,Balanced search,510150,0.461630859375,0.0,0.020000000000000004,0.018369140625000002,0.0,0,0.0,base
Moving harm,Balanced search,510151,0.44288085937499994,0.041666666666666664,0.03875000000000001,0.018369140625000002,0.0,0,0.041666666666666664,base
Moving harm,Balanced search,510152,0.4466308593749999,0.0,0.03500000000000001,0.018369140625000002,0.0,0,0.0,base
Moving harm,Balanced search,510153,0.456630859375,0.0,0.025000000000000005,0.018369140625000002,0.0,0,0.0,base
Moving harm,Balanced search,510154,0.45163085937499997,0.0,0.03000000000000001,0.018369140625000002,0.0,0,0.0,base
Moving harm,Balanced search,510155,0.461630859375,0.0,0.020000000000000004,0.018369140625000002,0.0,0,0.0,base
Moving harm,Balanced search,510156,0.46663085937499993,0.0,0.015000000000000005,0.018369140625000002,0.0,0,0.0,base
Moving harm,Balanced search,510157,0.43663085937499996,0.0,0.045000000000000005,0.018369140625000002,0.0,0,0.0,base
Moving harm,Balanced search,510158,0.44288085937499994,0.041666666666666664,0.03875000000000001,0.018369140625000002,0.0,0,0.041666666666666664,base
Moving harm,Balanced search,510159,0.45163085937499997,0.0,0.03000000000000001,0.018369140625000002,0.0,0,0.0,base
Moving harm,Balanced search,510160,0.44288085937499994,0.041666666666666664,0.03875000000000001,0.018369140625000002,0.0,0,0.041666666666666664,base
Moving harm,Balanced search,510161,0.44788085937499994,0.041666666666666664,0.03375,0.018369140625000002,0.0,0,0.041666666666666664,base
Moving harm,Balanced search,510162,0.4466308593749999,0.0,0.03500000000000001,0.018369140625000002,0.0,0,0.0,base
Moving harm,Balanced search,510163,0.4278808593749999,0.041666666666666664,0.05375,0.018369140625000002,0.0,0,0.041666666666666664,base
Moving harm,Balanced search,510164,0.45163085937499997,0.0,0.03000000000000001,0.018369140625000002,0.0,0,0.0,base
Moving harm,Balanced search,510165,0.432880859375,0.041666666666666664,0.048750000000000016,0.018369140625000002,0.0,0,0.041666666666666664,base
Moving harm,Balanced search,510166,0.461630859375,0.0,0.020000000000000004,0.018369140625000002,0.0,0,0.0,base
Moving harm,Balanced search,510167,0.461630859375,0.0,0.020000000000000004,0.018369140625000002,0.0,0,0.0,base
Moving harm,Balanced search,510168,0.4466308593749999,0.0,0.03500000000000001,0.018369140625000002,0.0,0,0.0,base
Moving harm,Balanced search,510169,0.4266308593749999,0.0,0.055000000000000014,0.018369140625000002,0.0,0,0.0,base
Moving harm,Balanced search,510170,0.43663085937499996,0.0,0.045000000000000005,0.018369140625000002,0.0,0,0.0,base
Moving harm,Balanced search,510171,0.471630859375,0.0,0.010000000000000002,0.018369140625000002,0.0,0,0.0,base
Moving harm,Balanced search,510172,0.461630859375,0.0,0.020000000000000004,0.018369140625000002,0.0,0,0.0,base
Moving harm,Balanced search,510173,0.45163085937499997,0.0,0.03000000000000001,0.018369140625000002,0.0,0,0.0,base
Moving harm,Balanced search,510174,0.45163085937499997,0.0,0.03000000000000001,0.018369140625000002,0.0,0,0.0,base
Moving harm,Balanced search,510175,0.452880859375,0.041666666666666664,0.028750000000000008,0.018369140625000002,0.0,0,0.041666666666666664,base
Moving harm,Balanced search,510176,0.461630859375,0.0,0.020000000000000004,0.018369140625000002,0.0,0,0.0,base
Moving harm,Balanced search,510177,0.44288085937499994,0.041666666666666664,0.03875000000000001,0.018369140625000002,0.0,0,0.041666666666666664,base
Moving harm,Balanced search,510178,0.4391308593749999,0.08333333333333333,0.0425,0.018369140625000002,0.0,0,0.08333333333333333,base
Moving harm,Balanced search,510179,0.45163085937499997,0.0,0.03000000000000001,0.018369140625000002,0.0,0,0.0,base
Moving harm,Balanced search,510180,0.43788085937499993,0.041666666666666664,0.043750000000000004,0.018369140625000002,0.0,0,0.041666666666666664,base
Moving harm,Balanced search,510181,0.4466308593749999,0.0,0.03500000000000001,0.018369140625000002,0.0,0,0.0,base
Moving harm,Balanced search,510182,0.44163085937499996,0.0,0.04000000000000001,0.018369140625000002,0.0,0,0.0,base
Moving harm,Balanced search,510183,0.461630859375,0.0,0.020000000000000004,0.018369140625000002,0.0,0,0.0,base
Moving harm,Balanced search,510184,0.45163085937499997,0.0,0.03000000000000001,0.018369140625000002,0.0,0,0.0,base
Moving harm,Balanced search,510185,0.461630859375,0.0,0.020000000000000004,0.018369140625000002,0.0,0,0.0,base
Moving harm,Balanced search,510186,0.46663085937499993,0.0,0.015000000000000005,0.018369140625000002,0.0,0,0.0,base
Moving harm,Balanced search,510187,0.45163085937499997,0.0,0.03000000000000001,0.018369140625000002,0.0,0,0.0,base
Moving harm,Balanced search,510188,0.43788085937499993,0.041666666666666664,0.043750000000000004,0.018369140625000002,0.0,0,0.041666666666666664,base
Moving harm,Balanced search,510189,0.45163085937499997,0.0,0.03000000000000001,0.018369140625000002,0.0,0,0.0,base
Moving harm,Balanced search,510190,0.46663085937499993,0.0,0.015000000000000005,0.018369140625000002,0.0,0,0.0,base
Moving harm,Balanced search,510191,0.4278808593749999,0.041666666666666664,0.05375000000000001,0.018369140625000002,0.0,0,0.041666666666666664,base
Moving harm,Balanced search,510192,0.45163085937499997,0.0,0.03000000000000001,0.018369140625000002,0.0,0,0.0,base
Moving harm,Balanced search,510193,0.4466308593749999,0.0,0.03500000000000001,0.018369140625000002,0.0,0,0.0,base
Moving harm,Balanced search,510194,0.456630859375,0.0,0.025000000000000005,0.018369140625000002,0.0,0,0.0,base
Moving harm,Balanced search,510195,0.43163085937499995,0.0,0.05000000000000001,0.018369140625000002,0.0,0,0.0,base
Moving harm,Balanced search,510196,0.45163085937499997,0.0,0.03000000000000001,0.018369140625000002,0.0,0,0.0,base
Moving harm,Balanced search,510197,0.461630859375,0.0,0.020000000000000004,0.018369140625000002,0.0,0,0.0,base
Moving harm,Balanced search,510198,0.461630859375,0.0,0.020000000000000004,0.018369140625000002,0.0,0,0.0,base
Moving harm,Balanced search,510199,0.45163085937499997,0.0,0.03000000000000001,0.018369140625000002,0.0,0,0.0,base
Moving harm,Balanced search,510200,0.461630859375,0.0,0.020000000000000004,0.018369140625000002,0.0,0,0.0,base
Moving harm,Balanced search,510201,0.43163085937499995,0.0,0.05000000000000001,0.018369140625000002,0.0,0,0.0,base
Moving harm,Balanced search,510202,0.471630859375,0.0,0.010000000000000002,0.018369140625000002,0.0,0,0.0,base
Moving harm,Balanced search,510203,0.4466308593749999,0.0,0.03500000000000001,0.018369140625000002,0.0,0,0.0,base
Moving harm,Balanced search,510204,0.456630859375,0.0,0.025000000000000005,0.018369140625000002,0.0,0,0.0,base
Moving harm,Balanced search,510205,0.45163085937499997,0.0,0.03000000000000001,0.018369140625000002,0.0,0,0.0,base
Moving harm,Balanced search,510206,0.4466308593749999,0.0,0.03500000000000001,0.018369140625000002,0.0,0,0.0,base
Moving harm,Balanced search,510207,0.456630859375,0.0,0.025000000000000005,0.018369140625000002,0.0,0,0.0,base
Moving harm,Balanced search,510208,0.456630859375,0.0,0.025000000000000005,0.018369140625000002,0.0,0,0.0,base
Moving harm,Balanced search,510209,0.456630859375,0.0,0.025000000000000005,0.018369140625000002,0.0,0,0.0,base
Moving harm,Balanced search,510210,0.45163085937499997,0.0,0.03000000000000001,0.018369140625000002,0.0,0,0.0,base
Moving harm,Balanced search,510211,0.43663085937499996,0.0,0.04500000000000001,0.018369140625000002,0.0,0,0.0,base
Moving harm,Balanced search,510212,0.456630859375,0.0,0.025000000000000005,0.018369140625000002,0.0,0,0.0,base
Moving harm,Balanced search,510213,0.44288085937499994,0.041666666666666664,0.03875000000000001,0.018369140625000002,0.0,0,0.041666666666666664,base
Moving harm,Balanced search,510214,0.471630859375,0.0,0.010000000000000002,0.018369140625000002,0.0,0,0.0,base
Moving harm,Balanced search,510215,0.43663085937499996,0.0,0.045000000000000005,0.018369140625000002,0.0,0,0.0,base
Moving harm,Balanced search,510216,0.452880859375,0.041666666666666664,0.02875,0.018369140625000002,0.0,0,0.041666666666666664,base
Moving harm,Balanced search,510217,0.45163085937499997,0.0,0.03000000000000001,0.018369140625000002,0.0,0,0.0,base
Moving harm,Balanced search,510218,0.456630859375,0.0,0.025000000000000005,0.018369140625000002,0.0,0,0.0,base
Moving harm,Balanced search,510219,0.461630859375,0.0,0.020000000000000004,0.018369140625000002,0.0,0,0.0,base
Moving harm,Balanced search,510220,0.45788085937499995,0.041666666666666664,0.023750000000000004,0.018369140625000002,0.0,0,0.041666666666666664,base
Moving harm,Balanced search,510221,0.456630859375,0.0,0.025000000000000005,0.018369140625000002,0.0,0,0.0,base
Moving harm,Balanced search,510222,0.42163085937499994,0.0,0.06000000000000002,0.018369140625000002,0.0,0,0.0,base
Moving harm,Balanced search,510223,0.44163085937499996,0.0,0.04000000000000001,0.018369140625000002,0.0,0,0.0,base
Moving harm,Balanced search,510224,0.4466308593749999,0.0,0.03500000000000001,0.018369140625000002,0.0,0,0.0,base
Moving harm,Balanced search,510225,0.4466308593749999,0.0,0.03500000000000001,0.018369140625000002,0.0,0,0.0,base
Moving harm,Balanced search,510226,0.46663085937499993,0.0,0.015000000000000005,0.018369140625000002,0.0,0,0.0,base
Moving harm,Balanced search,510227,0.461630859375,0.0,0.020000000000000004,0.018369140625000002,0.0,0,0.0,base
Moving harm,Balanced search,510228,0.4466308593749999,0.0,0.03500000000000001,0.018369140625000002,0.0,0,0.0,base
Moving harm,Balanced search,510229,0.44288085937499994,0.041666666666666664,0.03875000000000001,0.018369140625000002,0.0,0,0.041666666666666664,base
Moving harm,Balanced search,510230,0.461630859375,0.0,0.020000000000000004,0.018369140625000002,0.0,0,0.0,base
Moving harm,Balanced search,510231,0.456630859375,0.0,0.025000000000000005,0.018369140625000002,0.0,0,0.0,base
Moving harm,Balanced search,510232,0.471630859375,0.0,0.010000000000000002,0.018369140625000002,0.0,0,0.0,base
Moving harm,Balanced search,510233,0.461630859375,0.0,0.020000000000000004,0.018369140625000002,0.0,0,0.0,base
Moving harm,Balanced search,510234,0.4228808593749999,0.041666666666666664,0.058750000000000004,0.018369140625000002,0.0,0,0.041666666666666664,base
Moving harm,Balanced search,510235,0.45163085937499997,0.0,0.03000000000000001,0.018369140625000002,0.0,0,0.0,base
Moving harm,Balanced search,510236,0.461630859375,0.0,0.020000000000000004,0.018369140625000002,0.0,0,0.0,base
Moving harm,Balanced search,510237,0.45163085937499997,0.0,0.03000000000000001,0.018369140625000002,0.0,0,0.0,base
Moving harm,Balanced search,510238,0.45163085937499997,0.0,0.030000000000000002,0.018369140625000002,0.0,0,0.0,base
Moving harm,Balanced search,510239,0.461630859375,0.0,0.020000000000000004,0.018369140625000002,0.0,0,0.0,base
Moving harm,Balanced search,510240,0.456630859375,0.0,0.025000000000000005,0.018369140625000002,0.0,0,0.0,base
Moving harm,Balanced search,510241,0.46663085937499993,0.0,0.015000000000000005,0.018369140625000002,0.0,0,0.0,base
Moving harm,Balanced search,510242,0.45163085937499997,0.0,0.03000000000000001,0.018369140625000002,0.0,0,0.0,base
Moving harm,Balanced search,510243,0.45163085937499997,0.0,0.03000000000000001,0.018369140625000002,0.0,0,0.0,base
Moving harm,Balanced search,510244,0.4466308593749999,0.0,0.035,0.018369140625000002,0.0,0,0.0,base
Moving harm,Balanced search,510245,0.471630859375,0.0,0.010000000000000002,0.018369140625000002,0.0,0,0.0,base
Moving harm,Balanced search,510246,0.4466308593749999,0.0,0.03500000000000001,0.018369140625000002,0.0,0,0.0,base
Moving harm,Balanced search,510247,0.44163085937499996,0.0,0.04000000000000001,0.018369140625000002,0.0,0,0.0,base
Moving harm,Balanced search,510248,0.461630859375,0.0,0.020000000000000004,0.018369140625000002,0.0,0,0.0,base
Moving harm,Balanced search,510249,0.476630859375,0.0,0.005000000000000001,0.018369140625000002,0.0,0,0.0,base
Moving harm,Balanced search,510250,0.456630859375,0.0,0.025000000000000005,0.018369140625000002,0.0,0,0.0,base
Moving harm,Balanced search,510251,0.456630859375,0.0,0.025000000000000005,0.018369140625000002,0.0,0,0.0,base
Moving harm,Balanced search,510252,0.461630859375,0.0,0.020000000000000004,0.018369140625000002,0.0,0,0.0,base
Moving harm,Balanced search,510253,0.44163085937499996,0.0,0.04000000000000001,0.018369140625000002,0.0,0,0.0,base
Moving harm,Balanced search,510254,0.4466308593749999,0.0,0.035,0.018369140625000002,0.0,0,0.0,base
Moving harm,Balanced search,510255,0.4466308593749999,0.0,0.035,0.018369140625000002,0.0,0,0.0,base
Moving harm,Neyman search,510000,0.46170918782552084,0.0,0.020000000000000004,0.018290812174479167,0.0,0,0.0,base
Moving harm,Neyman search,510001,0.43667785644531243,0.0,0.045000000000000005,0.0183221435546875,0.0,0,0.0,base
Moving harm,Neyman search,510002,0.4617002360026041,0.0,0.020000000000000004,0.018299763997395833,0.0,0,0.0,base
Moving harm,Neyman search,510003,0.4717181396484375,0.0,0.010000000000000002,0.018281860351562502,0.0,0,0.0,base
Moving harm,Neyman search,510004,0.45296590169270834,0.041666666666666664,0.028750000000000008,0.018284098307291666,0.0,0,0.041666666666666664,base
Moving harm,Neyman search,510005,0.466697998046875,0.0,0.015000000000000005,0.018302001953125,0.0,0,0.0,base
Moving harm,Neyman search,510006,0.4516845703124999,0.0,0.03000000000000001,0.018315429687500002,0.0,0,0.0,base
Moving harm,Neyman search,510007,0.4567002360026042,0.0,0.025000000000000005,0.018299763997395833,0.0,0,0.0,base
Moving harm,Neyman search,510008,0.4329435221354167,0.041666666666666664,0.048750000000000016,0.018306477864583334,0.0,0,0.041666666666666664,base
Moving harm,Neyman search,510009,0.45170471191406253,0.0,0.030000000000000002,0.0182952880859375,0.0,0,0.0,base
Moving harm,Neyman search,510010,0.44168233235677085,0.0,0.04000000000000001,0.018317667643229167,0.0,0,0.0,base
Moving harm,Neyman search,510011,0.45668904622395834,0.0,0.025000000000000005,0.01831095377604167,0.0,0,0.0,base
Moving harm,Neyman search,510012,0.45667785644531245,0.0,0.025000000000000005,0.018322143554687503,0.0,0,0.0,base
Moving harm,Neyman search,510013,0.466697998046875,0.0,0.015000000000000005,0.018302001953125,0.0,0,0.0,base
Moving harm,Neyman search,510014,0.4367181396484375,0.0,0.045000000000000005,0.018281860351562502,0.0,0,0.0,base
Moving harm,Neyman search,510015,0.4567002360026042,0.0,0.025000000000000005,0.018299763997395833,0.0,0,0.0,base
Moving harm,Neyman search,510016,0.46669576009114583,0.0,0.015000000000000005,0.01830423990885417,0.0,0,0.0,base
Moving harm,Neyman search,510017,0.4516890462239583,0.0,0.03000000000000001,0.018310953776041666,0.0,0,0.0,base
Moving harm,Neyman search,510018,0.45169352213541664,0.0,0.03000000000000001,0.018306477864583334,0.0,0,0.0,base
Moving harm,Neyman search,510019,0.43170023600260415,0.0,0.05000000000000001,0.018299763997395833,0.0,0,0.0,base
Moving harm,Neyman search,510020,0.4517181396484375,0.0,0.030000000000000002,0.018281860351562502,0.0,0,0.0,base
Moving harm,Neyman search,510021,0.4517024739583333,0.0,0.03000000000000001,0.018297526041666668,0.0,0,0.0,base
Moving harm,Neyman search,510022,0.4517069498697916,0.0,0.03000000000000001,0.018293050130208335,0.0,0,0.0,base
Moving harm,Neyman search,510023,0.4567069498697916,0.0,0.025000000000000005,0.018293050130208335,0.0,0,0.0,base
Moving harm,Neyman search,510024,0.4617024739583333,0.0,0.020000000000000004,0.018297526041666668,0.0,0,0.0,base
Moving harm,Neyman search,510025,0.446697998046875,0.0,0.03500000000000001,0.018302001953125004,0.0,0,0.0,base
Moving harm,Neyman search,510026,0.4429412841796874,0.041666666666666664,0.03875000000000001,0.0183087158203125,0.0,0,0.041666666666666664,base
Moving harm,Neyman search,510027,0.4666845703125,0.0,0.015000000000000005,0.018315429687500006,0.0,0,0.0,base
Moving harm,Neyman search,510028,0.47169576009114583,0.0,0.010000000000000002,0.01830423990885417,0.0,0,0.0,base
Moving harm,Neyman search,510029,0.4467047119140625,0.0,0.03500000000000001,0.0182952880859375,0.0,0,0.0,base
Moving harm,Neyman search,510030,0.44170694986979164,0.0,0.04000000000000001,0.018293050130208335,0.0,0,0.0,base
Moving harm,Neyman search,510031,0.46670471191406254,0.0,0.015000000000000005,0.0182952880859375,0.0,0,0.0,base
Moving harm,Neyman search,510032,0.4667181396484375,0.0,0.015000000000000005,0.018281860351562502,0.0,0,0.0,base
Moving harm,Neyman search,510033,0.46170918782552084,0.0,0.020000000000000004,0.018290812174479167,0.0,0,0.0,base
Moving harm,Neyman search,510034,0.4516957600911458,0.0,0.03000000000000001,0.01830423990885417,0.0,0,0.0,base
Moving harm,Neyman search,510035,0.45668904622395834,0.0,0.025000000000000005,0.01831095377604167,0.0,0,0.0,base
Moving harm,Neyman search,510036,0.4566935221354167,0.0,0.025000000000000005,0.018306477864583334,0.0,0,0.0,base
Moving harm,Neyman search,510037,0.4517091878255208,0.0,0.03000000000000001,0.018290812174479167,0.0,0,0.0,base
Moving harm,Neyman search,510038,0.46669128417968747,0.0,0.015000000000000005,0.0183087158203125,0.0,0,0.0,base
Moving harm,Neyman search,510039,0.46671142578124997,0.0,0.015000000000000005,0.018288574218750003,0.0,0,0.0,base
Moving harm,Neyman search,510040,0.44671590169270825,0.0,0.03500000000000001,0.018284098307291666,0.0,0,0.0,base
Moving harm,Neyman search,510041,0.45171366373697913,0.0,0.03000000000000001,0.018286336263020835,0.0,0,0.0,base
Moving harm,Neyman search,510042,0.4517002360026041,0.0,0.03000000000000001,0.018299763997395833,0.0,0,0.0,base
Moving harm,Neyman search,510043,0.4567069498697916,0.0,0.025000000000000005,0.018293050130208335,0.0,0,0.0,base
Moving harm,Neyman search,510044,0.4567091878255208,0.0,0.025000000000000005,0.018290812174479167,0.0,0,0.0,base
Moving harm,Neyman search,510045,0.4667159016927083,0.0,0.015000000000000005,0.018284098307291666,0.0,0,0.0,base
Moving harm,Neyman search,510046,0.4667069498697916,0.0,0.015000000000000005,0.018293050130208335,0.0,0,0.0,base
Moving harm,Neyman search,510047,0.4517047119140625,0.0,0.03000000000000001,0.0182952880859375,0.0,0,0.0,base
Moving harm,Neyman search,510048,0.46172261555989585,0.0,0.020000000000000004,0.018277384440104166,0.0,0,0.0,base
Moving harm,Neyman search,510049,0.4616935221354166,0.0,0.020000000000000004,0.018306477864583337,0.0,0,0.0,base
Moving harm,Neyman search,510050,0.451697998046875,0.0,0.03000000000000001,0.018302001953125,0.0,0,0.0,base
Moving harm,Neyman search,510051,0.45172037760416667,0.0,0.03000000000000001,0.018279622395833334,0.0,0,0.0,base
Moving harm,Neyman search,510052,0.4416890462239584,0.0,0.04000000000000001,0.01831095377604167,0.0,0,0.0,base
Moving harm,Neyman search,510053,0.4767091878255208,0.0,0.005000000000000001,0.018290812174479167,0.0,0,0.0,base
Moving harm,Neyman search,510054,0.4567181396484375,0.0,0.025000000000000005,0.018281860351562502,0.0,0,0.0,base
Moving harm,Neyman search,510055,0.44295023600260414,0.041666666666666664,0.03875,0.018299763997395833,0.0,0,0.041666666666666664,base
Moving harm,Neyman search,510056,0.47169576009114583,0.0,0.010000000000000002,0.01830423990885417,0.0,0,0.0,base
Moving harm,Neyman search,510057,0.4567091878255208,0.0,0.025000000000000005,0.018290812174479167,0.0,0,0.0,base
Moving harm,Neyman search,510058,0.45668904622395834,0.0,0.025000000000000005,0.018310953776041666,0.0,0,0.0,base
Moving harm,Neyman search,510059,0.43670918782552076,0.0,0.045000000000000005,0.018290812174479167,0.0,0,0.0,base
Moving harm,Neyman search,510060,0.4717047119140625,0.0,0.010000000000000002,0.0182952880859375,0.0,0,0.0,base
Moving harm,Neyman search,510061,0.4467159016927083,0.0,0.03500000000000001,0.018284098307291666,0.0,0,0.0,base
Moving harm,Neyman search,510062,0.45168233235677085,0.0,0.03000000000000001,0.01831766764322917,0.0,0,0.0,base
Moving harm,Neyman search,510063,0.44171813964843754,0.0,0.04000000000000001,0.018281860351562502,0.0,0,0.0,base
Moving harm,Neyman search,510064,0.44171142578125,0.0,0.04000000000000001,0.018288574218750003,0.0,0,0.0,base
Moving harm,Neyman search,510065,0.46668904622395835,0.0,0.015000000000000005,0.01831095377604167,0.0,0,0.0,base
Moving harm,Neyman search,510066,0.4567069498697916,0.0,0.025000000000000005,0.018293050130208335,0.0,0,0.0,base
Moving harm,Neyman search,510067,0.4566845703125,0.0,0.025000000000000005,0.0183154296875,0.0,0,0.0,base
Moving harm,Neyman search,510068,0.46669352213541665,0.0,0.015000000000000005,0.018306477864583334,0.0,0,0.0,base
Moving harm,Neyman search,510069,0.46670247395833325,0.0,0.015000000000000005,0.018297526041666668,0.0,0,0.0,base
Moving harm,Neyman search,510070,0.45671142578124996,0.0,0.025000000000000005,0.018288574218750003,0.0,0,0.0,base
Moving harm,Neyman search,510071,0.4479502360026042,0.041666666666666664,0.03375,0.018299763997395833,0.0,0,0.041666666666666664,base
Moving harm,Neyman search,510072,0.45669352213541664,0.0,0.025000000000000005,0.018306477864583337,0.0,0,0.0,base
Moving harm,Neyman search,510073,0.42794799804687494,0.041666666666666664,0.05375000000000001,0.018302001953125004,0.0,0,0.041666666666666664,base
Moving harm,Neyman search,510074,0.4429323323567708,0.041666666666666664,0.03875000000000001,0.01831766764322917,0.0,0,0.041666666666666664,base
Moving harm,Neyman search,510075,0.4517024739583333,0.0,0.03000000000000001,0.018297526041666668,0.0,0,0.0,base
Moving harm,Neyman search,510076,0.46671813964843745,0.0,0.015000000000000005,0.018281860351562502,0.0,0,0.0,base
Moving harm,Neyman search,510077,0.4667069498697916,0.0,0.015000000000000005,0.018293050130208335,0.0,0,0.0,base
Moving harm,Neyman search,510078,0.45671590169270826,0.0,0.025000000000000005,0.018284098307291666,0.0,0,0.0,base
Moving harm,Neyman search,510079,0.45671366373697914,0.0,0.025000000000000005,0.018286336263020835,0.0,0,0.0,base
Moving harm,Neyman search,510080,0.45669352213541664,0.0,0.025000000000000005,0.018306477864583337,0.0,0,0.0,base
Moving harm,Neyman search,510081,0.43670247395833334,0.0,0.045000000000000005,0.018297526041666668,0.0,0,0.0,base
Moving harm,Neyman search,510082,0.4479569498697917,0.041666666666666664,0.03375000000000001,0.018293050130208335,0.0,0,0.041666666666666664,base
Moving harm,Neyman search,510083,0.4566912841796875,0.0,0.025000000000000005,0.0183087158203125,0.0,0,0.0,base
Moving harm,Neyman search,510084,0.45671142578124996,0.0,0.025000000000000005,0.018288574218750003,0.0,0,0.0,base
Moving harm,Neyman search,510085,0.4517024739583333,0.0,0.03000000000000001,0.018297526041666668,0.0,0,0.0,base
Moving harm,Neyman search,510086,0.45171142578124995,0.0,0.03000000000000001,0.018288574218750003,0.0,0,0.0,base
Moving harm,Neyman search,510087,0.4667069498697917,0.0,0.015000000000000005,0.018293050130208335,0.0,0,0.0,base
Moving harm,Neyman search,510088,0.4667159016927083,0.0,0.015000000000000005,0.018284098307291666,0.0,0,0.0,base
Moving harm,Neyman search,510089,0.4467136637369791,0.0,0.03500000000000001,0.01828633626302083,0.0,0,0.0,base
Moving harm,Neyman search,510090,0.4717203776041667,0.0,0.010000000000000002,0.018279622395833334,0.0,0,0.0,base
Moving harm,Neyman search,510091,0.45171366373697913,0.0,0.03000000000000001,0.01828633626302083,0.0,0,0.0,base
Moving harm,Neyman search,510092,0.4567181396484375,0.0,0.025000000000000005,0.018281860351562502,0.0,0,0.0,base
Moving harm,Neyman search,510093,0.45668904622395834,0.0,0.025000000000000005,0.01831095377604167,0.0,0,0.0,base
Moving harm,Neyman search,510094,0.4617136637369792,0.0,0.020000000000000004,0.018286336263020835,0.0,0,0.0,base
Moving harm,Neyman search,510095,0.45170247395833335,0.0,0.03000000000000001,0.018297526041666668,0.0,0,0.0,base
Moving harm,Neyman search,510096,0.45669799804687505,0.0,0.025000000000000005,0.018302001953125004,0.0,0,0.0,base
Moving harm,Neyman search,510097,0.4667159016927083,0.0,0.015000000000000005,0.018284098307291666,0.0,0,0.0,base
Moving harm,Neyman search,510098,0.45670247395833324,0.0,0.025000000000000005,0.018297526041666668,0.0,0,0.0,base
Moving harm,Neyman search,510099,0.4667091878255209,0.0,0.015000000000000005,0.018290812174479167,0.0,0,0.0,base
Moving harm,Neyman search,510100,0.45671142578124996,0.0,0.025000000000000005,0.018288574218750003,0.0,0,0.0,base
Moving harm,Neyman search,510101,0.4567091878255208,0.0,0.025000000000000005,0.018290812174479167,0.0,0,0.0,base
Moving harm,Neyman search,510102,0.46670471191406254,0.0,0.015000000000000005,0.0182952880859375,0.0,0,0.0,base
Moving harm,Neyman search,510103,0.46670471191406243,0.0,0.015000000000000005,0.0182952880859375,0.0,0,0.0,base
Moving harm,Neyman search,510104,0.46168233235677086,0.0,0.020000000000000004,0.01831766764322917,0.0,0,0.0,base
Moving harm,Neyman search,510105,0.4517002360026041,0.0,0.03000000000000001,0.018299763997395833,0.0,0,0.0,base
Moving harm,Neyman search,510106,0.4517136637369792,0.0,0.03000000000000001,0.01828633626302083,0.0,0,0.0,base
Moving harm,Neyman search,510107,0.4479659016927083,0.041666666666666664,0.03375,0.018284098307291666,0.0,0,0.041666666666666664,base
Moving harm,Neyman search,510108,0.42922485351562495,0.08333333333333333,0.05250000000000001,0.018275146484375,0.0,0,0.08333333333333333,base
Moving harm,Neyman search,510109,0.4617024739583333,0.0,0.020000000000000004,0.018297526041666668,0.0,0,0.0,base
Moving harm,Neyman search,510110,0.43168904622395826,0.0,0.05000000000000001,0.01831095377604167,0.0,0,0.0,base
Moving harm,Neyman search,510111,0.46295023600260415,0.041666666666666664,0.018750000000000003,0.018299763997395836,0.0,0,0.041666666666666664,base
Moving harm,Neyman search,510112,0.4517024739583333,0.0,0.03000000000000001,0.018297526041666668,0.0,0,0.0,base
Moving harm,Neyman search,510113,0.45794576009114585,0.041666666666666664,0.023750000000000004,0.01830423990885417,0.0,0,0.041666666666666664,base
Moving harm,Neyman search,510114,0.44171142578124994,0.0,0.04000000000000001,0.018288574218750003,0.0,0,0.0,base
Moving harm,Neyman search,510115,0.466697998046875,0.0,0.015000000000000005,0.018302001953125004,0.0,0,0.0,base
Moving harm,Neyman search,510116,0.4716957600911458,0.0,0.010000000000000002,0.01830423990885417,0.0,0,0.0,base
Moving harm,Neyman search,510117,0.43670918782552076,0.0,0.045000000000000005,0.018290812174479167,0.0,0,0.0,base
Moving harm,Neyman search,510118,0.4616957600911458,0.0,0.020000000000000004,0.01830423990885417,0.0,0,0.0,base
Moving harm,Neyman search,510119,0.4467136637369791,0.0,0.035,0.01828633626302083,0.0,0,0.0,base
Moving harm,Neyman search,510120,0.4567091878255208,0.0,0.025000000000000005,0.018290812174479167,0.0,0,0.0,base
Moving harm,Neyman search,510121,0.47171142578124997,0.0,0.010000000000000002,0.018288574218750003,0.0,0,0.0,base
Moving harm,Neyman search,510122,0.43796813964843745,0.041666666666666664,0.04375000000000001,0.018281860351562502,0.0,0,0.041666666666666664,base
Moving harm,Neyman search,510123,0.456697998046875,0.0,0.025000000000000005,0.018302001953125,0.0,0,0.0,base
Moving harm,Neyman search,510124,0.44172037760416655,0.0,0.04000000000000001,0.018279622395833334,0.0,0,0.0,base
Moving harm,Neyman search,510125,0.46170694986979166,0.0,0.020000000000000004,0.018293050130208335,0.0,0,0.0,base
Moving harm,Neyman search,510126,0.46669576009114583,0.0,0.015000000000000005,0.01830423990885417,0.0,0,0.0,base
Moving harm,Neyman search,510127,0.44670247395833335,0.0,0.035,0.018297526041666668,0.0,0,0.0,base
Moving harm,Neyman search,510128,0.4666868082682291,0.0,0.015000000000000005,0.018313191731770834,0.0,0,0.0,base
Moving harm,Neyman search,510129,0.41293680826822915,0.041666666666666664,0.06875000000000002,0.018313191731770834,0.0,0,0.041666666666666664,base
Moving harm,Neyman search,510130,0.45668680826822916,0.0,0.025000000000000005,0.018313191731770834,0.0,0,0.0,base
Moving harm,Neyman search,510131,0.4767002360026042,0.0,0.005000000000000001,0.018299763997395833,0.0,0,0.0,base
Moving harm,Neyman search,510132,0.44670023600260417,0.0,0.03500000000000001,0.018299763997395836,0.0,0,0.0,base
Moving harm,Neyman search,510133,0.4467136637369791,0.0,0.03500000000000001,0.018286336263020835,0.0,0,0.0,base
Moving harm,Neyman search,510134,0.4617002360026041,0.0,0.020000000000000004,0.018299763997395833,0.0,0,0.0,base
Moving harm,Neyman search,510135,0.4417024739583333,0.0,0.04000000000000001,0.018297526041666668,0.0,0,0.0,base
Moving harm,Neyman search,510136,0.4567159016927083,0.0,0.025000000000000005,0.018284098307291666,0.0,0,0.0,base
Moving harm,Neyman search,510137,0.4766935221354167,0.0,0.005000000000000001,0.018306477864583337,0.0,0,0.0,base
Moving harm,Neyman search,510138,0.43670247395833334,0.0,0.045000000000000005,0.018297526041666668,0.0,0,0.0,base
Moving harm,Neyman search,510139,0.44169799804687493,0.0,0.04000000000000001,0.018302001953124997,0.0,0,0.0,base
Moving harm,Neyman search,510140,0.451697998046875,0.0,0.030000000000000002,0.018302001953125,0.0,0,0.0,base
Moving harm,Neyman search,510141,0.4429524739583333,0.041666666666666664,0.03875,0.018297526041666668,0.0,0,0.041666666666666664,base
Moving harm,Neyman search,510142,0.446697998046875,0.0,0.03500000000000001,0.018302001953125,0.0,0,0.0,base
Moving harm,Neyman search,510143,0.43796142578125,0.041666666666666664,0.04375000000000001,0.018288574218750003,0.0,0,0.041666666666666664,base
Moving harm,Neyman search,510144,0.42670918782552075,0.0,0.055000000000000014,0.018290812174479167,0.0,0,0.0,base
Moving harm,Neyman search,510145,0.446697998046875,0.0,0.03500000000000001,0.018302001953125004,0.0,0,0.0,base
Moving harm,Neyman search,510146,0.4467136637369791,0.0,0.035,0.018286336263020838,0.0,0,0.0,base
Moving harm,Neyman search,510147,0.4517159016927083,0.0,0.03000000000000001,0.018284098307291666,0.0,0,0.0,base
Moving harm,Neyman search,510148,0.4567069498697916,0.0,0.025000000000000005,0.018293050130208335,0.0,0,0.0,base
Moving harm,Neyman search,510149,0.4667181396484375,0.0,0.015000000000000005,0.018281860351562502,0.0,0,0.0,base
Moving harm,Neyman search,510150,0.4617047119140625,0.0,0.020000000000000004,0.018295288085937503,0.0,0,0.0,base
Moving harm,Neyman search,510151,0.4516957600911458,0.0,0.03000000000000001,0.01830423990885417,0.0,0,0.0,base
Moving harm,Neyman search,510152,0.45170918782552083,0.0,0.03000000000000001,0.018290812174479167,0.0,0,0.0,base
Moving harm,Neyman search,510153,0.4517047119140625,0.0,0.03000000000000001,0.018295288085937503,0.0,0,0.0,base
Moving harm,Neyman search,510154,0.451697998046875,0.0,0.03000000000000001,0.018302001953125,0.0,0,0.0,base
Moving harm,Neyman search,510155,0.4617047119140625,0.0,0.020000000000000004,0.0182952880859375,0.0,0,0.0,base
Moving harm,Neyman search,510156,0.46670247395833336,0.0,0.015000000000000005,0.018297526041666668,0.0,0,0.0,base
Moving harm,Neyman search,510157,0.4366935221354166,0.0,0.04500000000000001,0.018306477864583334,0.0,0,0.0,base
Moving harm,Neyman search,510158,0.4567002360026042,0.0,0.025000000000000005,0.018299763997395833,0.0,0,0.0,base
Moving harm,Neyman search,510159,0.4517024739583333,0.0,0.03000000000000001,0.018297526041666665,0.0,0,0.0,base
Moving harm,Neyman search,510160,0.4566957600911459,0.0,0.025000000000000005,0.01830423990885417,0.0,0,0.0,base
Moving harm,Neyman search,510161,0.43795023600260413,0.041666666666666664,0.04375000000000001,0.018299763997395833,0.0,0,0.041666666666666664,base
Moving harm,Neyman search,510162,0.4466935221354167,0.0,0.03500000000000001,0.018306477864583334,0.0,0,0.0,base
Moving harm,Neyman search,510163,0.4417024739583333,0.0,0.04000000000000001,0.018297526041666668,0.0,0,0.0,base
Moving harm,Neyman search,510164,0.45668680826822916,0.0,0.025000000000000005,0.018313191731770834,0.0,0,0.0,base
Moving harm,Neyman search,510165,0.43795023600260413,0.041666666666666664,0.04375000000000001,0.018299763997395833,0.0,0,0.041666666666666664,base
Moving harm,Neyman search,510166,0.45671142578124996,0.0,0.025000000000000005,0.01828857421875,0.0,0,0.0,base
Moving harm,Neyman search,510167,0.4666912841796875,0.0,0.015000000000000005,0.0183087158203125,0.0,0,0.0,base
Moving harm,Neyman search,510168,0.4467069498697917,0.0,0.03500000000000001,0.018293050130208335,0.0,0,0.0,base
Moving harm,Neyman search,510169,0.43170471191406246,0.0,0.05000000000000001,0.0182952880859375,0.0,0,0.0,base
Moving harm,Neyman search,510170,0.44171142578125,0.0,0.04000000000000001,0.018288574218750003,0.0,0,0.0,base
Moving harm,Neyman search,510171,0.46670471191406254,0.0,0.015000000000000005,0.0182952880859375,0.0,0,0.0,base
Moving harm,Neyman search,510172,0.46171813964843755,0.0,0.020000000000000004,0.018281860351562502,0.0,0,0.0,base
Moving harm,Neyman search,510173,0.4516957600911458,0.0,0.03000000000000001,0.01830423990885417,0.0,0,0.0,base
Moving harm,Neyman search,510174,0.45170471191406253,0.0,0.03000000000000001,0.0182952880859375,0.0,0,0.0,base
Moving harm,Neyman search,510175,0.45295247395833327,0.041666666666666664,0.028750000000000008,0.018297526041666668,0.0,0,0.041666666666666664,base
Moving harm,Neyman search,510176,0.46168233235677086,0.0,0.020000000000000004,0.018317667643229167,0.0,0,0.0,base
Moving harm,Neyman search,510177,0.4429412841796874,0.041666666666666664,0.03875000000000001,0.0183087158203125,0.0,0,0.041666666666666664,base
Moving harm,Neyman search,510178,0.43920247395833334,0.08333333333333333,0.0425,0.018297526041666668,0.0,0,0.08333333333333333,base
Moving harm,Neyman search,510179,0.45670471191406253,0.0,0.025000000000000005,0.018295288085937503,0.0,0,0.0,base
Moving harm,Neyman search,510180,0.44296142578125,0.041666666666666664,0.03875,0.018288574218750003,0.0,0,0.041666666666666664,base
Moving harm,Neyman search,510181,0.4467159016927083,0.0,0.03500000000000001,0.018284098307291666,0.0,0,0.0,base
Moving harm,Neyman search,510182,0.4467069498697917,0.0,0.035,0.018293050130208335,0.0,0,0.0,base
Moving harm,Neyman search,510183,0.46171813964843755,0.0,0.020000000000000004,0.018281860351562502,0.0,0,0.0,base
Moving harm,Neyman search,510184,0.45172037760416667,0.0,0.03000000000000001,0.018279622395833334,0.0,0,0.0,base
Moving harm,Neyman search,510185,0.47170694986979167,0.0,0.010000000000000002,0.018293050130208335,0.0,0,0.0,base
Moving harm,Neyman search,510186,0.4716912841796875,0.0,0.010000000000000002,0.0183087158203125,0.0,0,0.0,base
Moving harm,Neyman search,510187,0.45171142578124995,0.0,0.03000000000000001,0.018288574218750003,0.0,0,0.0,base
Moving harm,Neyman search,510188,0.43796813964843745,0.041666666666666664,0.043750000000000004,0.018281860351562502,0.0,0,0.041666666666666664,base
Moving harm,Neyman search,510189,0.4717270914713542,0.0,0.010000000000000002,0.018272908528645836,0.0,0,0.0,base
Moving harm,Neyman search,510190,0.46669576009114583,0.0,0.015000000000000005,0.01830423990885417,0.0,0,0.0,base
Moving harm,Neyman search,510191,0.43294576009114577,0.041666666666666664,0.04875000000000001,0.01830423990885417,0.0,0,0.041666666666666664,base
Moving harm,Neyman search,510192,0.45671142578124996,0.0,0.025000000000000005,0.018288574218750003,0.0,0,0.0,base
Moving harm,Neyman search,510193,0.45170247395833335,0.0,0.03000000000000001,0.018297526041666668,0.0,0,0.0,base
Moving harm,Neyman search,510194,0.46169576009114577,0.0,0.020000000000000004,0.01830423990885417,0.0,0,0.0,base
Moving harm,Neyman search,510195,0.43670023600260405,0.0,0.04500000000000001,0.018299763997395833,0.0,0,0.0,base
Moving harm,Neyman search,510196,0.4516890462239583,0.0,0.03000000000000001,0.018310953776041666,0.0,0,0.0,base
Moving harm,Neyman search,510197,0.46669352213541665,0.0,0.015000000000000005,0.018306477864583334,0.0,0,0.0,base
Moving harm,Neyman search,510198,0.4617002360026041,0.0,0.020000000000000004,0.018299763997395833,0.0,0,0.0,base
Moving harm,Neyman search,510199,0.45170918782552083,0.0,0.03000000000000001,0.018290812174479167,0.0,0,0.0,base
Moving harm,Neyman search,510200,0.4616890462239584,0.0,0.020000000000000004,0.018310953776041666,0.0,0,0.0,base
Moving harm,Neyman search,510201,0.4367159016927083,0.0,0.045000000000000005,0.018284098307291666,0.0,0,0.0,base
Moving harm,Neyman search,510202,0.46293904622395826,0.041666666666666664,0.018750000000000003,0.01831095377604167,0.0,0,0.041666666666666664,base
Moving harm,Neyman search,510203,0.45170023600260417,0.0,0.03000000000000001,0.018299763997395833,0.0,0,0.0,base
Moving harm,Neyman search,510204,0.45169352213541664,0.0,0.03000000000000001,0.018306477864583334,0.0,0,0.0,base
Moving harm,Neyman search,510205,0.46668680826822917,0.0,0.015000000000000005,0.018313191731770834,0.0,0,0.0,base
Moving harm,Neyman search,510206,0.44170471191406246,0.0,0.04000000000000001,0.0182952880859375,0.0,0,0.0,base
Moving harm,Neyman search,510207,0.45170023600260417,0.0,0.03000000000000001,0.018299763997395836,0.0,0,0.0,base
Moving harm,Neyman search,510208,0.4517159016927083,0.0,0.03000000000000001,0.018284098307291666,0.0,0,0.0,base
Moving harm,Neyman search,510209,0.45669799804687505,0.0,0.025000000000000005,0.018302001953125004,0.0,0,0.0,base
Moving harm,Neyman search,510210,0.451697998046875,0.0,0.03000000000000001,0.018302001953124997,0.0,0,0.0,base
Moving harm,Neyman search,510211,0.4367024739583332,0.0,0.04500000000000001,0.018297526041666668,0.0,0,0.0,base
Moving harm,Neyman search,510212,0.4566957600911458,0.0,0.025000000000000005,0.01830423990885417,0.0,0,0.0,base
Moving harm,Neyman search,510213,0.447947998046875,0.041666666666666664,0.03375,0.018302001953125,0.0,0,0.041666666666666664,base
Moving harm,Neyman search,510214,0.4716756184895834,0.0,0.010000000000000002,0.018324381510416668,0.0,0,0.0,base
Moving harm,Neyman search,510215,0.44169576009114575,0.0,0.04000000000000001,0.01830423990885417,0.0,0,0.0,base
Moving harm,Neyman search,510216,0.4479569498697917,0.041666666666666664,0.03375,0.018293050130208335,0.0,0,0.041666666666666664,base
Moving harm,Neyman search,510217,0.44670023600260417,0.0,0.035,0.018299763997395833,0.0,0,0.0,base
Moving harm,Neyman search,510218,0.4429435221354166,0.041666666666666664,0.03875000000000001,0.018306477864583334,0.0,0,0.041666666666666664,base
Moving harm,Neyman search,510219,0.45668904622395834,0.0,0.025000000000000005,0.018310953776041666,0.0,0,0.0,base
Moving harm,Neyman search,510220,0.45795247395833333,0.041666666666666664,0.023750000000000004,0.018297526041666668,0.0,0,0.041666666666666664,base
Moving harm,Neyman search,510221,0.45670023600260407,0.0,0.025000000000000005,0.018299763997395833,0.0,0,0.0,base
Moving harm,Neyman search,510222,0.42670247395833333,0.0,0.055000000000000014,0.018297526041666668,0.0,0,0.0,base
Moving harm,Neyman search,510223,0.4417136637369791,0.0,0.04000000000000001,0.01828633626302083,0.0,0,0.0,base
Moving harm,Neyman search,510224,0.44672485351562496,0.0,0.03500000000000001,0.018275146484375,0.0,0,0.0,base
Moving harm,Neyman search,510225,0.4517091878255208,0.0,0.03000000000000001,0.018290812174479167,0.0,0,0.0,base
Moving harm,Neyman search,510226,0.46671366373697915,0.0,0.015000000000000005,0.018286336263020835,0.0,0,0.0,base
Moving harm,Neyman search,510227,0.4667002360026042,0.0,0.015000000000000005,0.018299763997395833,0.0,0,0.0,base
Moving harm,Neyman search,510228,0.4466868082682291,0.0,0.03500000000000001,0.018313191731770834,0.0,0,0.0,base
Moving harm,Neyman search,510229,0.44294799804687496,0.041666666666666664,0.03875000000000001,0.018302001953125004,0.0,0,0.041666666666666664,base
Moving harm,Neyman search,510230,0.46171813964843755,0.0,0.020000000000000004,0.018281860351562502,0.0,0,0.0,base
Moving harm,Neyman search,510231,0.4617181396484375,0.0,0.020000000000000004,0.018281860351562502,0.0,0,0.0,base
Moving harm,Neyman search,510232,0.47169576009114583,0.0,0.010000000000000002,0.01830423990885417,0.0,0,0.0,base
Moving harm,Neyman search,510233,0.4667091878255208,0.0,0.015000000000000005,0.018290812174479167,0.0,0,0.0,base
Moving harm,Neyman search,510234,0.4317069498697916,0.0,0.05000000000000001,0.018293050130208335,0.0,0,0.0,base
Moving harm,Neyman search,510235,0.4517024739583333,0.0,0.03000000000000001,0.018297526041666668,0.0,0,0.0,base
Moving harm,Neyman search,510236,0.4667002360026042,0.0,0.015000000000000005,0.018299763997395833,0.0,0,0.0,base
Moving harm,Neyman search,510237,0.46169799804687495,0.0,0.020000000000000004,0.018302001953125004,0.0,0,0.0,base
Moving harm,Neyman search,510238,0.44670023600260417,0.0,0.035,0.018299763997395833,0.0,0,0.0,base
Moving harm,Neyman search,510239,0.4529435221354167,0.041666666666666664,0.028750000000000008,0.018306477864583334,0.0,0,0.041666666666666664,base
Moving harm,Neyman search,510240,0.4616957600911458,0.0,0.020000000000000004,0.01830423990885417,0.0,0,0.0,base
Moving harm,Neyman search,510241,0.46669128417968747,0.0,0.015000000000000005,0.0183087158203125,0.0,0,0.0,base
Moving harm,Neyman search,510242,0.4566912841796875,0.0,0.025000000000000005,0.0183087158203125,0.0,0,0.0,base
Moving harm,Neyman search,510243,0.4517047119140625,0.0,0.030000000000000002,0.018295288085937503,0.0,0,0.0,base
Moving harm,Neyman search,510244,0.4517047119140625,0.0,0.03000000000000001,0.0182952880859375,0.0,0,0.0,base
Moving harm,Neyman search,510245,0.47170247395833337,0.0,0.010000000000000002,0.018297526041666668,0.0,0,0.0,base
Moving harm,Neyman search,510246,0.4566979980468749,0.0,0.025000000000000005,0.018302001953124997,0.0,0,0.0,base
Moving harm,Neyman search,510247,0.4366890462239583,0.0,0.045000000000000005,0.018310953776041666,0.0,0,0.0,base
Moving harm,Neyman search,510248,0.46170918782552084,0.0,0.020000000000000004,0.018290812174479167,0.0,0,0.0,base
Moving harm,Neyman search,510249,0.4717203776041667,0.0,0.010000000000000002,0.018279622395833334,0.0,0,0.0,base
Moving harm,Neyman search,510250,0.45669128417968746,0.0,0.025000000000000005,0.0183087158203125,0.0,0,0.0,base
Moving harm,Neyman search,510251,0.45668904622395834,0.0,0.025000000000000005,0.01831095377604167,0.0,0,0.0,base
Moving harm,Neyman search,510252,0.461697998046875,0.0,0.020000000000000004,0.018302001953125004,0.0,0,0.0,base
Moving harm,Neyman search,510253,0.4467047119140625,0.0,0.03500000000000001,0.0182952880859375,0.0,0,0.0,base
Moving harm,Neyman search,510254,0.45170023600260417,0.0,0.03000000000000001,0.018299763997395833,0.0,0,0.0,base
Moving harm,Neyman search,510255,0.44671142578124995,0.0,0.035,0.018288574218750003,0.0,0,0.0,base
Moving harm,Procedure revision,510000,0.4379774983723958,0.041666666666666664,0.04375000000000001,0.018272501627604167,0.010564982096354167,3,0.041666666666666664,base
Moving harm,Procedure revision,510001,0.39928853352864574,0.08333333333333333,0.08250000000000002,0.01821146647135417,0.010555419921875002,2,0.08333333333333333,base
Moving harm,Procedure revision,510002,0.42054300944010414,0.125,0.06125000000000002,0.01820699055989583,0.010555419921875002,2,0.125,base
Moving harm,Procedure revision,510003,0.44300944010416665,0.041666666666666664,0.03875,0.018240559895833335,0.010559895833333333,2,0.041666666666666664,base
Moving harm,Procedure revision,510004,0.4242633056640625,0.08333333333333333,0.057500000000000016,0.0182366943359375,0.010553792317708333,3,0.08333333333333333,base
Moving harm,Procedure revision,510005,0.42431986490885415,0.08333333333333333,0.057500000000000016,0.018180135091145837,0.010553181966145833,2,0.08333333333333333,base
Moving harm,Procedure revision,510006,0.43677225748697907,0.0,0.04500000000000001,0.018227742513020836,0.010562744140625002,3,0.0,base
Moving harm,Procedure revision,510007,0.4230289713541666,0.041666666666666664,0.058750000000000004,0.018221028645833335,0.0105694580078125,3,0.041666666666666664,base
Moving harm,Procedure revision,510008,0.4192197672526041,0.08333333333333333,0.0625,0.018280232747395833,0.010545857747395833,1,0.08333333333333333,base
Moving harm,Procedure revision,510009,0.40430582682291655,0.08333333333333333,0.07750000000000001,0.018194173177083335,0.010560506184895832,3,0.08333333333333333,base
Moving harm,Procedure revision,510010,0.38677124023437487,0.16666666666666666,0.09500000000000001,0.018228759765625,0.010548095703125001,1,0.16666666666666666,base
Moving harm,Procedure revision,510011,0.4467667643229167,0.0,0.035,0.018233235677083334,0.010557047526041669,1,0.0,base
Moving harm,Procedure revision,510012,0.4017885335286458,0.16666666666666666,0.08000000000000002,0.01821146647135417,0.010553181966145833,2,0.16666666666666666,base
Moving harm,Procedure revision,510013,0.3905721028645834,0.125,0.09125000000000001,0.018177897135416666,0.010550944010416667,2,0.125,base
Moving harm,Procedure revision,510014,0.42806538899739577,0.041666666666666664,0.05375,0.018184611002604167,0.010562133789062502,2,0.041666666666666664,base
Moving harm,Procedure revision,510015,0.45179463704427086,0.0,0.03000000000000001,0.01820536295572917,0.010571695963541669,3,0.0,base
Moving harm,Procedure revision,510016,0.451771240234375,0.0,0.03000000000000001,0.018228759765625,0.010559285481770833,1,0.0,base
Moving harm,Procedure revision,510017,0.4279960123697917,0.041666666666666664,0.05375,0.018253987630208333,0.010562133789062502,2,0.041666666666666664,base
Moving harm,Procedure revision,510018,0.4155094401041666,0.125,0.06625,0.018240559895833335,0.010559895833333333,2,0.125,base
Moving harm,Procedure revision,510019,0.3768450927734374,0.16666666666666666,0.10500000000000002,0.0181549072265625,0.010550333658854168,1,0.16666666666666666,base
Moving harm,Procedure revision,510020,0.42305480957031244,0.041666666666666664,0.05875000000000002,0.0181951904296875,0.010548095703125001,1,0.041666666666666664,base
Moving harm,Procedure revision,510021,0.3693227132161458,0.25,0.1125,0.018177286783854166,0.010548095703125001,1,0.25,base
Moving harm,Procedure revision,510022,0.4429697672526041,0.041666666666666664,0.03875000000000001,0.018280232747395833,0.010545857747395833,1,0.041666666666666664,base
Moving harm,Procedure revision,510023,0.39430358886718747,0.08333333333333333,0.08750000000000002,0.018196411132812503,0.010560506184895834,3,0.08333333333333333,base
Moving harm,Procedure revision,510024,0.41047587076822917,0.125,0.07125,0.018274129231770835,0.01056884765625,2,0.125,base
Moving harm,Procedure revision,510025,0.40431315104166665,0.08333333333333333,0.07750000000000001,0.018186848958333335,0.0105487060546875,2,0.08333333333333333,base
Moving harm,Procedure revision,510026,0.4267498779296875,0.0,0.055000000000000014,0.018250122070312503,0.0105694580078125,3,0.0,base
Moving harm,Procedure revision,510027,0.4417498779296875,0.0,0.04000000000000001,0.018250122070312503,0.010569458007812503,3,0.0,base
Moving harm,Procedure revision,510028,0.4055877685546874,0.125,0.07625000000000001,0.0181622314453125,0.010550944010416665,2,0.125,base
Moving harm,Procedure revision,510029,0.42300272623697915,0.041666666666666664,0.058750000000000004,0.018247273763020835,0.010555419921875002,2,0.041666666666666664,base
Moving harm,Procedure revision,510030,0.4230027262369791,0.041666666666666664,0.058750000000000004,0.018247273763020832,0.010566609700520835,2,0.041666666666666664,base
Moving harm,Procedure revision,510031,0.44800659179687496,0.041666666666666664,0.03375000000000001,0.018243408203125,0.010562744140625002,3,0.041666666666666664,base
Moving harm,Procedure revision,510032,0.43432210286458334,0.08333333333333333,0.04750000000000001,0.018177897135416673,0.010550944010416667,2,0.08333333333333333,base
Moving harm,Procedure revision,510033,0.3968159993489582,0.16666666666666666,0.085,0.018184000651041667,0.010554809570312502,1,0.16666666666666666,base
Moving harm,Procedure revision,510034,0.4367543538411458,0.0,0.045000000000000005,0.018245646158854167,0.010564982096354167,3,0.0,base
Moving harm,Procedure revision,510035,0.43802449544270833,0.041666666666666664,0.04375000000000001,0.018225504557291664,0.010564982096354168,3,0.041666666666666664,base
Moving harm,Procedure revision,510036,0.4005312093098958,0.125,0.08125000000000002,0.01821879069010417,0.0105694580078125,3,0.125,base
Moving harm,Procedure revision,510037,0.42801554361979166,0.041666666666666664,0.05375000000000001,0.01823445638020833,0.010553792317708333,3,0.041666666666666664,base
Moving harm,Procedure revision,510038,0.44299601236979164,0.041666666666666664,0.03875000000000001,0.018253987630208333,0.010562133789062502,2,0.041666666666666664,base
Moving harm,Procedure revision,510039,0.42936584472656253,0.08333333333333333,0.05250000000000001,0.0181341552734375,0.0105609130859375,0,0.08333333333333333,base
Moving harm,Procedure revision,510040,0.44674601236979167,0.0,0.035,0.018253987630208333,0.010555419921875002,2,0.0,base
Moving harm,Procedure revision,510041,0.4317325846354166,0.0,0.05000000000000001,0.018267415364583334,0.010562133789062502,2,0.0,base
Moving harm,Procedure revision,510042,0.4092163085937499,0.08333333333333333,0.07250000000000001,0.01828369140625,0.0105694580078125,3,0.08333333333333333,base
Moving harm,Procedure revision,510043,0.4280021158854166,0.041666666666666664,0.05375,0.01824788411458334,0.010562744140625002,3,0.041666666666666664,base
Moving harm,Procedure revision,510044,0.3768221028645833,0.16666666666666666,0.10500000000000002,0.018177897135416666,0.010550944010416669,2,0.16666666666666666,base
Moving harm,Procedure revision,510045,0.396817626953125,0.16666666666666666,0.085,0.018182373046875002,0.010555419921874998,2,0.16666666666666666,base
Moving harm,Procedure revision,510046,0.4104892985026041,0.125,0.07125000000000002,0.018260701497395834,0.010555419921875002,2,0.125,base
Moving harm,Procedure revision,510047,0.4242616780598958,0.08333333333333333,0.057500000000000016,0.018238321940104166,0.010553181966145833,2,0.08333333333333333,base
Moving harm,Procedure revision,510048,0.42806315104166665,0.041666666666666664,0.05375,0.018186848958333335,0.010559895833333333,2,0.041666666666666664,base
Moving harm,Procedure revision,510049,0.41556599934895827,0.125,0.06625000000000002,0.018184000651041667,0.010557047526041667,1,0.125,base
Moving harm,Procedure revision,510050,0.3992504882812499,0.08333333333333333,0.08250000000000002,0.018249511718750003,0.010555419921874998,2,0.08333333333333333,base
Moving harm,Procedure revision,510051,0.41804016113281256,0.041666666666666664,0.06375000000000001,0.0182098388671875,0.010558268229166667,3,0.041666666666666664,base
Moving harm,Procedure revision,510052,0.40429239908854164,0.08333333333333333,0.07750000000000001,0.018207600911458333,0.010553792317708333,3,0.08333333333333333,base
Moving harm,Procedure revision,510053,0.46176615397135407,0.0,0.020000000000000004,0.018233846028645834,0.010557657877604168,2,0.0,base
Moving harm,Procedure revision,510054,0.4318304443359375,0.0,0.05000000000000001,0.018169555664062503,0.010558268229166667,3,0.0,base
Moving harm,Procedure revision,510055,0.40680419921874994,0.16666666666666666,0.07500000000000001,0.018195800781250004,0.010557657877604168,2,0.16666666666666666,base
Moving harm,Procedure revision,510056,0.38551615397135414,0.125,0.09625000000000002,0.018233846028645837,0.010553181966145833,2,0.125,base
Moving harm,Procedure revision,510057,0.4043109130859374,0.08333333333333333,0.07750000000000001,0.0181890869140625,0.010564371744791667,2,0.08333333333333333,base
Moving harm,Procedure revision,510058,0.41052001953124995,0.125,0.07125000000000002,0.01822998046875,0.010571695963541669,3,0.125,base
Moving harm,Procedure revision,510059,0.4367527262369791,0.0,0.045000000000000005,0.018247273763020832,0.010557657877604168,2,0.0,base
Moving harm,Procedure revision,510060,0.44305358886718743,0.041666666666666664,0.03875000000000001,0.018196411132812503,0.010560506184895834,3,0.041666666666666664,base
Moving harm,Procedure revision,510061,0.4280356852213541,0.041666666666666664,0.05375000000000001,0.018214314778645834,0.010564982096354168,3,0.041666666666666664,base
Moving harm,Procedure revision,510062,0.4042063395182291,0.08333333333333333,0.07750000000000003,0.018293660481770835,0.010559285481770833,1,0.08333333333333333,base
Moving harm,Procedure revision,510063,0.40923197428385416,0.08333333333333333,0.07250000000000001,0.018268025716145834,0.010562744140625002,3,0.08333333333333333,base
Moving harm,Procedure revision,510064,0.4229697672526041,0.041666666666666664,0.05875000000000002,0.018280232747395833,0.010545857747395833,1,0.041666666666666664,base
Moving harm,Procedure revision,510065,0.42302734375,0.041666666666666664,0.058750000000000004,0.01822265625,0.010559895833333333,2,0.041666666666666664,base
Moving harm,Procedure revision,510066,0.43679138183593746,0.0,0.045000000000000005,0.0182086181640625,0.010550333658854166,1,0.0,base
Moving harm,Procedure revision,510067,0.4179691569010416,0.041666666666666664,0.06375000000000001,0.018280843098958333,0.010562133789062502,2,0.041666666666666664,base
Moving harm,Procedure revision,510068,0.45673258463541666,0.0,0.025000000000000005,0.018267415364583334,0.010553181966145833,2,0.0,base
Moving harm,Procedure revision,510069,0.43801615397135407,0.041666666666666664,0.043750000000000004,0.018233846028645837,0.010553181966145833,2,0.041666666666666664,base
Moving harm,Procedure revision,510070,0.38688374837239586,0.16666666666666666,0.09500000000000001,0.01811625162760417,0.010543009440104167,0,0.16666666666666666,base
Moving harm,Procedure revision,510071,0.4192869059244791,0.08333333333333333,0.06250000000000001,0.018213094075520835,0.010548095703125001,1,0.08333333333333333,base
Moving harm,Procedure revision,510072,0.3818265787760417,0.16666666666666666,0.10000000000000002,0.018173421223958333,0.010546468098958333,2,0.16666666666666666,base
Moving harm,Procedure revision,510073,0.43298868815104163,0.041666666666666664,0.048750000000000016,0.018261311848958333,0.010560506184895834,3,0.041666666666666664,base
Moving harm,Procedure revision,510074,0.39927001953124996,0.08333333333333333,0.08250000000000002,0.01822998046875,0.010562744140625002,3,0.08333333333333333,base
Moving harm,Procedure revision,510075,0.3580832926432291,0.20833333333333334,0.12375000000000003,0.018166707356770836,0.010557657877604168,2,0.20833333333333334,base
Moving harm,Procedure revision,510076,0.40559672037760414,0.125,0.07625000000000001,0.018153279622395834,0.010562133789062499,2,0.125,base
Moving harm,Procedure revision,510077,0.37428405761718747,0.25,0.1075,0.018215942382812503,0.010557657877604168,2,0.25,base
Moving harm,Procedure revision,510078,0.3855653889973958,0.125,0.09625000000000002,0.01818461100260417,0.010557657877604168,2,0.125,base
Moving harm,Procedure revision,510079,0.39422526041666656,0.08333333333333333,0.08750000000000002,0.018274739583333335,0.0105694580078125,3,0.08333333333333333,base
Moving harm,Procedure revision,510080,0.40422363281249996,0.08333333333333333,0.07750000000000001,0.0182763671875,0.010559895833333333,2,0.08333333333333333,base
Moving harm,Procedure revision,510081,0.38054463704427083,0.125,0.10125000000000002,0.01820536295572917,0.010553792317708333,3,0.125,base
Moving harm,Procedure revision,510082,0.42050720214843745,0.125,0.061250000000000006,0.0182427978515625,0.010562133789062502,2,0.125,base
Moving harm,Procedure revision,510083,0.4417130533854167,0.0,0.04000000000000001,0.01828694661458333,0.010552571614583334,1,0.0,base
Moving harm,Procedure revision,510084,0.35562479654947915,0.2916666666666667,0.12625,0.018125203450520832,0.010551961263020835,0,0.2916666666666667,base
Moving harm,Procedure revision,510085,0.43300720214843746,0.041666666666666664,0.048750000000000016,0.0182427978515625,0.010562133789062502,2,0.041666666666666664,base
Moving harm,Procedure revision,510086,0.4267661539713541,0.0,0.055000000000000014,0.018233846028645834,0.010546468098958336,2,0.0,base
Moving harm,Procedure revision,510087,0.4429892985026041,0.041666666666666664,0.03875,0.018260701497395834,0.010555419921875002,2,0.041666666666666664,base
Moving harm,Procedure revision,510088,0.39175944010416663,0.16666666666666666,0.09000000000000001,0.018240559895833335,0.010559895833333333,2,0.16666666666666666,base
Moving harm,Procedure revision,510089,0.4179720052083333,0.041666666666666664,0.06375000000000001,0.018277994791666665,0.010543619791666667,1,0.041666666666666664,base
Moving harm,Procedure revision,510090,0.4467610677083333,0.0,0.035,0.01823893229166667,0.010558268229166667,3,0.0,base
Moving harm,Procedure revision,510091,0.43677571614583327,0.0,0.045000000000000005,0.01822428385416667,0.010543619791666667,1,0.0,base
Moving harm,Procedure revision,510092,0.4330503336588542,0.041666666666666664,0.048750000000000016,0.018199666341145834,0.010552571614583334,1,0.041666666666666664,base
Moving harm,Procedure revision,510093,0.43799377441406245,0.041666666666666664,0.04375000000000001,0.0182562255859375,0.010557657877604168,2,0.041666666666666664,base
Moving harm,Procedure revision,510094,0.4367789713541666,0.0,0.045000000000000005,0.01822102864583333,0.010564982096354167,3,0.0,base
Moving harm,Procedure revision,510095,0.40051391601562497,0.125,0.08125000000000002,0.018236083984375002,0.010555419921875002,2,0.125,base
Moving harm,Procedure revision,510096,0.46174540201822917,0.0,0.020000000000000004,0.018254597981770832,0.0105694580078125,3,0.0,base
Moving harm,Procedure revision,510097,0.43175272623697913,0.0,0.05000000000000001,0.018247273763020832,0.010566609700520835,2,0.0,base
Moving harm,Procedure revision,510098,0.4467281087239583,0.0,0.035,0.018271891276041664,0.010559895833333334,2,0.0,base
Moving harm,Procedure revision,510099,0.4092274983723958,0.08333333333333333,0.07250000000000001,0.018272501627604163,0.010560506184895832,3,0.08333333333333333,base
Moving harm,Procedure revision,510100,0.4193511962890624,0.08333333333333333,0.06250000000000001,0.018148803710937498,0.010550944010416667,2,0.08333333333333333,base
Moving harm,Procedure revision,510101,0.4193422444661458,0.08333333333333333,0.06250000000000001,0.01815775553385417,0.010553181966145833,2,0.08333333333333333,base
Moving harm,Procedure revision,510102,0.41798868815104157,0.041666666666666664,0.06375000000000001,0.018261311848958333,0.010571695963541669,3,0.041666666666666664,base
Moving harm,Procedure revision,510103,0.42928792317708336,0.08333333333333333,0.05250000000000001,0.018212076822916666,0.010560506184895834,3,0.08333333333333333,base
Moving harm,Procedure revision,510104,0.41302449544270825,0.041666666666666664,0.06875,0.01822550455729167,0.010562744140625002,3,0.041666666666666664,base
Moving harm,Procedure revision,510105,0.4317063395182292,0.0,0.05000000000000001,0.01829366048177083,0.010559285481770833,1,0.0,base
Moving harm,Procedure revision,510106,0.40431315104166665,0.08333333333333333,0.07750000000000001,0.018186848958333335,0.010559895833333334,2,0.08333333333333333,base
Moving harm,Procedure revision,510107,0.4342913818359375,0.08333333333333333,0.04750000000000001,0.018208618164062506,0.010559285481770833,1,0.08333333333333333,base
Moving harm,Procedure revision,510108,0.3955721028645833,0.125,0.08625000000000001,0.018177897135416666,0.010557657877604168,2,0.125,base
Moving harm,Procedure revision,510109,0.4242997233072916,0.08333333333333333,0.057500000000000016,0.018200276692708333,0.010566609700520833,2,0.08333333333333333,base
Moving harm,Procedure revision,510110,0.43171630859374993,0.0,0.05000000000000001,0.01828369140625,0.010560506184895834,3,0.0,base
Moving harm,Procedure revision,510111,0.3967437744140625,0.16666666666666666,0.085,0.018256225585937504,0.010559895833333334,2,0.16666666666666666,base
Moving harm,Procedure revision,510112,0.41922302246093746,0.08333333333333333,0.06250000000000001,0.0182769775390625,0.010564982096354168,3,0.08333333333333333,base
Moving harm,Procedure revision,510113,0.43308776855468745,0.041666666666666664,0.04875000000000001,0.0181622314453125,0.010553181966145833,2,0.041666666666666664,base
Moving harm,Procedure revision,510114,0.43306315104166665,0.041666666666666664,0.048750000000000016,0.018186848958333335,0.010553181966145833,2,0.041666666666666664,base
Moving harm,Procedure revision,510115,0.4142152913411457,0.08333333333333333,0.06750000000000002,0.018284708658854166,0.010550333658854168,1,0.08333333333333333,base
Moving harm,Procedure revision,510116,0.45674987792968746,0.0,0.025000000000000005,0.0182501220703125,0.010558268229166667,3,0.0,base
Moving harm,Procedure revision,510117,0.39925944010416664,0.08333333333333333,0.08250000000000002,0.018240559895833335,0.010559895833333334,2,0.08333333333333333,base
Moving harm,Procedure revision,510118,0.44174763997395833,0.0,0.04000000000000001,0.018252360026041668,0.010562744140625002,3,0.0,base
Moving harm,Procedure revision,510119,0.44300048828125,0.041666666666666664,0.03875000000000001,0.01824951171875,0.010555419921875002,2,0.041666666666666664,base
Moving harm,Procedure revision,510120,0.41053120930989584,0.125,0.07125000000000002,0.018218790690104167,0.010564982096354168,3,0.125,base
Moving harm,Procedure revision,510121,0.4617152913411458,0.0,0.020000000000000004,0.018284708658854166,0.010550333658854168,1,0.0,base
Moving harm,Procedure revision,510122,0.43303792317708334,0.041666666666666664,0.04875000000000001,0.01821207682291667,0.010560506184895832,3,0.041666666666666664,base
Moving harm,Procedure revision,510123,0.4055212402343749,0.125,0.07625000000000001,0.018228759765625,0.010548095703125001,1,0.125,base
Moving harm,Procedure revision,510124,0.446817626953125,0.0,0.035,0.018182373046875002,0.010555419921874998,2,0.0,base
Moving harm,Procedure revision,510125,0.41433776855468746,0.08333333333333333,0.06750000000000002,0.0181622314453125,0.010541992187500002,2,0.08333333333333333,base
Moving harm,Procedure revision,510126,0.4055704752604166,0.125,0.07625000000000003,0.018179524739583338,0.010552571614583334,1,0.125,base
Moving harm,Procedure revision,510127,0.4417236328125,0.0,0.04000000000000001,0.018276367187500003,0.01056884765625,2,0.0,base
Moving harm,Procedure revision,510128,0.4367677815755207,0.0,0.04500000000000001,0.01823221842447917,0.010567220052083335,3,0.0,base
Moving harm,Procedure revision,510129,0.42302001953124996,0.041666666666666664,0.058750000000000004,0.01822998046875,0.010564982096354168,3,0.041666666666666664,base
Moving harm,Procedure revision,510130,0.4467258707682291,0.0,0.035,0.018274129231770835,0.010557657877604168,2,0.0,base
Moving harm,Procedure revision,510131,0.4417348225911457,0.0,0.04000000000000001,0.018265177408854166,0.010557657877604168,2,0.0,base
Moving harm,Procedure revision,510132,0.40925944010416665,0.08333333333333333,0.07250000000000001,0.018240559895833335,0.010559895833333333,2,0.08333333333333333,base
Moving harm,Procedure revision,510133,0.4380356852213541,0.041666666666666664,0.04375000000000001,0.018214314778645834,0.010558268229166667,3,0.041666666666666664,base
Moving harm,Procedure revision,510134,0.39306315104166667,0.20833333333333334,0.08875000000000001,0.018186848958333335,0.010559895833333334,2,0.20833333333333334,base
Moving harm,Procedure revision,510135,0.4180094401041666,0.041666666666666664,0.06375000000000001,0.018240559895833335,0.010553181966145833,2,0.041666666666666664,base
Moving harm,Procedure revision,510136,0.37676228841145826,0.16666666666666666,0.10500000000000002,0.018237711588541667,0.010557047526041669,1,0.16666666666666666,base
Moving harm,Procedure revision,510137,0.4329797363281249,0.041666666666666664,0.04875000000000001,0.018270263671875,0.010558268229166667,3,0.041666666666666664,base
Moving harm,Procedure revision,510138,0.3905312093098958,0.125,0.09125000000000001,0.01821879069010417,0.010553792317708333,3,0.125,base
Moving harm,Procedure revision,510139,0.38931823730468745,0.08333333333333333,0.09250000000000003,0.018181762695312503,0.010554809570312499,1,0.08333333333333333,base
Moving harm,Procedure revision,510140,0.43296752929687493,0.041666666666666664,0.048750000000000016,0.018282470703124998,0.010548095703125001,1,0.041666666666666664,base
Moving harm,Procedure revision,510141,0.41925720214843754,0.08333333333333333,0.06250000000000001,0.0182427978515625,0.010562133789062502,2,0.08333333333333333,base
Moving harm,Procedure revision,510142,0.46175944010416664,0.0,0.020000000000000004,0.018240559895833338,0.010553181966145833,2,0.0,base
Moving harm,Procedure revision,510143,0.4005267333984375,0.125,0.08125000000000002,0.0182232666015625,0.0105694580078125,3,0.125,base
Moving harm,Procedure revision,510144,0.3630289713541666,0.20833333333333334,0.11875000000000001,0.018221028645833335,0.010562744140625002,3,0.20833333333333334,base
Moving harm,Procedure revision,510145,0.44805419921874995,0.041666666666666664,0.03375,0.018195800781250004,0.010559895833333334,2,0.041666666666666664,base
Moving harm,Procedure revision,510146,0.3831247965494791,0.20833333333333334,0.09875,0.018125203450520832,0.010551961263020833,0,0.20833333333333334,base
Moving harm,Procedure revision,510147,0.3705312093098958,0.125,0.11125000000000002,0.018218790690104167,0.010560506184895832,3,0.125,base
Moving harm,Procedure revision,510148,0.39553344726562495,0.125,0.08625000000000001,0.018216552734375002,0.010562744140625002,3,0.125,base
Moving harm,Procedure revision,510149,0.3955609130859375,0.125,0.08625000000000001,0.018189086914062503,0.010562133789062502,2,0.125,base
Moving harm,Procedure revision,510150,0.4430267333984375,0.041666666666666664,0.03875000000000001,0.0182232666015625,0.010558268229166667,3,0.041666666666666664,base
Moving harm,Procedure revision,510151,0.42925944010416667,0.08333333333333333,0.05250000000000001,0.018240559895833335,0.010559895833333333,2,0.08333333333333333,base
Moving harm,Procedure revision,510152,0.3904915364583333,0.125,0.09125000000000001,0.018258463541666662,0.010550944010416667,2,0.125,base
Moving harm,Procedure revision,510153,0.4005413818359374,0.125,0.08125,0.0182086181640625,0.010548095703125001,1,0.125,base
Moving harm,Procedure revision,510154,0.43434224446614583,0.08333333333333333,0.04750000000000001,0.018157755533854167,0.010553181966145833,2,0.08333333333333333,base
Moving harm,Procedure revision,510155,0.43428690592447916,0.08333333333333333,0.04750000000000001,0.018213094075520835,0.010552571614583334,1,0.08333333333333333,base
Moving harm,Procedure revision,510156,0.4393221028645833,0.08333333333333333,0.04250000000000001,0.01817789713541667,0.010553181966145833,2,0.08333333333333333,base
Moving harm,Procedure revision,510157,0.4042722574869791,0.08333333333333333,0.07750000000000001,0.018227742513020836,0.010567220052083335,3,0.08333333333333333,base
Moving harm,Procedure revision,510158,0.39548482259114576,0.125,0.08625000000000001,0.018265177408854166,0.010559895833333333,2,0.125,base
Moving harm,Procedure revision,510159,0.42676452636718737,0.0,0.055000000000000014,0.018235473632812502,0.010554809570312502,1,0.0,base
Moving harm,Procedure revision,510160,0.38562703450520824,0.125,0.09625000000000002,0.018122965494791667,0.010549723307291668,0,0.125,base
Moving harm,Procedure revision,510161,0.4242197672526042,0.08333333333333333,0.057500000000000016,0.018280232747395833,0.010545857747395837,1,0.08333333333333333,base
Moving harm,Procedure revision,510162,0.429256591796875,0.08333333333333333,0.05250000000000001,0.018243408203125002,0.010562744140625002,3,0.08333333333333333,base
Moving harm,Procedure revision,510163,0.37305419921875,0.20833333333333334,0.10875000000000001,0.018195800781250004,0.01056884765625,2,0.20833333333333334,base
Moving harm,Procedure revision,510164,0.4192431640625,0.08333333333333333,0.06250000000000001,0.018256835937499997,0.010562744140625002,3,0.08333333333333333,base
Moving harm,Procedure revision,510165,0.4092085774739583,0.08333333333333333,0.07250000000000001,0.018291422526041667,0.010557047526041669,1,0.08333333333333333,base
Moving harm,Procedure revision,510166,0.43679361979166664,0.0,0.045000000000000005,0.018206380208333334,0.010552571614583334,1,0.0,base
Moving harm,Procedure revision,510167,0.4230334472656249,0.041666666666666664,0.05875000000000002,0.018216552734375002,0.010558268229166667,3,0.041666666666666664,base
Moving harm,Procedure revision,510168,0.45181762695312505,0.0,0.03000000000000001,0.018182373046875002,0.010555419921874998,2,0.0,base
Moving harm,Procedure revision,510169,0.42306986490885407,0.041666666666666664,0.058750000000000004,0.018180135091145834,0.010550944010416667,2,0.041666666666666664,base
Moving harm,Procedure revision,510170,0.4567220052083332,0.0,0.025000000000000005,0.018277994791666665,0.010543619791666669,1,0.0,base
Moving harm,Procedure revision,510171,0.4467734781901041,0.0,0.03500000000000001,0.018226521809895833,0.010545857747395833,1,0.0,base
Moving harm,Procedure revision,510172,0.39305419921874996,0.20833333333333334,0.08875000000000001,0.01819580078125,0.010546468098958336,2,0.20833333333333334,base
Moving harm,Procedure revision,510173,0.4292779541015625,0.08333333333333333,0.05250000000000001,0.0182220458984375,0.010552571614583334,1,0.08333333333333333,base
Moving harm,Procedure revision,510174,0.4005401611328125,0.125,0.08125,0.0182098388671875,0.010560506184895834,3,0.125,base
Moving harm,Procedure revision,510175,0.433094482421875,0.041666666666666664,0.04875000000000001,0.018155517578125002,0.010555419921875002,2,0.041666666666666664,base
Moving harm,Procedure revision,510176,0.40929463704427077,0.08333333333333333,0.07250000000000001,0.01820536295572917,0.010560506184895832,3,0.08333333333333333,base
Moving harm,Procedure revision,510177,0.39182210286458335,0.16666666666666666,0.09000000000000001,0.018177897135416666,0.010550944010416667,2,0.16666666666666666,base
Moving harm,Procedure revision,510178,0.43306315104166665,0.041666666666666664,0.04875000000000001,0.018186848958333335,0.010555419921874998,2,0.041666666666666664,base
Moving harm,Procedure revision,510179,0.45673197428385404,0.0,0.025000000000000005,0.018268025716145834,0.010558268229166667,3,0.0,base
Moving harm,Procedure revision,510180,0.4193064371744792,0.08333333333333333,0.06250000000000001,0.018193562825520832,0.010559895833333334,2,0.08333333333333333,base
Moving harm,Procedure revision,510181,0.42796407063802083,0.041666666666666664,0.05375000000000001,0.018285929361979165,0.010573933919270834,3,0.041666666666666664,base
Moving harm,Procedure revision,510182,0.39182434082031253,0.16666666666666666,0.09000000000000001,0.0181756591796875,0.0105487060546875,2,0.16666666666666666,base
Moving harm,Procedure revision,510183,0.42430257161458323,0.08333333333333333,0.057500000000000016,0.018197428385416665,0.010550333658854168,1,0.08333333333333333,base
Moving harm,Procedure revision,510184,0.4142946370442708,0.08333333333333333,0.0675,0.01820536295572917,0.010560506184895832,3,0.08333333333333333,base
Moving harm,Procedure revision,510185,0.4330161539713541,0.041666666666666664,0.048750000000000016,0.018233846028645834,0.010553181966145833,2,0.041666666666666664,base
Moving harm,Procedure revision,510186,0.4480021158854166,0.041666666666666664,0.03375000000000001,0.018247884114583335,0.010556030273437501,3,0.041666666666666664,base
Moving harm,Procedure revision,510187,0.4329954020182291,0.041666666666666664,0.04875000000000001,0.018254597981770836,0.010567220052083333,3,0.041666666666666664,base
Moving harm,Procedure revision,510188,0.44303690592447914,0.041666666666666664,0.03875,0.018213094075520835,0.010565999348958334,1,0.041666666666666664,base
Moving harm,Procedure revision,510189,0.4430765787760416,0.041666666666666664,0.03875,0.018173421223958333,0.010559895833333333,2,0.041666666666666664,base
Moving harm,Procedure revision,510190,0.35556152343749997,0.2916666666666667,0.12625,0.018188476562500003,0.010557047526041669,1,0.2916666666666667,base
Moving harm,Procedure revision,510191,0.40927673339843745,0.08333333333333333,0.07250000000000001,0.0182232666015625,0.0105694580078125,3,0.08333333333333333,base
Moving harm,Procedure revision,510192,0.36807718912760407,0.20833333333333334,0.11375000000000002,0.018172810872395834,0.010545857747395833,1,0.20833333333333334,base
Moving harm,Procedure revision,510193,0.40052897135416665,0.125,0.08125000000000002,0.01822102864583333,0.010560506184895834,3,0.125,base
Moving harm,Procedure revision,510194,0.42182657877604157,0.0,0.06000000000000002,0.018173421223958333,0.010566609700520835,2,0.0,base
Moving harm,Procedure revision,510195,0.4180072021484375,0.041666666666666664,0.06375000000000001,0.018242797851562496,0.010559895833333334,2,0.041666666666666664,base
Moving harm,Procedure revision,510196,0.39056538899739585,0.125,0.09125000000000001,0.018184611002604167,0.010557657877604168,2,0.125,base
Moving harm,Procedure revision,510197,0.40059672037760413,0.125,0.08125,0.018153279622395838,0.0105487060546875,2,0.125,base
Moving harm,Procedure revision,510198,0.3868070475260416,0.16666666666666666,0.09500000000000001,0.018192952473958333,0.010557047526041669,1,0.16666666666666666,base
Moving harm,Procedure revision,510199,0.41430196126302077,0.08333333333333333,0.0675,0.01819803873697917,0.010562133789062502,2,0.08333333333333333,base
Moving harm,Procedure revision,510200,0.4143332926432291,0.08333333333333333,0.06750000000000002,0.018166707356770836,0.010559895833333333,2,0.08333333333333333,base
Moving harm,Procedure revision,510201,0.40925720214843747,0.08333333333333333,0.07250000000000001,0.018242797851562503,0.010562133789062499,2,0.08333333333333333,base
Moving harm,Procedure revision,510202,0.44927347819010416,0.08333333333333333,0.03250000000000001,0.018226521809895833,0.010550333658854168,1,0.08333333333333333,base
Moving harm,Procedure revision,510203,0.4054848225911458,0.125,0.07625000000000001,0.018265177408854163,0.010555419921875002,2,0.125,base
Moving harm,Procedure revision,510204,0.4567258707682291,0.0,0.025000000000000005,0.018274129231770835,0.010562133789062502,2,0.0,base
Moving harm,Procedure revision,510205,0.41299153645833325,0.041666666666666664,0.06875000000000002,0.018258463541666662,0.0105487060546875,2,0.041666666666666664,base
Moving harm,Procedure revision,510206,0.4093355305989583,0.08333333333333333,0.07250000000000001,0.018164469401041668,0.010564371744791667,2,0.08333333333333333,base
Moving harm,Procedure revision,510207,0.45172302246093743,0.0,0.03000000000000001,0.0182769775390625,0.010564982096354167,3,0.0,base
Moving harm,Procedure revision,510208,0.43803344726562504,0.041666666666666664,0.04375000000000001,0.018216552734375002,0.010567220052083335,3,0.041666666666666664,base
Moving harm,Procedure revision,510209,0.40432271321614577,0.08333333333333333,0.07750000000000001,0.018177286783854173,0.010543619791666667,1,0.08333333333333333,base
Moving harm,Procedure revision,510210,0.41428690592447914,0.08333333333333333,0.0675,0.018213094075520835,0.010545857747395833,1,0.08333333333333333,base
Moving harm,Procedure revision,510211,0.40681538899739583,0.16666666666666666,0.07500000000000001,0.018184611002604167,0.010553181966145833,2,0.16666666666666666,base
Moving harm,Procedure revision,510212,0.4217527262369791,0.0,0.060000000000000005,0.018247273763020832,0.010555419921875002,2,0.0,base
Moving harm,Procedure revision,510213,0.43175496419270826,0.0,0.05000000000000001,0.018245035807291667,0.010555419921875002,2,0.0,base
Moving harm,Procedure revision,510214,0.45679016113281246,0.0,0.025000000000000005,0.018209838867187505,0.010556030273437501,3,0.0,base
Moving harm,Procedure revision,510215,0.4230446370442708,0.041666666666666664,0.058750000000000004,0.018205362955729165,0.010567220052083335,3,0.041666666666666664,base
Moving harm,Procedure revision,510216,0.44677062988281246,0.0,0.035,0.0182293701171875,0.0105487060546875,2,0.0,base
Moving harm,Procedure revision,510217,0.42301391601562494,0.041666666666666664,0.058750000000000004,0.018236083984375002,0.010555419921875002,2,0.041666666666666664,base
Moving harm,Procedure revision,510218,0.4380289713541666,0.041666666666666664,0.04375000000000001,0.01822102864583333,0.010560506184895834,3,0.041666666666666664,base
Moving harm,Procedure revision,510219,0.4192415364583333,0.08333333333333333,0.06250000000000001,0.018258463541666665,0.010555419921875002,2,0.08333333333333333,base
Moving harm,Procedure revision,510220,0.4717325846354166,0.0,0.010000000000000002,0.018267415364583334,0.010559895833333333,2,0.0,base
Moving harm,Procedure revision,510221,0.4242767333984374,0.08333333333333333,0.057500000000000016,0.018223266601562496,0.010558268229166667,3,0.08333333333333333,base
Moving harm,Procedure revision,510222,0.42301900227864575,0.041666666666666664,0.058750000000000004,0.018230997721354166,0.0105682373046875,1,0.041666666666666664,base
Moving harm,Procedure revision,510223,0.4517958577473958,0.0,0.03000000000000001,0.018204142252604166,0.010552571614583334,1,0.0,base
Moving harm,Procedure revision,510224,0.4467415364583333,0.0,0.03500000000000001,0.01825846354166667,0.010559895833333333,2,0.0,base
Moving harm,Procedure revision,510225,0.3530295817057291,0.20833333333333334,0.12875000000000003,0.018220418294270832,0.010559895833333334,2,0.20833333333333334,base
Moving harm,Procedure revision,510226,0.4467213948567708,0.0,0.035,0.018278605143229164,0.010573323567708334,2,0.0,base
Moving harm,Procedure revision,510227,0.37929300944010413,0.25,0.10250000000000004,0.018206990559895837,0.010559895833333333,2,0.25,base
Moving harm,Procedure revision,510228,0.4317130533854166,0.0,0.05000000000000001,0.01828694661458333,0.010552571614583334,1,0.0,base
Moving harm,Procedure revision,510229,0.4242543538411458,0.08333333333333333,0.057500000000000016,0.018245646158854167,0.010564982096354167,3,0.08333333333333333,base
Moving harm,Procedure revision,510230,0.44302510579427073,0.041666666666666664,0.03875000000000001,0.018224894205729168,0.010546468098958336,2,0.041666666666666664,base
Moving harm,Procedure revision,510231,0.42927062988281245,0.08333333333333333,0.05250000000000001,0.0182293701171875,0.010555419921874998,2,0.08333333333333333,base
Moving harm,Procedure revision,510232,0.46175272623697916,0.0,0.020000000000000004,0.018247273763020835,0.010564371744791667,2,0.0,base
Moving harm,Procedure revision,510233,0.4480391438802083,0.041666666666666664,0.03375000000000001,0.018210856119791667,0.010554809570312499,1,0.041666666666666664,base
Moving harm,Procedure revision,510234,0.414237060546875,0.08333333333333333,0.0675,0.018262939453125,0.010553181966145833,2,0.08333333333333333,base
Moving harm,Procedure revision,510235,0.41798706054687496,0.041666666666666664,0.06375000000000001,0.018262939453125,0.010559895833333334,2,0.041666666666666664,base
Moving harm,Procedure revision,510236,0.4267789713541666,0.0,0.055000000000000014,0.018221028645833335,0.010562744140625002,3,0.0,base
Moving harm,Procedure revision,510237,0.43306538899739583,0.041666666666666664,0.048750000000000016,0.018184611002604167,0.010553181966145833,2,0.041666666666666664,base
Moving harm,Procedure revision,510238,0.36055419921875,0.2916666666666667,0.12125000000000002,0.018195800781250004,0.01056884765625,2,0.2916666666666667,base
Moving harm,Procedure revision,510239,0.3904909261067708,0.125,0.09125000000000001,0.01825907389322917,0.010567220052083335,3,0.125,base
Moving harm,Procedure revision,510240,0.4180653889973958,0.041666666666666664,0.06375000000000001,0.018184611002604167,0.010555419921875002,2,0.041666666666666664,base
Moving harm,Procedure revision,510241,0.4392834472656249,0.08333333333333333,0.04250000000000001,0.018216552734375002,0.010564982096354167,3,0.08333333333333333,base
Moving harm,Procedure revision,510242,0.3905356852213541,0.125,0.09125000000000001,0.018214314778645834,0.010562744140625002,3,0.125,base
Moving harm,Procedure revision,510243,0.38677510579427077,0.16666666666666666,0.09500000000000001,0.018224894205729168,0.010559895833333333,2,0.16666666666666666,base
Moving harm,Procedure revision,510244,0.3981034342447916,0.20833333333333334,0.08375000000000003,0.018146565755208333,0.0105487060546875,2,0.20833333333333334,base
Moving harm,Procedure revision,510245,0.41430582682291667,0.08333333333333333,0.06750000000000002,0.018194173177083335,0.010560506184895834,3,0.08333333333333333,base
Moving harm,Procedure revision,510246,0.42051452636718745,0.125,0.061250000000000006,0.018235473632812502,0.010554809570312502,1,0.125,base
Moving harm,Procedure revision,510247,0.4192655436197916,0.08333333333333333,0.06250000000000001,0.018234456380208333,0.0105694580078125,3,0.08333333333333333,base
Moving harm,Procedure revision,510248,0.4567281087239583,0.0,0.025000000000000005,0.018271891276041664,0.010562133789062502,2,0.0,base
Moving harm,Procedure revision,510249,0.41928568522135407,0.08333333333333333,0.06250000000000001,0.018214314778645834,0.010564982096354167,3,0.08333333333333333,base
Moving harm,Procedure revision,510250,0.42428853352864576,0.08333333333333333,0.057500000000000016,0.01821146647135417,0.010557657877604166,2,0.08333333333333333,base
Moving harm,Procedure revision,510251,0.43300048828124993,0.041666666666666664,0.048750000000000016,0.01824951171875,0.010555419921875002,2,0.041666666666666664,base
Moving harm,Procedure revision,510252,0.42796081542968745,0.041666666666666664,0.05375000000000001,0.018289184570312502,0.010554809570312499,1,0.041666666666666664,base
Moving harm,Procedure revision,510253,0.4042744954427082,0.08333333333333333,0.07750000000000001,0.01822550455729167,0.010567220052083335,3,0.08333333333333333,base
Moving harm,Procedure revision,510254,0.4367431640624999,0.0,0.04500000000000001,0.018256835937500004,0.0105694580078125,3,0.0,base
Moving harm,Procedure revision,510255,0.42301391601562494,0.041666666666666664,0.058750000000000004,0.018236083984375002,0.010555419921875002,2,0.041666666666666664,base
Moving harm,Freeze after first revision,510000,0.44999247233072914,0.041666666666666664,0.03875000000000001,0.011257527669270831,0.0035231526692708335,1,0.041666666666666664,base
Moving harm,Freeze after first revision,510001,0.41629170735677073,0.08333333333333333,0.07250000000000001,0.011208292643229166,0.003520914713541667,1,0.08333333333333333,base
Moving harm,Freeze after first revision,510002,0.39016316731770834,0.20833333333333334,0.09875000000000005,0.011086832682291667,0.0035135904947916664,0,0.20833333333333334,base
Moving harm,Freeze after first revision,510003,0.43999247233072913,0.041666666666666664,0.04875000000000001,0.011257527669270831,0.0035231526692708335,1,0.041666666666666664,base
Moving harm,Freeze after first revision,510004,0.431334228515625,0.08333333333333333,0.057500000000000016,0.011165771484374998,0.0035164388020833335,1,0.08333333333333333,base
Moving harm,Freeze after first revision,510005,0.44999247233072914,0.041666666666666664,0.03875000000000001,0.011257527669270831,0.0035231526692708335,1,0.041666666666666664,base
Moving harm,Freeze after first revision,510006,0.4449924723307291,0.041666666666666664,0.04375000000000001,0.011257527669270831,0.0035231526692708335,1,0.041666666666666664,base
Moving harm,Freeze after first revision,510007,0.4438140869140625,0.0,0.045000000000000005,0.011185913085937499,0.003520914713541667,1,0.0,base
Moving harm,Freeze after first revision,510008,0.42624471028645833,0.08333333333333333,0.0625,0.011255289713541667,0.003520914713541667,1,0.08333333333333333,base
Moving harm,Freeze after first revision,510009,0.43007080078124993,0.041666666666666664,0.05875000000000002,0.01117919921875,0.0035186767578125,1,0.041666666666666664,base
Moving harm,Freeze after first revision,510010,0.39266092936197916,0.125,0.09625000000000002,0.011089070638020832,0.003515828450520834,0,0.125,base
Moving harm,Freeze after first revision,510011,0.4537984212239583,0.0,0.035,0.011201578776041665,0.003525390625,1,0.0,base
Moving harm,Freeze after first revision,510012,0.37640645345052076,0.25,0.1125,0.011093546549479166,0.003520304361979167,0,0.25,base
Moving harm,Freeze after first revision,510013,0.44499471028645826,0.041666666666666664,0.04375000000000001,0.011255289713541667,0.003520914713541667,1,0.041666666666666664,base
Moving harm,Freeze after first revision,510014,0.4338297526041666,0.0,0.055000000000000014,0.011170247395833333,0.0035231526692708335,1,0.0,base
Moving harm,Freeze after first revision,510015,0.4588118489583333,0.0,0.03000000000000001,0.011188151041666669,0.0035231526692708335,1,0.0,base
Moving harm,Freeze after first revision,510016,0.45880961100260415,0.0,0.03000000000000001,0.011190388997395833,0.003520914713541667,1,0.0,base
Moving harm,Freeze after first revision,510017,0.43505065917968744,0.041666666666666664,0.05375,0.011199340820312499,0.0035231526692708335,1,0.041666666666666664,base
Moving harm,Freeze after first revision,510018,0.43999023437499996,0.041666666666666664,0.04875000000000001,0.011259765625000001,0.003525390625,1,0.041666666666666664,base
Moving harm,Freeze after first revision,510019,0.37015869140625,0.20833333333333334,0.11875000000000002,0.011091308593750002,0.0035180664062500005,0,0.20833333333333334,base
Moving harm,Freeze after first revision,510020,0.43007975260416664,0.041666666666666664,0.05875000000000002,0.011170247395833333,0.0035231526692708335,1,0.041666666666666664,base
Moving harm,Freeze after first revision,510021,0.37641988118489583,0.25,0.1125,0.011080118815104166,0.003506876627604167,0,0.25,base
Moving harm,Freeze after first revision,510022,0.4499991861979167,0.041666666666666664,0.03875000000000001,0.011250813802083334,0.0035164388020833335,1,0.041666666666666664,base
Moving harm,Freeze after first revision,510023,0.40632080078124994,0.08333333333333333,0.08250000000000002,0.01117919921875,0.003520914713541667,1,0.08333333333333333,base
Moving harm,Freeze after first revision,510024,0.4124924723307291,0.125,0.07625,0.011257527669270831,0.0035231526692708335,1,0.125,base
Moving harm,Freeze after first revision,510025,0.4300618489583334,0.041666666666666664,0.058750000000000004,0.011188151041666669,0.003520914713541667,1,0.041666666666666664,base
Moving harm,Freeze after first revision,510026,0.4337424723307291,0.0,0.055000000000000014,0.011257527669270831,0.0035231526692708335,1,0.0,base
Moving harm,Freeze after first revision,510027,0.44873799641927076,0.0,0.04000000000000001,0.011262003580729166,0.003527628580729167,1,0.0,base
Moving harm,Freeze after first revision,510028,0.4089131673177084,0.16666666666666666,0.08000000000000002,0.011086832682291667,0.0035135904947916664,0,0.16666666666666666,base
Moving harm,Freeze after first revision,510029,0.4350685628255208,0.041666666666666664,0.05375,0.011181437174479164,0.003520914713541667,1,0.041666666666666664,base
Moving harm,Freeze after first revision,510030,0.4312379964192708,0.08333333333333333,0.057500000000000016,0.011262003580729166,0.003527628580729167,1,0.08333333333333333,base
Moving harm,Freeze after first revision,510031,0.44499471028645826,0.041666666666666664,0.04375000000000001,0.011255289713541667,0.003520914713541667,1,0.041666666666666664,base
Moving harm,Freeze after first revision,510032,0.4463364664713542,0.08333333333333333,0.04250000000000001,0.011163533528645833,0.0035164388020833335,1,0.08333333333333333,base
Moving harm,Freeze after first revision,510033,0.38641092936197924,0.25,0.10250000000000002,0.011089070638020832,0.003515828450520834,0,0.25,base
Moving harm,Freeze after first revision,510034,0.4437424723307291,0.0,0.04500000000000001,0.011257527669270831,0.0035231526692708335,1,0.0,base
Moving harm,Freeze after first revision,510035,0.4549991861979166,0.041666666666666664,0.03375000000000001,0.011250813802083334,0.0035164388020833335,1,0.041666666666666664,base
Moving harm,Freeze after first revision,510036,0.4350596110026041,0.041666666666666664,0.05375000000000001,0.011190388997395833,0.0035186767578125,1,0.041666666666666664,base
Moving harm,Freeze after first revision,510037,0.45874918619791666,0.0,0.03000000000000001,0.011250813802083334,0.0035164388020833335,1,0.0,base
Moving harm,Freeze after first revision,510038,0.43624471028645834,0.08333333333333333,0.05250000000000001,0.011255289713541667,0.003520914713541667,1,0.08333333333333333,base
Moving harm,Freeze after first revision,510039,0.43640421549479164,0.08333333333333333,0.05250000000000001,0.011095784505208333,0.0035225423177083336,0,0.08333333333333333,base
Moving harm,Freeze after first revision,510040,0.44507527669270824,0.041666666666666664,0.043750000000000004,0.011174723307291667,0.003525390625,1,0.041666666666666664,base
Moving harm,Freeze after first revision,510041,0.44882751464843745,0.0,0.04000000000000001,0.011172485351562499,0.003520914713541667,1,0.0,base
Moving harm,Freeze after first revision,510042,0.41624247233072914,0.08333333333333333,0.07250000000000001,0.011257527669270831,0.0035231526692708335,1,0.08333333333333333,base
Moving harm,Freeze after first revision,510043,0.43506632486979163,0.041666666666666664,0.05375,0.011183675130208334,0.003525390625,1,0.041666666666666664,base
Moving harm,Freeze after first revision,510044,0.4200014241536458,0.041666666666666664,0.06875,0.01124857584635417,0.003514200846354167,1,0.041666666666666664,base
Moving harm,Freeze after first revision,510045,0.44499694824218744,0.041666666666666664,0.04375000000000001,0.011253051757812499,0.0035186767578125,1,0.041666666666666664,base
Moving harm,Freeze after first revision,510046,0.40757303873697914,0.125,0.08125000000000002,0.011176961263020832,0.0035186767578125,1,0.125,base
Moving harm,Freeze after first revision,510047,0.4313163248697916,0.08333333333333333,0.057500000000000016,0.011183675130208334,0.0035231526692708335,1,0.08333333333333333,base
Moving harm,Freeze after first revision,510048,0.43499471028645836,0.041666666666666664,0.05375000000000001,0.011255289713541667,0.003520914713541667,1,0.041666666666666664,base
Moving harm,Freeze after first revision,510049,0.39515869140625,0.20833333333333334,0.09375,0.011091308593750002,0.0035180664062500005,0,0.20833333333333334,base
Moving harm,Freeze after first revision,510050,0.40124247233072907,0.08333333333333333,0.08750000000000002,0.011257527669270831,0.0035231526692708335,1,0.08333333333333333,base
Moving harm,Freeze after first revision,510051,0.44375366210937495,0.0,0.04500000000000001,0.011246337890625,0.003511962890625,1,0.0,base
Moving harm,Freeze after first revision,510052,0.4538006591796875,0.0,0.03500000000000001,0.0111993408203125,0.0035231526692708335,1,0.0,base
Moving harm,Freeze after first revision,510053,0.46882975260416665,0.0,0.020000000000000004,0.011170247395833333,0.003514200846354167,1,0.0,base
Moving harm,Freeze after first revision,510054,0.4438319905598958,0.0,0.045000000000000005,0.011168009440104166,0.003520914713541667,1,0.0,base
Moving harm,Freeze after first revision,510055,0.4313096110026042,0.08333333333333333,0.057500000000000016,0.011190388997395833,0.003525390625,1,0.08333333333333333,base
Moving harm,Freeze after first revision,510056,0.40624918619791667,0.08333333333333333,0.08250000000000002,0.011250813802083334,0.0035164388020833335,1,0.08333333333333333,base
Moving harm,Freeze after first revision,510057,0.4163230387369792,0.08333333333333333,0.07250000000000001,0.011176961263020833,0.003520914713541667,1,0.08333333333333333,base
Moving harm,Freeze after first revision,510058,0.4449924723307291,0.041666666666666664,0.04375000000000001,0.011257527669270831,0.0035231526692708335,1,0.041666666666666664,base
Moving harm,Freeze after first revision,510059,0.4438208007812499,0.0,0.045000000000000005,0.01117919921875,0.0035231526692708335,1,0.0,base
Moving harm,Freeze after first revision,510060,0.4363185628255208,0.08333333333333333,0.05250000000000001,0.011181437174479168,0.003520914713541667,1,0.08333333333333333,base
Moving harm,Freeze after first revision,510061,0.4312447102864583,0.08333333333333333,0.0575,0.011255289713541667,0.003520914713541667,1,0.08333333333333333,base
Moving harm,Freeze after first revision,510062,0.41124247233072914,0.08333333333333333,0.07750000000000003,0.011257527669270831,0.0035231526692708335,1,0.08333333333333333,base
Moving harm,Freeze after first revision,510063,0.4162469482421874,0.08333333333333333,0.07250000000000001,0.011253051757812499,0.0035186767578125,1,0.08333333333333333,base
Moving harm,Freeze after first revision,510064,0.4299924723307291,0.041666666666666664,0.05875000000000002,0.011257527669270831,0.0035231526692708335,1,0.041666666666666664,base
Moving harm,Freeze after first revision,510065,0.39516092936197916,0.20833333333333334,0.09375000000000001,0.011089070638020832,0.003515828450520834,0,0.20833333333333334,base
Moving harm,Freeze after first revision,510066,0.44381856282552085,0.0,0.045000000000000005,0.011181437174479168,0.0035231526692708335,1,0.0,base
Moving harm,Freeze after first revision,510067,0.4300484212239583,0.041666666666666664,0.058750000000000004,0.011201578776041665,0.003520914713541667,1,0.041666666666666664,base
Moving harm,Freeze after first revision,510068,0.46374694824218743,0.0,0.025000000000000005,0.011253051757812499,0.0035186767578125,1,0.0,base
Moving harm,Freeze after first revision,510069,0.4537469482421875,0.0,0.03500000000000001,0.011253051757812499,0.0035186767578125,1,0.0,base
Moving harm,Freeze after first revision,510070,0.3939131673177083,0.16666666666666666,0.09500000000000001,0.011086832682291667,0.0035135904947916664,0,0.16666666666666666,base
Moving harm,Freeze after first revision,510071,0.4263185628255208,0.08333333333333333,0.06250000000000001,0.011181437174479168,0.0035164388020833335,1,0.08333333333333333,base
Moving harm,Freeze after first revision,510072,0.43374918619791664,0.0,0.055000000000000014,0.011250813802083334,0.0035164388020833335,1,0.0,base
Moving harm,Freeze after first revision,510073,0.43499694824218754,0.041666666666666664,0.05375000000000001,0.011253051757812499,0.0035186767578125,1,0.041666666666666664,base
Moving harm,Freeze after first revision,510074,0.42629170735677074,0.08333333333333333,0.06250000000000001,0.011208292643229168,0.003525390625,1,0.08333333333333333,base
Moving harm,Freeze after first revision,510075,0.37516092936197915,0.20833333333333334,0.11375000000000002,0.011089070638020832,0.003515828450520834,0,0.20833333333333334,base
Moving harm,Freeze after first revision,510076,0.3939131673177083,0.16666666666666666,0.09500000000000001,0.011086832682291667,0.0035135904947916664,0,0.16666666666666666,base
Moving harm,Freeze after first revision,510077,0.35765869140625,0.2916666666666667,0.13125,0.011091308593750002,0.0035180664062500005,0,0.2916666666666667,base
Moving harm,Freeze after first revision,510078,0.3839109293619791,0.16666666666666666,0.10500000000000002,0.011089070638020832,0.003515828450520834,0,0.16666666666666666,base
Moving harm,Freeze after first revision,510079,0.40124247233072907,0.08333333333333333,0.08750000000000002,0.011257527669270831,0.0035231526692708335,1,0.08333333333333333,base
Moving harm,Freeze after first revision,510080,0.4112469482421875,0.08333333333333333,0.07750000000000001,0.011253051757812499,0.0035186767578125,1,0.08333333333333333,base
Moving harm,Freeze after first revision,510081,0.40631632486979163,0.08333333333333333,0.08250000000000002,0.011183675130208334,0.003520914713541667,1,0.08333333333333333,base
Moving harm,Freeze after first revision,510082,0.44624247233072917,0.08333333333333333,0.04250000000000001,0.011257527669270831,0.0035231526692708335,1,0.08333333333333333,base
Moving harm,Freeze after first revision,510083,0.4487447102864583,0.0,0.04000000000000001,0.011255289713541667,0.003520914713541667,1,0.0,base
Moving harm,Freeze after first revision,510084,0.36265645345052083,0.2916666666666667,0.12625,0.011093546549479166,0.003520304361979167,0,0.2916666666666667,base
Moving harm,Freeze after first revision,510085,0.4349924723307292,0.041666666666666664,0.05375000000000001,0.011257527669270831,0.0035231526692708335,1,0.041666666666666664,base
Moving harm,Freeze after first revision,510086,0.4388319905598958,0.0,0.05000000000000001,0.011168009440104168,0.003514200846354167,1,0.0,base
Moving harm,Freeze after first revision,510087,0.4499991861979167,0.041666666666666664,0.03875,0.011250813802083334,0.0035164388020833335,1,0.041666666666666664,base
Moving harm,Freeze after first revision,510088,0.44499471028645826,0.041666666666666664,0.04375000000000001,0.011255289713541667,0.003520914713541667,1,0.041666666666666664,base
Moving harm,Freeze after first revision,510089,0.4249991861979166,0.041666666666666664,0.06375000000000001,0.011250813802083334,0.0035164388020833335,1,0.041666666666666664,base
Moving harm,Freeze after first revision,510090,0.45874694824218754,0.0,0.03000000000000001,0.011253051757812499,0.0035186767578125,1,0.0,base
Moving harm,Freeze after first revision,510091,0.4126609293619792,0.125,0.07625000000000001,0.011089070638020832,0.003515828450520834,0,0.125,base
Moving harm,Freeze after first revision,510092,0.44007975260416665,0.041666666666666664,0.048750000000000016,0.011170247395833333,0.0035231526692708335,1,0.041666666666666664,base
Moving harm,Freeze after first revision,510093,0.44505065917968745,0.041666666666666664,0.04375000000000001,0.0111993408203125,0.0035231526692708335,1,0.041666666666666664,base
Moving harm,Freeze after first revision,510094,0.45373799641927076,0.0,0.03500000000000001,0.011262003580729166,0.003527628580729167,1,0.0,base
Moving harm,Freeze after first revision,510095,0.4174947102864583,0.125,0.07125000000000002,0.011255289713541667,0.003520914713541667,1,0.125,base
Moving harm,Freeze after first revision,510096,0.4688096110026041,0.0,0.020000000000000004,0.011190388997395833,0.0035231526692708335,1,0.0,base
Moving harm,Freeze after first revision,510097,0.4388297526041666,0.0,0.05000000000000001,0.011170247395833333,0.003520914713541667,1,0.0,base
Moving harm,Freeze after first revision,510098,0.44506408691406246,0.041666666666666664,0.04375000000000001,0.011185913085937499,0.0035231526692708335,1,0.041666666666666664,base
Moving harm,Freeze after first revision,510099,0.4299969482421875,0.041666666666666664,0.05875000000000002,0.011253051757812499,0.0035186767578125,1,0.041666666666666664,base
Moving harm,Freeze after first revision,510100,0.44383199055989575,0.0,0.045000000000000005,0.011168009440104166,0.003514200846354167,1,0.0,base
Moving harm,Freeze after first revision,510101,0.4588252766927083,0.0,0.03000000000000001,0.011174723307291667,0.0035186767578125,1,0.0,base
Moving harm,Freeze after first revision,510102,0.4250618489583333,0.041666666666666664,0.06375000000000001,0.011188151041666665,0.003527628580729167,1,0.041666666666666664,base
Moving harm,Freeze after first revision,510103,0.4537447102864583,0.0,0.03500000000000001,0.011255289713541667,0.003520914713541667,1,0.0,base
Moving harm,Freeze after first revision,510104,0.41125142415364574,0.08333333333333333,0.07750000000000001,0.01124857584635417,0.003514200846354167,1,0.08333333333333333,base
Moving harm,Freeze after first revision,510105,0.4387447102864583,0.0,0.05000000000000001,0.011255289713541667,0.003520914713541667,1,0.0,base
Moving harm,Freeze after first revision,510106,0.41124471028645826,0.08333333333333333,0.07750000000000001,0.011255289713541667,0.003520914713541667,1,0.08333333333333333,base
Moving harm,Freeze after first revision,510107,0.44132527669270827,0.08333333333333333,0.04750000000000001,0.011174723307291667,0.003525390625,1,0.08333333333333333,base
Moving harm,Freeze after first revision,510108,0.44384318033854164,0.0,0.045000000000000005,0.011156819661458333,0.0035164388020833335,1,0.0,base
Moving harm,Freeze after first revision,510109,0.4213163248697916,0.08333333333333333,0.0675,0.011183675130208334,0.003520914713541667,1,0.08333333333333333,base
Moving harm,Freeze after first revision,510110,0.43874918619791664,0.0,0.05000000000000001,0.011250813802083334,0.0035164388020833335,1,0.0,base
Moving harm,Freeze after first revision,510111,0.40374471028645825,0.16666666666666666,0.085,0.011255289713541667,0.003520914713541667,1,0.16666666666666666,base
Moving harm,Freeze after first revision,510112,0.43624247233072916,0.08333333333333333,0.05250000000000001,0.011257527669270831,0.0035231526692708335,1,0.08333333333333333,base
Moving harm,Freeze after first revision,510113,0.45506632486979165,0.041666666666666664,0.03375000000000001,0.011183675130208334,0.003514200846354167,1,0.041666666666666664,base
Moving harm,Freeze after first revision,510114,0.4400752766927083,0.041666666666666664,0.04875000000000001,0.011174723307291667,0.003520914713541667,1,0.041666666666666664,base
Moving harm,Freeze after first revision,510115,0.4212491861979166,0.08333333333333333,0.06750000000000002,0.011250813802083334,0.0035164388020833335,1,0.08333333333333333,base
Moving harm,Freeze after first revision,510116,0.4638140869140625,0.0,0.025000000000000005,0.011185913085937499,0.0035164388020833335,1,0.0,base
Moving harm,Freeze after first revision,510117,0.41874471028645827,0.0,0.07000000000000002,0.011255289713541667,0.003520914713541667,1,0.0,base
Moving harm,Freeze after first revision,510118,0.44880737304687496,0.0,0.04000000000000001,0.011192626953125,0.0035231526692708335,1,0.0,base
Moving harm,Freeze after first revision,510119,0.4400730387369791,0.041666666666666664,0.04875000000000001,0.011176961263020833,0.003525390625,1,0.041666666666666664,base
Moving harm,Freeze after first revision,510120,0.4587447102864583,0.0,0.03000000000000001,0.011255289713541667,0.003520914713541667,1,0.0,base
Moving harm,Freeze after first revision,510121,0.4687469482421875,0.0,0.020000000000000004,0.011253051757812499,0.0035186767578125,1,0.0,base
Moving harm,Freeze after first revision,510122,0.43508422851562495,0.041666666666666664,0.05375000000000001,0.011165771484374998,0.0035186767578125,1,0.041666666666666664,base
Moving harm,Freeze after first revision,510123,0.37015869140625,0.20833333333333334,0.11875000000000002,0.011091308593750002,0.0035180664062500005,0,0.20833333333333334,base
Moving harm,Freeze after first revision,510124,0.42508199055989576,0.041666666666666664,0.06375000000000001,0.011168009440104168,0.0035231526692708335,1,0.041666666666666664,base
Moving harm,Freeze after first revision,510125,0.4400752766927083,0.041666666666666664,0.048750000000000016,0.011174723307291667,0.0035164388020833335,1,0.041666666666666664,base
Moving harm,Freeze after first revision,510126,0.4089109293619792,0.16666666666666666,0.08,0.011089070638020832,0.003515828450520834,0,0.16666666666666666,base
Moving harm,Freeze after first revision,510127,0.4438118489583333,0.0,0.04500000000000001,0.011188151041666665,0.003525390625,1,0.0,base
Moving harm,Freeze after first revision,510128,0.4537984212239583,0.0,0.035,0.011201578776041665,0.0035231526692708335,1,0.0,base
Moving harm,Freeze after first revision,510129,0.4299924723307291,0.041666666666666664,0.05875000000000002,0.011257527669270831,0.0035231526692708335,1,0.041666666666666664,base
Moving harm,Freeze after first revision,510130,0.45880065917968743,0.0,0.03000000000000001,0.0111993408203125,0.003520914713541667,1,0.0,base
Moving harm,Freeze after first revision,510131,0.4487447102864583,0.0,0.04000000000000001,0.011255289713541667,0.003520914713541667,1,0.0,base
Moving harm,Freeze after first revision,510132,0.43499471028645836,0.041666666666666664,0.05375000000000001,0.011255289713541667,0.003520914713541667,1,0.041666666666666664,base
Moving harm,Freeze after first revision,510133,0.4588275146484375,0.0,0.03000000000000001,0.011172485351562499,0.003520914713541667,1,0.0,base
Moving harm,Freeze after first revision,510134,0.44499471028645826,0.041666666666666664,0.04375000000000001,0.011255289713541667,0.003520914713541667,1,0.041666666666666664,base
Moving harm,Freeze after first revision,510135,0.4250640869140625,0.041666666666666664,0.06375000000000001,0.011185913085937499,0.0035231526692708335,1,0.041666666666666664,base
Moving harm,Freeze after first revision,510136,0.37890869140625,0.16666666666666666,0.11000000000000003,0.011091308593750002,0.0035180664062500005,0,0.16666666666666666,base
Moving harm,Freeze after first revision,510137,0.43999471028645826,0.041666666666666664,0.04875000000000001,0.011255289713541667,0.003520914713541667,1,0.041666666666666664,base
Moving harm,Freeze after first revision,510138,0.42132303873697907,0.08333333333333333,0.0675,0.011176961263020835,0.003514200846354167,1,0.08333333333333333,base
Moving harm,Freeze after first revision,510139,0.3826609293619791,0.125,0.10625000000000002,0.011089070638020832,0.003515828450520834,0,0.125,base
Moving harm,Freeze after first revision,510140,0.43999247233072913,0.041666666666666664,0.048750000000000016,0.011257527669270831,0.0035231526692708335,1,0.041666666666666664,base
Moving harm,Freeze after first revision,510141,0.43999471028645826,0.041666666666666664,0.04875000000000001,0.011255289713541667,0.003520914713541667,1,0.041666666666666664,base
Moving harm,Freeze after first revision,510142,0.46881632486979163,0.0,0.020000000000000004,0.011183675130208334,0.0035164388020833335,1,0.0,base
Moving harm,Freeze after first revision,510143,0.42624471028645833,0.08333333333333333,0.06250000000000001,0.011255289713541667,0.003520914713541667,1,0.08333333333333333,base
Moving harm,Freeze after first revision,510144,0.4012491861979166,0.08333333333333333,0.08750000000000001,0.011250813802083334,0.0035164388020833335,1,0.08333333333333333,base
Moving harm,Freeze after first revision,510145,0.44006408691406246,0.041666666666666664,0.048750000000000016,0.011185913085937499,0.0035186767578125,1,0.041666666666666664,base
Moving harm,Freeze after first revision,510146,0.39015869140625004,0.20833333333333334,0.09875,0.011091308593750002,0.0035180664062500005,0,0.20833333333333334,base
Moving harm,Freeze after first revision,510147,0.40749694824218746,0.125,0.08125,0.011253051757812499,0.0035186767578125,1,0.125,base
Moving harm,Freeze after first revision,510148,0.4299924723307291,0.041666666666666664,0.05875000000000002,0.011257527669270831,0.0035231526692708335,1,0.041666666666666664,base
Moving harm,Freeze after first revision,510149,0.38890869140625,0.16666666666666666,0.10000000000000002,0.011091308593750002,0.0035180664062500005,0,0.16666666666666666,base
Moving harm,Freeze after first revision,510150,0.45999247233072915,0.041666666666666664,0.02875,0.011257527669270831,0.0035231526692708335,1,0.041666666666666664,base
Moving harm,Freeze after first revision,510151,0.43624247233072916,0.08333333333333333,0.05250000000000001,0.011257527669270831,0.0035231526692708335,1,0.08333333333333333,base
Moving harm,Freeze after first revision,510152,0.39749694824218745,0.125,0.09125000000000001,0.011253051757812499,0.0035186767578125,1,0.125,base
Moving harm,Freeze after first revision,510153,0.4075685628255208,0.125,0.08125,0.011181437174479168,0.003520914713541667,1,0.125,base
Moving harm,Freeze after first revision,510154,0.40390869140624996,0.16666666666666666,0.085,0.011091308593750002,0.0035180664062500005,0,0.16666666666666666,base
Moving harm,Freeze after first revision,510155,0.4413163248697917,0.08333333333333333,0.04750000000000001,0.011183675130208334,0.0035231526692708335,1,0.08333333333333333,base
Moving harm,Freeze after first revision,510156,0.42756184895833327,0.125,0.061250000000000006,0.011188151041666665,0.003525390625,1,0.125,base
Moving harm,Freeze after first revision,510157,0.4287424723307291,0.0,0.06000000000000002,0.011257527669270831,0.0035231526692708335,1,0.0,base
Moving harm,Freeze after first revision,510158,0.4024947102864583,0.125,0.08625000000000001,0.011255289713541667,0.003520914713541667,1,0.125,base
Moving harm,Freeze after first revision,510159,0.41141092936197915,0.08333333333333333,0.07750000000000001,0.011089070638020832,0.003515828450520834,0,0.08333333333333333,base
Moving harm,Freeze after first revision,510160,0.39266092936197916,0.125,0.09625000000000002,0.011089070638020832,0.003515828450520834,0,0.125,base
Moving harm,Freeze after first revision,510161,0.431253662109375,0.08333333333333333,0.057500000000000016,0.011246337890625,0.003511962890625,1,0.08333333333333333,base
Moving harm,Freeze after first revision,510162,0.41249023437499993,0.125,0.07625,0.011259765625000001,0.003525390625,1,0.125,base
Moving harm,Freeze after first revision,510163,0.43498799641927083,0.041666666666666664,0.05375000000000001,0.011262003580729166,0.003527628580729167,1,0.041666666666666664,base
Moving harm,Freeze after first revision,510164,0.4263051350911458,0.08333333333333333,0.06250000000000001,0.011194864908854166,0.0035164388020833335,1,0.08333333333333333,base
Moving harm,Freeze after first revision,510165,0.41624247233072914,0.08333333333333333,0.07250000000000001,0.011257527669270831,0.0035231526692708335,1,0.08333333333333333,base
Moving harm,Freeze after first revision,510166,0.4438230387369792,0.0,0.045000000000000005,0.011176961263020833,0.0035231526692708335,1,0.0,base
Moving harm,Freeze after first revision,510167,0.43499694824218754,0.041666666666666664,0.05375000000000001,0.011253051757812499,0.0035186767578125,1,0.041666666666666664,base
Moving harm,Freeze after first revision,510168,0.4538230387369791,0.0,0.035,0.011176961263020833,0.0035186767578125,1,0.0,base
Moving harm,Freeze after first revision,510169,0.4338185628255207,0.0,0.055000000000000014,0.011181437174479168,0.003520914713541667,1,0.0,base
Moving harm,Freeze after first revision,510170,0.46375366210937496,0.0,0.025000000000000005,0.011246337890625,0.003511962890625,1,0.0,base
Moving harm,Freeze after first revision,510171,0.4264131673177083,0.08333333333333333,0.06250000000000001,0.011086832682291667,0.0035135904947916664,0,0.08333333333333333,base
Moving harm,Freeze after first revision,510172,0.38516764322916663,0.20833333333333334,0.10375000000000001,0.011082356770833334,0.0035091145833333337,0,0.20833333333333334,base
Moving harm,Freeze after first revision,510173,0.4363096110026041,0.08333333333333333,0.05250000000000001,0.011190388997395835,0.003520914713541667,1,0.08333333333333333,base
Moving harm,Freeze after first revision,510174,0.42999023437499995,0.041666666666666664,0.058750000000000004,0.011259765625000001,0.003525390625,1,0.041666666666666664,base
Moving harm,Freeze after first revision,510175,0.4538163248697917,0.0,0.03500000000000001,0.011183675130208334,0.003520914713541667,1,0.0,base
Moving harm,Freeze after first revision,510176,0.4300484212239583,0.041666666666666664,0.05875000000000002,0.011201578776041665,0.0035186767578125,1,0.041666666666666664,base
Moving harm,Freeze after first revision,510177,0.4224969482421875,0.125,0.06625000000000002,0.011253051757812499,0.0035186767578125,1,0.125,base
Moving harm,Freeze after first revision,510178,0.44506184895833334,0.041666666666666664,0.04375000000000001,0.011188151041666665,0.003525390625,1,0.041666666666666664,base
Moving harm,Freeze after first revision,510179,0.45874471028645836,0.0,0.03000000000000001,0.011255289713541667,0.003520914713541667,1,0.0,base
Moving harm,Freeze after first revision,510180,0.44007080078125,0.041666666666666664,0.048750000000000016,0.01117919921875,0.003525390625,1,0.041666666666666664,base
Moving harm,Freeze after first revision,510181,0.4299924723307291,0.041666666666666664,0.05875000000000002,0.011257527669270831,0.0035231526692708335,1,0.041666666666666664,base
Moving harm,Freeze after first revision,510182,0.45874918619791666,0.0,0.030000000000000002,0.011250813802083334,0.0035164388020833335,1,0.0,base
Moving harm,Freeze after first revision,510183,0.4313342285156249,0.08333333333333333,0.057500000000000016,0.011165771484374998,0.0035186767578125,1,0.08333333333333333,base
Moving harm,Freeze after first revision,510184,0.43374694824218746,0.0,0.055000000000000014,0.011253051757812499,0.0035186767578125,1,0.0,base
Moving harm,Freeze after first revision,510185,0.42999918619791666,0.041666666666666664,0.058750000000000004,0.011250813802083334,0.0035164388020833335,1,0.041666666666666664,base
Moving harm,Freeze after first revision,510186,0.45505513509114576,0.041666666666666664,0.03375000000000001,0.011194864908854166,0.003520914713541667,1,0.041666666666666664,base
Moving harm,Freeze after first revision,510187,0.4400797526041666,0.041666666666666664,0.04875000000000001,0.011170247395833333,0.0035164388020833335,1,0.041666666666666664,base
Moving harm,Freeze after first revision,510188,0.4500752766927083,0.041666666666666664,0.03875,0.011174723307291667,0.003527628580729167,1,0.041666666666666664,base
Moving harm,Freeze after first revision,510189,0.4413431803385417,0.08333333333333333,0.04750000000000001,0.011156819661458333,0.0035186767578125,1,0.08333333333333333,base
Moving harm,Freeze after first revision,510190,0.38015869140624997,0.20833333333333334,0.10875000000000001,0.011091308593750002,0.0035180664062500005,0,0.20833333333333334,base
Moving harm,Freeze after first revision,510191,0.42124023437499997,0.08333333333333333,0.0675,0.011259765625000001,0.003525390625,1,0.08333333333333333,base
Moving harm,Freeze after first revision,510192,0.35641540527343746,0.25,0.13250000000000003,0.011084594726562499,0.0035113525390625,0,0.25,base
Moving harm,Freeze after first revision,510193,0.4299947102864583,0.041666666666666664,0.058750000000000004,0.011255289713541667,0.003520914713541667,1,0.041666666666666664,base
Moving harm,Freeze after first revision,510194,0.4300596110026041,0.041666666666666664,0.058750000000000004,0.011190388997395833,0.003520914713541667,1,0.041666666666666664,base
Moving harm,Freeze after first revision,510195,0.42506408691406244,0.041666666666666664,0.06375000000000001,0.011185913085937499,0.003520914713541667,1,0.041666666666666664,base
Moving harm,Freeze after first revision,510196,0.4387447102864583,0.0,0.05000000000000001,0.011255289713541667,0.003520914713541667,1,0.0,base
Moving harm,Freeze after first revision,510197,0.4076631673177083,0.125,0.08125000000000002,0.011086832682291667,0.0035135904947916664,0,0.125,base
Moving harm,Freeze after first revision,510198,0.40015869140625,0.20833333333333334,0.08875000000000001,0.011091308593750002,0.0035180664062500005,0,0.20833333333333334,base
Moving harm,Freeze after first revision,510199,0.45882080078125,0.0,0.03000000000000001,0.01117919921875,0.0035231526692708335,1,0.0,base
Moving harm,Freeze after first revision,510200,0.41265869140625,0.125,0.07625000000000003,0.011091308593750002,0.0035180664062500005,0,0.125,base
Moving harm,Freeze after first revision,510201,0.4112469482421875,0.08333333333333333,0.07750000000000001,0.011253051757812499,0.0035186767578125,1,0.08333333333333333,base
Moving harm,Freeze after first revision,510202,0.4563028971354166,0.08333333333333333,0.03250000000000001,0.011197102864583334,0.003520914713541667,1,0.08333333333333333,base
Moving harm,Freeze after first revision,510203,0.41249471028645823,0.125,0.07625000000000001,0.011255289713541667,0.003520914713541667,1,0.125,base
Moving harm,Freeze after first revision,510204,0.455057373046875,0.041666666666666664,0.03375,0.011192626953125,0.003520914713541667,1,0.041666666666666664,base
Moving harm,Freeze after first revision,510205,0.4150014241536457,0.041666666666666664,0.07375000000000001,0.01124857584635417,0.003514200846354167,1,0.041666666666666664,base
Moving harm,Freeze after first revision,510206,0.43506632486979163,0.041666666666666664,0.05375000000000001,0.011183675130208334,0.0035231526692708335,1,0.041666666666666664,base
Moving harm,Freeze after first revision,510207,0.4537469482421875,0.0,0.03500000000000001,0.011253051757812499,0.0035186767578125,1,0.0,base
Moving harm,Freeze after first revision,510208,0.43999471028645826,0.041666666666666664,0.04875000000000001,0.011255289713541667,0.003520914713541667,1,0.041666666666666664,base
Moving harm,Freeze after first revision,510209,0.41266316731770836,0.125,0.07625000000000001,0.011086832682291667,0.0035135904947916664,0,0.125,base
Moving harm,Freeze after first revision,510210,0.42131184895833335,0.08333333333333333,0.0675,0.011188151041666669,0.003520914713541667,1,0.08333333333333333,base
Moving harm,Freeze after first revision,510211,0.40381408691406245,0.16666666666666666,0.085,0.011185913085937499,0.0035231526692708335,1,0.16666666666666666,base
Moving harm,Freeze after first revision,510212,0.4338118489583333,0.0,0.055000000000000014,0.011188151041666669,0.0035186767578125,1,0.0,base
Moving harm,Freeze after first revision,510213,0.4337447102864583,0.0,0.055000000000000014,0.011255289713541667,0.003520914713541667,1,0.0,base
Moving harm,Freeze after first revision,510214,0.44503723144531243,0.041666666666666664,0.04375000000000001,0.0112127685546875,0.0035231526692708335,1,0.041666666666666664,base
Moving harm,Freeze after first revision,510215,0.422557373046875,0.125,0.06625000000000002,0.011192626953125,0.0035231526692708335,1,0.125,base
Moving harm,Freeze after first revision,510216,0.43124471028645833,0.08333333333333333,0.057500000000000016,0.011255289713541667,0.003520914713541667,1,0.08333333333333333,base
Moving harm,Freeze after first revision,510217,0.4337447102864583,0.0,0.055000000000000014,0.011255289713541667,0.003520914713541667,1,0.0,base
Moving harm,Freeze after first revision,510218,0.444990234375,0.041666666666666664,0.04375000000000001,0.011259765625000001,0.003525390625,1,0.041666666666666664,base
Moving harm,Freeze after first revision,510219,0.4262491861979167,0.08333333333333333,0.06250000000000001,0.011250813802083334,0.0035164388020833335,1,0.08333333333333333,base
Moving harm,Freeze after first revision,510220,0.47374247233072914,0.0,0.015000000000000005,0.011257527669270831,0.0035231526692708335,1,0.0,base
Moving harm,Freeze after first revision,510221,0.4450708007812499,0.041666666666666664,0.04375000000000001,0.01117919921875,0.003514200846354167,1,0.041666666666666664,base
Moving harm,Freeze after first revision,510222,0.43006632486979157,0.041666666666666664,0.058750000000000004,0.011183675130208334,0.003520914713541667,1,0.041666666666666664,base
Moving harm,Freeze after first revision,510223,0.45882527669270834,0.0,0.03000000000000001,0.011174723307291667,0.0035231526692708335,1,0.0,base
Moving harm,Freeze after first revision,510224,0.44873799641927076,0.0,0.04000000000000001,0.011262003580729166,0.003527628580729167,1,0.0,base
Moving harm,Freeze after first revision,510225,0.37390869140625,0.16666666666666666,0.11500000000000003,0.011091308593750002,0.0035180664062500005,0,0.16666666666666666,base
Moving harm,Freeze after first revision,510226,0.45373799641927076,0.0,0.035,0.011262003580729166,0.003527628580729167,1,0.0,base
Moving harm,Freeze after first revision,510227,0.3626631673177083,0.2916666666666667,0.12625,0.011086832682291667,0.0035135904947916664,0,0.2916666666666667,base
Moving harm,Freeze after first revision,510228,0.4387447102864583,0.0,0.05000000000000001,0.011255289713541667,0.003520914713541667,1,0.0,base
Moving harm,Freeze after first revision,510229,0.43131408691406253,0.08333333333333333,0.057500000000000016,0.011185913085937499,0.0035186767578125,1,0.08333333333333333,base
Moving harm,Freeze after first revision,510230,0.45008646647135414,0.041666666666666664,0.03875000000000001,0.011163533528645833,0.0035164388020833335,1,0.041666666666666664,base
Moving harm,Freeze after first revision,510231,0.44633422851562493,0.08333333333333333,0.04250000000000001,0.011165771484375002,0.0035186767578125,1,0.08333333333333333,base
Moving harm,Freeze after first revision,510232,0.468807373046875,0.0,0.020000000000000004,0.011192626953125,0.0035231526692708335,1,0.0,base
Moving harm,Freeze after first revision,510233,0.4550730387369792,0.041666666666666664,0.03375000000000001,0.011176961263020833,0.003520914713541667,1,0.041666666666666664,base
Moving harm,Freeze after first revision,510234,0.4212424723307291,0.08333333333333333,0.0675,0.011257527669270831,0.0035231526692708335,1,0.08333333333333333,base
Moving harm,Freeze after first revision,510235,0.4249969482421874,0.041666666666666664,0.06375000000000001,0.011253051757812499,0.0035186767578125,1,0.041666666666666664,base
Moving harm,Freeze after first revision,510236,0.4288163248697916,0.0,0.06000000000000002,0.011183675130208333,0.0035186767578125,1,0.0,base
Moving harm,Freeze after first revision,510237,0.4488140869140625,0.0,0.04000000000000001,0.011185913085937499,0.0035186767578125,1,0.0,base
Moving harm,Freeze after first revision,510238,0.3737447102864582,0.16666666666666666,0.11500000000000003,0.011255289713541667,0.003520914713541667,1,0.16666666666666666,base
Moving harm,Freeze after first revision,510239,0.39755737304687494,0.125,0.09125000000000001,0.011192626953124998,0.003520914713541667,1,0.125,base
Moving harm,Freeze after first revision,510240,0.43880961100260407,0.0,0.05000000000000001,0.011190388997395833,0.003520914713541667,1,0.0,base
Moving harm,Freeze after first revision,510241,0.4699991861979167,0.041666666666666664,0.018750000000000003,0.011250813802083334,0.0035164388020833335,1,0.041666666666666664,base
Moving harm,Freeze after first revision,510242,0.3975528971354166,0.125,0.09125000000000001,0.011197102864583334,0.0035231526692708335,1,0.125,base
Moving harm,Freeze after first revision,510243,0.3651564534505208,0.20833333333333334,0.12375000000000003,0.011093546549479166,0.003520304361979167,0,0.20833333333333334,base
Moving harm,Freeze after first revision,510244,0.3864131673177083,0.25,0.10250000000000004,0.011086832682291667,0.0035135904947916664,0,0.25,base
Moving harm,Freeze after first revision,510245,0.4213140869140625,0.08333333333333333,0.06750000000000002,0.011185913085937499,0.0035231526692708335,1,0.08333333333333333,base
Moving harm,Freeze after first revision,510246,0.40016092936197917,0.20833333333333334,0.08875000000000004,0.011089070638020832,0.003515828450520834,0,0.20833333333333334,base
Moving harm,Freeze after first revision,510247,0.44505065917968745,0.041666666666666664,0.04375000000000001,0.0111993408203125,0.0035231526692708335,1,0.041666666666666664,base
Moving harm,Freeze after first revision,510248,0.4638230387369791,0.0,0.025000000000000005,0.011176961263020832,0.003520914713541667,1,0.0,base
Moving harm,Freeze after first revision,510249,0.4488319905598958,0.0,0.04000000000000001,0.011168009440104168,0.0035231526692708335,1,0.0,base
Moving harm,Freeze after first revision,510250,0.4176631673177083,0.125,0.07125000000000002,0.011086832682291667,0.0035135904947916664,0,0.125,base
Moving harm,Freeze after first revision,510251,0.4399991861979166,0.041666666666666664,0.048750000000000016,0.011250813802083334,0.0035164388020833335,1,0.041666666666666664,base
Moving harm,Freeze after first revision,510252,0.4349991861979166,0.041666666666666664,0.05375000000000001,0.011250813802083334,0.0035164388020833335,1,0.041666666666666664,base
Moving harm,Freeze after first revision,510253,0.41131856282552076,0.08333333333333333,0.07750000000000001,0.011181437174479168,0.003520914713541667,1,0.08333333333333333,base
Moving harm,Freeze after first revision,510254,0.4438118489583333,0.0,0.04500000000000001,0.011188151041666665,0.0035231526692708335,1,0.0,base
Moving harm,Freeze after first revision,510255,0.43874471028645834,0.0,0.05000000000000001,0.011255289713541667,0.003520914713541667,1,0.0,base
Uniform gain,Fixed workflow,510000,0.3799999999999999,0.0,0.36000000000000004,0.0,0.0,0,0.0,base
Uniform gain,Fixed workflow,510001,0.3799999999999999,0.0,0.36000000000000004,0.0,0.0,0,0.0,base
Uniform gain,Fixed workflow,510002,0.3799999999999999,0.0,0.36000000000000004,0.0,0.0,0,0.0,base
Uniform gain,Fixed workflow,510003,0.3799999999999999,0.0,0.36000000000000004,0.0,0.0,0,0.0,base
Uniform gain,Fixed workflow,510004,0.3799999999999999,0.0,0.36000000000000004,0.0,0.0,0,0.0,base
Uniform gain,Fixed workflow,510005,0.3799999999999999,0.0,0.36000000000000004,0.0,0.0,0,0.0,base
Uniform gain,Fixed workflow,510006,0.3799999999999999,0.0,0.36000000000000004,0.0,0.0,0,0.0,base
Uniform gain,Fixed workflow,510007,0.3799999999999999,0.0,0.36000000000000004,0.0,0.0,0,0.0,base
Uniform gain,Fixed workflow,510008,0.3799999999999999,0.0,0.36000000000000004,0.0,0.0,0,0.0,base
Uniform gain,Fixed workflow,510009,0.3799999999999999,0.0,0.36000000000000004,0.0,0.0,0,0.0,base
Uniform gain,Fixed workflow,510010,0.3799999999999999,0.0,0.36000000000000004,0.0,0.0,0,0.0,base
Uniform gain,Fixed workflow,510011,0.3799999999999999,0.0,0.36000000000000004,0.0,0.0,0,0.0,base
Uniform gain,Fixed workflow,510012,0.3799999999999999,0.0,0.36000000000000004,0.0,0.0,0,0.0,base
Uniform gain,Fixed workflow,510013,0.3799999999999999,0.0,0.36000000000000004,0.0,0.0,0,0.0,base
Uniform gain,Fixed workflow,510014,0.3799999999999999,0.0,0.36000000000000004,0.0,0.0,0,0.0,base
Uniform gain,Fixed workflow,510015,0.3799999999999999,0.0,0.36000000000000004,0.0,0.0,0,0.0,base
Uniform gain,Fixed workflow,510016,0.3799999999999999,0.0,0.36000000000000004,0.0,0.0,0,0.0,base
Uniform gain,Fixed workflow,510017,0.3799999999999999,0.0,0.36000000000000004,0.0,0.0,0,0.0,base
Uniform gain,Fixed workflow,510018,0.3799999999999999,0.0,0.36000000000000004,0.0,0.0,0,0.0,base
Uniform gain,Fixed workflow,510019,0.3799999999999999,0.0,0.36000000000000004,0.0,0.0,0,0.0,base
Uniform gain,Fixed workflow,510020,0.3799999999999999,0.0,0.36000000000000004,0.0,0.0,0,0.0,base
Uniform gain,Fixed workflow,510021,0.3799999999999999,0.0,0.36000000000000004,0.0,0.0,0,0.0,base
Uniform gain,Fixed workflow,510022,0.3799999999999999,0.0,0.36000000000000004,0.0,0.0,0,0.0,base
Uniform gain,Fixed workflow,510023,0.3799999999999999,0.0,0.36000000000000004,0.0,0.0,0,0.0,base
Uniform gain,Fixed workflow,510024,0.3799999999999999,0.0,0.36000000000000004,0.0,0.0,0,0.0,base
Uniform gain,Fixed workflow,510025,0.3799999999999999,0.0,0.36000000000000004,0.0,0.0,0,0.0,base
Uniform gain,Fixed workflow,510026,0.3799999999999999,0.0,0.36000000000000004,0.0,0.0,0,0.0,base
Uniform gain,Fixed workflow,510027,0.3799999999999999,0.0,0.36000000000000004,0.0,0.0,0,0.0,base
Uniform gain,Fixed workflow,510028,0.3799999999999999,0.0,0.36000000000000004,0.0,0.0,0,0.0,base
Uniform gain,Fixed workflow,510029,0.3799999999999999,0.0,0.36000000000000004,0.0,0.0,0,0.0,base
Uniform gain,Fixed workflow,510030,0.3799999999999999,0.0,0.36000000000000004,0.0,0.0,0,0.0,base
Uniform gain,Fixed workflow,510031,0.3799999999999999,0.0,0.36000000000000004,0.0,0.0,0,0.0,base
Uniform gain,Fixed workflow,510032,0.3799999999999999,0.0,0.36000000000000004,0.0,0.0,0,0.0,base
Uniform gain,Fixed workflow,510033,0.3799999999999999,0.0,0.36000000000000004,0.0,0.0,0,0.0,base
Uniform gain,Fixed workflow,510034,0.3799999999999999,0.0,0.36000000000000004,0.0,0.0,0,0.0,base
Uniform gain,Fixed workflow,510035,0.3799999999999999,0.0,0.36000000000000004,0.0,0.0,0,0.0,base
Uniform gain,Fixed workflow,510036,0.3799999999999999,0.0,0.36000000000000004,0.0,0.0,0,0.0,base
Uniform gain,Fixed workflow,510037,0.3799999999999999,0.0,0.36000000000000004,0.0,0.0,0,0.0,base
Uniform gain,Fixed workflow,510038,0.3799999999999999,0.0,0.36000000000000004,0.0,0.0,0,0.0,base
Uniform gain,Fixed workflow,510039,0.3799999999999999,0.0,0.36000000000000004,0.0,0.0,0,0.0,base
Uniform gain,Fixed workflow,510040,0.3799999999999999,0.0,0.36000000000000004,0.0,0.0,0,0.0,base
Uniform gain,Fixed workflow,510041,0.3799999999999999,0.0,0.36000000000000004,0.0,0.0,0,0.0,base
Uniform gain,Fixed workflow,510042,0.3799999999999999,0.0,0.36000000000000004,0.0,0.0,0,0.0,base
Uniform gain,Fixed workflow,510043,0.3799999999999999,0.0,0.36000000000000004,0.0,0.0,0,0.0,base
Uniform gain,Fixed workflow,510044,0.3799999999999999,0.0,0.36000000000000004,0.0,0.0,0,0.0,base
Uniform gain,Fixed workflow,510045,0.3799999999999999,0.0,0.36000000000000004,0.0,0.0,0,0.0,base
Uniform gain,Fixed workflow,510046,0.3799999999999999,0.0,0.36000000000000004,0.0,0.0,0,0.0,base
Uniform gain,Fixed workflow,510047,0.3799999999999999,0.0,0.36000000000000004,0.0,0.0,0,0.0,base
Uniform gain,Fixed workflow,510048,0.3799999999999999,0.0,0.36000000000000004,0.0,0.0,0,0.0,base
Uniform gain,Fixed workflow,510049,0.3799999999999999,0.0,0.36000000000000004,0.0,0.0,0,0.0,base
Uniform gain,Fixed workflow,510050,0.3799999999999999,0.0,0.36000000000000004,0.0,0.0,0,0.0,base
Uniform gain,Fixed workflow,510051,0.3799999999999999,0.0,0.36000000000000004,0.0,0.0,0,0.0,base
Uniform gain,Fixed workflow,510052,0.3799999999999999,0.0,0.36000000000000004,0.0,0.0,0,0.0,base
Uniform gain,Fixed workflow,510053,0.3799999999999999,0.0,0.36000000000000004,0.0,0.0,0,0.0,base
Uniform gain,Fixed workflow,510054,0.3799999999999999,0.0,0.36000000000000004,0.0,0.0,0,0.0,base
Uniform gain,Fixed workflow,510055,0.3799999999999999,0.0,0.36000000000000004,0.0,0.0,0,0.0,base
Uniform gain,Fixed workflow,510056,0.3799999999999999,0.0,0.36000000000000004,0.0,0.0,0,0.0,base
Uniform gain,Fixed workflow,510057,0.3799999999999999,0.0,0.36000000000000004,0.0,0.0,0,0.0,base
Uniform gain,Fixed workflow,510058,0.3799999999999999,0.0,0.36000000000000004,0.0,0.0,0,0.0,base
Uniform gain,Fixed workflow,510059,0.3799999999999999,0.0,0.36000000000000004,0.0,0.0,0,0.0,base
Uniform gain,Fixed workflow,510060,0.3799999999999999,0.0,0.36000000000000004,0.0,0.0,0,0.0,base
Uniform gain,Fixed workflow,510061,0.3799999999999999,0.0,0.36000000000000004,0.0,0.0,0,0.0,base
Uniform gain,Fixed workflow,510062,0.3799999999999999,0.0,0.36000000000000004,0.0,0.0,0,0.0,base
Uniform gain,Fixed workflow,510063,0.3799999999999999,0.0,0.36000000000000004,0.0,0.0,0,0.0,base
Uniform gain,Fixed workflow,510064,0.3799999999999999,0.0,0.36000000000000004,0.0,0.0,0,0.0,base
Uniform gain,Fixed workflow,510065,0.3799999999999999,0.0,0.36000000000000004,0.0,0.0,0,0.0,base
Uniform gain,Fixed workflow,510066,0.3799999999999999,0.0,0.36000000000000004,0.0,0.0,0,0.0,base
Uniform gain,Fixed workflow,510067,0.3799999999999999,0.0,0.36000000000000004,0.0,0.0,0,0.0,base
Uniform gain,Fixed workflow,510068,0.3799999999999999,0.0,0.36000000000000004,0.0,0.0,0,0.0,base
Uniform gain,Fixed workflow,510069,0.3799999999999999,0.0,0.36000000000000004,0.0,0.0,0,0.0,base
Uniform gain,Fixed workflow,510070,0.3799999999999999,0.0,0.36000000000000004,0.0,0.0,0,0.0,base
Uniform gain,Fixed workflow,510071,0.3799999999999999,0.0,0.36000000000000004,0.0,0.0,0,0.0,base
Uniform gain,Fixed workflow,510072,0.3799999999999999,0.0,0.36000000000000004,0.0,0.0,0,0.0,base
Uniform gain,Fixed workflow,510073,0.3799999999999999,0.0,0.36000000000000004,0.0,0.0,0,0.0,base
Uniform gain,Fixed workflow,510074,0.3799999999999999,0.0,0.36000000000000004,0.0,0.0,0,0.0,base
Uniform gain,Fixed workflow,510075,0.3799999999999999,0.0,0.36000000000000004,0.0,0.0,0,0.0,base
Uniform gain,Fixed workflow,510076,0.3799999999999999,0.0,0.36000000000000004,0.0,0.0,0,0.0,base
Uniform gain,Fixed workflow,510077,0.3799999999999999,0.0,0.36000000000000004,0.0,0.0,0,0.0,base
Uniform gain,Fixed workflow,510078,0.3799999999999999,0.0,0.36000000000000004,0.0,0.0,0,0.0,base
Uniform gain,Fixed workflow,510079,0.3799999999999999,0.0,0.36000000000000004,0.0,0.0,0,0.0,base
Uniform gain,Fixed workflow,510080,0.3799999999999999,0.0,0.36000000000000004,0.0,0.0,0,0.0,base
Uniform gain,Fixed workflow,510081,0.3799999999999999,0.0,0.36000000000000004,0.0,0.0,0,0.0,base
Uniform gain,Fixed workflow,510082,0.3799999999999999,0.0,0.36000000000000004,0.0,0.0,0,0.0,base
Uniform gain,Fixed workflow,510083,0.3799999999999999,0.0,0.36000000000000004,0.0,0.0,0,0.0,base
Uniform gain,Fixed workflow,510084,0.3799999999999999,0.0,0.36000000000000004,0.0,0.0,0,0.0,base
Uniform gain,Fixed workflow,510085,0.3799999999999999,0.0,0.36000000000000004,0.0,0.0,0,0.0,base
Uniform gain,Fixed workflow,510086,0.3799999999999999,0.0,0.36000000000000004,0.0,0.0,0,0.0,base
Uniform gain,Fixed workflow,510087,0.3799999999999999,0.0,0.36000000000000004,0.0,0.0,0,0.0,base
Uniform gain,Fixed workflow,510088,0.3799999999999999,0.0,0.36000000000000004,0.0,0.0,0,0.0,base
Uniform gain,Fixed workflow,510089,0.3799999999999999,0.0,0.36000000000000004,0.0,0.0,0,0.0,base
Uniform gain,Fixed workflow,510090,0.3799999999999999,0.0,0.36000000000000004,0.0,0.0,0,0.0,base
Uniform gain,Fixed workflow,510091,0.3799999999999999,0.0,0.36000000000000004,0.0,0.0,0,0.0,base
Uniform gain,Fixed workflow,510092,0.3799999999999999,0.0,0.36000000000000004,0.0,0.0,0,0.0,base
Uniform gain,Fixed workflow,510093,0.3799999999999999,0.0,0.36000000000000004,0.0,0.0,0,0.0,base
Uniform gain,Fixed workflow,510094,0.3799999999999999,0.0,0.36000000000000004,0.0,0.0,0,0.0,base
Uniform gain,Fixed workflow,510095,0.3799999999999999,0.0,0.36000000000000004,0.0,0.0,0,0.0,base
Uniform gain,Fixed workflow,510096,0.3799999999999999,0.0,0.36000000000000004,0.0,0.0,0,0.0,base
Uniform gain,Fixed workflow,510097,0.3799999999999999,0.0,0.36000000000000004,0.0,0.0,0,0.0,base
Uniform gain,Fixed workflow,510098,0.3799999999999999,0.0,0.36000000000000004,0.0,0.0,0,0.0,base
Uniform gain,Fixed workflow,510099,0.3799999999999999,0.0,0.36000000000000004,0.0,0.0,0,0.0,base
Uniform gain,Fixed workflow,510100,0.3799999999999999,0.0,0.36000000000000004,0.0,0.0,0,0.0,base
Uniform gain,Fixed workflow,510101,0.3799999999999999,0.0,0.36000000000000004,0.0,0.0,0,0.0,base
Uniform gain,Fixed workflow,510102,0.3799999999999999,0.0,0.36000000000000004,0.0,0.0,0,0.0,base
Uniform gain,Fixed workflow,510103,0.3799999999999999,0.0,0.36000000000000004,0.0,0.0,0,0.0,base
Uniform gain,Fixed workflow,510104,0.3799999999999999,0.0,0.36000000000000004,0.0,0.0,0,0.0,base
Uniform gain,Fixed workflow,510105,0.3799999999999999,0.0,0.36000000000000004,0.0,0.0,0,0.0,base
Uniform gain,Fixed workflow,510106,0.3799999999999999,0.0,0.36000000000000004,0.0,0.0,0,0.0,base
Uniform gain,Fixed workflow,510107,0.3799999999999999,0.0,0.36000000000000004,0.0,0.0,0,0.0,base
Uniform gain,Fixed workflow,510108,0.3799999999999999,0.0,0.36000000000000004,0.0,0.0,0,0.0,base
Uniform gain,Fixed workflow,510109,0.3799999999999999,0.0,0.36000000000000004,0.0,0.0,0,0.0,base
Uniform gain,Fixed workflow,510110,0.3799999999999999,0.0,0.36000000000000004,0.0,0.0,0,0.0,base
Uniform gain,Fixed workflow,510111,0.3799999999999999,0.0,0.36000000000000004,0.0,0.0,0,0.0,base
Uniform gain,Fixed workflow,510112,0.3799999999999999,0.0,0.36000000000000004,0.0,0.0,0,0.0,base
Uniform gain,Fixed workflow,510113,0.3799999999999999,0.0,0.36000000000000004,0.0,0.0,0,0.0,base
Uniform gain,Fixed workflow,510114,0.3799999999999999,0.0,0.36000000000000004,0.0,0.0,0,0.0,base
Uniform gain,Fixed workflow,510115,0.3799999999999999,0.0,0.36000000000000004,0.0,0.0,0,0.0,base
Uniform gain,Fixed workflow,510116,0.3799999999999999,0.0,0.36000000000000004,0.0,0.0,0,0.0,base
Uniform gain,Fixed workflow,510117,0.3799999999999999,0.0,0.36000000000000004,0.0,0.0,0,0.0,base
Uniform gain,Fixed workflow,510118,0.3799999999999999,0.0,0.36000000000000004,0.0,0.0,0,0.0,base
Uniform gain,Fixed workflow,510119,0.3799999999999999,0.0,0.36000000000000004,0.0,0.0,0,0.0,base
Uniform gain,Fixed workflow,510120,0.3799999999999999,0.0,0.36000000000000004,0.0,0.0,0,0.0,base
Uniform gain,Fixed workflow,510121,0.3799999999999999,0.0,0.36000000000000004,0.0,0.0,0,0.0,base
Uniform gain,Fixed workflow,510122,0.3799999999999999,0.0,0.36000000000000004,0.0,0.0,0,0.0,base
Uniform gain,Fixed workflow,510123,0.3799999999999999,0.0,0.36000000000000004,0.0,0.0,0,0.0,base
Uniform gain,Fixed workflow,510124,0.3799999999999999,0.0,0.36000000000000004,0.0,0.0,0,0.0,base
Uniform gain,Fixed workflow,510125,0.3799999999999999,0.0,0.36000000000000004,0.0,0.0,0,0.0,base
Uniform gain,Fixed workflow,510126,0.3799999999999999,0.0,0.36000000000000004,0.0,0.0,0,0.0,base
Uniform gain,Fixed workflow,510127,0.3799999999999999,0.0,0.36000000000000004,0.0,0.0,0,0.0,base
Uniform gain,Fixed workflow,510128,0.3799999999999999,0.0,0.36000000000000004,0.0,0.0,0,0.0,base
Uniform gain,Fixed workflow,510129,0.3799999999999999,0.0,0.36000000000000004,0.0,0.0,0,0.0,base
Uniform gain,Fixed workflow,510130,0.3799999999999999,0.0,0.36000000000000004,0.0,0.0,0,0.0,base
Uniform gain,Fixed workflow,510131,0.3799999999999999,0.0,0.36000000000000004,0.0,0.0,0,0.0,base
Uniform gain,Fixed workflow,510132,0.3799999999999999,0.0,0.36000000000000004,0.0,0.0,0,0.0,base
Uniform gain,Fixed workflow,510133,0.3799999999999999,0.0,0.36000000000000004,0.0,0.0,0,0.0,base
Uniform gain,Fixed workflow,510134,0.3799999999999999,0.0,0.36000000000000004,0.0,0.0,0,0.0,base
Uniform gain,Fixed workflow,510135,0.3799999999999999,0.0,0.36000000000000004,0.0,0.0,0,0.0,base
Uniform gain,Fixed workflow,510136,0.3799999999999999,0.0,0.36000000000000004,0.0,0.0,0,0.0,base
Uniform gain,Fixed workflow,510137,0.3799999999999999,0.0,0.36000000000000004,0.0,0.0,0,0.0,base
Uniform gain,Fixed workflow,510138,0.3799999999999999,0.0,0.36000000000000004,0.0,0.0,0,0.0,base
Uniform gain,Fixed workflow,510139,0.3799999999999999,0.0,0.36000000000000004,0.0,0.0,0,0.0,base
Uniform gain,Fixed workflow,510140,0.3799999999999999,0.0,0.36000000000000004,0.0,0.0,0,0.0,base
Uniform gain,Fixed workflow,510141,0.3799999999999999,0.0,0.36000000000000004,0.0,0.0,0,0.0,base
Uniform gain,Fixed workflow,510142,0.3799999999999999,0.0,0.36000000000000004,0.0,0.0,0,0.0,base
Uniform gain,Fixed workflow,510143,0.3799999999999999,0.0,0.36000000000000004,0.0,0.0,0,0.0,base
Uniform gain,Fixed workflow,510144,0.3799999999999999,0.0,0.36000000000000004,0.0,0.0,0,0.0,base
Uniform gain,Fixed workflow,510145,0.3799999999999999,0.0,0.36000000000000004,0.0,0.0,0,0.0,base
Uniform gain,Fixed workflow,510146,0.3799999999999999,0.0,0.36000000000000004,0.0,0.0,0,0.0,base
Uniform gain,Fixed workflow,510147,0.3799999999999999,0.0,0.36000000000000004,0.0,0.0,0,0.0,base
Uniform gain,Fixed workflow,510148,0.3799999999999999,0.0,0.36000000000000004,0.0,0.0,0,0.0,base
Uniform gain,Fixed workflow,510149,0.3799999999999999,0.0,0.36000000000000004,0.0,0.0,0,0.0,base
Uniform gain,Fixed workflow,510150,0.3799999999999999,0.0,0.36000000000000004,0.0,0.0,0,0.0,base
Uniform gain,Fixed workflow,510151,0.3799999999999999,0.0,0.36000000000000004,0.0,0.0,0,0.0,base
Uniform gain,Fixed workflow,510152,0.3799999999999999,0.0,0.36000000000000004,0.0,0.0,0,0.0,base
Uniform gain,Fixed workflow,510153,0.3799999999999999,0.0,0.36000000000000004,0.0,0.0,0,0.0,base
Uniform gain,Fixed workflow,510154,0.3799999999999999,0.0,0.36000000000000004,0.0,0.0,0,0.0,base
Uniform gain,Fixed workflow,510155,0.3799999999999999,0.0,0.36000000000000004,0.0,0.0,0,0.0,base
Uniform gain,Fixed workflow,510156,0.3799999999999999,0.0,0.36000000000000004,0.0,0.0,0,0.0,base
Uniform gain,Fixed workflow,510157,0.3799999999999999,0.0,0.36000000000000004,0.0,0.0,0,0.0,base
Uniform gain,Fixed workflow,510158,0.3799999999999999,0.0,0.36000000000000004,0.0,0.0,0,0.0,base
Uniform gain,Fixed workflow,510159,0.3799999999999999,0.0,0.36000000000000004,0.0,0.0,0,0.0,base
Uniform gain,Fixed workflow,510160,0.3799999999999999,0.0,0.36000000000000004,0.0,0.0,0,0.0,base
Uniform gain,Fixed workflow,510161,0.3799999999999999,0.0,0.36000000000000004,0.0,0.0,0,0.0,base
Uniform gain,Fixed workflow,510162,0.3799999999999999,0.0,0.36000000000000004,0.0,0.0,0,0.0,base
Uniform gain,Fixed workflow,510163,0.3799999999999999,0.0,0.36000000000000004,0.0,0.0,0,0.0,base
Uniform gain,Fixed workflow,510164,0.3799999999999999,0.0,0.36000000000000004,0.0,0.0,0,0.0,base
Uniform gain,Fixed workflow,510165,0.3799999999999999,0.0,0.36000000000000004,0.0,0.0,0,0.0,base
Uniform gain,Fixed workflow,510166,0.3799999999999999,0.0,0.36000000000000004,0.0,0.0,0,0.0,base
Uniform gain,Fixed workflow,510167,0.3799999999999999,0.0,0.36000000000000004,0.0,0.0,0,0.0,base
Uniform gain,Fixed workflow,510168,0.3799999999999999,0.0,0.36000000000000004,0.0,0.0,0,0.0,base
Uniform gain,Fixed workflow,510169,0.3799999999999999,0.0,0.36000000000000004,0.0,0.0,0,0.0,base
Uniform gain,Fixed workflow,510170,0.3799999999999999,0.0,0.36000000000000004,0.0,0.0,0,0.0,base
Uniform gain,Fixed workflow,510171,0.3799999999999999,0.0,0.36000000000000004,0.0,0.0,0,0.0,base
Uniform gain,Fixed workflow,510172,0.3799999999999999,0.0,0.36000000000000004,0.0,0.0,0,0.0,base
Uniform gain,Fixed workflow,510173,0.3799999999999999,0.0,0.36000000000000004,0.0,0.0,0,0.0,base
Uniform gain,Fixed workflow,510174,0.3799999999999999,0.0,0.36000000000000004,0.0,0.0,0,0.0,base
Uniform gain,Fixed workflow,510175,0.3799999999999999,0.0,0.36000000000000004,0.0,0.0,0,0.0,base
Uniform gain,Fixed workflow,510176,0.3799999999999999,0.0,0.36000000000000004,0.0,0.0,0,0.0,base
Uniform gain,Fixed workflow,510177,0.3799999999999999,0.0,0.36000000000000004,0.0,0.0,0,0.0,base
Uniform gain,Fixed workflow,510178,0.3799999999999999,0.0,0.36000000000000004,0.0,0.0,0,0.0,base
Uniform gain,Fixed workflow,510179,0.3799999999999999,0.0,0.36000000000000004,0.0,0.0,0,0.0,base
Uniform gain,Fixed workflow,510180,0.3799999999999999,0.0,0.36000000000000004,0.0,0.0,0,0.0,base
Uniform gain,Fixed workflow,510181,0.3799999999999999,0.0,0.36000000000000004,0.0,0.0,0,0.0,base
Uniform gain,Fixed workflow,510182,0.3799999999999999,0.0,0.36000000000000004,0.0,0.0,0,0.0,base
Uniform gain,Fixed workflow,510183,0.3799999999999999,0.0,0.36000000000000004,0.0,0.0,0,0.0,base
Uniform gain,Fixed workflow,510184,0.3799999999999999,0.0,0.36000000000000004,0.0,0.0,0,0.0,base
Uniform gain,Fixed workflow,510185,0.3799999999999999,0.0,0.36000000000000004,0.0,0.0,0,0.0,base
Uniform gain,Fixed workflow,510186,0.3799999999999999,0.0,0.36000000000000004,0.0,0.0,0,0.0,base
Uniform gain,Fixed workflow,510187,0.3799999999999999,0.0,0.36000000000000004,0.0,0.0,0,0.0,base
Uniform gain,Fixed workflow,510188,0.3799999999999999,0.0,0.36000000000000004,0.0,0.0,0,0.0,base
Uniform gain,Fixed workflow,510189,0.3799999999999999,0.0,0.36000000000000004,0.0,0.0,0,0.0,base
Uniform gain,Fixed workflow,510190,0.3799999999999999,0.0,0.36000000000000004,0.0,0.0,0,0.0,base
Uniform gain,Fixed workflow,510191,0.3799999999999999,0.0,0.36000000000000004,0.0,0.0,0,0.0,base
Uniform gain,Fixed workflow,510192,0.3799999999999999,0.0,0.36000000000000004,0.0,0.0,0,0.0,base
Uniform gain,Fixed workflow,510193,0.3799999999999999,0.0,0.36000000000000004,0.0,0.0,0,0.0,base
Uniform gain,Fixed workflow,510194,0.3799999999999999,0.0,0.36000000000000004,0.0,0.0,0,0.0,base
Uniform gain,Fixed workflow,510195,0.3799999999999999,0.0,0.36000000000000004,0.0,0.0,0,0.0,base
Uniform gain,Fixed workflow,510196,0.3799999999999999,0.0,0.36000000000000004,0.0,0.0,0,0.0,base
Uniform gain,Fixed workflow,510197,0.3799999999999999,0.0,0.36000000000000004,0.0,0.0,0,0.0,base
Uniform gain,Fixed workflow,510198,0.3799999999999999,0.0,0.36000000000000004,0.0,0.0,0,0.0,base
Uniform gain,Fixed workflow,510199,0.3799999999999999,0.0,0.36000000000000004,0.0,0.0,0,0.0,base
Uniform gain,Fixed workflow,510200,0.3799999999999999,0.0,0.36000000000000004,0.0,0.0,0,0.0,base
Uniform gain,Fixed workflow,510201,0.3799999999999999,0.0,0.36000000000000004,0.0,0.0,0,0.0,base
Uniform gain,Fixed workflow,510202,0.3799999999999999,0.0,0.36000000000000004,0.0,0.0,0,0.0,base
Uniform gain,Fixed workflow,510203,0.3799999999999999,0.0,0.36000000000000004,0.0,0.0,0,0.0,base
Uniform gain,Fixed workflow,510204,0.3799999999999999,0.0,0.36000000000000004,0.0,0.0,0,0.0,base
Uniform gain,Fixed workflow,510205,0.3799999999999999,0.0,0.36000000000000004,0.0,0.0,0,0.0,base
Uniform gain,Fixed workflow,510206,0.3799999999999999,0.0,0.36000000000000004,0.0,0.0,0,0.0,base
Uniform gain,Fixed workflow,510207,0.3799999999999999,0.0,0.36000000000000004,0.0,0.0,0,0.0,base
Uniform gain,Fixed workflow,510208,0.3799999999999999,0.0,0.36000000000000004,0.0,0.0,0,0.0,base
Uniform gain,Fixed workflow,510209,0.3799999999999999,0.0,0.36000000000000004,0.0,0.0,0,0.0,base
Uniform gain,Fixed workflow,510210,0.3799999999999999,0.0,0.36000000000000004,0.0,0.0,0,0.0,base
Uniform gain,Fixed workflow,510211,0.3799999999999999,0.0,0.36000000000000004,0.0,0.0,0,0.0,base
Uniform gain,Fixed workflow,510212,0.3799999999999999,0.0,0.36000000000000004,0.0,0.0,0,0.0,base
Uniform gain,Fixed workflow,510213,0.3799999999999999,0.0,0.36000000000000004,0.0,0.0,0,0.0,base
Uniform gain,Fixed workflow,510214,0.3799999999999999,0.0,0.36000000000000004,0.0,0.0,0,0.0,base
Uniform gain,Fixed workflow,510215,0.3799999999999999,0.0,0.36000000000000004,0.0,0.0,0,0.0,base
Uniform gain,Fixed workflow,510216,0.3799999999999999,0.0,0.36000000000000004,0.0,0.0,0,0.0,base
Uniform gain,Fixed workflow,510217,0.3799999999999999,0.0,0.36000000000000004,0.0,0.0,0,0.0,base
Uniform gain,Fixed workflow,510218,0.3799999999999999,0.0,0.36000000000000004,0.0,0.0,0,0.0,base
Uniform gain,Fixed workflow,510219,0.3799999999999999,0.0,0.36000000000000004,0.0,0.0,0,0.0,base
Uniform gain,Fixed workflow,510220,0.3799999999999999,0.0,0.36000000000000004,0.0,0.0,0,0.0,base
Uniform gain,Fixed workflow,510221,0.3799999999999999,0.0,0.36000000000000004,0.0,0.0,0,0.0,base
Uniform gain,Fixed workflow,510222,0.3799999999999999,0.0,0.36000000000000004,0.0,0.0,0,0.0,base
Uniform gain,Fixed workflow,510223,0.3799999999999999,0.0,0.36000000000000004,0.0,0.0,0,0.0,base
Uniform gain,Fixed workflow,510224,0.3799999999999999,0.0,0.36000000000000004,0.0,0.0,0,0.0,base
Uniform gain,Fixed workflow,510225,0.3799999999999999,0.0,0.36000000000000004,0.0,0.0,0,0.0,base
Uniform gain,Fixed workflow,510226,0.3799999999999999,0.0,0.36000000000000004,0.0,0.0,0,0.0,base
Uniform gain,Fixed workflow,510227,0.3799999999999999,0.0,0.36000000000000004,0.0,0.0,0,0.0,base
Uniform gain,Fixed workflow,510228,0.3799999999999999,0.0,0.36000000000000004,0.0,0.0,0,0.0,base
Uniform gain,Fixed workflow,510229,0.3799999999999999,0.0,0.36000000000000004,0.0,0.0,0,0.0,base
Uniform gain,Fixed workflow,510230,0.3799999999999999,0.0,0.36000000000000004,0.0,0.0,0,0.0,base
Uniform gain,Fixed workflow,510231,0.3799999999999999,0.0,0.36000000000000004,0.0,0.0,0,0.0,base
Uniform gain,Fixed workflow,510232,0.3799999999999999,0.0,0.36000000000000004,0.0,0.0,0,0.0,base
Uniform gain,Fixed workflow,510233,0.3799999999999999,0.0,0.36000000000000004,0.0,0.0,0,0.0,base
Uniform gain,Fixed workflow,510234,0.3799999999999999,0.0,0.36000000000000004,0.0,0.0,0,0.0,base
Uniform gain,Fixed workflow,510235,0.3799999999999999,0.0,0.36000000000000004,0.0,0.0,0,0.0,base
Uniform gain,Fixed workflow,510236,0.3799999999999999,0.0,0.36000000000000004,0.0,0.0,0,0.0,base
Uniform gain,Fixed workflow,510237,0.3799999999999999,0.0,0.36000000000000004,0.0,0.0,0,0.0,base
Uniform gain,Fixed workflow,510238,0.3799999999999999,0.0,0.36000000000000004,0.0,0.0,0,0.0,base
Uniform gain,Fixed workflow,510239,0.3799999999999999,0.0,0.36000000000000004,0.0,0.0,0,0.0,base
Uniform gain,Fixed workflow,510240,0.3799999999999999,0.0,0.36000000000000004,0.0,0.0,0,0.0,base
Uniform gain,Fixed workflow,510241,0.3799999999999999,0.0,0.36000000000000004,0.0,0.0,0,0.0,base
Uniform gain,Fixed workflow,510242,0.3799999999999999,0.0,0.36000000000000004,0.0,0.0,0,0.0,base
Uniform gain,Fixed workflow,510243,0.3799999999999999,0.0,0.36000000000000004,0.0,0.0,0,0.0,base
Uniform gain,Fixed workflow,510244,0.3799999999999999,0.0,0.36000000000000004,0.0,0.0,0,0.0,base
Uniform gain,Fixed workflow,510245,0.3799999999999999,0.0,0.36000000000000004,0.0,0.0,0,0.0,base
Uniform gain,Fixed workflow,510246,0.3799999999999999,0.0,0.36000000000000004,0.0,0.0,0,0.0,base
Uniform gain,Fixed workflow,510247,0.3799999999999999,0.0,0.36000000000000004,0.0,0.0,0,0.0,base
Uniform gain,Fixed workflow,510248,0.3799999999999999,0.0,0.36000000000000004,0.0,0.0,0,0.0,base
Uniform gain,Fixed workflow,510249,0.3799999999999999,0.0,0.36000000000000004,0.0,0.0,0,0.0,base
Uniform gain,Fixed workflow,510250,0.3799999999999999,0.0,0.36000000000000004,0.0,0.0,0,0.0,base
Uniform gain,Fixed workflow,510251,0.3799999999999999,0.0,0.36000000000000004,0.0,0.0,0,0.0,base
Uniform gain,Fixed workflow,510252,0.3799999999999999,0.0,0.36000000000000004,0.0,0.0,0,0.0,base
Uniform gain,Fixed workflow,510253,0.3799999999999999,0.0,0.36000000000000004,0.0,0.0,0,0.0,base
Uniform gain,Fixed workflow,510254,0.3799999999999999,0.0,0.36000000000000004,0.0,0.0,0,0.0,base
Uniform gain,Fixed workflow,510255,0.3799999999999999,0.0,0.36000000000000004,0.0,0.0,0,0.0,base
Uniform gain,Biased search,510000,0.6617919921875001,0.0,0.060000000000000005,0.0182080078125,0.0,0,0.7916666666666666,base
Uniform gain,Biased search,510001,0.6817919921875001,0.0,0.04000000000000001,0.0182080078125,0.0,0,0.875,base
Uniform gain,Biased search,510002,0.6517919921875,0.0,0.07,0.0182080078125,0.0,0,0.75,base
Uniform gain,Biased search,510003,0.6567919921875,0.0,0.065,0.0182080078125,0.0,0,0.75,base
Uniform gain,Biased search,510004,0.6517919921875001,0.0,0.07,0.0182080078125,0.0,0,0.75,base
Uniform gain,Biased search,510005,0.6767919921875,0.0,0.045000000000000005,0.0182080078125,0.0,0,0.8333333333333334,base
Uniform gain,Biased search,510006,0.6717919921875,0.0,0.05000000000000001,0.0182080078125,0.0,0,0.8333333333333334,base
Uniform gain,Biased search,510007,0.6667919921875001,0.0,0.055,0.0182080078125,0.0,0,0.7916666666666666,base
Uniform gain,Biased search,510008,0.6517919921875001,0.0,0.07,0.0182080078125,0.0,0,0.75,base
Uniform gain,Biased search,510009,0.6967919921875,0.0,0.025000000000000005,0.0182080078125,0.0,0,0.9166666666666666,base
Uniform gain,Biased search,510010,0.6317919921875,0.0,0.09000000000000001,0.0182080078125,0.0,0,0.7083333333333334,base
Uniform gain,Biased search,510011,0.6217919921875,0.0,0.10000000000000002,0.0182080078125,0.0,0,0.6666666666666666,base
Uniform gain,Biased search,510012,0.6667919921875001,0.0,0.055,0.0182080078125,0.0,0,0.7916666666666666,base
Uniform gain,Biased search,510013,0.6967919921875,0.0,0.025000000000000005,0.0182080078125,0.0,0,0.9166666666666666,base
Uniform gain,Biased search,510014,0.6417919921875,0.0,0.08000000000000002,0.0182080078125,0.0,0,0.75,base
Uniform gain,Biased search,510015,0.6517919921875001,0.0,0.07,0.0182080078125,0.0,0,0.75,base
Uniform gain,Biased search,510016,0.6267919921874999,0.0,0.09500000000000001,0.0182080078125,0.0,0,0.6666666666666666,base
Uniform gain,Biased search,510017,0.6417919921875,0.0,0.08,0.0182080078125,0.0,0,0.7083333333333334,base
Uniform gain,Biased search,510018,0.6467919921875,0.0,0.075,0.0182080078125,0.0,0,0.7083333333333334,base
Uniform gain,Biased search,510019,0.6767919921875,0.0,0.045000000000000005,0.0182080078125,0.0,0,0.8333333333333334,base
Uniform gain,Biased search,510020,0.6467919921875,0.0,0.075,0.0182080078125,0.0,0,0.75,base
Uniform gain,Biased search,510021,0.6867919921875001,0.0,0.035,0.0182080078125,0.0,0,0.875,base
Uniform gain,Biased search,510022,0.6617919921875001,0.0,0.060000000000000005,0.0182080078125,0.0,0,0.7916666666666666,base
Uniform gain,Biased search,510023,0.6717919921875,0.0,0.049999999999999996,0.0182080078125,0.0,0,0.7916666666666666,base
Uniform gain,Biased search,510024,0.6667919921875001,0.0,0.055,0.0182080078125,0.0,0,0.7916666666666666,base
Uniform gain,Biased search,510025,0.6317919921875,0.0,0.09000000000000001,0.0182080078125,0.0,0,0.6666666666666666,base
Uniform gain,Biased search,510026,0.6417919921875,0.0,0.08,0.0182080078125,0.0,0,0.7083333333333334,base
Uniform gain,Biased search,510027,0.6317919921875,0.0,0.09000000000000001,0.0182080078125,0.0,0,0.7083333333333334,base
Uniform gain,Biased search,510028,0.6117919921875,0.0,0.11,0.0182080078125,0.0,0,0.5833333333333334,base
Uniform gain,Biased search,510029,0.6467919921874999,0.0,0.07500000000000001,0.0182080078125,0.0,0,0.75,base
Uniform gain,Biased search,510030,0.6217919921875,0.0,0.10000000000000002,0.0182080078125,0.0,0,0.6666666666666666,base
Uniform gain,Biased search,510031,0.6867919921875001,0.0,0.035,0.0182080078125,0.0,0,0.875,base
Uniform gain,Biased search,510032,0.6567919921875,0.0,0.065,0.0182080078125,0.0,0,0.75,base
Uniform gain,Biased search,510033,0.6867919921875001,0.0,0.035,0.0182080078125,0.0,0,0.875,base
Uniform gain,Biased search,510034,0.6817919921875001,0.0,0.04,0.0182080078125,0.0,0,0.8333333333333334,base
Uniform gain,Biased search,510035,0.6367919921874999,0.0,0.085,0.0182080078125,0.0,0,0.6666666666666666,base
Uniform gain,Biased search,510036,0.6667919921875001,0.0,0.055000000000000014,0.0182080078125,0.0,0,0.8333333333333334,base
Uniform gain,Biased search,510037,0.6517919921875001,0.0,0.07,0.0182080078125,0.0,0,0.75,base
Uniform gain,Biased search,510038,0.6617919921875001,0.0,0.060000000000000005,0.0182080078125,0.0,0,0.7916666666666666,base
Uniform gain,Biased search,510039,0.6467919921875,0.0,0.075,0.0182080078125,0.0,0,0.7083333333333334,base
Uniform gain,Biased search,510040,0.6867919921875001,0.0,0.035,0.0182080078125,0.0,0,0.875,base
Uniform gain,Biased search,510041,0.6367919921874999,0.0,0.085,0.0182080078125,0.0,0,0.7083333333333334,base
Uniform gain,Biased search,510042,0.6617919921875001,0.0,0.06,0.0182080078125,0.0,0,0.75,base
Uniform gain,Biased search,510043,0.6667919921875001,0.0,0.055,0.0182080078125,0.0,0,0.7916666666666666,base
Uniform gain,Biased search,510044,0.6417919921875,0.0,0.08,0.0182080078125,0.0,0,0.7083333333333334,base
Uniform gain,Biased search,510045,0.6617919921875001,0.0,0.060000000000000005,0.0182080078125,0.0,0,0.7916666666666666,base
Uniform gain,Biased search,510046,0.6717919921875,0.0,0.05000000000000001,0.0182080078125,0.0,0,0.8333333333333334,base
Uniform gain,Biased search,510047,0.6917919921875001,0.0,0.03,0.0182080078125,0.0,0,0.875,base
Uniform gain,Biased search,510048,0.6767919921875,0.0,0.045000000000000005,0.0182080078125,0.0,0,0.8333333333333334,base
Uniform gain,Biased search,510049,0.6817919921875001,0.0,0.04,0.0182080078125,0.0,0,0.8333333333333334,base
Uniform gain,Biased search,510050,0.6717919921875,0.0,0.05000000000000001,0.0182080078125,0.0,0,0.8333333333333334,base
Uniform gain,Biased search,510051,0.6567919921875,0.0,0.065,0.0182080078125,0.0,0,0.7916666666666666,base
Uniform gain,Biased search,510052,0.6817919921875001,0.0,0.04,0.0182080078125,0.0,0,0.8333333333333334,base
Uniform gain,Biased search,510053,0.6367919921874999,0.0,0.085,0.0182080078125,0.0,0,0.7083333333333334,base
Uniform gain,Biased search,510054,0.6667919921875001,0.0,0.055,0.0182080078125,0.0,0,0.7916666666666666,base
Uniform gain,Biased search,510055,0.6517919921875001,0.0,0.07,0.0182080078125,0.0,0,0.75,base
Uniform gain,Biased search,510056,0.6417919921875,0.0,0.08000000000000002,0.0182080078125,0.0,0,0.75,base
Uniform gain,Biased search,510057,0.6917919921875001,0.0,0.03,0.0182080078125,0.0,0,0.875,base
Uniform gain,Biased search,510058,0.6017919921875,0.0,0.12,0.0182080078125,0.0,0,0.5416666666666666,base
Uniform gain,Biased search,510059,0.6767919921875002,0.0,0.045000000000000005,0.0182080078125,0.0,0,0.8333333333333334,base
Uniform gain,Biased search,510060,0.6767919921875002,0.0,0.045000000000000005,0.0182080078125,0.0,0,0.8333333333333334,base
Uniform gain,Biased search,510061,0.6717919921875,0.0,0.049999999999999996,0.0182080078125,0.0,0,0.7916666666666666,base
Uniform gain,Biased search,510062,0.6767919921875,0.0,0.045000000000000005,0.0182080078125,0.0,0,0.8333333333333334,base
Uniform gain,Biased search,510063,0.6567919921875,0.0,0.065,0.0182080078125,0.0,0,0.7916666666666666,base
Uniform gain,Biased search,510064,0.6167919921874999,0.0,0.10500000000000002,0.0182080078125,0.0,0,0.6666666666666666,base
Uniform gain,Biased search,510065,0.6517919921875001,0.0,0.07,0.0182080078125,0.0,0,0.75,base
Uniform gain,Biased search,510066,0.6717919921875,0.0,0.049999999999999996,0.0182080078125,0.0,0,0.7916666666666666,base
Uniform gain,Biased search,510067,0.6567919921875001,0.0,0.06500000000000002,0.0182080078125,0.0,0,0.7916666666666666,base
Uniform gain,Biased search,510068,0.6467919921875,0.0,0.075,0.0182080078125,0.0,0,0.7083333333333334,base
Uniform gain,Biased search,510069,0.6467919921875,0.0,0.07500000000000001,0.0182080078125,0.0,0,0.75,base
Uniform gain,Biased search,510070,0.6517919921875001,0.0,0.06999999999999999,0.0182080078125,0.0,0,0.7083333333333334,base
Uniform gain,Biased search,510071,0.6517919921875001,0.0,0.07,0.0182080078125,0.0,0,0.75,base
Uniform gain,Biased search,510072,0.6967919921875,0.0,0.025000000000000005,0.0182080078125,0.0,0,0.9166666666666666,base
Uniform gain,Biased search,510073,0.6917919921875001,0.0,0.03,0.0182080078125,0.0,0,0.875,base
Uniform gain,Biased search,510074,0.6667919921875001,0.0,0.055,0.0182080078125,0.0,0,0.7916666666666666,base
Uniform gain,Biased search,510075,0.6717919921875,0.0,0.049999999999999996,0.0182080078125,0.0,0,0.7916666666666666,base
Uniform gain,Biased search,510076,0.6567919921875,0.0,0.065,0.0182080078125,0.0,0,0.75,base
Uniform gain,Biased search,510077,0.6917919921875001,0.0,0.03,0.0182080078125,0.0,0,0.875,base
Uniform gain,Biased search,510078,0.6567919921875,0.0,0.06500000000000002,0.0182080078125,0.0,0,0.7916666666666666,base
Uniform gain,Biased search,510079,0.6567919921875,0.0,0.065,0.0182080078125,0.0,0,0.75,base
Uniform gain,Biased search,510080,0.6467919921874999,0.0,0.07500000000000001,0.0182080078125,0.0,0,0.75,base
Uniform gain,Biased search,510081,0.6217919921875,0.0,0.10000000000000002,0.0182080078125,0.0,0,0.6666666666666666,base
Uniform gain,Biased search,510082,0.6467919921874999,0.0,0.075,0.0182080078125,0.0,0,0.7083333333333334,base
Uniform gain,Biased search,510083,0.6667919921875001,0.0,0.055,0.0182080078125,0.0,0,0.7916666666666666,base
Uniform gain,Biased search,510084,0.6817919921875001,0.0,0.04000000000000001,0.0182080078125,0.0,0,0.875,base
Uniform gain,Biased search,510085,0.6767919921875,0.0,0.045000000000000005,0.0182080078125,0.0,0,0.8333333333333334,base
Uniform gain,Biased search,510086,0.6217919921875,0.0,0.10000000000000002,0.0182080078125,0.0,0,0.6666666666666666,base
Uniform gain,Biased search,510087,0.6667919921875001,0.0,0.055,0.0182080078125,0.0,0,0.7916666666666666,base
Uniform gain,Biased search,510088,0.6767919921875002,0.0,0.045000000000000005,0.0182080078125,0.0,0,0.8333333333333334,base
Uniform gain,Biased search,510089,0.6567919921875,0.0,0.065,0.0182080078125,0.0,0,0.7916666666666666,base
Uniform gain,Biased search,510090,0.6567919921875,0.0,0.065,0.0182080078125,0.0,0,0.7916666666666666,base
Uniform gain,Biased search,510091,0.6767919921875,0.0,0.045000000000000005,0.0182080078125,0.0,0,0.8333333333333334,base
Uniform gain,Biased search,510092,0.6867919921875,0.0,0.035,0.0182080078125,0.0,0,0.875,base
Uniform gain,Biased search,510093,0.6417919921875,0.0,0.08,0.0182080078125,0.0,0,0.6666666666666666,base
Uniform gain,Biased search,510094,0.6067919921875,0.0,0.11499999999999999,0.0182080078125,0.0,0,0.5416666666666666,base
Uniform gain,Biased search,510095,0.6667919921875001,0.0,0.055,0.0182080078125,0.0,0,0.7916666666666666,base
Uniform gain,Biased search,510096,0.6917919921875001,0.0,0.03,0.0182080078125,0.0,0,0.875,base
Uniform gain,Biased search,510097,0.6517919921875001,0.0,0.07,0.0182080078125,0.0,0,0.75,base
Uniform gain,Biased search,510098,0.6617919921875001,0.0,0.06,0.0182080078125,0.0,0,0.75,base
Uniform gain,Biased search,510099,0.6867919921875001,0.0,0.035,0.0182080078125,0.0,0,0.875,base
Uniform gain,Biased search,510100,0.6817919921875001,0.0,0.04,0.0182080078125,0.0,0,0.8333333333333334,base
Uniform gain,Biased search,510101,0.6217919921875,0.0,0.10000000000000002,0.0182080078125,0.0,0,0.625,base
Uniform gain,Biased search,510102,0.6067919921875,0.0,0.11500000000000003,0.0182080078125,0.0,0,0.625,base
Uniform gain,Biased search,510103,0.6917919921875001,0.0,0.03,0.0182080078125,0.0,0,0.875,base
Uniform gain,Biased search,510104,0.6567919921875,0.0,0.065,0.0182080078125,0.0,0,0.7916666666666666,base
Uniform gain,Biased search,510105,0.6717919921875,0.0,0.049999999999999996,0.0182080078125,0.0,0,0.7916666666666666,base
Uniform gain,Biased search,510106,0.6567919921875,0.0,0.06500000000000002,0.0182080078125,0.0,0,0.7916666666666666,base
Uniform gain,Biased search,510107,0.6717919921875,0.0,0.05000000000000001,0.0182080078125,0.0,0,0.8333333333333334,base
Uniform gain,Biased search,510108,0.6517919921875001,0.0,0.07,0.0182080078125,0.0,0,0.7916666666666666,base
Uniform gain,Biased search,510109,0.6567919921875,0.0,0.065,0.0182080078125,0.0,0,0.75,base
Uniform gain,Biased search,510110,0.6517919921875001,0.0,0.07,0.0182080078125,0.0,0,0.75,base
Uniform gain,Biased search,510111,0.6517919921875001,0.0,0.07,0.0182080078125,0.0,0,0.75,base
Uniform gain,Biased search,510112,0.6417919921875,0.0,0.08,0.0182080078125,0.0,0,0.7083333333333334,base
Uniform gain,Biased search,510113,0.6917919921875001,0.0,0.03,0.0182080078125,0.0,0,0.875,base
Uniform gain,Biased search,510114,0.6867919921875001,0.0,0.035,0.0182080078125,0.0,0,0.875,base
Uniform gain,Biased search,510115,0.6617919921875001,0.0,0.060000000000000005,0.0182080078125,0.0,0,0.7916666666666666,base
Uniform gain,Biased search,510116,0.6867919921875001,0.0,0.035,0.0182080078125,0.0,0,0.875,base
Uniform gain,Biased search,510117,0.6717919921875,0.0,0.05000000000000001,0.0182080078125,0.0,0,0.8333333333333334,base
Uniform gain,Biased search,510118,0.6917919921875001,0.0,0.03,0.0182080078125,0.0,0,0.875,base
Uniform gain,Biased search,510119,0.6417919921875,0.0,0.08,0.0182080078125,0.0,0,0.75,base
Uniform gain,Biased search,510120,0.6717919921875,0.0,0.049999999999999996,0.0182080078125,0.0,0,0.7916666666666666,base
Uniform gain,Biased search,510121,0.6817919921875001,0.0,0.04,0.0182080078125,0.0,0,0.875,base
Uniform gain,Biased search,510122,0.6817919921875001,0.0,0.04,0.0182080078125,0.0,0,0.8333333333333334,base
Uniform gain,Biased search,510123,0.6917919921875001,0.0,0.03,0.0182080078125,0.0,0,0.875,base
Uniform gain,Biased search,510124,0.6717919921875,0.0,0.05000000000000001,0.0182080078125,0.0,0,0.8333333333333334,base
Uniform gain,Biased search,510125,0.6617919921875001,0.0,0.060000000000000005,0.0182080078125,0.0,0,0.7916666666666666,base
Uniform gain,Biased search,510126,0.6917919921875001,0.0,0.03,0.0182080078125,0.0,0,0.875,base
Uniform gain,Biased search,510127,0.6667919921875001,0.0,0.055,0.0182080078125,0.0,0,0.7916666666666666,base
Uniform gain,Biased search,510128,0.6717919921875001,0.0,0.05000000000000001,0.0182080078125,0.0,0,0.8333333333333334,base
Uniform gain,Biased search,510129,0.6467919921874999,0.0,0.07500000000000001,0.0182080078125,0.0,0,0.75,base
Uniform gain,Biased search,510130,0.6667919921875001,0.0,0.055,0.0182080078125,0.0,0,0.7916666666666666,base
Uniform gain,Biased search,510131,0.6467919921875,0.0,0.07500000000000001,0.0182080078125,0.0,0,0.75,base
Uniform gain,Biased search,510132,0.6617919921875001,0.0,0.060000000000000005,0.0182080078125,0.0,0,0.7916666666666666,base
Uniform gain,Biased search,510133,0.6667919921875001,0.0,0.055,0.0182080078125,0.0,0,0.7916666666666666,base
Uniform gain,Biased search,510134,0.6717919921875,0.0,0.049999999999999996,0.0182080078125,0.0,0,0.7916666666666666,base
Uniform gain,Biased search,510135,0.6467919921875,0.0,0.07500000000000001,0.0182080078125,0.0,0,0.75,base
Uniform gain,Biased search,510136,0.6417919921875,0.0,0.08,0.0182080078125,0.0,0,0.7083333333333334,base
Uniform gain,Biased search,510137,0.6667919921875001,0.0,0.055,0.0182080078125,0.0,0,0.7916666666666666,base
Uniform gain,Biased search,510138,0.6567919921875,0.0,0.065,0.0182080078125,0.0,0,0.75,base
Uniform gain,Biased search,510139,0.6417919921875,0.0,0.08000000000000002,0.0182080078125,0.0,0,0.75,base
Uniform gain,Biased search,510140,0.6867919921875,0.0,0.035,0.0182080078125,0.0,0,0.875,base
Uniform gain,Biased search,510141,0.6517919921875001,0.0,0.07,0.0182080078125,0.0,0,0.75,base
Uniform gain,Biased search,510142,0.6867919921875001,0.0,0.035,0.0182080078125,0.0,0,0.875,base
Uniform gain,Biased search,510143,0.6917919921875001,0.0,0.03,0.0182080078125,0.0,0,0.875,base
Uniform gain,Biased search,510144,0.6567919921875,0.0,0.065,0.0182080078125,0.0,0,0.75,base
Uniform gain,Biased search,510145,0.6467919921874999,0.0,0.07500000000000001,0.0182080078125,0.0,0,0.75,base
Uniform gain,Biased search,510146,0.7017919921875001,0.0,0.02,0.0182080078125,0.0,0,0.9166666666666666,base
Uniform gain,Biased search,510147,0.6317919921875,0.0,0.09000000000000001,0.0182080078125,0.0,0,0.7083333333333334,base
Uniform gain,Biased search,510148,0.6517919921875,0.0,0.07,0.0182080078125,0.0,0,0.75,base
Uniform gain,Biased search,510149,0.6517919921875001,0.0,0.07,0.0182080078125,0.0,0,0.75,base
Uniform gain,Biased search,510150,0.6767919921875,0.0,0.045000000000000005,0.0182080078125,0.0,0,0.8333333333333334,base
Uniform gain,Biased search,510151,0.6767919921875,0.0,0.045000000000000005,0.0182080078125,0.0,0,0.8333333333333334,base
Uniform gain,Biased search,510152,0.6267919921875,0.0,0.09500000000000001,0.0182080078125,0.0,0,0.6666666666666666,base
Uniform gain,Biased search,510153,0.6417919921875,0.0,0.08,0.0182080078125,0.0,0,0.75,base
Uniform gain,Biased search,510154,0.6767919921875002,0.0,0.045000000000000005,0.0182080078125,0.0,0,0.875,base
Uniform gain,Biased search,510155,0.6267919921875,0.0,0.09500000000000001,0.0182080078125,0.0,0,0.6666666666666666,base
Uniform gain,Biased search,510156,0.7017919921875001,0.0,0.02,0.0182080078125,0.0,0,0.9166666666666666,base
Uniform gain,Biased search,510157,0.6967919921875,0.0,0.025000000000000005,0.0182080078125,0.0,0,0.9166666666666666,base
Uniform gain,Biased search,510158,0.7117919921875,0.0,0.01,0.0182080078125,0.0,0,0.9583333333333334,base
Uniform gain,Biased search,510159,0.6567919921875,0.0,0.06500000000000002,0.0182080078125,0.0,0,0.7916666666666666,base
Uniform gain,Biased search,510160,0.6467919921874999,0.0,0.07500000000000001,0.0182080078125,0.0,0,0.75,base
Uniform gain,Biased search,510161,0.6867919921875,0.0,0.035,0.0182080078125,0.0,0,0.875,base
Uniform gain,Biased search,510162,0.6817919921875001,0.0,0.04,0.0182080078125,0.0,0,0.875,base
Uniform gain,Biased search,510163,0.6667919921875001,0.0,0.055,0.0182080078125,0.0,0,0.7916666666666666,base
Uniform gain,Biased search,510164,0.6367919921874999,0.0,0.085,0.0182080078125,0.0,0,0.7083333333333334,base
Uniform gain,Biased search,510165,0.6417919921875,0.0,0.08,0.0182080078125,0.0,0,0.7083333333333334,base
Uniform gain,Biased search,510166,0.6567919921875,0.0,0.065,0.0182080078125,0.0,0,0.75,base
Uniform gain,Biased search,510167,0.6317919921875,0.0,0.09000000000000001,0.0182080078125,0.0,0,0.7083333333333334,base
Uniform gain,Biased search,510168,0.7067919921875001,0.0,0.015000000000000001,0.0182080078125,0.0,0,0.9583333333333334,base
Uniform gain,Biased search,510169,0.6217919921875,0.0,0.10000000000000002,0.0182080078125,0.0,0,0.6666666666666666,base
Uniform gain,Biased search,510170,0.6567919921875,0.0,0.065,0.0182080078125,0.0,0,0.75,base
Uniform gain,Biased search,510171,0.6217919921875,0.0,0.10000000000000002,0.0182080078125,0.0,0,0.625,base
Uniform gain,Biased search,510172,0.6717919921875,0.0,0.049999999999999996,0.0182080078125,0.0,0,0.7916666666666666,base
Uniform gain,Biased search,510173,0.6867919921875,0.0,0.035,0.0182080078125,0.0,0,0.875,base
Uniform gain,Biased search,510174,0.6617919921875001,0.0,0.060000000000000005,0.0182080078125,0.0,0,0.7916666666666666,base
Uniform gain,Biased search,510175,0.6817919921875001,0.0,0.04000000000000001,0.0182080078125,0.0,0,0.875,base
Uniform gain,Biased search,510176,0.6617919921875001,0.0,0.06,0.0182080078125,0.0,0,0.7916666666666666,base
Uniform gain,Biased search,510177,0.6267919921875,0.0,0.09500000000000001,0.0182080078125,0.0,0,0.6666666666666666,base
Uniform gain,Biased search,510178,0.6317919921875,0.0,0.09000000000000001,0.0182080078125,0.0,0,0.6666666666666666,base
Uniform gain,Biased search,510179,0.6817919921875001,0.0,0.04,0.0182080078125,0.0,0,0.8333333333333334,base
Uniform gain,Biased search,510180,0.6767919921875,0.0,0.045000000000000005,0.0182080078125,0.0,0,0.8333333333333334,base
Uniform gain,Biased search,510181,0.6417919921875,0.0,0.08,0.0182080078125,0.0,0,0.7083333333333334,base
Uniform gain,Biased search,510182,0.6967919921875,0.0,0.025000000000000005,0.0182080078125,0.0,0,0.9166666666666666,base
Uniform gain,Biased search,510183,0.6767919921875002,0.0,0.045000000000000005,0.0182080078125,0.0,0,0.8333333333333334,base
Uniform gain,Biased search,510184,0.6267919921875,0.0,0.09500000000000001,0.0182080078125,0.0,0,0.6666666666666666,base
Uniform gain,Biased search,510185,0.6567919921875,0.0,0.065,0.0182080078125,0.0,0,0.75,base
Uniform gain,Biased search,510186,0.6467919921875,0.0,0.075,0.0182080078125,0.0,0,0.7083333333333334,base
Uniform gain,Biased search,510187,0.6567919921875,0.0,0.065,0.0182080078125,0.0,0,0.75,base
Uniform gain,Biased search,510188,0.6667919921875001,0.0,0.055,0.0182080078125,0.0,0,0.7916666666666666,base
Uniform gain,Biased search,510189,0.6717919921875,0.0,0.05000000000000001,0.0182080078125,0.0,0,0.8333333333333334,base
Uniform gain,Biased search,510190,0.6417919921875,0.0,0.08000000000000002,0.0182080078125,0.0,0,0.75,base
Uniform gain,Biased search,510191,0.6367919921874999,0.0,0.085,0.0182080078125,0.0,0,0.7083333333333334,base
Uniform gain,Biased search,510192,0.6217919921875,0.0,0.10000000000000002,0.0182080078125,0.0,0,0.625,base
Uniform gain,Biased search,510193,0.6417919921875,0.0,0.08,0.0182080078125,0.0,0,0.7083333333333334,base
Uniform gain,Biased search,510194,0.6817919921875001,0.0,0.04,0.0182080078125,0.0,0,0.8333333333333334,base
Uniform gain,Biased search,510195,0.6167919921874999,0.0,0.10500000000000002,0.0182080078125,0.0,0,0.625,base
Uniform gain,Biased search,510196,0.6817919921875001,0.0,0.04,0.0182080078125,0.0,0,0.8333333333333334,base
Uniform gain,Biased search,510197,0.7017919921875001,0.0,0.02,0.0182080078125,0.0,0,0.9166666666666666,base
Uniform gain,Biased search,510198,0.6917919921875001,0.0,0.03,0.0182080078125,0.0,0,0.875,base
Uniform gain,Biased search,510199,0.6617919921875001,0.0,0.060000000000000005,0.0182080078125,0.0,0,0.7916666666666666,base
Uniform gain,Biased search,510200,0.6567919921875,0.0,0.065,0.0182080078125,0.0,0,0.75,base
Uniform gain,Biased search,510201,0.6417919921875,0.0,0.08,0.0182080078125,0.0,0,0.7083333333333334,base
Uniform gain,Biased search,510202,0.6867919921875,0.0,0.035,0.0182080078125,0.0,0,0.875,base
Uniform gain,Biased search,510203,0.6817919921875001,0.0,0.04,0.0182080078125,0.0,0,0.8333333333333334,base
Uniform gain,Biased search,510204,0.6867919921875,0.0,0.035,0.0182080078125,0.0,0,0.875,base
Uniform gain,Biased search,510205,0.6667919921875001,0.0,0.055,0.0182080078125,0.0,0,0.7916666666666666,base
Uniform gain,Biased search,510206,0.6667919921875001,0.0,0.055,0.0182080078125,0.0,0,0.7916666666666666,base
Uniform gain,Biased search,510207,0.6717919921875,0.0,0.05000000000000001,0.0182080078125,0.0,0,0.8333333333333334,base
Uniform gain,Biased search,510208,0.6767919921875002,0.0,0.045000000000000005,0.0182080078125,0.0,0,0.8333333333333334,base
Uniform gain,Biased search,510209,0.6667919921875001,0.0,0.055,0.0182080078125,0.0,0,0.7916666666666666,base
Uniform gain,Biased search,510210,0.6517919921875001,0.0,0.07,0.0182080078125,0.0,0,0.75,base
Uniform gain,Biased search,510211,0.6317919921875,0.0,0.09000000000000001,0.0182080078125,0.0,0,0.6666666666666666,base
Uniform gain,Biased search,510212,0.6517919921875001,0.0,0.07,0.0182080078125,0.0,0,0.75,base
Uniform gain,Biased search,510213,0.6817919921875001,0.0,0.04,0.0182080078125,0.0,0,0.8333333333333334,base
Uniform gain,Biased search,510214,0.6317919921875,0.0,0.09000000000000001,0.0182080078125,0.0,0,0.6666666666666666,base
Uniform gain,Biased search,510215,0.6467919921875,0.0,0.07500000000000001,0.0182080078125,0.0,0,0.75,base
Uniform gain,Biased search,510216,0.6767919921875,0.0,0.045000000000000005,0.0182080078125,0.0,0,0.8333333333333334,base
Uniform gain,Biased search,510217,0.6767919921875,0.0,0.045000000000000005,0.0182080078125,0.0,0,0.875,base
Uniform gain,Biased search,510218,0.6617919921875001,0.0,0.060000000000000005,0.0182080078125,0.0,0,0.7916666666666666,base
Uniform gain,Biased search,510219,0.6567919921875,0.0,0.065,0.0182080078125,0.0,0,0.75,base
Uniform gain,Biased search,510220,0.6517919921875001,0.0,0.06999999999999999,0.0182080078125,0.0,0,0.7083333333333334,base
Uniform gain,Biased search,510221,0.6917919921875001,0.0,0.03,0.0182080078125,0.0,0,0.875,base
Uniform gain,Biased search,510222,0.6817919921875001,0.0,0.04000000000000001,0.0182080078125,0.0,0,0.875,base
Uniform gain,Biased search,510223,0.6767919921875,0.0,0.045000000000000005,0.0182080078125,0.0,0,0.8333333333333334,base
Uniform gain,Biased search,510224,0.6567919921875,0.0,0.065,0.0182080078125,0.0,0,0.75,base
Uniform gain,Biased search,510225,0.6817919921875001,0.0,0.04,0.0182080078125,0.0,0,0.875,base
Uniform gain,Biased search,510226,0.6867919921875001,0.0,0.035,0.0182080078125,0.0,0,0.875,base
Uniform gain,Biased search,510227,0.6667919921875001,0.0,0.055,0.0182080078125,0.0,0,0.7916666666666666,base
Uniform gain,Biased search,510228,0.6767919921875,0.0,0.045000000000000005,0.0182080078125,0.0,0,0.8333333333333334,base
Uniform gain,Biased search,510229,0.6767919921875002,0.0,0.045000000000000005,0.0182080078125,0.0,0,0.8333333333333334,base
Uniform gain,Biased search,510230,0.6617919921875001,0.0,0.060000000000000005,0.0182080078125,0.0,0,0.7916666666666666,base
Uniform gain,Biased search,510231,0.6767919921875,0.0,0.045000000000000005,0.0182080078125,0.0,0,0.8333333333333334,base
Uniform gain,Biased search,510232,0.6667919921875001,0.0,0.055,0.0182080078125,0.0,0,0.7916666666666666,base
Uniform gain,Biased search,510233,0.6717919921875,0.0,0.049999999999999996,0.0182080078125,0.0,0,0.7916666666666666,base
Uniform gain,Biased search,510234,0.6667919921875001,0.0,0.055,0.0182080078125,0.0,0,0.7916666666666666,base
Uniform gain,Biased search,510235,0.6567919921875,0.0,0.06500000000000002,0.0182080078125,0.0,0,0.7916666666666666,base
Uniform gain,Biased search,510236,0.6117919921875,0.0,0.11,0.0182080078125,0.0,0,0.5833333333333334,base
Uniform gain,Biased search,510237,0.6767919921875,0.0,0.045000000000000005,0.0182080078125,0.0,0,0.8333333333333334,base
Uniform gain,Biased search,510238,0.6617919921875001,0.0,0.060000000000000005,0.0182080078125,0.0,0,0.7916666666666666,base
Uniform gain,Biased search,510239,0.6817919921875001,0.0,0.04,0.0182080078125,0.0,0,0.8333333333333334,base
Uniform gain,Biased search,510240,0.6567919921875,0.0,0.065,0.0182080078125,0.0,0,0.7916666666666666,base
Uniform gain,Biased search,510241,0.6567919921875,0.0,0.065,0.0182080078125,0.0,0,0.7916666666666666,base
Uniform gain,Biased search,510242,0.6717919921875,0.0,0.05000000000000001,0.0182080078125,0.0,0,0.8333333333333334,base
Uniform gain,Biased search,510243,0.6667919921875001,0.0,0.055,0.0182080078125,0.0,0,0.7916666666666666,base
Uniform gain,Biased search,510244,0.6317919921875,0.0,0.09000000000000001,0.0182080078125,0.0,0,0.6666666666666666,base
Uniform gain,Biased search,510245,0.6667919921875001,0.0,0.055,0.0182080078125,0.0,0,0.7916666666666666,base
Uniform gain,Biased search,510246,0.7117919921875,0.0,0.01,0.0182080078125,0.0,0,0.9583333333333334,base
Uniform gain,Biased search,510247,0.6117919921875,0.0,0.11,0.0182080078125,0.0,0,0.5833333333333334,base
Uniform gain,Biased search,510248,0.6567919921875,0.0,0.065,0.0182080078125,0.0,0,0.75,base
Uniform gain,Biased search,510249,0.6467919921875,0.0,0.075,0.0182080078125,0.0,0,0.7083333333333334,base
Uniform gain,Biased search,510250,0.6517919921875,0.0,0.07,0.0182080078125,0.0,0,0.75,base
Uniform gain,Biased search,510251,0.6667919921875001,0.0,0.055,0.0182080078125,0.0,0,0.7916666666666666,base
Uniform gain,Biased search,510252,0.6517919921875001,0.0,0.07,0.0182080078125,0.0,0,0.75,base
Uniform gain,Biased search,510253,0.6767919921875,0.0,0.045000000000000005,0.0182080078125,0.0,0,0.8333333333333334,base
Uniform gain,Biased search,510254,0.6167919921875,0.0,0.10500000000000002,0.0182080078125,0.0,0,0.6666666666666666,base
Uniform gain,Biased search,510255,0.6467919921875,0.0,0.075,0.0182080078125,0.0,0,0.75,base
Uniform gain,Balanced search,510000,0.711630859375,0.0,0.01,0.018369140625000002,0.0,0,0.9583333333333334,base
Uniform gain,Balanced search,510001,0.7216308593750002,0.0,0.0,0.018369140625000002,0.0,0,1.0,base
Uniform gain,Balanced search,510002,0.711630859375,0.0,0.01,0.018369140625000002,0.0,0,0.9583333333333334,base
Uniform gain,Balanced search,510003,0.711630859375,0.0,0.01,0.018369140625000002,0.0,0,0.9583333333333334,base
Uniform gain,Balanced search,510004,0.7216308593750002,0.0,0.0,0.018369140625000002,0.0,0,1.0,base
Uniform gain,Balanced search,510005,0.711630859375,0.0,0.01,0.018369140625000002,0.0,0,0.9583333333333334,base
Uniform gain,Balanced search,510006,0.7216308593750002,0.0,0.0,0.018369140625000002,0.0,0,1.0,base
Uniform gain,Balanced search,510007,0.7216308593750002,0.0,0.0,0.018369140625000002,0.0,0,1.0,base
Uniform gain,Balanced search,510008,0.7016308593750001,0.0,0.02,0.018369140625000002,0.0,0,0.9166666666666666,base
Uniform gain,Balanced search,510009,0.711630859375,0.0,0.01,0.018369140625000002,0.0,0,0.9583333333333334,base
Uniform gain,Balanced search,510010,0.7066308593750001,0.0,0.015000000000000001,0.018369140625000002,0.0,0,0.9583333333333334,base
Uniform gain,Balanced search,510011,0.7216308593750002,0.0,0.0,0.018369140625000002,0.0,0,1.0,base
Uniform gain,Balanced search,510012,0.7216308593750002,0.0,0.0,0.018369140625000002,0.0,0,1.0,base
Uniform gain,Balanced search,510013,0.711630859375,0.0,0.01,0.018369140625000002,0.0,0,0.9583333333333334,base
Uniform gain,Balanced search,510014,0.711630859375,0.0,0.01,0.018369140625000002,0.0,0,0.9583333333333334,base
Uniform gain,Balanced search,510015,0.711630859375,0.0,0.01,0.018369140625000002,0.0,0,0.9583333333333334,base
Uniform gain,Balanced search,510016,0.7216308593750002,0.0,0.0,0.018369140625000002,0.0,0,1.0,base
Uniform gain,Balanced search,510017,0.711630859375,0.0,0.01,0.018369140625000002,0.0,0,0.9583333333333334,base
Uniform gain,Balanced search,510018,0.7216308593750002,0.0,0.0,0.018369140625000002,0.0,0,1.0,base
Uniform gain,Balanced search,510019,0.7216308593750002,0.0,0.0,0.018369140625000002,0.0,0,1.0,base
Uniform gain,Balanced search,510020,0.7016308593750001,0.0,0.02,0.018369140625000002,0.0,0,0.9166666666666666,base
Uniform gain,Balanced search,510021,0.7216308593750002,0.0,0.0,0.018369140625000002,0.0,0,1.0,base
Uniform gain,Balanced search,510022,0.7216308593750002,0.0,0.0,0.018369140625000002,0.0,0,1.0,base
Uniform gain,Balanced search,510023,0.7016308593750001,0.0,0.02,0.018369140625000002,0.0,0,0.9166666666666666,base
Uniform gain,Balanced search,510024,0.711630859375,0.0,0.01,0.018369140625000002,0.0,0,0.9583333333333334,base
Uniform gain,Balanced search,510025,0.711630859375,0.0,0.01,0.018369140625000002,0.0,0,0.9583333333333334,base
Uniform gain,Balanced search,510026,0.696630859375,0.0,0.025000000000000005,0.018369140625000002,0.0,0,0.9166666666666666,base
Uniform gain,Balanced search,510027,0.6916308593750001,0.0,0.03,0.018369140625000002,0.0,0,0.875,base
Uniform gain,Balanced search,510028,0.7216308593750002,0.0,0.0,0.018369140625000002,0.0,0,1.0,base
Uniform gain,Balanced search,510029,0.7216308593750002,0.0,0.0,0.018369140625000002,0.0,0,1.0,base
Uniform gain,Balanced search,510030,0.711630859375,0.0,0.01,0.018369140625000002,0.0,0,0.9583333333333334,base
Uniform gain,Balanced search,510031,0.711630859375,0.0,0.01,0.018369140625000002,0.0,0,0.9583333333333334,base
Uniform gain,Balanced search,510032,0.7216308593750002,0.0,0.0,0.018369140625000002,0.0,0,1.0,base
Uniform gain,Balanced search,510033,0.7216308593750002,0.0,0.0,0.018369140625000002,0.0,0,1.0,base
Uniform gain,Balanced search,510034,0.7216308593750002,0.0,0.0,0.018369140625000002,0.0,0,1.0,base
Uniform gain,Balanced search,510035,0.7016308593750001,0.0,0.02,0.018369140625000002,0.0,0,0.9166666666666666,base
Uniform gain,Balanced search,510036,0.7216308593750002,0.0,0.0,0.018369140625000002,0.0,0,1.0,base
Uniform gain,Balanced search,510037,0.696630859375,0.0,0.025000000000000005,0.018369140625000002,0.0,0,0.9166666666666666,base
Uniform gain,Balanced search,510038,0.7016308593750001,0.0,0.02,0.018369140625000002,0.0,0,0.9166666666666666,base
Uniform gain,Balanced search,510039,0.711630859375,0.0,0.01,0.018369140625000002,0.0,0,0.9583333333333334,base
Uniform gain,Balanced search,510040,0.7216308593750002,0.0,0.0,0.018369140625000002,0.0,0,1.0,base
Uniform gain,Balanced search,510041,0.7216308593750002,0.0,0.0,0.018369140625000002,0.0,0,1.0,base
Uniform gain,Balanced search,510042,0.7216308593750002,0.0,0.0,0.018369140625000002,0.0,0,1.0,base
Uniform gain,Balanced search,510043,0.7216308593750002,0.0,0.0,0.018369140625000002,0.0,0,1.0,base
Uniform gain,Balanced search,510044,0.7216308593750002,0.0,0.0,0.018369140625000002,0.0,0,1.0,base
Uniform gain,Balanced search,510045,0.7216308593750002,0.0,0.0,0.018369140625000002,0.0,0,1.0,base
Uniform gain,Balanced search,510046,0.7216308593750002,0.0,0.0,0.018369140625000002,0.0,0,1.0,base
Uniform gain,Balanced search,510047,0.7216308593750002,0.0,0.0,0.018369140625000002,0.0,0,1.0,base
Uniform gain,Balanced search,510048,0.711630859375,0.0,0.01,0.018369140625000002,0.0,0,0.9583333333333334,base
Uniform gain,Balanced search,510049,0.711630859375,0.0,0.01,0.018369140625000002,0.0,0,0.9583333333333334,base
Uniform gain,Balanced search,510050,0.711630859375,0.0,0.01,0.018369140625000002,0.0,0,0.9583333333333334,base
Uniform gain,Balanced search,510051,0.7066308593750001,0.0,0.015000000000000001,0.018369140625000002,0.0,0,0.9583333333333334,base
Uniform gain,Balanced search,510052,0.7216308593750002,0.0,0.0,0.018369140625000002,0.0,0,1.0,base
Uniform gain,Balanced search,510053,0.711630859375,0.0,0.01,0.018369140625000002,0.0,0,0.9583333333333334,base
Uniform gain,Balanced search,510054,0.711630859375,0.0,0.01,0.018369140625000002,0.0,0,0.9583333333333334,base
Uniform gain,Balanced search,510055,0.711630859375,0.0,0.01,0.018369140625000002,0.0,0,0.9583333333333334,base
Uniform gain,Balanced search,510056,0.6916308593750001,0.0,0.03,0.018369140625000002,0.0,0,0.875,base
Uniform gain,Balanced search,510057,0.7216308593750002,0.0,0.0,0.018369140625000002,0.0,0,1.0,base
Uniform gain,Balanced search,510058,0.7216308593750002,0.0,0.0,0.018369140625000002,0.0,0,1.0,base
Uniform gain,Balanced search,510059,0.7066308593750001,0.0,0.015000000000000001,0.018369140625000002,0.0,0,0.9583333333333334,base
Uniform gain,Balanced search,510060,0.711630859375,0.0,0.01,0.018369140625000002,0.0,0,0.9583333333333334,base
Uniform gain,Balanced search,510061,0.7216308593750002,0.0,0.0,0.018369140625000002,0.0,0,1.0,base
Uniform gain,Balanced search,510062,0.711630859375,0.0,0.01,0.018369140625000002,0.0,0,0.9583333333333334,base
Uniform gain,Balanced search,510063,0.7216308593750002,0.0,0.0,0.018369140625000002,0.0,0,1.0,base
Uniform gain,Balanced search,510064,0.711630859375,0.0,0.01,0.018369140625000002,0.0,0,0.9583333333333334,base
Uniform gain,Balanced search,510065,0.7216308593750002,0.0,0.0,0.018369140625000002,0.0,0,1.0,base
Uniform gain,Balanced search,510066,0.7216308593750002,0.0,0.0,0.018369140625000002,0.0,0,1.0,base
Uniform gain,Balanced search,510067,0.711630859375,0.0,0.01,0.018369140625000002,0.0,0,0.9583333333333334,base
Uniform gain,Balanced search,510068,0.711630859375,0.0,0.01,0.018369140625000002,0.0,0,0.9583333333333334,base
Uniform gain,Balanced search,510069,0.711630859375,0.0,0.01,0.018369140625000002,0.0,0,0.9583333333333334,base
Uniform gain,Balanced search,510070,0.711630859375,0.0,0.01,0.018369140625000002,0.0,0,0.9583333333333334,base
Uniform gain,Balanced search,510071,0.7216308593750002,0.0,0.0,0.018369140625000002,0.0,0,1.0,base
Uniform gain,Balanced search,510072,0.7216308593750002,0.0,0.0,0.018369140625000002,0.0,0,1.0,base
Uniform gain,Balanced search,510073,0.7216308593750002,0.0,0.0,0.018369140625000002,0.0,0,1.0,base
Uniform gain,Balanced search,510074,0.6916308593750001,0.0,0.03,0.018369140625000002,0.0,0,0.875,base
Uniform gain,Balanced search,510075,0.7216308593750002,0.0,0.0,0.018369140625000002,0.0,0,1.0,base
Uniform gain,Balanced search,510076,0.711630859375,0.0,0.01,0.018369140625000002,0.0,0,0.9583333333333334,base
Uniform gain,Balanced search,510077,0.711630859375,0.0,0.01,0.018369140625000002,0.0,0,0.9583333333333334,base
Uniform gain,Balanced search,510078,0.711630859375,0.0,0.01,0.018369140625000002,0.0,0,0.9583333333333334,base
Uniform gain,Balanced search,510079,0.7216308593750002,0.0,0.0,0.018369140625000002,0.0,0,1.0,base
Uniform gain,Balanced search,510080,0.7216308593750002,0.0,0.0,0.018369140625000002,0.0,0,1.0,base
Uniform gain,Balanced search,510081,0.711630859375,0.0,0.01,0.018369140625000002,0.0,0,0.9583333333333334,base
Uniform gain,Balanced search,510082,0.711630859375,0.0,0.01,0.018369140625000002,0.0,0,0.9583333333333334,base
Uniform gain,Balanced search,510083,0.7216308593750002,0.0,0.0,0.018369140625000002,0.0,0,1.0,base
Uniform gain,Balanced search,510084,0.7216308593750002,0.0,0.0,0.018369140625000002,0.0,0,1.0,base
Uniform gain,Balanced search,510085,0.6916308593750001,0.0,0.03,0.018369140625000002,0.0,0,0.875,base
Uniform gain,Balanced search,510086,0.7066308593750001,0.0,0.015000000000000001,0.018369140625000002,0.0,0,0.9583333333333334,base
Uniform gain,Balanced search,510087,0.7216308593750002,0.0,0.0,0.018369140625000002,0.0,0,1.0,base
Uniform gain,Balanced search,510088,0.7216308593750002,0.0,0.0,0.018369140625000002,0.0,0,1.0,base
Uniform gain,Balanced search,510089,0.7216308593750002,0.0,0.0,0.018369140625000002,0.0,0,1.0,base
Uniform gain,Balanced search,510090,0.7216308593750002,0.0,0.0,0.018369140625000002,0.0,0,1.0,base
Uniform gain,Balanced search,510091,0.7216308593750002,0.0,0.0,0.018369140625000002,0.0,0,1.0,base
Uniform gain,Balanced search,510092,0.7216308593750002,0.0,0.0,0.018369140625000002,0.0,0,1.0,base
Uniform gain,Balanced search,510093,0.7216308593750002,0.0,0.0,0.018369140625000002,0.0,0,1.0,base
Uniform gain,Balanced search,510094,0.711630859375,0.0,0.01,0.018369140625000002,0.0,0,0.9583333333333334,base
Uniform gain,Balanced search,510095,0.7216308593750002,0.0,0.0,0.018369140625000002,0.0,0,1.0,base
Uniform gain,Balanced search,510096,0.7066308593750001,0.0,0.015000000000000001,0.018369140625000002,0.0,0,0.9583333333333334,base
Uniform gain,Balanced search,510097,0.7216308593750002,0.0,0.0,0.018369140625000002,0.0,0,1.0,base
Uniform gain,Balanced search,510098,0.7016308593750001,0.0,0.02,0.018369140625000002,0.0,0,0.9166666666666666,base
Uniform gain,Balanced search,510099,0.711630859375,0.0,0.01,0.018369140625000002,0.0,0,0.9583333333333334,base
Uniform gain,Balanced search,510100,0.7016308593750001,0.0,0.02,0.018369140625000002,0.0,0,0.9166666666666666,base
Uniform gain,Balanced search,510101,0.7066308593750001,0.0,0.015000000000000001,0.018369140625000002,0.0,0,0.9583333333333334,base
Uniform gain,Balanced search,510102,0.7216308593750002,0.0,0.0,0.018369140625000002,0.0,0,1.0,base
Uniform gain,Balanced search,510103,0.7216308593750002,0.0,0.0,0.018369140625000002,0.0,0,1.0,base
Uniform gain,Balanced search,510104,0.7066308593750001,0.0,0.015000000000000001,0.018369140625000002,0.0,0,0.9583333333333334,base
Uniform gain,Balanced search,510105,0.7216308593750002,0.0,0.0,0.018369140625000002,0.0,0,1.0,base
Uniform gain,Balanced search,510106,0.7216308593750002,0.0,0.0,0.018369140625000002,0.0,0,1.0,base
Uniform gain,Balanced search,510107,0.7216308593750002,0.0,0.0,0.018369140625000002,0.0,0,1.0,base
Uniform gain,Balanced search,510108,0.7216308593750002,0.0,0.0,0.018369140625000002,0.0,0,1.0,base
Uniform gain,Balanced search,510109,0.696630859375,0.0,0.025000000000000005,0.018369140625000002,0.0,0,0.9166666666666666,base
Uniform gain,Balanced search,510110,0.7216308593750002,0.0,0.0,0.018369140625000002,0.0,0,1.0,base
Uniform gain,Balanced search,510111,0.7216308593750002,0.0,0.0,0.018369140625000002,0.0,0,1.0,base
Uniform gain,Balanced search,510112,0.686630859375,0.0,0.035,0.018369140625000002,0.0,0,0.875,base
Uniform gain,Balanced search,510113,0.7216308593750002,0.0,0.0,0.018369140625000002,0.0,0,1.0,base
Uniform gain,Balanced search,510114,0.7216308593750002,0.0,0.0,0.018369140625000002,0.0,0,1.0,base
Uniform gain,Balanced search,510115,0.7216308593750002,0.0,0.0,0.018369140625000002,0.0,0,1.0,base
Uniform gain,Balanced search,510116,0.7216308593750002,0.0,0.0,0.018369140625000002,0.0,0,1.0,base
Uniform gain,Balanced search,510117,0.7066308593750001,0.0,0.015000000000000001,0.018369140625000002,0.0,0,0.9583333333333334,base
Uniform gain,Balanced search,510118,0.711630859375,0.0,0.01,0.018369140625000002,0.0,0,0.9583333333333334,base
Uniform gain,Balanced search,510119,0.7216308593750002,0.0,0.0,0.018369140625000002,0.0,0,1.0,base
Uniform gain,Balanced search,510120,0.711630859375,0.0,0.01,0.018369140625000002,0.0,0,0.9583333333333334,base
Uniform gain,Balanced search,510121,0.711630859375,0.0,0.01,0.018369140625000002,0.0,0,0.9583333333333334,base
Uniform gain,Balanced search,510122,0.7216308593750002,0.0,0.0,0.018369140625000002,0.0,0,1.0,base
Uniform gain,Balanced search,510123,0.711630859375,0.0,0.01,0.018369140625000002,0.0,0,0.9583333333333334,base
Uniform gain,Balanced search,510124,0.7216308593750002,0.0,0.0,0.018369140625000002,0.0,0,1.0,base
Uniform gain,Balanced search,510125,0.711630859375,0.0,0.01,0.018369140625000002,0.0,0,0.9583333333333334,base
Uniform gain,Balanced search,510126,0.7216308593750002,0.0,0.0,0.018369140625000002,0.0,0,1.0,base
Uniform gain,Balanced search,510127,0.711630859375,0.0,0.01,0.018369140625000002,0.0,0,0.9583333333333334,base
Uniform gain,Balanced search,510128,0.711630859375,0.0,0.01,0.018369140625000002,0.0,0,0.9583333333333334,base
Uniform gain,Balanced search,510129,0.6916308593750001,0.0,0.03,0.018369140625000002,0.0,0,0.875,base
Uniform gain,Balanced search,510130,0.7216308593750002,0.0,0.0,0.018369140625000002,0.0,0,1.0,base
Uniform gain,Balanced search,510131,0.7216308593750002,0.0,0.0,0.018369140625000002,0.0,0,1.0,base
Uniform gain,Balanced search,510132,0.7216308593750002,0.0,0.0,0.018369140625000002,0.0,0,1.0,base
Uniform gain,Balanced search,510133,0.7216308593750002,0.0,0.0,0.018369140625000002,0.0,0,1.0,base
Uniform gain,Balanced search,510134,0.7216308593750002,0.0,0.0,0.018369140625000002,0.0,0,1.0,base
Uniform gain,Balanced search,510135,0.7066308593750001,0.0,0.015000000000000001,0.018369140625000002,0.0,0,0.9583333333333334,base
Uniform gain,Balanced search,510136,0.711630859375,0.0,0.01,0.018369140625000002,0.0,0,0.9583333333333334,base
Uniform gain,Balanced search,510137,0.711630859375,0.0,0.01,0.018369140625000002,0.0,0,0.9583333333333334,base
Uniform gain,Balanced search,510138,0.7216308593750002,0.0,0.0,0.018369140625000002,0.0,0,1.0,base
Uniform gain,Balanced search,510139,0.7216308593750002,0.0,0.0,0.018369140625000002,0.0,0,1.0,base
Uniform gain,Balanced search,510140,0.711630859375,0.0,0.01,0.018369140625000002,0.0,0,0.9583333333333334,base
Uniform gain,Balanced search,510141,0.711630859375,0.0,0.01,0.018369140625000002,0.0,0,0.9583333333333334,base
Uniform gain,Balanced search,510142,0.7216308593750002,0.0,0.0,0.018369140625000002,0.0,0,1.0,base
Uniform gain,Balanced search,510143,0.711630859375,0.0,0.01,0.018369140625000002,0.0,0,0.9583333333333334,base
Uniform gain,Balanced search,510144,0.7216308593750002,0.0,0.0,0.018369140625000002,0.0,0,1.0,base
Uniform gain,Balanced search,510145,0.711630859375,0.0,0.01,0.018369140625000002,0.0,0,0.9583333333333334,base
Uniform gain,Balanced search,510146,0.711630859375,0.0,0.01,0.018369140625000002,0.0,0,0.9583333333333334,base
Uniform gain,Balanced search,510147,0.7216308593750002,0.0,0.0,0.018369140625000002,0.0,0,1.0,base
Uniform gain,Balanced search,510148,0.711630859375,0.0,0.01,0.018369140625000002,0.0,0,0.9583333333333334,base
Uniform gain,Balanced search,510149,0.711630859375,0.0,0.01,0.018369140625000002,0.0,0,0.9583333333333334,base
Uniform gain,Balanced search,510150,0.711630859375,0.0,0.01,0.018369140625000002,0.0,0,0.9583333333333334,base
Uniform gain,Balanced search,510151,0.7016308593750001,0.0,0.02,0.018369140625000002,0.0,0,0.9166666666666666,base
Uniform gain,Balanced search,510152,0.7216308593750002,0.0,0.0,0.018369140625000002,0.0,0,1.0,base
Uniform gain,Balanced search,510153,0.711630859375,0.0,0.01,0.018369140625000002,0.0,0,0.9583333333333334,base
Uniform gain,Balanced search,510154,0.7066308593750001,0.0,0.015000000000000001,0.018369140625000002,0.0,0,0.9583333333333334,base
Uniform gain,Balanced search,510155,0.7216308593750002,0.0,0.0,0.018369140625000002,0.0,0,1.0,base
Uniform gain,Balanced search,510156,0.7216308593750002,0.0,0.0,0.018369140625000002,0.0,0,1.0,base
Uniform gain,Balanced search,510157,0.7216308593750002,0.0,0.0,0.018369140625000002,0.0,0,1.0,base
Uniform gain,Balanced search,510158,0.7216308593750002,0.0,0.0,0.018369140625000002,0.0,0,1.0,base
Uniform gain,Balanced search,510159,0.7216308593750002,0.0,0.0,0.018369140625000002,0.0,0,1.0,base
Uniform gain,Balanced search,510160,0.7216308593750002,0.0,0.0,0.018369140625000002,0.0,0,1.0,base
Uniform gain,Balanced search,510161,0.7066308593750001,0.0,0.015000000000000001,0.018369140625000002,0.0,0,0.9583333333333334,base
Uniform gain,Balanced search,510162,0.7216308593750002,0.0,0.0,0.018369140625000002,0.0,0,1.0,base
Uniform gain,Balanced search,510163,0.711630859375,0.0,0.01,0.018369140625000002,0.0,0,0.9583333333333334,base
Uniform gain,Balanced search,510164,0.7216308593750002,0.0,0.0,0.018369140625000002,0.0,0,1.0,base
Uniform gain,Balanced search,510165,0.7216308593750002,0.0,0.0,0.018369140625000002,0.0,0,1.0,base
Uniform gain,Balanced search,510166,0.7016308593750001,0.0,0.02,0.018369140625000002,0.0,0,0.9166666666666666,base
Uniform gain,Balanced search,510167,0.7216308593750002,0.0,0.0,0.018369140625000002,0.0,0,1.0,base
Uniform gain,Balanced search,510168,0.7216308593750002,0.0,0.0,0.018369140625000002,0.0,0,1.0,base
Uniform gain,Balanced search,510169,0.7216308593750002,0.0,0.0,0.018369140625000002,0.0,0,1.0,base
Uniform gain,Balanced search,510170,0.7216308593750002,0.0,0.0,0.018369140625000002,0.0,0,1.0,base
Uniform gain,Balanced search,510171,0.711630859375,0.0,0.01,0.018369140625000002,0.0,0,0.9583333333333334,base
Uniform gain,Balanced search,510172,0.7216308593750002,0.0,0.0,0.018369140625000002,0.0,0,1.0,base
Uniform gain,Balanced search,510173,0.7216308593750002,0.0,0.0,0.018369140625000002,0.0,0,1.0,base
Uniform gain,Balanced search,510174,0.7216308593750002,0.0,0.0,0.018369140625000002,0.0,0,1.0,base
Uniform gain,Balanced search,510175,0.7216308593750002,0.0,0.0,0.018369140625000002,0.0,0,1.0,base
Uniform gain,Balanced search,510176,0.7216308593750002,0.0,0.0,0.018369140625000002,0.0,0,1.0,base
Uniform gain,Balanced search,510177,0.7216308593750002,0.0,0.0,0.018369140625000002,0.0,0,1.0,base
Uniform gain,Balanced search,510178,0.7216308593750002,0.0,0.0,0.018369140625000002,0.0,0,1.0,base
Uniform gain,Balanced search,510179,0.7216308593750002,0.0,0.0,0.018369140625000002,0.0,0,1.0,base
Uniform gain,Balanced search,510180,0.7216308593750002,0.0,0.0,0.018369140625000002,0.0,0,1.0,base
Uniform gain,Balanced search,510181,0.7216308593750002,0.0,0.0,0.018369140625000002,0.0,0,1.0,base
Uniform gain,Balanced search,510182,0.711630859375,0.0,0.01,0.018369140625000002,0.0,0,0.9583333333333334,base
Uniform gain,Balanced search,510183,0.7066308593750001,0.0,0.015000000000000001,0.018369140625000002,0.0,0,0.9583333333333334,base
Uniform gain,Balanced search,510184,0.7016308593750001,0.0,0.02,0.018369140625000002,0.0,0,0.9166666666666666,base
Uniform gain,Balanced search,510185,0.7216308593750002,0.0,0.0,0.018369140625000002,0.0,0,1.0,base
Uniform gain,Balanced search,510186,0.7016308593750001,0.0,0.02,0.018369140625000002,0.0,0,0.9166666666666666,base
Uniform gain,Balanced search,510187,0.7016308593750001,0.0,0.02,0.018369140625000002,0.0,0,0.9166666666666666,base
Uniform gain,Balanced search,510188,0.711630859375,0.0,0.01,0.018369140625000002,0.0,0,0.9583333333333334,base
Uniform gain,Balanced search,510189,0.7216308593750002,0.0,0.0,0.018369140625000002,0.0,0,1.0,base
Uniform gain,Balanced search,510190,0.711630859375,0.0,0.01,0.018369140625000002,0.0,0,0.9583333333333334,base
Uniform gain,Balanced search,510191,0.7216308593750002,0.0,0.0,0.018369140625000002,0.0,0,1.0,base
Uniform gain,Balanced search,510192,0.7016308593750001,0.0,0.02,0.018369140625000002,0.0,0,0.9166666666666666,base
Uniform gain,Balanced search,510193,0.7216308593750002,0.0,0.0,0.018369140625000002,0.0,0,1.0,base
Uniform gain,Balanced search,510194,0.7216308593750002,0.0,0.0,0.018369140625000002,0.0,0,1.0,base
Uniform gain,Balanced search,510195,0.711630859375,0.0,0.01,0.018369140625000002,0.0,0,0.9583333333333334,base
Uniform gain,Balanced search,510196,0.711630859375,0.0,0.01,0.018369140625000002,0.0,0,0.9583333333333334,base
Uniform gain,Balanced search,510197,0.696630859375,0.0,0.025000000000000005,0.018369140625000002,0.0,0,0.9166666666666666,base
Uniform gain,Balanced search,510198,0.7216308593750002,0.0,0.0,0.018369140625000002,0.0,0,1.0,base
Uniform gain,Balanced search,510199,0.7216308593750002,0.0,0.0,0.018369140625000002,0.0,0,1.0,base
Uniform gain,Balanced search,510200,0.711630859375,0.0,0.01,0.018369140625000002,0.0,0,0.9583333333333334,base
Uniform gain,Balanced search,510201,0.711630859375,0.0,0.01,0.018369140625000002,0.0,0,0.9583333333333334,base
Uniform gain,Balanced search,510202,0.711630859375,0.0,0.01,0.018369140625000002,0.0,0,0.9583333333333334,base
Uniform gain,Balanced search,510203,0.7216308593750002,0.0,0.0,0.018369140625000002,0.0,0,1.0,base
Uniform gain,Balanced search,510204,0.7216308593750002,0.0,0.0,0.018369140625000002,0.0,0,1.0,base
Uniform gain,Balanced search,510205,0.7216308593750002,0.0,0.0,0.018369140625000002,0.0,0,1.0,base
Uniform gain,Balanced search,510206,0.711630859375,0.0,0.01,0.018369140625000002,0.0,0,0.9583333333333334,base
Uniform gain,Balanced search,510207,0.7016308593750001,0.0,0.02,0.018369140625000002,0.0,0,0.9166666666666666,base
Uniform gain,Balanced search,510208,0.7216308593750002,0.0,0.0,0.018369140625000002,0.0,0,1.0,base
Uniform gain,Balanced search,510209,0.7216308593750002,0.0,0.0,0.018369140625000002,0.0,0,1.0,base
Uniform gain,Balanced search,510210,0.711630859375,0.0,0.01,0.018369140625000002,0.0,0,0.9583333333333334,base
Uniform gain,Balanced search,510211,0.7216308593750002,0.0,0.0,0.018369140625000002,0.0,0,1.0,base
Uniform gain,Balanced search,510212,0.711630859375,0.0,0.01,0.018369140625000002,0.0,0,0.9583333333333334,base
Uniform gain,Balanced search,510213,0.711630859375,0.0,0.01,0.018369140625000002,0.0,0,0.9583333333333334,base
Uniform gain,Balanced search,510214,0.7216308593750002,0.0,0.0,0.018369140625000002,0.0,0,1.0,base
Uniform gain,Balanced search,510215,0.7216308593750002,0.0,0.0,0.018369140625000002,0.0,0,1.0,base
Uniform gain,Balanced search,510216,0.7216308593750002,0.0,0.0,0.018369140625000002,0.0,0,1.0,base
Uniform gain,Balanced search,510217,0.7216308593750002,0.0,0.0,0.018369140625000002,0.0,0,1.0,base
Uniform gain,Balanced search,510218,0.711630859375,0.0,0.01,0.018369140625000002,0.0,0,0.9583333333333334,base
Uniform gain,Balanced search,510219,0.7216308593750002,0.0,0.0,0.018369140625000002,0.0,0,1.0,base
Uniform gain,Balanced search,510220,0.7216308593750002,0.0,0.0,0.018369140625000002,0.0,0,1.0,base
Uniform gain,Balanced search,510221,0.7216308593750002,0.0,0.0,0.018369140625000002,0.0,0,1.0,base
Uniform gain,Balanced search,510222,0.7216308593750002,0.0,0.0,0.018369140625000002,0.0,0,1.0,base
Uniform gain,Balanced search,510223,0.711630859375,0.0,0.01,0.018369140625000002,0.0,0,0.9583333333333334,base
Uniform gain,Balanced search,510224,0.7216308593750002,0.0,0.0,0.018369140625000002,0.0,0,1.0,base
Uniform gain,Balanced search,510225,0.7216308593750002,0.0,0.0,0.018369140625000002,0.0,0,1.0,base
Uniform gain,Balanced search,510226,0.711630859375,0.0,0.01,0.018369140625000002,0.0,0,0.9583333333333334,base
Uniform gain,Balanced search,510227,0.7216308593750002,0.0,0.0,0.018369140625000002,0.0,0,1.0,base
Uniform gain,Balanced search,510228,0.711630859375,0.0,0.01,0.018369140625000002,0.0,0,0.9583333333333334,base
Uniform gain,Balanced search,510229,0.7216308593750002,0.0,0.0,0.018369140625000002,0.0,0,1.0,base
Uniform gain,Balanced search,510230,0.711630859375,0.0,0.01,0.018369140625000002,0.0,0,0.9583333333333334,base
Uniform gain,Balanced search,510231,0.7216308593750002,0.0,0.0,0.018369140625000002,0.0,0,1.0,base
Uniform gain,Balanced search,510232,0.7216308593750002,0.0,0.0,0.018369140625000002,0.0,0,1.0,base
Uniform gain,Balanced search,510233,0.711630859375,0.0,0.01,0.018369140625000002,0.0,0,0.9583333333333334,base
Uniform gain,Balanced search,510234,0.7216308593750002,0.0,0.0,0.018369140625000002,0.0,0,1.0,base
Uniform gain,Balanced search,510235,0.711630859375,0.0,0.01,0.018369140625000002,0.0,0,0.9583333333333334,base
Uniform gain,Balanced search,510236,0.711630859375,0.0,0.01,0.018369140625000002,0.0,0,0.9583333333333334,base
Uniform gain,Balanced search,510237,0.711630859375,0.0,0.01,0.018369140625000002,0.0,0,0.9583333333333334,base
Uniform gain,Balanced search,510238,0.711630859375,0.0,0.01,0.018369140625000002,0.0,0,0.9583333333333334,base
Uniform gain,Balanced search,510239,0.7216308593750002,0.0,0.0,0.018369140625000002,0.0,0,1.0,base
Uniform gain,Balanced search,510240,0.7216308593750002,0.0,0.0,0.018369140625000002,0.0,0,1.0,base
Uniform gain,Balanced search,510241,0.711630859375,0.0,0.01,0.018369140625000002,0.0,0,0.9583333333333334,base
Uniform gain,Balanced search,510242,0.7216308593750002,0.0,0.0,0.018369140625000002,0.0,0,1.0,base
Uniform gain,Balanced search,510243,0.7216308593750002,0.0,0.0,0.018369140625000002,0.0,0,1.0,base
Uniform gain,Balanced search,510244,0.7016308593750001,0.0,0.02,0.018369140625000002,0.0,0,0.9166666666666666,base
Uniform gain,Balanced search,510245,0.711630859375,0.0,0.01,0.018369140625000002,0.0,0,0.9583333333333334,base
Uniform gain,Balanced search,510246,0.7216308593750002,0.0,0.0,0.018369140625000002,0.0,0,1.0,base
Uniform gain,Balanced search,510247,0.7016308593750001,0.0,0.02,0.018369140625000002,0.0,0,0.9166666666666666,base
Uniform gain,Balanced search,510248,0.7216308593750002,0.0,0.0,0.018369140625000002,0.0,0,1.0,base
Uniform gain,Balanced search,510249,0.7216308593750002,0.0,0.0,0.018369140625000002,0.0,0,1.0,base
Uniform gain,Balanced search,510250,0.696630859375,0.0,0.025000000000000005,0.018369140625000002,0.0,0,0.9166666666666666,base
Uniform gain,Balanced search,510251,0.711630859375,0.0,0.01,0.018369140625000002,0.0,0,0.9583333333333334,base
Uniform gain,Balanced search,510252,0.7016308593750001,0.0,0.02,0.018369140625000002,0.0,0,0.9166666666666666,base
Uniform gain,Balanced search,510253,0.7216308593750002,0.0,0.0,0.018369140625000002,0.0,0,1.0,base
Uniform gain,Balanced search,510254,0.7216308593750002,0.0,0.0,0.018369140625000002,0.0,0,1.0,base
Uniform gain,Balanced search,510255,0.711630859375,0.0,0.01,0.018369140625000002,0.0,0,0.9583333333333334,base
Uniform gain,Neyman search,510000,0.7117002360026042,0.0,0.01,0.018299763997395833,0.0,0,0.9583333333333334,base
Uniform gain,Neyman search,510001,0.7216890462239584,0.0,0.0,0.018310953776041666,0.0,0,1.0,base
Uniform gain,Neyman search,510002,0.7116890462239583,0.0,0.01,0.018310953776041666,0.0,0,0.9583333333333334,base
Uniform gain,Neyman search,510003,0.7116957600911458,0.0,0.01,0.01830423990885417,0.0,0,0.9583333333333334,base
Uniform gain,Neyman search,510004,0.7217114257812499,0.0,0.0,0.018288574218750003,0.0,0,1.0,base
Uniform gain,Neyman search,510005,0.7116823323567708,0.0,0.01,0.01831766764322917,0.0,0,0.9583333333333334,base
Uniform gain,Neyman search,510006,0.7216845703125,0.0,0.0,0.0183154296875,0.0,0,1.0,base
Uniform gain,Neyman search,510007,0.7216912841796875,0.0,0.0,0.0183087158203125,0.0,0,1.0,base
Uniform gain,Neyman search,510008,0.701671142578125,0.0,0.02,0.018328857421875,0.0,0,0.9166666666666666,base
Uniform gain,Neyman search,510009,0.7116868082682292,0.0,0.01,0.018313191731770834,0.0,0,0.9583333333333334,base
Uniform gain,Neyman search,510010,0.7066823323567709,0.0,0.015000000000000001,0.018317667643229167,0.0,0,0.9583333333333334,base
Uniform gain,Neyman search,510011,0.7216823323567709,0.0,0.0,0.01831766764322917,0.0,0,1.0,base
Uniform gain,Neyman search,510012,0.7116733805338541,0.0,0.01,0.018326619466145836,0.0,0,0.9583333333333334,base
Uniform gain,Neyman search,510013,0.7016778564453124,0.0,0.02,0.0183221435546875,0.0,0,0.9166666666666666,base
Uniform gain,Neyman search,510014,0.7116868082682292,0.0,0.01,0.018313191731770834,0.0,0,0.9583333333333334,base
Uniform gain,Neyman search,510015,0.7116890462239583,0.0,0.01,0.018310953776041666,0.0,0,0.9583333333333334,base
Uniform gain,Neyman search,510016,0.7216823323567709,0.0,0.0,0.01831766764322917,0.0,0,1.0,base
Uniform gain,Neyman search,510017,0.7116800944010416,0.0,0.01,0.018319905598958335,0.0,0,0.9583333333333334,base
Uniform gain,Neyman search,510018,0.7116935221354166,0.0,0.01,0.018306477864583334,0.0,0,0.9583333333333334,base
Uniform gain,Neyman search,510019,0.7216868082682292,0.0,0.0,0.018313191731770834,0.0,0,1.0,base
Uniform gain,Neyman search,510020,0.711697998046875,0.0,0.01,0.018302001953125,0.0,0,0.9583333333333334,base
Uniform gain,Neyman search,510021,0.7216912841796875,0.0,0.0,0.0183087158203125,0.0,0,1.0,base
Uniform gain,Neyman search,510022,0.7216957600911459,0.0,0.0,0.01830423990885417,0.0,0,1.0,base
Uniform gain,Neyman search,510023,0.7016845703125,0.0,0.02,0.018315429687500002,0.0,0,0.9166666666666666,base
Uniform gain,Neyman search,510024,0.7116845703125,0.0,0.01,0.0183154296875,0.0,0,0.9583333333333334,base
Uniform gain,Neyman search,510025,0.7116912841796875,0.0,0.01,0.0183087158203125,0.0,0,0.9583333333333334,base
Uniform gain,Neyman search,510026,0.6966823323567707,0.0,0.025000000000000005,0.01831766764322917,0.0,0,0.9166666666666666,base
Uniform gain,Neyman search,510027,0.6716957600911458,0.0,0.049999999999999996,0.01830423990885417,0.0,0,0.7916666666666666,base
Uniform gain,Neyman search,510028,0.7216823323567709,0.0,0.0,0.018317667643229167,0.0,0,1.0,base
Uniform gain,Neyman search,510029,0.7216868082682292,0.0,0.0,0.018313191731770834,0.0,0,1.0,base
Uniform gain,Neyman search,510030,0.7117047119140625,0.0,0.01,0.018295288085937503,0.0,0,0.9583333333333334,base
Uniform gain,Neyman search,510031,0.7116957600911458,0.0,0.01,0.01830423990885417,0.0,0,0.9583333333333334,base
Uniform gain,Neyman search,510032,0.7217047119140624,0.0,0.0,0.018295288085937503,0.0,0,1.0,base
Uniform gain,Neyman search,510033,0.7216979980468748,0.0,0.0,0.018302001953125,0.0,0,1.0,base
Uniform gain,Neyman search,510034,0.7216800944010416,0.0,0.0,0.018319905598958335,0.0,0,1.0,base
Uniform gain,Neyman search,510035,0.7016800944010416,0.0,0.02,0.018319905598958335,0.0,0,0.9166666666666666,base
Uniform gain,Neyman search,510036,0.7216845703125001,0.0,0.0,0.0183154296875,0.0,0,1.0,base
Uniform gain,Neyman search,510037,0.6966912841796876,0.0,0.025000000000000005,0.0183087158203125,0.0,0,0.9166666666666666,base
Uniform gain,Neyman search,510038,0.7016890462239583,0.0,0.02,0.018310953776041666,0.0,0,0.9166666666666666,base
Uniform gain,Neyman search,510039,0.7116868082682292,0.0,0.01,0.018313191731770834,0.0,0,0.9583333333333334,base
Uniform gain,Neyman search,510040,0.7216935221354167,0.0,0.0,0.018306477864583334,0.0,0,1.0,base
Uniform gain,Neyman search,510041,0.7217024739583332,0.0,0.0,0.018297526041666668,0.0,0,1.0,base
Uniform gain,Neyman search,510042,0.7217047119140624,0.0,0.0,0.0182952880859375,0.0,0,1.0,base
Uniform gain,Neyman search,510043,0.7216845703125,0.0,0.0,0.0183154296875,0.0,0,1.0,base
Uniform gain,Neyman search,510044,0.7217069498697916,0.0,0.0,0.018293050130208335,0.0,0,1.0,base
Uniform gain,Neyman search,510045,0.7216868082682292,0.0,0.0,0.018313191731770834,0.0,0,1.0,base
Uniform gain,Neyman search,510046,0.7216868082682293,0.0,0.0,0.018313191731770834,0.0,0,1.0,base
Uniform gain,Neyman search,510047,0.7216935221354165,0.0,0.0,0.018306477864583337,0.0,0,1.0,base
Uniform gain,Neyman search,510048,0.7116935221354166,0.0,0.01,0.018306477864583337,0.0,0,0.9583333333333334,base
Uniform gain,Neyman search,510049,0.7116756184895833,0.0,0.01,0.018324381510416668,0.0,0,0.9583333333333334,base
Uniform gain,Neyman search,510050,0.7016912841796875,0.0,0.02,0.018308715820312498,0.0,0,0.9166666666666666,base
Uniform gain,Neyman search,510051,0.7216912841796873,0.0,0.0,0.0183087158203125,0.0,0,1.0,base
Uniform gain,Neyman search,510052,0.7216845703125001,0.0,0.0,0.0183154296875,0.0,0,1.0,base
Uniform gain,Neyman search,510053,0.7116868082682292,0.0,0.01,0.018313191731770834,0.0,0,0.9583333333333334,base
Uniform gain,Neyman search,510054,0.7116935221354167,0.0,0.01,0.018306477864583334,0.0,0,0.9583333333333334,base
Uniform gain,Neyman search,510055,0.7116845703125,0.0,0.01,0.018315429687500002,0.0,0,0.9583333333333334,base
Uniform gain,Neyman search,510056,0.6916868082682291,0.0,0.03,0.018313191731770834,0.0,0,0.875,base
Uniform gain,Neyman search,510057,0.7216823323567709,0.0,0.0,0.01831766764322917,0.0,0,1.0,base
Uniform gain,Neyman search,510058,0.7216823323567709,0.0,0.0,0.01831766764322917,0.0,0,1.0,base
Uniform gain,Neyman search,510059,0.7066890462239585,0.0,0.015000000000000001,0.018310953776041666,0.0,0,0.9583333333333334,base
Uniform gain,Neyman search,510060,0.7116868082682292,0.0,0.01,0.018313191731770834,0.0,0,0.9583333333333334,base
Uniform gain,Neyman search,510061,0.7217069498697916,0.0,0.0,0.018293050130208335,0.0,0,1.0,base
Uniform gain,Neyman search,510062,0.7116778564453125,0.0,0.01,0.0183221435546875,0.0,0,0.9583333333333334,base
Uniform gain,Neyman search,510063,0.7216957600911459,0.0,0.0,0.01830423990885417,0.0,0,1.0,base
Uniform gain,Neyman search,510064,0.7117002360026042,0.0,0.01,0.018299763997395833,0.0,0,0.9583333333333334,base
Uniform gain,Neyman search,510065,0.7216778564453126,0.0,0.0,0.0183221435546875,0.0,0,1.0,base
Uniform gain,Neyman search,510066,0.7216823323567709,0.0,0.0,0.018317667643229167,0.0,0,1.0,base
Uniform gain,Neyman search,510067,0.7116778564453125,0.0,0.01,0.0183221435546875,0.0,0,0.9583333333333334,base
Uniform gain,Neyman search,510068,0.7116823323567708,0.0,0.01,0.01831766764322917,0.0,0,0.9583333333333334,base
Uniform gain,Neyman search,510069,0.7116912841796875,0.0,0.01,0.0183087158203125,0.0,0,0.9583333333333334,base
Uniform gain,Neyman search,510070,0.711697998046875,0.0,0.01,0.018302001953125004,0.0,0,0.9583333333333334,base
Uniform gain,Neyman search,510071,0.7216935221354167,0.0,0.0,0.018306477864583334,0.0,0,1.0,base
Uniform gain,Neyman search,510072,0.7216800944010417,0.0,0.0,0.018319905598958335,0.0,0,1.0,base
Uniform gain,Neyman search,510073,0.7216823323567709,0.0,0.0,0.01831766764322917,0.0,0,1.0,base
Uniform gain,Neyman search,510074,0.6816756184895834,0.0,0.04,0.018324381510416668,0.0,0,0.8333333333333334,base
Uniform gain,Neyman search,510075,0.7217002360026042,0.0,0.0,0.018299763997395833,0.0,0,1.0,base
Uniform gain,Neyman search,510076,0.7116957600911458,0.0,0.01,0.01830423990885417,0.0,0,0.9583333333333334,base
Uniform gain,Neyman search,510077,0.7116823323567708,0.0,0.01,0.01831766764322917,0.0,0,0.9583333333333334,base
Uniform gain,Neyman search,510078,0.7116957600911458,0.0,0.01,0.01830423990885417,0.0,0,0.9583333333333334,base
Uniform gain,Neyman search,510079,0.721700236002604,0.0,0.0,0.018299763997395833,0.0,0,1.0,base
Uniform gain,Neyman search,510080,0.7216868082682292,0.0,0.0,0.018313191731770834,0.0,0,1.0,base
Uniform gain,Neyman search,510081,0.7116957600911459,0.0,0.01,0.01830423990885417,0.0,0,0.9583333333333334,base
Uniform gain,Neyman search,510082,0.7116912841796875,0.0,0.01,0.0183087158203125,0.0,0,0.9583333333333334,base
Uniform gain,Neyman search,510083,0.721671142578125,0.0,0.0,0.018328857421875,0.0,0,1.0,base
Uniform gain,Neyman search,510084,0.7216935221354167,0.0,0.0,0.018306477864583334,0.0,0,1.0,base
Uniform gain,Neyman search,510085,0.6916845703125,0.0,0.03,0.0183154296875,0.0,0,0.875,base
Uniform gain,Neyman search,510086,0.7216890462239581,0.0,0.0,0.018310953776041666,0.0,0,1.0,base
Uniform gain,Neyman search,510087,0.7216935221354165,0.0,0.0,0.018306477864583337,0.0,0,1.0,base
Uniform gain,Neyman search,510088,0.7217047119140624,0.0,0.0,0.018295288085937503,0.0,0,1.0,base
Uniform gain,Neyman search,510089,0.7216957600911457,0.0,0.0,0.01830423990885417,0.0,0,1.0,base
Uniform gain,Neyman search,510090,0.721700236002604,0.0,0.0,0.018299763997395833,0.0,0,1.0,base
Uniform gain,Neyman search,510091,0.7117002360026041,0.0,0.01,0.018299763997395833,0.0,0,0.9583333333333334,base
Uniform gain,Neyman search,510092,0.7217024739583332,0.0,0.0,0.018297526041666668,0.0,0,1.0,base
Uniform gain,Neyman search,510093,0.7216935221354167,0.0,0.0,0.018306477864583334,0.0,0,1.0,base
Uniform gain,Neyman search,510094,0.7117024739583333,0.0,0.01,0.018297526041666668,0.0,0,0.9583333333333334,base
Uniform gain,Neyman search,510095,0.7216979980468748,0.0,0.0,0.018302001953125004,0.0,0,1.0,base
Uniform gain,Neyman search,510096,0.7066800944010416,0.0,0.015000000000000001,0.018319905598958335,0.0,0,0.9583333333333334,base
Uniform gain,Neyman search,510097,0.7217069498697916,0.0,0.0,0.018293050130208335,0.0,0,1.0,base
Uniform gain,Neyman search,510098,0.7016800944010416,0.0,0.02,0.018319905598958335,0.0,0,0.9166666666666666,base
Uniform gain,Neyman search,510099,0.7116890462239583,0.0,0.01,0.018310953776041666,0.0,0,0.9583333333333334,base
Uniform gain,Neyman search,510100,0.7017002360026042,0.0,0.02,0.018299763997395833,0.0,0,0.9166666666666666,base
Uniform gain,Neyman search,510101,0.6966935221354166,0.0,0.025000000000000005,0.018306477864583337,0.0,0,0.9166666666666666,base
Uniform gain,Neyman search,510102,0.7216957600911459,0.0,0.0,0.01830423990885417,0.0,0,1.0,base
Uniform gain,Neyman search,510103,0.7216890462239584,0.0,0.0,0.01831095377604167,0.0,0,1.0,base
Uniform gain,Neyman search,510104,0.7216800944010416,0.0,0.0,0.018319905598958335,0.0,0,1.0,base
Uniform gain,Neyman search,510105,0.7116890462239583,0.0,0.01,0.01831095377604167,0.0,0,0.9583333333333334,base
Uniform gain,Neyman search,510106,0.7216979980468751,0.0,0.0,0.018302001953125,0.0,0,1.0,base
Uniform gain,Neyman search,510107,0.7216979980468748,0.0,0.0,0.018302001953125004,0.0,0,1.0,base
Uniform gain,Neyman search,510108,0.7217024739583332,0.0,0.0,0.018297526041666668,0.0,0,1.0,base
Uniform gain,Neyman search,510109,0.6966935221354166,0.0,0.025000000000000005,0.018306477864583334,0.0,0,0.9166666666666666,base
Uniform gain,Neyman search,510110,0.7216823323567709,0.0,0.0,0.01831766764322917,0.0,0,1.0,base
Uniform gain,Neyman search,510111,0.7116890462239583,0.0,0.01,0.018310953776041666,0.0,0,0.9583333333333334,base
Uniform gain,Neyman search,510112,0.6866800944010416,0.0,0.035,0.018319905598958335,0.0,0,0.875,base
Uniform gain,Neyman search,510113,0.7216756184895834,0.0,0.0,0.018324381510416668,0.0,0,1.0,base
Uniform gain,Neyman search,510114,0.7117024739583333,0.0,0.01,0.018297526041666668,0.0,0,0.9583333333333334,base
Uniform gain,Neyman search,510115,0.7216868082682293,0.0,0.0,0.018313191731770834,0.0,0,1.0,base
Uniform gain,Neyman search,510116,0.7216868082682292,0.0,0.0,0.018313191731770834,0.0,0,1.0,base
Uniform gain,Neyman search,510117,0.6966979980468752,0.0,0.025000000000000005,0.018302001953125,0.0,0,0.9166666666666666,base
Uniform gain,Neyman search,510118,0.7116868082682292,0.0,0.01,0.018313191731770834,0.0,0,0.9583333333333334,base
Uniform gain,Neyman search,510119,0.7116957600911458,0.0,0.01,0.01830423990885417,0.0,0,0.9583333333333334,base
Uniform gain,Neyman search,510120,0.7116979980468751,0.0,0.01,0.018302001953125004,0.0,0,0.9583333333333334,base
Uniform gain,Neyman search,510121,0.7116979980468751,0.0,0.01,0.018302001953125,0.0,0,0.9583333333333334,base
Uniform gain,Neyman search,510122,0.7216935221354165,0.0,0.0,0.018306477864583334,0.0,0,1.0,base
Uniform gain,Neyman search,510123,0.7116823323567708,0.0,0.01,0.018317667643229167,0.0,0,0.9583333333333334,base
Uniform gain,Neyman search,510124,0.7217047119140624,0.0,0.0,0.018295288085937503,0.0,0,1.0,base
Uniform gain,Neyman search,510125,0.7117047119140624,0.0,0.01,0.018295288085937503,0.0,0,0.9583333333333334,base
Uniform gain,Neyman search,510126,0.7216868082682293,0.0,0.0,0.018313191731770834,0.0,0,1.0,base
Uniform gain,Neyman search,510127,0.7216957600911459,0.0,0.0,0.01830423990885417,0.0,0,1.0,base
Uniform gain,Neyman search,510128,0.7016823323567708,0.0,0.02,0.01831766764322917,0.0,0,0.9166666666666666,base
Uniform gain,Neyman search,510129,0.6816778564453125,0.0,0.04,0.0183221435546875,0.0,0,0.8333333333333334,base
Uniform gain,Neyman search,510130,0.7116800944010416,0.0,0.01,0.018319905598958335,0.0,0,0.9583333333333334,base
Uniform gain,Neyman search,510131,0.7216957600911457,0.0,0.0,0.01830423990885417,0.0,0,1.0,base
Uniform gain,Neyman search,510132,0.7216756184895834,0.0,0.0,0.018324381510416668,0.0,0,1.0,base
Uniform gain,Neyman search,510133,0.7217091878255207,0.0,0.0,0.018290812174479167,0.0,0,1.0,base
Uniform gain,Neyman search,510134,0.7216912841796876,0.0,0.0,0.0183087158203125,0.0,0,1.0,base
Uniform gain,Neyman search,510135,0.7216823323567709,0.0,0.0,0.01831766764322917,0.0,0,1.0,base
Uniform gain,Neyman search,510136,0.701697998046875,0.0,0.02,0.018302001953125004,0.0,0,0.9166666666666666,base
Uniform gain,Neyman search,510137,0.7116823323567708,0.0,0.01,0.018317667643229167,0.0,0,0.9583333333333334,base
Uniform gain,Neyman search,510138,0.7216890462239585,0.0,0.0,0.018310953776041666,0.0,0,1.0,base
Uniform gain,Neyman search,510139,0.7216957600911459,0.0,0.0,0.01830423990885417,0.0,0,1.0,base
Uniform gain,Neyman search,510140,0.7116711425781249,0.0,0.01,0.018328857421875,0.0,0,0.9583333333333334,base
Uniform gain,Neyman search,510141,0.7116957600911458,0.0,0.01,0.01830423990885417,0.0,0,0.9583333333333334,base
Uniform gain,Neyman search,510142,0.7216800944010417,0.0,0.0,0.018319905598958335,0.0,0,1.0,base
Uniform gain,Neyman search,510143,0.7117091878255208,0.0,0.01,0.018290812174479167,0.0,0,0.9583333333333334,base
Uniform gain,Neyman search,510144,0.7117002360026041,0.0,0.01,0.018299763997395833,0.0,0,0.9583333333333334,base
Uniform gain,Neyman search,510145,0.7116890462239582,0.0,0.01,0.01831095377604167,0.0,0,0.9583333333333334,base
Uniform gain,Neyman search,510146,0.7117002360026041,0.0,0.01,0.018299763997395833,0.0,0,0.9583333333333334,base
Uniform gain,Neyman search,510147,0.7217091878255207,0.0,0.0,0.018290812174479167,0.0,0,1.0,base
Uniform gain,Neyman search,510148,0.7117047119140625,0.0,0.01,0.0182952880859375,0.0,0,0.9583333333333334,base
Uniform gain,Neyman search,510149,0.7117047119140625,0.0,0.01,0.0182952880859375,0.0,0,0.9583333333333334,base
Uniform gain,Neyman search,510150,0.7116868082682292,0.0,0.01,0.018313191731770834,0.0,0,0.9583333333333334,base
Uniform gain,Neyman search,510151,0.7016800944010416,0.0,0.02,0.018319905598958335,0.0,0,0.9166666666666666,base
Uniform gain,Neyman search,510152,0.7216957600911459,0.0,0.0,0.01830423990885417,0.0,0,1.0,base
Uniform gain,Neyman search,510153,0.7116890462239583,0.0,0.01,0.018310953776041666,0.0,0,0.9583333333333334,base
Uniform gain,Neyman search,510154,0.7216957600911459,0.0,0.0,0.01830423990885417,0.0,0,1.0,base
Uniform gain,Neyman search,510155,0.7216912841796875,0.0,0.0,0.0183087158203125,0.0,0,1.0,base
Uniform gain,Neyman search,510156,0.7216800944010417,0.0,0.0,0.018319905598958335,0.0,0,1.0,base
Uniform gain,Neyman search,510157,0.721671142578125,0.0,0.0,0.018328857421875,0.0,0,1.0,base
Uniform gain,Neyman search,510158,0.7216845703125001,0.0,0.0,0.0183154296875,0.0,0,1.0,base
Uniform gain,Neyman search,510159,0.7216912841796876,0.0,0.0,0.0183087158203125,0.0,0,1.0,base
Uniform gain,Neyman search,510160,0.7216979980468751,0.0,0.0,0.018302001953124997,0.0,0,1.0,base
Uniform gain,Neyman search,510161,0.7066890462239583,0.0,0.015000000000000001,0.01831095377604167,0.0,0,0.9583333333333334,base
Uniform gain,Neyman search,510162,0.7216845703125,0.0,0.0,0.0183154296875,0.0,0,1.0,base
Uniform gain,Neyman search,510163,0.7116912841796875,0.0,0.01,0.0183087158203125,0.0,0,0.9583333333333334,base
Uniform gain,Neyman search,510164,0.7216778564453126,0.0,0.0,0.0183221435546875,0.0,0,1.0,base
Uniform gain,Neyman search,510165,0.7216868082682293,0.0,0.0,0.018313191731770834,0.0,0,1.0,base
Uniform gain,Neyman search,510166,0.701697998046875,0.0,0.02,0.018302001953125,0.0,0,0.9166666666666666,base
Uniform gain,Neyman search,510167,0.7216912841796875,0.0,0.0,0.0183087158203125,0.0,0,1.0,base
Uniform gain,Neyman search,510168,0.7217024739583332,0.0,0.0,0.018297526041666668,0.0,0,1.0,base
Uniform gain,Neyman search,510169,0.7216957600911459,0.0,0.0,0.01830423990885417,0.0,0,1.0,base
Uniform gain,Neyman search,510170,0.7116823323567708,0.0,0.01,0.018317667643229167,0.0,0,0.9583333333333334,base
Uniform gain,Neyman search,510171,0.7116845703125,0.0,0.01,0.018315429687500002,0.0,0,0.9583333333333334,base
Uniform gain,Neyman search,510172,0.7217024739583332,0.0,0.0,0.018297526041666668,0.0,0,1.0,base
Uniform gain,Neyman search,510173,0.7216890462239584,0.0,0.0,0.01831095377604167,0.0,0,1.0,base
Uniform gain,Neyman search,510174,0.7216890462239584,0.0,0.0,0.01831095377604167,0.0,0,1.0,base
Uniform gain,Neyman search,510175,0.7216890462239585,0.0,0.0,0.018310953776041666,0.0,0,1.0,base
Uniform gain,Neyman search,510176,0.7216778564453126,0.0,0.0,0.0183221435546875,0.0,0,1.0,base
Uniform gain,Neyman search,510177,0.7216756184895834,0.0,0.0,0.018324381510416668,0.0,0,1.0,base
Uniform gain,Neyman search,510178,0.7216890462239585,0.0,0.0,0.018310953776041666,0.0,0,1.0,base
Uniform gain,Neyman search,510179,0.7216823323567708,0.0,0.0,0.01831766764322917,0.0,0,1.0,base
Uniform gain,Neyman search,510180,0.7217024739583332,0.0,0.0,0.018297526041666668,0.0,0,1.0,base
Uniform gain,Neyman search,510181,0.7217069498697916,0.0,0.0,0.018293050130208335,0.0,0,1.0,base
Uniform gain,Neyman search,510182,0.7016912841796875,0.0,0.02,0.0183087158203125,0.0,0,0.9166666666666666,base
Uniform gain,Neyman search,510183,0.7216957600911459,0.0,0.0,0.01830423990885417,0.0,0,1.0,base
Uniform gain,Neyman search,510184,0.7017024739583334,0.0,0.02,0.018297526041666668,0.0,0,0.9166666666666666,base
Uniform gain,Neyman search,510185,0.7216912841796875,0.0,0.0,0.0183087158203125,0.0,0,1.0,base
Uniform gain,Neyman search,510186,0.6916890462239583,0.0,0.03,0.01831095377604167,0.0,0,0.875,base
Uniform gain,Neyman search,510187,0.701697998046875,0.0,0.02,0.018302001953125,0.0,0,0.9166666666666666,base
Uniform gain,Neyman search,510188,0.7117002360026042,0.0,0.01,0.018299763997395833,0.0,0,0.9583333333333334,base
Uniform gain,Neyman search,510189,0.7217091878255207,0.0,0.0,0.018290812174479167,0.0,0,1.0,base
Uniform gain,Neyman search,510190,0.7116800944010416,0.0,0.01,0.018319905598958335,0.0,0,0.9583333333333334,base
Uniform gain,Neyman search,510191,0.7216979980468748,0.0,0.0,0.018302001953125004,0.0,0,1.0,base
Uniform gain,Neyman search,510192,0.7017002360026042,0.0,0.02,0.018299763997395833,0.0,0,0.9166666666666666,base
Uniform gain,Neyman search,510193,0.721695760091146,0.0,0.0,0.01830423990885417,0.0,0,1.0,base
Uniform gain,Neyman search,510194,0.7216890462239585,0.0,0.0,0.018310953776041666,0.0,0,1.0,base
Uniform gain,Neyman search,510195,0.7116957600911459,0.0,0.01,0.01830423990885417,0.0,0,0.9583333333333334,base
Uniform gain,Neyman search,510196,0.7116800944010416,0.0,0.01,0.018319905598958335,0.0,0,0.9583333333333334,base
Uniform gain,Neyman search,510197,0.7116800944010416,0.0,0.01,0.018319905598958335,0.0,0,0.9583333333333334,base
Uniform gain,Neyman search,510198,0.7216823323567709,0.0,0.0,0.018317667643229167,0.0,0,1.0,base
Uniform gain,Neyman search,510199,0.7116912841796874,0.0,0.01,0.0183087158203125,0.0,0,0.9583333333333334,base
Uniform gain,Neyman search,510200,0.7116800944010416,0.0,0.01,0.018319905598958335,0.0,0,0.9583333333333334,base
Uniform gain,Neyman search,510201,0.7116935221354167,0.0,0.01,0.018306477864583334,0.0,0,0.9583333333333334,base
Uniform gain,Neyman search,510202,0.7016823323567708,0.0,0.02,0.01831766764322917,0.0,0,0.9166666666666666,base
Uniform gain,Neyman search,510203,0.7216823323567708,0.0,0.0,0.01831766764322917,0.0,0,1.0,base
Uniform gain,Neyman search,510204,0.7216845703125001,0.0,0.0,0.0183154296875,0.0,0,1.0,base
Uniform gain,Neyman search,510205,0.7216800944010416,0.0,0.0,0.018319905598958335,0.0,0,1.0,base
Uniform gain,Neyman search,510206,0.7116890462239583,0.0,0.01,0.018310953776041666,0.0,0,0.9583333333333334,base
Uniform gain,Neyman search,510207,0.7016823323567708,0.0,0.02,0.01831766764322917,0.0,0,0.9166666666666666,base
Uniform gain,Neyman search,510208,0.7216912841796873,0.0,0.0,0.0183087158203125,0.0,0,1.0,base
Uniform gain,Neyman search,510209,0.7216800944010416,0.0,0.0,0.018319905598958335,0.0,0,1.0,base
Uniform gain,Neyman search,510210,0.7116935221354167,0.0,0.01,0.018306477864583334,0.0,0,0.9583333333333334,base
Uniform gain,Neyman search,510211,0.7216935221354167,0.0,0.0,0.018306477864583334,0.0,0,1.0,base
Uniform gain,Neyman search,510212,0.7116890462239583,0.0,0.01,0.018310953776041666,0.0,0,0.9583333333333334,base
Uniform gain,Neyman search,510213,0.7116935221354166,0.0,0.01,0.018306477864583337,0.0,0,0.9583333333333334,base
Uniform gain,Neyman search,510214,0.721671142578125,0.0,0.0,0.018328857421875,0.0,0,1.0,base
Uniform gain,Neyman search,510215,0.7216868082682292,0.0,0.0,0.018313191731770834,0.0,0,1.0,base
Uniform gain,Neyman search,510216,0.7216912841796875,0.0,0.0,0.0183087158203125,0.0,0,1.0,base
Uniform gain,Neyman search,510217,0.7216957600911457,0.0,0.0,0.01830423990885417,0.0,0,1.0,base
Uniform gain,Neyman search,510218,0.7016689046223957,0.0,0.02,0.01833109537760417,0.0,0,0.9166666666666666,base
Uniform gain,Neyman search,510219,0.7216756184895834,0.0,0.0,0.018324381510416668,0.0,0,1.0,base
Uniform gain,Neyman search,510220,0.7216890462239584,0.0,0.0,0.018310953776041666,0.0,0,1.0,base
Uniform gain,Neyman search,510221,0.7216912841796876,0.0,0.0,0.0183087158203125,0.0,0,1.0,base
Uniform gain,Neyman search,510222,0.7216868082682292,0.0,0.0,0.018313191731770834,0.0,0,1.0,base
Uniform gain,Neyman search,510223,0.7117024739583333,0.0,0.01,0.018297526041666668,0.0,0,0.9583333333333334,base
Uniform gain,Neyman search,510224,0.7217114257812499,0.0,0.0,0.018288574218750003,0.0,0,1.0,base
Uniform gain,Neyman search,510225,0.7216912841796873,0.0,0.0,0.0183087158203125,0.0,0,1.0,base
Uniform gain,Neyman search,510226,0.7116912841796875,0.0,0.01,0.0183087158203125,0.0,0,0.9583333333333334,base
Uniform gain,Neyman search,510227,0.7216845703125001,0.0,0.0,0.0183154296875,0.0,0,1.0,base
Uniform gain,Neyman search,510228,0.7116868082682292,0.0,0.01,0.018313191731770834,0.0,0,0.9583333333333334,base
Uniform gain,Neyman search,510229,0.7216868082682293,0.0,0.0,0.018313191731770834,0.0,0,1.0,base
Uniform gain,Neyman search,510230,0.7117047119140625,0.0,0.01,0.0182952880859375,0.0,0,0.9583333333333334,base
Uniform gain,Neyman search,510231,0.7216935221354167,0.0,0.0,0.018306477864583334,0.0,0,1.0,base
Uniform gain,Neyman search,510232,0.7216756184895833,0.0,0.0,0.018324381510416668,0.0,0,1.0,base
Uniform gain,Neyman search,510233,0.7116890462239583,0.0,0.01,0.018310953776041666,0.0,0,0.9583333333333334,base
Uniform gain,Neyman search,510234,0.7216845703125,0.0,0.0,0.018315429687500002,0.0,0,1.0,base
Uniform gain,Neyman search,510235,0.7116890462239583,0.0,0.01,0.018310953776041666,0.0,0,0.9583333333333334,base
Uniform gain,Neyman search,510236,0.7116912841796875,0.0,0.01,0.0183087158203125,0.0,0,0.9583333333333334,base
Uniform gain,Neyman search,510237,0.7016957600911459,0.0,0.02,0.01830423990885417,0.0,0,0.9166666666666666,base
Uniform gain,Neyman search,510238,0.7116890462239583,0.0,0.01,0.018310953776041666,0.0,0,0.9583333333333334,base
Uniform gain,Neyman search,510239,0.7216756184895834,0.0,0.0,0.018324381510416668,0.0,0,1.0,base
Uniform gain,Neyman search,510240,0.7216868082682292,0.0,0.0,0.018313191731770834,0.0,0,1.0,base
Uniform gain,Neyman search,510241,0.7216756184895834,0.0,0.0,0.018324381510416668,0.0,0,1.0,base
Uniform gain,Neyman search,510242,0.7116868082682292,0.0,0.01,0.018313191731770834,0.0,0,0.9583333333333334,base
Uniform gain,Neyman search,510243,0.7116890462239582,0.0,0.01,0.01831095377604167,0.0,0,0.9583333333333334,base
Uniform gain,Neyman search,510244,0.7016957600911459,0.0,0.02,0.01830423990885417,0.0,0,0.9166666666666666,base
Uniform gain,Neyman search,510245,0.7216845703125,0.0,0.0,0.0183154296875,0.0,0,1.0,base
Uniform gain,Neyman search,510246,0.7216823323567709,0.0,0.0,0.01831766764322917,0.0,0,1.0,base
Uniform gain,Neyman search,510247,0.7016935221354167,0.0,0.02,0.018306477864583334,0.0,0,0.9166666666666666,base
Uniform gain,Neyman search,510248,0.7216935221354167,0.0,0.0,0.018306477864583334,0.0,0,1.0,base
Uniform gain,Neyman search,510249,0.7216979980468748,0.0,0.0,0.018302001953125,0.0,0,1.0,base
Uniform gain,Neyman search,510250,0.6966912841796876,0.0,0.025000000000000005,0.0183087158203125,0.0,0,0.9166666666666666,base
Uniform gain,Neyman search,510251,0.7116845703125,0.0,0.01,0.0183154296875,0.0,0,0.9583333333333334,base
Uniform gain,Neyman search,510252,0.7016912841796875,0.0,0.02,0.0183087158203125,0.0,0,0.9166666666666666,base
Uniform gain,Neyman search,510253,0.7216890462239584,0.0,0.0,0.018310953776041666,0.0,0,1.0,base
Uniform gain,Neyman search,510254,0.7216957600911459,0.0,0.0,0.01830423990885417,0.0,0,1.0,base
Uniform gain,Neyman search,510255,0.711697998046875,0.0,0.01,0.018302001953125004,0.0,0,0.9583333333333334,base
Uniform gain,Procedure revision,510000,0.6917213948567708,0.0,0.03,0.018278605143229164,0.010566609700520833,2,0.875,base
Uniform gain,Procedure revision,510001,0.6717722574869791,0.0,0.05000000000000001,0.018227742513020836,0.010573933919270834,3,0.8333333333333334,base
Uniform gain,Procedure revision,510002,0.6867773437500001,0.0,0.035,0.01822265625,0.010555419921875002,2,0.875,base
Uniform gain,Procedure revision,510003,0.6817923990885416,0.0,0.04000000000000001,0.018207600911458333,0.010571695963541667,3,0.875,base
Uniform gain,Procedure revision,510004,0.7018092854817709,0.0,0.02,0.018190714518229168,0.010559285481770835,1,0.9166666666666666,base
Uniform gain,Procedure revision,510005,0.6867236328124999,0.0,0.035,0.0182763671875,0.010557657877604168,2,0.875,base
Uniform gain,Procedure revision,510006,0.6967018636067709,0.0,0.025000000000000005,0.018298136393229164,0.010563761393229168,1,0.9166666666666666,base
Uniform gain,Procedure revision,510007,0.686763916015625,0.0,0.035,0.018236083984375,0.010566609700520835,2,0.875,base
Uniform gain,Procedure revision,510008,0.6867274983723958,0.0,0.035,0.01827250162760417,0.010562744140625002,3,0.875,base
Uniform gain,Procedure revision,510009,0.6917645263671875,0.0,0.03,0.018235473632812502,0.010554809570312499,1,0.875,base
Uniform gain,Procedure revision,510010,0.67177001953125,0.0,0.05000000000000001,0.01822998046875,0.0105694580078125,3,0.8333333333333334,base
Uniform gain,Procedure revision,510011,0.6567600504557292,0.0,0.065,0.018239949544270835,0.010557047526041669,1,0.75,base
Uniform gain,Procedure revision,510012,0.7017856852213541,0.0,0.02,0.018214314778645838,0.010564982096354167,3,0.9166666666666666,base
Uniform gain,Procedure revision,510013,0.6967645263671874,0.0,0.025000000000000005,0.018235473632812502,0.010554809570312502,1,0.9166666666666666,base
Uniform gain,Procedure revision,510014,0.63187255859375,0.0,0.09000000000000001,0.018127441406250003,0.01055419921875,0,0.7083333333333334,base
Uniform gain,Procedure revision,510015,0.7017645263671876,0.0,0.02,0.0182354736328125,0.010559285481770835,1,0.9166666666666666,base
Uniform gain,Procedure revision,510016,0.6717818196614583,0.0,0.049999999999999996,0.018218180338541667,0.01056884765625,2,0.7916666666666666,base
Uniform gain,Procedure revision,510017,0.6967258707682292,0.0,0.025000000000000005,0.018274129231770835,0.01056884765625,2,0.9166666666666666,base
Uniform gain,Procedure revision,510018,0.6867856852213542,0.0,0.035,0.018214314778645834,0.010569458007812503,3,0.875,base
Uniform gain,Procedure revision,510019,0.6768310546875002,0.0,0.045000000000000005,0.0181689453125,0.010559895833333333,2,0.8333333333333334,base
Uniform gain,Procedure revision,510020,0.6967795817057292,0.0,0.025000000000000005,0.018220418294270832,0.010559895833333334,2,0.9166666666666666,base
Uniform gain,Procedure revision,510021,0.6917213948567708,0.0,0.03,0.018278605143229168,0.010562133789062499,2,0.875,base
Uniform gain,Procedure revision,510022,0.6618176269531251,0.0,0.060000000000000005,0.018182373046875002,0.010555419921875002,2,0.7916666666666666,base
Uniform gain,Procedure revision,510023,0.68687255859375,0.0,0.035,0.018127441406250003,0.010554199218750003,0,0.875,base
Uniform gain,Procedure revision,510024,0.6917146809895834,0.0,0.030000000000000002,0.01828531901041667,0.010571085611979168,2,0.9166666666666666,base
Uniform gain,Procedure revision,510025,0.7017549641927084,0.0,0.02,0.01824503580729167,0.010555419921875002,2,0.9166666666666666,base
Uniform gain,Procedure revision,510026,0.6567073567708334,0.0,0.065,0.018292643229166666,0.010573933919270834,3,0.75,base
Uniform gain,Procedure revision,510027,0.6617482503255208,0.0,0.06,0.018251749674479165,0.010564371744791667,2,0.75,base
Uniform gain,Procedure revision,510028,0.6668204752604167,0.0,0.055,0.018179524739583338,0.010552571614583334,1,0.7916666666666666,base
Uniform gain,Procedure revision,510029,0.6617879231770833,0.0,0.060000000000000005,0.01821207682291667,0.010567220052083335,3,0.7916666666666666,base
Uniform gain,Procedure revision,510030,0.6467997233072916,0.0,0.07500000000000001,0.018200276692708336,0.01056884765625,2,0.75,base
Uniform gain,Procedure revision,510031,0.6717108154296875,0.0,0.049999999999999996,0.018289184570312502,0.010554809570312502,1,0.7916666666666666,base
Uniform gain,Procedure revision,510032,0.6567795817057293,0.0,0.065,0.018220418294270836,0.010557657877604168,2,0.7916666666666666,base
Uniform gain,Procedure revision,510033,0.7117437744140626,0.0,0.01,0.018256225585937497,0.010564371744791667,2,0.9583333333333334,base
Uniform gain,Procedure revision,510034,0.6918294270833333,0.0,0.03,0.018170572916666666,0.010559285481770835,1,0.875,base
Uniform gain,Procedure revision,510035,0.6968339029947916,0.0,0.025000000000000005,0.018166097005208333,0.010559285481770833,1,0.9166666666666666,base
Uniform gain,Procedure revision,510036,0.6317722574869792,0.0,0.09000000000000001,0.018227742513020836,0.010576171875,3,0.7083333333333334,base
Uniform gain,Procedure revision,510037,0.6667588297526041,0.0,0.055,0.018241170247395834,0.010560506184895834,3,0.7916666666666666,base
Uniform gain,Procedure revision,510038,0.68680419921875,0.0,0.035,0.018195800781250004,0.01056884765625,2,0.875,base
Uniform gain,Procedure revision,510039,0.6668658447265625,0.0,0.055000000000000014,0.0181341552734375,0.0105609130859375,0,0.8333333333333334,base
Uniform gain,Procedure revision,510040,0.7018747965494793,0.0,0.02,0.018125203450520832,0.010551961263020835,0,0.9166666666666666,base
Uniform gain,Procedure revision,510041,0.6367840576171875,0.0,0.085,0.0182159423828125,0.010559895833333334,2,0.7083333333333334,base
Uniform gain,Procedure revision,510042,0.6467856852213542,0.0,0.075,0.018214314778645834,0.010580647786458333,3,0.7083333333333334,base
Uniform gain,Procedure revision,510043,0.711737060546875,0.0,0.01,0.018262939453124998,0.010564371744791667,2,0.9583333333333334,base
Uniform gain,Procedure revision,510044,0.6718361409505208,0.0,0.049999999999999996,0.018163859049479165,0.010557047526041667,1,0.7916666666666666,base
Uniform gain,Procedure revision,510045,0.7117712402343749,0.0,0.01,0.018228759765625005,0.010550333658854166,1,0.9583333333333334,base
Uniform gain,Procedure revision,510046,0.6917460123697916,0.0,0.030000000000000002,0.01825398763020834,0.010557657877604168,2,0.9166666666666666,base
Uniform gain,Procedure revision,510047,0.69177734375,0.0,0.03,0.01822265625,0.010562133789062499,2,0.875,base
Uniform gain,Procedure revision,510048,0.6918086751302083,0.0,0.03,0.018191324869791668,0.010564371744791667,2,0.875,base
Uniform gain,Procedure revision,510049,0.6417140706380208,0.0,0.08,0.018285929361979165,0.010564982096354167,3,0.7083333333333334,base
Uniform gain,Procedure revision,510050,0.7068511962890626,0.0,0.015000000000000001,0.018148803710937498,0.0105487060546875,2,0.9583333333333334,base
Uniform gain,Procedure revision,510051,0.6717364501953126,0.0,0.05000000000000001,0.0182635498046875,0.0105694580078125,3,0.8333333333333334,base
Uniform gain,Procedure revision,510052,0.6867997233072917,0.0,0.035,0.018200276692708333,0.010550944010416667,2,0.875,base
Uniform gain,Procedure revision,510053,0.6867482503255208,0.0,0.035,0.018251749674479168,0.010559895833333333,2,0.875,base
Uniform gain,Procedure revision,510054,0.656840616861979,0.0,0.065,0.018159383138020836,0.010554809570312499,1,0.7916666666666666,base
Uniform gain,Procedure revision,510055,0.6767751057942708,0.0,0.045000000000000005,0.018224894205729165,0.010564371744791669,2,0.8333333333333334,base
Uniform gain,Procedure revision,510056,0.6717437744140625,0.0,0.049999999999999996,0.018256225585937497,0.010562133789062502,2,0.7916666666666666,base
Uniform gain,Procedure revision,510057,0.6967124430338542,0.0,0.025000000000000005,0.01828755696614583,0.010573323567708334,2,0.9166666666666666,base
Uniform gain,Procedure revision,510058,0.6967683919270833,0.0,0.025000000000000005,0.018231608072916666,0.010566609700520833,2,0.9166666666666666,base
Uniform gain,Procedure revision,510059,0.6567840576171875,0.0,0.065,0.018215942382812503,0.010559895833333333,2,0.7916666666666666,base
Uniform gain,Procedure revision,510060,0.6717610677083332,0.0,0.049999999999999996,0.018238932291666666,0.0105694580078125,3,0.7916666666666666,base
Uniform gain,Procedure revision,510061,0.6668747965494791,0.0,0.055000000000000014,0.018125203450520832,0.010551961263020835,0,0.8333333333333334,base
Uniform gain,Procedure revision,510062,0.7117588297526041,0.0,0.01,0.018241170247395834,0.0105694580078125,3,0.9583333333333334,base
Uniform gain,Procedure revision,510063,0.6967974853515626,0.0,0.025000000000000005,0.0182025146484375,0.010557657877604168,2,0.9166666666666666,base
Uniform gain,Procedure revision,510064,0.6767527262369791,0.0,0.045000000000000005,0.018247273763020835,0.010555419921875002,2,0.8333333333333334,base
Uniform gain,Procedure revision,510065,0.681817626953125,0.0,0.04,0.018182373046875002,0.01056884765625,2,0.8333333333333334,base
Uniform gain,Procedure revision,510066,0.6667812093098958,0.0,0.055000000000000014,0.018218790690104167,0.010567220052083335,3,0.8333333333333334,base
Uniform gain,Procedure revision,510067,0.6717325846354166,0.0,0.05000000000000001,0.018267415364583334,0.010566609700520833,2,0.8333333333333334,base
Uniform gain,Procedure revision,510068,0.6817661539713541,0.0,0.04,0.018233846028645834,0.010566609700520833,2,0.8333333333333334,base
Uniform gain,Procedure revision,510069,0.7017409261067709,0.0,0.02,0.01825907389322917,0.010564982096354168,3,0.9166666666666666,base
Uniform gain,Procedure revision,510070,0.6717789713541666,0.0,0.05000000000000001,0.018221028645833335,0.010560506184895834,3,0.8333333333333334,base
Uniform gain,Procedure revision,510071,0.6517185465494791,0.0,0.07,0.018281453450520832,0.010562744140625002,3,0.75,base
Uniform gain,Procedure revision,510072,0.7067236328125,0.0,0.015000000000000001,0.018276367187500003,0.010557657877604168,2,0.9583333333333334,base
Uniform gain,Procedure revision,510073,0.7067549641927083,0.0,0.015000000000000001,0.018245035807291667,0.010564371744791669,2,0.9583333333333334,base
Uniform gain,Procedure revision,510074,0.6768243408203126,0.0,0.045000000000000005,0.0181756591796875,0.010564371744791667,2,0.8333333333333334,base
Uniform gain,Procedure revision,510075,0.6168725585937499,0.0,0.10500000000000002,0.018127441406249997,0.01055419921875,0,0.6666666666666666,base
Uniform gain,Procedure revision,510076,0.6268019612630208,0.0,0.09500000000000001,0.01819803873697917,0.010562133789062499,2,0.6666666666666666,base
Uniform gain,Procedure revision,510077,0.6417063395182292,0.0,0.08,0.018293660481770835,0.010559285481770833,1,0.7083333333333334,base
Uniform gain,Procedure revision,510078,0.6617527262369791,0.0,0.060000000000000005,0.018247273763020832,0.010557657877604166,2,0.7916666666666666,base
Uniform gain,Procedure revision,510079,0.6767482503255208,0.0,0.045000000000000005,0.018251749674479168,0.01056884765625,2,0.8333333333333334,base
Uniform gain,Procedure revision,510080,0.6917297363281251,0.0,0.03,0.018270263671875,0.010571695963541667,3,0.875,base
Uniform gain,Procedure revision,510081,0.7067527262369792,0.0,0.015000000000000001,0.018247273763020835,0.010559895833333333,2,0.9583333333333334,base
Uniform gain,Procedure revision,510082,0.6468064371744792,0.0,0.075,0.018193562825520832,0.010566609700520833,2,0.7083333333333334,base
Uniform gain,Procedure revision,510083,0.6967677815755208,0.0,0.025000000000000005,0.01823221842447917,0.010567220052083335,3,0.9166666666666666,base
Uniform gain,Procedure revision,510084,0.6868086751302084,0.0,0.035,0.018191324869791668,0.010564371744791669,2,0.875,base
Uniform gain,Procedure revision,510085,0.69680419921875,0.0,0.025000000000000005,0.018195800781250004,0.01056884765625,2,0.9166666666666666,base
Uniform gain,Procedure revision,510086,0.6917252604166667,0.0,0.030000000000000002,0.01827473958333333,0.010558268229166667,3,0.9166666666666666,base
Uniform gain,Procedure revision,510087,0.7117325846354167,0.0,0.01,0.01826741536458333,0.010555419921875002,2,0.9583333333333334,base
Uniform gain,Procedure revision,510088,0.6667454020182292,0.0,0.055,0.018254597981770832,0.010573933919270834,3,0.7916666666666666,base
Uniform gain,Procedure revision,510089,0.6618035888671875,0.0,0.060000000000000005,0.018196411132812503,0.010558268229166667,3,0.7916666666666666,base
Uniform gain,Procedure revision,510090,0.7017504882812501,0.0,0.02,0.01824951171875,0.010562133789062499,2,0.9166666666666666,base
Uniform gain,Procedure revision,510091,0.6618115234375,0.0,0.06,0.018188476562500003,0.010554809570312502,1,0.75,base
Uniform gain,Procedure revision,510092,0.6767565917968751,0.0,0.045000000000000005,0.018243408203125,0.010562744140625002,3,0.8333333333333334,base
Uniform gain,Procedure revision,510093,0.6418792724609375,0.0,0.08,0.0181207275390625,0.010547485351562502,0,0.7083333333333334,base
Uniform gain,Procedure revision,510094,0.6418064371744792,0.0,0.08,0.01819356282552084,0.010564371744791667,2,0.7083333333333334,base
Uniform gain,Procedure revision,510095,0.6717722574869791,0.0,0.05000000000000001,0.018227742513020836,0.0105694580078125,3,0.8333333333333334,base
Uniform gain,Procedure revision,510096,0.6568064371744792,0.0,0.065,0.018193562825520832,0.010566609700520833,2,0.75,base
Uniform gain,Procedure revision,510097,0.6517744954427083,0.0,0.07,0.018225504557291668,0.010571695963541669,3,0.75,base
Uniform gain,Procedure revision,510098,0.6618019612630209,0.0,0.06,0.01819803873697917,0.010571085611979168,2,0.7916666666666666,base
Uniform gain,Procedure revision,510099,0.6767140706380208,0.0,0.045000000000000005,0.018285929361979165,0.010567220052083335,3,0.8333333333333334,base
Uniform gain,Procedure revision,510100,0.7017482503255209,0.0,0.02,0.018251749674479168,0.010562133789062502,2,0.9166666666666666,base
Uniform gain,Procedure revision,510101,0.6218332926432292,0.0,0.10000000000000002,0.018166707356770836,0.010557657877604168,2,0.625,base
Uniform gain,Procedure revision,510102,0.6517751057942709,0.0,0.07,0.018224894205729165,0.010566609700520833,2,0.7916666666666666,base
Uniform gain,Procedure revision,510103,0.7117185465494792,0.0,0.01,0.018281453450520832,0.0105694580078125,3,0.9583333333333334,base
Uniform gain,Procedure revision,510104,0.6517801920572918,0.0,0.07,0.018219807942708333,0.010563761393229168,1,0.75,base
Uniform gain,Procedure revision,510105,0.7217348225911459,0.0,0.0,0.018265177408854166,0.010573323567708334,2,1.0,base
Uniform gain,Procedure revision,510106,0.6817722574869792,0.0,0.04,0.018227742513020836,0.010571695963541667,3,0.875,base
Uniform gain,Procedure revision,510107,0.7017757161458333,0.0,0.02,0.018224283854166665,0.010557047526041669,1,0.9166666666666666,base
Uniform gain,Procedure revision,510108,0.6568115234374999,0.0,0.065,0.0181884765625,0.0105615234375,1,0.7916666666666666,base
Uniform gain,Procedure revision,510109,0.6767325846354167,0.0,0.045000000000000005,0.018267415364583334,0.010573323567708334,2,0.8333333333333334,base
Uniform gain,Procedure revision,510110,0.6568265787760416,0.0,0.06500000000000002,0.018173421223958337,0.010566609700520833,2,0.7916666666666666,base
Uniform gain,Procedure revision,510111,0.6617667643229167,0.0,0.06,0.018233235677083334,0.010557047526041669,1,0.75,base
Uniform gain,Procedure revision,510112,0.6517252604166667,0.0,0.07,0.018274739583333335,0.010569458007812503,3,0.75,base
Uniform gain,Procedure revision,510113,0.6567588297526042,0.0,0.065,0.018241170247395837,0.0105694580078125,3,0.75,base
Uniform gain,Procedure revision,510114,0.69677734375,0.0,0.025000000000000005,0.01822265625,0.010562133789062502,2,0.9166666666666666,base
Uniform gain,Procedure revision,510115,0.6617677815755209,0.0,0.060000000000000005,0.01823221842447917,0.0105694580078125,3,0.7916666666666666,base
Uniform gain,Procedure revision,510116,0.6618109130859375,0.0,0.06,0.0181890869140625,0.010562133789062499,2,0.75,base
Uniform gain,Procedure revision,510117,0.6718159993489583,0.0,0.05000000000000001,0.018184000651041667,0.010557047526041667,1,0.8333333333333334,base
Uniform gain,Procedure revision,510118,0.7018137613932293,0.0,0.02,0.018186238606770835,0.010559285481770835,1,0.9166666666666666,base
Uniform gain,Procedure revision,510119,0.7017667643229166,0.0,0.02,0.01823323567708333,0.010563761393229168,1,0.9166666666666666,base
Uniform gain,Procedure revision,510120,0.6817594401041666,0.0,0.04000000000000001,0.018240559895833335,0.010555419921875002,2,0.875,base
Uniform gain,Procedure revision,510121,0.6967677815755208,0.0,0.025000000000000005,0.01823221842447917,0.010571695963541669,3,0.9166666666666666,base
Uniform gain,Procedure revision,510122,0.6867236328124999,0.0,0.035,0.0182763671875,0.010566609700520833,2,0.875,base
Uniform gain,Procedure revision,510123,0.6967498779296876,0.0,0.025000000000000005,0.018250122070312503,0.010569458007812503,3,0.9166666666666666,base
Uniform gain,Procedure revision,510124,0.6418770345052084,0.0,0.08000000000000002,0.018122965494791667,0.010549723307291667,0,0.75,base
Uniform gain,Procedure revision,510125,0.6667869059244792,0.0,0.055,0.018213094075520835,0.010552571614583334,1,0.7916666666666666,base
Uniform gain,Procedure revision,510126,0.6817386881510417,0.0,0.04,0.018261311848958333,0.010564982096354168,3,0.8333333333333334,base
Uniform gain,Procedure revision,510127,0.6668070475260417,0.0,0.055,0.018192952473958333,0.010565999348958334,1,0.7916666666666666,base
Uniform gain,Procedure revision,510128,0.7017018636067709,0.0,0.02,0.018298136393229164,0.010563761393229168,1,0.9166666666666666,base
Uniform gain,Procedure revision,510129,0.6768198649088543,0.0,0.045000000000000005,0.018180135091145834,0.01056884765625,2,0.8333333333333334,base
Uniform gain,Procedure revision,510130,0.6667572021484376,0.0,0.055,0.0182427978515625,0.010562133789062502,2,0.7916666666666666,base
Uniform gain,Procedure revision,510131,0.7017757161458333,0.0,0.02,0.018224283854166665,0.010554809570312502,1,0.9166666666666666,base
Uniform gain,Procedure revision,510132,0.6918064371744791,0.0,0.030000000000000002,0.018193562825520832,0.010566609700520833,2,0.9166666666666666,base
Uniform gain,Procedure revision,510133,0.7067744954427083,0.0,0.015000000000000001,0.018225504557291664,0.010569458007812503,3,0.9583333333333334,base
Uniform gain,Procedure revision,510134,0.6767946370442708,0.0,0.045000000000000005,0.018205362955729165,0.010564982096354167,3,0.8333333333333334,base
Uniform gain,Procedure revision,510135,0.6967185465494792,0.0,0.025000000000000005,0.018281453450520836,0.010562744140625002,3,0.9166666666666666,base
Uniform gain,Procedure revision,510136,0.6618109130859374,0.0,0.060000000000000005,0.0181890869140625,0.010562133789062502,2,0.7916666666666666,base
Uniform gain,Procedure revision,510137,0.6717789713541666,0.0,0.049999999999999996,0.018221028645833335,0.010564982096354168,3,0.7916666666666666,base
Uniform gain,Procedure revision,510138,0.6318176269531249,0.0,0.09000000000000001,0.018182373046875002,0.010555419921875002,2,0.7083333333333334,base
Uniform gain,Procedure revision,510139,0.6168092854817707,0.0,0.10500000000000002,0.018190714518229168,0.010563761393229168,1,0.6666666666666666,base
Uniform gain,Procedure revision,510140,0.68183837890625,0.0,0.04000000000000001,0.01816162109375,0.010550333658854168,1,0.875,base
Uniform gain,Procedure revision,510141,0.6868265787760416,0.0,0.035,0.018173421223958333,0.01056884765625,2,0.875,base
Uniform gain,Procedure revision,510142,0.7117146809895832,0.0,0.01,0.018285319010416665,0.01056884765625,2,0.9583333333333334,base
Uniform gain,Procedure revision,510143,0.6718019612630209,0.0,0.05000000000000001,0.01819803873697917,0.010571085611979168,2,0.8333333333333334,base
Uniform gain,Procedure revision,510144,0.6518058268229167,0.0,0.07,0.01819417317708333,0.010567220052083333,3,0.7916666666666666,base
Uniform gain,Procedure revision,510145,0.6318361409505208,0.0,0.09000000000000001,0.018163859049479165,0.010559285481770833,1,0.7083333333333334,base
Uniform gain,Procedure revision,510146,0.681796875,0.0,0.04,0.018203125,0.0105694580078125,3,0.8333333333333334,base
Uniform gain,Procedure revision,510147,0.5968747965494791,0.0,0.125,0.018125203450520832,0.010551961263020835,0,0.625,base
Uniform gain,Procedure revision,510148,0.6418680826822917,0.0,0.08000000000000002,0.018131917317708336,0.010558675130208334,0,0.75,base
Uniform gain,Procedure revision,510149,0.6567795817057291,0.0,0.06500000000000002,0.018220418294270836,0.010564371744791667,2,0.7916666666666666,base
Uniform gain,Procedure revision,510150,0.67177734375,0.0,0.049999999999999996,0.01822265625,0.010559895833333334,2,0.7916666666666666,base
Uniform gain,Procedure revision,510151,0.6967744954427083,0.0,0.025000000000000005,0.018225504557291664,0.0105694580078125,3,0.9166666666666666,base
Uniform gain,Procedure revision,510152,0.6767734781901041,0.0,0.045000000000000005,0.018226521809895833,0.010557047526041669,1,0.875,base
Uniform gain,Procedure revision,510153,0.6917712402343751,0.0,0.03,0.018228759765625,0.010552571614583334,1,0.875,base
Uniform gain,Procedure revision,510154,0.6667856852213542,0.0,0.055000000000000014,0.018214314778645834,0.010567220052083335,3,0.8333333333333334,base
Uniform gain,Procedure revision,510155,0.6517901611328125,0.0,0.07,0.018209838867187505,0.010564982096354167,3,0.75,base
Uniform gain,Procedure revision,510156,0.7118109130859375,0.0,0.01,0.0181890869140625,0.010562133789062499,2,0.9583333333333334,base
Uniform gain,Procedure revision,510157,0.7067677815755208,0.0,0.015000000000000001,0.018232218424479165,0.010567220052083335,3,0.9583333333333334,base
Uniform gain,Procedure revision,510158,0.7067169189453125,0.0,0.015000000000000001,0.0182830810546875,0.010564371744791667,2,0.9583333333333334,base
Uniform gain,Procedure revision,510159,0.7068048095703124,0.0,0.015000000000000001,0.018195190429687504,0.010557047526041669,1,0.9583333333333334,base
Uniform gain,Procedure revision,510160,0.6917258707682293,0.0,0.03,0.018274129231770835,0.010564371744791667,2,0.875,base
Uniform gain,Procedure revision,510161,0.6767130533854168,0.0,0.045000000000000005,0.01828694661458333,0.010552571614583334,1,0.8333333333333334,base
Uniform gain,Procedure revision,510162,0.6518770345052084,0.0,0.07,0.018122965494791667,0.010549723307291668,0,0.75,base
Uniform gain,Procedure revision,510163,0.6567812093098958,0.0,0.065,0.01821879069010417,0.010573933919270834,3,0.7916666666666666,base
Uniform gain,Procedure revision,510164,0.7217325846354167,0.0,0.0,0.018267415364583334,0.010559895833333334,2,1.0,base
Uniform gain,Procedure revision,510165,0.6717342122395834,0.0,0.049999999999999996,0.018265787760416666,0.010567220052083335,3,0.7916666666666666,base
Uniform gain,Procedure revision,510166,0.666737060546875,0.0,0.055,0.018262939453124998,0.010557657877604168,2,0.7916666666666666,base
Uniform gain,Procedure revision,510167,0.6368770345052083,0.0,0.085,0.018122965494791667,0.010549723307291667,0,0.7083333333333334,base
Uniform gain,Procedure revision,510168,0.681752726236979,0.0,0.04000000000000001,0.018247273763020832,0.010562133789062502,2,0.875,base
Uniform gain,Procedure revision,510169,0.6318153889973958,0.0,0.09000000000000001,0.01818461100260417,0.0105487060546875,2,0.7083333333333334,base
Uniform gain,Procedure revision,510170,0.6817997233072917,0.0,0.04,0.018200276692708336,0.010553181966145833,2,0.8333333333333334,base
Uniform gain,Procedure revision,510171,0.6517885335286459,0.0,0.07,0.01821146647135417,0.010555419921875002,2,0.75,base
Uniform gain,Procedure revision,510172,0.7018159993489582,0.0,0.02,0.018184000651041667,0.010545857747395837,1,0.9166666666666666,base
Uniform gain,Procedure revision,510173,0.6518406168619791,0.0,0.07,0.018159383138020832,0.010559285481770835,1,0.7916666666666666,base
Uniform gain,Procedure revision,510174,0.6817274983723959,0.0,0.04000000000000001,0.018272501627604167,0.010564982096354167,3,0.875,base
Uniform gain,Procedure revision,510175,0.7067700195312501,0.0,0.015000000000000001,0.01822998046875,0.0105694580078125,3,0.9583333333333334,base
Uniform gain,Procedure revision,510176,0.7017510986328125,0.0,0.02,0.018248901367187497,0.010561523437500003,1,0.9166666666666666,base
Uniform gain,Procedure revision,510177,0.6867169189453124,0.0,0.035,0.018283081054687497,0.010562133789062502,2,0.875,base
Uniform gain,Procedure revision,510178,0.67177001953125,0.0,0.05000000000000001,0.01822998046875,0.010567220052083335,3,0.8333333333333334,base
Uniform gain,Procedure revision,510179,0.6867572021484376,0.0,0.035,0.0182427978515625,0.010562133789062502,2,0.875,base
Uniform gain,Procedure revision,510180,0.6867348225911458,0.0,0.035,0.01826517740885417,0.010571085611979168,2,0.875,base
Uniform gain,Procedure revision,510181,0.6617258707682292,0.0,0.06,0.018274129231770832,0.010571085611979168,2,0.7916666666666666,base
Uniform gain,Procedure revision,510182,0.6668070475260417,0.0,0.055,0.018192952473958333,0.010552571614583334,1,0.7916666666666666,base
Uniform gain,Procedure revision,510183,0.6417572021484376,0.0,0.08,0.0182427978515625,0.010562133789062502,2,0.7083333333333334,base
Uniform gain,Procedure revision,510184,0.661729736328125,0.0,0.060000000000000005,0.018270263671875,0.010564982096354167,3,0.7916666666666666,base
Uniform gain,Procedure revision,510185,0.6418310546875,0.0,0.08,0.0181689453125,0.010562133789062502,2,0.7083333333333334,base
Uniform gain,Procedure revision,510186,0.7017744954427084,0.0,0.02,0.01822550455729167,0.010562744140625002,3,0.9166666666666666,base
Uniform gain,Procedure revision,510187,0.6767527262369791,0.0,0.045000000000000005,0.018247273763020835,0.010566609700520833,2,0.8333333333333334,base
Uniform gain,Procedure revision,510188,0.6717466227213542,0.0,0.05000000000000001,0.018253377278645833,0.010572713216145833,1,0.8333333333333334,base
Uniform gain,Procedure revision,510189,0.7017600504557292,0.0,0.02,0.018239949544270835,0.010559285481770833,1,0.9166666666666666,base
Uniform gain,Procedure revision,510190,0.6468703206380209,0.0,0.07500000000000001,0.018129679361979168,0.010556437174479167,0,0.75,base
Uniform gain,Procedure revision,510191,0.6417521158854166,0.0,0.08,0.018247884114583335,0.010567220052083335,3,0.7083333333333334,base
Uniform gain,Procedure revision,510192,0.6567600504557292,0.0,0.065,0.018239949544270835,0.010559285481770833,1,0.7916666666666666,base
Uniform gain,Procedure revision,510193,0.6618562825520833,0.0,0.06,0.018143717447916666,0.010548095703125001,1,0.7916666666666666,base
Uniform gain,Procedure revision,510194,0.6818019612630207,0.0,0.04000000000000001,0.01819803873697917,0.010571085611979168,2,0.875,base
Uniform gain,Procedure revision,510195,0.63187255859375,0.0,0.09000000000000001,0.018127441406249997,0.01055419921875,0,0.6666666666666666,base
Uniform gain,Procedure revision,510196,0.6617533365885416,0.0,0.060000000000000005,0.018246663411458332,0.010565999348958334,1,0.7916666666666666,base
Uniform gain,Procedure revision,510197,0.6717677815755208,0.0,0.05000000000000001,0.01823221842447917,0.010560506184895832,3,0.8333333333333334,base
Uniform gain,Procedure revision,510198,0.6568316650390624,0.0,0.065,0.0181683349609375,0.010554809570312499,1,0.75,base
Uniform gain,Procedure revision,510199,0.6417751057942709,0.0,0.08,0.018224894205729165,0.010571085611979168,2,0.7083333333333334,base
Uniform gain,Procedure revision,510200,0.6917348225911458,0.0,0.03,0.018265177408854166,0.010564371744791667,2,0.875,base
Uniform gain,Procedure revision,510201,0.6667476399739583,0.0,0.055,0.018252360026041668,0.010571695963541667,3,0.7916666666666666,base
Uniform gain,Procedure revision,510202,0.7217655436197917,0.0,0.0,0.018234456380208333,0.0105694580078125,3,1.0,base
Uniform gain,Procedure revision,510203,0.6817744954427084,0.0,0.04000000000000001,0.018225504557291664,0.010567220052083333,3,0.875,base
Uniform gain,Procedure revision,510204,0.6768182373046875,0.0,0.045000000000000005,0.018181762695312503,0.010554809570312499,1,0.8333333333333334,base
Uniform gain,Procedure revision,510205,0.6917281087239583,0.0,0.030000000000000002,0.018271891276041664,0.010555419921875002,2,0.9166666666666666,base
Uniform gain,Procedure revision,510206,0.7067348225911458,0.0,0.015000000000000001,0.018265177408854166,0.010566609700520833,2,0.9583333333333334,base
Uniform gain,Procedure revision,510207,0.6967744954427083,0.0,0.025000000000000005,0.01822550455729167,0.010564982096354167,3,0.9166666666666666,base
Uniform gain,Procedure revision,510208,0.7117392985026042,0.0,0.01,0.018260701497395834,0.010566609700520835,2,0.9583333333333334,base
Uniform gain,Procedure revision,510209,0.6867140706380207,0.0,0.035,0.018285929361979165,0.010560506184895834,3,0.875,base
Uniform gain,Procedure revision,510210,0.6817639160156249,0.0,0.04,0.018236083984375002,0.010555419921875002,2,0.8333333333333334,base
Uniform gain,Procedure revision,510211,0.6917930094401042,0.0,0.030000000000000002,0.018206990559895834,0.010555419921875002,2,0.9166666666666666,base
Uniform gain,Procedure revision,510212,0.5818406168619792,0.0,0.14,0.018159383138020832,0.010559285481770833,1,0.5416666666666666,base
Uniform gain,Procedure revision,510213,0.6767578125,0.0,0.045000000000000005,0.0182421875,0.0105615234375,1,0.8333333333333334,base
Uniform gain,Procedure revision,510214,0.70171630859375,0.0,0.02,0.01828369140625,0.010567220052083335,3,0.9166666666666666,base
Uniform gain,Procedure revision,510215,0.6618265787760417,0.0,0.060000000000000005,0.018173421223958337,0.010566609700520833,2,0.7916666666666666,base
Uniform gain,Procedure revision,510216,0.671817626953125,0.0,0.05000000000000001,0.018182373046875002,0.010555419921875002,2,0.8333333333333334,base
Uniform gain,Procedure revision,510217,0.6218109130859375,0.0,0.10000000000000002,0.018189086914062503,0.010562133789062502,2,0.6666666666666666,base
Uniform gain,Procedure revision,510218,0.6568198649088541,0.0,0.065,0.018180135091145834,0.010562133789062502,2,0.7916666666666666,base
Uniform gain,Procedure revision,510219,0.6867191569010417,0.0,0.035,0.018280843098958333,0.010571085611979168,2,0.875,base
Uniform gain,Procedure revision,510220,0.66175048828125,0.0,0.060000000000000005,0.018249511718750003,0.01056884765625,2,0.7916666666666666,base
Uniform gain,Procedure revision,510221,0.69177001953125,0.0,0.030000000000000002,0.01822998046875,0.010562744140625002,3,0.9166666666666666,base
Uniform gain,Procedure revision,510222,0.6567974853515626,0.0,0.065,0.0182025146484375,0.0105755615234375,2,0.7916666666666666,base
Uniform gain,Procedure revision,510223,0.6867818196614582,0.0,0.035,0.018218180338541667,0.010564371744791667,2,0.875,base
Uniform gain,Procedure revision,510224,0.6467767333984376,0.0,0.07500000000000001,0.018223266601562503,0.010567220052083335,3,0.75,base
Uniform gain,Procedure revision,510225,0.6468265787760415,0.0,0.07500000000000001,0.018173421223958337,0.010562133789062502,2,0.75,base
Uniform gain,Procedure revision,510226,0.6717997233072918,0.0,0.05000000000000001,0.018200276692708336,0.010573323567708334,2,0.8333333333333334,base
Uniform gain,Procedure revision,510227,0.6867085774739583,0.0,0.035,0.018291422526041667,0.010557047526041669,1,0.875,base
Uniform gain,Procedure revision,510228,0.6417767333984375,0.0,0.08,0.0182232666015625,0.010564982096354168,3,0.7083333333333334,base
Uniform gain,Procedure revision,510229,0.6767706298828126,0.0,0.045000000000000005,0.0182293701171875,0.010564371744791669,2,0.8333333333333334,base
Uniform gain,Procedure revision,510230,0.6817319742838542,0.0,0.04,0.018268025716145834,0.010556030273437501,3,0.8333333333333334,base
Uniform gain,Procedure revision,510231,0.7117460123697917,0.0,0.01,0.018253987630208333,0.010559895833333334,2,0.9583333333333334,base
Uniform gain,Procedure revision,510232,0.6867578124999999,0.0,0.035,0.0182421875,0.0105615234375,1,0.875,base
Uniform gain,Procedure revision,510233,0.6817504882812501,0.0,0.04,0.018249511718750003,0.01056884765625,2,0.8333333333333334,base
Uniform gain,Procedure revision,510234,0.67177001953125,0.0,0.05000000000000001,0.01822998046875,0.010564982096354168,3,0.8333333333333334,base
Uniform gain,Procedure revision,510235,0.6968086751302082,0.0,0.025000000000000005,0.018191324869791668,0.010564371744791667,2,0.9166666666666666,base
Uniform gain,Procedure revision,510236,0.6817667643229166,0.0,0.04,0.018233235677083338,0.010552571614583332,1,0.8333333333333334,base
Uniform gain,Procedure revision,510237,0.6118310546875,0.0,0.11,0.0181689453125,0.010562133789062502,2,0.5833333333333334,base
Uniform gain,Procedure revision,510238,0.6817655436197917,0.0,0.04,0.018234456380208337,0.010578409830729168,3,0.875,base
Uniform gain,Procedure revision,510239,0.7067415364583334,0.0,0.015000000000000001,0.018258463541666665,0.010555419921874998,2,0.9583333333333334,base
Uniform gain,Procedure revision,510240,0.6668703206380208,0.0,0.055,0.018129679361979168,0.010556437174479167,0,0.7916666666666666,base
Uniform gain,Procedure revision,510241,0.6717706298828124,0.0,0.049999999999999996,0.0182293701171875,0.010571085611979168,2,0.7916666666666666,base
Uniform gain,Procedure revision,510242,0.6917946370442708,0.0,0.03,0.01820536295572917,0.010564982096354168,3,0.875,base
Uniform gain,Procedure revision,510243,0.7118092854817708,0.0,0.01,0.018190714518229168,0.010563761393229168,1,0.9583333333333334,base
Uniform gain,Procedure revision,510244,0.67675048828125,0.0,0.045000000000000005,0.018249511718750003,0.010557657877604168,2,0.8333333333333334,base
Uniform gain,Procedure revision,510245,0.6967085774739582,0.0,0.025000000000000005,0.018291422526041667,0.010557047526041669,1,0.9166666666666666,base
Uniform gain,Procedure revision,510246,0.7118294270833333,0.0,0.01,0.01817057291666667,0.0105615234375,1,0.9583333333333334,base
Uniform gain,Procedure revision,510247,0.6667856852213542,0.0,0.055,0.018214314778645834,0.010573933919270834,3,0.7916666666666666,base
Uniform gain,Procedure revision,510248,0.6667645263671874,0.0,0.055,0.018235473632812502,0.010554809570312502,1,0.7916666666666666,base
Uniform gain,Procedure revision,510249,0.65177001953125,0.0,0.07,0.01822998046875,0.010571695963541667,3,0.75,base
Uniform gain,Procedure revision,510250,0.6667661539713542,0.0,0.055,0.018233846028645834,0.010564371744791667,2,0.7916666666666666,base
Uniform gain,Procedure revision,510251,0.6518294270833334,0.0,0.07,0.018170572916666666,0.0105615234375,1,0.75,base
Uniform gain,Procedure revision,510252,0.6518064371744791,0.0,0.07,0.018193562825520832,0.010566609700520833,2,0.75,base
Uniform gain,Procedure revision,510253,0.6868703206380209,0.0,0.035,0.018129679361979168,0.010556437174479167,0,0.875,base
Uniform gain,Procedure revision,510254,0.6717655436197916,0.0,0.05000000000000001,0.018234456380208333,0.010573933919270834,3,0.8333333333333334,base
Uniform gain,Procedure revision,510255,0.6768070475260416,0.0,0.045000000000000005,0.018192952473958336,0.010554809570312502,1,0.8333333333333334,base
Uniform gain,Freeze after first revision,510000,0.6987402343749999,0.0,0.03,0.011259765625000001,0.003525390625,1,0.875,base
Uniform gain,Freeze after first revision,510001,0.6787379964192709,0.0,0.05000000000000001,0.011262003580729166,0.003527628580729167,1,0.8333333333333334,base
Uniform gain,Freeze after first revision,510002,0.6689131673177083,0.0,0.060000000000000005,0.011086832682291667,0.0035135904947916664,0,0.7916666666666666,base
Uniform gain,Freeze after first revision,510003,0.6888051350911457,0.0,0.04000000000000001,0.011194864908854166,0.003525390625,1,0.875,base
Uniform gain,Freeze after first revision,510004,0.63890869140625,0.0,0.09000000000000001,0.011091308593750002,0.0035180664062500005,0,0.7083333333333334,base
Uniform gain,Freeze after first revision,510005,0.703740234375,0.0,0.025000000000000005,0.011259765625000001,0.003525390625,1,0.9166666666666666,base
Uniform gain,Freeze after first revision,510006,0.7037424723307293,0.0,0.025000000000000005,0.011257527669270831,0.0035231526692708335,1,0.9166666666666666,base
Uniform gain,Freeze after first revision,510007,0.67390869140625,0.0,0.055,0.011091308593750002,0.0035180664062500005,0,0.7916666666666666,base
Uniform gain,Freeze after first revision,510008,0.6937827555338542,0.0,0.035,0.011217244466145833,0.0035231526692708335,1,0.875,base
Uniform gain,Freeze after first revision,510009,0.6789131673177083,0.0,0.05000000000000001,0.011086832682291667,0.0035135904947916664,0,0.8333333333333334,base
Uniform gain,Freeze after first revision,510010,0.7037939453125001,0.0,0.025000000000000005,0.011206054687500001,0.0035231526692708335,1,0.9166666666666666,base
Uniform gain,Freeze after first revision,510011,0.6637961832682292,0.0,0.065,0.011203816731770832,0.003520914713541667,1,0.75,base
Uniform gain,Freeze after first revision,510012,0.718780517578125,0.0,0.01,0.011219482421875001,0.003527628580729167,1,0.9583333333333334,base
Uniform gain,Freeze after first revision,510013,0.6639086914062501,0.0,0.065,0.011091308593750002,0.0035180664062500005,0,0.7916666666666666,base
Uniform gain,Freeze after first revision,510014,0.6389109293619791,0.0,0.09000000000000001,0.011089070638020832,0.003515828450520834,0,0.7083333333333334,base
Uniform gain,Freeze after first revision,510015,0.7087984212239583,0.0,0.02,0.011201578776041665,0.003525390625,1,0.9166666666666666,base
Uniform gain,Freeze after first revision,510016,0.6837939453124999,0.0,0.045000000000000005,0.0112060546875,0.0035231526692708335,1,0.8333333333333334,base
Uniform gain,Freeze after first revision,510017,0.7037917073567709,0.0,0.025000000000000005,0.011208292643229166,0.0035231526692708335,1,0.9166666666666666,base
Uniform gain,Freeze after first revision,510018,0.6888028971354169,0.0,0.04,0.011197102864583334,0.003525390625,1,0.875,base
Uniform gain,Freeze after first revision,510019,0.7037961832682292,0.0,0.025000000000000005,0.011203816731770835,0.003525390625,1,0.9166666666666666,base
Uniform gain,Freeze after first revision,510020,0.66890869140625,0.0,0.060000000000000005,0.011091308593750002,0.0035180664062500005,0,0.7916666666666666,base
Uniform gain,Freeze after first revision,510021,0.6987491861979166,0.0,0.03,0.011250813802083334,0.0035164388020833335,1,0.875,base
Uniform gain,Freeze after first revision,510022,0.6837514241536459,0.0,0.045000000000000005,0.01124857584635417,0.003514200846354167,1,0.8333333333333334,base
Uniform gain,Freeze after first revision,510023,0.6939109293619792,0.0,0.035,0.011089070638020832,0.003515828450520834,0,0.875,base
Uniform gain,Freeze after first revision,510024,0.6887961832682293,0.0,0.04000000000000001,0.011203816731770835,0.0035231526692708335,1,0.875,base
Uniform gain,Freeze after first revision,510025,0.7088028971354167,0.0,0.02,0.01119710286458333,0.0035231526692708335,1,0.9166666666666666,base
Uniform gain,Freeze after first revision,510026,0.6637424723307291,0.0,0.065,0.011257527669270831,0.0035231526692708335,1,0.75,base
Uniform gain,Freeze after first revision,510027,0.6687379964192708,0.0,0.06,0.011262003580729166,0.003527628580729167,1,0.75,base
Uniform gain,Freeze after first revision,510028,0.6389109293619791,0.0,0.09000000000000001,0.011089070638020832,0.003515828450520834,0,0.6666666666666666,base
Uniform gain,Freeze after first revision,510029,0.6988006591796875,0.0,0.03,0.0111993408203125,0.003520914713541667,1,0.875,base
Uniform gain,Freeze after first revision,510030,0.7038118489583334,0.0,0.025000000000000005,0.011188151041666669,0.003527628580729167,1,0.9166666666666666,base
Uniform gain,Freeze after first revision,510031,0.6787447102864584,0.0,0.049999999999999996,0.011255289713541667,0.003520914713541667,1,0.7916666666666666,base
Uniform gain,Freeze after first revision,510032,0.6039131673177084,0.0,0.125,0.011086832682291667,0.0035135904947916664,0,0.5833333333333334,base
Uniform gain,Freeze after first revision,510033,0.7187447102864585,0.0,0.01,0.011255289713541667,0.003520914713541667,1,0.9583333333333334,base
Uniform gain,Freeze after first revision,510034,0.6839064534505207,0.0,0.045000000000000005,0.011093546549479166,0.003520304361979167,0,0.8333333333333334,base
Uniform gain,Freeze after first revision,510035,0.6689131673177083,0.0,0.060000000000000005,0.011086832682291667,0.0035135904947916664,0,0.7916666666666666,base
Uniform gain,Freeze after first revision,510036,0.6588006591796874,0.0,0.07,0.0111993408203125,0.0035186767578125,1,0.7916666666666666,base
Uniform gain,Freeze after first revision,510037,0.6787447102864584,0.0,0.049999999999999996,0.011255289713541667,0.003520914713541667,1,0.7916666666666666,base
Uniform gain,Freeze after first revision,510038,0.693740234375,0.0,0.035,0.011259765625000001,0.003525390625,1,0.875,base
Uniform gain,Freeze after first revision,510039,0.6739064534505208,0.0,0.055000000000000014,0.011093546549479166,0.003520304361979167,0,0.8333333333333334,base
Uniform gain,Freeze after first revision,510040,0.7089042154947917,0.0,0.02,0.011095784505208333,0.0035225423177083336,0,0.9166666666666666,base
Uniform gain,Freeze after first revision,510041,0.6089109293619792,0.0,0.12000000000000001,0.011089070638020832,0.003515828450520834,0,0.5833333333333334,base
Uniform gain,Freeze after first revision,510042,0.6788140869140625,0.0,0.049999999999999996,0.011185913085937499,0.003525390625,1,0.7916666666666666,base
Uniform gain,Freeze after first revision,510043,0.7187402343750001,0.0,0.01,0.011259765625000001,0.003525390625,1,0.9583333333333334,base
Uniform gain,Freeze after first revision,510044,0.6689154052734375,0.0,0.060000000000000005,0.011084594726562499,0.0035113525390625,0,0.7916666666666666,base
Uniform gain,Freeze after first revision,510045,0.7188051350911459,0.0,0.01,0.011194864908854166,0.0035164388020833335,1,0.9583333333333334,base
Uniform gain,Freeze after first revision,510046,0.6987469482421874,0.0,0.030000000000000002,0.011253051757812499,0.0035186767578125,1,0.9166666666666666,base
Uniform gain,Freeze after first revision,510047,0.6589064534505208,0.0,0.07,0.011093546549479166,0.003520304361979167,0,0.75,base
Uniform gain,Freeze after first revision,510048,0.6989109293619791,0.0,0.03,0.011089070638020832,0.003515828450520834,0,0.875,base
Uniform gain,Freeze after first revision,510049,0.6487402343750001,0.0,0.08,0.011259765625000001,0.003525390625,1,0.7083333333333334,base
Uniform gain,Freeze after first revision,510050,0.7039086914062499,0.0,0.025000000000000005,0.011091308593750002,0.0035180664062500005,0,0.9166666666666666,base
Uniform gain,Freeze after first revision,510051,0.6788073730468751,0.0,0.05000000000000001,0.011192626953125,0.0035186767578125,1,0.8333333333333334,base
Uniform gain,Freeze after first revision,510052,0.7087961832682291,0.0,0.02,0.011203816731770832,0.0035231526692708335,1,0.9166666666666666,base
Uniform gain,Freeze after first revision,510053,0.6937491861979167,0.0,0.035,0.011250813802083334,0.0035164388020833335,1,0.875,base
Uniform gain,Freeze after first revision,510054,0.64390869140625,0.0,0.085,0.011091308593750002,0.0035180664062500005,0,0.75,base
Uniform gain,Freeze after first revision,510055,0.6639042154947917,0.0,0.06500000000000002,0.011095784505208333,0.0035225423177083336,0,0.7916666666666666,base
Uniform gain,Freeze after first revision,510056,0.6887447102864583,0.0,0.04,0.011255289713541667,0.003520914713541667,1,0.8333333333333334,base
Uniform gain,Freeze after first revision,510057,0.6887939453125002,0.0,0.04000000000000001,0.011206054687500001,0.0035231526692708335,1,0.875,base
Uniform gain,Freeze after first revision,510058,0.6189109293619791,0.0,0.11000000000000003,0.011089070638020832,0.003515828450520834,0,0.625,base
Uniform gain,Freeze after first revision,510059,0.6289086914062499,0.0,0.10000000000000002,0.011091308593750002,0.0035180664062500005,0,0.6666666666666666,base
Uniform gain,Freeze after first revision,510060,0.6987402343749999,0.0,0.03,0.011259765625000001,0.003525390625,1,0.875,base
Uniform gain,Freeze after first revision,510061,0.6739109293619792,0.0,0.055000000000000014,0.011089070638020832,0.003515828450520834,0,0.8333333333333334,base
Uniform gain,Freeze after first revision,510062,0.7037469482421875,0.0,0.025000000000000005,0.011253051757812499,0.0035186767578125,1,0.9166666666666666,base
Uniform gain,Freeze after first revision,510063,0.7038096110026042,0.0,0.025000000000000005,0.011190388997395833,0.003520914713541667,1,0.9166666666666666,base
Uniform gain,Freeze after first revision,510064,0.6937447102864583,0.0,0.035,0.011255289713541667,0.003520914713541667,1,0.875,base
Uniform gain,Freeze after first revision,510065,0.68890869140625,0.0,0.04,0.011091308593750002,0.0035180664062500005,0,0.8333333333333334,base
Uniform gain,Freeze after first revision,510066,0.7037939453125,0.0,0.025000000000000005,0.0112060546875,0.0035231526692708335,1,0.9166666666666666,base
Uniform gain,Freeze after first revision,510067,0.6787379964192709,0.0,0.05000000000000001,0.011262003580729166,0.003527628580729167,1,0.8333333333333334,base
Uniform gain,Freeze after first revision,510068,0.6739064534505208,0.0,0.055,0.011093546549479166,0.003520304361979167,0,0.7916666666666666,base
Uniform gain,Freeze after first revision,510069,0.7088051350911458,0.0,0.02,0.011194864908854166,0.003520914713541667,1,0.9166666666666666,base
Uniform gain,Freeze after first revision,510070,0.6938140869140627,0.0,0.035,0.011185913085937499,0.0035186767578125,1,0.875,base
Uniform gain,Freeze after first revision,510071,0.6587469482421876,0.0,0.07,0.011253051757812499,0.0035186767578125,1,0.75,base
Uniform gain,Freeze after first revision,510072,0.7137939453125001,0.0,0.015000000000000001,0.0112060546875,0.003520914713541667,1,0.9583333333333334,base
Uniform gain,Freeze after first revision,510073,0.7287447102864583,0.0,0.0,0.011255289713541667,0.003520914713541667,1,1.0,base
Uniform gain,Freeze after first revision,510074,0.6737849934895834,0.0,0.055,0.011215006510416667,0.003525390625,1,0.7916666666666666,base
Uniform gain,Freeze after first revision,510075,0.6239086914062499,0.0,0.10500000000000002,0.011091308593750002,0.0035180664062500005,0,0.6666666666666666,base
Uniform gain,Freeze after first revision,510076,0.6988118489583334,0.0,0.03,0.011188151041666665,0.0035186767578125,1,0.875,base
Uniform gain,Freeze after first revision,510077,0.6487379964192709,0.0,0.08,0.011262003580729166,0.003527628580729167,1,0.7083333333333334,base
Uniform gain,Freeze after first revision,510078,0.6688118489583333,0.0,0.060000000000000005,0.011188151041666669,0.0035186767578125,1,0.7916666666666666,base
Uniform gain,Freeze after first revision,510079,0.6937424723307292,0.0,0.035,0.011257527669270831,0.0035231526692708335,1,0.875,base
Uniform gain,Freeze after first revision,510080,0.6988028971354167,0.0,0.03,0.011197102864583334,0.0035186767578125,1,0.875,base
Uniform gain,Freeze after first revision,510081,0.7138118489583333,0.0,0.015000000000000001,0.011188151041666665,0.0035186767578125,1,0.9583333333333334,base
Uniform gain,Freeze after first revision,510082,0.6639109293619793,0.0,0.065,0.011089070638020832,0.003515828450520834,0,0.75,base
Uniform gain,Freeze after first revision,510083,0.6937827555338542,0.0,0.035,0.011217244466145831,0.0035231526692708335,1,0.875,base
Uniform gain,Freeze after first revision,510084,0.6839064534505209,0.0,0.045000000000000005,0.011093546549479166,0.003520304361979167,0,0.8333333333333334,base
Uniform gain,Freeze after first revision,510085,0.6989064534505208,0.0,0.03,0.011093546549479166,0.003520304361979167,0,0.875,base
Uniform gain,Freeze after first revision,510086,0.6987491861979166,0.0,0.030000000000000002,0.011250813802083334,0.0035164388020833335,1,0.9166666666666666,base
Uniform gain,Freeze after first revision,510087,0.7188140869140623,0.0,0.01,0.011185913085937499,0.003514200846354167,1,0.9583333333333334,base
Uniform gain,Freeze after first revision,510088,0.683740234375,0.0,0.045000000000000005,0.011259765625000001,0.003525390625,1,0.8333333333333334,base
Uniform gain,Freeze after first revision,510089,0.6788118489583334,0.0,0.05000000000000001,0.011188151041666669,0.0035186767578125,1,0.8333333333333334,base
Uniform gain,Freeze after first revision,510090,0.7088140869140626,0.0,0.02,0.011185913085937499,0.003520914713541667,1,0.9166666666666666,base
Uniform gain,Freeze after first revision,510091,0.6639064534505209,0.0,0.065,0.011093546549479166,0.003520304361979167,0,0.75,base
Uniform gain,Freeze after first revision,510092,0.7087424723307292,0.0,0.02,0.011257527669270831,0.0035231526692708335,1,0.9166666666666666,base
Uniform gain,Freeze after first revision,510093,0.64890869140625,0.0,0.08,0.011091308593750002,0.0035180664062500005,0,0.7083333333333334,base
Uniform gain,Freeze after first revision,510094,0.6638118489583333,0.0,0.065,0.011188151041666665,0.003525390625,1,0.75,base
Uniform gain,Freeze after first revision,510095,0.7037424723307292,0.0,0.025000000000000005,0.011257527669270831,0.0035231526692708335,1,0.9166666666666666,base
Uniform gain,Freeze after first revision,510096,0.6539064534505208,0.0,0.075,0.011093546549479166,0.003520304361979167,0,0.7083333333333334,base
Uniform gain,Freeze after first revision,510097,0.6738163248697916,0.0,0.055,0.011183675130208333,0.003525390625,1,0.7916666666666666,base
Uniform gain,Freeze after first revision,510098,0.6987379964192709,0.0,0.03,0.011262003580729166,0.003527628580729167,1,0.875,base
Uniform gain,Freeze after first revision,510099,0.6837447102864583,0.0,0.045000000000000005,0.011255289713541667,0.003520914713541667,1,0.8333333333333334,base
Uniform gain,Freeze after first revision,510100,0.6988163248697917,0.0,0.03,0.011183675130208334,0.0035186767578125,1,0.875,base
Uniform gain,Freeze after first revision,510101,0.668807373046875,0.0,0.060000000000000005,0.011192626953125,0.003520914713541667,1,0.7916666666666666,base
Uniform gain,Freeze after first revision,510102,0.6439042154947917,0.0,0.085,0.011095784505208333,0.0035225423177083336,0,0.7083333333333334,base
Uniform gain,Freeze after first revision,510103,0.7187424723307293,0.0,0.01,0.011257527669270831,0.0035231526692708335,1,0.9583333333333334,base
Uniform gain,Freeze after first revision,510104,0.6789131673177083,0.0,0.05000000000000001,0.011086832682291667,0.0035135904947916664,0,0.8333333333333334,base
Uniform gain,Freeze after first revision,510105,0.7137984212239584,0.0,0.015000000000000001,0.011201578776041665,0.003525390625,1,0.9583333333333334,base
Uniform gain,Freeze after first revision,510106,0.698807373046875,0.0,0.03,0.011192626953125001,0.003525390625,1,0.875,base
Uniform gain,Freeze after first revision,510107,0.708807373046875,0.0,0.02,0.011192626953125,0.003525390625,1,0.9166666666666666,base
Uniform gain,Freeze after first revision,510108,0.6739131673177082,0.0,0.055000000000000014,0.011086832682291667,0.0035135904947916664,0,0.8333333333333334,base
Uniform gain,Freeze after first revision,510109,0.6837402343750001,0.0,0.045000000000000005,0.011259765625000001,0.003525390625,1,0.8333333333333334,base
Uniform gain,Freeze after first revision,510110,0.6737984212239584,0.0,0.055,0.011201578776041665,0.0035186767578125,1,0.7916666666666666,base
Uniform gain,Freeze after first revision,510111,0.6688028971354166,0.0,0.06,0.011197102864583334,0.003520914713541667,1,0.75,base
Uniform gain,Freeze after first revision,510112,0.6487917073567707,0.0,0.08,0.011208292643229166,0.0035231526692708335,1,0.7083333333333334,base
Uniform gain,Freeze after first revision,510113,0.6737939453125,0.0,0.055,0.011206054687500001,0.0035164388020833335,1,0.7916666666666666,base
Uniform gain,Freeze after first revision,510114,0.67890869140625,0.0,0.05000000000000001,0.011091308593750002,0.0035180664062500005,0,0.8333333333333334,base
Uniform gain,Freeze after first revision,510115,0.6787424723307293,0.0,0.05000000000000001,0.011257527669270831,0.0035231526692708335,1,0.8333333333333334,base
Uniform gain,Freeze after first revision,510116,0.6889131673177085,0.0,0.04,0.011086832682291667,0.0035135904947916664,0,0.8333333333333334,base
Uniform gain,Freeze after first revision,510117,0.6789131673177083,0.0,0.05000000000000001,0.011086832682291667,0.0035135904947916664,0,0.8333333333333334,base
Uniform gain,Freeze after first revision,510118,0.6739064534505209,0.0,0.055,0.011093546549479166,0.003520304361979167,0,0.7916666666666666,base
Uniform gain,Freeze after first revision,510119,0.7088051350911458,0.0,0.02,0.011194864908854166,0.003525390625,1,0.9166666666666666,base
Uniform gain,Freeze after first revision,510120,0.6887447102864583,0.0,0.04000000000000001,0.011255289713541667,0.003520914713541667,1,0.875,base
Uniform gain,Freeze after first revision,510121,0.7188118489583332,0.0,0.01,0.011188151041666669,0.003520914713541667,1,0.9583333333333334,base
Uniform gain,Freeze after first revision,510122,0.6788051350911459,0.0,0.05000000000000001,0.011194864908854166,0.0035231526692708335,1,0.8333333333333334,base
Uniform gain,Freeze after first revision,510123,0.7137424723307291,0.0,0.015000000000000001,0.011257527669270831,0.0035231526692708335,1,0.9583333333333334,base
Uniform gain,Freeze after first revision,510124,0.6489064534505208,0.0,0.08000000000000002,0.011093546549479166,0.003520304361979167,0,0.75,base
Uniform gain,Freeze after first revision,510125,0.6738163248697916,0.0,0.055,0.011183675130208333,0.0035231526692708335,1,0.7916666666666666,base
Uniform gain,Freeze after first revision,510126,0.6888028971354165,0.0,0.04,0.01119710286458333,0.0035186767578125,1,0.8333333333333334,base
Uniform gain,Freeze after first revision,510127,0.6589064534505208,0.0,0.07,0.011093546549479166,0.003520304361979167,0,0.75,base
Uniform gain,Freeze after first revision,510128,0.7087379964192708,0.0,0.02,0.011262003580729166,0.003527628580729167,1,0.9166666666666666,base
Uniform gain,Freeze after first revision,510129,0.6589042154947916,0.0,0.07,0.011095784505208333,0.0035225423177083336,0,0.75,base
Uniform gain,Freeze after first revision,510130,0.6787447102864582,0.0,0.05000000000000001,0.011255289713541667,0.003520914713541667,1,0.8333333333333334,base
Uniform gain,Freeze after first revision,510131,0.7088051350911458,0.0,0.02,0.011194864908854166,0.003525390625,1,0.9166666666666666,base
Uniform gain,Freeze after first revision,510132,0.6989086914062499,0.0,0.030000000000000002,0.011091308593750002,0.0035180664062500005,0,0.9166666666666666,base
Uniform gain,Freeze after first revision,510133,0.7137402343749999,0.0,0.015000000000000001,0.011259765625000001,0.003525390625,1,0.9583333333333334,base
Uniform gain,Freeze after first revision,510134,0.6938096110026041,0.0,0.035,0.011190388997395833,0.0035164388020833335,1,0.875,base
Uniform gain,Freeze after first revision,510135,0.7037469482421875,0.0,0.025000000000000005,0.011253051757812499,0.0035186767578125,1,0.9166666666666666,base
Uniform gain,Freeze after first revision,510136,0.6937447102864583,0.0,0.035,0.011255289713541667,0.003520914713541667,1,0.875,base
Uniform gain,Freeze after first revision,510137,0.6687447102864583,0.0,0.060000000000000005,0.011255289713541667,0.003520914713541667,1,0.7916666666666666,base
Uniform gain,Freeze after first revision,510138,0.6039109293619792,0.0,0.12500000000000003,0.011089070638020832,0.003515828450520834,0,0.5833333333333334,base
Uniform gain,Freeze after first revision,510139,0.6239064534505208,0.0,0.10500000000000002,0.011093546549479166,0.003520304361979167,0,0.6666666666666666,base
Uniform gain,Freeze after first revision,510140,0.68890869140625,0.0,0.04000000000000001,0.011091308593750002,0.0035180664062500005,0,0.875,base
Uniform gain,Freeze after first revision,510141,0.6639064534505208,0.0,0.065,0.011093546549479166,0.003520304361979167,0,0.7916666666666666,base
Uniform gain,Freeze after first revision,510142,0.7187424723307293,0.0,0.01,0.011257527669270831,0.0035231526692708335,1,0.9583333333333334,base
Uniform gain,Freeze after first revision,510143,0.708740234375,0.0,0.02,0.011259765625000001,0.003525390625,1,0.9166666666666666,base
Uniform gain,Freeze after first revision,510144,0.6988208007812501,0.0,0.030000000000000002,0.01117919921875,0.003514200846354167,1,0.9166666666666666,base
Uniform gain,Freeze after first revision,510145,0.6389109293619791,0.0,0.09000000000000001,0.011089070638020832,0.003515828450520834,0,0.7083333333333334,base
Uniform gain,Freeze after first revision,510146,0.6838118489583334,0.0,0.045000000000000005,0.011188151041666665,0.0035231526692708335,1,0.8333333333333334,base
Uniform gain,Freeze after first revision,510147,0.6039109293619792,0.0,0.125,0.011089070638020832,0.003515828450520834,0,0.625,base
Uniform gain,Freeze after first revision,510148,0.6489042154947916,0.0,0.08000000000000002,0.011095784505208333,0.0035225423177083336,0,0.75,base
Uniform gain,Freeze after first revision,510149,0.6639064534505208,0.0,0.065,0.011093546549479166,0.003520304361979167,0,0.7916666666666666,base
Uniform gain,Freeze after first revision,510150,0.6489109293619791,0.0,0.08,0.011089070638020832,0.003515828450520834,0,0.7083333333333334,base
Uniform gain,Freeze after first revision,510151,0.7087894694010416,0.0,0.02,0.011210530598958332,0.003525390625,1,0.9166666666666666,base
Uniform gain,Freeze after first revision,510152,0.683807373046875,0.0,0.045000000000000005,0.011192626953125,0.0035231526692708335,1,0.875,base
Uniform gain,Freeze after first revision,510153,0.6988028971354167,0.0,0.03,0.01119710286458333,0.003520914713541667,1,0.875,base
Uniform gain,Freeze after first revision,510154,0.6838028971354166,0.0,0.045000000000000005,0.01119710286458333,0.003527628580729167,1,0.8333333333333334,base
Uniform gain,Freeze after first revision,510155,0.7088028971354166,0.0,0.02,0.011197102864583334,0.0035231526692708335,1,0.9166666666666666,base
Uniform gain,Freeze after first revision,510156,0.7287402343749999,0.0,0.0,0.011259765625000001,0.003525390625,1,1.0,base
Uniform gain,Freeze after first revision,510157,0.6987827555338542,0.0,0.030000000000000002,0.011217244466145831,0.0035231526692708335,1,0.9166666666666666,base
Uniform gain,Freeze after first revision,510158,0.7137424723307291,0.0,0.015000000000000001,0.011257527669270831,0.0035231526692708335,1,0.9583333333333334,base
Uniform gain,Freeze after first revision,510159,0.65890869140625,0.0,0.07,0.011091308593750002,0.0035180664062500005,0,0.75,base
Uniform gain,Freeze after first revision,510160,0.6987424723307291,0.0,0.03,0.011257527669270831,0.0035231526692708335,1,0.875,base
Uniform gain,Freeze after first revision,510161,0.6837469482421875,0.0,0.045000000000000005,0.011253051757812499,0.0035186767578125,1,0.8333333333333334,base
Uniform gain,Freeze after first revision,510162,0.65890869140625,0.0,0.07,0.011091308593750002,0.0035180664062500005,0,0.75,base
Uniform gain,Freeze after first revision,510163,0.6437961832682292,0.0,0.085,0.011203816731770832,0.0035298665364583335,1,0.7083333333333334,base
Uniform gain,Freeze after first revision,510164,0.7287447102864583,0.0,0.0,0.011255289713541667,0.003520914713541667,1,1.0,base
Uniform gain,Freeze after first revision,510165,0.6787939453125,0.0,0.049999999999999996,0.0112060546875,0.003527628580729167,1,0.7916666666666666,base
Uniform gain,Freeze after first revision,510166,0.6737447102864583,0.0,0.055,0.011255289713541667,0.003520914713541667,1,0.7916666666666666,base
Uniform gain,Freeze after first revision,510167,0.6439086914062501,0.0,0.085,0.011091308593750002,0.0035180664062500005,0,0.7083333333333334,base
Uniform gain,Freeze after first revision,510168,0.6888163248697917,0.0,0.04000000000000001,0.011183675130208334,0.003520914713541667,1,0.875,base
Uniform gain,Freeze after first revision,510169,0.6788096110026043,0.0,0.05000000000000001,0.011190388997395833,0.003520914713541667,1,0.8333333333333334,base
Uniform gain,Freeze after first revision,510170,0.6988006591796876,0.0,0.03,0.0111993408203125,0.0035164388020833335,1,0.875,base
Uniform gain,Freeze after first revision,510171,0.6289109293619791,0.0,0.10000000000000002,0.011089070638020832,0.003515828450520834,0,0.6666666666666666,base
Uniform gain,Freeze after first revision,510172,0.6839109293619791,0.0,0.045000000000000005,0.011089070638020832,0.003515828450520834,0,0.8333333333333334,base
Uniform gain,Freeze after first revision,510173,0.6639064534505209,0.0,0.06500000000000002,0.011093546549479166,0.003520304361979167,0,0.7916666666666666,base
Uniform gain,Freeze after first revision,510174,0.6887379964192708,0.0,0.04000000000000001,0.011262003580729166,0.003527628580729167,1,0.875,base
Uniform gain,Freeze after first revision,510175,0.7137984212239584,0.0,0.015000000000000001,0.011201578776041667,0.003525390625,1,0.9583333333333334,base
Uniform gain,Freeze after first revision,510176,0.7087894694010416,0.0,0.02,0.011210530598958332,0.0035231526692708335,1,0.9166666666666666,base
Uniform gain,Freeze after first revision,510177,0.6937447102864583,0.0,0.035,0.011255289713541667,0.003520914713541667,1,0.875,base
Uniform gain,Freeze after first revision,510178,0.6737984212239584,0.0,0.055,0.011201578776041665,0.003525390625,1,0.7916666666666666,base
Uniform gain,Freeze after first revision,510179,0.7037424723307292,0.0,0.025000000000000005,0.011257527669270831,0.0035231526692708335,1,0.9166666666666666,base
Uniform gain,Freeze after first revision,510180,0.6938140869140624,0.0,0.035,0.011185913085937499,0.0035231526692708335,1,0.875,base
Uniform gain,Freeze after first revision,510181,0.6687379964192708,0.0,0.06,0.011262003580729166,0.003527628580729167,1,0.7916666666666666,base
Uniform gain,Freeze after first revision,510182,0.6339109293619791,0.0,0.09500000000000001,0.011089070638020832,0.003515828450520834,0,0.6666666666666666,base
Uniform gain,Freeze after first revision,510183,0.6737447102864583,0.0,0.055,0.011255289713541667,0.003520914713541667,1,0.7916666666666666,base
Uniform gain,Freeze after first revision,510184,0.6687424723307291,0.0,0.060000000000000005,0.011257527669270831,0.0035231526692708335,1,0.7916666666666666,base
Uniform gain,Freeze after first revision,510185,0.6388051350911458,0.0,0.09000000000000001,0.011194864908854166,0.003520914713541667,1,0.6666666666666666,base
Uniform gain,Freeze after first revision,510186,0.7088006591796875,0.0,0.02,0.0111993408203125,0.0035231526692708335,1,0.9166666666666666,base
Uniform gain,Freeze after first revision,510187,0.6838140869140625,0.0,0.045000000000000005,0.011185913085937499,0.0035186767578125,1,0.8333333333333334,base
Uniform gain,Freeze after first revision,510188,0.6839019775390623,0.0,0.045000000000000005,0.0110980224609375,0.0035247802734375,0,0.8333333333333334,base
Uniform gain,Freeze after first revision,510189,0.68890869140625,0.0,0.04,0.011091308593750002,0.0035180664062500005,0,0.8333333333333334,base
Uniform gain,Freeze after first revision,510190,0.6539042154947917,0.0,0.07500000000000001,0.011095784505208333,0.0035225423177083336,0,0.75,base
Uniform gain,Freeze after first revision,510191,0.648807373046875,0.0,0.08,0.011192626953125,0.003525390625,1,0.7083333333333334,base
Uniform gain,Freeze after first revision,510192,0.6339109293619791,0.0,0.09500000000000001,0.011089070638020832,0.003515828450520834,0,0.6666666666666666,base
Uniform gain,Freeze after first revision,510193,0.6289131673177083,0.0,0.10000000000000002,0.011086832682291667,0.0035135904947916664,0,0.6666666666666666,base
Uniform gain,Freeze after first revision,510194,0.7187424723307291,0.0,0.01,0.011257527669270831,0.0035231526692708335,1,0.9583333333333334,base
Uniform gain,Freeze after first revision,510195,0.63890869140625,0.0,0.09000000000000001,0.011091308593750002,0.0035180664062500005,0,0.6666666666666666,base
Uniform gain,Freeze after first revision,510196,0.6539064534505208,0.0,0.07500000000000001,0.011093546549479166,0.003520304361979167,0,0.75,base
Uniform gain,Freeze after first revision,510197,0.6787469482421876,0.0,0.05000000000000001,0.011253051757812499,0.0035186767578125,1,0.8333333333333334,base
Uniform gain,Freeze after first revision,510198,0.6639086914062501,0.0,0.065,0.011091308593750002,0.0035180664062500005,0,0.75,base
Uniform gain,Freeze after first revision,510199,0.6639086914062501,0.0,0.065,0.011091308593750002,0.0035180664062500005,0,0.75,base
Uniform gain,Freeze after first revision,510200,0.6987894694010416,0.0,0.03,0.011210530598958332,0.003525390625,1,0.875,base
Uniform gain,Freeze after first revision,510201,0.6837447102864583,0.0,0.045000000000000005,0.011255289713541667,0.003520914713541667,1,0.8333333333333334,base
Uniform gain,Freeze after first revision,510202,0.7287424723307291,0.0,0.0,0.011257527669270831,0.0035231526692708335,1,1.0,base
Uniform gain,Freeze after first revision,510203,0.6787939453125,0.0,0.05000000000000001,0.0112060546875,0.0035231526692708335,1,0.8333333333333334,base
Uniform gain,Freeze after first revision,510204,0.6489064534505209,0.0,0.08,0.011093546549479166,0.003520304361979167,0,0.7083333333333334,base
Uniform gain,Freeze after first revision,510205,0.6988006591796876,0.0,0.030000000000000002,0.0111993408203125,0.003514200846354167,1,0.9166666666666666,base
Uniform gain,Freeze after first revision,510206,0.7137424723307291,0.0,0.015000000000000001,0.011257527669270831,0.0035231526692708335,1,0.9583333333333334,base
Uniform gain,Freeze after first revision,510207,0.7037984212239584,0.0,0.025000000000000005,0.011201578776041667,0.0035186767578125,1,0.9166666666666666,base
Uniform gain,Freeze after first revision,510208,0.7137424723307291,0.0,0.015000000000000001,0.011257527669270831,0.0035231526692708335,1,0.9583333333333334,base
Uniform gain,Freeze after first revision,510209,0.6937491861979167,0.0,0.035,0.011250813802083334,0.0035164388020833335,1,0.875,base
Uniform gain,Freeze after first revision,510210,0.6837424723307292,0.0,0.045000000000000005,0.011257527669270831,0.0035231526692708335,1,0.8333333333333334,base
Uniform gain,Freeze after first revision,510211,0.65390869140625,0.0,0.07500000000000001,0.011091308593750002,0.0035180664062500005,0,0.75,base
Uniform gain,Freeze after first revision,510212,0.5839109293619792,0.0,0.14500000000000002,0.011089070638020832,0.003515828450520834,0,0.5,base
Uniform gain,Freeze after first revision,510213,0.6789042154947916,0.0,0.05000000000000001,0.011095784505208333,0.0035225423177083336,0,0.8333333333333334,base
Uniform gain,Freeze after first revision,510214,0.7087805175781249,0.0,0.02,0.011219482421875001,0.003525390625,1,0.9166666666666666,base
Uniform gain,Freeze after first revision,510215,0.6987984212239584,0.0,0.03,0.011201578776041667,0.0035231526692708335,1,0.875,base
Uniform gain,Freeze after first revision,510216,0.6887424723307292,0.0,0.04000000000000001,0.011257527669270831,0.0035231526692708335,1,0.875,base
Uniform gain,Freeze after first revision,510217,0.6389109293619791,0.0,0.09000000000000001,0.011089070638020832,0.003515828450520834,0,0.7083333333333334,base
Uniform gain,Freeze after first revision,510218,0.6389064534505208,0.0,0.09000000000000001,0.011093546549479166,0.003520304361979167,0,0.7083333333333334,base
Uniform gain,Freeze after first revision,510219,0.6937447102864583,0.0,0.035,0.011255289713541667,0.003520914713541667,1,0.875,base
Uniform gain,Freeze after first revision,510220,0.708740234375,0.0,0.02,0.011259765625000001,0.003525390625,1,0.9166666666666666,base
Uniform gain,Freeze after first revision,510221,0.7187491861979166,0.0,0.01,0.011250813802083334,0.0035164388020833335,1,0.9583333333333334,base
Uniform gain,Freeze after first revision,510222,0.6937424723307292,0.0,0.035,0.011257527669270831,0.0035231526692708335,1,0.875,base
Uniform gain,Freeze after first revision,510223,0.66890869140625,0.0,0.060000000000000005,0.011091308593750002,0.0035180664062500005,0,0.7916666666666666,base
Uniform gain,Freeze after first revision,510224,0.6838208007812501,0.0,0.045000000000000005,0.01117919921875,0.003525390625,1,0.8333333333333334,base
Uniform gain,Freeze after first revision,510225,0.64890869140625,0.0,0.08000000000000002,0.011091308593750002,0.0035180664062500005,0,0.75,base
Uniform gain,Freeze after first revision,510226,0.6837379964192708,0.0,0.045000000000000005,0.011262003580729166,0.003527628580729167,1,0.8333333333333334,base
Uniform gain,Freeze after first revision,510227,0.6937447102864583,0.0,0.035,0.011255289713541667,0.003520914713541667,1,0.875,base
Uniform gain,Freeze after first revision,510228,0.6638006591796874,0.0,0.065,0.0111993408203125,0.003520914713541667,1,0.75,base
Uniform gain,Freeze after first revision,510229,0.6789109293619792,0.0,0.049999999999999996,0.011089070638020832,0.003515828450520834,0,0.7916666666666666,base
Uniform gain,Freeze after first revision,510230,0.6987469482421874,0.0,0.03,0.011253051757812499,0.0035186767578125,1,0.875,base
Uniform gain,Freeze after first revision,510231,0.7187447102864585,0.0,0.01,0.011255289713541667,0.003520914713541667,1,0.9583333333333334,base
Uniform gain,Freeze after first revision,510232,0.66890869140625,0.0,0.060000000000000005,0.011091308593750002,0.0035180664062500005,0,0.7916666666666666,base
Uniform gain,Freeze after first revision,510233,0.6987402343749999,0.0,0.03,0.011259765625000001,0.003525390625,1,0.875,base
Uniform gain,Freeze after first revision,510234,0.6837939453124999,0.0,0.045000000000000005,0.0112060546875,0.003525390625,1,0.8333333333333334,base
Uniform gain,Freeze after first revision,510235,0.6937424723307292,0.0,0.035,0.011257527669270831,0.0035231526692708335,1,0.875,base
Uniform gain,Freeze after first revision,510236,0.6439131673177084,0.0,0.085,0.011086832682291667,0.0035135904947916664,0,0.6666666666666666,base
Uniform gain,Freeze after first revision,510237,0.6538096110026043,0.0,0.075,0.011190388997395833,0.003520914713541667,1,0.7083333333333334,base
Uniform gain,Freeze after first revision,510238,0.6738028971354165,0.0,0.055,0.01119710286458333,0.003520914713541667,1,0.8333333333333334,base
Uniform gain,Freeze after first revision,510239,0.7137469482421874,0.0,0.015000000000000001,0.011253051757812499,0.0035186767578125,1,0.9583333333333334,base
Uniform gain,Freeze after first revision,510240,0.6739064534505209,0.0,0.055,0.011093546549479166,0.003520304361979167,0,0.7916666666666666,base
Uniform gain,Freeze after first revision,510241,0.6539131673177083,0.0,0.075,0.011086832682291667,0.0035135904947916664,0,0.7083333333333334,base
Uniform gain,Freeze after first revision,510242,0.7188006591796875,0.0,0.01,0.011199340820312499,0.003520914713541667,1,0.9583333333333334,base
Uniform gain,Freeze after first revision,510243,0.6889042154947917,0.0,0.04000000000000001,0.011095784505208333,0.0035225423177083336,0,0.875,base
Uniform gain,Freeze after first revision,510244,0.6837424723307292,0.0,0.045000000000000005,0.011257527669270831,0.0035231526692708335,1,0.8333333333333334,base
Uniform gain,Freeze after first revision,510245,0.7037424723307293,0.0,0.025000000000000005,0.011257527669270831,0.0035231526692708335,1,0.9166666666666666,base
Uniform gain,Freeze after first revision,510246,0.7089064534505208,0.0,0.02,0.011093546549479166,0.003520304361979167,0,0.9166666666666666,base
Uniform gain,Freeze after first revision,510247,0.6688096110026042,0.0,0.060000000000000005,0.011190388997395833,0.0035186767578125,1,0.7916666666666666,base
Uniform gain,Freeze after first revision,510248,0.6589109293619791,0.0,0.07,0.011089070638020832,0.003515828450520834,0,0.75,base
Uniform gain,Freeze after first revision,510249,0.658807373046875,0.0,0.07,0.011192626953125001,0.003525390625,1,0.75,base
Uniform gain,Freeze after first revision,510250,0.6439086914062501,0.0,0.085,0.011091308593750002,0.0035180664062500005,0,0.6666666666666666,base
Uniform gain,Freeze after first revision,510251,0.63890869140625,0.0,0.09000000000000001,0.011091308593750002,0.0035180664062500005,0,0.7083333333333334,base
Uniform gain,Freeze after first revision,510252,0.6987469482421876,0.0,0.03,0.011253051757812499,0.0035186767578125,1,0.875,base
Uniform gain,Freeze after first revision,510253,0.69390869140625,0.0,0.035,0.011091308593750002,0.0035180664062500005,0,0.875,base
Uniform gain,Freeze after first revision,510254,0.703807373046875,0.0,0.025000000000000005,0.011192626953125,0.0035231526692708335,1,0.9166666666666666,base
Uniform gain,Freeze after first revision,510255,0.6539109293619791,0.0,0.07500000000000001,0.011089070638020832,0.003515828450520834,0,0.75,base
