environment,memory,arm,stream_seed,replicate,meta_share,trials,pool,program_memory,net,harm,regret,expense,meta_expense,labels,changes,late_net
Stationary harm,Cumulative,Discover once,930000,0,0.2,1,True,True,0.48180735270182296,0.0,0.0,0.018192647298177083,0.0006023152669270834,338.6666666666667,0.020833333333333332,0.4817919921875
Stationary harm,Cumulative,Discover once,930000,1,0.2,1,True,True,0.43430877685546876,0.0,0.04750000000000001,0.018191223144531248,0.00060089111328125,338.6875,0.0,0.3617919921874999
Stationary harm,Cumulative,Discover once,930000,2,0.2,1,True,True,0.45181101481119795,0.0,0.03000000000000001,0.01818898518880208,0.0005986531575520833,338.6458333333333,0.0,0.4817919921875
Stationary harm,Cumulative,Discover once,930000,3,0.2,1,True,True,0.48181213378906246,0.0,0.0,0.018187866210937497,0.0005975341796875001,338.625,0.0,0.4817919921875
Stationary harm,Cumulative,Discover once,930000,4,0.2,1,True,True,0.4816719563802083,0.0,0.0,0.018328043619791668,0.0006034342447916667,341.1875,0.020833333333333332,0.481630859375
Stationary harm,Cumulative,Discover once,930000,5,0.2,1,True,True,0.4768098958333334,0.0,0.005000000000000001,0.018190104166666665,0.0005997721354166666,338.6666666666667,0.0,0.4817919921875
Stationary harm,Cumulative,Discover once,930000,6,0.2,1,True,True,0.4816730753580729,0.0,0.0,0.018326924641927086,0.0006023152669270834,341.1666666666667,0.020833333333333332,0.481630859375
Stationary harm,Cumulative,Discover once,930000,7,0.2,1,True,True,0.4818098958333334,0.0,0.0,0.018190104166666665,0.0005997721354166666,338.6666666666667,0.0,0.4817919921875
Stationary harm,Cumulative,Discover once,930000,8,0.2,1,True,True,0.481811014811198,0.0,0.0,0.01818898518880208,0.0005986531575520833,338.6458333333333,0.0,0.4817919921875
Stationary harm,Cumulative,Discover once,930000,9,0.2,1,True,True,0.48180735270182296,0.0,0.0,0.018192647298177083,0.0006023152669270834,338.6666666666667,0.020833333333333332,0.4817919921875
Stationary harm,Cumulative,Discover once,930000,10,0.2,1,True,True,0.4816730753580729,0.0,0.0,0.018326924641927086,0.0006023152669270834,341.1666666666667,0.020833333333333332,0.481630859375
Stationary harm,Cumulative,Discover once,930000,11,0.2,1,True,True,0.4816741943359375,0.0,0.0,0.0183258056640625,0.0006011962890625,341.1458333333333,0.020833333333333332,0.481630859375
Stationary harm,Cumulative,Discover once,930000,12,0.2,1,True,True,0.48180847167968754,0.0,0.0,0.018191528320312497,0.0006011962890625,338.6458333333333,0.020833333333333332,0.4817919921875
Stationary harm,Cumulative,Discover once,930000,13,0.2,1,True,True,0.4816730753580729,0.0,0.0,0.018326924641927086,0.0006023152669270834,341.1666666666667,0.020833333333333332,0.481630859375
Stationary harm,Cumulative,Discover once,930000,14,0.2,1,True,True,0.4818095906575521,0.0,0.0,0.018190409342447915,0.0006000773111979167,338.625,0.020833333333333332,0.4817919921875
Stationary harm,Cumulative,Discover once,930000,15,0.2,1,True,True,0.4818098958333334,0.0,0.0,0.018190104166666665,0.0005997721354166666,338.6666666666667,0.0,0.4817919921875
Stationary harm,Cumulative,Discover once,930000,16,0.2,1,True,True,0.4793110148111979,0.0,0.0025000000000000005,0.01818898518880208,0.0005986531575520833,338.6458333333333,0.0,0.4817919921875
Stationary harm,Cumulative,Discover once,930000,17,0.2,1,True,True,0.4816719563802083,0.0,0.0,0.018328043619791668,0.0006034342447916667,341.1875,0.020833333333333332,0.481630859375
Stationary harm,Cumulative,Discover once,930000,18,0.2,1,True,True,0.47930735270182295,0.0,0.0025000000000000005,0.018192647298177083,0.0006023152669270834,338.6666666666667,0.020833333333333332,0.4817919921875
Stationary harm,Cumulative,Discover once,930000,19,0.2,1,True,True,0.4816719563802083,0.0,0.0,0.018328043619791668,0.0006034342447916667,341.1875,0.020833333333333332,0.481630859375
Stationary harm,Cumulative,Discover once,930000,20,0.2,1,True,True,0.481811014811198,0.0,0.0,0.01818898518880208,0.0005986531575520833,338.6458333333333,0.0,0.4817919921875
Stationary harm,Cumulative,Discover once,930000,21,0.2,1,True,True,0.4491719563802083,0.0,0.03250000000000001,0.018328043619791668,0.0006034342447916667,341.1875,0.020833333333333332,0.481630859375
Stationary harm,Cumulative,Discover once,930000,22,0.2,1,True,True,0.4816730753580729,0.0,0.0,0.018326924641927086,0.0006023152669270834,341.1666666666667,0.020833333333333332,0.481630859375
Stationary harm,Cumulative,Discover once,930000,23,0.2,1,True,True,0.4816730753580729,0.0,0.0,0.018326924641927086,0.0006023152669270834,341.1666666666667,0.020833333333333332,0.481630859375
Stationary harm,Cumulative,Discover once,930000,24,0.2,1,True,True,0.48180735270182296,0.0,0.0,0.018192647298177083,0.0006023152669270834,338.6666666666667,0.020833333333333332,0.4817919921875
Stationary harm,Cumulative,Discover once,930000,25,0.2,1,True,True,0.48180735270182296,0.0,0.0,0.018192647298177083,0.0006023152669270834,338.6666666666667,0.020833333333333332,0.4817919921875
Stationary harm,Cumulative,Discover once,930000,26,0.2,1,True,True,0.4818098958333334,0.0,0.0,0.018190104166666665,0.0005997721354166666,338.6666666666667,0.0,0.4817919921875
Stationary harm,Cumulative,Discover once,930000,27,0.2,1,True,True,0.47667419433593744,0.0,0.005000000000000001,0.0183258056640625,0.0006011962890625,341.1458333333333,0.020833333333333332,0.481630859375
Stationary harm,Cumulative,Discover once,930000,28,0.2,1,True,True,0.48180735270182296,0.0,0.0,0.018192647298177083,0.0006023152669270834,338.6666666666667,0.020833333333333332,0.4817919921875
Stationary harm,Cumulative,Discover once,930000,29,0.2,1,True,True,0.4816730753580729,0.0,0.0,0.018326924641927086,0.0006023152669270834,341.1666666666667,0.020833333333333332,0.481630859375
Stationary harm,Cumulative,Discover once,930000,30,0.2,1,True,True,0.481811014811198,0.0,0.0,0.01818898518880208,0.0005986531575520833,338.6458333333333,0.0,0.4817919921875
Stationary harm,Cumulative,Discover once,930000,31,0.2,1,True,True,0.48180847167968754,0.0,0.0,0.018191528320312497,0.0006011962890625,338.6458333333333,0.020833333333333332,0.4817919921875
Stationary harm,Cumulative,Discover once,930000,32,0.2,1,True,True,0.47430989583333333,0.0,0.007500000000000002,0.018190104166666665,0.0005997721354166666,338.6666666666667,0.0,0.4817919921875
Stationary harm,Cumulative,Discover once,930000,33,0.2,1,True,True,0.4816719563802083,0.0,0.0,0.018328043619791668,0.0006034342447916667,341.1875,0.020833333333333332,0.481630859375
Stationary harm,Cumulative,Discover once,930000,34,0.2,1,True,True,0.4816741943359375,0.0,0.0,0.0183258056640625,0.0006011962890625,341.1458333333333,0.020833333333333332,0.481630859375
Stationary harm,Cumulative,Discover once,930000,35,0.2,1,True,True,0.4816730753580729,0.0,0.0,0.018326924641927086,0.0006023152669270834,341.1666666666667,0.020833333333333332,0.481630859375
Stationary harm,Cumulative,Discover once,930000,36,0.2,1,True,True,0.4816741943359375,0.0,0.0,0.0183258056640625,0.0006011962890625,341.1458333333333,0.020833333333333332,0.481630859375
Stationary harm,Cumulative,Discover once,930000,37,0.2,1,True,True,0.4816730753580729,0.0,0.0,0.018326924641927086,0.0006023152669270834,341.1666666666667,0.020833333333333332,0.481630859375
Stationary harm,Cumulative,Discover once,930000,38,0.2,1,True,True,0.47930623372395836,0.0,0.0025000000000000005,0.018193766276041665,0.0006034342447916667,338.6875,0.020833333333333332,0.4817919921875
Stationary harm,Cumulative,Discover once,930000,39,0.2,1,True,True,0.48180735270182296,0.0,0.0,0.018192647298177083,0.0006023152669270834,338.6666666666667,0.020833333333333332,0.4817919921875
Stationary harm,Cumulative,Discover once,930000,40,0.2,1,True,True,0.4818098958333334,0.0,0.0,0.018190104166666665,0.0005997721354166666,338.6666666666667,0.0,0.4817919921875
Stationary harm,Cumulative,Discover once,930000,41,0.2,1,True,True,0.4818087768554688,0.0,0.0,0.018191223144531248,0.00060089111328125,338.6875,0.0,0.4817919921875
Stationary harm,Cumulative,Discover once,930000,42,0.2,1,True,True,0.4816730753580729,0.0,0.0,0.018326924641927086,0.0006023152669270834,341.1666666666667,0.020833333333333332,0.481630859375
Stationary harm,Cumulative,Discover once,930000,43,0.2,1,True,True,0.4816719563802083,0.0,0.0,0.018328043619791668,0.0006034342447916667,341.1875,0.020833333333333332,0.481630859375
Stationary harm,Cumulative,Discover once,930000,44,0.2,1,True,True,0.48180847167968754,0.0,0.0,0.018191528320312497,0.0006011962890625,338.6458333333333,0.020833333333333332,0.4817919921875
Stationary harm,Cumulative,Discover once,930000,45,0.2,1,True,True,0.4818098958333334,0.0,0.0,0.018190104166666665,0.0005997721354166666,338.6666666666667,0.0,0.4817919921875
Stationary harm,Cumulative,Discover once,930000,46,0.2,1,True,True,0.48180735270182296,0.0,0.0,0.018192647298177083,0.0006023152669270834,338.6666666666667,0.020833333333333332,0.4817919921875
Stationary harm,Cumulative,Discover once,930000,47,0.2,1,True,True,0.48180735270182296,0.0,0.0,0.018192647298177083,0.0006023152669270834,338.6666666666667,0.020833333333333332,0.4817919921875
Stationary harm,Cumulative,Discover once,930000,48,0.2,1,True,True,0.48180735270182296,0.0,0.0,0.018192647298177083,0.0006023152669270834,338.6666666666667,0.020833333333333332,0.4817919921875
Stationary harm,Cumulative,Discover once,930000,49,0.2,1,True,True,0.4816730753580729,0.0,0.0,0.018326924641927086,0.0006023152669270834,341.1666666666667,0.020833333333333332,0.481630859375
Stationary harm,Cumulative,Discover once,930000,50,0.2,1,True,True,0.4818087768554688,0.0,0.0,0.018191223144531248,0.00060089111328125,338.6875,0.0,0.4817919921875
Stationary harm,Cumulative,Discover once,930000,51,0.2,1,True,True,0.4816741943359375,0.0,0.0,0.0183258056640625,0.0006011962890625,341.1458333333333,0.020833333333333332,0.481630859375
Stationary harm,Cumulative,Discover once,930000,52,0.2,1,True,True,0.4816753133138021,0.0,0.0,0.018324686686197918,0.0006000773111979167,341.125,0.020833333333333332,0.481630859375
Stationary harm,Cumulative,Discover once,930000,53,0.2,1,True,True,0.4743121337890625,0.0,0.007500000000000002,0.018187866210937497,0.0005975341796875001,338.625,0.0,0.4817919921875
Stationary harm,Cumulative,Discover once,930000,54,0.2,1,True,True,0.4816719563802083,0.0,0.0,0.018328043619791668,0.0006034342447916667,341.1875,0.020833333333333332,0.481630859375
Stationary harm,Cumulative,Discover once,930000,55,0.2,1,True,True,0.4816730753580729,0.0,0.0,0.018326924641927086,0.0006023152669270834,341.1666666666667,0.020833333333333332,0.481630859375
Stationary harm,Cumulative,Discover once,930000,56,0.2,1,True,True,0.48180735270182296,0.0,0.0,0.018192647298177083,0.0006023152669270834,338.6666666666667,0.020833333333333332,0.4817919921875
Stationary harm,Cumulative,Discover once,930000,57,0.2,1,True,True,0.481811014811198,0.0,0.0,0.01818898518880208,0.0005986531575520833,338.6458333333333,0.0,0.4817919921875
Stationary harm,Cumulative,Discover once,930000,58,0.2,1,True,True,0.48180735270182296,0.0,0.0,0.018192647298177083,0.0006023152669270834,338.6666666666667,0.020833333333333332,0.4817919921875
Stationary harm,Cumulative,Discover once,930000,59,0.2,1,True,True,0.4816719563802083,0.0,0.0,0.018328043619791668,0.0006034342447916667,341.1875,0.020833333333333332,0.481630859375
Stationary harm,Cumulative,Discover once,930000,60,0.2,1,True,True,0.4816741943359375,0.0,0.0,0.0183258056640625,0.0006011962890625,341.1458333333333,0.020833333333333332,0.481630859375
Stationary harm,Cumulative,Discover once,930000,61,0.2,1,True,True,0.4818095906575521,0.0,0.0,0.018190409342447915,0.0006000773111979167,338.625,0.020833333333333332,0.4817919921875
Stationary harm,Cumulative,Discover once,930000,62,0.2,1,True,True,0.48180847167968754,0.0,0.0,0.018191528320312497,0.0006011962890625,338.6458333333333,0.020833333333333332,0.4817919921875
Stationary harm,Cumulative,Discover once,930000,63,0.2,1,True,True,0.48180847167968754,0.0,0.0,0.018191528320312497,0.0006011962890625,338.6458333333333,0.020833333333333332,0.4817919921875
Stationary harm,Cumulative,Discover once,930000,64,0.2,1,True,True,0.4816719563802083,0.0,0.0,0.018328043619791668,0.0006034342447916667,341.1875,0.020833333333333332,0.481630859375
Stationary harm,Cumulative,Discover once,930000,65,0.2,1,True,True,0.4816741943359375,0.0,0.0,0.0183258056640625,0.0006011962890625,341.1458333333333,0.020833333333333332,0.481630859375
Stationary harm,Cumulative,Discover once,930000,66,0.2,1,True,True,0.4818095906575521,0.0,0.0,0.018190409342447915,0.0006000773111979167,338.625,0.020833333333333332,0.4817919921875
Stationary harm,Cumulative,Discover once,930000,67,0.2,1,True,True,0.481811014811198,0.0,0.0,0.01818898518880208,0.0005986531575520833,338.6458333333333,0.0,0.4817919921875
Stationary harm,Cumulative,Discover once,930000,68,0.2,1,True,True,0.48180623372395837,0.0,0.0,0.018193766276041665,0.0006034342447916667,338.6875,0.020833333333333332,0.4817919921875
Stationary harm,Cumulative,Discover once,930000,69,0.2,1,True,True,0.48180847167968754,0.0,0.0,0.018191528320312497,0.0006011962890625,338.6458333333333,0.020833333333333332,0.4817919921875
Stationary harm,Cumulative,Discover once,930000,70,0.2,1,True,True,0.4818095906575521,0.0,0.0,0.018190409342447915,0.0006000773111979167,338.625,0.020833333333333332,0.4817919921875
Stationary harm,Cumulative,Discover once,930000,71,0.2,1,True,True,0.481811014811198,0.0,0.0,0.01818898518880208,0.0005986531575520833,338.6458333333333,0.0,0.4817919921875
Stationary harm,Cumulative,Discover once,930000,72,0.2,1,True,True,0.4816719563802083,0.0,0.0,0.018328043619791668,0.0006034342447916667,341.1875,0.020833333333333332,0.481630859375
Stationary harm,Cumulative,Discover once,930000,73,0.2,1,True,True,0.4818098958333334,0.0,0.0,0.018190104166666665,0.0005997721354166666,338.6666666666667,0.0,0.4817919921875
Stationary harm,Cumulative,Discover once,930000,74,0.2,1,True,True,0.4791730753580729,0.0,0.0025000000000000005,0.018326924641927086,0.0006023152669270834,341.1666666666667,0.020833333333333332,0.481630859375
Stationary harm,Cumulative,Discover once,930000,75,0.2,1,True,True,0.43243489583333333,0.020833333333333332,0.049375,0.018190104166666665,0.0005997721354166666,338.6666666666667,0.0,0.4817919921875
Stationary harm,Cumulative,Discover once,930000,76,0.2,1,True,True,0.4543098958333333,0.0,0.027500000000000007,0.018190104166666665,0.0005997721354166666,338.6666666666667,0.0,0.4817919921875
Stationary harm,Cumulative,Discover once,930000,77,0.2,1,True,True,0.48180623372395837,0.0,0.0,0.018193766276041665,0.0006034342447916667,338.6875,0.020833333333333332,0.4817919921875
Stationary harm,Cumulative,Discover once,930000,78,0.2,1,True,True,0.4816730753580729,0.0,0.0,0.018326924641927086,0.0006023152669270834,341.1666666666667,0.020833333333333332,0.481630859375
Stationary harm,Cumulative,Discover once,930000,79,0.2,1,True,True,0.48180735270182296,0.0,0.0,0.018192647298177083,0.0006023152669270834,338.6666666666667,0.020833333333333332,0.4817919921875
Stationary harm,Cumulative,Discover once,930000,80,0.2,1,True,True,0.4816730753580729,0.0,0.0,0.018326924641927086,0.0006023152669270834,341.1666666666667,0.020833333333333332,0.481630859375
Stationary harm,Cumulative,Discover once,930000,81,0.2,1,True,True,0.47180735270182295,0.0,0.010000000000000002,0.018192647298177083,0.0006023152669270834,338.6666666666667,0.020833333333333332,0.4817919921875
Stationary harm,Cumulative,Discover once,930000,82,0.2,1,True,True,0.47930735270182295,0.0,0.0025000000000000005,0.018192647298177083,0.0006023152669270834,338.6666666666667,0.020833333333333332,0.4817919921875
Stationary harm,Cumulative,Discover once,930000,83,0.2,1,True,True,0.47430623372395836,0.0,0.007500000000000002,0.018193766276041665,0.0006034342447916667,338.6875,0.020833333333333332,0.4817919921875
Stationary harm,Cumulative,Discover once,930000,84,0.2,1,True,True,0.4816753133138021,0.0,0.0,0.018324686686197918,0.0006000773111979167,341.125,0.020833333333333332,0.481630859375
Stationary harm,Cumulative,Discover once,930000,85,0.2,1,True,True,0.4818098958333334,0.0,0.0,0.018190104166666665,0.0005997721354166666,338.6666666666667,0.0,0.4817919921875
Stationary harm,Cumulative,Discover once,930000,86,0.2,1,True,True,0.4816753133138021,0.0,0.0,0.018324686686197918,0.0006000773111979167,341.125,0.020833333333333332,0.481630859375
Stationary harm,Cumulative,Discover once,930000,87,0.2,1,True,True,0.48180847167968754,0.0,0.0,0.018191528320312497,0.0006011962890625,338.6458333333333,0.020833333333333332,0.4817919921875
Stationary harm,Cumulative,Discover once,930000,88,0.2,1,True,True,0.48180735270182296,0.0,0.0,0.018192647298177083,0.0006023152669270834,338.6666666666667,0.020833333333333332,0.4817919921875
Stationary harm,Cumulative,Discover once,930000,89,0.2,1,True,True,0.48180847167968754,0.0,0.0,0.018191528320312497,0.0006011962890625,338.6458333333333,0.020833333333333332,0.4817919921875
Stationary harm,Cumulative,Discover once,930000,90,0.2,1,True,True,0.48181213378906246,0.0,0.0,0.018187866210937497,0.0005975341796875001,338.625,0.0,0.4817919921875
Stationary harm,Cumulative,Discover once,930000,91,0.2,1,True,True,0.48180735270182296,0.0,0.0,0.018192647298177083,0.0006023152669270834,338.6666666666667,0.020833333333333332,0.4817919921875
Stationary harm,Cumulative,Discover once,930000,92,0.2,1,True,True,0.48180735270182296,0.0,0.0,0.018192647298177083,0.0006023152669270834,338.6666666666667,0.020833333333333332,0.4817919921875
Stationary harm,Cumulative,Discover once,930000,93,0.2,1,True,True,0.48180735270182296,0.0,0.0,0.018192647298177083,0.0006023152669270834,338.6666666666667,0.020833333333333332,0.4817919921875
Stationary harm,Cumulative,Discover once,930000,94,0.2,1,True,True,0.48180847167968754,0.0,0.0,0.018191528320312497,0.0006011962890625,338.6458333333333,0.020833333333333332,0.4817919921875
Stationary harm,Cumulative,Discover once,930000,95,0.2,1,True,True,0.4816741943359375,0.0,0.0,0.0183258056640625,0.0006011962890625,341.1458333333333,0.020833333333333332,0.481630859375
Stationary harm,Cumulative,Repeated discovery,930000,0,0.2,1,True,True,0.48190043131510424,0.0,0.0,0.018099568684895834,0.0035976155598958334,336.7916666666667,0.08333333333333333,0.481912841796875
Stationary harm,Cumulative,Repeated discovery,930000,1,0.2,1,True,True,0.4819069417317709,0.0,0.0,0.018093058268229167,0.003591105143229167,336.8125,0.020833333333333332,0.481912841796875
Stationary harm,Cumulative,Repeated discovery,930000,2,0.2,1,True,True,0.4619066365559896,0.0,0.020000000000000004,0.018093363444010416,0.0035914103190104168,336.7708333333333,0.041666666666666664,0.481912841796875
Stationary harm,Cumulative,Repeated discovery,930000,3,0.2,1,True,True,0.48191029866536467,0.0,0.0,0.018089701334635413,0.0035877482096354166,336.75,0.020833333333333332,0.481912841796875
Stationary harm,Cumulative,Repeated discovery,930000,4,0.2,1,True,True,0.48190439860026046,0.0,0.0,0.018095601399739585,0.0035936482747395836,336.8125,0.041666666666666664,0.481912841796875
Stationary harm,Cumulative,Repeated discovery,930000,5,0.2,1,True,True,0.476905517578125,0.0,0.005000000000000001,0.018094482421875,0.0035925292968750004,336.7916666666667,0.041666666666666664,0.481912841796875
Stationary harm,Cumulative,Repeated discovery,930000,6,0.2,1,True,True,0.48190551757812505,0.0,0.0,0.018094482421875,0.0035925292968750004,336.7916666666667,0.041666666666666664,0.481912841796875
Stationary harm,Cumulative,Repeated discovery,930000,7,0.2,1,True,True,0.4819080607096355,0.0,0.0,0.018091939290364584,0.0035899861653645834,336.7916666666667,0.020833333333333332,0.481912841796875
Stationary harm,Cumulative,Repeated discovery,930000,8,0.2,1,True,True,0.4819091796875001,0.0,0.0,0.0180908203125,0.0035888671875000003,336.7708333333333,0.020833333333333332,0.481912841796875
Stationary harm,Cumulative,Repeated discovery,930000,9,0.2,1,True,True,0.4819080607096355,0.0,0.0,0.018091939290364584,0.0035899861653645834,336.7916666666667,0.020833333333333332,0.481912841796875
Stationary harm,Cumulative,Repeated discovery,930000,10,0.2,1,True,True,0.48190551757812505,0.0,0.0,0.018094482421875,0.0035925292968750004,336.7916666666667,0.041666666666666664,0.481912841796875
Stationary harm,Cumulative,Repeated discovery,930000,11,0.2,1,True,True,0.4819040934244792,0.0,0.0,0.01809590657552083,0.0035939534505208333,336.7708333333333,0.0625,0.481912841796875
Stationary harm,Cumulative,Repeated discovery,930000,12,0.2,1,True,True,0.48190663655598964,0.0,0.0,0.018093363444010416,0.0035914103190104168,336.7708333333333,0.041666666666666664,0.4818975830078125
Stationary harm,Cumulative,Repeated discovery,930000,13,0.2,1,True,True,0.48190551757812505,0.0,0.0,0.018094482421875,0.0035925292968750004,336.7916666666667,0.041666666666666664,0.481912841796875
Stationary harm,Cumulative,Repeated discovery,930000,14,0.2,1,True,True,0.48190775553385423,0.0,0.0,0.01809224446614583,0.003590291341145833,336.75,0.041666666666666664,0.481912841796875
Stationary harm,Cumulative,Repeated discovery,930000,15,0.2,1,True,True,0.4819080607096355,0.0,0.0,0.018091939290364584,0.0035899861653645834,336.7916666666667,0.020833333333333332,0.4818975830078125
Stationary harm,Cumulative,Repeated discovery,930000,16,0.2,1,True,True,0.47940663655598953,0.0,0.0025000000000000005,0.018093363444010416,0.0035914103190104168,336.7708333333333,0.041666666666666664,0.481912841796875
Stationary harm,Cumulative,Repeated discovery,930000,17,0.2,1,True,True,0.48190439860026046,0.0,0.0,0.018095601399739585,0.0035936482747395836,336.8125,0.041666666666666664,0.481912841796875
Stationary harm,Cumulative,Repeated discovery,930000,18,0.2,1,True,True,0.4794004313151041,0.0,0.0025000000000000005,0.018099568684895834,0.0035976155598958334,336.7916666666667,0.08333333333333333,0.4818975830078125
Stationary harm,Cumulative,Repeated discovery,930000,19,0.2,1,True,True,0.48190439860026046,0.0,0.0,0.018095601399739585,0.0035936482747395836,336.8125,0.041666666666666664,0.481912841796875
Stationary harm,Cumulative,Repeated discovery,930000,20,0.2,1,True,True,0.48191172281901046,0.0,0.0,0.01808827718098958,0.0035863240559895833,336.7708333333333,0.0,0.481912841796875
Stationary harm,Cumulative,Repeated discovery,930000,21,0.2,1,True,True,0.44440185546874994,0.0,0.037500000000000006,0.018098144531250002,0.0035961914062500005,336.8125,0.0625,0.481912841796875
Stationary harm,Cumulative,Repeated discovery,930000,22,0.2,1,True,True,0.4819029744466146,0.0,0.0,0.018097025553385417,0.003595072428385417,336.7916666666667,0.0625,0.481912841796875
Stationary harm,Cumulative,Repeated discovery,930000,23,0.2,1,True,True,0.4819080607096355,0.0,0.0,0.018091939290364584,0.0035899861653645834,336.7916666666667,0.020833333333333332,0.481912841796875
Stationary harm,Cumulative,Repeated discovery,930000,24,0.2,1,True,True,0.4819080607096355,0.0,0.0,0.018091939290364584,0.0035899861653645834,336.7916666666667,0.020833333333333332,0.481912841796875
Stationary harm,Cumulative,Repeated discovery,930000,25,0.2,1,True,True,0.4819080607096355,0.0,0.0,0.018091939290364584,0.0035899861653645834,336.7916666666667,0.020833333333333332,0.481912841796875
Stationary harm,Cumulative,Repeated discovery,930000,26,0.2,1,True,True,0.48191060384114587,0.0,0.0,0.018089396158854167,0.003587443033854167,336.7916666666667,0.0,0.481912841796875
Stationary harm,Cumulative,Repeated discovery,930000,27,0.2,1,True,True,0.47690155029296877,0.0,0.005000000000000001,0.01809844970703125,0.0035964965820312503,336.7708333333333,0.08333333333333333,0.481912841796875
Stationary harm,Cumulative,Repeated discovery,930000,28,0.2,1,True,True,0.4819029744466146,0.0,0.0,0.018097025553385417,0.003595072428385417,336.7916666666667,0.0625,0.4818975830078125
Stationary harm,Cumulative,Repeated discovery,930000,29,0.2,1,True,True,0.48190043131510424,0.0,0.0,0.018099568684895834,0.0035976155598958334,336.7916666666667,0.08333333333333333,0.4818975830078125
Stationary harm,Cumulative,Repeated discovery,930000,30,0.2,1,True,True,0.4819091796875001,0.0,0.0,0.0180908203125,0.0035888671875000003,336.7708333333333,0.020833333333333332,0.481912841796875
Stationary harm,Cumulative,Repeated discovery,930000,31,0.2,1,True,True,0.48190663655598964,0.0,0.0,0.018093363444010416,0.0035914103190104168,336.7708333333333,0.041666666666666664,0.481912841796875
Stationary harm,Cumulative,Repeated discovery,930000,32,0.2,1,True,True,0.47440297444661456,0.0,0.007500000000000002,0.018097025553385417,0.003595072428385417,336.7916666666667,0.0625,0.481912841796875
Stationary harm,Cumulative,Repeated discovery,930000,33,0.2,1,True,True,0.4819069417317709,0.0,0.0,0.018093058268229167,0.003591105143229167,336.8125,0.020833333333333332,0.481912841796875
Stationary harm,Cumulative,Repeated discovery,930000,34,0.2,1,True,True,0.4819015502929688,0.0,0.0,0.01809844970703125,0.0035964965820312503,336.7708333333333,0.08333333333333333,0.481912841796875
Stationary harm,Cumulative,Repeated discovery,930000,35,0.2,1,True,True,0.4819080607096355,0.0,0.0,0.018091939290364584,0.0035899861653645834,336.7916666666667,0.020833333333333332,0.481912841796875
Stationary harm,Cumulative,Repeated discovery,930000,36,0.2,1,True,True,0.4819040934244792,0.0,0.0,0.01809590657552083,0.0035939534505208333,336.7708333333333,0.0625,0.481912841796875
Stationary harm,Cumulative,Repeated discovery,930000,37,0.2,1,True,True,0.4819080607096355,0.0,0.0,0.018091939290364584,0.0035899861653645834,336.7916666666667,0.020833333333333332,0.481912841796875
Stationary harm,Cumulative,Repeated discovery,930000,38,0.2,1,True,True,0.4794069417317708,0.0,0.0025000000000000005,0.018093058268229167,0.003591105143229167,336.8125,0.020833333333333332,0.481912841796875
Stationary harm,Cumulative,Repeated discovery,930000,39,0.2,1,True,True,0.4818978881835938,0.0,0.0,0.01810211181640625,0.0036001586914062504,336.7916666666667,0.10416666666666667,0.4818975830078125
Stationary harm,Cumulative,Repeated discovery,930000,40,0.2,1,True,True,0.48190551757812505,0.0,0.0,0.018094482421875,0.0035925292968750004,336.7916666666667,0.041666666666666664,0.481912841796875
Stationary harm,Cumulative,Repeated discovery,930000,41,0.2,1,True,True,0.4819069417317709,0.0,0.0,0.018093058268229167,0.003591105143229167,336.8125,0.020833333333333332,0.481912841796875
Stationary harm,Cumulative,Repeated discovery,930000,42,0.2,1,True,True,0.48190551757812505,0.0,0.0,0.018094482421875,0.0035925292968750004,336.7916666666667,0.041666666666666664,0.4818975830078125
Stationary harm,Cumulative,Repeated discovery,930000,43,0.2,1,True,True,0.48189931233723965,0.0,0.0,0.018100687662760417,0.003598734537760417,336.8125,0.08333333333333333,0.4818975830078125
Stationary harm,Cumulative,Repeated discovery,930000,44,0.2,1,True,True,0.4819040934244792,0.0,0.0,0.01809590657552083,0.0035939534505208333,336.7708333333333,0.0625,0.481912841796875
Stationary harm,Cumulative,Repeated discovery,930000,45,0.2,1,True,True,0.48191060384114587,0.0,0.0,0.018089396158854167,0.003587443033854167,336.7916666666667,0.0,0.481912841796875
Stationary harm,Cumulative,Repeated discovery,930000,46,0.2,1,True,True,0.4819080607096355,0.0,0.0,0.018091939290364584,0.0035899861653645834,336.7916666666667,0.020833333333333332,0.481912841796875
Stationary harm,Cumulative,Repeated discovery,930000,47,0.2,1,True,True,0.48190043131510424,0.0,0.0,0.018099568684895834,0.0035976155598958334,336.7916666666667,0.08333333333333333,0.4818975830078125
Stationary harm,Cumulative,Repeated discovery,930000,48,0.2,1,True,True,0.4819080607096355,0.0,0.0,0.018091939290364584,0.0035899861653645834,336.7916666666667,0.020833333333333332,0.481912841796875
Stationary harm,Cumulative,Repeated discovery,930000,49,0.2,1,True,True,0.4819080607096355,0.0,0.0,0.018091939290364584,0.0035899861653645834,336.7916666666667,0.020833333333333332,0.481912841796875
Stationary harm,Cumulative,Repeated discovery,930000,50,0.2,1,True,True,0.4819094848632813,0.0,0.0,0.018090515136718752,0.0035885620117187505,336.8125,0.0,0.481912841796875
Stationary harm,Cumulative,Repeated discovery,930000,51,0.2,1,True,True,0.48190663655598964,0.0,0.0,0.018093363444010416,0.0035914103190104168,336.7708333333333,0.041666666666666664,0.481912841796875
Stationary harm,Cumulative,Repeated discovery,930000,52,0.2,1,True,True,0.4819052124023438,0.0,0.0,0.01809478759765625,0.00359283447265625,336.75,0.0625,0.481912841796875
Stationary harm,Cumulative,Repeated discovery,930000,53,0.2,1,True,True,0.47440521240234373,0.0,0.007500000000000002,0.01809478759765625,0.00359283447265625,336.75,0.0625,0.481912841796875
Stationary harm,Cumulative,Repeated discovery,930000,54,0.2,1,True,True,0.4819069417317709,0.0,0.0,0.018093058268229167,0.003591105143229167,336.8125,0.020833333333333332,0.481912841796875
Stationary harm,Cumulative,Repeated discovery,930000,55,0.2,1,True,True,0.48190043131510424,0.0,0.0,0.018099568684895834,0.0035976155598958334,336.7916666666667,0.08333333333333333,0.481912841796875
Stationary harm,Cumulative,Repeated discovery,930000,56,0.2,1,True,True,0.4819080607096355,0.0,0.0,0.018091939290364584,0.0035899861653645834,336.7916666666667,0.020833333333333332,0.481912841796875
Stationary harm,Cumulative,Repeated discovery,930000,57,0.2,1,True,True,0.4819091796875001,0.0,0.0,0.0180908203125,0.0035888671875000003,336.7708333333333,0.020833333333333332,0.481912841796875
Stationary harm,Cumulative,Repeated discovery,930000,58,0.2,1,True,True,0.4819080607096355,0.0,0.0,0.018091939290364584,0.0035899861653645834,336.7916666666667,0.020833333333333332,0.481912841796875
Stationary harm,Cumulative,Repeated discovery,930000,59,0.2,1,True,True,0.48190185546875003,0.0,0.0,0.018098144531250002,0.0035961914062500005,336.8125,0.0625,0.4818975830078125
Stationary harm,Cumulative,Repeated discovery,930000,60,0.2,1,True,True,0.48190663655598964,0.0,0.0,0.018093363444010416,0.0035914103190104168,336.7708333333333,0.041666666666666664,0.481912841796875
Stationary harm,Cumulative,Repeated discovery,930000,61,0.2,1,True,True,0.48191029866536467,0.0,0.0,0.018089701334635413,0.0035877482096354166,336.75,0.020833333333333332,0.481912841796875
Stationary harm,Cumulative,Repeated discovery,930000,62,0.2,1,True,True,0.48190663655598964,0.0,0.0,0.018093363444010416,0.0035914103190104168,336.7708333333333,0.041666666666666664,0.4818975830078125
Stationary harm,Cumulative,Repeated discovery,930000,63,0.2,1,True,True,0.4819091796875001,0.0,0.0,0.0180908203125,0.0035888671875000003,336.7708333333333,0.020833333333333332,0.481912841796875
Stationary harm,Cumulative,Repeated discovery,930000,64,0.2,1,True,True,0.48190439860026046,0.0,0.0,0.018095601399739585,0.0035936482747395836,336.8125,0.041666666666666664,0.481912841796875
Stationary harm,Cumulative,Repeated discovery,930000,65,0.2,1,True,True,0.48190663655598964,0.0,0.0,0.018093363444010416,0.0035914103190104168,336.7708333333333,0.041666666666666664,0.481912841796875
Stationary harm,Cumulative,Repeated discovery,930000,66,0.2,1,True,True,0.48190775553385423,0.0,0.0,0.01809224446614583,0.003590291341145833,336.75,0.041666666666666664,0.481912841796875
Stationary harm,Cumulative,Repeated discovery,930000,67,0.2,1,True,True,0.48190663655598964,0.0,0.0,0.018093363444010416,0.0035914103190104168,336.7708333333333,0.041666666666666664,0.4818975830078125
Stationary harm,Cumulative,Repeated discovery,930000,68,0.2,1,True,True,0.4819069417317709,0.0,0.0,0.018093058268229167,0.003591105143229167,336.8125,0.020833333333333332,0.481912841796875
Stationary harm,Cumulative,Repeated discovery,930000,69,0.2,1,True,True,0.48190663655598964,0.0,0.0,0.018093363444010416,0.0035914103190104168,336.7708333333333,0.041666666666666664,0.4818975830078125
Stationary harm,Cumulative,Repeated discovery,930000,70,0.2,1,True,True,0.4819026692708334,0.0,0.0,0.018097330729166663,0.0035953776041666666,336.75,0.08333333333333333,0.4818975830078125
Stationary harm,Cumulative,Repeated discovery,930000,71,0.2,1,True,True,0.4819091796875001,0.0,0.0,0.0180908203125,0.0035888671875000003,336.7708333333333,0.020833333333333332,0.481912841796875
Stationary harm,Cumulative,Repeated discovery,930000,72,0.2,1,True,True,0.48190439860026046,0.0,0.0,0.018095601399739585,0.0035936482747395836,336.8125,0.041666666666666664,0.481912841796875
Stationary harm,Cumulative,Repeated discovery,930000,73,0.2,1,True,True,0.48191060384114587,0.0,0.0,0.018089396158854167,0.003587443033854167,336.7916666666667,0.0,0.481912841796875
Stationary harm,Cumulative,Repeated discovery,930000,74,0.2,1,True,True,0.47940806070963543,0.0,0.0025000000000000005,0.018091939290364584,0.0035899861653645834,336.7916666666667,0.020833333333333332,0.481912841796875
Stationary harm,Cumulative,Repeated discovery,930000,75,0.2,1,True,True,0.45503560384114583,0.020833333333333332,0.026875000000000007,0.018089396158854167,0.003587443033854167,336.7916666666667,0.0,0.481912841796875
Stationary harm,Cumulative,Repeated discovery,930000,76,0.2,1,True,True,0.47940551757812505,0.0,0.0025000000000000005,0.018094482421875,0.0035925292968750004,336.7916666666667,0.041666666666666664,0.4818975830078125
Stationary harm,Cumulative,Repeated discovery,930000,77,0.2,1,True,True,0.48190185546875003,0.0,0.0,0.018098144531250002,0.0035961914062500005,336.8125,0.0625,0.4818975830078125
Stationary harm,Cumulative,Repeated discovery,930000,78,0.2,1,True,True,0.4819080607096355,0.0,0.0,0.018091939290364584,0.0035899861653645834,336.7916666666667,0.020833333333333332,0.481912841796875
Stationary harm,Cumulative,Repeated discovery,930000,79,0.2,1,True,True,0.4819080607096355,0.0,0.0,0.018091939290364584,0.0035899861653645834,336.7916666666667,0.020833333333333332,0.481912841796875
Stationary harm,Cumulative,Repeated discovery,930000,80,0.2,1,True,True,0.4819029744466146,0.0,0.0,0.018097025553385417,0.003595072428385417,336.7916666666667,0.0625,0.4818975830078125
Stationary harm,Cumulative,Repeated discovery,930000,81,0.2,1,True,True,0.4719004313151041,0.0,0.010000000000000002,0.018099568684895834,0.0035976155598958334,336.7916666666667,0.08333333333333333,0.4818975830078125
Stationary harm,Cumulative,Repeated discovery,930000,82,0.2,1,True,True,0.47940551757812494,0.0,0.0025000000000000005,0.018094482421875,0.0035925292968750004,336.7916666666667,0.041666666666666664,0.4818975830078125
Stationary harm,Cumulative,Repeated discovery,930000,83,0.2,1,True,True,0.47440694173177084,0.0,0.007500000000000002,0.018093058268229167,0.003591105143229167,336.8125,0.020833333333333332,0.481912841796875
Stationary harm,Cumulative,Repeated discovery,930000,84,0.2,1,True,True,0.48191029866536467,0.0,0.0,0.018089701334635413,0.0035877482096354166,336.75,0.020833333333333332,0.481912841796875
Stationary harm,Cumulative,Repeated discovery,930000,85,0.2,1,True,True,0.48190551757812505,0.0,0.0,0.018094482421875,0.0035925292968750004,336.7916666666667,0.041666666666666664,0.481912841796875
Stationary harm,Cumulative,Repeated discovery,930000,86,0.2,1,True,True,0.48190775553385423,0.0,0.0,0.01809224446614583,0.003590291341145833,336.75,0.041666666666666664,0.481912841796875
Stationary harm,Cumulative,Repeated discovery,930000,87,0.2,1,True,True,0.4819091796875001,0.0,0.0,0.0180908203125,0.0035888671875000003,336.7708333333333,0.020833333333333332,0.481912841796875
Stationary harm,Cumulative,Repeated discovery,930000,88,0.2,1,True,True,0.4819080607096355,0.0,0.0,0.018091939290364584,0.0035899861653645834,336.7916666666667,0.020833333333333332,0.481912841796875
Stationary harm,Cumulative,Repeated discovery,930000,89,0.2,1,True,True,0.4819040934244792,0.0,0.0,0.01809590657552083,0.0035939534505208333,336.7708333333333,0.0625,0.4818975830078125
Stationary harm,Cumulative,Repeated discovery,930000,90,0.2,1,True,True,0.48191029866536467,0.0,0.0,0.018089701334635413,0.0035877482096354166,336.75,0.020833333333333332,0.481912841796875
Stationary harm,Cumulative,Repeated discovery,930000,91,0.2,1,True,True,0.48190551757812505,0.0,0.0,0.018094482421875,0.0035925292968750004,336.7916666666667,0.041666666666666664,0.481912841796875
Stationary harm,Cumulative,Repeated discovery,930000,92,0.2,1,True,True,0.4819029744466146,0.0,0.0,0.018097025553385417,0.003595072428385417,336.7916666666667,0.0625,0.4818975830078125
Stationary harm,Cumulative,Repeated discovery,930000,93,0.2,1,True,True,0.48190551757812505,0.0,0.0,0.018094482421875,0.0035925292968750004,336.7916666666667,0.041666666666666664,0.481912841796875
Stationary harm,Cumulative,Repeated discovery,930000,94,0.2,1,True,True,0.4819040934244792,0.0,0.0,0.01809590657552083,0.0035939534505208333,336.7708333333333,0.0625,0.4818975830078125
Stationary harm,Cumulative,Repeated discovery,930000,95,0.2,1,True,True,0.4819015502929688,0.0,0.0,0.01809844970703125,0.0035964965820312503,336.7708333333333,0.08333333333333333,0.4818975830078125
Stationary harm,Cumulative,Discover once,930000,0,0.2,3,True,True,0.4816719563802083,0.0,0.0,0.018328043619791668,0.0006034342447916667,341.1875,0.020833333333333332,0.481630859375
Stationary harm,Cumulative,Discover once,930000,1,0.2,3,True,True,0.42180877685546864,0.0,0.06000000000000002,0.018191223144531248,0.00060089111328125,338.6875,0.0,0.3617919921874999
Stationary harm,Cumulative,Discover once,930000,2,0.2,3,True,True,0.4818098958333334,0.0,0.0,0.018190104166666665,0.0005997721354166666,338.6666666666667,0.0,0.4817919921875
Stationary harm,Cumulative,Discover once,930000,3,0.2,3,True,True,0.48181070963541667,0.0,0.0,0.018189290364583333,0.0005989583333333334,338.6041666666667,0.020833333333333332,0.4817919921875
Stationary harm,Cumulative,Discover once,930000,4,0.2,3,True,True,0.4791719563802084,0.0,0.0025000000000000005,0.018328043619791668,0.0006034342447916667,341.1875,0.020833333333333332,0.481630859375
Stationary harm,Cumulative,Discover once,930000,5,0.2,3,True,True,0.48180735270182296,0.0,0.0,0.018192647298177083,0.0006023152669270834,338.6666666666667,0.020833333333333332,0.4817919921875
Stationary harm,Cumulative,Discover once,930000,6,0.2,3,True,True,0.4816719563802083,0.0,0.0,0.018328043619791668,0.0006034342447916667,341.1875,0.020833333333333332,0.481630859375
Stationary harm,Cumulative,Discover once,930000,7,0.2,3,True,True,0.48180623372395837,0.0,0.0,0.018193766276041665,0.0006034342447916667,338.6875,0.020833333333333332,0.4817919921875
Stationary harm,Cumulative,Discover once,930000,8,0.2,3,True,True,0.4816730753580729,0.0,0.0,0.018326924641927086,0.0006023152669270834,341.1666666666667,0.020833333333333332,0.481630859375
Stationary harm,Cumulative,Discover once,930000,9,0.2,3,True,True,0.4816741943359375,0.0,0.0,0.0183258056640625,0.0006011962890625,341.1458333333333,0.020833333333333332,0.481630859375
Stationary harm,Cumulative,Discover once,930000,10,0.2,3,True,True,0.4818087768554688,0.0,0.0,0.018191223144531248,0.00060089111328125,338.6875,0.0,0.4817919921875
Stationary harm,Cumulative,Discover once,930000,11,0.2,3,True,True,0.4816741943359375,0.0,0.0,0.0183258056640625,0.0006011962890625,341.1458333333333,0.020833333333333332,0.481630859375
Stationary harm,Cumulative,Discover once,930000,12,0.2,3,True,True,0.47430735270182295,0.0,0.007500000000000002,0.018192647298177083,0.0006023152669270834,338.6666666666667,0.020833333333333332,0.4817919921875
Stationary harm,Cumulative,Discover once,930000,13,0.2,3,True,True,0.48180735270182296,0.0,0.0,0.018192647298177083,0.0006023152669270834,338.6666666666667,0.020833333333333332,0.4817919921875
Stationary harm,Cumulative,Discover once,930000,14,0.2,3,True,True,0.48180623372395837,0.0,0.0,0.018193766276041665,0.0006034342447916667,338.6875,0.020833333333333332,0.4817919921875
Stationary harm,Cumulative,Discover once,930000,15,0.2,3,True,True,0.48180735270182296,0.0,0.0,0.018192647298177083,0.0006023152669270834,338.6666666666667,0.020833333333333332,0.4817919921875
Stationary harm,Cumulative,Discover once,930000,16,0.2,3,True,True,0.4816753133138021,0.0,0.0,0.018324686686197918,0.0006000773111979167,341.125,0.020833333333333332,0.481630859375
Stationary harm,Cumulative,Discover once,930000,17,0.2,3,True,True,0.48166971842447914,0.0,0.0,0.018330281575520833,0.0006056722005208334,341.2291666666667,0.020833333333333332,0.481630859375
Stationary harm,Cumulative,Discover once,930000,18,0.2,3,True,True,0.4818098958333334,0.0,0.0,0.018190104166666665,0.0005997721354166666,338.6666666666667,0.0,0.4817919921875
Stationary harm,Cumulative,Discover once,930000,19,0.2,3,True,True,0.47180735270182295,0.0,0.010000000000000002,0.018192647298177083,0.0006023152669270834,338.6666666666667,0.020833333333333332,0.4817919921875
Stationary harm,Cumulative,Discover once,930000,20,0.2,3,True,True,0.481811014811198,0.0,0.0,0.01818898518880208,0.0005986531575520833,338.6458333333333,0.0,0.4817919921875
Stationary harm,Cumulative,Discover once,930000,21,0.2,3,True,True,0.4818039957682292,0.0,0.0,0.01819600423177083,0.0006056722005208334,338.7291666666667,0.020833333333333332,0.4817919921875
Stationary harm,Cumulative,Discover once,930000,22,0.2,3,True,True,0.48180735270182296,0.0,0.0,0.018192647298177083,0.0006023152669270834,338.6666666666667,0.020833333333333332,0.4817919921875
Stationary harm,Cumulative,Discover once,930000,23,0.2,3,True,True,0.4816741943359375,0.0,0.0,0.0183258056640625,0.0006011962890625,341.1458333333333,0.020833333333333332,0.481630859375
Stationary harm,Cumulative,Discover once,930000,24,0.2,3,True,True,0.48180623372395837,0.0,0.0,0.018193766276041665,0.0006034342447916667,338.6875,0.020833333333333332,0.4817919921875
Stationary harm,Cumulative,Discover once,930000,25,0.2,3,True,True,0.4818051147460938,0.0,0.0,0.018194885253906248,0.00060455322265625,338.7083333333333,0.020833333333333332,0.4817919921875
Stationary harm,Cumulative,Discover once,930000,26,0.2,3,True,True,0.4816719563802083,0.0,0.0,0.018328043619791668,0.0006034342447916667,341.1875,0.020833333333333332,0.481630859375
Stationary harm,Cumulative,Discover once,930000,27,0.2,3,True,True,0.4816719563802083,0.0,0.0,0.018328043619791668,0.0006034342447916667,341.1875,0.020833333333333332,0.481630859375
Stationary harm,Cumulative,Discover once,930000,28,0.2,3,True,True,0.47917419433593755,0.0,0.0025000000000000005,0.0183258056640625,0.0006011962890625,341.1458333333333,0.020833333333333332,0.481630859375
Stationary harm,Cumulative,Discover once,930000,29,0.2,3,True,True,0.48167083740234373,0.0,0.0,0.01832916259765625,0.00060455322265625,341.2083333333333,0.020833333333333332,0.481630859375
Stationary harm,Cumulative,Discover once,930000,30,0.2,3,True,True,0.481811014811198,0.0,0.0,0.01818898518880208,0.0005986531575520833,338.6458333333333,0.0,0.4817919921875
Stationary harm,Cumulative,Discover once,930000,31,0.2,3,True,True,0.48180847167968754,0.0,0.0,0.018191528320312497,0.0006011962890625,338.6458333333333,0.020833333333333332,0.4817919921875
Stationary harm,Cumulative,Discover once,930000,32,0.2,3,True,True,0.4791753133138021,0.0,0.0025000000000000005,0.018324686686197918,0.0006000773111979167,341.125,0.020833333333333332,0.481630859375
Stationary harm,Cumulative,Discover once,930000,33,0.2,3,True,True,0.4818051147460938,0.0,0.0,0.018194885253906248,0.00060455322265625,338.7083333333333,0.020833333333333332,0.4817919921875
Stationary harm,Cumulative,Discover once,930000,34,0.2,3,True,True,0.4816741943359375,0.0,0.0,0.0183258056640625,0.0006011962890625,341.1458333333333,0.020833333333333332,0.481630859375
Stationary harm,Cumulative,Discover once,930000,35,0.2,3,True,True,0.48180623372395837,0.0,0.0,0.018193766276041665,0.0006034342447916667,338.6875,0.020833333333333332,0.4817919921875
Stationary harm,Cumulative,Discover once,930000,36,0.2,3,True,True,0.4816753133138021,0.0,0.0,0.018324686686197918,0.0006000773111979167,341.125,0.020833333333333332,0.481630859375
Stationary harm,Cumulative,Discover once,930000,37,0.2,3,True,True,0.48167083740234373,0.0,0.0,0.01832916259765625,0.00060455322265625,341.2083333333333,0.020833333333333332,0.481630859375
Stationary harm,Cumulative,Discover once,930000,38,0.2,3,True,True,0.4818051147460938,0.0,0.0,0.018194885253906248,0.00060455322265625,338.7083333333333,0.020833333333333332,0.4817919921875
Stationary harm,Cumulative,Discover once,930000,39,0.2,3,True,True,0.48180623372395837,0.0,0.0,0.018193766276041665,0.0006034342447916667,338.6875,0.020833333333333332,0.4817919921875
Stationary harm,Cumulative,Discover once,930000,40,0.2,3,True,True,0.48180735270182296,0.0,0.0,0.018192647298177083,0.0006023152669270834,338.6666666666667,0.020833333333333332,0.4817919921875
Stationary harm,Cumulative,Discover once,930000,41,0.2,3,True,True,0.48180735270182296,0.0,0.0,0.018192647298177083,0.0006023152669270834,338.6666666666667,0.020833333333333332,0.4817919921875
Stationary harm,Cumulative,Discover once,930000,42,0.2,3,True,True,0.48180735270182296,0.0,0.0,0.018192647298177083,0.0006023152669270834,338.6666666666667,0.020833333333333332,0.4817919921875
Stationary harm,Cumulative,Discover once,930000,43,0.2,3,True,True,0.48180623372395837,0.0,0.0,0.018193766276041665,0.0006034342447916667,338.6875,0.020833333333333332,0.4817919921875
Stationary harm,Cumulative,Discover once,930000,44,0.2,3,True,True,0.4818095906575521,0.0,0.0,0.018190409342447915,0.0006000773111979167,338.625,0.020833333333333332,0.4817919921875
Stationary harm,Cumulative,Discover once,930000,45,0.2,3,True,True,0.48180735270182296,0.0,0.0,0.018192647298177083,0.0006023152669270834,338.6666666666667,0.020833333333333332,0.4817919921875
Stationary harm,Cumulative,Discover once,930000,46,0.2,3,True,True,0.47917419433593755,0.0,0.0025000000000000005,0.0183258056640625,0.0006011962890625,341.1458333333333,0.020833333333333332,0.481630859375
Stationary harm,Cumulative,Discover once,930000,47,0.2,3,True,True,0.4816719563802083,0.0,0.0,0.018328043619791668,0.0006034342447916667,341.1875,0.020833333333333332,0.481630859375
Stationary harm,Cumulative,Discover once,930000,48,0.2,3,True,True,0.48180623372395837,0.0,0.0,0.018193766276041665,0.0006034342447916667,338.6875,0.020833333333333332,0.4817919921875
Stationary harm,Cumulative,Discover once,930000,49,0.2,3,True,True,0.48167083740234373,0.0,0.0,0.01832916259765625,0.00060455322265625,341.2083333333333,0.020833333333333332,0.481630859375
Stationary harm,Cumulative,Discover once,930000,50,0.2,3,True,True,0.48167083740234373,0.0,0.0,0.01832916259765625,0.00060455322265625,341.2083333333333,0.020833333333333332,0.481630859375
Stationary harm,Cumulative,Discover once,930000,51,0.2,3,True,True,0.48180735270182296,0.0,0.0,0.018192647298177083,0.0006023152669270834,338.6666666666667,0.020833333333333332,0.4817919921875
Stationary harm,Cumulative,Discover once,930000,52,0.2,3,True,True,0.48181070963541667,0.0,0.0,0.018189290364583333,0.0005989583333333334,338.6041666666667,0.020833333333333332,0.4817919921875
Stationary harm,Cumulative,Discover once,930000,53,0.2,3,True,True,0.4816753133138021,0.0,0.0,0.018324686686197918,0.0006000773111979167,341.125,0.020833333333333332,0.481630859375
Stationary harm,Cumulative,Discover once,930000,54,0.2,3,True,True,0.48167083740234373,0.0,0.0,0.01832916259765625,0.00060455322265625,341.2083333333333,0.020833333333333332,0.481630859375
Stationary harm,Cumulative,Discover once,930000,55,0.2,3,True,True,0.4816730753580729,0.0,0.0,0.018326924641927086,0.0006023152669270834,341.1666666666667,0.020833333333333332,0.481630859375
Stationary harm,Cumulative,Discover once,930000,56,0.2,3,True,True,0.4818051147460938,0.0,0.0,0.018194885253906248,0.00060455322265625,338.7083333333333,0.020833333333333332,0.4817919921875
Stationary harm,Cumulative,Discover once,930000,57,0.2,3,True,True,0.4743084716796875,0.0,0.007500000000000002,0.018191528320312497,0.0006011962890625,338.6458333333333,0.020833333333333332,0.4817919921875
Stationary harm,Cumulative,Discover once,930000,58,0.2,3,True,True,0.48180623372395837,0.0,0.0,0.018193766276041665,0.0006034342447916667,338.6875,0.020833333333333332,0.4817919921875
Stationary harm,Cumulative,Discover once,930000,59,0.2,3,True,True,0.4818028767903646,0.0,0.0,0.018197123209635416,0.0006067911783854167,338.75,0.020833333333333332,0.4817919921875
Stationary harm,Cumulative,Discover once,930000,60,0.2,3,True,True,0.4816741943359375,0.0,0.0,0.0183258056640625,0.0006011962890625,341.1458333333333,0.020833333333333332,0.481630859375
Stationary harm,Cumulative,Discover once,930000,61,0.2,3,True,True,0.48181325276692705,0.0,0.0,0.018186747233072915,0.0005964152018229167,338.6041666666667,0.0,0.4817919921875
Stationary harm,Cumulative,Discover once,930000,62,0.2,3,True,True,0.48180735270182296,0.0,0.0,0.018192647298177083,0.0006023152669270834,338.6666666666667,0.020833333333333332,0.4817919921875
Stationary harm,Cumulative,Discover once,930000,63,0.2,3,True,True,0.48180623372395837,0.0,0.0,0.018193766276041665,0.0006034342447916667,338.6875,0.020833333333333332,0.4817919921875
Stationary harm,Cumulative,Discover once,930000,64,0.2,3,True,True,0.481811014811198,0.0,0.0,0.01818898518880208,0.0005986531575520833,338.6458333333333,0.0,0.4817919921875
Stationary harm,Cumulative,Discover once,930000,65,0.2,3,True,True,0.4816741943359375,0.0,0.0,0.0183258056640625,0.0006011962890625,341.1458333333333,0.020833333333333332,0.481630859375
Stationary harm,Cumulative,Discover once,930000,66,0.2,3,True,True,0.48180735270182296,0.0,0.0,0.018192647298177083,0.0006023152669270834,338.6666666666667,0.020833333333333332,0.4817919921875
Stationary harm,Cumulative,Discover once,930000,67,0.2,3,True,True,0.4818087768554688,0.0,0.0,0.018191223144531248,0.00060089111328125,338.6875,0.0,0.4817919921875
Stationary harm,Cumulative,Discover once,930000,68,0.2,3,True,True,0.48180735270182296,0.0,0.0,0.018192647298177083,0.0006023152669270834,338.6666666666667,0.020833333333333332,0.4817919921875
Stationary harm,Cumulative,Discover once,930000,69,0.2,3,True,True,0.48180735270182296,0.0,0.0,0.018192647298177083,0.0006023152669270834,338.6666666666667,0.020833333333333332,0.4817919921875
Stationary harm,Cumulative,Discover once,930000,70,0.2,3,True,True,0.4818095906575521,0.0,0.0,0.018190409342447915,0.0006000773111979167,338.625,0.020833333333333332,0.4817919921875
Stationary harm,Cumulative,Discover once,930000,71,0.2,3,True,True,0.48167083740234373,0.0,0.0,0.01832916259765625,0.00060455322265625,341.2083333333333,0.020833333333333332,0.481630859375
Stationary harm,Cumulative,Discover once,930000,72,0.2,3,True,True,0.48166971842447914,0.0,0.0,0.018330281575520833,0.0006056722005208334,341.2291666666667,0.020833333333333332,0.481630859375
Stationary harm,Cumulative,Discover once,930000,73,0.2,3,True,True,0.48180847167968754,0.0,0.0,0.018191528320312497,0.0006011962890625,338.6458333333333,0.020833333333333332,0.4817919921875
Stationary harm,Cumulative,Discover once,930000,74,0.2,3,True,True,0.48180623372395837,0.0,0.0,0.018193766276041665,0.0006034342447916667,338.6875,0.020833333333333332,0.4817919921875
Stationary harm,Cumulative,Discover once,930000,75,0.2,3,True,True,0.4593110148111979,0.0,0.022500000000000003,0.01818898518880208,0.0005986531575520833,338.6458333333333,0.0,0.4817919921875
Stationary harm,Cumulative,Discover once,930000,76,0.2,3,True,True,0.4816741943359375,0.0,0.0,0.0183258056640625,0.0006011962890625,341.1458333333333,0.020833333333333332,0.481630859375
Stationary harm,Cumulative,Discover once,930000,77,0.2,3,True,True,0.4818065388997396,0.0,0.0,0.018193461100260416,0.0006031290690104166,338.7291666666667,0.0,0.4817919921875
Stationary harm,Cumulative,Discover once,930000,78,0.2,3,True,True,0.4818051147460938,0.0,0.0,0.018194885253906248,0.00060455322265625,338.7083333333333,0.020833333333333332,0.4817919921875
Stationary harm,Cumulative,Discover once,930000,79,0.2,3,True,True,0.48167083740234373,0.0,0.0,0.01832916259765625,0.00060455322265625,341.2083333333333,0.020833333333333332,0.481630859375
Stationary harm,Cumulative,Discover once,930000,80,0.2,3,True,True,0.4468098958333333,0.0,0.03500000000000001,0.018190104166666665,0.0005997721354166666,338.6666666666667,0.0,0.4817919921875
Stationary harm,Cumulative,Discover once,930000,81,0.2,3,True,True,0.4718039957682292,0.0,0.010000000000000002,0.01819600423177083,0.0006056722005208334,338.7291666666667,0.020833333333333332,0.4817919921875
Stationary harm,Cumulative,Discover once,930000,82,0.2,3,True,True,0.4818095906575521,0.0,0.0,0.018190409342447915,0.0006000773111979167,338.625,0.020833333333333332,0.4817919921875
Stationary harm,Cumulative,Discover once,930000,83,0.2,3,True,True,0.48180735270182296,0.0,0.0,0.018192647298177083,0.0006023152669270834,338.6666666666667,0.020833333333333332,0.4817919921875
Stationary harm,Cumulative,Discover once,930000,84,0.2,3,True,True,0.4816730753580729,0.0,0.0,0.018326924641927086,0.0006023152669270834,341.1666666666667,0.020833333333333332,0.481630859375
Stationary harm,Cumulative,Discover once,930000,85,0.2,3,True,True,0.4018098958333333,0.0,0.08000000000000002,0.018190104166666665,0.0005997721354166666,338.6666666666667,0.0,0.4517919921875
Stationary harm,Cumulative,Discover once,930000,86,0.2,3,True,True,0.4818095906575521,0.0,0.0,0.018190409342447915,0.0006000773111979167,338.625,0.020833333333333332,0.4817919921875
Stationary harm,Cumulative,Discover once,930000,87,0.2,3,True,True,0.48181070963541667,0.0,0.0,0.018189290364583333,0.0005989583333333334,338.6041666666667,0.020833333333333332,0.4817919921875
Stationary harm,Cumulative,Discover once,930000,88,0.2,3,True,True,0.48180847167968754,0.0,0.0,0.018191528320312497,0.0006011962890625,338.6458333333333,0.020833333333333332,0.4817919921875
Stationary harm,Cumulative,Discover once,930000,89,0.2,3,True,True,0.4816730753580729,0.0,0.0,0.018326924641927086,0.0006023152669270834,341.1666666666667,0.020833333333333332,0.481630859375
Stationary harm,Cumulative,Discover once,930000,90,0.2,3,True,True,0.4818098958333334,0.0,0.0,0.018190104166666665,0.0005997721354166666,338.6666666666667,0.0,0.4817919921875
Stationary harm,Cumulative,Discover once,930000,91,0.2,3,True,True,0.48180735270182296,0.0,0.0,0.018192647298177083,0.0006023152669270834,338.6666666666667,0.020833333333333332,0.4817919921875
Stationary harm,Cumulative,Discover once,930000,92,0.2,3,True,True,0.48167083740234373,0.0,0.0,0.01832916259765625,0.00060455322265625,341.2083333333333,0.020833333333333332,0.481630859375
Stationary harm,Cumulative,Discover once,930000,93,0.2,3,True,True,0.48180623372395837,0.0,0.0,0.018193766276041665,0.0006034342447916667,338.6875,0.020833333333333332,0.4817919921875
Stationary harm,Cumulative,Discover once,930000,94,0.2,3,True,True,0.4818095906575521,0.0,0.0,0.018190409342447915,0.0006000773111979167,338.625,0.020833333333333332,0.4817919921875
Stationary harm,Cumulative,Discover once,930000,95,0.2,3,True,True,0.4741741943359375,0.0,0.007500000000000002,0.0183258056640625,0.0006011962890625,341.1458333333333,0.020833333333333332,0.481630859375
Stationary harm,Cumulative,Repeated discovery,930000,0,0.2,3,True,True,0.48192372639973957,0.0,0.0,0.018076273600260418,0.003574320475260417,336.5,0.020833333333333332,0.4819329833984375
Stationary harm,Cumulative,Repeated discovery,930000,1,0.2,3,True,True,0.48191864013671876,0.0,0.0,0.01808135986328125,0.0035794067382812506,336.5,0.0625,0.4819329833984375
Stationary harm,Cumulative,Repeated discovery,930000,2,0.2,3,True,True,0.4819273885091146,0.0,0.0,0.018072611490885414,0.003570658365885417,336.4791666666667,0.0,0.4819329833984375
Stationary harm,Cumulative,Repeated discovery,930000,3,0.2,3,True,True,0.4819256591796875,0.0,0.0,0.0180743408203125,0.0035723876953125005,336.4166666666667,0.041666666666666664,0.4819329833984375
Stationary harm,Cumulative,Repeated discovery,930000,4,0.2,3,True,True,0.4794211832682292,0.0,0.0025000000000000005,0.018078816731770832,0.003576863606770834,336.5,0.041666666666666664,0.4819329833984375
Stationary harm,Cumulative,Repeated discovery,930000,5,0.2,3,True,True,0.4819223022460937,0.0,0.0,0.01807769775390625,0.0035757446289062505,336.4791666666667,0.041666666666666664,0.4819329833984375
Stationary harm,Cumulative,Repeated discovery,930000,6,0.2,3,True,True,0.48191864013671876,0.0,0.0,0.01808135986328125,0.0035794067382812506,336.5,0.0625,0.481917724609375
Stationary harm,Cumulative,Repeated discovery,930000,7,0.2,3,True,True,0.4819135538736979,0.0,0.0,0.018086446126302082,0.003584493001302084,336.5,0.10416666666666667,0.481917724609375
Stationary harm,Cumulative,Repeated discovery,930000,8,0.2,3,True,True,0.48192484537760416,0.0,0.0,0.018075154622395832,0.003573201497395834,336.4791666666667,0.020833333333333332,0.4819329833984375
Stationary harm,Cumulative,Repeated discovery,930000,9,0.2,3,True,True,0.4819234212239583,0.0,0.0,0.018076578776041664,0.003574625651041667,336.4583333333333,0.041666666666666664,0.4819329833984375
Stationary harm,Cumulative,Repeated discovery,930000,10,0.2,3,True,True,0.48192372639973957,0.0,0.0,0.018076273600260418,0.003574320475260417,336.5,0.020833333333333332,0.4819329833984375
Stationary harm,Cumulative,Repeated discovery,930000,11,0.2,3,True,True,0.48192087809244794,0.0,0.0,0.018079121907552082,0.003577168782552084,336.4583333333333,0.0625,0.4819329833984375
Stationary harm,Cumulative,Repeated discovery,930000,12,0.2,3,True,True,0.47442484537760415,0.0,0.007500000000000002,0.018075154622395832,0.003573201497395834,336.4791666666667,0.020833333333333332,0.4819329833984375
Stationary harm,Cumulative,Repeated discovery,930000,13,0.2,3,True,True,0.48191975911458335,0.0,0.0,0.018080240885416664,0.003578287760416667,336.4791666666667,0.0625,0.4819329833984375
Stationary harm,Cumulative,Repeated discovery,930000,14,0.2,3,True,True,0.4819135538736979,0.0,0.0,0.018086446126302082,0.003584493001302084,336.5,0.10416666666666667,0.4819329833984375
Stationary harm,Cumulative,Repeated discovery,930000,15,0.2,3,True,True,0.48192484537760416,0.0,0.0,0.018075154622395832,0.003573201497395834,336.4791666666667,0.020833333333333332,0.4819329833984375
Stationary harm,Cumulative,Repeated discovery,930000,16,0.2,3,True,True,0.48192708333333334,0.0,0.0,0.018072916666666668,0.0035709635416666667,336.4375,0.020833333333333332,0.4819329833984375
Stationary harm,Cumulative,Repeated discovery,930000,17,0.2,3,True,True,0.4819214884440104,0.0,0.0,0.018078511555989583,0.0035765584309895835,336.5416666666667,0.020833333333333332,0.4819329833984375
Stationary harm,Cumulative,Repeated discovery,930000,18,0.2,3,True,True,0.48191975911458335,0.0,0.0,0.018080240885416664,0.003578287760416667,336.4791666666667,0.0625,0.4819329833984375
Stationary harm,Cumulative,Repeated discovery,930000,19,0.2,3,True,True,0.4719248453776042,0.0,0.010000000000000002,0.018075154622395832,0.003573201497395834,336.4791666666667,0.020833333333333332,0.4819329833984375
Stationary harm,Cumulative,Repeated discovery,930000,20,0.2,3,True,True,0.4819183349609375,0.0,0.0,0.018081665039062497,0.0035797119140625003,336.4583333333333,0.08333333333333333,0.481917724609375
Stationary harm,Cumulative,Repeated discovery,930000,21,0.2,3,True,True,0.48191894531249996,0.0,0.0,0.018081054687499997,0.0035791015625000005,336.5416666666667,0.041666666666666664,0.4819329833984375
Stationary harm,Cumulative,Repeated discovery,930000,22,0.2,3,True,True,0.48192484537760416,0.0,0.0,0.018075154622395832,0.003573201497395834,336.4791666666667,0.020833333333333332,0.4819329833984375
Stationary harm,Cumulative,Repeated discovery,930000,23,0.2,3,True,True,0.48192087809244794,0.0,0.0,0.018079121907552082,0.003577168782552084,336.4583333333333,0.0625,0.481917724609375
Stationary harm,Cumulative,Repeated discovery,930000,24,0.2,3,True,True,0.48192372639973957,0.0,0.0,0.018076273600260418,0.003574320475260417,336.5,0.020833333333333332,0.4819329833984375
Stationary harm,Cumulative,Repeated discovery,930000,25,0.2,3,True,True,0.481922607421875,0.0,0.0,0.018077392578125,0.0035754394531250003,336.5208333333333,0.020833333333333332,0.4819329833984375
Stationary harm,Cumulative,Repeated discovery,930000,26,0.2,3,True,True,0.48191864013671876,0.0,0.0,0.01808135986328125,0.0035794067382812506,336.5,0.0625,0.481917724609375
Stationary harm,Cumulative,Repeated discovery,930000,27,0.2,3,True,True,0.48192118326822914,0.0,0.0,0.018078816731770832,0.003576863606770834,336.5,0.041666666666666664,0.4819329833984375
Stationary harm,Cumulative,Repeated discovery,930000,28,0.2,3,True,True,0.4794259643554688,0.0,0.0025000000000000005,0.018074035644531247,0.0035720825195312503,336.4583333333333,0.020833333333333332,0.4819329833984375
Stationary harm,Cumulative,Repeated discovery,930000,29,0.2,3,True,True,0.48191752115885417,0.0,0.0,0.018082478841145836,0.0035805257161458334,336.5208333333333,0.0625,0.4819329833984375
Stationary harm,Cumulative,Repeated discovery,930000,30,0.2,3,True,True,0.48192087809244794,0.0,0.0,0.018079121907552082,0.003577168782552084,336.4583333333333,0.0625,0.4819329833984375
Stationary harm,Cumulative,Repeated discovery,930000,31,0.2,3,True,True,0.4819234212239583,0.0,0.0,0.018076578776041664,0.003574625651041667,336.4583333333333,0.041666666666666664,0.4819329833984375
Stationary harm,Cumulative,Repeated discovery,930000,32,0.2,3,True,True,0.4794270833333334,0.0,0.0025000000000000005,0.018072916666666668,0.0035709635416666667,336.4375,0.020833333333333332,0.4819329833984375
Stationary harm,Cumulative,Repeated discovery,930000,33,0.2,3,True,True,0.48192006429036455,0.0,0.0,0.018079935709635418,0.003577982584635417,336.5208333333333,0.041666666666666664,0.4819329833984375
Stationary harm,Cumulative,Repeated discovery,930000,34,0.2,3,True,True,0.4819234212239583,0.0,0.0,0.018076578776041664,0.003574625651041667,336.4583333333333,0.041666666666666664,0.481917724609375
Stationary harm,Cumulative,Repeated discovery,930000,35,0.2,3,True,True,0.48191864013671876,0.0,0.0,0.01808135986328125,0.0035794067382812506,336.5,0.0625,0.481917724609375
Stationary harm,Cumulative,Repeated discovery,930000,36,0.2,3,True,True,0.4819245402018229,0.0,0.0,0.018075459798177086,0.0035735066731770837,336.4375,0.041666666666666664,0.4819329833984375
Stationary harm,Cumulative,Repeated discovery,930000,37,0.2,3,True,True,0.48191752115885417,0.0,0.0,0.018082478841145836,0.0035805257161458334,336.5208333333333,0.0625,0.4819329833984375
Stationary harm,Cumulative,Repeated discovery,930000,38,0.2,3,True,True,0.481922607421875,0.0,0.0,0.018077392578125,0.0035754394531250003,336.5208333333333,0.020833333333333332,0.4819329833984375
Stationary harm,Cumulative,Repeated discovery,930000,39,0.2,3,True,True,0.48192372639973957,0.0,0.0,0.018076273600260418,0.003574320475260417,336.5,0.020833333333333332,0.4819329833984375
Stationary harm,Cumulative,Repeated discovery,930000,40,0.2,3,True,True,0.48192484537760416,0.0,0.0,0.018075154622395832,0.003573201497395834,336.4791666666667,0.020833333333333332,0.4819329833984375
Stationary harm,Cumulative,Repeated discovery,930000,41,0.2,3,True,True,0.4819146728515625,0.0,0.0,0.0180853271484375,0.0035833740234375005,336.4791666666667,0.10416666666666667,0.4819329833984375
Stationary harm,Cumulative,Repeated discovery,930000,42,0.2,3,True,True,0.48192484537760416,0.0,0.0,0.018075154622395832,0.003573201497395834,336.4791666666667,0.020833333333333332,0.4819329833984375
Stationary harm,Cumulative,Repeated discovery,930000,43,0.2,3,True,True,0.4819160970052083,0.0,0.0,0.018083902994791668,0.003581949869791667,336.5,0.08333333333333333,0.4819329833984375
Stationary harm,Cumulative,Repeated discovery,930000,44,0.2,3,True,True,0.48192484537760416,0.0,0.0,0.018075154622395832,0.003573201497395834,336.4791666666667,0.020833333333333332,0.4819329833984375
Stationary harm,Cumulative,Repeated discovery,930000,45,0.2,3,True,True,0.4819223022460937,0.0,0.0,0.01807769775390625,0.0035757446289062505,336.4791666666667,0.041666666666666664,0.4819329833984375
Stationary harm,Cumulative,Repeated discovery,930000,46,0.2,3,True,True,0.4794259643554688,0.0,0.0025000000000000005,0.018074035644531247,0.0035720825195312503,336.4583333333333,0.020833333333333332,0.4819329833984375
Stationary harm,Cumulative,Repeated discovery,930000,47,0.2,3,True,True,0.48192372639973957,0.0,0.0,0.018076273600260418,0.003574320475260417,336.5,0.020833333333333332,0.4819329833984375
Stationary harm,Cumulative,Repeated discovery,930000,48,0.2,3,True,True,0.48192372639973957,0.0,0.0,0.018076273600260418,0.003574320475260417,336.5,0.020833333333333332,0.4819329833984375
Stationary harm,Cumulative,Repeated discovery,930000,49,0.2,3,True,True,0.48191752115885417,0.0,0.0,0.018082478841145836,0.0035805257161458334,336.5208333333333,0.0625,0.4819329833984375
Stationary harm,Cumulative,Repeated discovery,930000,50,0.2,3,True,True,0.48191752115885417,0.0,0.0,0.018082478841145836,0.0035805257161458334,336.5208333333333,0.0625,0.4819329833984375
Stationary harm,Cumulative,Repeated discovery,930000,51,0.2,3,True,True,0.4819223022460937,0.0,0.0,0.01807769775390625,0.0035757446289062505,336.4791666666667,0.041666666666666664,0.4819329833984375
Stationary harm,Cumulative,Repeated discovery,930000,52,0.2,3,True,True,0.4819205729166667,0.0,0.0,0.018079427083333332,0.003577473958333334,336.4166666666667,0.08333333333333333,0.4819329833984375
Stationary harm,Cumulative,Repeated discovery,930000,53,0.2,3,True,True,0.4819245402018229,0.0,0.0,0.018075459798177086,0.0035735066731770837,336.4375,0.041666666666666664,0.481917724609375
Stationary harm,Cumulative,Repeated discovery,930000,54,0.2,3,True,True,0.481922607421875,0.0,0.0,0.018077392578125,0.0035754394531250003,336.5208333333333,0.020833333333333332,0.4819329833984375
Stationary harm,Cumulative,Repeated discovery,930000,55,0.2,3,True,True,0.4819172159830729,0.0,0.0,0.018082784016927082,0.003580830891927084,336.4791666666667,0.08333333333333333,0.481917724609375
Stationary harm,Cumulative,Repeated discovery,930000,56,0.2,3,True,True,0.48191752115885417,0.0,0.0,0.018082478841145836,0.0035805257161458334,336.5208333333333,0.0625,0.4819329833984375
Stationary harm,Cumulative,Repeated discovery,930000,57,0.2,3,True,True,0.47442342122395836,0.0,0.007500000000000002,0.018076578776041664,0.003574625651041667,336.4583333333333,0.041666666666666664,0.4819329833984375
Stationary harm,Cumulative,Repeated discovery,930000,58,0.2,3,True,True,0.48192372639973957,0.0,0.0,0.018076273600260418,0.003574320475260417,336.5,0.020833333333333332,0.4819329833984375
Stationary harm,Cumulative,Repeated discovery,930000,59,0.2,3,True,True,0.481915283203125,0.0,0.0,0.018084716796875,0.0035827636718750006,336.5625,0.0625,0.481917724609375
Stationary harm,Cumulative,Repeated discovery,930000,60,0.2,3,True,True,0.48192087809244794,0.0,0.0,0.018079121907552082,0.003577168782552084,336.4583333333333,0.0625,0.4819329833984375
Stationary harm,Cumulative,Repeated discovery,930000,61,0.2,3,True,True,0.48192820231119793,0.0,0.0,0.018071797688802082,0.003569844563802084,336.4166666666667,0.020833333333333332,0.4819329833984375
Stationary harm,Cumulative,Repeated discovery,930000,62,0.2,3,True,True,0.48192484537760416,0.0,0.0,0.018075154622395832,0.003573201497395834,336.4791666666667,0.020833333333333332,0.4819329833984375
Stationary harm,Cumulative,Repeated discovery,930000,63,0.2,3,True,True,0.48191864013671876,0.0,0.0,0.01808135986328125,0.0035794067382812506,336.5,0.0625,0.4819329833984375
Stationary harm,Cumulative,Repeated discovery,930000,64,0.2,3,True,True,0.48192087809244794,0.0,0.0,0.018079121907552082,0.003577168782552084,336.4583333333333,0.0625,0.481917724609375
Stationary harm,Cumulative,Repeated discovery,930000,65,0.2,3,True,True,0.48192087809244794,0.0,0.0,0.018079121907552082,0.003577168782552084,336.4583333333333,0.0625,0.481917724609375
Stationary harm,Cumulative,Repeated discovery,930000,66,0.2,3,True,True,0.4819223022460937,0.0,0.0,0.01807769775390625,0.0035757446289062505,336.4791666666667,0.041666666666666664,0.481917724609375
Stationary harm,Cumulative,Repeated discovery,930000,67,0.2,3,True,True,0.48191864013671876,0.0,0.0,0.01808135986328125,0.0035794067382812506,336.5,0.0625,0.481917724609375
Stationary harm,Cumulative,Repeated discovery,930000,68,0.2,3,True,True,0.48192484537760416,0.0,0.0,0.018075154622395832,0.003573201497395834,336.4791666666667,0.020833333333333332,0.4819329833984375
Stationary harm,Cumulative,Repeated discovery,930000,69,0.2,3,True,True,0.48191975911458335,0.0,0.0,0.018080240885416664,0.003578287760416667,336.4791666666667,0.0625,0.4819329833984375
Stationary harm,Cumulative,Repeated discovery,930000,70,0.2,3,True,True,0.48191691080729165,0.0,0.0,0.018083089192708336,0.0035811360677083337,336.4375,0.10416666666666667,0.481917724609375
Stationary harm,Cumulative,Repeated discovery,930000,71,0.2,3,True,True,0.48192006429036455,0.0,0.0,0.018079935709635418,0.003577982584635417,336.5208333333333,0.041666666666666664,0.4819329833984375
Stationary harm,Cumulative,Repeated discovery,930000,72,0.2,3,True,True,0.48191894531249996,0.0,0.0,0.018081054687499997,0.0035791015625000005,336.5416666666667,0.041666666666666664,0.4819329833984375
Stationary harm,Cumulative,Repeated discovery,930000,73,0.2,3,True,True,0.4819234212239583,0.0,0.0,0.018076578776041664,0.003574625651041667,336.4583333333333,0.041666666666666664,0.4819329833984375
Stationary harm,Cumulative,Repeated discovery,930000,74,0.2,3,True,True,0.48191864013671876,0.0,0.0,0.01808135986328125,0.0035794067382812506,336.5,0.0625,0.481917724609375
Stationary harm,Cumulative,Repeated discovery,930000,75,0.2,3,True,True,0.46692342122395836,0.0,0.015000000000000005,0.018076578776041664,0.003574625651041667,336.4583333333333,0.041666666666666664,0.4819329833984375
Stationary harm,Cumulative,Repeated discovery,930000,76,0.2,3,True,True,0.48192596435546875,0.0,0.0,0.018074035644531247,0.0035720825195312503,336.4583333333333,0.020833333333333332,0.4819329833984375
Stationary harm,Cumulative,Repeated discovery,930000,77,0.2,3,True,True,0.4819164021809896,0.0,0.0,0.018083597819010415,0.003581644694010417,336.5416666666667,0.0625,0.4819329833984375
Stationary harm,Cumulative,Repeated discovery,930000,78,0.2,3,True,True,0.48192006429036455,0.0,0.0,0.018079935709635418,0.003577982584635417,336.5208333333333,0.041666666666666664,0.4819329833984375
Stationary harm,Cumulative,Repeated discovery,930000,79,0.2,3,True,True,0.48192006429036455,0.0,0.0,0.018079935709635418,0.003577982584635417,336.5208333333333,0.041666666666666664,0.4819329833984375
Stationary harm,Cumulative,Repeated discovery,930000,80,0.2,3,True,True,0.46442484537760415,0.0,0.017500000000000005,0.018075154622395832,0.003573201497395834,336.4791666666667,0.020833333333333332,0.4819329833984375
Stationary harm,Cumulative,Repeated discovery,930000,81,0.2,3,True,True,0.47191894531250006,0.0,0.010000000000000002,0.018081054687499997,0.0035791015625000005,336.5416666666667,0.041666666666666664,0.4819329833984375
Stationary harm,Cumulative,Repeated discovery,930000,82,0.2,3,True,True,0.4819245402018229,0.0,0.0,0.018075459798177086,0.0035735066731770837,336.4375,0.041666666666666664,0.481917724609375
Stationary harm,Cumulative,Repeated discovery,930000,83,0.2,3,True,True,0.48191975911458335,0.0,0.0,0.018080240885416664,0.003578287760416667,336.4791666666667,0.0625,0.481917724609375
Stationary harm,Cumulative,Repeated discovery,930000,84,0.2,3,True,True,0.48192484537760416,0.0,0.0,0.018075154622395832,0.003573201497395834,336.4791666666667,0.020833333333333332,0.4819329833984375
Stationary harm,Cumulative,Repeated discovery,930000,85,0.2,3,True,True,0.4794223022460938,0.0,0.0025000000000000005,0.01807769775390625,0.0035757446289062505,336.4791666666667,0.041666666666666664,0.4819329833984375
Stationary harm,Cumulative,Repeated discovery,930000,86,0.2,3,True,True,0.48192708333333334,0.0,0.0,0.018072916666666668,0.0035709635416666667,336.4375,0.020833333333333332,0.4819329833984375
Stationary harm,Cumulative,Repeated discovery,930000,87,0.2,3,True,True,0.4819231160481771,0.0,0.0,0.018076883951822918,0.0035749308268229175,336.4166666666667,0.0625,0.4819329833984375
Stationary harm,Cumulative,Repeated discovery,930000,88,0.2,3,True,True,0.48192596435546875,0.0,0.0,0.018074035644531247,0.0035720825195312503,336.4583333333333,0.020833333333333332,0.4819329833984375
Stationary harm,Cumulative,Repeated discovery,930000,89,0.2,3,True,True,0.4819172159830729,0.0,0.0,0.018082784016927082,0.003580830891927084,336.4791666666667,0.08333333333333333,0.4819329833984375
Stationary harm,Cumulative,Repeated discovery,930000,90,0.2,3,True,True,0.4819273885091146,0.0,0.0,0.018072611490885414,0.003570658365885417,336.4791666666667,0.0,0.4819329833984375
Stationary harm,Cumulative,Repeated discovery,930000,91,0.2,3,True,True,0.4819223022460937,0.0,0.0,0.01807769775390625,0.0035757446289062505,336.4791666666667,0.041666666666666664,0.481917724609375
Stationary harm,Cumulative,Repeated discovery,930000,92,0.2,3,True,True,0.48192006429036455,0.0,0.0,0.018079935709635418,0.003577982584635417,336.5208333333333,0.041666666666666664,0.4819329833984375
Stationary harm,Cumulative,Repeated discovery,930000,93,0.2,3,True,True,0.48191864013671876,0.0,0.0,0.01808135986328125,0.0035794067382812506,336.5,0.0625,0.4819329833984375
Stationary harm,Cumulative,Repeated discovery,930000,94,0.2,3,True,True,0.4819245402018229,0.0,0.0,0.018075459798177086,0.0035735066731770837,336.4375,0.041666666666666664,0.481917724609375
Stationary harm,Cumulative,Repeated discovery,930000,95,0.2,3,True,True,0.47442596435546874,0.0,0.007500000000000002,0.018074035644531247,0.0035720825195312503,336.4583333333333,0.020833333333333332,0.4819329833984375
Stationary harm,Cumulative,Discover once,930000,0,0.2,6,True,True,0.4716786702473958,0.0,0.010000000000000002,0.018321329752604167,0.0005967203776041667,341.0625,0.020833333333333332,0.481630859375
Stationary harm,Cumulative,Discover once,930000,1,0.2,6,True,True,0.48181070963541667,0.0,0.0,0.018189290364583333,0.0005989583333333334,338.6041666666667,0.020833333333333332,0.4817919921875
Stationary harm,Cumulative,Discover once,930000,2,0.2,6,True,True,0.48181437174479164,0.0,0.0,0.018185628255208332,0.0005952962239583334,338.5833333333333,0.0,0.4817919921875
Stationary harm,Cumulative,Discover once,930000,3,0.2,6,True,True,0.4816283162434896,0.0,0.0,0.01837168375651042,0.0005933634440104166,342.0,0.020833333333333332,0.481630859375
Stationary harm,Cumulative,Discover once,930000,4,0.2,6,True,True,0.4793118286132813,0.0,0.0025000000000000005,0.018188171386718747,0.00059783935546875,338.5833333333333,0.020833333333333332,0.4817919921875
Stationary harm,Cumulative,Discover once,930000,5,0.2,6,True,True,0.48180847167968754,0.0,0.0,0.018191528320312497,0.0006011962890625,338.6458333333333,0.020833333333333332,0.4817919921875
Stationary harm,Cumulative,Discover once,930000,6,0.2,6,True,True,0.48181070963541667,0.0,0.0,0.018189290364583333,0.0005989583333333334,338.6041666666667,0.020833333333333332,0.4817919921875
Stationary harm,Cumulative,Discover once,930000,7,0.2,6,True,True,0.4816764322916667,0.0,0.0,0.018323567708333335,0.0005989583333333334,341.1041666666667,0.020833333333333332,0.481630859375
Stationary harm,Cumulative,Discover once,930000,8,0.2,6,True,True,0.481811014811198,0.0,0.0,0.01818898518880208,0.0005986531575520833,338.6458333333333,0.0,0.4817919921875
Stationary harm,Cumulative,Discover once,930000,9,0.2,6,True,True,0.47917755126953127,0.0,0.0025000000000000005,0.01832244873046875,0.00059783935546875,341.0833333333333,0.020833333333333332,0.481630859375
Stationary harm,Cumulative,Discover once,930000,10,0.2,6,True,True,0.48180847167968754,0.0,0.0,0.018191528320312497,0.0006011962890625,338.6458333333333,0.020833333333333332,0.4817919921875
Stationary harm,Cumulative,Discover once,930000,11,0.2,6,True,True,0.48181182861328126,0.0,0.0,0.018188171386718747,0.00059783935546875,338.5833333333333,0.020833333333333332,0.4817919921875
Stationary harm,Cumulative,Discover once,930000,12,0.2,6,True,True,0.45931437174479167,0.0,0.022500000000000003,0.018185628255208332,0.0005952962239583334,338.5833333333333,0.0,0.4817919921875
Stationary harm,Cumulative,Discover once,930000,13,0.2,6,True,True,0.48181182861328126,0.0,0.0,0.018188171386718747,0.00059783935546875,338.5833333333333,0.020833333333333332,0.4817919921875
Stationary harm,Cumulative,Discover once,930000,14,0.2,6,True,True,0.48181213378906246,0.0,0.0,0.018187866210937497,0.0005975341796875001,338.625,0.0,0.4817919921875
Stationary harm,Cumulative,Discover once,930000,15,0.2,6,True,True,0.48181070963541667,0.0,0.0,0.018189290364583333,0.0005989583333333334,338.6041666666667,0.020833333333333332,0.4817919921875
Stationary harm,Cumulative,Discover once,930000,16,0.2,6,True,True,0.48167978922526045,0.0,0.0,0.018320210774739585,0.0005956013997395833,341.0416666666667,0.020833333333333332,0.481630859375
Stationary harm,Cumulative,Discover once,930000,17,0.2,6,True,True,0.48181070963541667,0.0,0.0,0.018189290364583333,0.0005989583333333334,338.6041666666667,0.020833333333333332,0.4817919921875
Stationary harm,Cumulative,Discover once,930000,18,0.2,6,True,True,0.48167978922526045,0.0,0.0,0.018320210774739585,0.0005956013997395833,341.0416666666667,0.020833333333333332,0.481630859375
Stationary harm,Cumulative,Discover once,930000,19,0.2,6,True,True,0.4793129475911459,0.0,0.0025000000000000005,0.018187052408854164,0.0005967203776041667,338.5625,0.020833333333333332,0.4817919921875
Stationary harm,Cumulative,Discover once,930000,20,0.2,6,True,True,0.48181437174479164,0.0,0.0,0.018185628255208332,0.0005952962239583334,338.5833333333333,0.0,0.4817919921875
Stationary harm,Cumulative,Discover once,930000,21,0.2,6,True,True,0.4816753133138021,0.0,0.0,0.018324686686197918,0.0006000773111979167,341.125,0.020833333333333332,0.481630859375
Stationary harm,Cumulative,Discover once,930000,22,0.2,6,True,True,0.48181070963541667,0.0,0.0,0.018189290364583333,0.0005989583333333334,338.6041666666667,0.020833333333333332,0.4817919921875
Stationary harm,Cumulative,Discover once,930000,23,0.2,6,True,True,0.4818095906575521,0.0,0.0,0.018190409342447915,0.0006000773111979167,338.625,0.020833333333333332,0.4817919921875
Stationary harm,Cumulative,Discover once,930000,24,0.2,6,True,True,0.48181437174479164,0.0,0.0,0.018185628255208332,0.0005952962239583334,338.5833333333333,0.0,0.4817919921875
Stationary harm,Cumulative,Discover once,930000,25,0.2,6,True,True,0.4816741943359375,0.0,0.0,0.0183258056640625,0.0006011962890625,341.1458333333333,0.020833333333333332,0.481630859375
Stationary harm,Cumulative,Discover once,930000,26,0.2,6,True,True,0.48180735270182296,0.0,0.0,0.018192647298177083,0.0006023152669270834,338.6666666666667,0.020833333333333332,0.4817919921875
Stationary harm,Cumulative,Discover once,930000,27,0.2,6,True,True,0.48167755126953127,0.0,0.0,0.01832244873046875,0.00059783935546875,341.0833333333333,0.020833333333333332,0.481630859375
Stationary harm,Cumulative,Discover once,930000,28,0.2,6,True,True,0.47917867024739574,0.0,0.0025000000000000005,0.018321329752604167,0.0005967203776041667,341.0625,0.020833333333333332,0.481630859375
Stationary harm,Cumulative,Discover once,930000,29,0.2,6,True,True,0.4816741943359375,0.0,0.0,0.0183258056640625,0.0006011962890625,341.1458333333333,0.020833333333333332,0.481630859375
Stationary harm,Cumulative,Discover once,930000,30,0.2,6,True,True,0.4818154907226562,0.0,0.0,0.01818450927734375,0.0005941772460937501,338.5625,0.0,0.4817919921875
Stationary harm,Cumulative,Discover once,930000,31,0.2,6,True,True,0.48168090820312504,0.0,0.0,0.018319091796875003,0.000594482421875,341.0208333333333,0.020833333333333332,0.481630859375
Stationary harm,Cumulative,Discover once,930000,32,0.2,6,True,True,0.48181294759114585,0.0,0.0,0.018187052408854164,0.0005967203776041667,338.5625,0.020833333333333332,0.4817919921875
Stationary harm,Cumulative,Discover once,930000,33,0.2,6,True,True,0.48181070963541667,0.0,0.0,0.018189290364583333,0.0005989583333333334,338.6041666666667,0.020833333333333332,0.4817919921875
Stationary harm,Cumulative,Discover once,930000,34,0.2,6,True,True,0.4816753133138021,0.0,0.0,0.018324686686197918,0.0006000773111979167,341.125,0.020833333333333332,0.481630859375
Stationary harm,Cumulative,Discover once,930000,35,0.2,6,True,True,0.48181294759114585,0.0,0.0,0.018187052408854164,0.0005967203776041667,338.5625,0.020833333333333332,0.4817919921875
Stationary harm,Cumulative,Discover once,930000,36,0.2,6,True,True,0.48167867024739586,0.0,0.0,0.018321329752604167,0.0005967203776041667,341.0625,0.020833333333333332,0.481630859375
Stationary harm,Cumulative,Discover once,930000,37,0.2,6,True,True,0.47917307535807296,0.0,0.0025000000000000005,0.018326924641927086,0.0006023152669270834,341.1666666666667,0.020833333333333332,0.481630859375
Stationary harm,Cumulative,Discover once,930000,38,0.2,6,True,True,0.4818095906575521,0.0,0.0,0.018190409342447915,0.0006000773111979167,338.625,0.020833333333333332,0.4817919921875
Stationary harm,Cumulative,Discover once,930000,39,0.2,6,True,True,0.48181070963541667,0.0,0.0,0.018189290364583333,0.0005989583333333334,338.6041666666667,0.020833333333333332,0.4817919921875
Stationary harm,Cumulative,Discover once,930000,40,0.2,6,True,True,0.4818095906575521,0.0,0.0,0.018190409342447915,0.0006000773111979167,338.625,0.020833333333333332,0.4817919921875
Stationary harm,Cumulative,Discover once,930000,41,0.2,6,True,True,0.48181325276692705,0.0,0.0,0.018186747233072915,0.0005964152018229167,338.6041666666667,0.0,0.4817919921875
Stationary harm,Cumulative,Discover once,930000,42,0.2,6,True,True,0.48181070963541667,0.0,0.0,0.018189290364583333,0.0005989583333333334,338.6041666666667,0.020833333333333332,0.4817919921875
Stationary harm,Cumulative,Discover once,930000,43,0.2,6,True,True,0.48168090820312504,0.0,0.0,0.018319091796875003,0.000594482421875,341.0208333333333,0.020833333333333332,0.481630859375
Stationary harm,Cumulative,Discover once,930000,44,0.2,6,True,True,0.4818166097005208,0.0,0.0,0.018183390299479164,0.0005930582682291667,338.5416666666667,0.0,0.4817919921875
Stationary harm,Cumulative,Discover once,930000,45,0.2,6,True,True,0.48167755126953127,0.0,0.0,0.01832244873046875,0.00059783935546875,341.0833333333333,0.020833333333333332,0.481630859375
Stationary harm,Cumulative,Discover once,930000,46,0.2,6,True,True,0.48181294759114585,0.0,0.0,0.018187052408854164,0.0005967203776041667,338.5625,0.020833333333333332,0.4817919921875
Stationary harm,Cumulative,Discover once,930000,47,0.2,6,True,True,0.48167755126953127,0.0,0.0,0.01832244873046875,0.00059783935546875,341.0833333333333,0.020833333333333332,0.481630859375
Stationary harm,Cumulative,Discover once,930000,48,0.2,6,True,True,0.48181213378906246,0.0,0.0,0.018187866210937497,0.0005975341796875001,338.625,0.0,0.4817919921875
Stationary harm,Cumulative,Discover once,930000,49,0.2,6,True,True,0.4816764322916667,0.0,0.0,0.018323567708333335,0.0005989583333333334,341.1041666666667,0.020833333333333332,0.481630859375
Stationary harm,Cumulative,Discover once,930000,50,0.2,6,True,True,0.4743121337890625,0.0,0.007500000000000002,0.018187866210937497,0.0005975341796875001,338.625,0.0,0.4817919921875
Stationary harm,Cumulative,Discover once,930000,51,0.2,6,True,True,0.48181437174479164,0.0,0.0,0.018185628255208332,0.0005952962239583334,338.5833333333333,0.0,0.4817919921875
Stationary harm,Cumulative,Discover once,930000,52,0.2,6,True,True,0.4817894490559896,0.0,0.0,0.018210550944010414,0.0005933634440104166,339.0,0.020833333333333332,0.4817919921875
Stationary harm,Cumulative,Discover once,930000,53,0.2,6,True,True,0.4817894490559896,0.0,0.0,0.018210550944010414,0.0005933634440104166,339.0,0.020833333333333332,0.4817919921875
Stationary harm,Cumulative,Discover once,930000,54,0.2,6,True,True,0.48167755126953127,0.0,0.0,0.01832244873046875,0.00059783935546875,341.0833333333333,0.020833333333333332,0.481630859375
Stationary harm,Cumulative,Discover once,930000,55,0.2,6,True,True,0.4816764322916667,0.0,0.0,0.018323567708333335,0.0005989583333333334,341.1041666666667,0.020833333333333332,0.481630859375
Stationary harm,Cumulative,Discover once,930000,56,0.2,6,True,True,0.48180847167968754,0.0,0.0,0.018191528320312497,0.0006011962890625,338.6458333333333,0.020833333333333332,0.4817919921875
Stationary harm,Cumulative,Discover once,930000,57,0.2,6,True,True,0.47431294759114584,0.0,0.007500000000000002,0.018187052408854164,0.0005967203776041667,338.5625,0.020833333333333332,0.4817919921875
Stationary harm,Cumulative,Discover once,930000,58,0.2,6,True,True,0.4818084716796875,0.0,0.0,0.018191528320312497,0.0006000773111979167,338.6458333333333,0.020833333333333332,0.4817919921875
Stationary harm,Cumulative,Discover once,930000,59,0.2,6,True,True,0.48180623372395837,0.0,0.0,0.018193766276041665,0.0006034342447916667,338.6875,0.020833333333333332,0.4817919921875
Stationary harm,Cumulative,Discover once,930000,60,0.2,6,True,True,0.4816764322916667,0.0,0.0,0.018323567708333335,0.0005989583333333334,341.1041666666667,0.020833333333333332,0.481630859375
Stationary harm,Cumulative,Discover once,930000,61,0.2,6,True,True,0.43931660970052083,0.0,0.0425,0.018183390299479164,0.0005930582682291667,338.5416666666667,0.0,0.4817919921875
Stationary harm,Cumulative,Discover once,930000,62,0.2,6,True,True,0.48167755126953127,0.0,0.0,0.01832244873046875,0.00059783935546875,341.0833333333333,0.020833333333333332,0.481630859375
Stationary harm,Cumulative,Discover once,930000,63,0.2,6,True,True,0.4818166097005208,0.0,0.0,0.018183390299479164,0.0005930582682291667,338.5416666666667,0.0,0.4817919921875
Stationary harm,Cumulative,Discover once,930000,64,0.2,6,True,True,0.4818154907226562,0.0,0.0,0.01818450927734375,0.0005941772460937501,338.5625,0.0,0.4817919921875
Stationary harm,Cumulative,Discover once,930000,65,0.2,6,True,True,0.48167755126953127,0.0,0.0,0.01832244873046875,0.00059783935546875,341.0833333333333,0.020833333333333332,0.481630859375
Stationary harm,Cumulative,Discover once,930000,66,0.2,6,True,True,0.48181294759114585,0.0,0.0,0.018187052408854164,0.0005967203776041667,338.5625,0.020833333333333332,0.4817919921875
Stationary harm,Cumulative,Discover once,930000,67,0.2,6,True,True,0.48181437174479164,0.0,0.0,0.018185628255208332,0.0005952962239583334,338.5833333333333,0.0,0.4817919921875
Stationary harm,Cumulative,Discover once,930000,68,0.2,6,True,True,0.4793132527669271,0.0,0.0025000000000000005,0.018186747233072915,0.0005964152018229167,338.6041666666667,0.0,0.4817919921875
Stationary harm,Cumulative,Discover once,930000,69,0.2,6,True,True,0.48181182861328126,0.0,0.0,0.018188171386718747,0.00059783935546875,338.5833333333333,0.020833333333333332,0.4817919921875
Stationary harm,Cumulative,Discover once,930000,70,0.2,6,True,True,0.48181406656901044,0.0,0.0,0.018185933430989582,0.0005956013997395833,338.5416666666667,0.020833333333333332,0.4817919921875
Stationary harm,Cumulative,Discover once,930000,71,0.2,6,True,True,0.48181213378906246,0.0,0.0,0.018187866210937497,0.0005975341796875001,338.625,0.0,0.4817919921875
Stationary harm,Cumulative,Discover once,930000,72,0.2,6,True,True,0.4818098958333334,0.0,0.0,0.018190104166666665,0.0005997721354166666,338.6666666666667,0.0,0.4817919921875
Stationary harm,Cumulative,Discover once,930000,73,0.2,6,True,True,0.481815185546875,0.0,0.0,0.018184814453125,0.000594482421875,338.5208333333333,0.020833333333333332,0.4817919921875
Stationary harm,Cumulative,Discover once,930000,74,0.2,6,True,True,0.48181437174479164,0.0,0.0,0.018185628255208332,0.0005952962239583334,338.5833333333333,0.0,0.4817919921875
Stationary harm,Cumulative,Discover once,930000,75,0.2,6,True,True,0.47917978922526033,0.0,0.0025000000000000005,0.018320210774739585,0.0005956013997395833,341.0416666666667,0.020833333333333332,0.481630859375
Stationary harm,Cumulative,Discover once,930000,76,0.2,6,True,True,0.48167978922526045,0.0,0.0,0.018320210774739585,0.0005956013997395833,341.0416666666667,0.020833333333333332,0.481630859375
Stationary harm,Cumulative,Discover once,930000,77,0.2,6,True,True,0.4816753133138021,0.0,0.0,0.018324686686197918,0.0006000773111979167,341.125,0.020833333333333332,0.481630859375
Stationary harm,Cumulative,Discover once,930000,78,0.2,6,True,True,0.48180623372395837,0.0,0.0,0.018193766276041665,0.0006034342447916667,338.6875,0.020833333333333332,0.4817919921875
Stationary harm,Cumulative,Discover once,930000,79,0.2,6,True,True,0.4816764322916667,0.0,0.0,0.018323567708333335,0.0005989583333333334,341.1041666666667,0.020833333333333332,0.481630859375
Stationary harm,Cumulative,Discover once,930000,80,0.2,6,True,True,0.4816764322916667,0.0,0.0,0.018323567708333335,0.0005989583333333334,341.1041666666667,0.020833333333333332,0.481630859375
Stationary harm,Cumulative,Discover once,930000,81,0.2,6,True,True,0.47930735270182295,0.0,0.0025000000000000005,0.018192647298177083,0.0006023152669270834,338.6666666666667,0.020833333333333332,0.4817919921875
Stationary harm,Cumulative,Discover once,930000,82,0.2,6,True,True,0.48167978922526045,0.0,0.0,0.018320210774739585,0.0005956013997395833,341.0416666666667,0.020833333333333332,0.481630859375
Stationary harm,Cumulative,Discover once,930000,83,0.2,6,True,True,0.48181294759114585,0.0,0.0,0.018187052408854164,0.0005967203776041667,338.5625,0.020833333333333332,0.4817919921875
Stationary harm,Cumulative,Discover once,930000,84,0.2,6,True,True,0.48181070963541667,0.0,0.0,0.018189290364583333,0.0005989583333333334,338.6041666666667,0.020833333333333332,0.4817919921875
Stationary harm,Cumulative,Discover once,930000,85,0.2,6,True,True,0.48181406656901044,0.0,0.0,0.018185933430989582,0.0005956013997395833,338.5416666666667,0.020833333333333332,0.4817919921875
Stationary harm,Cumulative,Discover once,930000,86,0.2,6,True,True,0.4816294352213542,0.0,0.0,0.018370564778645834,0.0005922444661458333,341.9791666666667,0.020833333333333332,0.481630859375
Stationary harm,Cumulative,Discover once,930000,87,0.2,6,True,True,0.4817894490559896,0.0,0.0,0.018210550944010414,0.0005933634440104166,339.0,0.020833333333333332,0.4817919921875
Stationary harm,Cumulative,Discover once,930000,88,0.2,6,True,True,0.48181325276692705,0.0,0.0,0.018186747233072915,0.0005964152018229167,338.6041666666667,0.0,0.4817919921875
Stationary harm,Cumulative,Discover once,930000,89,0.2,6,True,True,0.46917867024739585,0.0,0.012500000000000002,0.018321329752604167,0.0005967203776041667,341.0625,0.020833333333333332,0.481630859375
Stationary harm,Cumulative,Discover once,930000,90,0.2,6,True,True,0.481811014811198,0.0,0.0,0.01818898518880208,0.0005986531575520833,338.6458333333333,0.0,0.4817919921875
Stationary harm,Cumulative,Discover once,930000,91,0.2,6,True,True,0.48181294759114585,0.0,0.0,0.018187052408854164,0.0005967203776041667,338.5625,0.020833333333333332,0.4817919921875
Stationary harm,Cumulative,Discover once,930000,92,0.2,6,True,True,0.4816753133138021,0.0,0.0,0.018324686686197918,0.0006000773111979167,341.125,0.020833333333333332,0.481630859375
Stationary harm,Cumulative,Discover once,930000,93,0.2,6,True,True,0.4818098958333334,0.0,0.0,0.018190104166666665,0.0005997721354166666,338.6666666666667,0.0,0.4817919921875
Stationary harm,Cumulative,Discover once,930000,94,0.2,6,True,True,0.48181406656901044,0.0,0.0,0.018185933430989582,0.0005956013997395833,338.5416666666667,0.020833333333333332,0.4817919921875
Stationary harm,Cumulative,Discover once,930000,95,0.2,6,True,True,0.47431182861328125,0.0,0.007500000000000002,0.018188171386718747,0.00059783935546875,338.5833333333333,0.020833333333333332,0.4817919921875
Stationary harm,Cumulative,Repeated discovery,930000,0,0.2,6,True,True,0.47179026285807296,0.0,0.010000000000000002,0.018209737141927085,0.003519795735677084,338.9375,0.041666666666666664,0.481832275390625
Stationary harm,Cumulative,Repeated discovery,930000,1,0.2,6,True,True,0.48180979410807295,0.0,0.0,0.018190205891927085,0.0035271199544270842,338.4791666666667,0.08333333333333333,0.4818170166015625
Stationary harm,Cumulative,Repeated discovery,930000,2,0.2,6,True,True,0.4818479410807292,0.0,0.0,0.018152058919270835,0.003515828450520834,337.9583333333333,0.0,0.481832275390625
Stationary harm,Cumulative,Repeated discovery,930000,3,0.2,6,True,True,0.4816618855794271,0.0,0.0,0.01833811442057292,0.0035138956705729175,341.375,0.020833333333333332,0.48167114257812504
Stationary harm,Cumulative,Repeated discovery,930000,4,0.2,6,True,True,0.47920857747395834,0.0,0.0025000000000000005,0.018291422526041667,0.003520914713541667,340.4583333333333,0.041666666666666664,0.48167114257812504
Stationary harm,Cumulative,Repeated discovery,930000,5,0.2,6,True,True,0.4818075561523438,0.0,0.0,0.01819244384765625,0.0035293579101562506,338.5208333333333,0.08333333333333333,0.481832275390625
Stationary harm,Cumulative,Repeated discovery,930000,6,0.2,6,True,True,0.48181233723958333,0.0,0.0,0.018187662760416664,0.0035245768229166673,338.4791666666667,0.0625,0.481832275390625
Stationary harm,Cumulative,Repeated discovery,930000,7,0.2,6,True,True,0.4817100016276042,0.0,0.0,0.018289998372395835,0.0035194905598958342,340.4791666666667,0.020833333333333332,0.48167114257812504
Stationary harm,Cumulative,Repeated discovery,930000,8,0.2,6,True,True,0.48184458414713544,0.0,0.0,0.018155415852864582,0.0035191853841145837,338.0208333333333,0.0,0.481832275390625
Stationary harm,Cumulative,Repeated discovery,930000,9,0.2,6,True,True,0.4792111206054687,0.0,0.0025000000000000005,0.01828887939453125,0.0035183715820312506,340.4583333333333,0.020833333333333332,0.48167114257812504
Stationary harm,Cumulative,Repeated discovery,930000,10,0.2,6,True,True,0.4818126424153646,0.0,0.0,0.018187357584635418,0.003524271647135417,338.5208333333333,0.041666666666666664,0.48165588378906254
Stationary harm,Cumulative,Repeated discovery,930000,11,0.2,6,True,True,0.4817085774739584,0.0,0.0,0.018291422526041667,0.003520914713541667,340.4583333333333,0.041666666666666664,0.48167114257812504
Stationary harm,Cumulative,Repeated discovery,930000,12,0.2,6,True,True,0.46184539794921875,0.0,0.020000000000000004,0.01815460205078125,0.0035183715820312506,337.9583333333333,0.020833333333333332,0.481832275390625
Stationary harm,Cumulative,Repeated discovery,930000,13,0.2,6,True,True,0.48184539794921877,0.0,0.0,0.01815460205078125,0.0035183715820312506,337.9583333333333,0.020833333333333332,0.481832275390625
Stationary harm,Cumulative,Repeated discovery,930000,14,0.2,6,True,True,0.4818431599934896,0.0,0.0,0.018156840006510414,0.003520609537760417,338.0,0.020833333333333332,0.481832275390625
Stationary harm,Cumulative,Repeated discovery,930000,15,0.2,6,True,True,0.4818442789713542,0.0,0.0,0.018155721028645835,0.0035194905598958342,337.9791666666667,0.020833333333333332,0.481832275390625
Stationary harm,Cumulative,Repeated discovery,930000,16,0.2,6,True,True,0.4817133585611979,0.0,0.0,0.018286641438802084,0.003516133626302084,340.4166666666667,0.020833333333333332,0.48167114257812504
Stationary harm,Cumulative,Repeated discovery,930000,17,0.2,6,True,True,0.4818442789713542,0.0,0.0,0.018155721028645835,0.0035194905598958342,337.9791666666667,0.020833333333333332,0.481832275390625
Stationary harm,Cumulative,Repeated discovery,930000,18,0.2,6,True,True,0.48176198323567715,0.0,0.0,0.01823801676432292,0.003521219889322917,339.4166666666667,0.0625,0.48165588378906254
Stationary harm,Cumulative,Repeated discovery,930000,19,0.2,6,True,True,0.479343973795573,0.0,0.0025000000000000005,0.01815602620442708,0.003519795735677084,337.9375,0.041666666666666664,0.481832275390625
Stationary harm,Cumulative,Repeated discovery,930000,20,0.2,6,True,True,0.48175974527994797,0.0,0.0,0.018240254720052085,0.003523457845052084,339.4583333333333,0.0625,0.48165588378906254
Stationary harm,Cumulative,Repeated discovery,930000,21,0.2,6,True,True,0.48173065185546876,0.0,0.0,0.01826934814453125,0.0035256958007812505,340.0,0.0625,0.48167114257812504
Stationary harm,Cumulative,Repeated discovery,930000,22,0.2,6,True,True,0.48183919270833336,0.0,0.0,0.018160807291666668,0.0035245768229166673,337.9791666666667,0.0625,0.481832275390625
Stationary harm,Cumulative,Repeated discovery,930000,23,0.2,6,True,True,0.4818380737304688,0.0,0.0,0.01816192626953125,0.0035256958007812505,338.0,0.0625,0.481832275390625
Stationary harm,Cumulative,Repeated discovery,930000,24,0.2,6,True,True,0.48184539794921877,0.0,0.0,0.01815460205078125,0.0035183715820312506,337.9583333333333,0.020833333333333332,0.481832275390625
Stationary harm,Cumulative,Repeated discovery,930000,25,0.2,6,True,True,0.4817857869466146,0.0,0.0,0.018214213053385418,0.003524271647135417,339.0208333333333,0.041666666666666664,0.481832275390625
Stationary harm,Cumulative,Repeated discovery,930000,26,0.2,6,True,True,0.4817578125,0.0,0.0,0.018242187500000003,0.0035253906250000007,339.5416666666667,0.041666666666666664,0.48167114257812504
Stationary harm,Cumulative,Repeated discovery,930000,27,0.2,6,True,True,0.48184285481770833,0.0,0.0,0.018157145182291667,0.003520914713541667,337.9583333333333,0.041666666666666664,0.481832275390625
Stationary harm,Cumulative,Repeated discovery,930000,28,0.2,6,True,True,0.4792122395833333,0.0,0.0025000000000000005,0.018287760416666663,0.003517252604166667,340.4375,0.020833333333333332,0.48167114257812504
Stationary harm,Cumulative,Repeated discovery,930000,29,0.2,6,True,True,0.481707763671875,0.0,0.0,0.018292236328125,0.0035217285156250006,340.5208333333333,0.020833333333333332,0.48167114257812504
Stationary harm,Cumulative,Repeated discovery,930000,30,0.2,6,True,True,0.48175974527994797,0.0,0.0,0.018240254720052085,0.0035223388671875005,339.4583333333333,0.0625,0.48167114257812504
Stationary harm,Cumulative,Repeated discovery,930000,31,0.2,6,True,True,0.4817144775390625,0.0,0.0,0.0182855224609375,0.0035150146484375,340.3958333333333,0.020833333333333332,0.48167114257812504
Stationary harm,Cumulative,Repeated discovery,930000,32,0.2,6,True,True,0.48184143066406254,0.0,0.0,0.0181585693359375,0.0035223388671875005,337.9375,0.0625,0.481832275390625
Stationary harm,Cumulative,Repeated discovery,930000,33,0.2,6,True,True,0.4817074584960938,0.0,0.0,0.01829254150390625,0.0035220336914062508,340.4791666666667,0.041666666666666664,0.48167114257812504
Stationary harm,Cumulative,Repeated discovery,930000,34,0.2,6,True,True,0.4817088826497396,0.0,0.0,0.018291117350260417,0.003520609537760417,340.5,0.020833333333333332,0.48167114257812504
Stationary harm,Cumulative,Repeated discovery,930000,35,0.2,6,True,True,0.481709696451823,0.0,0.0,0.01829030354817708,0.003519795735677084,340.4375,0.041666666666666664,0.48167114257812504
Stationary harm,Cumulative,Repeated discovery,930000,36,0.2,6,True,True,0.48179026285807297,0.0,0.0,0.018209737141927085,0.003519795735677084,338.9375,0.041666666666666664,0.481832275390625
Stationary harm,Cumulative,Repeated discovery,930000,37,0.2,6,True,True,0.4792284138997396,0.0,0.0025000000000000005,0.018271586100260414,0.0035279337565104173,340.0416666666667,0.0625,0.48167114257812504
Stationary harm,Cumulative,Repeated discovery,930000,38,0.2,6,True,True,0.4818431599934896,0.0,0.0,0.018156840006510414,0.003520609537760417,338.0,0.020833333333333332,0.481832275390625
Stationary harm,Cumulative,Repeated discovery,930000,39,0.2,6,True,True,0.48173177083333335,0.0,0.0,0.018268229166666664,0.0035245768229166673,339.9791666666667,0.0625,0.4818170166015625
Stationary harm,Cumulative,Repeated discovery,930000,40,0.2,6,True,True,0.4818380737304688,0.0,0.0,0.01816192626953125,0.0035256958007812505,338.0,0.0625,0.4818170166015625
Stationary harm,Cumulative,Repeated discovery,930000,41,0.2,6,True,True,0.4818468221028646,0.0,0.0,0.018153177897135418,0.0035169474283854173,337.9791666666667,0.0,0.481832275390625
Stationary harm,Cumulative,Repeated discovery,930000,42,0.2,6,True,True,0.48184173583984374,0.0,0.0,0.018158264160156253,0.0035220336914062508,337.9791666666667,0.041666666666666664,0.4818170166015625
Stationary harm,Cumulative,Repeated discovery,930000,43,0.2,6,True,True,0.4817605590820313,0.0,0.0,0.018239440917968752,0.00352264404296875,339.3958333333333,0.08333333333333333,0.48167114257812504
Stationary harm,Cumulative,Repeated discovery,930000,44,0.2,6,True,True,0.48184763590494795,0.0,0.0,0.01815236409505208,0.003516133626302084,337.9166666666667,0.020833333333333332,0.481832275390625
Stationary harm,Cumulative,Repeated discovery,930000,45,0.2,6,True,True,0.4818377685546875,0.0,0.0,0.0181622314453125,0.0035260009765625006,337.9583333333333,0.08333333333333333,0.4818170166015625
Stationary harm,Cumulative,Repeated discovery,930000,46,0.2,6,True,True,0.48179026285807297,0.0,0.0,0.01820973714192708,0.003519795735677084,338.9375,0.041666666666666664,0.48167114257812504
Stationary harm,Cumulative,Repeated discovery,930000,47,0.2,6,True,True,0.4817111206054688,0.0,0.0,0.01828887939453125,0.0035183715820312506,340.4583333333333,0.020833333333333332,0.48167114257812504
Stationary harm,Cumulative,Repeated discovery,930000,48,0.2,6,True,True,0.481845703125,0.0,0.0,0.018154296875,0.0035180664062500005,338.0,0.0,0.481832275390625
Stationary harm,Cumulative,Repeated discovery,930000,49,0.2,6,True,True,0.4817100016276042,0.0,0.0,0.018289998372395835,0.0035194905598958342,340.4791666666667,0.020833333333333332,0.48167114257812504
Stationary harm,Cumulative,Repeated discovery,930000,50,0.2,6,True,True,0.48180867513020836,0.0,0.0,0.018191324869791668,0.003528238932291667,338.5,0.08333333333333333,0.481832275390625
Stationary harm,Cumulative,Repeated discovery,930000,51,0.2,6,True,True,0.4818479410807292,0.0,0.0,0.018152058919270835,0.003515828450520834,337.9583333333333,0.0,0.481832275390625
Stationary harm,Cumulative,Repeated discovery,930000,52,0.2,6,True,True,0.4818204752604167,0.0,0.0,0.018179524739583335,0.003516438802083334,338.375,0.041666666666666664,0.4818170166015625
Stationary harm,Cumulative,Repeated discovery,930000,53,0.2,6,True,True,0.4818153889973959,0.0,0.0,0.018184611002604167,0.0035215250651041675,338.375,0.08333333333333333,0.481832275390625
Stationary harm,Cumulative,Repeated discovery,930000,54,0.2,6,True,True,0.48173288981119794,0.0,0.0,0.018267110188802085,0.003523457845052084,339.9583333333333,0.0625,0.48167114257812504
Stationary harm,Cumulative,Repeated discovery,930000,55,0.2,6,True,True,0.48181488037109377,0.0,0.0,0.01818511962890625,0.0035220336914062508,338.4791666666667,0.041666666666666664,0.481832275390625
Stationary harm,Cumulative,Repeated discovery,930000,56,0.2,6,True,True,0.4818126424153646,0.0,0.0,0.018187357584635418,0.003524271647135417,338.5208333333333,0.041666666666666664,0.48165588378906254
Stationary harm,Cumulative,Repeated discovery,930000,57,0.2,6,True,True,0.4742365519205729,0.0,0.007500000000000002,0.018263448079427085,0.003519795735677084,339.9375,0.041666666666666664,0.48167114257812504
Stationary harm,Cumulative,Repeated discovery,930000,58,0.2,6,True,True,0.4818380737304688,0.0,0.0,0.01816192626953125,0.0035256958007812505,338.0,0.0625,0.481832275390625
Stationary harm,Cumulative,Repeated discovery,930000,59,0.2,6,True,True,0.481834716796875,0.0,0.0,0.018165283203124997,0.003529052734375001,338.0625,0.0625,0.4818170166015625
Stationary harm,Cumulative,Repeated discovery,930000,60,0.2,6,True,True,0.48181488037109377,0.0,0.0,0.01818511962890625,0.0035220336914062508,338.4791666666667,0.041666666666666664,0.481832275390625
Stationary harm,Cumulative,Repeated discovery,930000,61,0.2,6,True,True,0.4792133585611979,0.0,0.0025000000000000005,0.018286641438802084,0.003516133626302084,340.4166666666667,0.020833333333333332,0.48167114257812504
Stationary harm,Cumulative,Repeated discovery,930000,62,0.2,6,True,True,0.4818134562174479,0.0,0.0,0.018186543782552085,0.003523457845052084,338.4583333333333,0.0625,0.48165588378906254
Stationary harm,Cumulative,Repeated discovery,930000,63,0.2,6,True,True,0.4818501790364584,0.0,0.0,0.018149820963541664,0.003513590494791667,337.9166666666667,0.0,0.481832275390625
Stationary harm,Cumulative,Repeated discovery,930000,64,0.2,6,True,True,0.4818490600585938,0.0,0.0,0.01815093994140625,0.0035147094726562505,337.9375,0.0,0.481832275390625
Stationary harm,Cumulative,Repeated discovery,930000,65,0.2,6,True,True,0.4817891438802084,0.0,0.0,0.01821085611979167,0.003520914713541667,338.9583333333333,0.041666666666666664,0.481832275390625
Stationary harm,Cumulative,Repeated discovery,930000,66,0.2,6,True,True,0.48184651692708336,0.0,0.0,0.018153483072916667,0.003517252604166667,337.9375,0.020833333333333332,0.481832275390625
Stationary harm,Cumulative,Repeated discovery,930000,67,0.2,6,True,True,0.48184031168619795,0.0,0.0,0.018159688313802085,0.003523457845052084,337.9583333333333,0.0625,0.4818170166015625
Stationary harm,Cumulative,Repeated discovery,930000,68,0.2,6,True,True,0.4793123372395834,0.0,0.0025000000000000005,0.018187662760416664,0.0035245768229166673,338.4791666666667,0.0625,0.48165588378906254
Stationary harm,Cumulative,Repeated discovery,930000,69,0.2,6,True,True,0.48184539794921877,0.0,0.0,0.01815460205078125,0.0035183715820312506,337.9583333333333,0.020833333333333332,0.481832275390625
Stationary harm,Cumulative,Repeated discovery,930000,70,0.2,6,True,True,0.48184254964192713,0.0,0.0,0.018157450358072914,0.003521219889322917,337.9166666666667,0.0625,0.4818170166015625
Stationary harm,Cumulative,Repeated discovery,930000,71,0.2,6,True,True,0.481845703125,0.0,0.0,0.018154296875,0.0035180664062500005,338.0,0.0,0.481832275390625
Stationary harm,Cumulative,Repeated discovery,930000,72,0.2,6,True,True,0.48177958170572915,0.0,0.0,0.018220418294270832,0.003530476888020834,339.0416666666667,0.08333333333333333,0.481832275390625
Stationary harm,Cumulative,Repeated discovery,930000,73,0.2,6,True,True,0.4817899576822917,0.0,0.0,0.01821004231770833,0.0035201009114583337,338.8958333333333,0.0625,0.48167114257812504
Stationary harm,Cumulative,Repeated discovery,930000,74,0.2,6,True,True,0.48181599934895836,0.0,0.0,0.018184000651041667,0.003520914713541667,338.4583333333333,0.041666666666666664,0.481832275390625
Stationary harm,Cumulative,Repeated discovery,930000,75,0.2,6,True,True,0.47934509277343756,0.0,0.0025000000000000005,0.0181549072265625,0.0035186767578125003,337.9166666666667,0.041666666666666664,0.481832275390625
Stationary harm,Cumulative,Repeated discovery,930000,76,0.2,6,True,True,0.48179138183593756,0.0,0.0,0.0182086181640625,0.0035186767578125003,338.9166666666667,0.041666666666666664,0.481832275390625
Stationary harm,Cumulative,Repeated discovery,930000,77,0.2,6,True,True,0.4817088826497396,0.0,0.0,0.018291117350260417,0.003520609537760417,340.5,0.020833333333333332,0.48167114257812504
Stationary harm,Cumulative,Repeated discovery,930000,78,0.2,6,True,True,0.48172983805338543,0.0,0.0,0.018270161946614582,0.003526509602864584,340.0625,0.041666666666666664,0.48167114257812504
Stationary harm,Cumulative,Repeated discovery,930000,79,0.2,6,True,True,0.48173177083333335,0.0,0.0,0.018268229166666667,0.0035245768229166673,339.9791666666667,0.0625,0.48165588378906254
Stationary harm,Cumulative,Repeated discovery,930000,80,0.2,6,True,True,0.48173177083333335,0.0,0.0,0.018268229166666667,0.0035245768229166673,339.9791666666667,0.0625,0.48167114257812504
Stationary harm,Cumulative,Repeated discovery,930000,81,0.2,6,True,True,0.47934092203776046,0.0,0.0025000000000000005,0.018159077962239586,0.003522847493489584,338.0416666666667,0.020833333333333332,0.481832275390625
Stationary harm,Cumulative,Repeated discovery,930000,82,0.2,6,True,True,0.4817837524414062,0.0,0.0,0.01821624755859375,0.0035263061523437503,338.9166666666667,0.10416666666666667,0.48165588378906254
Stationary harm,Cumulative,Repeated discovery,930000,83,0.2,6,True,True,0.48184651692708336,0.0,0.0,0.018153483072916667,0.003517252604166667,337.9375,0.020833333333333332,0.481832275390625
Stationary harm,Cumulative,Repeated discovery,930000,84,0.2,6,True,True,0.4818442789713542,0.0,0.0,0.018155721028645835,0.0035194905598958342,337.9791666666667,0.020833333333333332,0.481832275390625
Stationary harm,Cumulative,Repeated discovery,930000,85,0.2,6,True,True,0.4818450927734375,0.0,0.0,0.0181549072265625,0.0035186767578125003,337.9166666666667,0.041666666666666664,0.481832275390625
Stationary harm,Cumulative,Repeated discovery,930000,86,0.2,6,True,True,0.4817921956380209,0.0,0.0,0.018207804361979166,0.0035178629557291673,338.8541666666667,0.0625,0.481832275390625
Stationary harm,Cumulative,Repeated discovery,930000,87,0.2,6,True,True,0.48182301839192715,0.0,0.0,0.018176981608072917,0.0035138956705729175,338.375,0.020833333333333332,0.481832275390625
Stationary harm,Cumulative,Repeated discovery,930000,88,0.2,6,True,True,0.4817637125651042,0.0,0.0,0.018236287434895835,0.0035194905598958342,339.4791666666667,0.020833333333333332,0.48167114257812504
Stationary harm,Cumulative,Repeated discovery,930000,89,0.2,6,True,True,0.46934397379557297,0.0,0.012500000000000002,0.01815602620442708,0.003519795735677084,337.9375,0.041666666666666664,0.481832275390625
Stationary harm,Cumulative,Repeated discovery,930000,90,0.2,6,True,True,0.48184458414713544,0.0,0.0,0.018155415852864582,0.0035191853841145837,338.0208333333333,0.0,0.481832275390625
Stationary harm,Cumulative,Repeated discovery,930000,91,0.2,6,True,True,0.48181711832682295,0.0,0.0,0.018182881673177085,0.003519795735677084,338.4375,0.041666666666666664,0.48165588378906254
Stationary harm,Cumulative,Repeated discovery,930000,92,0.2,6,True,True,0.4818380737304688,0.0,0.0,0.01816192626953125,0.0035256958007812505,338.0,0.0625,0.4818170166015625
Stationary harm,Cumulative,Repeated discovery,930000,93,0.2,6,True,True,0.48183837890625,0.0,0.0,0.01816162109375,0.0035253906250000007,338.0416666666667,0.041666666666666664,0.481832275390625
Stationary harm,Cumulative,Repeated discovery,930000,94,0.2,6,True,True,0.4818400065104167,0.0,0.0,0.01815999348958333,0.003523763020833334,337.9166666666667,0.08333333333333333,0.4818170166015625
Stationary harm,Cumulative,Repeated discovery,930000,95,0.2,6,True,True,0.47428660074869794,0.0,0.007500000000000002,0.01821339925130208,0.003523457845052084,338.9583333333333,0.0625,0.48167114257812504
Stationary harm,Cumulative,Discover once,930000,0,0.4,1,True,True,0.4817894490559896,0.0,0.0,0.018210550944010414,0.0012110392252604166,339.0,0.020833333333333332,0.4817919921875
Stationary harm,Cumulative,Discover once,930000,1,0.4,1,True,True,0.4617919921875,0.0,0.020000000000000004,0.0182080078125,0.00120849609375,339.0,0.0,0.3617919921874999
Stationary harm,Cumulative,Discover once,930000,2,0.4,1,True,True,0.4817919921875,0.0,0.0,0.0182080078125,0.00120849609375,339.0,0.0,0.4817919921875
Stationary harm,Cumulative,Discover once,930000,3,0.4,1,True,True,0.4817919921875,0.0,0.0,0.0182080078125,0.00120849609375,339.0,0.0,0.4817919921875
Stationary harm,Cumulative,Discover once,930000,4,0.4,1,True,True,0.4817894490559896,0.0,0.0,0.018210550944010414,0.0012110392252604166,339.0,0.020833333333333332,0.4817919921875
Stationary harm,Cumulative,Discover once,930000,5,0.4,1,True,True,0.4817919921875,0.0,0.0,0.0182080078125,0.00120849609375,339.0,0.0,0.4817919921875
Stationary harm,Cumulative,Discover once,930000,6,0.4,1,True,True,0.48165517171223965,0.0,0.0,0.01834482828776042,0.0012110392252604166,341.5,0.020833333333333332,0.481630859375
Stationary harm,Cumulative,Discover once,930000,7,0.4,1,True,True,0.4817919921875,0.0,0.0,0.0182080078125,0.00120849609375,339.0,0.0,0.4817919921875
Stationary harm,Cumulative,Discover once,930000,8,0.4,1,True,True,0.4817894490559896,0.0,0.0,0.018210550944010414,0.0012110392252604166,339.0,0.020833333333333332,0.4817919921875
Stationary harm,Cumulative,Discover once,930000,9,0.4,1,True,True,0.4817919921875,0.0,0.0,0.0182080078125,0.00120849609375,339.0,0.0,0.4817919921875
Stationary harm,Cumulative,Discover once,930000,10,0.4,1,True,True,0.48165517171223965,0.0,0.0,0.01834482828776042,0.0012110392252604166,341.5,0.020833333333333332,0.481630859375
Stationary harm,Cumulative,Discover once,930000,11,0.4,1,True,True,0.48165517171223965,0.0,0.0,0.01834482828776042,0.0012110392252604166,341.5,0.020833333333333332,0.481630859375
Stationary harm,Cumulative,Discover once,930000,12,0.4,1,True,True,0.4817919921875,0.0,0.0,0.0182080078125,0.00120849609375,339.0,0.0,0.4817919921875
Stationary harm,Cumulative,Discover once,930000,13,0.4,1,True,True,0.4817894490559896,0.0,0.0,0.018210550944010414,0.0012110392252604166,339.0,0.020833333333333332,0.4817919921875
Stationary harm,Cumulative,Discover once,930000,14,0.4,1,True,True,0.4817894490559896,0.0,0.0,0.018210550944010414,0.0012110392252604166,339.0,0.020833333333333332,0.4817919921875
Stationary harm,Cumulative,Discover once,930000,15,0.4,1,True,True,0.4817919921875,0.0,0.0,0.0182080078125,0.00120849609375,339.0,0.0,0.4817919921875
Stationary harm,Cumulative,Discover once,930000,16,0.4,1,True,True,0.4792919921874999,0.0,0.0025000000000000005,0.0182080078125,0.00120849609375,339.0,0.0,0.4817919921875
Stationary harm,Cumulative,Discover once,930000,17,0.4,1,True,True,0.4817919921875,0.0,0.0,0.0182080078125,0.00120849609375,339.0,0.0,0.4817919921875
Stationary harm,Cumulative,Discover once,930000,18,0.4,1,True,True,0.4817919921875,0.0,0.0,0.0182080078125,0.00120849609375,339.0,0.0,0.4817919921875
Stationary harm,Cumulative,Discover once,930000,19,0.4,1,True,True,0.4817919921875,0.0,0.0,0.0182080078125,0.00120849609375,339.0,0.0,0.4817919921875
Stationary harm,Cumulative,Discover once,930000,20,0.4,1,True,True,0.4792919921874999,0.0,0.0025000000000000005,0.0182080078125,0.00120849609375,339.0,0.0,0.4817919921875
Stationary harm,Cumulative,Discover once,930000,21,0.4,1,True,True,0.4817894490559896,0.0,0.0,0.018210550944010414,0.0012110392252604166,339.0,0.020833333333333332,0.4817919921875
Stationary harm,Cumulative,Discover once,930000,22,0.4,1,True,True,0.48165517171223965,0.0,0.0,0.01834482828776042,0.0012110392252604166,341.5,0.020833333333333332,0.481630859375
Stationary harm,Cumulative,Discover once,930000,23,0.4,1,True,True,0.48165517171223965,0.0,0.0,0.01834482828776042,0.0012110392252604166,341.5,0.020833333333333332,0.481630859375
Stationary harm,Cumulative,Discover once,930000,24,0.4,1,True,True,0.4817894490559896,0.0,0.0,0.018210550944010414,0.0012110392252604166,339.0,0.020833333333333332,0.4817919921875
Stationary harm,Cumulative,Discover once,930000,25,0.4,1,True,True,0.48165517171223965,0.0,0.0,0.01834482828776042,0.0012110392252604166,341.5,0.020833333333333332,0.481630859375
Stationary harm,Cumulative,Discover once,930000,26,0.4,1,True,True,0.48165517171223965,0.0,0.0,0.01834482828776042,0.0012110392252604166,341.5,0.020833333333333332,0.481630859375
Stationary harm,Cumulative,Discover once,930000,27,0.4,1,True,True,0.48165517171223965,0.0,0.0,0.01834482828776042,0.0012110392252604166,341.5,0.020833333333333332,0.481630859375
Stationary harm,Cumulative,Discover once,930000,28,0.4,1,True,True,0.4817894490559896,0.0,0.0,0.018210550944010414,0.0012110392252604166,339.0,0.020833333333333332,0.4817919921875
Stationary harm,Cumulative,Discover once,930000,29,0.4,1,True,True,0.4817919921875,0.0,0.0,0.0182080078125,0.00120849609375,339.0,0.0,0.4817919921875
Stationary harm,Cumulative,Discover once,930000,30,0.4,1,True,True,0.4817919921875,0.0,0.0,0.0182080078125,0.00120849609375,339.0,0.0,0.4817919921875
Stationary harm,Cumulative,Discover once,930000,31,0.4,1,True,True,0.48165517171223965,0.0,0.0,0.01834482828776042,0.0012110392252604166,341.5,0.020833333333333332,0.481630859375
Stationary harm,Cumulative,Discover once,930000,32,0.4,1,True,True,0.48165517171223965,0.0,0.0,0.01834482828776042,0.0012110392252604166,341.5,0.020833333333333332,0.481630859375
Stationary harm,Cumulative,Discover once,930000,33,0.4,1,True,True,0.4817919921875,0.0,0.0,0.0182080078125,0.00120849609375,339.0,0.0,0.4817919921875
Stationary harm,Cumulative,Discover once,930000,34,0.4,1,True,True,0.48165517171223965,0.0,0.0,0.01834482828776042,0.0012110392252604166,341.5,0.020833333333333332,0.481630859375
Stationary harm,Cumulative,Discover once,930000,35,0.4,1,True,True,0.48165517171223965,0.0,0.0,0.01834482828776042,0.0012110392252604166,341.5,0.020833333333333332,0.481630859375
Stationary harm,Cumulative,Discover once,930000,36,0.4,1,True,True,0.48165517171223965,0.0,0.0,0.01834482828776042,0.0012110392252604166,341.5,0.020833333333333332,0.481630859375
Stationary harm,Cumulative,Discover once,930000,37,0.4,1,True,True,0.48165517171223965,0.0,0.0,0.01834482828776042,0.0012110392252604166,341.5,0.020833333333333332,0.481630859375
Stationary harm,Cumulative,Discover once,930000,38,0.4,1,True,True,0.4817894490559896,0.0,0.0,0.018210550944010414,0.0012110392252604166,339.0,0.020833333333333332,0.4817919921875
Stationary harm,Cumulative,Discover once,930000,39,0.4,1,True,True,0.48165517171223965,0.0,0.0,0.01834482828776042,0.0012110392252604166,341.5,0.020833333333333332,0.481630859375
Stationary harm,Cumulative,Discover once,930000,40,0.4,1,True,True,0.4817919921875,0.0,0.0,0.0182080078125,0.00120849609375,339.0,0.0,0.4817919921875
Stationary harm,Cumulative,Discover once,930000,41,0.4,1,True,True,0.4817894490559896,0.0,0.0,0.018210550944010414,0.0012110392252604166,339.0,0.020833333333333332,0.4817919921875
Stationary harm,Cumulative,Discover once,930000,42,0.4,1,True,True,0.4817919921875,0.0,0.0,0.0182080078125,0.00120849609375,339.0,0.0,0.4817919921875
Stationary harm,Cumulative,Discover once,930000,43,0.4,1,True,True,0.4817919921875,0.0,0.0,0.0182080078125,0.00120849609375,339.0,0.0,0.4817919921875
Stationary harm,Cumulative,Discover once,930000,44,0.4,1,True,True,0.4817919921875,0.0,0.0,0.0182080078125,0.00120849609375,339.0,0.0,0.4817919921875
Stationary harm,Cumulative,Discover once,930000,45,0.4,1,True,True,0.4817894490559896,0.0,0.0,0.018210550944010414,0.0012110392252604166,339.0,0.020833333333333332,0.4817919921875
Stationary harm,Cumulative,Discover once,930000,46,0.4,1,True,True,0.4817894490559896,0.0,0.0,0.018210550944010414,0.0012110392252604166,339.0,0.020833333333333332,0.4817919921875
Stationary harm,Cumulative,Discover once,930000,47,0.4,1,True,True,0.48165517171223965,0.0,0.0,0.01834482828776042,0.0012110392252604166,341.5,0.020833333333333332,0.481630859375
Stationary harm,Cumulative,Discover once,930000,48,0.4,1,True,True,0.48165517171223965,0.0,0.0,0.01834482828776042,0.0012110392252604166,341.5,0.020833333333333332,0.481630859375
Stationary harm,Cumulative,Discover once,930000,49,0.4,1,True,True,0.4817894490559896,0.0,0.0,0.018210550944010414,0.0012110392252604166,339.0,0.020833333333333332,0.4817919921875
Stationary harm,Cumulative,Discover once,930000,50,0.4,1,True,True,0.4817919921875,0.0,0.0,0.0182080078125,0.00120849609375,339.0,0.0,0.4817919921875
Stationary harm,Cumulative,Discover once,930000,51,0.4,1,True,True,0.4817894490559896,0.0,0.0,0.018210550944010414,0.0012110392252604166,339.0,0.020833333333333332,0.4817919921875
Stationary harm,Cumulative,Discover once,930000,52,0.4,1,True,True,0.4817919921875,0.0,0.0,0.0182080078125,0.00120849609375,339.0,0.0,0.4817919921875
Stationary harm,Cumulative,Discover once,930000,53,0.4,1,True,True,0.4741551717122396,0.0,0.007500000000000002,0.01834482828776042,0.0012110392252604166,341.5,0.020833333333333332,0.481630859375
Stationary harm,Cumulative,Discover once,930000,54,0.4,1,True,True,0.4817894490559896,0.0,0.0,0.018210550944010414,0.0012110392252604166,339.0,0.020833333333333332,0.4817919921875
Stationary harm,Cumulative,Discover once,930000,55,0.4,1,True,True,0.48165517171223965,0.0,0.0,0.01834482828776042,0.0012110392252604166,341.5,0.020833333333333332,0.481630859375
Stationary harm,Cumulative,Discover once,930000,56,0.4,1,True,True,0.48165517171223965,0.0,0.0,0.01834482828776042,0.0012110392252604166,341.5,0.020833333333333332,0.481630859375
Stationary harm,Cumulative,Discover once,930000,57,0.4,1,True,True,0.4817894490559896,0.0,0.0,0.018210550944010414,0.0012110392252604166,339.0,0.020833333333333332,0.4817919921875
Stationary harm,Cumulative,Discover once,930000,58,0.4,1,True,True,0.4817894490559896,0.0,0.0,0.018210550944010414,0.0012110392252604166,339.0,0.020833333333333332,0.4817919921875
Stationary harm,Cumulative,Discover once,930000,59,0.4,1,True,True,0.4817894490559896,0.0,0.0,0.018210550944010414,0.0012110392252604166,339.0,0.020833333333333332,0.4817919921875
Stationary harm,Cumulative,Discover once,930000,60,0.4,1,True,True,0.48165517171223965,0.0,0.0,0.01834482828776042,0.0012110392252604166,341.5,0.020833333333333332,0.481630859375
Stationary harm,Cumulative,Discover once,930000,61,0.4,1,True,True,0.4817894490559896,0.0,0.0,0.018210550944010414,0.0012110392252604166,339.0,0.020833333333333332,0.4817919921875
Stationary harm,Cumulative,Discover once,930000,62,0.4,1,True,True,0.4817894490559896,0.0,0.0,0.018210550944010414,0.0012110392252604166,339.0,0.020833333333333332,0.4817919921875
Stationary harm,Cumulative,Discover once,930000,63,0.4,1,True,True,0.4817894490559896,0.0,0.0,0.018210550944010414,0.0012110392252604166,339.0,0.020833333333333332,0.4817919921875
Stationary harm,Cumulative,Discover once,930000,64,0.4,1,True,True,0.4817894490559896,0.0,0.0,0.018210550944010414,0.0012110392252604166,339.0,0.020833333333333332,0.4817919921875
Stationary harm,Cumulative,Discover once,930000,65,0.4,1,True,True,0.48165517171223965,0.0,0.0,0.01834482828776042,0.0012110392252604166,341.5,0.020833333333333332,0.481630859375
Stationary harm,Cumulative,Discover once,930000,66,0.4,1,True,True,0.4766551717122396,0.0,0.005000000000000001,0.01834482828776042,0.0012110392252604166,341.5,0.020833333333333332,0.481630859375
Stationary harm,Cumulative,Discover once,930000,67,0.4,1,True,True,0.48165517171223965,0.0,0.0,0.01834482828776042,0.0012110392252604166,341.5,0.020833333333333332,0.481630859375
Stationary harm,Cumulative,Discover once,930000,68,0.4,1,True,True,0.48165517171223965,0.0,0.0,0.01834482828776042,0.0012110392252604166,341.5,0.020833333333333332,0.481630859375
Stationary harm,Cumulative,Discover once,930000,69,0.4,1,True,True,0.4817894490559896,0.0,0.0,0.018210550944010414,0.0012110392252604166,339.0,0.020833333333333332,0.4817919921875
Stationary harm,Cumulative,Discover once,930000,70,0.4,1,True,True,0.4817894490559896,0.0,0.0,0.018210550944010414,0.0012110392252604166,339.0,0.020833333333333332,0.4817919921875
Stationary harm,Cumulative,Discover once,930000,71,0.4,1,True,True,0.48165517171223965,0.0,0.0,0.01834482828776042,0.0012110392252604166,341.5,0.020833333333333332,0.481630859375
Stationary harm,Cumulative,Discover once,930000,72,0.4,1,True,True,0.48165517171223965,0.0,0.0,0.01834482828776042,0.0012110392252604166,341.5,0.020833333333333332,0.481630859375
Stationary harm,Cumulative,Discover once,930000,73,0.4,1,True,True,0.4817919921875,0.0,0.0,0.0182080078125,0.00120849609375,339.0,0.0,0.4817919921875
Stationary harm,Cumulative,Discover once,930000,74,0.4,1,True,True,0.4817894490559896,0.0,0.0,0.018210550944010414,0.0012110392252604166,339.0,0.020833333333333332,0.4817919921875
Stationary harm,Cumulative,Discover once,930000,75,0.4,1,True,True,0.48165517171223965,0.0,0.0,0.01834482828776042,0.0012110392252604166,341.5,0.020833333333333332,0.481630859375
Stationary harm,Cumulative,Discover once,930000,76,0.4,1,True,True,0.4817919921875,0.0,0.0,0.0182080078125,0.00120849609375,339.0,0.0,0.4817919921875
Stationary harm,Cumulative,Discover once,930000,77,0.4,1,True,True,0.48165517171223965,0.0,0.0,0.01834482828776042,0.0012110392252604166,341.5,0.020833333333333332,0.481630859375
Stationary harm,Cumulative,Discover once,930000,78,0.4,1,True,True,0.4817919921875,0.0,0.0,0.0182080078125,0.00120849609375,339.0,0.0,0.4817919921875
Stationary harm,Cumulative,Discover once,930000,79,0.4,1,True,True,0.4817919921875,0.0,0.0,0.0182080078125,0.00120849609375,339.0,0.0,0.4817919921875
Stationary harm,Cumulative,Discover once,930000,80,0.4,1,True,True,0.48165517171223965,0.0,0.0,0.01834482828776042,0.0012110392252604166,341.5,0.020833333333333332,0.481630859375
Stationary harm,Cumulative,Discover once,930000,81,0.4,1,True,True,0.48165517171223965,0.0,0.0,0.01834482828776042,0.0012110392252604166,341.5,0.020833333333333332,0.481630859375
Stationary harm,Cumulative,Discover once,930000,82,0.4,1,True,True,0.48165517171223965,0.0,0.0,0.01834482828776042,0.0012110392252604166,341.5,0.020833333333333332,0.481630859375
Stationary harm,Cumulative,Discover once,930000,83,0.4,1,True,True,0.4817894490559896,0.0,0.0,0.018210550944010414,0.0012110392252604166,339.0,0.020833333333333332,0.4817919921875
Stationary harm,Cumulative,Discover once,930000,84,0.4,1,True,True,0.4742919921875,0.0,0.007500000000000002,0.0182080078125,0.00120849609375,339.0,0.0,0.4817919921875
Stationary harm,Cumulative,Discover once,930000,85,0.4,1,True,True,0.4817894490559896,0.0,0.0,0.018210550944010414,0.0012110392252604166,339.0,0.020833333333333332,0.4817919921875
Stationary harm,Cumulative,Discover once,930000,86,0.4,1,True,True,0.4817894490559896,0.0,0.0,0.018210550944010414,0.0012110392252604166,339.0,0.020833333333333332,0.4817919921875
Stationary harm,Cumulative,Discover once,930000,87,0.4,1,True,True,0.4817894490559896,0.0,0.0,0.018210550944010414,0.0012110392252604166,339.0,0.020833333333333332,0.4817919921875
Stationary harm,Cumulative,Discover once,930000,88,0.4,1,True,True,0.4817894490559896,0.0,0.0,0.018210550944010414,0.0012110392252604166,339.0,0.020833333333333332,0.4817919921875
Stationary harm,Cumulative,Discover once,930000,89,0.4,1,True,True,0.4817894490559896,0.0,0.0,0.018210550944010414,0.0012110392252604166,339.0,0.020833333333333332,0.4817919921875
Stationary harm,Cumulative,Discover once,930000,90,0.4,1,True,True,0.4817894490559896,0.0,0.0,0.018210550944010414,0.0012110392252604166,339.0,0.020833333333333332,0.4817919921875
Stationary harm,Cumulative,Discover once,930000,91,0.4,1,True,True,0.4817919921875,0.0,0.0,0.0182080078125,0.00120849609375,339.0,0.0,0.4817919921875
Stationary harm,Cumulative,Discover once,930000,92,0.4,1,True,True,0.4542919921875,0.0,0.027500000000000007,0.0182080078125,0.00120849609375,339.0,0.0,0.4817919921875
Stationary harm,Cumulative,Discover once,930000,93,0.4,1,True,True,0.4817894490559896,0.0,0.0,0.018210550944010414,0.0012110392252604166,339.0,0.020833333333333332,0.4817919921875
Stationary harm,Cumulative,Discover once,930000,94,0.4,1,True,True,0.4817894490559896,0.0,0.0,0.018210550944010414,0.0012110392252604166,339.0,0.020833333333333332,0.4817919921875
Stationary harm,Cumulative,Discover once,930000,95,0.4,1,True,True,0.4817894490559896,0.0,0.0,0.018210550944010414,0.0012110392252604166,339.0,0.020833333333333332,0.4817919921875
Stationary harm,Cumulative,Repeated discovery,930000,0,0.4,1,True,True,0.4817843627929686,0.0,0.0,0.01821563720703125,0.00725860595703125,339.0,0.0625,0.48179199218749996
Stationary harm,Cumulative,Repeated discovery,930000,1,0.4,1,True,True,0.48179199218749985,0.0,0.0,0.0182080078125,0.0072509765625,339.0,0.0,0.48179199218749996
Stationary harm,Cumulative,Repeated discovery,930000,2,0.4,1,True,True,0.48178944905598947,0.0,0.0,0.018210550944010417,0.007253519694010416,339.0,0.020833333333333332,0.48179199218749996
Stationary harm,Cumulative,Repeated discovery,930000,3,0.4,1,True,True,0.48178690592447904,0.0,0.0,0.018213094075520835,0.007256062825520833,339.0,0.041666666666666664,0.48179199218749996
Stationary harm,Cumulative,Repeated discovery,930000,4,0.4,1,True,True,0.48178944905598947,0.0,0.0,0.018210550944010417,0.007253519694010416,339.0,0.020833333333333332,0.48179199218749996
Stationary harm,Cumulative,Repeated discovery,930000,5,0.4,1,True,True,0.48179199218749985,0.0,0.0,0.0182080078125,0.0072509765625,339.0,0.0,0.48179199218749996
Stationary harm,Cumulative,Repeated discovery,930000,6,0.4,1,True,True,0.48178944905598947,0.0,0.0,0.018210550944010417,0.007253519694010416,339.0,0.020833333333333332,0.48179199218749996
Stationary harm,Cumulative,Repeated discovery,930000,7,0.4,1,True,True,0.48178690592447904,0.0,0.0,0.018213094075520835,0.007256062825520833,339.0,0.041666666666666664,0.48177673339843746
Stationary harm,Cumulative,Repeated discovery,930000,8,0.4,1,True,True,0.4817792765299478,0.0,0.0,0.018220723470052085,0.007263692220052083,339.0,0.10416666666666667,0.48177673339843746
Stationary harm,Cumulative,Repeated discovery,930000,9,0.4,1,True,True,0.4817843627929686,0.0,0.0,0.01821563720703125,0.00725860595703125,339.0,0.0625,0.48179199218749996
Stationary harm,Cumulative,Repeated discovery,930000,10,0.4,1,True,True,0.4817843627929686,0.0,0.0,0.01821563720703125,0.00725860595703125,339.0,0.0625,0.48177673339843746
Stationary harm,Cumulative,Repeated discovery,930000,11,0.4,1,True,True,0.48178944905598947,0.0,0.0,0.018210550944010417,0.007253519694010416,339.0,0.020833333333333332,0.48179199218749996
Stationary harm,Cumulative,Repeated discovery,930000,12,0.4,1,True,True,0.48178944905598947,0.0,0.0,0.018210550944010417,0.007253519694010416,339.0,0.020833333333333332,0.48179199218749996
Stationary harm,Cumulative,Repeated discovery,930000,13,0.4,1,True,True,0.4817818196614582,0.0,0.0,0.018218180338541667,0.007261149088541666,339.0,0.08333333333333333,0.48179199218749996
Stationary harm,Cumulative,Repeated discovery,930000,14,0.4,1,True,True,0.4817843627929686,0.0,0.0,0.01821563720703125,0.00725860595703125,339.0,0.0625,0.48179199218749996
Stationary harm,Cumulative,Repeated discovery,930000,15,0.4,1,True,True,0.48178944905598947,0.0,0.0,0.018210550944010417,0.007253519694010416,339.0,0.020833333333333332,0.48179199218749996
Stationary harm,Cumulative,Repeated discovery,930000,16,0.4,1,True,True,0.47928436279296865,0.0,0.0025000000000000005,0.01821563720703125,0.00725860595703125,339.0,0.0625,0.48177673339843746
Stationary harm,Cumulative,Repeated discovery,930000,17,0.4,1,True,True,0.48179199218749985,0.0,0.0,0.0182080078125,0.0072509765625,339.0,0.0,0.48179199218749996
Stationary harm,Cumulative,Repeated discovery,930000,18,0.4,1,True,True,0.48178690592447904,0.0,0.0,0.018213094075520835,0.007256062825520833,339.0,0.041666666666666664,0.48179199218749996
Stationary harm,Cumulative,Repeated discovery,930000,19,0.4,1,True,True,0.48178944905598947,0.0,0.0,0.018210550944010417,0.007253519694010416,339.0,0.020833333333333332,0.48179199218749996
Stationary harm,Cumulative,Repeated discovery,930000,20,0.4,1,True,True,0.4792919921874999,0.0,0.0025000000000000005,0.0182080078125,0.0072509765625,339.0,0.0,0.48179199218749996
Stationary harm,Cumulative,Repeated discovery,930000,21,0.4,1,True,True,0.4817843627929686,0.0,0.0,0.01821563720703125,0.00725860595703125,339.0,0.0625,0.48179199218749996
Stationary harm,Cumulative,Repeated discovery,930000,22,0.4,1,True,True,0.4817792765299478,0.0,0.0,0.018220723470052085,0.007263692220052083,339.0,0.10416666666666667,0.48179199218749996
Stationary harm,Cumulative,Repeated discovery,930000,23,0.4,1,True,True,0.4817818196614582,0.0,0.0,0.018218180338541667,0.007261149088541666,339.0,0.08333333333333333,0.48177673339843746
Stationary harm,Cumulative,Repeated discovery,930000,24,0.4,1,True,True,0.4817843627929686,0.0,0.0,0.01821563720703125,0.00725860595703125,339.0,0.0625,0.48179199218749996
Stationary harm,Cumulative,Repeated discovery,930000,25,0.4,1,True,True,0.48178690592447904,0.0,0.0,0.018213094075520835,0.007256062825520833,339.0,0.041666666666666664,0.48179199218749996
Stationary harm,Cumulative,Repeated discovery,930000,26,0.4,1,True,True,0.4817843627929686,0.0,0.0,0.01821563720703125,0.00725860595703125,339.0,0.0625,0.48179199218749996
Stationary harm,Cumulative,Repeated discovery,930000,27,0.4,1,True,True,0.48178690592447904,0.0,0.0,0.018213094075520835,0.007256062825520833,339.0,0.041666666666666664,0.48179199218749996
Stationary harm,Cumulative,Repeated discovery,930000,28,0.4,1,True,True,0.4817843627929686,0.0,0.0,0.01821563720703125,0.00725860595703125,339.0,0.0625,0.48177673339843746
Stationary harm,Cumulative,Repeated discovery,930000,29,0.4,1,True,True,0.48178944905598947,0.0,0.0,0.018210550944010417,0.007253519694010416,339.0,0.020833333333333332,0.48179199218749996
Stationary harm,Cumulative,Repeated discovery,930000,30,0.4,1,True,True,0.48178690592447904,0.0,0.0,0.018213094075520835,0.007256062825520833,339.0,0.041666666666666664,0.48177673339843746
Stationary harm,Cumulative,Repeated discovery,930000,31,0.4,1,True,True,0.4817843627929686,0.0,0.0,0.01821563720703125,0.00725860595703125,339.0,0.0625,0.48179199218749996
Stationary harm,Cumulative,Repeated discovery,930000,32,0.4,1,True,True,0.48178944905598947,0.0,0.0,0.018210550944010417,0.007253519694010416,339.0,0.020833333333333332,0.48179199218749996
Stationary harm,Cumulative,Repeated discovery,930000,33,0.4,1,True,True,0.48178944905598947,0.0,0.0,0.018210550944010417,0.007253519694010416,339.0,0.020833333333333332,0.48179199218749996
Stationary harm,Cumulative,Repeated discovery,930000,34,0.4,1,True,True,0.48178944905598947,0.0,0.0,0.018210550944010417,0.007253519694010416,339.0,0.020833333333333332,0.48179199218749996
Stationary harm,Cumulative,Repeated discovery,930000,35,0.4,1,True,True,0.48178690592447904,0.0,0.0,0.018213094075520835,0.007256062825520833,339.0,0.041666666666666664,0.48179199218749996
Stationary harm,Cumulative,Repeated discovery,930000,36,0.4,1,True,True,0.4817843627929686,0.0,0.0,0.01821563720703125,0.00725860595703125,339.0,0.0625,0.48177673339843746
Stationary harm,Cumulative,Repeated discovery,930000,37,0.4,1,True,True,0.48178944905598947,0.0,0.0,0.018210550944010417,0.007253519694010416,339.0,0.020833333333333332,0.48179199218749996
Stationary harm,Cumulative,Repeated discovery,930000,38,0.4,1,True,True,0.4817843627929686,0.0,0.0,0.01821563720703125,0.00725860595703125,339.0,0.0625,0.48179199218749996
Stationary harm,Cumulative,Repeated discovery,930000,39,0.4,1,True,True,0.48178944905598947,0.0,0.0,0.018210550944010417,0.007253519694010416,339.0,0.020833333333333332,0.48179199218749996
Stationary harm,Cumulative,Repeated discovery,930000,40,0.4,1,True,True,0.48179199218749985,0.0,0.0,0.0182080078125,0.0072509765625,339.0,0.0,0.48179199218749996
Stationary harm,Cumulative,Repeated discovery,930000,41,0.4,1,True,True,0.48178944905598947,0.0,0.0,0.018210550944010417,0.007253519694010416,339.0,0.020833333333333332,0.48179199218749996
Stationary harm,Cumulative,Repeated discovery,930000,42,0.4,1,True,True,0.48178690592447904,0.0,0.0,0.018213094075520835,0.007256062825520833,339.0,0.041666666666666664,0.48179199218749996
Stationary harm,Cumulative,Repeated discovery,930000,43,0.4,1,True,True,0.48178944905598947,0.0,0.0,0.018210550944010417,0.007253519694010416,339.0,0.020833333333333332,0.48177673339843746
Stationary harm,Cumulative,Repeated discovery,930000,44,0.4,1,True,True,0.48178690592447904,0.0,0.0,0.018213094075520835,0.007256062825520833,339.0,0.041666666666666664,0.48179199218749996
Stationary harm,Cumulative,Repeated discovery,930000,45,0.4,1,True,True,0.48178690592447904,0.0,0.0,0.018213094075520835,0.007256062825520833,339.0,0.041666666666666664,0.48177673339843746
Stationary harm,Cumulative,Repeated discovery,930000,46,0.4,1,True,True,0.48178944905598947,0.0,0.0,0.018210550944010417,0.007253519694010416,339.0,0.020833333333333332,0.48179199218749996
Stationary harm,Cumulative,Repeated discovery,930000,47,0.4,1,True,True,0.48178944905598947,0.0,0.0,0.018210550944010417,0.007253519694010416,339.0,0.020833333333333332,0.48179199218749996
Stationary harm,Cumulative,Repeated discovery,930000,48,0.4,1,True,True,0.48178944905598947,0.0,0.0,0.018210550944010417,0.007253519694010416,339.0,0.020833333333333332,0.48179199218749996
Stationary harm,Cumulative,Repeated discovery,930000,49,0.4,1,True,True,0.48178690592447904,0.0,0.0,0.018213094075520835,0.007256062825520833,339.0,0.041666666666666664,0.48179199218749996
Stationary harm,Cumulative,Repeated discovery,930000,50,0.4,1,True,True,0.48179199218749985,0.0,0.0,0.0182080078125,0.0072509765625,339.0,0.0,0.48179199218749996
Stationary harm,Cumulative,Repeated discovery,930000,51,0.4,1,True,True,0.48178944905598947,0.0,0.0,0.018210550944010417,0.007253519694010416,339.0,0.020833333333333332,0.48179199218749996
Stationary harm,Cumulative,Repeated discovery,930000,52,0.4,1,True,True,0.4817843627929686,0.0,0.0,0.01821563720703125,0.00725860595703125,339.0,0.0625,0.48177673339843746
Stationary harm,Cumulative,Repeated discovery,930000,53,0.4,1,True,True,0.47428436279296865,0.0,0.007500000000000002,0.01821563720703125,0.00725860595703125,339.0,0.0625,0.48179199218749996
Stationary harm,Cumulative,Repeated discovery,930000,54,0.4,1,True,True,0.48178690592447904,0.0,0.0,0.018213094075520835,0.007256062825520833,339.0,0.041666666666666664,0.48179199218749996
Stationary harm,Cumulative,Repeated discovery,930000,55,0.4,1,True,True,0.4817818196614582,0.0,0.0,0.018218180338541667,0.007261149088541666,339.0,0.08333333333333333,0.48179199218749996
Stationary harm,Cumulative,Repeated discovery,930000,56,0.4,1,True,True,0.4817843627929686,0.0,0.0,0.01821563720703125,0.00725860595703125,339.0,0.0625,0.48177673339843746
Stationary harm,Cumulative,Repeated discovery,930000,57,0.4,1,True,True,0.48178690592447904,0.0,0.0,0.018213094075520835,0.007256062825520833,339.0,0.041666666666666664,0.48179199218749996
Stationary harm,Cumulative,Repeated discovery,930000,58,0.4,1,True,True,0.48178944905598947,0.0,0.0,0.018210550944010417,0.007253519694010416,339.0,0.020833333333333332,0.48179199218749996
Stationary harm,Cumulative,Repeated discovery,930000,59,0.4,1,True,True,0.4817818196614582,0.0,0.0,0.018218180338541667,0.007261149088541666,339.0,0.08333333333333333,0.48177673339843746
Stationary harm,Cumulative,Repeated discovery,930000,60,0.4,1,True,True,0.48178944905598947,0.0,0.0,0.018210550944010417,0.007253519694010416,339.0,0.020833333333333332,0.48179199218749996
Stationary harm,Cumulative,Repeated discovery,930000,61,0.4,1,True,True,0.48178944905598947,0.0,0.0,0.018210550944010417,0.007253519694010416,339.0,0.020833333333333332,0.48179199218749996
Stationary harm,Cumulative,Repeated discovery,930000,62,0.4,1,True,True,0.4817818196614582,0.0,0.0,0.018218180338541667,0.007261149088541666,339.0,0.08333333333333333,0.48177673339843746
Stationary harm,Cumulative,Repeated discovery,930000,63,0.4,1,True,True,0.4817843627929686,0.0,0.0,0.01821563720703125,0.00725860595703125,339.0,0.0625,0.48179199218749996
Stationary harm,Cumulative,Repeated discovery,930000,64,0.4,1,True,True,0.48178944905598947,0.0,0.0,0.018210550944010417,0.007253519694010416,339.0,0.020833333333333332,0.48179199218749996
Stationary harm,Cumulative,Repeated discovery,930000,65,0.4,1,True,True,0.48178944905598947,0.0,0.0,0.018210550944010417,0.007253519694010416,339.0,0.020833333333333332,0.48179199218749996
Stationary harm,Cumulative,Repeated discovery,930000,66,0.4,1,True,True,0.47678944905598947,0.0,0.005000000000000001,0.018210550944010417,0.007253519694010416,339.0,0.020833333333333332,0.48179199218749996
Stationary harm,Cumulative,Repeated discovery,930000,67,0.4,1,True,True,0.48178944905598947,0.0,0.0,0.018210550944010417,0.007253519694010416,339.0,0.020833333333333332,0.48179199218749996
Stationary harm,Cumulative,Repeated discovery,930000,68,0.4,1,True,True,0.4817843627929686,0.0,0.0,0.01821563720703125,0.00725860595703125,339.0,0.0625,0.48179199218749996
Stationary harm,Cumulative,Repeated discovery,930000,69,0.4,1,True,True,0.48178690592447904,0.0,0.0,0.018213094075520835,0.007256062825520833,339.0,0.041666666666666664,0.48179199218749996
Stationary harm,Cumulative,Repeated discovery,930000,70,0.4,1,True,True,0.4817792765299478,0.0,0.0,0.018220723470052085,0.007263692220052083,339.0,0.10416666666666667,0.48177673339843746
Stationary harm,Cumulative,Repeated discovery,930000,71,0.4,1,True,True,0.48178690592447904,0.0,0.0,0.018213094075520835,0.007256062825520833,339.0,0.041666666666666664,0.48179199218749996
Stationary harm,Cumulative,Repeated discovery,930000,72,0.4,1,True,True,0.4817818196614582,0.0,0.0,0.018218180338541667,0.007261149088541666,339.0,0.08333333333333333,0.48179199218749996
Stationary harm,Cumulative,Repeated discovery,930000,73,0.4,1,True,True,0.48179199218749985,0.0,0.0,0.0182080078125,0.0072509765625,339.0,0.0,0.48179199218749996
Stationary harm,Cumulative,Repeated discovery,930000,74,0.4,1,True,True,0.48177673339843735,0.0,0.0,0.0182232666015625,0.0072662353515625,339.0,0.125,0.48177673339843746
Stationary harm,Cumulative,Repeated discovery,930000,75,0.4,1,True,True,0.48178690592447904,0.0,0.0,0.018213094075520835,0.007256062825520833,339.0,0.041666666666666664,0.48179199218749996
Stationary harm,Cumulative,Repeated discovery,930000,76,0.4,1,True,True,0.48178944905598947,0.0,0.0,0.018210550944010417,0.007253519694010416,339.0,0.020833333333333332,0.48179199218749996
Stationary harm,Cumulative,Repeated discovery,930000,77,0.4,1,True,True,0.4817818196614582,0.0,0.0,0.018218180338541667,0.007261149088541666,339.0,0.08333333333333333,0.48177673339843746
Stationary harm,Cumulative,Repeated discovery,930000,78,0.4,1,True,True,0.48178690592447904,0.0,0.0,0.018213094075520835,0.007256062825520833,339.0,0.041666666666666664,0.48177673339843746
Stationary harm,Cumulative,Repeated discovery,930000,79,0.4,1,True,True,0.48178690592447904,0.0,0.0,0.018213094075520835,0.007256062825520833,339.0,0.041666666666666664,0.48179199218749996
Stationary harm,Cumulative,Repeated discovery,930000,80,0.4,1,True,True,0.4817843627929686,0.0,0.0,0.01821563720703125,0.00725860595703125,339.0,0.0625,0.48177673339843746
Stationary harm,Cumulative,Repeated discovery,930000,81,0.4,1,True,True,0.4817818196614582,0.0,0.0,0.018218180338541667,0.007261149088541666,339.0,0.08333333333333333,0.48177673339843746
Stationary harm,Cumulative,Repeated discovery,930000,82,0.4,1,True,True,0.4817843627929686,0.0,0.0,0.01821563720703125,0.00725860595703125,339.0,0.0625,0.48179199218749996
Stationary harm,Cumulative,Repeated discovery,930000,83,0.4,1,True,True,0.48178944905598947,0.0,0.0,0.018210550944010417,0.007253519694010416,339.0,0.020833333333333332,0.48179199218749996
Stationary harm,Cumulative,Repeated discovery,930000,84,0.4,1,True,True,0.47428944905598946,0.0,0.007500000000000002,0.018210550944010417,0.007253519694010416,339.0,0.020833333333333332,0.48179199218749996
Stationary harm,Cumulative,Repeated discovery,930000,85,0.4,1,True,True,0.48178944905598947,0.0,0.0,0.018210550944010417,0.007253519694010416,339.0,0.020833333333333332,0.48179199218749996
Stationary harm,Cumulative,Repeated discovery,930000,86,0.4,1,True,True,0.48178690592447904,0.0,0.0,0.018213094075520835,0.007256062825520833,339.0,0.041666666666666664,0.48179199218749996
Stationary harm,Cumulative,Repeated discovery,930000,87,0.4,1,True,True,0.48178944905598947,0.0,0.0,0.018210550944010417,0.007253519694010416,339.0,0.020833333333333332,0.48179199218749996
Stationary harm,Cumulative,Repeated discovery,930000,88,0.4,1,True,True,0.48178944905598947,0.0,0.0,0.018210550944010417,0.007253519694010416,339.0,0.020833333333333332,0.48179199218749996
Stationary harm,Cumulative,Repeated discovery,930000,89,0.4,1,True,True,0.4817792765299478,0.0,0.0,0.018220723470052085,0.007263692220052083,339.0,0.10416666666666667,0.48177673339843746
Stationary harm,Cumulative,Repeated discovery,930000,90,0.4,1,True,True,0.4817792765299478,0.0,0.0,0.018220723470052085,0.007263692220052083,339.0,0.10416666666666667,0.48177673339843746
Stationary harm,Cumulative,Repeated discovery,930000,91,0.4,1,True,True,0.48178944905598947,0.0,0.0,0.018210550944010417,0.007253519694010416,339.0,0.020833333333333332,0.48179199218749996
Stationary harm,Cumulative,Repeated discovery,930000,92,0.4,1,True,True,0.45428944905598945,0.0,0.027500000000000007,0.018210550944010417,0.007253519694010416,339.0,0.020833333333333332,0.48179199218749996
Stationary harm,Cumulative,Repeated discovery,930000,93,0.4,1,True,True,0.48178690592447904,0.0,0.0,0.018213094075520835,0.007256062825520833,339.0,0.041666666666666664,0.48179199218749996
Stationary harm,Cumulative,Repeated discovery,930000,94,0.4,1,True,True,0.48178690592447904,0.0,0.0,0.018213094075520835,0.007256062825520833,339.0,0.041666666666666664,0.48179199218749996
Stationary harm,Cumulative,Repeated discovery,930000,95,0.4,1,True,True,0.48178944905598947,0.0,0.0,0.018210550944010417,0.007253519694010416,339.0,0.020833333333333332,0.48179199218749996
Stationary harm,Cumulative,Discover once,930000,0,0.4,3,True,True,0.4818054199218749,0.0,0.0,0.018194580078124998,0.0011950683593750001,338.75,0.0,0.4817919921875
Stationary harm,Cumulative,Discover once,930000,1,0.4,3,True,True,0.48166859944661455,0.0,0.0,0.01833140055338542,0.0011976114908854166,341.25,0.020833333333333332,0.481630859375
Stationary harm,Cumulative,Discover once,930000,2,0.4,3,True,True,0.4818065388997395,0.0,0.0,0.018193461100260416,0.0011939493815104167,338.7291666666667,0.0,0.4817919921875
Stationary harm,Cumulative,Discover once,930000,3,0.4,3,True,True,0.4816730753580729,0.0,0.0,0.018326924641927086,0.0011931355794270835,341.1666666666667,0.020833333333333332,0.481630859375
Stationary harm,Cumulative,Discover once,930000,4,0.4,3,True,True,0.48166859944661455,0.0,0.0,0.01833140055338542,0.0011976114908854166,341.25,0.020833333333333332,0.481630859375
Stationary harm,Cumulative,Discover once,930000,5,0.4,3,True,True,0.48180399576822913,0.0,0.0,0.01819600423177083,0.0011964925130208335,338.7291666666667,0.020833333333333332,0.4817919921875
Stationary harm,Cumulative,Discover once,930000,6,0.4,3,True,True,0.48166859944661455,0.0,0.0,0.01833140055338542,0.0011976114908854166,341.25,0.020833333333333332,0.481630859375
Stationary harm,Cumulative,Discover once,930000,7,0.4,3,True,True,0.48180287679036454,0.0,0.0,0.018197123209635416,0.0011976114908854166,338.75,0.020833333333333332,0.4817919921875
Stationary harm,Cumulative,Discover once,930000,8,0.4,3,True,True,0.48180399576822913,0.0,0.0,0.01819600423177083,0.0011964925130208335,338.7291666666667,0.020833333333333332,0.4817919921875
Stationary harm,Cumulative,Discover once,930000,9,0.4,3,True,True,0.48167083740234373,0.0,0.0,0.01832916259765625,0.00119537353515625,341.2083333333333,0.020833333333333332,0.481630859375
Stationary harm,Cumulative,Discover once,930000,10,0.4,3,True,True,0.48180287679036454,0.0,0.0,0.018197123209635416,0.0011976114908854166,338.75,0.020833333333333332,0.4817919921875
Stationary harm,Cumulative,Discover once,930000,11,0.4,3,True,True,0.48167083740234373,0.0,0.0,0.01832916259765625,0.00119537353515625,341.2083333333333,0.020833333333333332,0.481630859375
Stationary harm,Cumulative,Discover once,930000,12,0.4,3,True,True,0.47930653889973956,0.0,0.0025000000000000005,0.018193461100260416,0.0011939493815104167,338.7291666666667,0.0,0.4817919921875
Stationary harm,Cumulative,Discover once,930000,13,0.4,3,True,True,0.48180399576822913,0.0,0.0,0.01819600423177083,0.0011964925130208335,338.7291666666667,0.020833333333333332,0.4817919921875
Stationary harm,Cumulative,Discover once,930000,14,0.4,3,True,True,0.48166859944661455,0.0,0.0,0.01833140055338542,0.0011976114908854166,341.25,0.020833333333333332,0.481630859375
Stationary harm,Cumulative,Discover once,930000,15,0.4,3,True,True,0.4818065388997395,0.0,0.0,0.018193461100260416,0.0011939493815104167,338.7291666666667,0.0,0.4817919921875
Stationary harm,Cumulative,Discover once,930000,16,0.4,3,True,True,0.4816719563802083,0.0,0.0,0.018328043619791668,0.0011942545572916667,341.1875,0.020833333333333332,0.481630859375
Stationary harm,Cumulative,Discover once,930000,17,0.4,3,True,True,0.4816663614908854,0.0,0.0,0.018333638509114583,0.0011998494466145834,341.2916666666667,0.020833333333333332,0.481630859375
Stationary harm,Cumulative,Discover once,930000,18,0.4,3,True,True,0.48166971842447914,0.0,0.0,0.018330281575520833,0.0011964925130208335,341.2291666666667,0.020833333333333332,0.481630859375
Stationary harm,Cumulative,Discover once,930000,19,0.4,3,True,True,0.4818065388997395,0.0,0.0,0.018193461100260416,0.0011939493815104167,338.7291666666667,0.0,0.4817919921875
Stationary harm,Cumulative,Discover once,930000,20,0.4,3,True,True,0.48167083740234373,0.0,0.0,0.01832916259765625,0.00119537353515625,341.2083333333333,0.020833333333333332,0.481630859375
Stationary harm,Cumulative,Discover once,930000,21,0.4,3,True,True,0.48180063883463536,0.0,0.0,0.018199361165364584,0.0011998494466145834,338.7916666666667,0.020833333333333332,0.4817919921875
Stationary harm,Cumulative,Discover once,930000,22,0.4,3,True,True,0.48180399576822913,0.0,0.0,0.01819600423177083,0.0011964925130208335,338.7291666666667,0.020833333333333332,0.4817919921875
Stationary harm,Cumulative,Discover once,930000,23,0.4,3,True,True,0.4818076578776041,0.0,0.0,0.018192342122395833,0.0011928304036458333,338.7083333333333,0.0,0.4817919921875
Stationary harm,Cumulative,Discover once,930000,24,0.4,3,True,True,0.48180287679036454,0.0,0.0,0.018197123209635416,0.0011976114908854166,338.75,0.020833333333333332,0.4817919921875
Stationary harm,Cumulative,Discover once,930000,25,0.4,3,True,True,0.48180175781249995,0.0,0.0,0.0181982421875,0.00119873046875,338.7708333333333,0.020833333333333332,0.4817919921875
Stationary harm,Cumulative,Discover once,930000,26,0.4,3,True,True,0.48180287679036454,0.0,0.0,0.018197123209635416,0.0011976114908854166,338.75,0.020833333333333332,0.4817919921875
Stationary harm,Cumulative,Discover once,930000,27,0.4,3,True,True,0.4818054199218749,0.0,0.0,0.018194580078124998,0.0011950683593750001,338.75,0.0,0.4817919921875
Stationary harm,Cumulative,Discover once,930000,28,0.4,3,True,True,0.4793051147460938,0.0,0.0025000000000000005,0.018194885253906248,0.00119537353515625,338.7083333333333,0.020833333333333332,0.4817919921875
Stationary harm,Cumulative,Discover once,930000,29,0.4,3,True,True,0.48166748046874996,0.0,0.0,0.018332519531250004,0.00119873046875,341.2708333333333,0.020833333333333332,0.481630859375
Stationary harm,Cumulative,Discover once,930000,30,0.4,3,True,True,0.4818076578776041,0.0,0.0,0.018192342122395833,0.0011928304036458333,338.7083333333333,0.0,0.4817919921875
Stationary harm,Cumulative,Discover once,930000,31,0.4,3,True,True,0.4568076578776041,0.0,0.025000000000000005,0.018192342122395833,0.0011928304036458333,338.7083333333333,0.0,0.4817919921875
Stationary harm,Cumulative,Discover once,930000,32,0.4,3,True,True,0.4816719563802083,0.0,0.0,0.018328043619791668,0.0011942545572916667,341.1875,0.020833333333333332,0.481630859375
Stationary harm,Cumulative,Discover once,930000,33,0.4,3,True,True,0.48166748046874996,0.0,0.0,0.018332519531250004,0.00119873046875,341.2708333333333,0.020833333333333332,0.481630859375
Stationary harm,Cumulative,Discover once,930000,34,0.4,3,True,True,0.48167083740234373,0.0,0.0,0.01832916259765625,0.00119537353515625,341.2083333333333,0.020833333333333332,0.481630859375
Stationary harm,Cumulative,Discover once,930000,35,0.4,3,True,True,0.48166859944661455,0.0,0.0,0.01833140055338542,0.0011976114908854166,341.25,0.020833333333333332,0.481630859375
Stationary harm,Cumulative,Discover once,930000,36,0.4,3,True,True,0.4816719563802083,0.0,0.0,0.018328043619791668,0.0011942545572916667,341.1875,0.020833333333333332,0.481630859375
Stationary harm,Cumulative,Discover once,930000,37,0.4,3,True,True,0.48180175781249995,0.0,0.0,0.0181982421875,0.00119873046875,338.7708333333333,0.020833333333333332,0.4817919921875
Stationary harm,Cumulative,Discover once,930000,38,0.4,3,True,True,0.48180175781249995,0.0,0.0,0.0181982421875,0.00119873046875,338.7708333333333,0.020833333333333332,0.4817919921875
Stationary harm,Cumulative,Discover once,930000,39,0.4,3,True,True,0.48180287679036454,0.0,0.0,0.018197123209635416,0.0011976114908854166,338.75,0.020833333333333332,0.4817919921875
Stationary harm,Cumulative,Discover once,930000,40,0.4,3,True,True,0.4818065388997395,0.0,0.0,0.018193461100260416,0.0011939493815104167,338.7291666666667,0.0,0.4817919921875
Stationary harm,Cumulative,Discover once,930000,41,0.4,3,True,True,0.48180399576822913,0.0,0.0,0.01819600423177083,0.0011964925130208335,338.7291666666667,0.020833333333333332,0.4817919921875
Stationary harm,Cumulative,Discover once,930000,42,0.4,3,True,True,0.48180399576822913,0.0,0.0,0.01819600423177083,0.0011964925130208335,338.7291666666667,0.020833333333333332,0.4817919921875
Stationary harm,Cumulative,Discover once,930000,43,0.4,3,True,True,0.48180287679036454,0.0,0.0,0.018197123209635416,0.0011976114908854166,338.75,0.020833333333333332,0.4817919921875
Stationary harm,Cumulative,Discover once,930000,44,0.4,3,True,True,0.4818062337239583,0.0,0.0,0.018193766276041665,0.0011942545572916667,338.6875,0.020833333333333332,0.4817919921875
Stationary harm,Cumulative,Discover once,930000,45,0.4,3,True,True,0.4818065388997395,0.0,0.0,0.018193461100260416,0.0011939493815104167,338.7291666666667,0.0,0.4817919921875
Stationary harm,Cumulative,Discover once,930000,46,0.4,3,True,True,0.4818051147460937,0.0,0.0,0.018194885253906248,0.00119537353515625,338.7083333333333,0.020833333333333332,0.4817919921875
Stationary harm,Cumulative,Discover once,930000,47,0.4,3,True,True,0.48166859944661455,0.0,0.0,0.01833140055338542,0.0011976114908854166,341.25,0.020833333333333332,0.481630859375
Stationary harm,Cumulative,Discover once,930000,48,0.4,3,True,True,0.4818054199218749,0.0,0.0,0.018194580078124998,0.0011950683593750001,338.75,0.0,0.4817919921875
Stationary harm,Cumulative,Discover once,930000,49,0.4,3,True,True,0.48166748046874996,0.0,0.0,0.018332519531250004,0.00119873046875,341.2708333333333,0.020833333333333332,0.481630859375
Stationary harm,Cumulative,Discover once,930000,50,0.4,3,True,True,0.48180430094401033,0.0,0.0,0.018195699055989584,0.0011961873372395833,338.7708333333333,0.0,0.4817919921875
Stationary harm,Cumulative,Discover once,930000,51,0.4,3,True,True,0.4818065388997395,0.0,0.0,0.018193461100260416,0.0011939493815104167,338.7291666666667,0.0,0.4817919921875
Stationary harm,Cumulative,Discover once,930000,52,0.4,3,True,True,0.4818073527018229,0.0,0.0,0.018192647298177083,0.0011931355794270835,338.6666666666667,0.020833333333333332,0.4817919921875
Stationary harm,Cumulative,Discover once,930000,53,0.4,3,True,True,0.4818062337239583,0.0,0.0,0.018193766276041665,0.0011942545572916667,338.6875,0.020833333333333332,0.4817919921875
Stationary harm,Cumulative,Discover once,930000,54,0.4,3,True,True,0.48180175781249995,0.0,0.0,0.0181982421875,0.00119873046875,338.7708333333333,0.020833333333333332,0.4817919921875
Stationary harm,Cumulative,Discover once,930000,55,0.4,3,True,True,0.4818065388997395,0.0,0.0,0.018193461100260416,0.0011939493815104167,338.7291666666667,0.0,0.4817919921875
Stationary harm,Cumulative,Discover once,930000,56,0.4,3,True,True,0.48166748046874996,0.0,0.0,0.018332519531250004,0.00119873046875,341.2708333333333,0.020833333333333332,0.481630859375
Stationary harm,Cumulative,Discover once,930000,57,0.4,3,True,True,0.4818051147460937,0.0,0.0,0.018194885253906248,0.00119537353515625,338.7083333333333,0.020833333333333332,0.4817919921875
Stationary harm,Cumulative,Discover once,930000,58,0.4,3,True,True,0.48166859944661455,0.0,0.0,0.01833140055338542,0.0011976114908854166,341.25,0.020833333333333332,0.481630859375
Stationary harm,Cumulative,Discover once,930000,59,0.4,3,True,True,0.4817995198567708,0.0,0.0,0.018200480143229166,0.0012009684244791666,338.8125,0.020833333333333332,0.4817919921875
Stationary harm,Cumulative,Discover once,930000,60,0.4,3,True,True,0.48167083740234373,0.0,0.0,0.01832916259765625,0.00119537353515625,341.2083333333333,0.020833333333333332,0.481630859375
Stationary harm,Cumulative,Discover once,930000,61,0.4,3,True,True,0.4818073527018229,0.0,0.0,0.018192647298177083,0.0011931355794270835,338.6666666666667,0.020833333333333332,0.4817919921875
Stationary harm,Cumulative,Discover once,930000,62,0.4,3,True,True,0.48180399576822913,0.0,0.0,0.01819600423177083,0.0011964925130208335,338.7291666666667,0.020833333333333332,0.4817919921875
Stationary harm,Cumulative,Discover once,930000,63,0.4,3,True,True,0.48180287679036454,0.0,0.0,0.018197123209635416,0.0011976114908854166,338.75,0.020833333333333332,0.4817919921875
Stationary harm,Cumulative,Discover once,930000,64,0.4,3,True,True,0.4818076578776041,0.0,0.0,0.018192342122395833,0.0011928304036458333,338.7083333333333,0.0,0.4817919921875
Stationary harm,Cumulative,Discover once,930000,65,0.4,3,True,True,0.48167083740234373,0.0,0.0,0.01832916259765625,0.00119537353515625,341.2083333333333,0.020833333333333332,0.481630859375
Stationary harm,Cumulative,Discover once,930000,66,0.4,3,True,True,0.48166971842447914,0.0,0.0,0.018330281575520833,0.0011964925130208335,341.2291666666667,0.020833333333333332,0.481630859375
Stationary harm,Cumulative,Discover once,930000,67,0.4,3,True,True,0.4818054199218749,0.0,0.0,0.018194580078124998,0.0011950683593750001,338.75,0.0,0.4817919921875
Stationary harm,Cumulative,Discover once,930000,68,0.4,3,True,True,0.4668039957682291,0.0,0.015000000000000005,0.01819600423177083,0.0011964925130208335,338.7291666666667,0.020833333333333332,0.4817919921875
Stationary harm,Cumulative,Discover once,930000,69,0.4,3,True,True,0.48180399576822913,0.0,0.0,0.01819600423177083,0.0011964925130208335,338.7291666666667,0.020833333333333332,0.4817919921875
Stationary harm,Cumulative,Discover once,930000,70,0.4,3,True,True,0.4818062337239583,0.0,0.0,0.018193766276041665,0.0011942545572916667,338.6875,0.020833333333333332,0.4817919921875
Stationary harm,Cumulative,Discover once,930000,71,0.4,3,True,True,0.48166748046874996,0.0,0.0,0.018332519531250004,0.00119873046875,341.2708333333333,0.020833333333333332,0.481630859375
Stationary harm,Cumulative,Discover once,930000,72,0.4,3,True,True,0.4816663614908854,0.0,0.0,0.018333638509114583,0.0011998494466145834,341.2916666666667,0.020833333333333332,0.481630859375
Stationary harm,Cumulative,Discover once,930000,73,0.4,3,True,True,0.47930765787760415,0.0,0.0025000000000000005,0.018192342122395833,0.0011928304036458333,338.7083333333333,0.0,0.4817919921875
Stationary harm,Cumulative,Discover once,930000,74,0.4,3,True,True,0.4791685994466146,0.0,0.0025000000000000005,0.01833140055338542,0.0011976114908854166,341.25,0.020833333333333332,0.481630859375
Stationary harm,Cumulative,Discover once,930000,75,0.4,3,True,True,0.4791708374023438,0.0,0.0025000000000000005,0.01832916259765625,0.00119537353515625,341.2083333333333,0.020833333333333332,0.481630859375
Stationary harm,Cumulative,Discover once,930000,76,0.4,3,True,True,0.4791708374023438,0.0,0.0025000000000000005,0.01832916259765625,0.00119537353515625,341.2083333333333,0.020833333333333332,0.481630859375
Stationary harm,Cumulative,Discover once,930000,77,0.4,3,True,True,0.48180318196614574,0.0,0.0,0.018196818033854166,0.0011973063151041667,338.7916666666667,0.0,0.4817919921875
Stationary harm,Cumulative,Discover once,930000,78,0.4,3,True,True,0.48180175781249995,0.0,0.0,0.0181982421875,0.00119873046875,338.7708333333333,0.020833333333333332,0.4817919921875
Stationary harm,Cumulative,Discover once,930000,79,0.4,3,True,True,0.48166748046874996,0.0,0.0,0.018332519531250004,0.00119873046875,341.2708333333333,0.020833333333333332,0.481630859375
Stationary harm,Cumulative,Discover once,930000,80,0.4,3,True,True,0.48180399576822913,0.0,0.0,0.01819600423177083,0.0011964925130208335,338.7291666666667,0.020833333333333332,0.4817919921875
Stationary harm,Cumulative,Discover once,930000,81,0.4,3,True,True,0.46430063883463535,0.0,0.017500000000000005,0.018199361165364584,0.0011998494466145834,338.7916666666667,0.020833333333333332,0.4817919921875
Stationary harm,Cumulative,Discover once,930000,82,0.4,3,True,True,0.4818062337239583,0.0,0.0,0.018193766276041665,0.0011942545572916667,338.6875,0.020833333333333332,0.4817919921875
Stationary harm,Cumulative,Discover once,930000,83,0.4,3,True,True,0.4766697184244791,0.0,0.005000000000000001,0.018330281575520833,0.0011964925130208335,341.2291666666667,0.020833333333333332,0.481630859375
Stationary harm,Cumulative,Discover once,930000,84,0.4,3,True,True,0.48166971842447914,0.0,0.0,0.018330281575520833,0.0011964925130208335,341.2291666666667,0.020833333333333332,0.481630859375
Stationary harm,Cumulative,Discover once,930000,85,0.4,3,True,True,0.4818065388997395,0.0,0.0,0.018193461100260416,0.0011939493815104167,338.7291666666667,0.0,0.4817919921875
Stationary harm,Cumulative,Discover once,930000,86,0.4,3,True,True,0.4818062337239583,0.0,0.0,0.018193766276041665,0.0011942545572916667,338.6875,0.020833333333333332,0.4817919921875
Stationary harm,Cumulative,Discover once,930000,87,0.4,3,True,True,0.4818073527018229,0.0,0.0,0.018192647298177083,0.0011931355794270835,338.6666666666667,0.020833333333333332,0.4817919921875
Stationary harm,Cumulative,Discover once,930000,88,0.4,3,True,True,0.4818051147460937,0.0,0.0,0.018194885253906248,0.00119537353515625,338.7083333333333,0.020833333333333332,0.4817919921875
Stationary harm,Cumulative,Discover once,930000,89,0.4,3,True,True,0.48166971842447914,0.0,0.0,0.018330281575520833,0.0011964925130208335,341.2291666666667,0.020833333333333332,0.481630859375
Stationary harm,Cumulative,Discover once,930000,90,0.4,3,True,True,0.48166971842447914,0.0,0.0,0.018330281575520833,0.0011964925130208335,341.2291666666667,0.020833333333333332,0.481630859375
Stationary harm,Cumulative,Discover once,930000,91,0.4,3,True,True,0.48180399576822913,0.0,0.0,0.01819600423177083,0.0011964925130208335,338.7291666666667,0.020833333333333332,0.4817919921875
Stationary harm,Cumulative,Discover once,930000,92,0.4,3,True,True,0.47666748046875,0.0,0.005000000000000001,0.018332519531250004,0.00119873046875,341.2708333333333,0.020833333333333332,0.481630859375
Stationary harm,Cumulative,Discover once,930000,93,0.4,3,True,True,0.48180287679036454,0.0,0.0,0.018197123209635416,0.0011976114908854166,338.75,0.020833333333333332,0.4817919921875
Stationary harm,Cumulative,Discover once,930000,94,0.4,3,True,True,0.4818062337239583,0.0,0.0,0.018193766276041665,0.0011942545572916667,338.6875,0.020833333333333332,0.4817919921875
Stationary harm,Cumulative,Discover once,930000,95,0.4,3,True,True,0.4741708374023437,0.0,0.007500000000000002,0.01832916259765625,0.00119537353515625,341.2083333333333,0.020833333333333332,0.481630859375
Stationary harm,Cumulative,Repeated discovery,930000,0,0.4,3,True,True,0.48190104166666653,0.0,0.0,0.01809895833333333,0.0071419270833333335,336.875,0.041666666666666664,0.481912841796875
Stationary harm,Cumulative,Repeated discovery,930000,1,0.4,3,True,True,0.48190104166666653,0.0,0.0,0.01809895833333333,0.0071419270833333335,336.875,0.041666666666666664,0.481912841796875
Stationary harm,Cumulative,Repeated discovery,930000,2,0.4,3,True,True,0.481907246907552,0.0,0.0,0.018092753092447917,0.007135721842447917,336.8541666666667,0.0,0.481912841796875
Stationary harm,Cumulative,Repeated discovery,930000,3,0.4,3,True,True,0.4819080607096353,0.0,0.0,0.018091939290364584,0.007134908040364585,336.7916666666667,0.020833333333333332,0.481912841796875
Stationary harm,Cumulative,Repeated discovery,930000,4,0.4,3,True,True,0.48190104166666653,0.0,0.0,0.01809895833333333,0.0071419270833333335,336.875,0.041666666666666664,0.481912841796875
Stationary harm,Cumulative,Repeated discovery,930000,5,0.4,3,True,True,0.4819021606445311,0.0,0.0,0.018097839355468753,0.00714080810546875,336.8541666666667,0.041666666666666664,0.481912841796875
Stationary harm,Cumulative,Repeated discovery,930000,6,0.4,3,True,True,0.48190358479817696,0.0,0.0,0.018096415201822914,0.007139383951822917,336.875,0.020833333333333332,0.481912841796875
Stationary harm,Cumulative,Repeated discovery,930000,7,0.4,3,True,True,0.4818934122721353,0.0,0.0,0.01810658772786458,0.0071495564778645835,336.875,0.10416666666666667,0.4818975830078125
Stationary harm,Cumulative,Repeated discovery,930000,8,0.4,3,True,True,0.4819021606445311,0.0,0.0,0.018097839355468753,0.00714080810546875,336.8541666666667,0.041666666666666664,0.481912841796875
Stationary harm,Cumulative,Repeated discovery,930000,9,0.4,3,True,True,0.4819032796223957,0.0,0.0,0.018096720377604167,0.007139689127604168,336.8333333333333,0.041666666666666664,0.481912841796875
Stationary harm,Cumulative,Repeated discovery,930000,10,0.4,3,True,True,0.48190358479817696,0.0,0.0,0.018096415201822914,0.007139383951822917,336.875,0.020833333333333332,0.481912841796875
Stationary harm,Cumulative,Repeated discovery,930000,11,0.4,3,True,True,0.48190073649088533,0.0,0.0,0.018099263509114585,0.007142232259114585,336.8333333333333,0.0625,0.4818975830078125
Stationary harm,Cumulative,Repeated discovery,930000,12,0.4,3,True,True,0.4793996175130208,0.0,0.0025000000000000005,0.018100382486979167,0.007143351236979167,336.8541666666667,0.0625,0.481912841796875
Stationary harm,Cumulative,Repeated discovery,930000,13,0.4,3,True,True,0.4819021606445311,0.0,0.0,0.018097839355468753,0.00714080810546875,336.8541666666667,0.041666666666666664,0.481912841796875
Stationary harm,Cumulative,Repeated discovery,930000,14,0.4,3,True,True,0.48190104166666653,0.0,0.0,0.01809895833333333,0.0071419270833333335,336.875,0.041666666666666664,0.4818975830078125
Stationary harm,Cumulative,Repeated discovery,930000,15,0.4,3,True,True,0.4819021606445311,0.0,0.0,0.018097839355468753,0.00714080810546875,336.8541666666667,0.041666666666666664,0.4818975830078125
Stationary harm,Cumulative,Repeated discovery,930000,16,0.4,3,True,True,0.48190694173177073,0.0,0.0,0.018093058268229167,0.007136027018229168,336.8125,0.020833333333333332,0.481912841796875
Stationary harm,Cumulative,Repeated discovery,930000,17,0.4,3,True,True,0.48189880371093735,0.0,0.0,0.0181011962890625,0.007144165039062501,336.9166666666667,0.041666666666666664,0.4818975830078125
Stationary harm,Cumulative,Repeated discovery,930000,18,0.4,3,True,True,0.4819021606445311,0.0,0.0,0.018097839355468753,0.00714080810546875,336.8541666666667,0.041666666666666664,0.481912841796875
Stationary harm,Cumulative,Repeated discovery,930000,19,0.4,3,True,True,0.4819021606445311,0.0,0.0,0.018097839355468753,0.00714080810546875,336.8541666666667,0.041666666666666664,0.4818975830078125
Stationary harm,Cumulative,Repeated discovery,930000,20,0.4,3,True,True,0.48189565022786446,0.0,0.0,0.018104349772135417,0.007147318522135418,336.8333333333333,0.10416666666666667,0.4818975830078125
Stationary harm,Cumulative,Repeated discovery,930000,21,0.4,3,True,True,0.48189626057942697,0.0,0.0,0.018103739420572917,0.007146708170572918,336.9166666666667,0.0625,0.4818975830078125
Stationary harm,Cumulative,Repeated discovery,930000,22,0.4,3,True,True,0.4819021606445311,0.0,0.0,0.018097839355468753,0.00714080810546875,336.8541666666667,0.041666666666666664,0.481912841796875
Stationary harm,Cumulative,Repeated discovery,930000,23,0.4,3,True,True,0.4819032796223957,0.0,0.0,0.018096720377604167,0.007139689127604168,336.8333333333333,0.041666666666666664,0.4818975830078125
Stationary harm,Cumulative,Repeated discovery,930000,24,0.4,3,True,True,0.48190104166666653,0.0,0.0,0.01809895833333333,0.0071419270833333335,336.875,0.041666666666666664,0.481912841796875
Stationary harm,Cumulative,Repeated discovery,930000,25,0.4,3,True,True,0.4819024658203124,0.0,0.0,0.0180975341796875,0.0071405029296875006,336.8958333333333,0.020833333333333332,0.481912841796875
Stationary harm,Cumulative,Repeated discovery,930000,26,0.4,3,True,True,0.48190358479817696,0.0,0.0,0.018096415201822914,0.007139383951822917,336.875,0.020833333333333332,0.481912841796875
Stationary harm,Cumulative,Repeated discovery,930000,27,0.4,3,True,True,0.48190358479817696,0.0,0.0,0.018096415201822914,0.007139383951822917,336.875,0.020833333333333332,0.481912841796875
Stationary harm,Cumulative,Repeated discovery,930000,28,0.4,3,True,True,0.47940327962239576,0.0,0.0025000000000000005,0.018096720377604167,0.007139689127604168,336.8333333333333,0.041666666666666664,0.481912841796875
Stationary harm,Cumulative,Repeated discovery,930000,29,0.4,3,True,True,0.4819024658203124,0.0,0.0,0.0180975341796875,0.0071405029296875006,336.8958333333333,0.020833333333333332,0.481912841796875
Stationary harm,Cumulative,Repeated discovery,930000,30,0.4,3,True,True,0.4819032796223957,0.0,0.0,0.018096720377604167,0.007139689127604168,336.8333333333333,0.041666666666666664,0.4818975830078125
Stationary harm,Cumulative,Repeated discovery,930000,31,0.4,3,True,True,0.4619032796223957,0.0,0.020000000000000004,0.018096720377604167,0.007139689127604168,336.8333333333333,0.041666666666666664,0.481912841796875
Stationary harm,Cumulative,Repeated discovery,930000,32,0.4,3,True,True,0.48190694173177073,0.0,0.0,0.018093058268229167,0.007136027018229168,336.8125,0.020833333333333332,0.481912841796875
Stationary harm,Cumulative,Repeated discovery,930000,33,0.4,3,True,True,0.4819024658203124,0.0,0.0,0.0180975341796875,0.0071405029296875006,336.8958333333333,0.020833333333333332,0.481912841796875
Stationary harm,Cumulative,Repeated discovery,930000,34,0.4,3,True,True,0.48190073649088533,0.0,0.0,0.018099263509114585,0.007142232259114585,336.8333333333333,0.0625,0.481912841796875
Stationary harm,Cumulative,Repeated discovery,930000,35,0.4,3,True,True,0.48190104166666653,0.0,0.0,0.01809895833333333,0.0071419270833333335,336.875,0.041666666666666664,0.4818975830078125
Stationary harm,Cumulative,Repeated discovery,930000,36,0.4,3,True,True,0.4819043986002603,0.0,0.0,0.01809560139973958,0.007138570149739585,336.8125,0.041666666666666664,0.481912841796875
Stationary harm,Cumulative,Repeated discovery,930000,37,0.4,3,True,True,0.48189737955729156,0.0,0.0,0.01810262044270833,0.007145589192708334,336.8958333333333,0.0625,0.4818975830078125
Stationary harm,Cumulative,Repeated discovery,930000,38,0.4,3,True,True,0.4819024658203124,0.0,0.0,0.0180975341796875,0.0071405029296875006,336.8958333333333,0.020833333333333332,0.481912841796875
Stationary harm,Cumulative,Repeated discovery,930000,39,0.4,3,True,True,0.48189849853515615,0.0,0.0,0.01810150146484375,0.00714447021484375,336.875,0.0625,0.481912841796875
Stationary harm,Cumulative,Repeated discovery,930000,40,0.4,3,True,True,0.48189961751302074,0.0,0.0,0.018100382486979167,0.007143351236979167,336.8541666666667,0.0625,0.481912841796875
Stationary harm,Cumulative,Repeated discovery,930000,41,0.4,3,True,True,0.48190470377604155,0.0,0.0,0.018095296223958335,0.007138264973958333,336.8541666666667,0.020833333333333332,0.481912841796875
Stationary harm,Cumulative,Repeated discovery,930000,42,0.4,3,True,True,0.48189453124999987,0.0,0.0,0.018105468750000003,0.0071484375,336.8541666666667,0.10416666666666667,0.4818975830078125
Stationary harm,Cumulative,Repeated discovery,930000,43,0.4,3,True,True,0.4818959554036457,0.0,0.0,0.018104044596354164,0.007147013346354167,336.875,0.08333333333333333,0.4818975830078125
Stationary harm,Cumulative,Repeated discovery,930000,44,0.4,3,True,True,0.48190694173177073,0.0,0.0,0.018093058268229167,0.007136027018229168,336.8125,0.020833333333333332,0.481912841796875
Stationary harm,Cumulative,Repeated discovery,930000,45,0.4,3,True,True,0.481907246907552,0.0,0.0,0.018092753092447917,0.007135721842447917,336.8541666666667,0.0,0.481912841796875
Stationary harm,Cumulative,Repeated discovery,930000,46,0.4,3,True,True,0.48189565022786446,0.0,0.0,0.018104349772135417,0.007147318522135418,336.8333333333333,0.10416666666666667,0.4818975830078125
Stationary harm,Cumulative,Repeated discovery,930000,47,0.4,3,True,True,0.48190358479817696,0.0,0.0,0.018096415201822914,0.007139383951822917,336.875,0.020833333333333332,0.481912841796875
Stationary harm,Cumulative,Repeated discovery,930000,48,0.4,3,True,True,0.48190358479817696,0.0,0.0,0.018096415201822914,0.007139383951822917,336.875,0.020833333333333332,0.481912841796875
Stationary harm,Cumulative,Repeated discovery,930000,49,0.4,3,True,True,0.48189737955729156,0.0,0.0,0.01810262044270833,0.007145589192708334,336.8958333333333,0.0625,0.481912841796875
Stationary harm,Cumulative,Repeated discovery,930000,50,0.4,3,True,True,0.4819050089518228,0.0,0.0,0.01809499104817708,0.007137959798177084,336.8958333333333,0.0,0.481912841796875
Stationary harm,Cumulative,Repeated discovery,930000,51,0.4,3,True,True,0.4819021606445311,0.0,0.0,0.018097839355468753,0.00714080810546875,336.8541666666667,0.041666666666666664,0.4818975830078125
Stationary harm,Cumulative,Repeated discovery,930000,52,0.4,3,True,True,0.4819055175781249,0.0,0.0,0.018094482421875002,0.007137451171875001,336.7916666666667,0.041666666666666664,0.481912841796875
Stationary harm,Cumulative,Repeated discovery,930000,53,0.4,3,True,True,0.4819043986002603,0.0,0.0,0.01809560139973958,0.007138570149739585,336.8125,0.041666666666666664,0.481912841796875
Stationary harm,Cumulative,Repeated discovery,930000,54,0.4,3,True,True,0.48189992268880194,0.0,0.0,0.018100077311197917,0.0071430460611979175,336.8958333333333,0.041666666666666664,0.481912841796875
Stationary harm,Cumulative,Repeated discovery,930000,55,0.4,3,True,True,0.4819021606445311,0.0,0.0,0.018097839355468753,0.00714080810546875,336.8541666666667,0.041666666666666664,0.4818975830078125
Stationary harm,Cumulative,Repeated discovery,930000,56,0.4,3,True,True,0.48189992268880194,0.0,0.0,0.018100077311197917,0.0071430460611979175,336.8958333333333,0.041666666666666664,0.481912841796875
Stationary harm,Cumulative,Repeated discovery,930000,57,0.4,3,True,True,0.48190582275390614,0.0,0.0,0.01809417724609375,0.007137145996093751,336.8333333333333,0.020833333333333332,0.481912841796875
Stationary harm,Cumulative,Repeated discovery,930000,58,0.4,3,True,True,0.48190104166666653,0.0,0.0,0.01809895833333333,0.0071419270833333335,336.875,0.041666666666666664,0.481912841796875
Stationary harm,Cumulative,Repeated discovery,930000,59,0.4,3,True,True,0.48189768473307276,0.0,0.0,0.018102315266927085,0.007145284016927084,336.9375,0.041666666666666664,0.481912841796875
Stationary harm,Cumulative,Repeated discovery,930000,60,0.4,3,True,True,0.48190582275390614,0.0,0.0,0.01809417724609375,0.007137145996093751,336.8333333333333,0.020833333333333332,0.481912841796875
Stationary harm,Cumulative,Repeated discovery,930000,61,0.4,3,True,True,0.4819055175781249,0.0,0.0,0.018094482421875002,0.007137451171875001,336.7916666666667,0.041666666666666664,0.481912841796875
Stationary harm,Cumulative,Repeated discovery,930000,62,0.4,3,True,True,0.48190470377604155,0.0,0.0,0.018095296223958335,0.007138264973958333,336.8541666666667,0.020833333333333332,0.481912841796875
Stationary harm,Cumulative,Repeated discovery,930000,63,0.4,3,True,True,0.48190104166666653,0.0,0.0,0.01809895833333333,0.0071419270833333335,336.875,0.041666666666666664,0.481912841796875
Stationary harm,Cumulative,Repeated discovery,930000,64,0.4,3,True,True,0.48190073649088533,0.0,0.0,0.018099263509114585,0.007142232259114585,336.8333333333333,0.0625,0.481912841796875
Stationary harm,Cumulative,Repeated discovery,930000,65,0.4,3,True,True,0.4819032796223957,0.0,0.0,0.018096720377604167,0.007139689127604168,336.8333333333333,0.041666666666666664,0.481912841796875
Stationary harm,Cumulative,Repeated discovery,930000,66,0.4,3,True,True,0.48189961751302074,0.0,0.0,0.018100382486979167,0.007143351236979167,336.8541666666667,0.0625,0.481912841796875
Stationary harm,Cumulative,Repeated discovery,930000,67,0.4,3,True,True,0.48190358479817696,0.0,0.0,0.018096415201822914,0.007139383951822917,336.875,0.020833333333333332,0.481912841796875
Stationary harm,Cumulative,Repeated discovery,930000,68,0.4,3,True,True,0.4669047037760416,0.0,0.015000000000000005,0.018095296223958335,0.007138264973958333,336.8541666666667,0.020833333333333332,0.481912841796875
Stationary harm,Cumulative,Repeated discovery,930000,69,0.4,3,True,True,0.48189961751302074,0.0,0.0,0.018100382486979167,0.007143351236979167,336.8541666666667,0.0625,0.481912841796875
Stationary harm,Cumulative,Repeated discovery,930000,70,0.4,3,True,True,0.48190694173177073,0.0,0.0,0.018093058268229167,0.007136027018229168,336.8125,0.020833333333333332,0.481912841796875
Stationary harm,Cumulative,Repeated discovery,930000,71,0.4,3,True,True,0.48189992268880194,0.0,0.0,0.018100077311197917,0.0071430460611979175,336.8958333333333,0.041666666666666664,0.481912841796875
Stationary harm,Cumulative,Repeated discovery,930000,72,0.4,3,True,True,0.48189880371093735,0.0,0.0,0.0181011962890625,0.007144165039062501,336.9166666666667,0.041666666666666664,0.481912841796875
Stationary harm,Cumulative,Repeated discovery,930000,73,0.4,3,True,True,0.47940582275390614,0.0,0.0025000000000000005,0.01809417724609375,0.007137145996093751,336.8333333333333,0.020833333333333332,0.481912841796875
Stationary harm,Cumulative,Repeated discovery,930000,74,0.4,3,True,True,0.479403584798177,0.0,0.0025000000000000005,0.018096415201822914,0.007139383951822917,336.875,0.020833333333333332,0.481912841796875
Stationary harm,Cumulative,Repeated discovery,930000,75,0.4,3,True,True,0.47940327962239576,0.0,0.0025000000000000005,0.018096720377604167,0.007139689127604168,336.8333333333333,0.041666666666666664,0.481912841796875
Stationary harm,Cumulative,Repeated discovery,930000,76,0.4,3,True,True,0.47940073649088527,0.0,0.0025000000000000005,0.018099263509114585,0.007142232259114585,336.8333333333333,0.0625,0.4818975830078125
Stationary harm,Cumulative,Repeated discovery,930000,77,0.4,3,True,True,0.4819013468424478,0.0,0.0,0.018098653157552085,0.007141621907552084,336.9166666666667,0.020833333333333332,0.481912841796875
Stationary harm,Cumulative,Repeated discovery,930000,78,0.4,3,True,True,0.48189992268880194,0.0,0.0,0.018100077311197917,0.0071430460611979175,336.8958333333333,0.041666666666666664,0.481912841796875
Stationary harm,Cumulative,Repeated discovery,930000,79,0.4,3,True,True,0.48189992268880194,0.0,0.0,0.018100077311197917,0.0071430460611979175,336.8958333333333,0.041666666666666664,0.481912841796875
Stationary harm,Cumulative,Repeated discovery,930000,80,0.4,3,True,True,0.48190470377604155,0.0,0.0,0.018095296223958335,0.007138264973958333,336.8541666666667,0.020833333333333332,0.481912841796875
Stationary harm,Cumulative,Repeated discovery,930000,81,0.4,3,True,True,0.4644013468424479,0.0,0.017500000000000005,0.018098653157552085,0.007141621907552084,336.9166666666667,0.020833333333333332,0.481912841796875
Stationary harm,Cumulative,Repeated discovery,930000,82,0.4,3,True,True,0.4819043986002603,0.0,0.0,0.01809560139973958,0.007138570149739585,336.8125,0.041666666666666664,0.481912841796875
Stationary harm,Cumulative,Repeated discovery,930000,83,0.4,3,True,True,0.4769024658203124,0.0,0.005000000000000001,0.0180975341796875,0.0071405029296875006,336.8958333333333,0.020833333333333332,0.481912841796875
Stationary harm,Cumulative,Repeated discovery,930000,84,0.4,3,True,True,0.48190470377604155,0.0,0.0,0.018095296223958335,0.007138264973958333,336.8541666666667,0.020833333333333332,0.481912841796875
Stationary harm,Cumulative,Repeated discovery,930000,85,0.4,3,True,True,0.4819021606445311,0.0,0.0,0.018097839355468753,0.00714080810546875,336.8541666666667,0.041666666666666664,0.481912841796875
Stationary harm,Cumulative,Repeated discovery,930000,86,0.4,3,True,True,0.48190694173177073,0.0,0.0,0.018093058268229167,0.007136027018229168,336.8125,0.020833333333333332,0.481912841796875
Stationary harm,Cumulative,Repeated discovery,930000,87,0.4,3,True,True,0.4819080607096353,0.0,0.0,0.018091939290364584,0.007134908040364585,336.7916666666667,0.020833333333333332,0.481912841796875
Stationary harm,Cumulative,Repeated discovery,930000,88,0.4,3,True,True,0.48190582275390614,0.0,0.0,0.01809417724609375,0.007137145996093751,336.8333333333333,0.020833333333333332,0.481912841796875
Stationary harm,Cumulative,Repeated discovery,930000,89,0.4,3,True,True,0.48190470377604155,0.0,0.0,0.018095296223958335,0.007138264973958333,336.8541666666667,0.020833333333333332,0.481912841796875
Stationary harm,Cumulative,Repeated discovery,930000,90,0.4,3,True,True,0.48190470377604155,0.0,0.0,0.018095296223958335,0.007138264973958333,336.8541666666667,0.020833333333333332,0.481912841796875
Stationary harm,Cumulative,Repeated discovery,930000,91,0.4,3,True,True,0.48190470377604155,0.0,0.0,0.018095296223958335,0.007138264973958333,336.8541666666667,0.020833333333333332,0.481912841796875
Stationary harm,Cumulative,Repeated discovery,930000,92,0.4,3,True,True,0.476899922688802,0.0,0.005000000000000001,0.018100077311197917,0.0071430460611979175,336.8958333333333,0.041666666666666664,0.481912841796875
Stationary harm,Cumulative,Repeated discovery,930000,93,0.4,3,True,True,0.48190104166666653,0.0,0.0,0.01809895833333333,0.0071419270833333335,336.875,0.041666666666666664,0.481912841796875
Stationary harm,Cumulative,Repeated discovery,930000,94,0.4,3,True,True,0.48190694173177073,0.0,0.0,0.018093058268229167,0.007136027018229168,336.8125,0.020833333333333332,0.481912841796875
Stationary harm,Cumulative,Repeated discovery,930000,95,0.4,3,True,True,0.47440582275390614,0.0,0.007500000000000002,0.01809417724609375,0.007137145996093751,336.8333333333333,0.020833333333333332,0.481912841796875
Stationary harm,Cumulative,Discover once,930000,0,0.4,6,True,True,0.4816652425130208,0.0,0.0,0.01833475748697917,0.0012009684244791666,341.3125,0.020833333333333332,0.481630859375
Stationary harm,Cumulative,Discover once,930000,1,0.4,6,True,True,0.47166300455729165,0.0,0.010000000000000002,0.018336995442708334,0.0012032063802083334,341.3541666666667,0.020833333333333332,0.481630859375
Stationary harm,Cumulative,Discover once,930000,2,0.4,6,True,True,0.48180094401041657,0.0,0.0,0.018199055989583334,0.0011995442708333333,338.8333333333333,0.0,0.4817919921875
Stationary harm,Cumulative,Discover once,930000,3,0.4,6,True,True,0.48180287679036454,0.0,0.0,0.018197123209635416,0.0011976114908854166,338.75,0.020833333333333332,0.4817919921875
Stationary harm,Cumulative,Discover once,930000,4,0.4,6,True,True,0.4816641235351562,0.0,0.0,0.01833587646484375,0.00120208740234375,341.3333333333333,0.020833333333333332,0.481630859375
Stationary harm,Cumulative,Discover once,930000,5,0.4,6,True,True,0.4817950439453125,0.0,0.0,0.0182049560546875,0.0012054443359375,338.8958333333333,0.020833333333333332,0.4817919921875
Stationary harm,Cumulative,Discover once,930000,6,0.4,6,True,True,0.4816630045572916,0.0,0.0,0.018336995442708334,0.0012032063802083334,341.3541666666667,0.020833333333333332,0.481630859375
Stationary harm,Cumulative,Discover once,930000,7,0.4,6,True,True,0.4817972819010416,0.0,0.0,0.01820271809895833,0.0012032063802083334,338.8541666666667,0.020833333333333332,0.4817919921875
Stationary harm,Cumulative,Discover once,930000,8,0.4,6,True,True,0.4817950439453125,0.0,0.0,0.0182049560546875,0.0012054443359375,338.8958333333333,0.020833333333333332,0.4817919921875
Stationary harm,Cumulative,Discover once,930000,9,0.4,6,True,True,0.4816641235351562,0.0,0.0,0.01833587646484375,0.00120208740234375,341.3333333333333,0.020833333333333332,0.481630859375
Stationary harm,Cumulative,Discover once,930000,10,0.4,6,True,True,0.4817950439453125,0.0,0.0,0.0182049560546875,0.0012054443359375,338.8958333333333,0.020833333333333332,0.4817919921875
Stationary harm,Cumulative,Discover once,930000,11,0.4,6,True,True,0.4816641235351562,0.0,0.0,0.01833587646484375,0.00120208740234375,341.3333333333333,0.020833333333333332,0.481630859375
Stationary harm,Cumulative,Discover once,930000,12,0.4,6,True,True,0.47179840087890623,0.0,0.010000000000000002,0.01820159912109375,0.00120208740234375,338.8333333333333,0.020833333333333332,0.4817919921875
Stationary harm,Cumulative,Discover once,930000,13,0.4,6,True,True,0.4817984008789062,0.0,0.0,0.01820159912109375,0.00120208740234375,338.8333333333333,0.020833333333333332,0.4817919921875
Stationary harm,Cumulative,Discover once,930000,14,0.4,6,True,True,0.481661885579427,0.0,0.0,0.018338114420572916,0.0012043253580729166,341.375,0.020833333333333332,0.481630859375
Stationary harm,Cumulative,Discover once,930000,15,0.4,6,True,True,0.4816630045572916,0.0,0.0,0.018336995442708334,0.0012032063802083334,341.3541666666667,0.020833333333333332,0.481630859375
Stationary harm,Cumulative,Discover once,930000,16,0.4,6,True,True,0.4816663614908854,0.0,0.0,0.018333638509114583,0.0011998494466145834,341.2916666666667,0.020833333333333332,0.481630859375
Stationary harm,Cumulative,Discover once,930000,17,0.4,6,True,True,0.4816630045572916,0.0,0.0,0.018336995442708334,0.0012032063802083334,341.3541666666667,0.020833333333333332,0.481630859375
Stationary harm,Cumulative,Discover once,930000,18,0.4,6,True,True,0.4816663614908854,0.0,0.0,0.018333638509114583,0.0011998494466145834,341.2916666666667,0.020833333333333332,0.481630859375
Stationary harm,Cumulative,Discover once,930000,19,0.4,6,True,True,0.45679951985677086,0.0,0.025000000000000005,0.018200480143229166,0.0012009684244791666,338.8125,0.020833333333333332,0.4817919921875
Stationary harm,Cumulative,Discover once,930000,20,0.4,6,True,True,0.48180094401041657,0.0,0.0,0.018199055989583334,0.0011995442708333333,338.8333333333333,0.0,0.4817919921875
Stationary harm,Cumulative,Discover once,930000,21,0.4,6,True,True,0.481661885579427,0.0,0.0,0.018338114420572916,0.0012043253580729166,341.375,0.020833333333333332,0.481630859375
Stationary harm,Cumulative,Discover once,930000,22,0.4,6,True,True,0.4817972819010416,0.0,0.0,0.01820271809895833,0.0012032063802083334,338.8541666666667,0.020833333333333332,0.4817919921875
Stationary harm,Cumulative,Discover once,930000,23,0.4,6,True,True,0.481661885579427,0.0,0.0,0.018338114420572916,0.0012043253580729166,341.375,0.020833333333333332,0.481630859375
Stationary harm,Cumulative,Discover once,930000,24,0.4,6,True,True,0.48180094401041657,0.0,0.0,0.018199055989583334,0.0011995442708333333,338.8333333333333,0.0,0.4817919921875
Stationary harm,Cumulative,Discover once,930000,25,0.4,6,True,True,0.4817950439453125,0.0,0.0,0.0182049560546875,0.0012054443359375,338.8958333333333,0.020833333333333332,0.4817919921875
Stationary harm,Cumulative,Discover once,930000,26,0.4,6,True,True,0.48179392496744794,0.0,0.0,0.018206075032552085,0.0012065633138020834,338.9166666666667,0.020833333333333332,0.4817919921875
Stationary harm,Cumulative,Discover once,930000,27,0.4,6,True,True,0.4816641235351562,0.0,0.0,0.01833587646484375,0.00120208740234375,341.3333333333333,0.020833333333333332,0.481630859375
Stationary harm,Cumulative,Discover once,930000,28,0.4,6,True,True,0.47916524251302084,0.0,0.0025000000000000005,0.01833475748697917,0.0012009684244791666,341.3125,0.020833333333333332,0.481630859375
Stationary harm,Cumulative,Discover once,930000,29,0.4,6,True,True,0.4791607666015625,0.0,0.0025000000000000005,0.0183392333984375,0.0012054443359375,341.3958333333333,0.020833333333333332,0.481630859375
Stationary harm,Cumulative,Discover once,930000,30,0.4,6,True,True,0.48180206298828115,0.0,0.0,0.01819793701171875,0.00119842529296875,338.8125,0.0,0.4817919921875
Stationary harm,Cumulative,Discover once,930000,31,0.4,6,True,True,0.48180175781249995,0.0,0.0,0.0181982421875,0.00119873046875,338.7708333333333,0.020833333333333332,0.4817919921875
Stationary harm,Cumulative,Discover once,930000,32,0.4,6,True,True,0.4816652425130208,0.0,0.0,0.01833475748697917,0.0012009684244791666,341.3125,0.020833333333333332,0.481630859375
Stationary harm,Cumulative,Discover once,930000,33,0.4,6,True,True,0.4817972819010416,0.0,0.0,0.01820271809895833,0.0012032063802083334,338.8541666666667,0.020833333333333332,0.4817919921875
Stationary harm,Cumulative,Discover once,930000,34,0.4,6,True,True,0.481661885579427,0.0,0.0,0.018338114420572916,0.0012043253580729166,341.375,0.020833333333333332,0.481630859375
Stationary harm,Cumulative,Discover once,930000,35,0.4,6,True,True,0.4817995198567708,0.0,0.0,0.018200480143229166,0.0012009684244791666,338.8125,0.020833333333333332,0.4817919921875
Stationary harm,Cumulative,Discover once,930000,36,0.4,6,True,True,0.4816652425130208,0.0,0.0,0.01833475748697917,0.0012009684244791666,341.3125,0.020833333333333332,0.481630859375
Stationary harm,Cumulative,Discover once,930000,37,0.4,6,True,True,0.48179392496744794,0.0,0.0,0.018206075032552085,0.0012065633138020834,338.9166666666667,0.020833333333333332,0.4817919921875
Stationary harm,Cumulative,Discover once,930000,38,0.4,6,True,True,0.481661885579427,0.0,0.0,0.018338114420572916,0.0012043253580729166,341.375,0.020833333333333332,0.481630859375
Stationary harm,Cumulative,Discover once,930000,39,0.4,6,True,True,0.4817972819010416,0.0,0.0,0.01820271809895833,0.0012032063802083334,338.8541666666667,0.020833333333333332,0.4817919921875
Stationary harm,Cumulative,Discover once,930000,40,0.4,6,True,True,0.48179616292317706,0.0,0.0,0.018203837076822917,0.0012043253580729166,338.875,0.020833333333333332,0.4817919921875
Stationary harm,Cumulative,Discover once,930000,41,0.4,6,True,True,0.4816630045572916,0.0,0.0,0.018336995442708334,0.0012032063802083334,341.3541666666667,0.020833333333333332,0.481630859375
Stationary harm,Cumulative,Discover once,930000,42,0.4,6,True,True,0.4817972819010416,0.0,0.0,0.01820271809895833,0.0012032063802083334,338.8541666666667,0.020833333333333332,0.4817919921875
Stationary harm,Cumulative,Discover once,930000,43,0.4,6,True,True,0.48180175781249995,0.0,0.0,0.0181982421875,0.00119873046875,338.7708333333333,0.020833333333333332,0.4817919921875
Stationary harm,Cumulative,Discover once,930000,44,0.4,6,True,True,0.48180063883463536,0.0,0.0,0.018199361165364584,0.0011998494466145834,338.7916666666667,0.020833333333333332,0.4817919921875
Stationary harm,Cumulative,Discover once,930000,45,0.4,6,True,True,0.4817984008789062,0.0,0.0,0.01820159912109375,0.00120208740234375,338.8333333333333,0.020833333333333332,0.4817919921875
Stationary harm,Cumulative,Discover once,930000,46,0.4,6,True,True,0.4817995198567708,0.0,0.0,0.018200480143229166,0.0012009684244791666,338.8125,0.020833333333333332,0.4817919921875
Stationary harm,Cumulative,Discover once,930000,47,0.4,6,True,True,0.4816641235351562,0.0,0.0,0.01833587646484375,0.00120208740234375,341.3333333333333,0.020833333333333332,0.481630859375
Stationary harm,Cumulative,Discover once,930000,48,0.4,6,True,True,0.48179616292317706,0.0,0.0,0.018203837076822917,0.0012043253580729166,338.875,0.020833333333333332,0.4817919921875
Stationary harm,Cumulative,Discover once,930000,49,0.4,6,True,True,0.4816630045572916,0.0,0.0,0.018336995442708334,0.0012032063802083334,341.3541666666667,0.020833333333333332,0.481630859375
Stationary harm,Cumulative,Discover once,930000,50,0.4,6,True,True,0.4817987060546875,0.0,0.0,0.0182012939453125,0.0012017822265625,338.875,0.0,0.4817919921875
Stationary harm,Cumulative,Discover once,930000,51,0.4,6,True,True,0.48180094401041657,0.0,0.0,0.018199055989583334,0.0011995442708333333,338.8333333333333,0.0,0.4817919921875
Stationary harm,Cumulative,Discover once,930000,52,0.4,6,True,True,0.48180287679036454,0.0,0.0,0.018197123209635416,0.0011976114908854166,338.75,0.020833333333333332,0.4817919921875
Stationary harm,Cumulative,Discover once,930000,53,0.4,6,True,True,0.48180287679036454,0.0,0.0,0.018197123209635416,0.0011976114908854166,338.75,0.020833333333333332,0.4817919921875
Stationary harm,Cumulative,Discover once,930000,54,0.4,6,True,True,0.4816641235351562,0.0,0.0,0.01833587646484375,0.00120208740234375,341.3333333333333,0.020833333333333332,0.481630859375
Stationary harm,Cumulative,Discover once,930000,55,0.4,6,True,True,0.4816630045572916,0.0,0.0,0.018336995442708334,0.0012032063802083334,341.3541666666667,0.020833333333333332,0.481630859375
Stationary harm,Cumulative,Discover once,930000,56,0.4,6,True,True,0.4817950439453125,0.0,0.0,0.0182049560546875,0.0012054443359375,338.8958333333333,0.020833333333333332,0.4817919921875
Stationary harm,Cumulative,Discover once,930000,57,0.4,6,True,True,0.4816652425130208,0.0,0.0,0.01833475748697917,0.0012009684244791666,341.3125,0.020833333333333332,0.481630859375
Stationary harm,Cumulative,Discover once,930000,58,0.4,6,True,True,0.47929616292317706,0.0,0.0025000000000000005,0.018203837076822917,0.0012043253580729166,338.875,0.020833333333333332,0.4817919921875
Stationary harm,Cumulative,Discover once,930000,59,0.4,6,True,True,0.4792928059895833,0.0,0.0025000000000000005,0.018207194010416667,0.0012076822916666666,338.9375,0.020833333333333332,0.4817919921875
Stationary harm,Cumulative,Discover once,930000,60,0.4,6,True,True,0.4816630045572916,0.0,0.0,0.018336995442708334,0.0012032063802083334,341.3541666666667,0.020833333333333332,0.481630859375
Stationary harm,Cumulative,Discover once,930000,61,0.4,6,True,True,0.48180063883463536,0.0,0.0,0.018199361165364584,0.0011998494466145834,338.7916666666667,0.020833333333333332,0.4817919921875
Stationary harm,Cumulative,Discover once,930000,62,0.4,6,True,True,0.4817984008789062,0.0,0.0,0.01820159912109375,0.00120208740234375,338.8333333333333,0.020833333333333332,0.4817919921875
Stationary harm,Cumulative,Discover once,930000,63,0.4,6,True,True,0.48180318196614574,0.0,0.0,0.018196818033854166,0.0011973063151041667,338.7916666666667,0.0,0.4817919921875
Stationary harm,Cumulative,Discover once,930000,64,0.4,6,True,True,0.48180206298828115,0.0,0.0,0.01819793701171875,0.00119842529296875,338.8125,0.0,0.4817919921875
Stationary harm,Cumulative,Discover once,930000,65,0.4,6,True,True,0.4816641235351562,0.0,0.0,0.01833587646484375,0.00120208740234375,341.3333333333333,0.020833333333333332,0.481630859375
Stationary harm,Cumulative,Discover once,930000,66,0.4,6,True,True,0.4817995198567708,0.0,0.0,0.018200480143229166,0.0012009684244791666,338.8125,0.020833333333333332,0.4817919921875
Stationary harm,Cumulative,Discover once,930000,67,0.4,6,True,True,0.48180094401041657,0.0,0.0,0.018199055989583334,0.0011995442708333333,338.8333333333333,0.0,0.4817919921875
Stationary harm,Cumulative,Discover once,930000,68,0.4,6,True,True,0.4817972819010416,0.0,0.0,0.01820271809895833,0.0012032063802083334,338.8541666666667,0.020833333333333332,0.4817919921875
Stationary harm,Cumulative,Discover once,930000,69,0.4,6,True,True,0.4817984008789062,0.0,0.0,0.01820159912109375,0.00120208740234375,338.8333333333333,0.020833333333333332,0.4817919921875
Stationary harm,Cumulative,Discover once,930000,70,0.4,6,True,True,0.48180063883463536,0.0,0.0,0.018199361165364584,0.0011998494466145834,338.7916666666667,0.020833333333333332,0.4817919921875
Stationary harm,Cumulative,Discover once,930000,71,0.4,6,True,True,0.481661885579427,0.0,0.0,0.018338114420572916,0.0012043253580729166,341.375,0.020833333333333332,0.481630859375
Stationary harm,Cumulative,Discover once,930000,72,0.4,6,True,True,0.481659647623698,0.0,0.0,0.018340352376302087,0.0012065633138020834,341.4166666666667,0.020833333333333332,0.481630859375
Stationary harm,Cumulative,Discover once,930000,73,0.4,6,True,True,0.48166748046874996,0.0,0.0,0.018332519531250004,0.00119873046875,341.2708333333333,0.020833333333333332,0.481630859375
Stationary harm,Cumulative,Discover once,930000,74,0.4,6,True,True,0.4817984008789062,0.0,0.0,0.01820159912109375,0.00120208740234375,338.8333333333333,0.020833333333333332,0.4817919921875
Stationary harm,Cumulative,Discover once,930000,75,0.4,6,True,True,0.4816663614908854,0.0,0.0,0.018333638509114583,0.0011998494466145834,341.2916666666667,0.020833333333333332,0.481630859375
Stationary harm,Cumulative,Discover once,930000,76,0.4,6,True,True,0.4816663614908854,0.0,0.0,0.018333638509114583,0.0011998494466145834,341.2916666666667,0.020833333333333332,0.481630859375
Stationary harm,Cumulative,Discover once,930000,77,0.4,6,True,True,0.4817987060546875,0.0,0.0,0.0182012939453125,0.0012017822265625,338.875,0.0,0.4817919921875
Stationary harm,Cumulative,Discover once,930000,78,0.4,6,True,True,0.4816585286458334,0.0,0.0,0.018341471354166666,0.0012076822916666666,341.4375,0.020833333333333332,0.481630859375
Stationary harm,Cumulative,Discover once,930000,79,0.4,6,True,True,0.4816630045572916,0.0,0.0,0.018336995442708334,0.0012032063802083334,341.3541666666667,0.020833333333333332,0.481630859375
Stationary harm,Cumulative,Discover once,930000,80,0.4,6,True,True,0.4817972819010416,0.0,0.0,0.01820271809895833,0.0012032063802083334,338.8541666666667,0.020833333333333332,0.4817919921875
Stationary harm,Cumulative,Discover once,930000,81,0.4,6,True,True,0.4717939249674479,0.0,0.010000000000000002,0.018206075032552085,0.0012065633138020834,338.9166666666667,0.020833333333333332,0.4817919921875
Stationary harm,Cumulative,Discover once,930000,82,0.4,6,True,True,0.4816663614908854,0.0,0.0,0.018333638509114583,0.0011998494466145834,341.2916666666667,0.020833333333333332,0.481630859375
Stationary harm,Cumulative,Discover once,930000,83,0.4,6,True,True,0.4817995198567708,0.0,0.0,0.018200480143229166,0.0012009684244791666,338.8125,0.020833333333333332,0.4817919921875
Stationary harm,Cumulative,Discover once,930000,84,0.4,6,True,True,0.4816630045572916,0.0,0.0,0.018336995442708334,0.0012032063802083334,341.3541666666667,0.020833333333333332,0.481630859375
Stationary harm,Cumulative,Discover once,930000,85,0.4,6,True,True,0.48180063883463536,0.0,0.0,0.018199361165364584,0.0011998494466145834,338.7916666666667,0.020833333333333332,0.4817919921875
Stationary harm,Cumulative,Discover once,930000,86,0.4,6,True,True,0.4791697184244792,0.0,0.0025000000000000005,0.018330281575520833,0.0011964925130208335,341.2291666666667,0.020833333333333332,0.481630859375
Stationary harm,Cumulative,Discover once,930000,87,0.4,6,True,True,0.48180287679036454,0.0,0.0,0.018197123209635416,0.0011976114908854166,338.75,0.020833333333333332,0.4817919921875
Stationary harm,Cumulative,Discover once,930000,88,0.4,6,True,True,0.4817972819010416,0.0,0.0,0.01820271809895833,0.0012032063802083334,338.8541666666667,0.020833333333333332,0.4817919921875
Stationary harm,Cumulative,Discover once,930000,89,0.4,6,True,True,0.4817995198567708,0.0,0.0,0.018200480143229166,0.0012009684244791666,338.8125,0.020833333333333332,0.4817919921875
Stationary harm,Cumulative,Discover once,930000,90,0.4,6,True,True,0.4817975870768229,0.0,0.0,0.01820241292317708,0.0012029012044270833,338.8958333333333,0.0,0.4817919921875
Stationary harm,Cumulative,Discover once,930000,91,0.4,6,True,True,0.4817995198567708,0.0,0.0,0.018200480143229166,0.0012009684244791666,338.8125,0.020833333333333332,0.4817919921875
Stationary harm,Cumulative,Discover once,930000,92,0.4,6,True,True,0.4766618855794271,0.0,0.005000000000000001,0.018338114420572916,0.0012043253580729166,341.375,0.020833333333333332,0.481630859375
Stationary harm,Cumulative,Discover once,930000,93,0.4,6,True,True,0.481659647623698,0.0,0.0,0.018340352376302087,0.0012065633138020834,341.4166666666667,0.020833333333333332,0.481630859375
Stationary harm,Cumulative,Discover once,930000,94,0.4,6,True,True,0.48180063883463536,0.0,0.0,0.018199361165364584,0.0011998494466145834,338.7916666666667,0.020833333333333332,0.4817919921875
Stationary harm,Cumulative,Discover once,930000,95,0.4,6,True,True,0.47916412353515625,0.0,0.0025000000000000005,0.01833587646484375,0.00120208740234375,341.3333333333333,0.020833333333333332,0.481630859375
Stationary harm,Cumulative,Repeated discovery,930000,0,0.4,6,True,True,0.48189768473307276,0.0,0.0,0.018102315266927085,0.007145284016927084,336.9375,0.041666666666666664,0.481912841796875
Stationary harm,Cumulative,Repeated discovery,930000,1,0.4,6,True,True,0.47189290364583325,0.0,0.010000000000000002,0.018107096354166668,0.007150065104166668,336.9791666666667,0.0625,0.481912841796875
Stationary harm,Cumulative,Repeated discovery,930000,2,0.4,6,True,True,0.48190165201822904,0.0,0.0,0.018098347981770832,0.007141316731770834,336.9583333333333,0.0,0.481912841796875
Stationary harm,Cumulative,Repeated discovery,930000,3,0.4,6,True,True,0.48190104166666653,0.0,0.0,0.01809895833333333,0.0071419270833333335,336.875,0.041666666666666664,0.481912841796875
Stationary harm,Cumulative,Repeated discovery,930000,4,0.4,6,True,True,0.4818991088867186,0.0,0.0,0.01810089111328125,0.007143859863281251,336.9583333333333,0.020833333333333332,0.481912841796875
Stationary harm,Cumulative,Repeated discovery,930000,5,0.4,6,True,True,0.48188812255859365,0.0,0.0,0.018111877441406254,0.0071548461914062505,337.0208333333333,0.08333333333333333,0.481912841796875
Stationary harm,Cumulative,Repeated discovery,930000,6,0.4,6,True,True,0.4818954467773437,0.0,0.0,0.01810455322265625,0.007147521972656251,336.9791666666667,0.041666666666666664,0.481912841796875
Stationary harm,Cumulative,Repeated discovery,930000,7,0.4,6,True,True,0.4818979899088541,0.0,0.0,0.018102010091145832,0.007144978841145834,336.9791666666667,0.020833333333333332,0.481912841796875
Stationary harm,Cumulative,Repeated discovery,930000,8,0.4,6,True,True,0.4818932088216145,0.0,0.0,0.018106791178385418,0.007149759928385417,337.0208333333333,0.041666666666666664,0.481912841796875
Stationary harm,Cumulative,Repeated discovery,930000,9,0.4,6,True,True,0.4818965657552082,0.0,0.0,0.018103434244791664,0.007146402994791668,336.9583333333333,0.041666666666666664,0.481912841796875
Stationary harm,Cumulative,Repeated discovery,930000,10,0.4,6,True,True,0.4818906656901041,0.0,0.0,0.018109334309895836,0.0071523030598958336,337.0208333333333,0.0625,0.481912841796875
Stationary harm,Cumulative,Repeated discovery,930000,11,0.4,6,True,True,0.4818943277994791,0.0,0.0,0.018105672200520836,0.007148640950520834,337.0,0.041666666666666664,0.481912841796875
Stationary harm,Cumulative,Repeated discovery,930000,12,0.4,6,True,True,0.4718991088867186,0.0,0.010000000000000002,0.01810089111328125,0.007143859863281251,336.9583333333333,0.020833333333333332,0.481912841796875
Stationary harm,Cumulative,Repeated discovery,930000,13,0.4,6,True,True,0.4818991088867186,0.0,0.0,0.01810089111328125,0.007143859863281251,336.9583333333333,0.020833333333333332,0.481912841796875
Stationary harm,Cumulative,Repeated discovery,930000,14,0.4,6,True,True,0.4818943277994791,0.0,0.0,0.018105672200520836,0.007148640950520834,337.0,0.041666666666666664,0.4818975830078125
Stationary harm,Cumulative,Repeated discovery,930000,15,0.4,6,True,True,0.4818954467773437,0.0,0.0,0.01810455322265625,0.007147521972656251,336.9791666666667,0.041666666666666664,0.481912841796875
Stationary harm,Cumulative,Repeated discovery,930000,16,0.4,6,True,True,0.4819013468424478,0.0,0.0,0.018098653157552085,0.007141621907552084,336.9166666666667,0.020833333333333332,0.481912841796875
Stationary harm,Cumulative,Repeated discovery,930000,17,0.4,6,True,True,0.4818954467773437,0.0,0.0,0.01810455322265625,0.007147521972656251,336.9791666666667,0.041666666666666664,0.481912841796875
Stationary harm,Cumulative,Repeated discovery,930000,18,0.4,6,True,True,0.48189880371093735,0.0,0.0,0.0181011962890625,0.007144165039062501,336.9166666666667,0.041666666666666664,0.481912841796875
Stationary harm,Cumulative,Repeated discovery,930000,19,0.4,6,True,True,0.46189768473307274,0.0,0.020000000000000004,0.018102315266927085,0.007145284016927084,336.9375,0.041666666666666664,0.481912841796875
Stationary harm,Cumulative,Repeated discovery,930000,20,0.4,6,True,True,0.4818991088867186,0.0,0.0,0.01810089111328125,0.007143859863281251,336.9583333333333,0.020833333333333332,0.481912841796875
Stationary harm,Cumulative,Repeated discovery,930000,21,0.4,6,True,True,0.4818968709309895,0.0,0.0,0.018103129069010418,0.007146097819010418,337.0,0.020833333333333332,0.481912841796875
Stationary harm,Cumulative,Repeated discovery,930000,22,0.4,6,True,True,0.4818979899088541,0.0,0.0,0.018102010091145832,0.007144978841145834,336.9791666666667,0.020833333333333332,0.481912841796875
Stationary harm,Cumulative,Repeated discovery,930000,23,0.4,6,True,True,0.48189178466796867,0.0,0.0,0.01810821533203125,0.007151184082031251,337.0,0.0625,0.4818975830078125
Stationary harm,Cumulative,Repeated discovery,930000,24,0.4,6,True,True,0.4818991088867186,0.0,0.0,0.01810089111328125,0.007143859863281251,336.9583333333333,0.020833333333333332,0.481912841796875
Stationary harm,Cumulative,Repeated discovery,930000,25,0.4,6,True,True,0.4818957519531249,0.0,0.0,0.018104248046875004,0.0071472167968750005,337.0208333333333,0.020833333333333332,0.481912841796875
Stationary harm,Cumulative,Repeated discovery,930000,26,0.4,6,True,True,0.4818920898437499,0.0,0.0,0.01810791015625,0.007150878906250001,337.0416666666667,0.041666666666666664,0.4818975830078125
Stationary harm,Cumulative,Repeated discovery,930000,27,0.4,6,True,True,0.4818965657552082,0.0,0.0,0.018103434244791664,0.007146402994791668,336.9583333333333,0.041666666666666664,0.481912841796875
Stationary harm,Cumulative,Repeated discovery,930000,28,0.4,6,True,True,0.47940022786458325,0.0,0.0025000000000000005,0.018099772135416668,0.007142740885416668,336.9375,0.020833333333333332,0.481912841796875
Stationary harm,Cumulative,Repeated discovery,930000,29,0.4,6,True,True,0.4793855794270832,0.0,0.0025000000000000005,0.018114420572916668,0.007157389322916667,337.0208333333333,0.10416666666666667,0.4818975830078125
Stationary harm,Cumulative,Repeated discovery,930000,30,0.4,6,True,True,0.4819002278645832,0.0,0.0,0.018099772135416668,0.007142740885416668,336.9375,0.020833333333333332,0.481912841796875
Stationary harm,Cumulative,Repeated discovery,930000,31,0.4,6,True,True,0.48189992268880194,0.0,0.0,0.018100077311197917,0.0071430460611979175,336.8958333333333,0.041666666666666664,0.481912841796875
Stationary harm,Cumulative,Repeated discovery,930000,32,0.4,6,True,True,0.48189768473307276,0.0,0.0,0.018102315266927085,0.007145284016927084,336.9375,0.041666666666666664,0.481912841796875
Stationary harm,Cumulative,Repeated discovery,930000,33,0.4,6,True,True,0.4818954467773437,0.0,0.0,0.01810455322265625,0.007147521972656251,336.9791666666667,0.041666666666666664,0.481912841796875
Stationary harm,Cumulative,Repeated discovery,930000,34,0.4,6,True,True,0.4818968709309895,0.0,0.0,0.018103129069010418,0.007146097819010418,337.0,0.020833333333333332,0.481912841796875
Stationary harm,Cumulative,Repeated discovery,930000,35,0.4,6,True,True,0.48189768473307276,0.0,0.0,0.018102315266927085,0.007145284016927084,336.9375,0.041666666666666664,0.481912841796875
Stationary harm,Cumulative,Repeated discovery,930000,36,0.4,6,True,True,0.4819002278645832,0.0,0.0,0.018099772135416668,0.007142740885416668,336.9375,0.020833333333333332,0.481912841796875
Stationary harm,Cumulative,Repeated discovery,930000,37,0.4,6,True,True,0.4818920898437499,0.0,0.0,0.01810791015625,0.007150878906250001,337.0416666666667,0.041666666666666664,0.481912841796875
Stationary harm,Cumulative,Repeated discovery,930000,38,0.4,6,True,True,0.4818943277994791,0.0,0.0,0.018105672200520836,0.007148640950520834,337.0,0.041666666666666664,0.481912841796875
Stationary harm,Cumulative,Repeated discovery,930000,39,0.4,6,True,True,0.4818954467773437,0.0,0.0,0.01810455322265625,0.007147521972656251,336.9791666666667,0.041666666666666664,0.481912841796875
Stationary harm,Cumulative,Repeated discovery,930000,40,0.4,6,True,True,0.4818968709309895,0.0,0.0,0.018103129069010418,0.007146097819010418,337.0,0.020833333333333332,0.481912841796875
Stationary harm,Cumulative,Repeated discovery,930000,41,0.4,6,True,True,0.48189290364583326,0.0,0.0,0.018107096354166668,0.007150065104166668,336.9791666666667,0.0625,0.481912841796875
Stationary harm,Cumulative,Repeated discovery,930000,42,0.4,6,True,True,0.4818979899088541,0.0,0.0,0.018102010091145832,0.007144978841145834,336.9791666666667,0.020833333333333332,0.481912841796875
Stationary harm,Cumulative,Repeated discovery,930000,43,0.4,6,True,True,0.4819024658203124,0.0,0.0,0.0180975341796875,0.0071405029296875006,336.8958333333333,0.020833333333333332,0.481912841796875
Stationary harm,Cumulative,Repeated discovery,930000,44,0.4,6,True,True,0.4819013468424478,0.0,0.0,0.018098653157552085,0.007141621907552084,336.9166666666667,0.020833333333333332,0.481912841796875
Stationary harm,Cumulative,Repeated discovery,930000,45,0.4,6,True,True,0.4818957519531249,0.0,0.0,0.018104248046875004,0.0071472167968750005,337.0208333333333,0.020833333333333332,0.481912841796875
Stationary harm,Cumulative,Repeated discovery,930000,46,0.4,6,True,True,0.48189259847005195,0.0,0.0,0.018107401529947918,0.007150370279947918,336.9375,0.08333333333333333,0.481912841796875
Stationary harm,Cumulative,Repeated discovery,930000,47,0.4,6,True,True,0.4818991088867186,0.0,0.0,0.01810089111328125,0.007143859863281251,336.9583333333333,0.020833333333333332,0.481912841796875
Stationary harm,Cumulative,Repeated discovery,930000,48,0.4,6,True,True,0.48188924153645823,0.0,0.0,0.018110758463541668,0.007153727213541668,337.0,0.08333333333333333,0.481912841796875
Stationary harm,Cumulative,Repeated discovery,930000,49,0.4,6,True,True,0.48189290364583326,0.0,0.0,0.018107096354166668,0.007150065104166668,336.9791666666667,0.0625,0.481912841796875
Stationary harm,Cumulative,Repeated discovery,930000,50,0.4,6,True,True,0.4818968709309895,0.0,0.0,0.018103129069010418,0.007146097819010418,337.0,0.020833333333333332,0.481912841796875
Stationary harm,Cumulative,Repeated discovery,930000,51,0.4,6,True,True,0.48190165201822904,0.0,0.0,0.018098347981770832,0.007141316731770834,336.9583333333333,0.0,0.481912841796875
Stationary harm,Cumulative,Repeated discovery,930000,52,0.4,6,True,True,0.4818959554036457,0.0,0.0,0.018104044596354164,0.007147013346354167,336.875,0.08333333333333333,0.481912841796875
Stationary harm,Cumulative,Repeated discovery,930000,53,0.4,6,True,True,0.4818959554036457,0.0,0.0,0.018104044596354164,0.007147013346354167,336.875,0.08333333333333333,0.481912841796875
Stationary harm,Cumulative,Repeated discovery,930000,54,0.4,6,True,True,0.4818889363606769,0.0,0.0,0.018111063639322914,0.007154032389322918,336.9583333333333,0.10416666666666667,0.4818975830078125
Stationary harm,Cumulative,Repeated discovery,930000,55,0.4,6,True,True,0.4818954467773437,0.0,0.0,0.01810455322265625,0.007147521972656251,336.9791666666667,0.041666666666666664,0.481912841796875
Stationary harm,Cumulative,Repeated discovery,930000,56,0.4,6,True,True,0.48188812255859365,0.0,0.0,0.018111877441406254,0.0071548461914062505,337.0208333333333,0.08333333333333333,0.481912841796875
Stationary harm,Cumulative,Repeated discovery,930000,57,0.4,6,True,True,0.4819002278645832,0.0,0.0,0.018099772135416668,0.007142740885416668,336.9375,0.020833333333333332,0.481912841796875
Stationary harm,Cumulative,Repeated discovery,930000,58,0.4,6,True,True,0.4793968709309895,0.0,0.0025000000000000005,0.018103129069010418,0.007146097819010418,337.0,0.020833333333333332,0.481912841796875
Stationary harm,Cumulative,Repeated discovery,930000,59,0.4,6,True,True,0.4793909708658853,0.0,0.0025000000000000005,0.018109029134114583,0.007151997884114584,337.0625,0.041666666666666664,0.481912841796875
Stationary harm,Cumulative,Repeated discovery,930000,60,0.4,6,True,True,0.4818954467773437,0.0,0.0,0.01810455322265625,0.007147521972656251,336.9791666666667,0.041666666666666664,0.481912841796875
Stationary harm,Cumulative,Repeated discovery,930000,61,0.4,6,True,True,0.48189626057942697,0.0,0.0,0.018103739420572917,0.007146708170572918,336.9166666666667,0.0625,0.481912841796875
Stationary harm,Cumulative,Repeated discovery,930000,62,0.4,6,True,True,0.4818991088867186,0.0,0.0,0.01810089111328125,0.007143859863281251,336.9583333333333,0.020833333333333332,0.481912841796875
Stationary harm,Cumulative,Repeated discovery,930000,63,0.4,6,True,True,0.4819038899739582,0.0,0.0,0.018096110026041667,0.007139078776041668,336.9166666666667,0.0,0.481912841796875
Stationary harm,Cumulative,Repeated discovery,930000,64,0.4,6,True,True,0.48190277099609363,0.0,0.0,0.018097229003906253,0.007140197753906251,336.9375,0.0,0.481912841796875
Stationary harm,Cumulative,Repeated discovery,930000,65,0.4,6,True,True,0.4818940226236978,0.0,0.0,0.018105977376302082,0.007148946126302084,336.9583333333333,0.0625,0.4818975830078125
Stationary harm,Cumulative,Repeated discovery,930000,66,0.4,6,True,True,0.4819002278645832,0.0,0.0,0.018099772135416668,0.007142740885416668,336.9375,0.020833333333333332,0.481912841796875
Stationary harm,Cumulative,Repeated discovery,930000,67,0.4,6,True,True,0.4818991088867186,0.0,0.0,0.01810089111328125,0.007143859863281251,336.9583333333333,0.020833333333333332,0.481912841796875
Stationary harm,Cumulative,Repeated discovery,930000,68,0.4,6,True,True,0.4818954467773437,0.0,0.0,0.01810455322265625,0.007147521972656251,336.9791666666667,0.041666666666666664,0.481912841796875
Stationary harm,Cumulative,Repeated discovery,930000,69,0.4,6,True,True,0.4818991088867186,0.0,0.0,0.01810089111328125,0.007143859863281251,336.9583333333333,0.020833333333333332,0.481912841796875
Stationary harm,Cumulative,Repeated discovery,930000,70,0.4,6,True,True,0.48189626057942697,0.0,0.0,0.018103739420572917,0.007146708170572918,336.9166666666667,0.0625,0.481912841796875
Stationary harm,Cumulative,Repeated discovery,930000,71,0.4,6,True,True,0.48189178466796867,0.0,0.0,0.01810821533203125,0.007151184082031251,337.0,0.0625,0.4818975830078125
Stationary harm,Cumulative,Repeated discovery,930000,72,0.4,6,True,True,0.4818920898437499,0.0,0.0,0.01810791015625,0.007150878906250001,337.0416666666667,0.041666666666666664,0.4818975830078125
Stationary harm,Cumulative,Repeated discovery,930000,73,0.4,6,True,True,0.48189737955729156,0.0,0.0,0.01810262044270833,0.007145589192708334,336.8958333333333,0.0625,0.481912841796875
Stationary harm,Cumulative,Repeated discovery,930000,74,0.4,6,True,True,0.4818940226236978,0.0,0.0,0.018105977376302082,0.007148946126302084,336.9583333333333,0.0625,0.481912841796875
Stationary harm,Cumulative,Repeated discovery,930000,75,0.4,6,True,True,0.48189880371093735,0.0,0.0,0.0181011962890625,0.007144165039062501,336.9166666666667,0.041666666666666664,0.481912841796875
Stationary harm,Cumulative,Repeated discovery,930000,76,0.4,6,True,True,0.48189626057942697,0.0,0.0,0.018103739420572917,0.007146708170572918,336.9166666666667,0.0625,0.4818975830078125
Stationary harm,Cumulative,Repeated discovery,930000,77,0.4,6,True,True,0.4818968709309895,0.0,0.0,0.018103129069010418,0.007146097819010418,337.0,0.020833333333333332,0.481912841796875
Stationary harm,Cumulative,Repeated discovery,930000,78,0.4,6,True,True,0.4818935139973957,0.0,0.0,0.01810648600260417,0.007149454752604167,337.0625,0.020833333333333332,0.481912841796875
Stationary harm,Cumulative,Repeated discovery,930000,79,0.4,6,True,True,0.4818954467773437,0.0,0.0,0.01810455322265625,0.007147521972656251,336.9791666666667,0.041666666666666664,0.481912841796875
Stationary harm,Cumulative,Repeated discovery,930000,80,0.4,6,True,True,0.48189290364583326,0.0,0.0,0.018107096354166668,0.007150065104166668,336.9791666666667,0.0625,0.481912841796875
Stationary harm,Cumulative,Repeated discovery,930000,81,0.4,6,True,True,0.4718946329752603,0.0,0.010000000000000002,0.018105367024739583,0.007148335774739584,337.0416666666667,0.020833333333333332,0.481912841796875
Stationary harm,Cumulative,Repeated discovery,930000,82,0.4,6,True,True,0.48189371744791654,0.0,0.0,0.018106282552083335,0.007149251302083334,336.9166666666667,0.08333333333333333,0.4818975830078125
Stationary harm,Cumulative,Repeated discovery,930000,83,0.4,6,True,True,0.48189768473307276,0.0,0.0,0.018102315266927085,0.007145284016927084,336.9375,0.041666666666666664,0.4818975830078125
Stationary harm,Cumulative,Repeated discovery,930000,84,0.4,6,True,True,0.4818979899088541,0.0,0.0,0.018102010091145832,0.007144978841145834,336.9791666666667,0.020833333333333332,0.481912841796875
Stationary harm,Cumulative,Repeated discovery,930000,85,0.4,6,True,True,0.4819013468424478,0.0,0.0,0.018098653157552085,0.007141621907552084,336.9166666666667,0.020833333333333332,0.481912841796875
Stationary harm,Cumulative,Repeated discovery,930000,86,0.4,6,True,True,0.4794021606445312,0.0,0.0025000000000000005,0.018097839355468753,0.00714080810546875,336.8541666666667,0.041666666666666664,0.481912841796875
Stationary harm,Cumulative,Repeated discovery,930000,87,0.4,6,True,True,0.48190358479817696,0.0,0.0,0.018096415201822914,0.007139383951822917,336.875,0.020833333333333332,0.481912841796875
Stationary harm,Cumulative,Repeated discovery,930000,88,0.4,6,True,True,0.4818979899088541,0.0,0.0,0.018102010091145832,0.007144978841145834,336.9791666666667,0.020833333333333332,0.481912841796875
Stationary harm,Cumulative,Repeated discovery,930000,89,0.4,6,True,True,0.48189768473307276,0.0,0.0,0.018102315266927085,0.007145284016927084,336.9375,0.041666666666666664,0.481912841796875
Stationary harm,Cumulative,Repeated discovery,930000,90,0.4,6,True,True,0.48189829508463533,0.0,0.0,0.018101704915364586,0.0071446736653645836,337.0208333333333,0.0,0.481912841796875
Stationary harm,Cumulative,Repeated discovery,930000,91,0.4,6,True,True,0.4819002278645832,0.0,0.0,0.018099772135416668,0.007142740885416668,336.9375,0.020833333333333332,0.481912841796875
Stationary harm,Cumulative,Repeated discovery,930000,92,0.4,6,True,True,0.4768917846679686,0.0,0.005000000000000001,0.01810821533203125,0.007151184082031251,337.0,0.0625,0.4818975830078125
Stationary harm,Cumulative,Repeated discovery,930000,93,0.4,6,True,True,0.4818920898437499,0.0,0.0,0.01810791015625,0.007150878906250001,337.0416666666667,0.041666666666666664,0.4818975830078125
Stationary harm,Cumulative,Repeated discovery,930000,94,0.4,6,True,True,0.4819013468424478,0.0,0.0,0.018098653157552085,0.007141621907552084,336.9166666666667,0.020833333333333332,0.481912841796875
Stationary harm,Cumulative,Repeated discovery,930000,95,0.4,6,True,True,0.47939910888671866,0.0,0.0025000000000000005,0.01810089111328125,0.007143859863281251,336.9583333333333,0.020833333333333332,0.481912841796875
Stationary harm,Cumulative,Discover once,930000,0,0.6,1,True,True,0.48181406656901044,0.0,0.0,0.018185933430989582,0.0018309529622395834,338.5416666666667,0.020833333333333332,0.4817919921875
Stationary harm,Cumulative,Discover once,930000,1,0.6,1,True,True,0.48167867024739586,0.0,0.0,0.018321329752604167,0.0018320719401041666,341.0625,0.020833333333333332,0.481630859375
Stationary harm,Cumulative,Discover once,930000,2,0.6,1,True,True,0.481815185546875,0.0,0.0,0.018184814453125,0.001829833984375,338.5208333333333,0.020833333333333332,0.4817919921875
Stationary harm,Cumulative,Discover once,930000,3,0.6,1,True,True,0.4817894490559896,0.0,0.0,0.018210550944010417,0.0018287150065104168,339.0,0.020833333333333332,0.4817919921875
Stationary harm,Cumulative,Discover once,930000,4,0.6,1,True,True,0.48181294759114585,0.0,0.0,0.018187052408854164,0.0018320719401041666,338.5625,0.020833333333333332,0.4817919921875
Stationary harm,Cumulative,Discover once,930000,5,0.6,1,True,True,0.4716797892252604,0.0,0.010000000000000002,0.018320210774739585,0.0018309529622395834,341.0416666666667,0.020833333333333332,0.481630859375
Stationary harm,Cumulative,Discover once,930000,6,0.6,1,True,True,0.48167978922526045,0.0,0.0,0.018320210774739585,0.0018309529622395834,341.0416666666667,0.020833333333333332,0.481630859375
Stationary harm,Cumulative,Discover once,930000,7,0.6,1,True,True,0.48181406656901044,0.0,0.0,0.018185933430989582,0.0018309529622395834,338.5416666666667,0.020833333333333332,0.4817919921875
Stationary harm,Cumulative,Discover once,930000,8,0.6,1,True,True,0.4818177286783854,0.0,0.0,0.018182271321614582,0.0018272908528645833,338.5208333333333,0.0,0.4817919921875
Stationary harm,Cumulative,Discover once,930000,9,0.6,1,True,True,0.4818166097005208,0.0,0.0,0.018183390299479168,0.0018284098307291667,338.5416666666667,0.0,0.4817919921875
Stationary harm,Cumulative,Discover once,930000,10,0.6,1,True,True,0.4818166097005208,0.0,0.0,0.018183390299479168,0.0018284098307291667,338.5416666666667,0.0,0.4817919921875
Stationary harm,Cumulative,Discover once,930000,11,0.6,1,True,True,0.48168090820312504,0.0,0.0,0.018319091796875003,0.001829833984375,341.0208333333333,0.020833333333333332,0.481630859375
Stationary harm,Cumulative,Discover once,930000,12,0.6,1,True,True,0.4818177286783854,0.0,0.0,0.018182271321614582,0.0018272908528645833,338.5208333333333,0.0,0.4817919921875
Stationary harm,Cumulative,Discover once,930000,13,0.6,1,True,True,0.48181406656901044,0.0,0.0,0.018185933430989582,0.0018309529622395834,338.5416666666667,0.020833333333333332,0.4817919921875
Stationary harm,Cumulative,Discover once,930000,14,0.6,1,True,True,0.4817894490559896,0.0,0.0,0.018210550944010417,0.0018287150065104168,339.0,0.020833333333333332,0.4817919921875
Stationary harm,Cumulative,Discover once,930000,15,0.6,1,True,True,0.4818166097005208,0.0,0.0,0.018183390299479168,0.0018284098307291667,338.5416666666667,0.0,0.4817919921875
Stationary harm,Cumulative,Discover once,930000,16,0.6,1,True,True,0.3993177286783854,0.0,0.0825,0.018182271321614582,0.0018272908528645833,338.5208333333333,0.0,0.3617919921874999
Stationary harm,Cumulative,Discover once,930000,17,0.6,1,True,True,0.4818154907226562,0.0,0.0,0.018184509277343747,0.0018295288085937499,338.5625,0.0,0.4817919921875
Stationary harm,Cumulative,Discover once,930000,18,0.6,1,True,True,0.48181406656901044,0.0,0.0,0.018185933430989582,0.0018309529622395834,338.5416666666667,0.020833333333333332,0.4817919921875
Stationary harm,Cumulative,Discover once,930000,19,0.6,1,True,True,0.48167867024739586,0.0,0.0,0.018321329752604167,0.0018320719401041666,341.0625,0.020833333333333332,0.481630859375
Stationary harm,Cumulative,Discover once,930000,20,0.6,1,True,True,0.48168090820312504,0.0,0.0,0.018319091796875003,0.001829833984375,341.0208333333333,0.020833333333333332,0.481630859375
Stationary harm,Cumulative,Discover once,930000,21,0.6,1,True,True,0.48181294759114585,0.0,0.0,0.018187052408854164,0.0018320719401041666,338.5625,0.020833333333333332,0.4817919921875
Stationary harm,Cumulative,Discover once,930000,22,0.6,1,True,True,0.48167978922526045,0.0,0.0,0.018320210774739585,0.0018309529622395834,341.0416666666667,0.020833333333333332,0.481630859375
Stationary harm,Cumulative,Discover once,930000,23,0.6,1,True,True,0.48167978922526045,0.0,0.0,0.018320210774739585,0.0018309529622395834,341.0416666666667,0.020833333333333332,0.481630859375
Stationary harm,Cumulative,Discover once,930000,24,0.6,1,True,True,0.48181406656901044,0.0,0.0,0.018185933430989582,0.0018309529622395834,338.5416666666667,0.020833333333333332,0.4817919921875
Stationary harm,Cumulative,Discover once,930000,25,0.6,1,True,True,0.48167978922526045,0.0,0.0,0.018320210774739585,0.0018309529622395834,341.0416666666667,0.020833333333333332,0.481630859375
Stationary harm,Cumulative,Discover once,930000,26,0.6,1,True,True,0.48167978922526045,0.0,0.0,0.018320210774739585,0.0018309529622395834,341.0416666666667,0.020833333333333332,0.481630859375
Stationary harm,Cumulative,Discover once,930000,27,0.6,1,True,True,0.481815185546875,0.0,0.0,0.018184814453125,0.001829833984375,338.5208333333333,0.020833333333333332,0.4817919921875
Stationary harm,Cumulative,Discover once,930000,28,0.6,1,True,True,0.48181406656901044,0.0,0.0,0.018185933430989582,0.0018309529622395834,338.5416666666667,0.020833333333333332,0.4817919921875
Stationary harm,Cumulative,Discover once,930000,29,0.6,1,True,True,0.48167978922526045,0.0,0.0,0.018320210774739585,0.0018309529622395834,341.0416666666667,0.020833333333333332,0.481630859375
Stationary harm,Cumulative,Discover once,930000,30,0.6,1,True,True,0.4818177286783854,0.0,0.0,0.018182271321614582,0.0018272908528645833,338.5208333333333,0.0,0.4817919921875
Stationary harm,Cumulative,Discover once,930000,31,0.6,1,True,True,0.4518177286783854,0.0,0.03000000000000001,0.018182271321614582,0.0018272908528645833,338.5208333333333,0.0,0.4817919921875
Stationary harm,Cumulative,Discover once,930000,32,0.6,1,True,True,0.48167978922526045,0.0,0.0,0.018320210774739585,0.0018309529622395834,341.0416666666667,0.020833333333333332,0.481630859375
Stationary harm,Cumulative,Discover once,930000,33,0.6,1,True,True,0.4818154907226562,0.0,0.0,0.018184509277343747,0.0018295288085937499,338.5625,0.0,0.4817919921875
Stationary harm,Cumulative,Discover once,930000,34,0.6,1,True,True,0.48168090820312504,0.0,0.0,0.018319091796875003,0.001829833984375,341.0208333333333,0.020833333333333332,0.481630859375
Stationary harm,Cumulative,Discover once,930000,35,0.6,1,True,True,0.48167978922526045,0.0,0.0,0.018320210774739585,0.0018309529622395834,341.0416666666667,0.020833333333333332,0.481630859375
Stationary harm,Cumulative,Discover once,930000,36,0.6,1,True,True,0.48168090820312504,0.0,0.0,0.018319091796875003,0.001829833984375,341.0208333333333,0.020833333333333332,0.481630859375
Stationary harm,Cumulative,Discover once,930000,37,0.6,1,True,True,0.4818166097005208,0.0,0.0,0.018183390299479168,0.0018284098307291667,338.5416666666667,0.0,0.4817919921875
Stationary harm,Cumulative,Discover once,930000,38,0.6,1,True,True,0.4818154907226562,0.0,0.0,0.018184509277343747,0.0018295288085937499,338.5625,0.0,0.4817919921875
Stationary harm,Cumulative,Discover once,930000,39,0.6,1,True,True,0.48181406656901044,0.0,0.0,0.018185933430989582,0.0018309529622395834,338.5416666666667,0.020833333333333332,0.4817919921875
Stationary harm,Cumulative,Discover once,930000,40,0.6,1,True,True,0.4818166097005208,0.0,0.0,0.018183390299479168,0.0018284098307291667,338.5416666666667,0.0,0.4817919921875
Stationary harm,Cumulative,Discover once,930000,41,0.6,1,True,True,0.4818154907226562,0.0,0.0,0.018184509277343747,0.0018295288085937499,338.5625,0.0,0.4817919921875
Stationary harm,Cumulative,Discover once,930000,42,0.6,1,True,True,0.4818166097005208,0.0,0.0,0.018183390299479168,0.0018284098307291667,338.5416666666667,0.0,0.4817919921875
Stationary harm,Cumulative,Discover once,930000,43,0.6,1,True,True,0.48167867024739586,0.0,0.0,0.018321329752604167,0.0018320719401041666,341.0625,0.020833333333333332,0.481630859375
Stationary harm,Cumulative,Discover once,930000,44,0.6,1,True,True,0.47431772867838545,0.0,0.007500000000000002,0.018182271321614582,0.0018272908528645833,338.5208333333333,0.0,0.4817919921875
Stationary harm,Cumulative,Discover once,930000,45,0.6,1,True,True,0.48181406656901044,0.0,0.0,0.018185933430989582,0.0018309529622395834,338.5416666666667,0.020833333333333332,0.4817919921875
Stationary harm,Cumulative,Discover once,930000,46,0.6,1,True,True,0.48167978922526045,0.0,0.0,0.018320210774739585,0.0018309529622395834,341.0416666666667,0.020833333333333332,0.481630859375
Stationary harm,Cumulative,Discover once,930000,47,0.6,1,True,True,0.48181406656901044,0.0,0.0,0.018185933430989582,0.0018309529622395834,338.5416666666667,0.020833333333333332,0.4817919921875
Stationary harm,Cumulative,Discover once,930000,48,0.6,1,True,True,0.48181406656901044,0.0,0.0,0.018185933430989582,0.0018309529622395834,338.5416666666667,0.020833333333333332,0.4817919921875
Stationary harm,Cumulative,Discover once,930000,49,0.6,1,True,True,0.48167978922526045,0.0,0.0,0.018320210774739585,0.0018309529622395834,341.0416666666667,0.020833333333333332,0.481630859375
Stationary harm,Cumulative,Discover once,930000,50,0.6,1,True,True,0.4818154907226562,0.0,0.0,0.018184509277343747,0.0018295288085937499,338.5625,0.0,0.4817919921875
Stationary harm,Cumulative,Discover once,930000,51,0.6,1,True,True,0.48168090820312504,0.0,0.0,0.018319091796875003,0.001829833984375,341.0208333333333,0.020833333333333332,0.481630859375
Stationary harm,Cumulative,Discover once,930000,52,0.6,1,True,True,0.4817894490559896,0.0,0.0,0.018210550944010417,0.0018287150065104168,339.0,0.020833333333333332,0.4817919921875
Stationary harm,Cumulative,Discover once,930000,53,0.6,1,True,True,0.4817894490559896,0.0,0.0,0.018210550944010417,0.0018287150065104168,339.0,0.020833333333333332,0.4817919921875
Stationary harm,Cumulative,Discover once,930000,54,0.6,1,True,True,0.48181294759114585,0.0,0.0,0.018187052408854164,0.0018320719401041666,338.5625,0.020833333333333332,0.4817919921875
Stationary harm,Cumulative,Discover once,930000,55,0.6,1,True,True,0.48181406656901044,0.0,0.0,0.018185933430989582,0.0018309529622395834,338.5416666666667,0.020833333333333332,0.4817919921875
Stationary harm,Cumulative,Discover once,930000,56,0.6,1,True,True,0.48167978922526045,0.0,0.0,0.018320210774739585,0.0018309529622395834,341.0416666666667,0.020833333333333332,0.481630859375
Stationary harm,Cumulative,Discover once,930000,57,0.6,1,True,True,0.481815185546875,0.0,0.0,0.018184814453125,0.001829833984375,338.5208333333333,0.020833333333333332,0.4817919921875
Stationary harm,Cumulative,Discover once,930000,58,0.6,1,True,True,0.48181406656901044,0.0,0.0,0.018185933430989582,0.0018309529622395834,338.5416666666667,0.020833333333333332,0.4817919921875
Stationary harm,Cumulative,Discover once,930000,59,0.6,1,True,True,0.48181294759114585,0.0,0.0,0.018187052408854164,0.0018320719401041666,338.5625,0.020833333333333332,0.4817919921875
Stationary harm,Cumulative,Discover once,930000,60,0.6,1,True,True,0.48168090820312504,0.0,0.0,0.018319091796875003,0.001829833984375,341.0208333333333,0.020833333333333332,0.481630859375
Stationary harm,Cumulative,Discover once,930000,61,0.6,1,True,True,0.4817919921875,0.0,0.0,0.0182080078125,0.001826171875,339.0,0.0,0.4817919921875
Stationary harm,Cumulative,Discover once,930000,62,0.6,1,True,True,0.481815185546875,0.0,0.0,0.018184814453125,0.001829833984375,338.5208333333333,0.020833333333333332,0.4817919921875
Stationary harm,Cumulative,Discover once,930000,63,0.6,1,True,True,0.481815185546875,0.0,0.0,0.018184814453125,0.001829833984375,338.5208333333333,0.020833333333333332,0.4817919921875
Stationary harm,Cumulative,Discover once,930000,64,0.6,1,True,True,0.48181294759114585,0.0,0.0,0.018187052408854164,0.0018320719401041666,338.5625,0.020833333333333332,0.4817919921875
Stationary harm,Cumulative,Discover once,930000,65,0.6,1,True,True,0.48168090820312504,0.0,0.0,0.018319091796875003,0.001829833984375,341.0208333333333,0.020833333333333332,0.481630859375
Stationary harm,Cumulative,Discover once,930000,66,0.6,1,True,True,0.4817894490559896,0.0,0.0,0.018210550944010417,0.0018287150065104168,339.0,0.020833333333333332,0.4817919921875
Stationary harm,Cumulative,Discover once,930000,67,0.6,1,True,True,0.48168090820312504,0.0,0.0,0.018319091796875003,0.001829833984375,341.0208333333333,0.020833333333333332,0.481630859375
Stationary harm,Cumulative,Discover once,930000,68,0.6,1,True,True,0.48181294759114585,0.0,0.0,0.018187052408854164,0.0018320719401041666,338.5625,0.020833333333333332,0.4817919921875
Stationary harm,Cumulative,Discover once,930000,69,0.6,1,True,True,0.48168090820312504,0.0,0.0,0.018319091796875003,0.001829833984375,341.0208333333333,0.020833333333333332,0.481630859375
Stationary harm,Cumulative,Discover once,930000,70,0.6,1,True,True,0.4817919921875,0.0,0.0,0.0182080078125,0.001826171875,339.0,0.0,0.4817919921875
Stationary harm,Cumulative,Discover once,930000,71,0.6,1,True,True,0.48168090820312504,0.0,0.0,0.018319091796875003,0.001829833984375,341.0208333333333,0.020833333333333332,0.481630859375
Stationary harm,Cumulative,Discover once,930000,72,0.6,1,True,True,0.48181294759114585,0.0,0.0,0.018187052408854164,0.0018320719401041666,338.5625,0.020833333333333332,0.4817919921875
Stationary harm,Cumulative,Discover once,930000,73,0.6,1,True,True,0.4818166097005208,0.0,0.0,0.018183390299479168,0.0018284098307291667,338.5416666666667,0.0,0.4817919921875
Stationary harm,Cumulative,Discover once,930000,74,0.6,1,True,True,0.48181406656901044,0.0,0.0,0.018185933430989582,0.0018309529622395834,338.5416666666667,0.020833333333333332,0.4817919921875
Stationary harm,Cumulative,Discover once,930000,75,0.6,1,True,True,0.48167978922526045,0.0,0.0,0.018320210774739585,0.0018309529622395834,341.0416666666667,0.020833333333333332,0.481630859375
Stationary harm,Cumulative,Discover once,930000,76,0.6,1,True,True,0.4818166097005208,0.0,0.0,0.018183390299479168,0.0018284098307291667,338.5416666666667,0.0,0.4817919921875
Stationary harm,Cumulative,Discover once,930000,77,0.6,1,True,True,0.48181294759114585,0.0,0.0,0.018187052408854164,0.0018320719401041666,338.5625,0.020833333333333332,0.4817919921875
Stationary harm,Cumulative,Discover once,930000,78,0.6,1,True,True,0.4818166097005208,0.0,0.0,0.018183390299479168,0.0018284098307291667,338.5416666666667,0.0,0.4817919921875
Stationary harm,Cumulative,Discover once,930000,79,0.6,1,True,True,0.48181406656901044,0.0,0.0,0.018185933430989582,0.0018309529622395834,338.5416666666667,0.020833333333333332,0.4817919921875
Stationary harm,Cumulative,Discover once,930000,80,0.6,1,True,True,0.4818166097005208,0.0,0.0,0.018183390299479168,0.0018284098307291667,338.5416666666667,0.0,0.4817919921875
Stationary harm,Cumulative,Discover once,930000,81,0.6,1,True,True,0.48167978922526045,0.0,0.0,0.018320210774739585,0.0018309529622395834,341.0416666666667,0.020833333333333332,0.481630859375
Stationary harm,Cumulative,Discover once,930000,82,0.6,1,True,True,0.48181406656901044,0.0,0.0,0.018185933430989582,0.0018309529622395834,338.5416666666667,0.020833333333333332,0.4817919921875
Stationary harm,Cumulative,Discover once,930000,83,0.6,1,True,True,0.4818154907226562,0.0,0.0,0.018184509277343747,0.0018295288085937499,338.5625,0.0,0.4817919921875
Stationary harm,Cumulative,Discover once,930000,84,0.6,1,True,True,0.4816283162434896,0.0,0.0,0.01837168375651042,0.0018287150065104168,342.0,0.020833333333333332,0.481630859375
Stationary harm,Cumulative,Discover once,930000,85,0.6,1,True,True,0.4818166097005208,0.0,0.0,0.018183390299479168,0.0018284098307291667,338.5416666666667,0.0,0.4817919921875
Stationary harm,Cumulative,Discover once,930000,86,0.6,1,True,True,0.4817894490559896,0.0,0.0,0.018210550944010417,0.0018287150065104168,339.0,0.020833333333333332,0.4817919921875
Stationary harm,Cumulative,Discover once,930000,87,0.6,1,True,True,0.481815185546875,0.0,0.0,0.018184814453125,0.001829833984375,338.5208333333333,0.020833333333333332,0.4817919921875
Stationary harm,Cumulative,Discover once,930000,88,0.6,1,True,True,0.48181406656901044,0.0,0.0,0.018185933430989582,0.0018309529622395834,338.5416666666667,0.020833333333333332,0.4817919921875
Stationary harm,Cumulative,Discover once,930000,89,0.6,1,True,True,0.481815185546875,0.0,0.0,0.018184814453125,0.001829833984375,338.5208333333333,0.020833333333333332,0.4817919921875
Stationary harm,Cumulative,Discover once,930000,90,0.6,1,True,True,0.4817919921875,0.0,0.0,0.0182080078125,0.001826171875,339.0,0.0,0.4817919921875
Stationary harm,Cumulative,Discover once,930000,91,0.6,1,True,True,0.48167978922526045,0.0,0.0,0.018320210774739585,0.0018309529622395834,341.0416666666667,0.020833333333333332,0.481630859375
Stationary harm,Cumulative,Discover once,930000,92,0.6,1,True,True,0.4818166097005208,0.0,0.0,0.018183390299479168,0.0018284098307291667,338.5416666666667,0.0,0.4817919921875
Stationary harm,Cumulative,Discover once,930000,93,0.6,1,True,True,0.48181406656901044,0.0,0.0,0.018185933430989582,0.0018309529622395834,338.5416666666667,0.020833333333333332,0.4817919921875
Stationary harm,Cumulative,Discover once,930000,94,0.6,1,True,True,0.481815185546875,0.0,0.0,0.018184814453125,0.001829833984375,338.5208333333333,0.020833333333333332,0.4817919921875
Stationary harm,Cumulative,Discover once,930000,95,0.6,1,True,True,0.4818177286783854,0.0,0.0,0.018182271321614582,0.0018272908528645833,338.5208333333333,0.0,0.4817919921875
Stationary harm,Cumulative,Repeated discovery,930000,0,0.6,1,True,True,0.48180389404296875,0.0,0.0,0.01819610595703125,0.01097198486328125,338.5416666666667,0.10416666666666667,0.4817767333984375
Stationary harm,Cumulative,Repeated discovery,930000,1,0.6,1,True,True,0.4818104044596354,0.0,0.0,0.018189595540364582,0.010965474446614583,338.5625,0.041666666666666664,0.4817919921875
Stationary harm,Cumulative,Repeated discovery,930000,2,0.6,1,True,True,0.4817589314778646,0.0,0.0,0.01824106852213542,0.010963236490885417,339.5208333333333,0.041666666666666664,0.48163085937500005
Stationary harm,Cumulative,Repeated discovery,930000,3,0.6,1,True,True,0.4817575073242188,0.0,0.0,0.018242492675781253,0.01096466064453125,339.5,0.0625,0.4817919921875
Stationary harm,Cumulative,Repeated discovery,930000,4,0.6,1,True,True,0.48181294759114585,0.0,0.0,0.018187052408854164,0.010962931315104167,338.5625,0.020833333333333332,0.4817919921875
Stationary harm,Cumulative,Repeated discovery,930000,5,0.6,1,True,True,0.47181152343749994,0.0,0.010000000000000002,0.0181884765625,0.01096435546875,338.5416666666667,0.041666666666666664,0.4817919921875
Stationary harm,Cumulative,Repeated discovery,930000,6,0.6,1,True,True,0.48167978922526045,0.0,0.0,0.01832021077473958,0.010961812337239583,341.0416666666667,0.020833333333333332,0.48163085937500005
Stationary harm,Cumulative,Repeated discovery,930000,7,0.6,1,True,True,0.48177958170572915,0.0,0.0,0.018220418294270832,0.010969441731770833,339.0416666666667,0.08333333333333333,0.4817919921875
Stationary harm,Cumulative,Repeated discovery,930000,8,0.6,1,True,True,0.48168090820312504,0.0,0.0,0.018319091796875003,0.010960693359375,341.0208333333333,0.020833333333333332,0.48163085937500005
Stationary harm,Cumulative,Repeated discovery,930000,9,0.6,1,True,True,0.4818166097005208,0.0,0.0,0.018183390299479168,0.010959269205729165,338.5416666666667,0.0,0.4817919921875
Stationary harm,Cumulative,Repeated discovery,930000,10,0.6,1,True,True,0.4818115234375,0.0,0.0,0.0181884765625,0.01096435546875,338.5416666666667,0.041666666666666664,0.4817919921875
Stationary harm,Cumulative,Repeated discovery,930000,11,0.6,1,True,True,0.48175130208333333,0.0,0.0,0.018248697916666664,0.010970865885416667,339.5208333333333,0.10416666666666667,0.48161560058593755
Stationary harm,Cumulative,Repeated discovery,930000,12,0.6,1,True,True,0.481815185546875,0.0,0.0,0.018184814453125,0.010960693359375,338.5208333333333,0.020833333333333332,0.4817767333984375
Stationary harm,Cumulative,Repeated discovery,930000,13,0.6,1,True,True,0.4817578125,0.0,0.0,0.0182421875,0.01096435546875,339.5416666666667,0.041666666666666664,0.48163085937500005
Stationary harm,Cumulative,Repeated discovery,930000,14,0.6,1,True,True,0.48175496419270836,0.0,0.0,0.018245035807291667,0.010967203776041668,339.5,0.08333333333333333,0.4817767333984375
Stationary harm,Cumulative,Repeated discovery,930000,15,0.6,1,True,True,0.48181406656901044,0.0,0.0,0.018185933430989582,0.010961812337239583,338.5416666666667,0.020833333333333332,0.4817767333984375
Stationary harm,Cumulative,Repeated discovery,930000,16,0.6,1,True,True,0.4517563883463542,0.0,0.03000000000000001,0.018243611653645835,0.010965779622395833,339.5208333333333,0.0625,0.48163085937500005
Stationary harm,Cumulative,Repeated discovery,930000,17,0.6,1,True,True,0.48178354899088544,0.0,0.0,0.018216451009114582,0.010965474446614583,339.0625,0.041666666666666664,0.4817919921875
Stationary harm,Cumulative,Repeated discovery,930000,18,0.6,1,True,True,0.4817258707682292,0.0,0.0,0.018274129231770832,0.010969441731770833,340.0416666666667,0.08333333333333333,0.48163085937500005
Stationary harm,Cumulative,Repeated discovery,930000,19,0.6,1,True,True,0.48167867024739586,0.0,0.0,0.018321329752604167,0.010962931315104167,341.0625,0.020833333333333332,0.48163085937500005
Stationary harm,Cumulative,Repeated discovery,930000,20,0.6,1,True,True,0.48181009928385415,0.0,0.0,0.018189900716145832,0.010965779622395833,338.5208333333333,0.0625,0.4817919921875
Stationary harm,Cumulative,Repeated discovery,930000,21,0.6,1,True,True,0.481727294921875,0.0,0.0,0.018272705078125,0.010968017578125001,340.0625,0.0625,0.48163085937500005
Stationary harm,Cumulative,Repeated discovery,930000,22,0.6,1,True,True,0.4817284138997396,0.0,0.0,0.018271586100260414,0.010966898600260415,340.0416666666667,0.0625,0.48161560058593755
Stationary harm,Cumulative,Repeated discovery,930000,23,0.6,1,True,True,0.4817015584309896,0.0,0.0,0.018298441569010417,0.010966898600260415,340.5416666666667,0.0625,0.48163085937500005
Stationary harm,Cumulative,Repeated discovery,930000,24,0.6,1,True,True,0.4817821248372396,0.0,0.0,0.018217875162760414,0.010966898600260415,339.0416666666667,0.0625,0.4817767333984375
Stationary harm,Cumulative,Repeated discovery,930000,25,0.6,1,True,True,0.48178466796875,0.0,0.0,0.01821533203125,0.01096435546875,339.0416666666667,0.041666666666666664,0.4817919921875
Stationary harm,Cumulative,Repeated discovery,930000,26,0.6,1,True,True,0.48167978922526045,0.0,0.0,0.01832021077473958,0.010961812337239583,341.0416666666667,0.020833333333333332,0.48163085937500005
Stationary harm,Cumulative,Repeated discovery,930000,27,0.6,1,True,True,0.4817269897460938,0.0,0.0,0.01827301025390625,0.01096832275390625,340.0208333333333,0.08333333333333333,0.48161560058593755
Stationary harm,Cumulative,Repeated discovery,930000,28,0.6,1,True,True,0.48169901529947917,0.0,0.0,0.01830098470052083,0.010969441731770833,340.5416666666667,0.08333333333333333,0.48163085937500005
Stationary harm,Cumulative,Repeated discovery,930000,29,0.6,1,True,True,0.48178466796875,0.0,0.0,0.01821533203125,0.01096435546875,339.0416666666667,0.041666666666666664,0.4817919921875
Stationary harm,Cumulative,Repeated discovery,930000,30,0.6,1,True,True,0.481707763671875,0.0,0.0,0.018292236328125003,0.010960693359375,340.5208333333333,0.020833333333333332,0.48163085937500005
Stationary harm,Cumulative,Repeated discovery,930000,31,0.6,1,True,True,0.4643126424153645,0.0,0.017500000000000005,0.018187357584635414,0.010963236490885417,338.5208333333333,0.041666666666666664,0.4817919921875
Stationary harm,Cumulative,Repeated discovery,930000,32,0.6,1,True,True,0.48167978922526045,0.0,0.0,0.01832021077473958,0.010961812337239583,341.0416666666667,0.020833333333333332,0.48163085937500005
Stationary harm,Cumulative,Repeated discovery,930000,33,0.6,1,True,True,0.48167867024739586,0.0,0.0,0.018321329752604167,0.010962931315104167,341.0625,0.020833333333333332,0.48163085937500005
Stationary harm,Cumulative,Repeated discovery,930000,34,0.6,1,True,True,0.48168090820312504,0.0,0.0,0.018319091796875003,0.010960693359375,341.0208333333333,0.020833333333333332,0.48163085937500005
Stationary harm,Cumulative,Repeated discovery,930000,35,0.6,1,True,True,0.48167978922526045,0.0,0.0,0.01832021077473958,0.010961812337239583,341.0416666666667,0.020833333333333332,0.48163085937500005
Stationary harm,Cumulative,Repeated discovery,930000,36,0.6,1,True,True,0.4817857869466146,0.0,0.0,0.018214213053385414,0.010963236490885417,339.0208333333333,0.041666666666666664,0.4817919921875
Stationary harm,Cumulative,Repeated discovery,930000,37,0.6,1,True,True,0.4818166097005208,0.0,0.0,0.018183390299479168,0.010959269205729165,338.5416666666667,0.0,0.4817919921875
Stationary harm,Cumulative,Repeated discovery,930000,38,0.6,1,True,True,0.481727294921875,0.0,0.0,0.018272705078125,0.010968017578125001,340.0625,0.0625,0.48163085937500005
Stationary harm,Cumulative,Repeated discovery,930000,39,0.6,1,True,True,0.4817015584309896,0.0,0.0,0.018298441569010414,0.010966898600260415,340.5416666666667,0.0625,0.4817767333984375
Stationary harm,Cumulative,Repeated discovery,930000,40,0.6,1,True,True,0.48177958170572915,0.0,0.0,0.018220418294270832,0.010969441731770833,339.0416666666667,0.08333333333333333,0.4817919921875
Stationary harm,Cumulative,Repeated discovery,930000,41,0.6,1,True,True,0.4817247517903646,0.0,0.0,0.018275248209635418,0.010970560709635417,340.0625,0.08333333333333333,0.48163085937500005
Stationary harm,Cumulative,Repeated discovery,930000,42,0.6,1,True,True,0.4818115234375,0.0,0.0,0.0181884765625,0.01096435546875,338.5416666666667,0.041666666666666664,0.4817767333984375
Stationary harm,Cumulative,Repeated discovery,930000,43,0.6,1,True,True,0.4818104044596354,0.0,0.0,0.018189595540364582,0.010965474446614583,338.5625,0.041666666666666664,0.4817919921875
Stationary harm,Cumulative,Repeated discovery,930000,44,0.6,1,True,True,0.47428578694661455,0.0,0.007500000000000002,0.018214213053385414,0.010963236490885417,339.0208333333333,0.041666666666666664,0.4817919921875
Stationary harm,Cumulative,Repeated discovery,930000,45,0.6,1,True,True,0.48178466796875,0.0,0.0,0.01821533203125,0.01096435546875,339.0416666666667,0.041666666666666664,0.48161560058593755
Stationary harm,Cumulative,Repeated discovery,930000,46,0.6,1,True,True,0.4818115234375,0.0,0.0,0.0181884765625,0.01096435546875,338.5416666666667,0.041666666666666664,0.4817919921875
Stationary harm,Cumulative,Repeated discovery,930000,47,0.6,1,True,True,0.48178466796875,0.0,0.0,0.01821533203125,0.01096435546875,339.0416666666667,0.041666666666666664,0.48161560058593755
Stationary harm,Cumulative,Repeated discovery,930000,48,0.6,1,True,True,0.48167724609375,0.0,0.0,0.01832275390625,0.01096435546875,341.0416666666667,0.041666666666666664,0.48163085937500005
Stationary harm,Cumulative,Repeated discovery,930000,49,0.6,1,True,True,0.48167978922526045,0.0,0.0,0.01832021077473958,0.010961812337239583,341.0416666666667,0.020833333333333332,0.48163085937500005
Stationary harm,Cumulative,Repeated discovery,930000,50,0.6,1,True,True,0.4818154907226562,0.0,0.0,0.01818450927734375,0.010960388183593751,338.5625,0.0,0.4817919921875
Stationary harm,Cumulative,Repeated discovery,930000,51,0.6,1,True,True,0.48181009928385415,0.0,0.0,0.018189900716145832,0.010965779622395833,338.5208333333333,0.0625,0.4817919921875
Stationary harm,Cumulative,Repeated discovery,930000,52,0.6,1,True,True,0.4816794840494792,0.0,0.0,0.018320515950520835,0.010962117513020835,341.0,0.041666666666666664,0.48163085937500005
Stationary harm,Cumulative,Repeated discovery,930000,53,0.6,1,True,True,0.4817331949869792,0.0,0.0,0.018266805013020835,0.010962117513020835,340.0,0.041666666666666664,0.48163085937500005
Stationary harm,Cumulative,Repeated discovery,930000,54,0.6,1,True,True,0.4818104044596354,0.0,0.0,0.018189595540364582,0.010965474446614583,338.5625,0.041666666666666664,0.4817767333984375
Stationary harm,Cumulative,Repeated discovery,930000,55,0.6,1,True,True,0.4818064371744792,0.0,0.0,0.018193562825520832,0.010969441731770833,338.5416666666667,0.08333333333333333,0.4817919921875
Stationary harm,Cumulative,Repeated discovery,930000,56,0.6,1,True,True,0.48178466796875,0.0,0.0,0.01821533203125,0.01096435546875,339.0416666666667,0.041666666666666664,0.4817919921875
Stationary harm,Cumulative,Repeated discovery,930000,57,0.6,1,True,True,0.4816783650716146,0.0,0.0,0.018321634928385417,0.010963236490885417,341.0208333333333,0.041666666666666664,0.48163085937500005
Stationary harm,Cumulative,Repeated discovery,930000,58,0.6,1,True,True,0.48178466796875,0.0,0.0,0.01821533203125,0.01096435546875,339.0416666666667,0.041666666666666664,0.48161560058593755
Stationary harm,Cumulative,Repeated discovery,930000,59,0.6,1,True,True,0.48181294759114585,0.0,0.0,0.018187052408854164,0.010962931315104167,338.5625,0.020833333333333332,0.4817919921875
Stationary harm,Cumulative,Repeated discovery,930000,60,0.6,1,True,True,0.48168090820312504,0.0,0.0,0.018319091796875003,0.010960693359375,341.0208333333333,0.020833333333333332,0.48163085937500005
Stationary harm,Cumulative,Repeated discovery,930000,61,0.6,1,True,True,0.4817919921875,0.0,0.0,0.0182080078125,0.01095703125,339.0,0.0,0.4817919921875
Stationary harm,Cumulative,Repeated discovery,930000,62,0.6,1,True,True,0.4817320760091146,0.0,0.0,0.018267923990885417,0.010963236490885417,340.0208333333333,0.041666666666666664,0.48163085937500005
Stationary harm,Cumulative,Repeated discovery,930000,63,0.6,1,True,True,0.481815185546875,0.0,0.0,0.018184814453125,0.010960693359375,338.5208333333333,0.020833333333333332,0.4817919921875
Stationary harm,Cumulative,Repeated discovery,930000,64,0.6,1,True,True,0.4817566935221354,0.0,0.0,0.018243306477864586,0.010965474446614583,339.5625,0.041666666666666664,0.48163085937500005
Stationary harm,Cumulative,Repeated discovery,930000,65,0.6,1,True,True,0.48170522054036463,0.0,0.0,0.018294779459635417,0.010963236490885417,340.5208333333333,0.041666666666666664,0.4817767333984375
Stationary harm,Cumulative,Repeated discovery,930000,66,0.6,1,True,True,0.48176005045572917,0.0,0.0,0.018239949544270835,0.010962117513020835,339.5,0.041666666666666664,0.48161560058593755
Stationary harm,Cumulative,Repeated discovery,930000,67,0.6,1,True,True,0.4817269897460938,0.0,0.0,0.018273010253906246,0.01096832275390625,340.0208333333333,0.08333333333333333,0.4817767333984375
Stationary harm,Cumulative,Repeated discovery,930000,68,0.6,1,True,True,0.48172983805338543,0.0,0.0,0.018270161946614582,0.010965474446614583,340.0625,0.041666666666666664,0.48163085937500005
Stationary harm,Cumulative,Repeated discovery,930000,69,0.6,1,True,True,0.4817832438151042,0.0,0.0,0.018216756184895832,0.010965779622395833,339.0208333333333,0.0625,0.48161560058593755
Stationary harm,Cumulative,Repeated discovery,930000,70,0.6,1,True,True,0.4817625935872396,0.0,0.0,0.018237406412760417,0.010959574381510418,339.5,0.020833333333333332,0.48161560058593755
Stationary harm,Cumulative,Repeated discovery,930000,71,0.6,1,True,True,0.48178070068359374,0.0,0.0,0.018219299316406246,0.01096832275390625,339.0208333333333,0.08333333333333333,0.4817919921875
Stationary harm,Cumulative,Repeated discovery,930000,72,0.6,1,True,True,0.48181294759114585,0.0,0.0,0.018187052408854164,0.010962931315104167,338.5625,0.020833333333333332,0.4817919921875
Stationary harm,Cumulative,Repeated discovery,930000,73,0.6,1,True,True,0.48176035563151043,0.0,0.0,0.018239644368489582,0.010961812337239583,339.5416666666667,0.020833333333333332,0.48163085937500005
Stationary harm,Cumulative,Repeated discovery,930000,74,0.6,1,True,True,0.4818064371744792,0.0,0.0,0.018193562825520832,0.010969441731770833,338.5416666666667,0.08333333333333333,0.4817919921875
Stationary harm,Cumulative,Repeated discovery,930000,75,0.6,1,True,True,0.48170410156250004,0.0,0.0,0.018295898437499996,0.01096435546875,340.5416666666667,0.041666666666666664,0.4817767333984375
Stationary harm,Cumulative,Repeated discovery,930000,76,0.6,1,True,True,0.48181406656901044,0.0,0.0,0.018185933430989582,0.010961812337239583,338.5416666666667,0.020833333333333332,0.4817767333984375
Stationary harm,Cumulative,Repeated discovery,930000,77,0.6,1,True,True,0.48181294759114585,0.0,0.0,0.018187052408854164,0.010962931315104167,338.5625,0.020833333333333332,0.4817919921875
Stationary harm,Cumulative,Repeated discovery,930000,78,0.6,1,True,True,0.48176035563151043,0.0,0.0,0.018239644368489582,0.010961812337239583,339.5416666666667,0.020833333333333332,0.48163085937500005
Stationary harm,Cumulative,Repeated discovery,930000,79,0.6,1,True,True,0.48180898030598956,0.0,0.0,0.018191019694010418,0.010966898600260415,338.5416666666667,0.0625,0.4817767333984375
Stationary harm,Cumulative,Repeated discovery,930000,80,0.6,1,True,True,0.4818166097005208,0.0,0.0,0.018183390299479168,0.010959269205729165,338.5416666666667,0.0,0.4817919921875
Stationary harm,Cumulative,Repeated discovery,930000,81,0.6,1,True,True,0.4817821248372396,0.0,0.0,0.018217875162760414,0.010966898600260415,339.0416666666667,0.0625,0.4817919921875
Stationary harm,Cumulative,Repeated discovery,930000,82,0.6,1,True,True,0.48180898030598956,0.0,0.0,0.018191019694010418,0.010966898600260415,338.5416666666667,0.0625,0.4817919921875
Stationary harm,Cumulative,Repeated discovery,930000,83,0.6,1,True,True,0.48181294759114585,0.0,0.0,0.018187052408854164,0.010962931315104167,338.5625,0.020833333333333332,0.4817919921875
Stationary harm,Cumulative,Repeated discovery,930000,84,0.6,1,True,True,0.4816283162434896,0.0,0.0,0.01837168375651042,0.010959574381510418,342.0,0.020833333333333332,0.48163085937500005
Stationary harm,Cumulative,Repeated discovery,930000,85,0.6,1,True,True,0.48181406656901044,0.0,0.0,0.018185933430989582,0.010961812337239583,338.5416666666667,0.020833333333333332,0.4817919921875
Stationary harm,Cumulative,Repeated discovery,930000,86,0.6,1,True,True,0.4817869059244792,0.0,0.0,0.018213094075520835,0.010962117513020835,339.0,0.041666666666666664,0.4817919921875
Stationary harm,Cumulative,Repeated discovery,930000,87,0.6,1,True,True,0.481815185546875,0.0,0.0,0.018184814453125,0.010960693359375,338.5208333333333,0.020833333333333332,0.4817919921875
Stationary harm,Cumulative,Repeated discovery,930000,88,0.6,1,True,True,0.48181406656901044,0.0,0.0,0.018185933430989582,0.010961812337239583,338.5416666666667,0.020833333333333332,0.4817919921875
Stationary harm,Cumulative,Repeated discovery,930000,89,0.6,1,True,True,0.4818126424153646,0.0,0.0,0.018187357584635414,0.010963236490885417,338.5208333333333,0.041666666666666664,0.4817919921875
Stationary harm,Cumulative,Repeated discovery,930000,90,0.6,1,True,True,0.48165517171223965,0.0,0.0,0.018344828287760417,0.010959574381510418,341.5,0.020833333333333332,0.48163085937500005
Stationary harm,Cumulative,Repeated discovery,930000,91,0.6,1,True,True,0.48167978922526045,0.0,0.0,0.01832021077473958,0.010961812337239583,341.0416666666667,0.020833333333333332,0.48163085937500005
Stationary harm,Cumulative,Repeated discovery,930000,92,0.6,1,True,True,0.4817015584309896,0.0,0.0,0.018298441569010417,0.010966898600260415,340.5416666666667,0.0625,0.48161560058593755
Stationary harm,Cumulative,Repeated discovery,930000,93,0.6,1,True,True,0.4818064371744792,0.0,0.0,0.018193562825520832,0.010969441731770833,338.5416666666667,0.08333333333333333,0.4817919921875
Stationary harm,Cumulative,Repeated discovery,930000,94,0.6,1,True,True,0.48178070068359374,0.0,0.0,0.018219299316406246,0.01096832275390625,339.0208333333333,0.08333333333333333,0.4817767333984375
Stationary harm,Cumulative,Repeated discovery,930000,95,0.6,1,True,True,0.4818177286783854,0.0,0.0,0.018182271321614582,0.010958150227864583,338.5208333333333,0.0,0.4817919921875
Stationary harm,Cumulative,Discover once,930000,0,0.6,3,True,True,0.48165517171223965,0.0,0.0,0.018344828287760417,0.0018018595377604165,341.5,0.020833333333333332,0.481630859375
Stationary harm,Cumulative,Discover once,930000,1,0.6,3,True,True,0.4817919921875,0.0,0.0,0.018208007812499996,0.00179931640625,339.0,0.0,0.4817919921875
Stationary harm,Cumulative,Discover once,930000,2,0.6,3,True,True,0.4817931111653646,0.0,0.0,0.018206888834635417,0.0017981974283854168,338.9791666666667,0.0,0.4817919921875
Stationary harm,Cumulative,Discover once,930000,3,0.6,3,True,True,0.4817964680989584,0.0,0.0,0.018203531901041667,0.0017948404947916666,338.9166666666667,0.0,0.4817919921875
Stationary harm,Cumulative,Discover once,930000,4,0.6,3,True,True,0.4817894490559896,0.0,0.0,0.018210550944010414,0.0018018595377604165,339.0,0.020833333333333332,0.4817919921875
Stationary harm,Cumulative,Discover once,930000,5,0.6,3,True,True,0.4817931111653646,0.0,0.0,0.018206888834635417,0.0017981974283854168,338.9791666666667,0.0,0.4817919921875
Stationary harm,Cumulative,Discover once,930000,6,0.6,3,True,True,0.48165517171223965,0.0,0.0,0.018344828287760417,0.0018018595377604165,341.5,0.020833333333333332,0.481630859375
Stationary harm,Cumulative,Discover once,930000,7,0.6,3,True,True,0.4817894490559896,0.0,0.0,0.018210550944010414,0.0018018595377604165,339.0,0.020833333333333332,0.4817919921875
Stationary harm,Cumulative,Discover once,930000,8,0.6,3,True,True,0.48179056803385417,0.0,0.0,0.01820943196614583,0.0018007405598958334,338.9791666666667,0.020833333333333332,0.4817919921875
Stationary harm,Cumulative,Discover once,930000,9,0.6,3,True,True,0.4816574096679688,0.0,0.0,0.018342590332031252,0.00179962158203125,341.4583333333333,0.020833333333333332,0.481630859375
Stationary harm,Cumulative,Discover once,930000,10,0.6,3,True,True,0.4817894490559896,0.0,0.0,0.018210550944010414,0.0018018595377604165,339.0,0.020833333333333332,0.4817919921875
Stationary harm,Cumulative,Discover once,930000,11,0.6,3,True,True,0.4816574096679688,0.0,0.0,0.018342590332031252,0.00179962158203125,341.4583333333333,0.020833333333333332,0.481630859375
Stationary harm,Cumulative,Discover once,930000,12,0.6,3,True,True,0.4817931111653646,0.0,0.0,0.018206888834635417,0.0017981974283854168,338.9791666666667,0.0,0.4817919921875
Stationary harm,Cumulative,Discover once,930000,13,0.6,3,True,True,0.48179056803385417,0.0,0.0,0.01820943196614583,0.0018007405598958334,338.9791666666667,0.020833333333333332,0.4817919921875
Stationary harm,Cumulative,Discover once,930000,14,0.6,3,True,True,0.4817894490559896,0.0,0.0,0.018210550944010414,0.0018018595377604165,339.0,0.020833333333333332,0.4817919921875
Stationary harm,Cumulative,Discover once,930000,15,0.6,3,True,True,0.4817931111653646,0.0,0.0,0.018206888834635417,0.0017981974283854168,338.9791666666667,0.0,0.4817919921875
Stationary harm,Cumulative,Discover once,930000,16,0.6,3,True,True,0.4816585286458334,0.0,0.0,0.018341471354166666,0.0017985026041666668,341.4375,0.020833333333333332,0.481630859375
Stationary harm,Cumulative,Discover once,930000,17,0.6,3,True,True,0.48181406656901044,0.0,0.0,0.018185933430989582,0.0018040974934895833,338.5416666666667,0.020833333333333332,0.4817919921875
Stationary harm,Cumulative,Discover once,930000,18,0.6,3,True,True,0.48165629069010424,0.0,0.0,0.018343709309895834,0.0018007405598958334,341.4791666666667,0.020833333333333332,0.481630859375
Stationary harm,Cumulative,Discover once,930000,19,0.6,3,True,True,0.48179056803385417,0.0,0.0,0.01820943196614583,0.0018007405598958334,338.9791666666667,0.020833333333333332,0.4817919921875
Stationary harm,Cumulative,Discover once,930000,20,0.6,3,True,True,0.4816574096679688,0.0,0.0,0.018342590332031252,0.00179962158203125,341.4583333333333,0.020833333333333332,0.481630859375
Stationary harm,Cumulative,Discover once,930000,21,0.6,3,True,True,0.48181406656901044,0.0,0.0,0.018185933430989582,0.0018040974934895833,338.5416666666667,0.020833333333333332,0.4817919921875
Stationary harm,Cumulative,Discover once,930000,22,0.6,3,True,True,0.48179056803385417,0.0,0.0,0.01820943196614583,0.0018007405598958334,338.9791666666667,0.020833333333333332,0.4817919921875
Stationary harm,Cumulative,Discover once,930000,23,0.6,3,True,True,0.4816574096679688,0.0,0.0,0.018342590332031252,0.00179962158203125,341.4583333333333,0.020833333333333332,0.481630859375
Stationary harm,Cumulative,Discover once,930000,24,0.6,3,True,True,0.4817894490559896,0.0,0.0,0.018210550944010414,0.0018018595377604165,339.0,0.020833333333333332,0.4817919921875
Stationary harm,Cumulative,Discover once,930000,25,0.6,3,True,True,0.481815185546875,0.0,0.0,0.018184814453125,0.0018029785156250002,338.5208333333333,0.020833333333333332,0.4817919921875
Stationary harm,Cumulative,Discover once,930000,26,0.6,3,True,True,0.4817919921875,0.0,0.0,0.018208007812499996,0.00179931640625,339.0,0.0,0.4817919921875
Stationary harm,Cumulative,Discover once,930000,27,0.6,3,True,True,0.48165517171223965,0.0,0.0,0.018344828287760417,0.0018018595377604165,341.5,0.020833333333333332,0.481630859375
Stationary harm,Cumulative,Discover once,930000,28,0.6,3,True,True,0.48179168701171876,0.0,0.0,0.01820831298828125,0.00179962158203125,338.9583333333333,0.020833333333333332,0.4817919921875
Stationary harm,Cumulative,Discover once,930000,29,0.6,3,True,True,0.48165405273437506,0.0,0.0,0.018345947265625,0.0018029785156250002,341.5208333333333,0.020833333333333332,0.481630859375
Stationary harm,Cumulative,Discover once,930000,30,0.6,3,True,True,0.4816574096679688,0.0,0.0,0.018342590332031252,0.00179962158203125,341.4583333333333,0.020833333333333332,0.481630859375
Stationary harm,Cumulative,Discover once,930000,31,0.6,3,True,True,0.4792916870117187,0.0,0.0025000000000000005,0.01820831298828125,0.00179962158203125,338.9583333333333,0.020833333333333332,0.4817919921875
Stationary harm,Cumulative,Discover once,930000,32,0.6,3,True,True,0.4817953491210938,0.0,0.0,0.018204650878906246,0.00179595947265625,338.9375,0.0,0.4817919921875
Stationary harm,Cumulative,Discover once,930000,33,0.6,3,True,True,0.4818177286783854,0.0,0.0,0.018182271321614582,0.0018004353841145834,338.5208333333333,0.0,0.4817919921875
Stationary harm,Cumulative,Discover once,930000,34,0.6,3,True,True,0.4816574096679688,0.0,0.0,0.018342590332031252,0.00179962158203125,341.4583333333333,0.020833333333333332,0.481630859375
Stationary harm,Cumulative,Discover once,930000,35,0.6,3,True,True,0.48165517171223965,0.0,0.0,0.018344828287760417,0.0018018595377604165,341.5,0.020833333333333332,0.481630859375
Stationary harm,Cumulative,Discover once,930000,36,0.6,3,True,True,0.4816585286458334,0.0,0.0,0.018341471354166666,0.0017985026041666668,341.4375,0.020833333333333332,0.481630859375
Stationary harm,Cumulative,Discover once,930000,37,0.6,3,True,True,0.48165405273437506,0.0,0.0,0.018345947265625,0.0018029785156250002,341.5208333333333,0.020833333333333332,0.481630859375
Stationary harm,Cumulative,Discover once,930000,38,0.6,3,True,True,0.481815185546875,0.0,0.0,0.018184814453125,0.0018029785156250002,338.5208333333333,0.020833333333333332,0.4817919921875
Stationary harm,Cumulative,Discover once,930000,39,0.6,3,True,True,0.4817894490559896,0.0,0.0,0.018210550944010414,0.0018018595377604165,339.0,0.020833333333333332,0.4817919921875
Stationary harm,Cumulative,Discover once,930000,40,0.6,3,True,True,0.4817931111653646,0.0,0.0,0.018206888834635417,0.0017981974283854168,338.9791666666667,0.0,0.4817919921875
Stationary harm,Cumulative,Discover once,930000,41,0.6,3,True,True,0.48179056803385417,0.0,0.0,0.01820943196614583,0.0018007405598958334,338.9791666666667,0.020833333333333332,0.4817919921875
Stationary harm,Cumulative,Discover once,930000,42,0.6,3,True,True,0.48165629069010424,0.0,0.0,0.018343709309895834,0.0018007405598958334,341.4791666666667,0.020833333333333332,0.481630859375
Stationary harm,Cumulative,Discover once,930000,43,0.6,3,True,True,0.4817919921875,0.0,0.0,0.018208007812499996,0.00179931640625,339.0,0.0,0.4817919921875
Stationary harm,Cumulative,Discover once,930000,44,0.6,3,True,True,0.48179280598958335,0.0,0.0,0.018207194010416664,0.0017985026041666668,338.9375,0.020833333333333332,0.4817919921875
Stationary harm,Cumulative,Discover once,930000,45,0.6,3,True,True,0.4817931111653646,0.0,0.0,0.018206888834635417,0.0017981974283854168,338.9791666666667,0.0,0.4817919921875
Stationary harm,Cumulative,Discover once,930000,46,0.6,3,True,True,0.48179168701171876,0.0,0.0,0.01820831298828125,0.00179962158203125,338.9583333333333,0.020833333333333332,0.4817919921875
Stationary harm,Cumulative,Discover once,930000,47,0.6,3,True,True,0.48165517171223965,0.0,0.0,0.018344828287760417,0.0018018595377604165,341.5,0.020833333333333332,0.481630859375
Stationary harm,Cumulative,Discover once,930000,48,0.6,3,True,True,0.4817894490559896,0.0,0.0,0.018210550944010414,0.0018018595377604165,339.0,0.020833333333333332,0.4817919921875
Stationary harm,Cumulative,Discover once,930000,49,0.6,3,True,True,0.481815185546875,0.0,0.0,0.018184814453125,0.0018029785156250002,338.5208333333333,0.020833333333333332,0.4817919921875
Stationary harm,Cumulative,Discover once,930000,50,0.6,3,True,True,0.48165405273437506,0.0,0.0,0.018345947265625,0.0018029785156250002,341.5208333333333,0.020833333333333332,0.481630859375
Stationary harm,Cumulative,Discover once,930000,51,0.6,3,True,True,0.48165629069010424,0.0,0.0,0.018343709309895834,0.0018007405598958334,341.4791666666667,0.020833333333333332,0.481630859375
Stationary harm,Cumulative,Discover once,930000,52,0.6,3,True,True,0.481659647623698,0.0,0.0,0.01834035237630208,0.0017973836263020834,341.4166666666667,0.020833333333333332,0.481630859375
Stationary harm,Cumulative,Discover once,930000,53,0.6,3,True,True,0.48179280598958335,0.0,0.0,0.018207194010416664,0.0017985026041666668,338.9375,0.020833333333333332,0.4817919921875
Stationary harm,Cumulative,Discover once,930000,54,0.6,3,True,True,0.48181406656901044,0.0,0.0,0.018185933430989582,0.0018029785156250002,338.5416666666667,0.020833333333333332,0.4817919921875
Stationary harm,Cumulative,Discover once,930000,55,0.6,3,True,True,0.48165629069010424,0.0,0.0,0.018343709309895834,0.0018007405598958334,341.4791666666667,0.020833333333333332,0.481630859375
Stationary harm,Cumulative,Discover once,930000,56,0.6,3,True,True,0.48165405273437506,0.0,0.0,0.018345947265625,0.0018029785156250002,341.5208333333333,0.020833333333333332,0.481630859375
Stationary harm,Cumulative,Discover once,930000,57,0.6,3,True,True,0.48179168701171876,0.0,0.0,0.01820831298828125,0.00179962158203125,338.9583333333333,0.020833333333333332,0.4817919921875
Stationary harm,Cumulative,Discover once,930000,58,0.6,3,True,True,0.4817894490559896,0.0,0.0,0.018210550944010414,0.0018018595377604165,339.0,0.020833333333333332,0.4817919921875
Stationary harm,Cumulative,Discover once,930000,59,0.6,3,True,True,0.4816518147786459,0.0,0.0,0.018348185221354164,0.0018052164713541667,341.5625,0.020833333333333332,0.481630859375
Stationary harm,Cumulative,Discover once,930000,60,0.6,3,True,True,0.4816574096679688,0.0,0.0,0.018342590332031252,0.00179962158203125,341.4583333333333,0.020833333333333332,0.481630859375
Stationary harm,Cumulative,Discover once,930000,61,0.6,3,True,True,0.48179392496744794,0.0,0.0,0.018206075032552085,0.0017973836263020834,338.9166666666667,0.020833333333333332,0.4817919921875
Stationary harm,Cumulative,Discover once,930000,62,0.6,3,True,True,0.48179056803385417,0.0,0.0,0.01820943196614583,0.0018007405598958334,338.9791666666667,0.020833333333333332,0.4817919921875
Stationary harm,Cumulative,Discover once,930000,63,0.6,3,True,True,0.4817894490559896,0.0,0.0,0.018210550944010414,0.0018018595377604165,339.0,0.020833333333333332,0.4817919921875
Stationary harm,Cumulative,Discover once,930000,64,0.6,3,True,True,0.48179168701171876,0.0,0.0,0.01820831298828125,0.00179962158203125,338.9583333333333,0.020833333333333332,0.4817919921875
Stationary harm,Cumulative,Discover once,930000,65,0.6,3,True,True,0.4816574096679688,0.0,0.0,0.018342590332031252,0.00179962158203125,341.4583333333333,0.020833333333333332,0.481630859375
Stationary harm,Cumulative,Discover once,930000,66,0.6,3,True,True,0.48179056803385417,0.0,0.0,0.01820943196614583,0.0018007405598958334,338.9791666666667,0.020833333333333332,0.4817919921875
Stationary harm,Cumulative,Discover once,930000,67,0.6,3,True,True,0.4817919921875,0.0,0.0,0.018208007812499996,0.00179931640625,339.0,0.0,0.4817919921875
Stationary harm,Cumulative,Discover once,930000,68,0.6,3,True,True,0.48179056803385417,0.0,0.0,0.01820943196614583,0.0018007405598958334,338.9791666666667,0.020833333333333332,0.4817919921875
Stationary harm,Cumulative,Discover once,930000,69,0.6,3,True,True,0.48179056803385417,0.0,0.0,0.01820943196614583,0.0018007405598958334,338.9791666666667,0.020833333333333332,0.4817919921875
Stationary harm,Cumulative,Discover once,930000,70,0.6,3,True,True,0.48179280598958335,0.0,0.0,0.018207194010416664,0.0017985026041666668,338.9375,0.020833333333333332,0.4817919921875
Stationary harm,Cumulative,Discover once,930000,71,0.6,3,True,True,0.48165405273437506,0.0,0.0,0.018345947265625,0.0018029785156250002,341.5208333333333,0.020833333333333332,0.481630859375
Stationary harm,Cumulative,Discover once,930000,72,0.6,3,True,True,0.48165293375651047,0.0,0.0,0.018347066243489585,0.0018040974934895833,341.5416666666667,0.020833333333333332,0.481630859375
Stationary harm,Cumulative,Discover once,930000,73,0.6,3,True,True,0.4692942301432292,0.0,0.012500000000000002,0.01820576985677083,0.0017970784505208332,338.9583333333333,0.0,0.4817919921875
Stationary harm,Cumulative,Discover once,930000,74,0.6,3,True,True,0.48165517171223965,0.0,0.0,0.018344828287760417,0.0018018595377604165,341.5,0.020833333333333332,0.481630859375
Stationary harm,Cumulative,Discover once,930000,75,0.6,3,True,True,0.4816574096679688,0.0,0.0,0.018342590332031252,0.00179962158203125,341.4583333333333,0.020833333333333332,0.481630859375
Stationary harm,Cumulative,Discover once,930000,76,0.6,3,True,True,0.4816574096679688,0.0,0.0,0.018342590332031252,0.00179962158203125,341.4583333333333,0.020833333333333332,0.481630859375
Stationary harm,Cumulative,Discover once,930000,77,0.6,3,True,True,0.4766529337565104,0.0,0.005000000000000001,0.018347066243489585,0.0018040974934895833,341.5416666666667,0.020833333333333332,0.481630859375
Stationary harm,Cumulative,Discover once,930000,78,0.6,3,True,True,0.48165405273437506,0.0,0.0,0.018345947265625,0.0018029785156250002,341.5208333333333,0.020833333333333332,0.481630859375
Stationary harm,Cumulative,Discover once,930000,79,0.6,3,True,True,0.48165405273437506,0.0,0.0,0.018345947265625,0.0018029785156250002,341.5208333333333,0.020833333333333332,0.481630859375
Stationary harm,Cumulative,Discover once,930000,80,0.6,3,True,True,0.48165629069010424,0.0,0.0,0.018343709309895834,0.0018007405598958334,341.4791666666667,0.020833333333333332,0.481630859375
Stationary harm,Cumulative,Discover once,930000,81,0.6,3,True,True,0.4793140665690104,0.0,0.0025000000000000005,0.018185933430989582,0.0018040974934895833,338.5416666666667,0.020833333333333332,0.4817919921875
Stationary harm,Cumulative,Discover once,930000,82,0.6,3,True,True,0.48179280598958335,0.0,0.0,0.018207194010416664,0.0017985026041666668,338.9375,0.020833333333333332,0.4817919921875
Stationary harm,Cumulative,Discover once,930000,83,0.6,3,True,True,0.4792931111653645,0.0,0.0025000000000000005,0.018206888834635417,0.0017981974283854168,338.9791666666667,0.0,0.4817919921875
Stationary harm,Cumulative,Discover once,930000,84,0.6,3,True,True,0.47415629069010423,0.0,0.007500000000000002,0.018343709309895834,0.0018007405598958334,341.4791666666667,0.020833333333333332,0.481630859375
Stationary harm,Cumulative,Discover once,930000,85,0.6,3,True,True,0.4817931111653646,0.0,0.0,0.018206888834635417,0.0017981974283854168,338.9791666666667,0.0,0.4817919921875
Stationary harm,Cumulative,Discover once,930000,86,0.6,3,True,True,0.48179280598958335,0.0,0.0,0.018207194010416664,0.0017985026041666668,338.9375,0.020833333333333332,0.4817919921875
Stationary harm,Cumulative,Discover once,930000,87,0.6,3,True,True,0.48179392496744794,0.0,0.0,0.018206075032552085,0.0017973836263020834,338.9166666666667,0.020833333333333332,0.4817919921875
Stationary harm,Cumulative,Discover once,930000,88,0.6,3,True,True,0.4816574096679688,0.0,0.0,0.018342590332031252,0.00179962158203125,341.4583333333333,0.020833333333333332,0.481630859375
Stationary harm,Cumulative,Discover once,930000,89,0.6,3,True,True,0.48179056803385417,0.0,0.0,0.01820943196614583,0.0018007405598958334,338.9791666666667,0.020833333333333332,0.4817919921875
Stationary harm,Cumulative,Discover once,930000,90,0.6,3,True,True,0.48179056803385417,0.0,0.0,0.01820943196614583,0.0018007405598958334,338.9791666666667,0.020833333333333332,0.4817919921875
Stationary harm,Cumulative,Discover once,930000,91,0.6,3,True,True,0.48165629069010424,0.0,0.0,0.018343709309895834,0.0018007405598958334,341.4791666666667,0.020833333333333332,0.481630859375
Stationary harm,Cumulative,Discover once,930000,92,0.6,3,True,True,0.48165405273437506,0.0,0.0,0.018345947265625,0.0018029785156250002,341.5208333333333,0.020833333333333332,0.481630859375
Stationary harm,Cumulative,Discover once,930000,93,0.6,3,True,True,0.4817894490559896,0.0,0.0,0.018210550944010414,0.0018018595377604165,339.0,0.020833333333333332,0.4817919921875
Stationary harm,Cumulative,Discover once,930000,94,0.6,3,True,True,0.48179280598958335,0.0,0.0,0.018207194010416664,0.0017985026041666668,338.9375,0.020833333333333332,0.4817919921875
Stationary harm,Cumulative,Discover once,930000,95,0.6,3,True,True,0.4816574096679688,0.0,0.0,0.018342590332031252,0.00179962158203125,341.4583333333333,0.020833333333333332,0.481630859375
Stationary harm,Cumulative,Repeated discovery,930000,0,0.6,3,True,True,0.48182301839192715,0.0,0.0,0.018176981608072917,0.010764872233072917,338.375,0.020833333333333332,0.481832275390625
Stationary harm,Cumulative,Repeated discovery,930000,1,0.6,3,True,True,0.4818153889973959,0.0,0.0,0.018184611002604167,0.010772501627604167,338.375,0.08333333333333333,0.4818170166015625
Stationary harm,Cumulative,Repeated discovery,930000,2,0.6,3,True,True,0.4818266805013021,0.0,0.0,0.01817331949869792,0.010761210123697918,338.3541666666667,0.0,0.481832275390625
Stationary harm,Cumulative,Repeated discovery,930000,3,0.6,3,True,True,0.4818274943033854,0.0,0.0,0.01817250569661458,0.010760396321614582,338.2916666666667,0.020833333333333332,0.481832275390625
Stationary harm,Cumulative,Repeated discovery,930000,4,0.6,3,True,True,0.48182301839192715,0.0,0.0,0.018176981608072917,0.010764872233072917,338.375,0.020833333333333332,0.481832275390625
Stationary harm,Cumulative,Repeated discovery,930000,5,0.6,3,True,True,0.4818266805013021,0.0,0.0,0.01817331949869792,0.010761210123697918,338.3541666666667,0.0,0.481832275390625
Stationary harm,Cumulative,Repeated discovery,930000,6,0.6,3,True,True,0.4818204752604167,0.0,0.0,0.01817952473958333,0.010767415364583333,338.375,0.041666666666666664,0.481832275390625
Stationary harm,Cumulative,Repeated discovery,930000,7,0.6,3,True,True,0.48182301839192715,0.0,0.0,0.018176981608072917,0.010764872233072917,338.375,0.020833333333333332,0.481832275390625
Stationary harm,Cumulative,Repeated discovery,930000,8,0.6,3,True,True,0.4818215942382813,0.0,0.0,0.018178405761718752,0.01076629638671875,338.3541666666667,0.041666666666666664,0.481832275390625
Stationary harm,Cumulative,Repeated discovery,930000,9,0.6,3,True,True,0.4818176269531251,0.0,0.0,0.018182373046875002,0.010770263671875,338.3333333333333,0.08333333333333333,0.4818170166015625
Stationary harm,Cumulative,Repeated discovery,930000,10,0.6,3,True,True,0.48182301839192715,0.0,0.0,0.018176981608072917,0.010764872233072917,338.375,0.020833333333333332,0.481832275390625
Stationary harm,Cumulative,Repeated discovery,930000,11,0.6,3,True,True,0.48181508382161464,0.0,0.0,0.018184916178385416,0.010772806803385417,338.3333333333333,0.10416666666666667,0.4818170166015625
Stationary harm,Cumulative,Repeated discovery,930000,12,0.6,3,True,True,0.48181905110677087,0.0,0.0,0.01818094889322917,0.010768839518229168,338.3541666666667,0.0625,0.481832275390625
Stationary harm,Cumulative,Repeated discovery,930000,13,0.6,3,True,True,0.48181905110677087,0.0,0.0,0.01818094889322917,0.010768839518229168,338.3541666666667,0.0625,0.4818170166015625
Stationary harm,Cumulative,Repeated discovery,930000,14,0.6,3,True,True,0.4818204752604167,0.0,0.0,0.01817952473958333,0.010767415364583333,338.375,0.041666666666666664,0.481832275390625
Stationary harm,Cumulative,Repeated discovery,930000,15,0.6,3,True,True,0.48182413736979174,0.0,0.0,0.018175862630208334,0.010763753255208335,338.3541666666667,0.020833333333333332,0.481832275390625
Stationary harm,Cumulative,Repeated discovery,930000,16,0.6,3,True,True,0.4818263753255208,0.0,0.0,0.018173624674479166,0.010761515299479168,338.3125,0.020833333333333332,0.481832275390625
Stationary harm,Cumulative,Repeated discovery,930000,17,0.6,3,True,True,0.4818400065104167,0.0,0.0,0.018159993489583335,0.010774739583333333,337.9166666666667,0.08333333333333333,0.4818170166015625
Stationary harm,Cumulative,Repeated discovery,930000,18,0.6,3,True,True,0.4818215942382813,0.0,0.0,0.018178405761718752,0.01076629638671875,338.3541666666667,0.041666666666666664,0.481832275390625
Stationary harm,Cumulative,Repeated discovery,930000,19,0.6,3,True,True,0.48182413736979174,0.0,0.0,0.018175862630208334,0.010763753255208335,338.3541666666667,0.020833333333333332,0.481832275390625
Stationary harm,Cumulative,Repeated discovery,930000,20,0.6,3,True,True,0.48182017008463546,0.0,0.0,0.018179829915364584,0.010767720540364583,338.3333333333333,0.0625,0.4818170166015625
Stationary harm,Cumulative,Repeated discovery,930000,21,0.6,3,True,True,0.48184254964192713,0.0,0.0,0.018157450358072917,0.010772196451822917,337.9166666666667,0.0625,0.4818170166015625
Stationary harm,Cumulative,Repeated discovery,930000,22,0.6,3,True,True,0.48181905110677087,0.0,0.0,0.01818094889322917,0.010768839518229168,338.3541666666667,0.0625,0.4818170166015625
Stationary harm,Cumulative,Repeated discovery,930000,23,0.6,3,True,True,0.48181508382161464,0.0,0.0,0.018184916178385416,0.010772806803385417,338.3333333333333,0.10416666666666667,0.481832275390625
Stationary harm,Cumulative,Repeated discovery,930000,24,0.6,3,True,True,0.4818179321289063,0.0,0.0,0.01818206787109375,0.01076995849609375,338.375,0.0625,0.481832275390625
Stationary harm,Cumulative,Repeated discovery,930000,25,0.6,3,True,True,0.48184875488281254,0.0,0.0,0.0181512451171875,0.010765991210937501,337.8958333333333,0.020833333333333332,0.481832275390625
Stationary harm,Cumulative,Repeated discovery,930000,26,0.6,3,True,True,0.4818204752604167,0.0,0.0,0.01817952473958333,0.010767415364583333,338.375,0.041666666666666664,0.4818170166015625
Stationary harm,Cumulative,Repeated discovery,930000,27,0.6,3,True,True,0.4818204752604167,0.0,0.0,0.01817952473958333,0.010767415364583333,338.375,0.041666666666666664,0.481832275390625
Stationary harm,Cumulative,Repeated discovery,930000,28,0.6,3,True,True,0.4818227132161459,0.0,0.0,0.018177286783854166,0.010765177408854167,338.3333333333333,0.041666666666666664,0.481832275390625
Stationary harm,Cumulative,Repeated discovery,930000,29,0.6,3,True,True,0.4818168131510417,0.0,0.0,0.018183186848958335,0.010771077473958335,338.3958333333333,0.0625,0.481832275390625
Stationary harm,Cumulative,Repeated discovery,930000,30,0.6,3,True,True,0.48182017008463546,0.0,0.0,0.018179829915364584,0.010767720540364583,338.3333333333333,0.0625,0.481832275390625
Stationary harm,Cumulative,Repeated discovery,930000,31,0.6,3,True,True,0.4793227132161458,0.0,0.0025000000000000005,0.018177286783854166,0.010765177408854167,338.3333333333333,0.041666666666666664,0.481832275390625
Stationary harm,Cumulative,Repeated discovery,930000,32,0.6,3,True,True,0.4818263753255208,0.0,0.0,0.018173624674479166,0.010761515299479168,338.3125,0.020833333333333332,0.481832275390625
Stationary harm,Cumulative,Repeated discovery,930000,33,0.6,3,True,True,0.48184875488281254,0.0,0.0,0.0181512451171875,0.010765991210937501,337.8958333333333,0.020833333333333332,0.481832275390625
Stationary harm,Cumulative,Repeated discovery,930000,34,0.6,3,True,True,0.4818252563476563,0.0,0.0,0.018174743652343752,0.01076263427734375,338.3333333333333,0.020833333333333332,0.481832275390625
Stationary harm,Cumulative,Repeated discovery,930000,35,0.6,3,True,True,0.48182301839192715,0.0,0.0,0.018176981608072917,0.010764872233072917,338.375,0.020833333333333332,0.481832275390625
Stationary harm,Cumulative,Repeated discovery,930000,36,0.6,3,True,True,0.4818238321940104,0.0,0.0,0.018176167805989584,0.010764058430989584,338.3125,0.041666666666666664,0.481832275390625
Stationary harm,Cumulative,Repeated discovery,930000,37,0.6,3,True,True,0.4818193562825521,0.0,0.0,0.018180643717447917,0.010768534342447919,338.3958333333333,0.041666666666666664,0.4818170166015625
Stationary harm,Cumulative,Repeated discovery,930000,38,0.6,3,True,True,0.48184875488281254,0.0,0.0,0.0181512451171875,0.010765991210937501,337.8958333333333,0.020833333333333332,0.481832275390625
Stationary harm,Cumulative,Repeated discovery,930000,39,0.6,3,True,True,0.4818179321289063,0.0,0.0,0.01818206787109375,0.01076995849609375,338.375,0.0625,0.481832275390625
Stationary harm,Cumulative,Repeated discovery,930000,40,0.6,3,True,True,0.4818215942382813,0.0,0.0,0.018178405761718752,0.01076629638671875,338.3541666666667,0.041666666666666664,0.481832275390625
Stationary harm,Cumulative,Repeated discovery,930000,41,0.6,3,True,True,0.48181905110677087,0.0,0.0,0.01818094889322917,0.010768839518229168,338.3541666666667,0.0625,0.481832275390625
Stationary harm,Cumulative,Repeated discovery,930000,42,0.6,3,True,True,0.4818215942382813,0.0,0.0,0.018178405761718752,0.01076629638671875,338.3541666666667,0.041666666666666664,0.4818170166015625
Stationary harm,Cumulative,Repeated discovery,930000,43,0.6,3,True,True,0.4818179321289063,0.0,0.0,0.01818206787109375,0.01076995849609375,338.375,0.0625,0.4818170166015625
Stationary harm,Cumulative,Repeated discovery,930000,44,0.6,3,True,True,0.4818263753255208,0.0,0.0,0.018173624674479166,0.010761515299479168,338.3125,0.020833333333333332,0.481832275390625
Stationary harm,Cumulative,Repeated discovery,930000,45,0.6,3,True,True,0.48182413736979174,0.0,0.0,0.018175862630208334,0.010763753255208335,338.3541666666667,0.020833333333333332,0.481832275390625
Stationary harm,Cumulative,Repeated discovery,930000,46,0.6,3,True,True,0.48181508382161464,0.0,0.0,0.018184916178385416,0.010772806803385417,338.3333333333333,0.10416666666666667,0.4818170166015625
Stationary harm,Cumulative,Repeated discovery,930000,47,0.6,3,True,True,0.48182301839192715,0.0,0.0,0.018176981608072917,0.010764872233072917,338.375,0.020833333333333332,0.481832275390625
Stationary harm,Cumulative,Repeated discovery,930000,48,0.6,3,True,True,0.48182301839192715,0.0,0.0,0.018176981608072917,0.010764872233072917,338.375,0.020833333333333332,0.481832275390625
Stationary harm,Cumulative,Repeated discovery,930000,49,0.6,3,True,True,0.4818462117513021,0.0,0.0,0.018153788248697917,0.010768534342447919,337.8958333333333,0.041666666666666664,0.481832275390625
Stationary harm,Cumulative,Repeated discovery,930000,50,0.6,3,True,True,0.4818193562825521,0.0,0.0,0.018180643717447917,0.010768534342447919,338.3958333333333,0.041666666666666664,0.481832275390625
Stationary harm,Cumulative,Repeated discovery,930000,51,0.6,3,True,True,0.48182413736979174,0.0,0.0,0.018175862630208334,0.010763753255208335,338.3541666666667,0.020833333333333332,0.481832275390625
Stationary harm,Cumulative,Repeated discovery,930000,52,0.6,3,True,True,0.4818274943033854,0.0,0.0,0.01817250569661458,0.010760396321614582,338.2916666666667,0.020833333333333332,0.481832275390625
Stationary harm,Cumulative,Repeated discovery,930000,53,0.6,3,True,True,0.4818238321940104,0.0,0.0,0.018176167805989584,0.010764058430989584,338.3125,0.041666666666666664,0.481832275390625
Stationary harm,Cumulative,Repeated discovery,930000,54,0.6,3,True,True,0.4818450927734375,0.0,0.0,0.0181549072265625,0.010768534342447919,337.9166666666667,0.041666666666666664,0.481832275390625
Stationary harm,Cumulative,Repeated discovery,930000,55,0.6,3,True,True,0.48182413736979174,0.0,0.0,0.018175862630208334,0.010763753255208335,338.3541666666667,0.020833333333333332,0.481832275390625
Stationary harm,Cumulative,Repeated discovery,930000,56,0.6,3,True,True,0.4818193562825521,0.0,0.0,0.018180643717447917,0.010768534342447919,338.3958333333333,0.041666666666666664,0.481832275390625
Stationary harm,Cumulative,Repeated discovery,930000,57,0.6,3,True,True,0.48182017008463546,0.0,0.0,0.018179829915364584,0.010767720540364583,338.3333333333333,0.0625,0.4818170166015625
Stationary harm,Cumulative,Repeated discovery,930000,58,0.6,3,True,True,0.48182301839192715,0.0,0.0,0.018176981608072917,0.010764872233072917,338.375,0.020833333333333332,0.481832275390625
Stationary harm,Cumulative,Repeated discovery,930000,59,0.6,3,True,True,0.4818196614583334,0.0,0.0,0.01818033854166667,0.010768229166666666,338.4375,0.020833333333333332,0.481832275390625
Stationary harm,Cumulative,Repeated discovery,930000,60,0.6,3,True,True,0.4818176269531251,0.0,0.0,0.018182373046875002,0.010770263671875,338.3333333333333,0.08333333333333333,0.481832275390625
Stationary harm,Cumulative,Repeated discovery,930000,61,0.6,3,True,True,0.4818274943033854,0.0,0.0,0.01817250569661458,0.010760396321614582,338.2916666666667,0.020833333333333332,0.481832275390625
Stationary harm,Cumulative,Repeated discovery,930000,62,0.6,3,True,True,0.48182413736979174,0.0,0.0,0.018175862630208334,0.010763753255208335,338.3541666666667,0.020833333333333332,0.481832275390625
Stationary harm,Cumulative,Repeated discovery,930000,63,0.6,3,True,True,0.4818204752604167,0.0,0.0,0.01817952473958333,0.010767415364583333,338.375,0.041666666666666664,0.481832275390625
Stationary harm,Cumulative,Repeated discovery,930000,64,0.6,3,True,True,0.4818252563476563,0.0,0.0,0.018174743652343752,0.01076263427734375,338.3333333333333,0.020833333333333332,0.481832275390625
Stationary harm,Cumulative,Repeated discovery,930000,65,0.6,3,True,True,0.4818227132161459,0.0,0.0,0.018177286783854166,0.010765177408854167,338.3333333333333,0.041666666666666664,0.481832275390625
Stationary harm,Cumulative,Repeated discovery,930000,66,0.6,3,True,True,0.4818215942382813,0.0,0.0,0.018178405761718752,0.01076629638671875,338.3541666666667,0.041666666666666664,0.481832275390625
Stationary harm,Cumulative,Repeated discovery,930000,67,0.6,3,True,True,0.4818204752604167,0.0,0.0,0.01817952473958333,0.010767415364583333,338.375,0.041666666666666664,0.4818170166015625
Stationary harm,Cumulative,Repeated discovery,930000,68,0.6,3,True,True,0.48182413736979174,0.0,0.0,0.018175862630208334,0.010763753255208335,338.3541666666667,0.020833333333333332,0.481832275390625
Stationary harm,Cumulative,Repeated discovery,930000,69,0.6,3,True,True,0.4818215942382813,0.0,0.0,0.018178405761718752,0.01076629638671875,338.3541666666667,0.041666666666666664,0.4818170166015625
Stationary harm,Cumulative,Repeated discovery,930000,70,0.6,3,True,True,0.4818212890625,0.0,0.0,0.0181787109375,0.0107666015625,338.3125,0.0625,0.481832275390625
Stationary harm,Cumulative,Repeated discovery,930000,71,0.6,3,True,True,0.4818193562825521,0.0,0.0,0.018180643717447917,0.010768534342447919,338.3958333333333,0.041666666666666664,0.4818170166015625
Stationary harm,Cumulative,Repeated discovery,930000,72,0.6,3,True,True,0.4818106079101563,0.0,0.0,0.018189392089843753,0.010777282714843751,338.4166666666667,0.10416666666666667,0.4818170166015625
Stationary harm,Cumulative,Repeated discovery,930000,73,0.6,3,True,True,0.46932525634765626,0.0,0.012500000000000002,0.018174743652343752,0.01076263427734375,338.3333333333333,0.020833333333333332,0.4818170166015625
Stationary harm,Cumulative,Repeated discovery,930000,74,0.6,3,True,True,0.48182301839192715,0.0,0.0,0.018176981608072917,0.010764872233072917,338.375,0.020833333333333332,0.481832275390625
Stationary harm,Cumulative,Repeated discovery,930000,75,0.6,3,True,True,0.4818227132161459,0.0,0.0,0.018177286783854166,0.010765177408854167,338.3333333333333,0.041666666666666664,0.481832275390625
Stationary harm,Cumulative,Repeated discovery,930000,76,0.6,3,True,True,0.48182017008463546,0.0,0.0,0.018179829915364584,0.010767720540364583,338.3333333333333,0.0625,0.481832275390625
Stationary harm,Cumulative,Repeated discovery,930000,77,0.6,3,True,True,0.47931569417317704,0.0,0.0025000000000000005,0.018184305826822917,0.010772196451822917,338.4166666666667,0.0625,0.481832275390625
Stationary harm,Cumulative,Repeated discovery,930000,78,0.6,3,True,True,0.48182189941406256,0.0,0.0,0.0181781005859375,0.010765991210937501,338.3958333333333,0.020833333333333332,0.481832275390625
Stationary harm,Cumulative,Repeated discovery,930000,79,0.6,3,True,True,0.4818193562825521,0.0,0.0,0.018180643717447917,0.010768534342447919,338.3958333333333,0.041666666666666664,0.481832275390625
Stationary harm,Cumulative,Repeated discovery,930000,80,0.6,3,True,True,0.4818215942382813,0.0,0.0,0.018178405761718752,0.01076629638671875,338.3541666666667,0.041666666666666664,0.481832275390625
Stationary harm,Cumulative,Repeated discovery,930000,81,0.6,3,True,True,0.4793450927734375,0.0,0.0025000000000000005,0.0181549072265625,0.010769653320312501,337.9166666666667,0.041666666666666664,0.481832275390625
Stationary harm,Cumulative,Repeated discovery,930000,82,0.6,3,True,True,0.4818238321940104,0.0,0.0,0.018176167805989584,0.010764058430989584,338.3125,0.041666666666666664,0.481832275390625
Stationary harm,Cumulative,Repeated discovery,930000,83,0.6,3,True,True,0.4793241373697916,0.0,0.0025000000000000005,0.018175862630208334,0.010763753255208335,338.3541666666667,0.020833333333333332,0.481832275390625
Stationary harm,Cumulative,Repeated discovery,930000,84,0.6,3,True,True,0.4768241373697917,0.0,0.005000000000000001,0.018175862630208334,0.010763753255208335,338.3541666666667,0.020833333333333332,0.481832275390625
Stationary harm,Cumulative,Repeated discovery,930000,85,0.6,3,True,True,0.4818215942382813,0.0,0.0,0.018178405761718752,0.01076629638671875,338.3541666666667,0.041666666666666664,0.481832275390625
Stationary harm,Cumulative,Repeated discovery,930000,86,0.6,3,True,True,0.4818212890625,0.0,0.0,0.0181787109375,0.0107666015625,338.3125,0.0625,0.4818170166015625
Stationary harm,Cumulative,Repeated discovery,930000,87,0.6,3,True,True,0.4818274943033854,0.0,0.0,0.01817250569661458,0.010760396321614582,338.2916666666667,0.020833333333333332,0.481832275390625
Stationary harm,Cumulative,Repeated discovery,930000,88,0.6,3,True,True,0.48182017008463546,0.0,0.0,0.018179829915364584,0.010767720540364583,338.3333333333333,0.0625,0.481832275390625
Stationary harm,Cumulative,Repeated discovery,930000,89,0.6,3,True,True,0.4818165079752605,0.0,0.0,0.018183492024739584,0.010771382649739585,338.3541666666667,0.08333333333333333,0.481832275390625
Stationary harm,Cumulative,Repeated discovery,930000,90,0.6,3,True,True,0.4818165079752605,0.0,0.0,0.018183492024739584,0.010771382649739585,338.3541666666667,0.08333333333333333,0.4818170166015625
Stationary harm,Cumulative,Repeated discovery,930000,91,0.6,3,True,True,0.4818215942382813,0.0,0.0,0.018178405761718752,0.01076629638671875,338.3541666666667,0.041666666666666664,0.481832275390625
Stationary harm,Cumulative,Repeated discovery,930000,92,0.6,3,True,True,0.4818193562825521,0.0,0.0,0.018180643717447917,0.010768534342447919,338.3958333333333,0.041666666666666664,0.481832275390625
Stationary harm,Cumulative,Repeated discovery,930000,93,0.6,3,True,True,0.4818204752604167,0.0,0.0,0.01817952473958333,0.010767415364583333,338.375,0.041666666666666664,0.481832275390625
Stationary harm,Cumulative,Repeated discovery,930000,94,0.6,3,True,True,0.4818263753255208,0.0,0.0,0.018173624674479166,0.010761515299479168,338.3125,0.020833333333333332,0.481832275390625
Stationary harm,Cumulative,Repeated discovery,930000,95,0.6,3,True,True,0.4818227132161459,0.0,0.0,0.018177286783854166,0.010765177408854167,338.3333333333333,0.041666666666666664,0.4818170166015625
Stationary harm,Cumulative,Discover once,930000,0,0.6,6,True,True,0.4818062337239583,0.0,0.0,0.018193766276041665,0.0017850748697916666,338.6875,0.020833333333333332,0.4817919921875
Stationary harm,Cumulative,Discover once,930000,1,0.6,6,True,True,0.47416971842447914,0.0,0.007500000000000002,0.018330281575520833,0.0017873128255208332,341.2291666666667,0.020833333333333332,0.481630859375
Stationary harm,Cumulative,Discover once,930000,2,0.6,6,True,True,0.4818076578776041,0.0,0.0,0.01819234212239583,0.0017836507161458333,338.7083333333333,0.0,0.4817919921875
Stationary harm,Cumulative,Discover once,930000,3,0.6,6,True,True,0.4816753133138021,0.0,0.0,0.018324686686197914,0.0017817179361979167,341.125,0.020833333333333332,0.481630859375
Stationary harm,Cumulative,Discover once,930000,4,0.6,6,True,True,0.48167083740234373,0.0,0.0,0.01832916259765625,0.00178619384765625,341.2083333333333,0.020833333333333332,0.481630859375
Stationary harm,Cumulative,Discover once,930000,5,0.6,6,True,True,0.48180175781249995,0.0,0.0,0.0181982421875,0.0017895507812499998,338.7708333333333,0.020833333333333332,0.4817919921875
Stationary harm,Cumulative,Discover once,930000,6,0.6,6,True,True,0.48180399576822913,0.0,0.0,0.01819600423177083,0.0017873128255208332,338.7291666666667,0.020833333333333332,0.4817919921875
Stationary harm,Cumulative,Discover once,930000,7,0.6,6,True,True,0.48166971842447914,0.0,0.0,0.018330281575520833,0.0017873128255208332,341.2291666666667,0.020833333333333332,0.481630859375
Stationary harm,Cumulative,Discover once,930000,8,0.6,6,True,True,0.48180175781249995,0.0,0.0,0.0181982421875,0.0017895507812499998,338.7708333333333,0.020833333333333332,0.4817919921875
Stationary harm,Cumulative,Discover once,930000,9,0.6,6,True,True,0.48167083740234373,0.0,0.0,0.01832916259765625,0.00178619384765625,341.2083333333333,0.020833333333333332,0.481630859375
Stationary harm,Cumulative,Discover once,930000,10,0.6,6,True,True,0.48180430094401033,0.0,0.0,0.018195699055989584,0.0017870076497395833,338.7708333333333,0.0,0.4817919921875
Stationary harm,Cumulative,Discover once,930000,11,0.6,6,True,True,0.4818051147460937,0.0,0.0,0.018194885253906248,0.00178619384765625,338.7083333333333,0.020833333333333332,0.4817919921875
Stationary harm,Cumulative,Discover once,930000,12,0.6,6,True,True,0.46930765787760415,0.0,0.012500000000000002,0.01819234212239583,0.0017836507161458333,338.7083333333333,0.0,0.4817919921875
Stationary harm,Cumulative,Discover once,930000,13,0.6,6,True,True,0.4818051147460937,0.0,0.0,0.018194885253906248,0.00178619384765625,338.7083333333333,0.020833333333333332,0.4817919921875
Stationary harm,Cumulative,Discover once,930000,14,0.6,6,True,True,0.48180287679036454,0.0,0.0,0.018197123209635416,0.0017884318033854166,338.75,0.020833333333333332,0.4817919921875
Stationary harm,Cumulative,Discover once,930000,15,0.6,6,True,True,0.48180399576822913,0.0,0.0,0.01819600423177083,0.0017873128255208332,338.7291666666667,0.020833333333333332,0.4817919921875
Stationary harm,Cumulative,Discover once,930000,16,0.6,6,True,True,0.4816730753580729,0.0,0.0,0.018326924641927086,0.0017839558919270835,341.1666666666667,0.020833333333333332,0.481630859375
Stationary harm,Cumulative,Discover once,930000,17,0.6,6,True,True,0.48180399576822913,0.0,0.0,0.01819600423177083,0.0017873128255208332,338.7291666666667,0.020833333333333332,0.4817919921875
Stationary harm,Cumulative,Discover once,930000,18,0.6,6,True,True,0.4816730753580729,0.0,0.0,0.018326924641927086,0.0017839558919270835,341.1666666666667,0.020833333333333332,0.481630859375
Stationary harm,Cumulative,Discover once,930000,19,0.6,6,True,True,0.4818087768554687,0.0,0.0,0.01819122314453125,0.00178253173828125,338.6875,0.0,0.4817919921875
Stationary harm,Cumulative,Discover once,930000,20,0.6,6,True,True,0.4818076578776041,0.0,0.0,0.01819234212239583,0.0017836507161458333,338.7083333333333,0.0,0.4817919921875
Stationary harm,Cumulative,Discover once,930000,21,0.6,6,True,True,0.48166859944661455,0.0,0.0,0.01833140055338542,0.0017884318033854166,341.25,0.020833333333333332,0.481630859375
Stationary harm,Cumulative,Discover once,930000,22,0.6,6,True,True,0.48166971842447914,0.0,0.0,0.018330281575520833,0.0017873128255208332,341.2291666666667,0.020833333333333332,0.481630859375
Stationary harm,Cumulative,Discover once,930000,23,0.6,6,True,True,0.48166859944661455,0.0,0.0,0.01833140055338542,0.0017884318033854166,341.25,0.020833333333333332,0.481630859375
Stationary harm,Cumulative,Discover once,930000,24,0.6,6,True,True,0.4818076578776041,0.0,0.0,0.01819234212239583,0.0017836507161458333,338.7083333333333,0.0,0.4817919921875
Stationary harm,Cumulative,Discover once,930000,25,0.6,6,True,True,0.48180175781249995,0.0,0.0,0.0181982421875,0.0017895507812499998,338.7708333333333,0.020833333333333332,0.4817919921875
Stationary harm,Cumulative,Discover once,930000,26,0.6,6,True,True,0.48180063883463536,0.0,0.0,0.01819936116536458,0.0017906697591145834,338.7916666666667,0.020833333333333332,0.4817919921875
Stationary harm,Cumulative,Discover once,930000,27,0.6,6,True,True,0.4818051147460937,0.0,0.0,0.018194885253906248,0.00178619384765625,338.7083333333333,0.020833333333333332,0.4817919921875
Stationary harm,Cumulative,Discover once,930000,28,0.6,6,True,True,0.47930623372395836,0.0,0.0025000000000000005,0.018193766276041665,0.0017850748697916666,338.6875,0.020833333333333332,0.4817919921875
Stationary harm,Cumulative,Discover once,930000,29,0.6,6,True,True,0.48180430094401033,0.0,0.0,0.018195699055989584,0.0017870076497395833,338.7708333333333,0.0,0.4817919921875
Stationary harm,Cumulative,Discover once,930000,30,0.6,6,True,True,0.4818087768554687,0.0,0.0,0.01819122314453125,0.00178253173828125,338.6875,0.0,0.4817919921875
Stationary harm,Cumulative,Discover once,930000,31,0.6,6,True,True,0.4818084716796875,0.0,0.0,0.018191528320312497,0.0017828369140624998,338.6458333333333,0.020833333333333332,0.4817919921875
Stationary harm,Cumulative,Discover once,930000,32,0.6,6,True,True,0.4791719563802084,0.0,0.0025000000000000005,0.018328043619791665,0.0017850748697916666,341.1875,0.020833333333333332,0.481630859375
Stationary harm,Cumulative,Discover once,930000,33,0.6,6,True,True,0.48180399576822913,0.0,0.0,0.01819600423177083,0.0017873128255208332,338.7291666666667,0.020833333333333332,0.4817919921875
Stationary harm,Cumulative,Discover once,930000,34,0.6,6,True,True,0.48166859944661455,0.0,0.0,0.01833140055338542,0.0017884318033854166,341.25,0.020833333333333332,0.481630859375
Stationary harm,Cumulative,Discover once,930000,35,0.6,6,True,True,0.4818062337239583,0.0,0.0,0.018193766276041665,0.0017850748697916666,338.6875,0.020833333333333332,0.4817919921875
Stationary harm,Cumulative,Discover once,930000,36,0.6,6,True,True,0.4816719563802083,0.0,0.0,0.018328043619791665,0.0017850748697916666,341.1875,0.020833333333333332,0.481630859375
Stationary harm,Cumulative,Discover once,930000,37,0.6,6,True,True,0.48180063883463536,0.0,0.0,0.01819936116536458,0.0017906697591145834,338.7916666666667,0.020833333333333332,0.4817919921875
Stationary harm,Cumulative,Discover once,930000,38,0.6,6,True,True,0.48166859944661455,0.0,0.0,0.01833140055338542,0.0017884318033854166,341.25,0.020833333333333332,0.481630859375
Stationary harm,Cumulative,Discover once,930000,39,0.6,6,True,True,0.48180399576822913,0.0,0.0,0.01819600423177083,0.0017873128255208332,338.7291666666667,0.020833333333333332,0.4817919921875
Stationary harm,Cumulative,Discover once,930000,40,0.6,6,True,True,0.48180287679036454,0.0,0.0,0.018197123209635416,0.0017884318033854166,338.75,0.020833333333333332,0.4817919921875
Stationary harm,Cumulative,Discover once,930000,41,0.6,6,True,True,0.4818065388997395,0.0,0.0,0.018193461100260416,0.0017847696940104165,338.7291666666667,0.0,0.4817919921875
Stationary harm,Cumulative,Discover once,930000,42,0.6,6,True,True,0.48180399576822913,0.0,0.0,0.01819600423177083,0.0017873128255208332,338.7291666666667,0.020833333333333332,0.4817919921875
Stationary harm,Cumulative,Discover once,930000,43,0.6,6,True,True,0.4818084716796875,0.0,0.0,0.018191528320312497,0.0017828369140624998,338.6458333333333,0.020833333333333332,0.4817919921875
Stationary harm,Cumulative,Discover once,930000,44,0.6,6,True,True,0.4818073527018229,0.0,0.0,0.018192647298177083,0.0017839558919270835,338.6666666666667,0.020833333333333332,0.4817919921875
Stationary harm,Cumulative,Discover once,930000,45,0.6,6,True,True,0.4818076578776041,0.0,0.0,0.01819234212239583,0.0017836507161458333,338.7083333333333,0.0,0.4817919921875
Stationary harm,Cumulative,Discover once,930000,46,0.6,6,True,True,0.47930623372395836,0.0,0.0025000000000000005,0.018193766276041665,0.0017850748697916666,338.6875,0.020833333333333332,0.4817919921875
Stationary harm,Cumulative,Discover once,930000,47,0.6,6,True,True,0.48167083740234373,0.0,0.0,0.01832916259765625,0.00178619384765625,341.2083333333333,0.020833333333333332,0.481630859375
Stationary harm,Cumulative,Discover once,930000,48,0.6,6,True,True,0.4818054199218749,0.0,0.0,0.018194580078124998,0.001785888671875,338.75,0.0,0.4817919921875
Stationary harm,Cumulative,Discover once,930000,49,0.6,6,True,True,0.48166971842447914,0.0,0.0,0.018330281575520833,0.0017873128255208332,341.2291666666667,0.020833333333333332,0.481630859375
Stationary harm,Cumulative,Discover once,930000,50,0.6,6,True,True,0.4818054199218749,0.0,0.0,0.018194580078124998,0.001785888671875,338.75,0.0,0.4817919921875
Stationary harm,Cumulative,Discover once,930000,51,0.6,6,True,True,0.4818076578776041,0.0,0.0,0.01819234212239583,0.0017836507161458333,338.7083333333333,0.0,0.4817919921875
Stationary harm,Cumulative,Discover once,930000,52,0.6,6,True,True,0.4818095906575521,0.0,0.0,0.01819040934244792,0.0017817179361979167,338.625,0.020833333333333332,0.4817919921875
Stationary harm,Cumulative,Discover once,930000,53,0.6,6,True,True,0.4818095906575521,0.0,0.0,0.01819040934244792,0.0017817179361979167,338.625,0.020833333333333332,0.4817919921875
Stationary harm,Cumulative,Discover once,930000,54,0.6,6,True,True,0.4818051147460937,0.0,0.0,0.018194885253906248,0.00178619384765625,338.7083333333333,0.020833333333333332,0.4817919921875
Stationary harm,Cumulative,Discover once,930000,55,0.6,6,True,True,0.48166971842447914,0.0,0.0,0.018330281575520833,0.0017873128255208332,341.2291666666667,0.020833333333333332,0.481630859375
Stationary harm,Cumulative,Discover once,930000,56,0.6,6,True,True,0.48180175781249995,0.0,0.0,0.0181982421875,0.0017895507812499998,338.7708333333333,0.020833333333333332,0.4817919921875
Stationary harm,Cumulative,Discover once,930000,57,0.6,6,True,True,0.4816719563802083,0.0,0.0,0.018328043619791665,0.0017850748697916666,341.1875,0.020833333333333332,0.481630859375
Stationary harm,Cumulative,Discover once,930000,58,0.6,6,True,True,0.48180287679036454,0.0,0.0,0.018197123209635416,0.0017884318033854166,338.75,0.020833333333333332,0.4817919921875
Stationary harm,Cumulative,Discover once,930000,59,0.6,6,True,True,0.47929951985677083,0.0,0.0025000000000000005,0.018200480143229166,0.0017917887369791668,338.8125,0.020833333333333332,0.4817919921875
Stationary harm,Cumulative,Discover once,930000,60,0.6,6,True,True,0.48166971842447914,0.0,0.0,0.018330281575520833,0.0017873128255208332,341.2291666666667,0.020833333333333332,0.481630859375
Stationary harm,Cumulative,Discover once,930000,61,0.6,6,True,True,0.4818073527018229,0.0,0.0,0.018192647298177083,0.0017839558919270835,338.6666666666667,0.020833333333333332,0.4817919921875
Stationary harm,Cumulative,Discover once,930000,62,0.6,6,True,True,0.4818051147460937,0.0,0.0,0.018194885253906248,0.00178619384765625,338.7083333333333,0.020833333333333332,0.4817919921875
Stationary harm,Cumulative,Discover once,930000,63,0.6,6,True,True,0.4816730753580729,0.0,0.0,0.018326924641927086,0.0017839558919270835,341.1666666666667,0.020833333333333332,0.481630859375
Stationary harm,Cumulative,Discover once,930000,64,0.6,6,True,True,0.4816719563802083,0.0,0.0,0.018328043619791665,0.0017850748697916666,341.1875,0.020833333333333332,0.481630859375
Stationary harm,Cumulative,Discover once,930000,65,0.6,6,True,True,0.48167083740234373,0.0,0.0,0.01832916259765625,0.00178619384765625,341.2083333333333,0.020833333333333332,0.481630859375
Stationary harm,Cumulative,Discover once,930000,66,0.6,6,True,True,0.4816719563802083,0.0,0.0,0.018328043619791665,0.0017850748697916666,341.1875,0.020833333333333332,0.481630859375
Stationary harm,Cumulative,Discover once,930000,67,0.6,6,True,True,0.48167083740234373,0.0,0.0,0.01832916259765625,0.00178619384765625,341.2083333333333,0.020833333333333332,0.481630859375
Stationary harm,Cumulative,Discover once,930000,68,0.6,6,True,True,0.48180399576822913,0.0,0.0,0.01819600423177083,0.0017873128255208332,338.7291666666667,0.020833333333333332,0.4817919921875
Stationary harm,Cumulative,Discover once,930000,69,0.6,6,True,True,0.4818051147460937,0.0,0.0,0.018194885253906248,0.00178619384765625,338.7083333333333,0.020833333333333332,0.4817919921875
Stationary harm,Cumulative,Discover once,930000,70,0.6,6,True,True,0.4818073527018229,0.0,0.0,0.018192647298177083,0.0017839558919270835,338.6666666666667,0.020833333333333332,0.4817919921875
Stationary harm,Cumulative,Discover once,930000,71,0.6,6,True,True,0.48166859944661455,0.0,0.0,0.01833140055338542,0.0017884318033854166,341.25,0.020833333333333332,0.481630859375
Stationary harm,Cumulative,Discover once,930000,72,0.6,6,True,True,0.4816663614908854,0.0,0.0,0.018333638509114583,0.0017906697591145834,341.2916666666667,0.020833333333333332,0.481630859375
Stationary harm,Cumulative,Discover once,930000,73,0.6,6,True,True,0.4816741943359375,0.0,0.0,0.0183258056640625,0.0017828369140624998,341.1458333333333,0.020833333333333332,0.481630859375
Stationary harm,Cumulative,Discover once,930000,74,0.6,6,True,True,0.48167083740234373,0.0,0.0,0.01832916259765625,0.00178619384765625,341.2083333333333,0.020833333333333332,0.481630859375
Stationary harm,Cumulative,Discover once,930000,75,0.6,6,True,True,0.4741730753580729,0.0,0.007500000000000002,0.018326924641927086,0.0017839558919270835,341.1666666666667,0.020833333333333332,0.481630859375
Stationary harm,Cumulative,Discover once,930000,76,0.6,6,True,True,0.4816730753580729,0.0,0.0,0.018326924641927086,0.0017839558919270835,341.1666666666667,0.020833333333333332,0.481630859375
Stationary harm,Cumulative,Discover once,930000,77,0.6,6,True,True,0.48180287679036454,0.0,0.0,0.018197123209635416,0.0017884318033854166,338.75,0.020833333333333332,0.4817919921875
Stationary harm,Cumulative,Discover once,930000,78,0.6,6,True,True,0.48179951985677083,0.0,0.0,0.018200480143229166,0.0017917887369791668,338.8125,0.020833333333333332,0.4817919921875
Stationary harm,Cumulative,Discover once,930000,79,0.6,6,True,True,0.48166971842447914,0.0,0.0,0.018330281575520833,0.0017873128255208332,341.2291666666667,0.020833333333333332,0.481630859375
Stationary harm,Cumulative,Discover once,930000,80,0.6,6,True,True,0.48180399576822913,0.0,0.0,0.01819600423177083,0.0017873128255208332,338.7291666666667,0.020833333333333332,0.4817919921875
Stationary harm,Cumulative,Discover once,930000,81,0.6,6,True,True,0.45430063883463534,0.0,0.027500000000000007,0.01819936116536458,0.0017906697591145834,338.7916666666667,0.020833333333333332,0.4817919921875
Stationary harm,Cumulative,Discover once,930000,82,0.6,6,True,True,0.4818073527018229,0.0,0.0,0.018192647298177083,0.0017839558919270835,338.6666666666667,0.020833333333333332,0.4817919921875
Stationary harm,Cumulative,Discover once,930000,83,0.6,6,True,True,0.4816719563802083,0.0,0.0,0.018328043619791665,0.0017850748697916666,341.1875,0.020833333333333332,0.481630859375
Stationary harm,Cumulative,Discover once,930000,84,0.6,6,True,True,0.48180399576822913,0.0,0.0,0.01819600423177083,0.0017873128255208332,338.7291666666667,0.020833333333333332,0.4817919921875
Stationary harm,Cumulative,Discover once,930000,85,0.6,6,True,True,0.4818073527018229,0.0,0.0,0.018192647298177083,0.0017839558919270835,338.6666666666667,0.020833333333333332,0.4817919921875
Stationary harm,Cumulative,Discover once,930000,86,0.6,6,True,True,0.4816764322916667,0.0,0.0,0.018323567708333335,0.0017805989583333333,341.1041666666667,0.020833333333333332,0.481630859375
Stationary harm,Cumulative,Discover once,930000,87,0.6,6,True,True,0.4818095906575521,0.0,0.0,0.01819040934244792,0.0017817179361979167,338.625,0.020833333333333332,0.4817919921875
Stationary harm,Cumulative,Discover once,930000,88,0.6,6,True,True,0.48180399576822913,0.0,0.0,0.01819600423177083,0.0017873128255208332,338.7291666666667,0.020833333333333332,0.4817919921875
Stationary harm,Cumulative,Discover once,930000,89,0.6,6,True,True,0.4818087768554687,0.0,0.0,0.01819122314453125,0.00178253173828125,338.6875,0.0,0.4817919921875
Stationary harm,Cumulative,Discover once,930000,90,0.6,6,True,True,0.48166748046874996,0.0,0.0,0.018332519531249997,0.0017895507812499998,341.2708333333333,0.020833333333333332,0.481630859375
Stationary harm,Cumulative,Discover once,930000,91,0.6,6,True,True,0.4816719563802083,0.0,0.0,0.018328043619791665,0.0017850748697916666,341.1875,0.020833333333333332,0.481630859375
Stationary harm,Cumulative,Discover once,930000,92,0.6,6,True,True,0.48166859944661455,0.0,0.0,0.01833140055338542,0.0017884318033854166,341.25,0.020833333333333332,0.481630859375
Stationary harm,Cumulative,Discover once,930000,93,0.6,6,True,True,0.4816663614908854,0.0,0.0,0.018333638509114583,0.0017906697591145834,341.2916666666667,0.020833333333333332,0.481630859375
Stationary harm,Cumulative,Discover once,930000,94,0.6,6,True,True,0.4818073527018229,0.0,0.0,0.018192647298177083,0.0017839558919270835,338.6666666666667,0.020833333333333332,0.4817919921875
Stationary harm,Cumulative,Discover once,930000,95,0.6,6,True,True,0.4766708374023438,0.0,0.005000000000000001,0.01832916259765625,0.00178619384765625,341.2083333333333,0.020833333333333332,0.481630859375
Stationary harm,Cumulative,Repeated discovery,930000,0,0.6,6,True,True,0.48177429199218746,0.0,0.0,0.0182257080078125,0.0106524658203125,339.1875,0.0625,0.48161560058593744
Stationary harm,Cumulative,Repeated discovery,930000,1,0.6,6,True,True,0.47416971842447914,0.0,0.007500000000000002,0.018330281575520836,0.010649617513020834,341.2291666666667,0.020833333333333332,0.48163085937499994
Stationary harm,Cumulative,Repeated discovery,930000,2,0.6,6,True,True,0.4818076578776041,0.0,0.0,0.018192342122395833,0.010645955403645832,338.7083333333333,0.0,0.4817919921875
Stationary harm,Cumulative,Repeated discovery,930000,3,0.6,6,True,True,0.4816753133138021,0.0,0.0,0.018324686686197918,0.010644022623697916,341.125,0.020833333333333332,0.48163085937499994
Stationary harm,Cumulative,Repeated discovery,930000,4,0.6,6,True,True,0.48167083740234373,0.0,0.0,0.01832916259765625,0.01064849853515625,341.2083333333333,0.020833333333333332,0.48163085937499994
Stationary harm,Cumulative,Repeated discovery,930000,5,0.6,6,True,True,0.48174296061197913,0.0,0.0,0.018257039388020837,0.010656941731770833,339.7708333333333,0.0625,0.4817919921875
Stationary harm,Cumulative,Repeated discovery,930000,6,0.6,6,True,True,0.4818028767903646,0.0,0.0,0.01819712320963542,0.010649617513020834,338.75,0.020833333333333332,0.4817852783203125
Stationary harm,Cumulative,Repeated discovery,930000,7,0.6,6,True,True,0.48166971842447914,0.0,0.0,0.018330281575520836,0.010649617513020834,341.2291666666667,0.020833333333333332,0.48163085937499994
Stationary harm,Cumulative,Repeated discovery,930000,8,0.6,6,True,True,0.48166493733723953,0.0,0.0,0.01833506266276042,0.010654398600260415,341.2708333333333,0.041666666666666664,0.48163085937499994
Stationary harm,Cumulative,Repeated discovery,930000,9,0.6,6,True,True,0.4817488606770833,0.0,0.0,0.01825113932291667,0.010651041666666666,339.7083333333333,0.041666666666666664,0.4817919921875
Stationary harm,Cumulative,Repeated discovery,930000,10,0.6,6,True,True,0.4817992146809895,0.0,0.0,0.018200785319010416,0.010654398600260415,338.7708333333333,0.041666666666666664,0.4817919921875
Stationary harm,Cumulative,Repeated discovery,930000,11,0.6,6,True,True,0.4817731730143229,0.0,0.0,0.01822682698567708,0.010653584798177082,339.2083333333333,0.0625,0.4817919921875
Stationary harm,Cumulative,Repeated discovery,930000,12,0.6,6,True,True,0.4743051147460937,0.0,0.007500000000000002,0.01819488525390625,0.01064849853515625,338.7083333333333,0.020833333333333332,0.4817919921875
Stationary harm,Cumulative,Repeated discovery,930000,13,0.6,6,True,True,0.48171946207682287,0.0,0.0,0.018280537923177086,0.010653584798177082,340.2083333333333,0.0625,0.4817919921875
Stationary harm,Cumulative,Repeated discovery,930000,14,0.6,6,True,True,0.4817709350585937,0.0,0.0,0.01822906494140625,0.01065582275390625,339.25,0.0625,0.4817919921875
Stationary harm,Cumulative,Repeated discovery,930000,15,0.6,6,True,True,0.48180399576822913,0.0,0.0,0.018196004231770837,0.010649617513020834,338.7291666666667,0.020833333333333332,0.4817919921875
Stationary harm,Cumulative,Repeated discovery,930000,16,0.6,6,True,True,0.4816730753580729,0.0,0.0,0.018326924641927086,0.010646260579427086,341.1666666666667,0.020833333333333332,0.48163085937499994
Stationary harm,Cumulative,Repeated discovery,930000,17,0.6,6,True,True,0.4816914876302083,0.0,0.0,0.018308512369791672,0.010654703776041668,340.7291666666667,0.0625,0.4817767333984375
Stationary harm,Cumulative,Repeated discovery,930000,18,0.6,6,True,True,0.48180480957031246,0.0,0.0,0.0181951904296875,0.010648803710937502,338.6666666666667,0.041666666666666664,0.4817919921875
Stationary harm,Cumulative,Repeated discovery,930000,19,0.6,6,True,True,0.4818062337239583,0.0,0.0,0.018193766276041665,0.010647379557291668,338.6875,0.020833333333333332,0.4817767333984375
Stationary harm,Cumulative,Repeated discovery,930000,20,0.6,6,True,True,0.4818025716145833,0.0,0.0,0.01819742838541667,0.010651041666666666,338.7083333333333,0.041666666666666664,0.4817767333984375
Stationary harm,Cumulative,Repeated discovery,930000,21,0.6,6,True,True,0.4818003336588541,0.0,0.0,0.018199666341145834,0.010653279622395833,338.75,0.041666666666666664,0.4817919921875
Stationary harm,Cumulative,Repeated discovery,930000,22,0.6,6,True,True,0.4818014526367187,0.0,0.0,0.01819854736328125,0.01065216064453125,338.7291666666667,0.041666666666666664,0.4817919921875
Stationary harm,Cumulative,Repeated discovery,930000,23,0.6,6,True,True,0.48166859944661455,0.0,0.0,0.01833140055338542,0.010650736490885417,341.25,0.020833333333333332,0.48163085937499994
Stationary harm,Cumulative,Repeated discovery,930000,24,0.6,6,True,True,0.4818051147460937,0.0,0.0,0.01819488525390625,0.01064849853515625,338.7083333333333,0.020833333333333332,0.4817919921875
Stationary harm,Cumulative,Repeated discovery,930000,25,0.6,6,True,True,0.48180175781249995,0.0,0.0,0.0181982421875,0.010651855468749999,338.7708333333333,0.020833333333333332,0.4817919921875
Stationary harm,Cumulative,Repeated discovery,930000,26,0.6,6,True,True,0.48179809570312493,0.0,0.0,0.018201904296875,0.010655517578125,338.7916666666667,0.041666666666666664,0.4817919921875
Stationary harm,Cumulative,Repeated discovery,930000,27,0.6,6,True,True,0.4818051147460937,0.0,0.0,0.01819488525390625,0.01064849853515625,338.7083333333333,0.020833333333333332,0.4817919921875
Stationary harm,Cumulative,Repeated discovery,930000,28,0.6,6,True,True,0.47927683512369795,0.0,0.0025000000000000005,0.018223164876302083,0.010649922688802084,339.1875,0.041666666666666664,0.48161560058593744
Stationary harm,Cumulative,Repeated discovery,930000,29,0.6,6,True,True,0.48177235921223954,0.0,0.0,0.01822764078776042,0.010654398600260415,339.2708333333333,0.041666666666666664,0.4817767333984375
Stationary harm,Cumulative,Repeated discovery,930000,30,0.6,6,True,True,0.4818062337239583,0.0,0.0,0.018193766276041665,0.010647379557291668,338.6875,0.020833333333333332,0.4817919921875
Stationary harm,Cumulative,Repeated discovery,930000,31,0.6,6,True,True,0.4816985066731771,0.0,0.0,0.018301493326822914,0.010647684733072918,340.6458333333333,0.041666666666666664,0.48163085937499994
Stationary harm,Cumulative,Repeated discovery,930000,32,0.6,6,True,True,0.47930369059244793,0.0,0.0025000000000000005,0.018196309407552083,0.010649922688802084,338.6875,0.041666666666666664,0.4817919921875
Stationary harm,Cumulative,Repeated discovery,930000,33,0.6,6,True,True,0.48169403076171874,0.0,0.0,0.01830596923828125,0.01065216064453125,340.7291666666667,0.041666666666666664,0.48163085937499994
Stationary harm,Cumulative,Repeated discovery,930000,34,0.6,6,True,True,0.48166859944661455,0.0,0.0,0.01833140055338542,0.010650736490885417,341.25,0.020833333333333332,0.48163085937499994
Stationary harm,Cumulative,Repeated discovery,930000,35,0.6,6,True,True,0.4818062337239583,0.0,0.0,0.018193766276041665,0.010647379557291668,338.6875,0.020833333333333332,0.4817919921875
Stationary harm,Cumulative,Repeated discovery,930000,36,0.6,6,True,True,0.48174997965494787,0.0,0.0,0.018250020345052086,0.010649922688802084,339.6875,0.041666666666666664,0.4817919921875
Stationary harm,Cumulative,Repeated discovery,930000,37,0.6,6,True,True,0.4817686971028645,0.0,0.0,0.018231302897135416,0.010658060709635417,339.2916666666667,0.0625,0.4817767333984375
Stationary harm,Cumulative,Repeated discovery,930000,38,0.6,6,True,True,0.48176839192708326,0.0,0.0,0.018231608072916666,0.010658365885416667,339.25,0.08333333333333333,0.4817919921875
Stationary harm,Cumulative,Repeated discovery,930000,39,0.6,6,True,True,0.4816671752929687,0.0,0.0,0.018332824707031254,0.01065216064453125,341.2291666666667,0.041666666666666664,0.48163085937499994
Stationary harm,Cumulative,Repeated discovery,930000,40,0.6,6,True,True,0.4818003336588541,0.0,0.0,0.018199666341145834,0.010653279622395833,338.75,0.041666666666666664,0.4817919921875
Stationary harm,Cumulative,Repeated discovery,930000,41,0.6,6,True,True,0.48180399576822913,0.0,0.0,0.018196004231770837,0.010649617513020834,338.7291666666667,0.020833333333333332,0.4817919921875
Stationary harm,Cumulative,Repeated discovery,930000,42,0.6,6,True,True,0.48179890950520826,0.0,0.0,0.01820109049479167,0.010654703776041668,338.7291666666667,0.0625,0.4817919921875
Stationary harm,Cumulative,Repeated discovery,930000,43,0.6,6,True,True,0.48180592854817705,0.0,0.0,0.01819407145182292,0.010647684733072918,338.6458333333333,0.041666666666666664,0.4817919921875
Stationary harm,Cumulative,Repeated discovery,930000,44,0.6,6,True,True,0.4818073527018229,0.0,0.0,0.018192647298177083,0.010646260579427086,338.6666666666667,0.020833333333333332,0.4817919921875
Stationary harm,Cumulative,Repeated discovery,930000,45,0.6,6,True,True,0.4818025716145833,0.0,0.0,0.01819742838541667,0.010651041666666666,338.7083333333333,0.041666666666666664,0.4817767333984375
Stationary harm,Cumulative,Repeated discovery,930000,46,0.6,6,True,True,0.47924235026041667,0.0,0.0025000000000000005,0.018257649739583333,0.010657552083333334,339.6875,0.10416666666666667,0.48161560058593744
Stationary harm,Cumulative,Repeated discovery,930000,47,0.6,6,True,True,0.48169514973958333,0.0,0.0,0.01830485026041667,0.010651041666666666,340.7083333333333,0.041666666666666664,0.4817767333984375
Stationary harm,Cumulative,Repeated discovery,930000,48,0.6,6,True,True,0.4818054199218749,0.0,0.0,0.018194580078125,0.010648193359375,338.75,0.0,0.4817919921875
Stationary harm,Cumulative,Repeated discovery,930000,49,0.6,6,True,True,0.4816914876302083,0.0,0.0,0.018308512369791665,0.010654703776041668,340.7291666666667,0.0625,0.48163085937499994
Stationary harm,Cumulative,Repeated discovery,930000,50,0.6,6,True,True,0.4817415364583333,0.0,0.0,0.01825846354166667,0.010658365885416667,339.75,0.08333333333333333,0.4817767333984375
Stationary harm,Cumulative,Repeated discovery,930000,51,0.6,6,True,True,0.4818076578776041,0.0,0.0,0.018192342122395833,0.010645955403645832,338.7083333333333,0.0,0.4817919921875
Stationary harm,Cumulative,Repeated discovery,930000,52,0.6,6,True,True,0.48175333658854164,0.0,0.0,0.018246663411458332,0.010646565755208332,339.625,0.041666666666666664,0.48163085937499994
Stationary harm,Cumulative,Repeated discovery,930000,53,0.6,6,True,True,0.4817751057942708,0.0,0.0,0.018224894205729168,0.010651652018229166,339.125,0.08333333333333333,0.4817919921875
Stationary harm,Cumulative,Repeated discovery,930000,54,0.6,6,True,True,0.4818051147460937,0.0,0.0,0.01819488525390625,0.01064849853515625,338.7083333333333,0.020833333333333332,0.4817919921875
Stationary harm,Cumulative,Repeated discovery,930000,55,0.6,6,True,True,0.4818014526367187,0.0,0.0,0.01819854736328125,0.01065216064453125,338.7291666666667,0.041666666666666664,0.4817919921875
Stationary harm,Cumulative,Repeated discovery,930000,56,0.6,6,True,True,0.48180175781249995,0.0,0.0,0.0181982421875,0.010651855468749999,338.7708333333333,0.020833333333333332,0.4817919921875
Stationary harm,Cumulative,Repeated discovery,930000,57,0.6,6,True,True,0.4816962687174479,0.0,0.0,0.018303731282552086,0.010649922688802084,340.6875,0.041666666666666664,0.4817767333984375
Stationary harm,Cumulative,Repeated discovery,930000,58,0.6,6,True,True,0.48180287679036454,0.0,0.0,0.01819712320963542,0.010650736490885417,338.75,0.020833333333333332,0.4817919921875
Stationary harm,Cumulative,Repeated discovery,930000,59,0.6,6,True,True,0.4792432657877604,0.0,0.0025000000000000005,0.018256734212239584,0.010656636555989585,339.8125,0.041666666666666664,0.48163085937499994
Stationary harm,Cumulative,Repeated discovery,930000,60,0.6,6,True,True,0.4817477416992187,0.0,0.0,0.01825225830078125,0.01065216064453125,339.7291666666667,0.041666666666666664,0.4817919921875
Stationary harm,Cumulative,Repeated discovery,930000,61,0.6,6,True,True,0.48169484456380207,0.0,0.0,0.018305155436197918,0.010651346842447918,340.6666666666667,0.0625,0.48163085937499994
Stationary harm,Cumulative,Repeated discovery,930000,62,0.6,6,True,True,0.4818051147460937,0.0,0.0,0.01819488525390625,0.01064849853515625,338.7083333333333,0.020833333333333332,0.4817919921875
Stationary harm,Cumulative,Repeated discovery,930000,63,0.6,6,True,True,0.48171915690104167,0.0,0.0,0.018280843098958333,0.010653889973958336,340.1666666666667,0.08333333333333333,0.4817767333984375
Stationary harm,Cumulative,Repeated discovery,930000,64,0.6,6,True,True,0.4817768351236979,0.0,0.0,0.018223164876302083,0.010649922688802084,339.1875,0.041666666666666664,0.4817919921875
Stationary harm,Cumulative,Repeated discovery,930000,65,0.6,6,True,True,0.4817488606770833,0.0,0.0,0.01825113932291667,0.010651041666666666,339.7083333333333,0.041666666666666664,0.4817919921875
Stationary harm,Cumulative,Repeated discovery,930000,66,0.6,6,True,True,0.4818036905924479,0.0,0.0,0.018196309407552083,0.010649922688802084,338.6875,0.041666666666666664,0.4817919921875
Stationary harm,Cumulative,Repeated discovery,930000,67,0.6,6,True,True,0.4817757161458333,0.0,0.0,0.018224283854166665,0.010651041666666666,339.2083333333333,0.041666666666666664,0.4817919921875
Stationary harm,Cumulative,Repeated discovery,930000,68,0.6,6,True,True,0.4817963663736979,0.0,0.0,0.018203633626302087,0.010657246907552084,338.7291666666667,0.08333333333333333,0.4817919921875
Stationary harm,Cumulative,Repeated discovery,930000,69,0.6,6,True,True,0.4817731730143229,0.0,0.0,0.01822682698567708,0.010653584798177082,339.2083333333333,0.0625,0.4817919921875
Stationary harm,Cumulative,Repeated discovery,930000,70,0.6,6,True,True,0.4818073527018229,0.0,0.0,0.018192647298177083,0.010646260579427086,338.6666666666667,0.020833333333333332,0.4817919921875
Stationary harm,Cumulative,Repeated discovery,930000,71,0.6,6,True,True,0.4817146809895833,0.0,0.0,0.01828531901041667,0.010658365885416667,340.25,0.08333333333333333,0.4817767333984375
Stationary harm,Cumulative,Repeated discovery,930000,72,0.6,6,True,True,0.4817686971028645,0.0,0.0,0.018231302897135416,0.010658060709635417,339.2916666666667,0.0625,0.4817919921875
Stationary harm,Cumulative,Repeated discovery,930000,73,0.6,6,True,True,0.4818033854166666,0.0,0.0,0.018196614583333336,0.010650227864583334,338.6458333333333,0.0625,0.4817919921875
Stationary harm,Cumulative,Repeated discovery,930000,74,0.6,6,True,True,0.48167083740234373,0.0,0.0,0.01832916259765625,0.01064849853515625,341.2083333333333,0.020833333333333332,0.48163085937499994
Stationary harm,Cumulative,Repeated discovery,930000,75,0.6,6,True,True,0.47430480957031246,0.0,0.007500000000000002,0.0181951904296875,0.010648803710937502,338.6666666666667,0.041666666666666664,0.4817919921875
Stationary harm,Cumulative,Repeated discovery,930000,76,0.6,6,True,True,0.48175109863281246,0.0,0.0,0.0182489013671875,0.010648803710937502,339.6666666666667,0.041666666666666664,0.4817919921875
Stationary harm,Cumulative,Repeated discovery,930000,77,0.6,6,True,True,0.4816660563151041,0.0,0.0,0.018333943684895836,0.010653279622395833,341.25,0.041666666666666664,0.48163085937499994
Stationary harm,Cumulative,Repeated discovery,930000,78,0.6,6,True,True,0.48166269938151035,0.0,0.0,0.018337300618489583,0.010656636555989585,341.3125,0.041666666666666664,0.48163085937499994
Stationary harm,Cumulative,Repeated discovery,930000,79,0.6,6,True,True,0.48166971842447914,0.0,0.0,0.018330281575520836,0.010649617513020834,341.2291666666667,0.020833333333333332,0.48163085937499994
Stationary harm,Cumulative,Repeated discovery,930000,80,0.6,6,True,True,0.48180399576822913,0.0,0.0,0.018196004231770837,0.010649617513020834,338.7291666666667,0.020833333333333332,0.4817919921875
Stationary harm,Cumulative,Repeated discovery,930000,81,0.6,6,True,True,0.46171752929687493,0.0,0.020000000000000004,0.018282470703125,0.010655517578125,340.2916666666667,0.041666666666666664,0.48163085937499994
Stationary harm,Cumulative,Repeated discovery,930000,82,0.6,6,True,True,0.4817779541015625,0.0,0.0,0.0182220458984375,0.010648803710937502,339.1666666666667,0.041666666666666664,0.48161560058593744
Stationary harm,Cumulative,Repeated discovery,930000,83,0.6,6,True,True,0.4816719563802083,0.0,0.0,0.018328043619791668,0.010647379557291668,341.1875,0.020833333333333332,0.48163085937499994
Stationary harm,Cumulative,Repeated discovery,930000,84,0.6,6,True,True,0.4816671752929687,0.0,0.0,0.018332824707031254,0.01065216064453125,341.2291666666667,0.041666666666666664,0.48163085937499994
Stationary harm,Cumulative,Repeated discovery,930000,85,0.6,6,True,True,0.4818073527018229,0.0,0.0,0.018192647298177083,0.010646260579427086,338.6666666666667,0.020833333333333332,0.4817919921875
Stationary harm,Cumulative,Repeated discovery,930000,86,0.6,6,True,True,0.4817787679036458,0.0,0.0,0.018221232096354168,0.010647989908854167,339.1041666666667,0.0625,0.4817767333984375
Stationary harm,Cumulative,Repeated discovery,930000,87,0.6,6,True,True,0.4818095906575521,0.0,0.0,0.01819040934244792,0.010644022623697916,338.625,0.020833333333333332,0.4817919921875
Stationary harm,Cumulative,Repeated discovery,930000,88,0.6,6,True,True,0.48180399576822913,0.0,0.0,0.018196004231770837,0.010649617513020834,338.7291666666667,0.020833333333333332,0.4817919921875
Stationary harm,Cumulative,Repeated discovery,930000,89,0.6,6,True,True,0.4817768351236979,0.0,0.0,0.018223164876302083,0.010649922688802084,339.1875,0.041666666666666664,0.4817919921875
Stationary harm,Cumulative,Repeated discovery,930000,90,0.6,6,True,True,0.48174296061197913,0.0,0.0,0.018257039388020833,0.010656941731770833,339.7708333333333,0.0625,0.48163085937499994
Stationary harm,Cumulative,Repeated discovery,930000,91,0.6,6,True,True,0.4817474365234375,0.0,0.0,0.0182525634765625,0.0106524658203125,339.6875,0.0625,0.48161560058593744
Stationary harm,Cumulative,Repeated discovery,930000,92,0.6,6,True,True,0.4817440795898437,0.0,0.0,0.01825592041015625,0.01065582275390625,339.75,0.0625,0.4817919921875
Stationary harm,Cumulative,Repeated discovery,930000,93,0.6,6,True,True,0.4816663614908854,0.0,0.0,0.018333638509114587,0.010652974446614583,341.2916666666667,0.020833333333333332,0.48163085937499994
Stationary harm,Cumulative,Repeated discovery,930000,94,0.6,6,True,True,0.4818073527018229,0.0,0.0,0.018192647298177083,0.010646260579427086,338.6666666666667,0.020833333333333332,0.4817919921875
Stationary harm,Cumulative,Repeated discovery,930000,95,0.6,6,True,True,0.4791708374023438,0.0,0.0025000000000000005,0.01832916259765625,0.01064849853515625,341.2083333333333,0.020833333333333332,0.48163085937499994
Stationary harm,Cumulative,Biased,930000,0,0.2,1,True,True,0.4742919921875,0.0,0.007500000000000002,0.0182080078125,0.0,339.0,0.0,0.4817919921875
Stationary harm,Cumulative,Biased,930000,1,0.2,1,True,True,0.4042919921874999,0.0,0.07750000000000001,0.0182080078125,0.0,339.0,0.0,0.3617919921874999
Stationary harm,Cumulative,Biased,930000,2,0.2,1,True,True,0.4817919921875,0.0,0.0,0.0182080078125,0.0,339.0,0.0,0.4817919921875
Stationary harm,Cumulative,Biased,930000,3,0.2,1,True,True,0.47679199218749996,0.0,0.005000000000000001,0.0182080078125,0.0,339.0,0.0,0.4817919921875
Stationary harm,Cumulative,Biased,930000,4,0.2,1,True,True,0.4792919921875,0.0,0.0025000000000000005,0.0182080078125,0.0,339.0,0.0,0.4817919921875
Stationary harm,Cumulative,Biased,930000,5,0.2,1,True,True,0.47491699218750005,0.020833333333333332,0.006875000000000002,0.0182080078125,0.0,339.0,0.0,0.4817919921875
Stationary harm,Cumulative,Biased,930000,6,0.2,1,True,True,0.4655419921875,0.041666666666666664,0.016250000000000004,0.0182080078125,0.0,339.0,0.0,0.4817919921875
Stationary harm,Cumulative,Biased,930000,7,0.2,1,True,True,0.44741699218750003,0.020833333333333332,0.03437500000000001,0.0182080078125,0.0,339.0,0.0,0.4817919921875
Stationary harm,Cumulative,Biased,930000,8,0.2,1,True,True,0.4817919921875,0.0,0.0,0.0182080078125,0.0,339.0,0.0,0.4817919921875
Stationary harm,Cumulative,Biased,930000,9,0.2,1,True,True,0.4699169921875,0.020833333333333332,0.011875000000000002,0.0182080078125,0.0,339.0,0.0,0.4817919921875
Stationary harm,Cumulative,Biased,930000,10,0.2,1,True,True,0.41929199218749996,0.0,0.06250000000000001,0.0182080078125,0.0,339.0,0.0,0.3767919921874999
Stationary harm,Cumulative,Biased,930000,11,0.2,1,True,True,0.4817919921875,0.0,0.0,0.0182080078125,0.0,339.0,0.0,0.4817919921875
Stationary harm,Cumulative,Biased,930000,12,0.2,1,True,True,0.4742919921875,0.0,0.007500000000000002,0.0182080078125,0.0,339.0,0.0,0.4817919921875
Stationary harm,Cumulative,Biased,930000,13,0.2,1,True,True,0.4817919921875,0.0,0.0,0.0182080078125,0.0,339.0,0.0,0.4817919921875
Stationary harm,Cumulative,Biased,930000,14,0.2,1,True,True,0.4699169921875,0.020833333333333332,0.011875000000000002,0.0182080078125,0.0,339.0,0.0,0.4817919921875
Stationary harm,Cumulative,Biased,930000,15,0.2,1,True,True,0.4817919921875,0.0,0.0,0.0182080078125,0.0,339.0,0.0,0.4817919921875
Stationary harm,Cumulative,Biased,930000,16,0.2,1,True,True,0.47679199218749996,0.0,0.005000000000000001,0.0182080078125,0.0,339.0,0.0,0.4817919921875
Stationary harm,Cumulative,Biased,930000,17,0.2,1,True,True,0.4542919921875,0.0,0.027500000000000007,0.0182080078125,0.0,339.0,0.0,0.4817919921875
Stationary harm,Cumulative,Biased,930000,18,0.2,1,True,True,0.46679199218750006,0.0,0.015000000000000005,0.0182080078125,0.0,339.0,0.0,0.4817919921875
Stationary harm,Cumulative,Biased,930000,19,0.2,1,True,True,0.4817919921875,0.0,0.0,0.0182080078125,0.0,339.0,0.0,0.4817919921875
Stationary harm,Cumulative,Biased,930000,20,0.2,1,True,True,0.4742919921875,0.0,0.007500000000000002,0.0182080078125,0.0,339.0,0.0,0.4817919921875
Stationary harm,Cumulative,Biased,930000,21,0.2,1,True,True,0.47241699218750005,0.020833333333333332,0.009375000000000001,0.0182080078125,0.0,339.0,0.0,0.4817919921875
Stationary harm,Cumulative,Biased,930000,22,0.2,1,True,True,0.4817919921875,0.0,0.0,0.0182080078125,0.0,339.0,0.0,0.4817919921875
Stationary harm,Cumulative,Biased,930000,23,0.2,1,True,True,0.4717919921875,0.0,0.010000000000000002,0.0182080078125,0.0,339.0,0.0,0.4817919921875
Stationary harm,Cumulative,Biased,930000,24,0.2,1,True,True,0.47491699218750005,0.020833333333333332,0.006875000000000002,0.0182080078125,0.0,339.0,0.0,0.4817919921875
Stationary harm,Cumulative,Biased,930000,25,0.2,1,True,True,0.4817919921875,0.0,0.0,0.0182080078125,0.0,339.0,0.0,0.4817919921875
Stationary harm,Cumulative,Biased,930000,26,0.2,1,True,True,0.4817919921875,0.0,0.0,0.0182080078125,0.0,339.0,0.0,0.4817919921875
Stationary harm,Cumulative,Biased,930000,27,0.2,1,True,True,0.46679199218750006,0.0,0.015000000000000005,0.0182080078125,0.0,339.0,0.0,0.4817919921875
Stationary harm,Cumulative,Biased,930000,28,0.2,1,True,True,0.4817919921875,0.0,0.0,0.0182080078125,0.0,339.0,0.0,0.4817919921875
Stationary harm,Cumulative,Biased,930000,29,0.2,1,True,True,0.4817919921875,0.0,0.0,0.0182080078125,0.0,339.0,0.0,0.4817919921875
Stationary harm,Cumulative,Biased,930000,30,0.2,1,True,True,0.46679199218750006,0.0,0.015000000000000005,0.0182080078125,0.0,339.0,0.0,0.4817919921875
Stationary harm,Cumulative,Biased,930000,31,0.2,1,True,True,0.4717919921875,0.0,0.010000000000000002,0.0182080078125,0.0,339.0,0.0,0.4817919921875
Stationary harm,Cumulative,Biased,930000,32,0.2,1,True,True,0.4817919921875,0.0,0.0,0.0182080078125,0.0,339.0,0.0,0.4817919921875
Stationary harm,Cumulative,Biased,930000,33,0.2,1,True,True,0.46116699218749996,0.0625,0.020625000000000004,0.0182080078125,0.0,339.0,0.0,0.4817919921875
Stationary harm,Cumulative,Biased,930000,34,0.2,1,True,True,0.47491699218750005,0.020833333333333332,0.006875000000000002,0.0182080078125,0.0,339.0,0.0,0.4817919921875
Stationary harm,Cumulative,Biased,930000,35,0.2,1,True,True,0.47679199218749996,0.0,0.005000000000000001,0.0182080078125,0.0,339.0,0.0,0.4817919921875
Stationary harm,Cumulative,Biased,930000,36,0.2,1,True,True,0.4586669921875,0.0625,0.023125000000000007,0.0182080078125,0.0,339.0,0.0,0.4817919921875
Stationary harm,Cumulative,Biased,930000,37,0.2,1,True,True,0.4792919921875,0.0,0.0025000000000000005,0.0182080078125,0.0,339.0,0.0,0.4817919921875
Stationary harm,Cumulative,Biased,930000,38,0.2,1,True,True,0.4817919921875,0.0,0.0,0.0182080078125,0.0,339.0,0.0,0.4817919921875
Stationary harm,Cumulative,Biased,930000,39,0.2,1,True,True,0.4817919921875,0.0,0.0,0.0182080078125,0.0,339.0,0.0,0.4817919921875
Stationary harm,Cumulative,Biased,930000,40,0.2,1,True,True,0.4692919921875,0.0,0.012500000000000002,0.0182080078125,0.0,339.0,0.0,0.4817919921875
Stationary harm,Cumulative,Biased,930000,41,0.2,1,True,True,0.47491699218750005,0.020833333333333332,0.006875000000000002,0.0182080078125,0.0,339.0,0.0,0.4817919921875
Stationary harm,Cumulative,Biased,930000,42,0.2,1,True,True,0.45679199218749994,0.0,0.025000000000000005,0.0182080078125,0.0,339.0,0.0,0.4817919921875
Stationary harm,Cumulative,Biased,930000,43,0.2,1,True,True,0.46054199218749997,0.041666666666666664,0.021250000000000005,0.0182080078125,0.0,339.0,0.0,0.4817919921875
Stationary harm,Cumulative,Biased,930000,44,0.2,1,True,True,0.4792919921875,0.0,0.0025000000000000005,0.0182080078125,0.0,339.0,0.0,0.4817919921875
Stationary harm,Cumulative,Biased,930000,45,0.2,1,True,True,0.47491699218750005,0.020833333333333332,0.006875000000000002,0.0182080078125,0.0,339.0,0.0,0.4817919921875
Stationary harm,Cumulative,Biased,930000,46,0.2,1,True,True,0.44741699218750003,0.020833333333333332,0.03437500000000001,0.0182080078125,0.0,339.0,0.0,0.4817919921875
Stationary harm,Cumulative,Biased,930000,47,0.2,1,True,True,0.47491699218750005,0.020833333333333332,0.006875000000000002,0.0182080078125,0.0,339.0,0.0,0.4817919921875
Stationary harm,Cumulative,Biased,930000,48,0.2,1,True,True,0.4817919921875,0.0,0.0,0.0182080078125,0.0,339.0,0.0,0.4817919921875
Stationary harm,Cumulative,Biased,930000,49,0.2,1,True,True,0.4792919921875,0.0,0.0025000000000000005,0.0182080078125,0.0,339.0,0.0,0.4817919921875
Stationary harm,Cumulative,Biased,930000,50,0.2,1,True,True,0.47679199218749996,0.0,0.005000000000000001,0.0182080078125,0.0,339.0,0.0,0.4817919921875
Stationary harm,Cumulative,Biased,930000,51,0.2,1,True,True,0.4817919921875,0.0,0.0,0.0182080078125,0.0,339.0,0.0,0.4817919921875
Stationary harm,Cumulative,Biased,930000,52,0.2,1,True,True,0.4792919921875,0.0,0.0025000000000000005,0.0182080078125,0.0,339.0,0.0,0.4817919921875
Stationary harm,Cumulative,Biased,930000,53,0.2,1,True,True,0.4817919921875,0.0,0.0,0.0182080078125,0.0,339.0,0.0,0.4817919921875
Stationary harm,Cumulative,Biased,930000,54,0.2,1,True,True,0.4617919921875,0.0,0.020000000000000004,0.0182080078125,0.0,339.0,0.0,0.4817919921875
Stationary harm,Cumulative,Biased,930000,55,0.2,1,True,True,0.4817919921875,0.0,0.0,0.0182080078125,0.0,339.0,0.0,0.4817919921875
Stationary harm,Cumulative,Biased,930000,56,0.2,1,True,True,0.4792919921875,0.0,0.0025000000000000005,0.0182080078125,0.0,339.0,0.0,0.4817919921875
Stationary harm,Cumulative,Biased,930000,57,0.2,1,True,True,0.43991699218749997,0.020833333333333332,0.041875000000000016,0.0182080078125,0.0,339.0,0.0,0.4817919921875
Stationary harm,Cumulative,Biased,930000,58,0.2,1,True,True,0.47491699218750005,0.020833333333333332,0.006875000000000002,0.0182080078125,0.0,339.0,0.0,0.4817919921875
Stationary harm,Cumulative,Biased,930000,59,0.2,1,True,True,0.4817919921875,0.0,0.0,0.0182080078125,0.0,339.0,0.0,0.4817919921875
Stationary harm,Cumulative,Biased,930000,60,0.2,1,True,True,0.4817919921875,0.0,0.0,0.0182080078125,0.0,339.0,0.0,0.4817919921875
Stationary harm,Cumulative,Biased,930000,61,0.2,1,True,True,0.4361669921875,0.0625,0.045625000000000006,0.0182080078125,0.0,339.0,0.0,0.4817919921875
Stationary harm,Cumulative,Biased,930000,62,0.2,1,True,True,0.4642919921875,0.0,0.017500000000000005,0.0182080078125,0.0,339.0,0.0,0.4817919921875
Stationary harm,Cumulative,Biased,930000,63,0.2,1,True,True,0.4817919921875,0.0,0.0,0.0182080078125,0.0,339.0,0.0,0.4817919921875
Stationary harm,Cumulative,Biased,930000,64,0.2,1,True,True,0.4642919921875,0.0,0.017500000000000005,0.0182080078125,0.0,339.0,0.0,0.4817919921875
Stationary harm,Cumulative,Biased,930000,65,0.2,1,True,True,0.47491699218750005,0.020833333333333332,0.006875000000000002,0.0182080078125,0.0,339.0,0.0,0.4817919921875
Stationary harm,Cumulative,Biased,930000,66,0.2,1,True,True,0.4699169921875,0.020833333333333332,0.011875000000000002,0.0182080078125,0.0,339.0,0.0,0.4817919921875
Stationary harm,Cumulative,Biased,930000,67,0.2,1,True,True,0.4817919921875,0.0,0.0,0.0182080078125,0.0,339.0,0.0,0.4817919921875
Stationary harm,Cumulative,Biased,930000,68,0.2,1,True,True,0.4642919921875,0.0,0.017500000000000005,0.0182080078125,0.0,339.0,0.0,0.4817919921875
Stationary harm,Cumulative,Biased,930000,69,0.2,1,True,True,0.45179199218750005,0.08333333333333333,0.03000000000000001,0.0182080078125,0.0,339.0,0.0,0.4817919921875
Stationary harm,Cumulative,Biased,930000,70,0.2,1,True,True,0.45929199218750005,0.0,0.022500000000000006,0.0182080078125,0.0,339.0,0.0,0.4817919921875
Stationary harm,Cumulative,Biased,930000,71,0.2,1,True,True,0.4742919921875,0.0,0.007500000000000002,0.0182080078125,0.0,339.0,0.0,0.4817919921875
Stationary harm,Cumulative,Biased,930000,72,0.2,1,True,True,0.46679199218750006,0.0,0.015000000000000005,0.0182080078125,0.0,339.0,0.0,0.4817919921875
Stationary harm,Cumulative,Biased,930000,73,0.2,1,True,True,0.4817919921875,0.0,0.0,0.0182080078125,0.0,339.0,0.0,0.4817919921875
Stationary harm,Cumulative,Biased,930000,74,0.2,1,True,True,0.47679199218749996,0.0,0.005000000000000001,0.0182080078125,0.0,339.0,0.0,0.4817919921875
Stationary harm,Cumulative,Biased,930000,75,0.2,1,True,True,0.4817919921875,0.0,0.0,0.0182080078125,0.0,339.0,0.0,0.4817919921875
Stationary harm,Cumulative,Biased,930000,76,0.2,1,True,True,0.42179199218749996,0.0,0.06000000000000002,0.0182080078125,0.0,339.0,0.0,0.4817919921875
Stationary harm,Cumulative,Biased,930000,77,0.2,1,True,True,0.47491699218750005,0.020833333333333332,0.006875000000000002,0.0182080078125,0.0,339.0,0.0,0.4817919921875
Stationary harm,Cumulative,Biased,930000,78,0.2,1,True,True,0.45679199218750005,0.0,0.025000000000000005,0.0182080078125,0.0,339.0,0.0,0.4817919921875
Stationary harm,Cumulative,Biased,930000,79,0.2,1,True,True,0.4817919921875,0.0,0.0,0.0182080078125,0.0,339.0,0.0,0.4817919921875
Stationary harm,Cumulative,Biased,930000,80,0.2,1,True,True,0.4692919921875,0.0,0.012500000000000002,0.0182080078125,0.0,339.0,0.0,0.4817919921875
Stationary harm,Cumulative,Biased,930000,81,0.2,1,True,True,0.4742919921875,0.0,0.007500000000000002,0.0182080078125,0.0,339.0,0.0,0.4817919921875
Stationary harm,Cumulative,Biased,930000,82,0.2,1,True,True,0.4817919921875,0.0,0.0,0.0182080078125,0.0,339.0,0.0,0.4817919921875
Stationary harm,Cumulative,Biased,930000,83,0.2,1,True,True,0.4817919921875,0.0,0.0,0.0182080078125,0.0,339.0,0.0,0.4817919921875
Stationary harm,Cumulative,Biased,930000,84,0.2,1,True,True,0.4542919921875,0.08333333333333333,0.027500000000000007,0.0182080078125,0.0,339.0,0.0,0.4817919921875
Stationary harm,Cumulative,Biased,930000,85,0.2,1,True,True,0.40491699218749994,0.020833333333333332,0.07687500000000001,0.0182080078125,0.0,339.0,0.0,0.4517919921875
Stationary harm,Cumulative,Biased,930000,86,0.2,1,True,True,0.4817919921875,0.0,0.0,0.0182080078125,0.0,339.0,0.0,0.4817919921875
Stationary harm,Cumulative,Biased,930000,87,0.2,1,True,True,0.4542919921875,0.08333333333333333,0.027500000000000007,0.0182080078125,0.0,339.0,0.0,0.4817919921875
Stationary harm,Cumulative,Biased,930000,88,0.2,1,True,True,0.4817919921875,0.0,0.0,0.0182080078125,0.0,339.0,0.0,0.4817919921875
Stationary harm,Cumulative,Biased,930000,89,0.2,1,True,True,0.4792919921875,0.0,0.0025000000000000005,0.0182080078125,0.0,339.0,0.0,0.4817919921875
Stationary harm,Cumulative,Biased,930000,90,0.2,1,True,True,0.4817919921875,0.0,0.0,0.0182080078125,0.0,339.0,0.0,0.4817919921875
Stationary harm,Cumulative,Biased,930000,91,0.2,1,True,True,0.4817919921875,0.0,0.0,0.0182080078125,0.0,339.0,0.0,0.4817919921875
Stationary harm,Cumulative,Biased,930000,92,0.2,1,True,True,0.4692919921875,0.0,0.012500000000000002,0.0182080078125,0.0,339.0,0.0,0.4817919921875
Stationary harm,Cumulative,Biased,930000,93,0.2,1,True,True,0.47491699218750005,0.020833333333333332,0.006875000000000002,0.0182080078125,0.0,339.0,0.0,0.4817919921875
Stationary harm,Cumulative,Biased,930000,94,0.2,1,True,True,0.4792919921875,0.0,0.0025000000000000005,0.0182080078125,0.0,339.0,0.0,0.4817919921875
Stationary harm,Cumulative,Biased,930000,95,0.2,1,True,True,0.4492919921875,0.0,0.03250000000000001,0.0182080078125,0.0,339.0,0.0,0.4817919921875
Stationary harm,Cumulative,Balanced,930000,0,0.2,1,True,True,0.481630859375,0.0,0.0,0.018369140625,0.0,342.0,0.0,0.481630859375
Stationary harm,Cumulative,Balanced,930000,1,0.2,1,True,True,0.47413085937499994,0.0,0.007500000000000002,0.018369140625,0.0,342.0,0.0,0.481630859375
Stationary harm,Cumulative,Balanced,930000,2,0.2,1,True,True,0.481630859375,0.0,0.0,0.018369140625,0.0,342.0,0.0,0.481630859375
Stationary harm,Cumulative,Balanced,930000,3,0.2,1,True,True,0.4747558593749999,0.020833333333333332,0.006875000000000002,0.018369140625,0.0,342.0,0.0,0.481630859375
Stationary harm,Cumulative,Balanced,930000,4,0.2,1,True,True,0.481630859375,0.0,0.0,0.018369140625,0.0,342.0,0.0,0.481630859375
Stationary harm,Cumulative,Balanced,930000,5,0.2,1,True,True,0.481630859375,0.0,0.0,0.018369140625,0.0,342.0,0.0,0.481630859375
Stationary harm,Cumulative,Balanced,930000,6,0.2,1,True,True,0.481630859375,0.0,0.0,0.018369140625,0.0,342.0,0.0,0.481630859375
Stationary harm,Cumulative,Balanced,930000,7,0.2,1,True,True,0.481630859375,0.0,0.0,0.018369140625,0.0,342.0,0.0,0.481630859375
Stationary harm,Cumulative,Balanced,930000,8,0.2,1,True,True,0.481630859375,0.0,0.0,0.018369140625,0.0,342.0,0.0,0.481630859375
Stationary harm,Cumulative,Balanced,930000,9,0.2,1,True,True,0.471630859375,0.0,0.010000000000000002,0.018369140625,0.0,342.0,0.0,0.481630859375
Stationary harm,Cumulative,Balanced,930000,10,0.2,1,True,True,0.481630859375,0.0,0.0,0.018369140625,0.0,342.0,0.0,0.481630859375
Stationary harm,Cumulative,Balanced,930000,11,0.2,1,True,True,0.481630859375,0.0,0.0,0.018369140625,0.0,342.0,0.0,0.481630859375
Stationary harm,Cumulative,Balanced,930000,12,0.2,1,True,True,0.481630859375,0.0,0.0,0.018369140625,0.0,342.0,0.0,0.481630859375
Stationary harm,Cumulative,Balanced,930000,13,0.2,1,True,True,0.481630859375,0.0,0.0,0.018369140625,0.0,342.0,0.0,0.481630859375
Stationary harm,Cumulative,Balanced,930000,14,0.2,1,True,True,0.481630859375,0.0,0.0,0.018369140625,0.0,342.0,0.0,0.481630859375
Stationary harm,Cumulative,Balanced,930000,15,0.2,1,True,True,0.476630859375,0.0,0.005000000000000001,0.018369140625,0.0,342.0,0.0,0.481630859375
Stationary harm,Cumulative,Balanced,930000,16,0.2,1,True,True,0.47413085937499994,0.0,0.007500000000000002,0.018369140625,0.0,342.0,0.0,0.481630859375
Stationary harm,Cumulative,Balanced,930000,17,0.2,1,True,True,0.481630859375,0.0,0.0,0.018369140625,0.0,342.0,0.0,0.481630859375
Stationary harm,Cumulative,Balanced,930000,18,0.2,1,True,True,0.481630859375,0.0,0.0,0.018369140625,0.0,342.0,0.0,0.481630859375
Stationary harm,Cumulative,Balanced,930000,19,0.2,1,True,True,0.481630859375,0.0,0.0,0.018369140625,0.0,342.0,0.0,0.481630859375
Stationary harm,Cumulative,Balanced,930000,20,0.2,1,True,True,0.481630859375,0.0,0.0,0.018369140625,0.0,342.0,0.0,0.481630859375
Stationary harm,Cumulative,Balanced,930000,21,0.2,1,True,True,0.471630859375,0.0,0.010000000000000002,0.018369140625,0.0,342.0,0.0,0.481630859375
Stationary harm,Cumulative,Balanced,930000,22,0.2,1,True,True,0.481630859375,0.0,0.0,0.018369140625,0.0,342.0,0.0,0.481630859375
Stationary harm,Cumulative,Balanced,930000,23,0.2,1,True,True,0.481630859375,0.0,0.0,0.018369140625,0.0,342.0,0.0,0.481630859375
Stationary harm,Cumulative,Balanced,930000,24,0.2,1,True,True,0.481630859375,0.0,0.0,0.018369140625,0.0,342.0,0.0,0.481630859375
Stationary harm,Cumulative,Balanced,930000,25,0.2,1,True,True,0.47913085937499994,0.0,0.0025000000000000005,0.018369140625,0.0,342.0,0.0,0.481630859375
Stationary harm,Cumulative,Balanced,930000,26,0.2,1,True,True,0.481630859375,0.0,0.0,0.018369140625,0.0,342.0,0.0,0.481630859375
Stationary harm,Cumulative,Balanced,930000,27,0.2,1,True,True,0.474130859375,0.0,0.007500000000000002,0.018369140625,0.0,342.0,0.0,0.481630859375
Stationary harm,Cumulative,Balanced,930000,28,0.2,1,True,True,0.481630859375,0.0,0.0,0.018369140625,0.0,342.0,0.0,0.481630859375
Stationary harm,Cumulative,Balanced,930000,29,0.2,1,True,True,0.481630859375,0.0,0.0,0.018369140625,0.0,342.0,0.0,0.481630859375
Stationary harm,Cumulative,Balanced,930000,30,0.2,1,True,True,0.481630859375,0.0,0.0,0.018369140625,0.0,342.0,0.0,0.481630859375
Stationary harm,Cumulative,Balanced,930000,31,0.2,1,True,True,0.481630859375,0.0,0.0,0.018369140625,0.0,342.0,0.0,0.481630859375
Stationary harm,Cumulative,Balanced,930000,32,0.2,1,True,True,0.481630859375,0.0,0.0,0.018369140625,0.0,342.0,0.0,0.481630859375
Stationary harm,Cumulative,Balanced,930000,33,0.2,1,True,True,0.481630859375,0.0,0.0,0.018369140625,0.0,342.0,0.0,0.481630859375
Stationary harm,Cumulative,Balanced,930000,34,0.2,1,True,True,0.481630859375,0.0,0.0,0.018369140625,0.0,342.0,0.0,0.481630859375
Stationary harm,Cumulative,Balanced,930000,35,0.2,1,True,True,0.471630859375,0.0,0.010000000000000002,0.018369140625,0.0,342.0,0.0,0.481630859375
Stationary harm,Cumulative,Balanced,930000,36,0.2,1,True,True,0.481630859375,0.0,0.0,0.018369140625,0.0,342.0,0.0,0.481630859375
Stationary harm,Cumulative,Balanced,930000,37,0.2,1,True,True,0.476630859375,0.0,0.005000000000000001,0.018369140625,0.0,342.0,0.0,0.481630859375
Stationary harm,Cumulative,Balanced,930000,38,0.2,1,True,True,0.47913085937499994,0.0,0.0025000000000000005,0.018369140625,0.0,342.0,0.0,0.481630859375
Stationary harm,Cumulative,Balanced,930000,39,0.2,1,True,True,0.481630859375,0.0,0.0,0.018369140625,0.0,342.0,0.0,0.481630859375
Stationary harm,Cumulative,Balanced,930000,40,0.2,1,True,True,0.47913085937499994,0.0,0.0025000000000000005,0.018369140625,0.0,342.0,0.0,0.481630859375
Stationary harm,Cumulative,Balanced,930000,41,0.2,1,True,True,0.481630859375,0.0,0.0,0.018369140625,0.0,342.0,0.0,0.481630859375
Stationary harm,Cumulative,Balanced,930000,42,0.2,1,True,True,0.471630859375,0.0,0.010000000000000002,0.018369140625,0.0,342.0,0.0,0.481630859375
Stationary harm,Cumulative,Balanced,930000,43,0.2,1,True,True,0.481630859375,0.0,0.0,0.018369140625,0.0,342.0,0.0,0.481630859375
Stationary harm,Cumulative,Balanced,930000,44,0.2,1,True,True,0.481630859375,0.0,0.0,0.018369140625,0.0,342.0,0.0,0.481630859375
Stationary harm,Cumulative,Balanced,930000,45,0.2,1,True,True,0.481630859375,0.0,0.0,0.018369140625,0.0,342.0,0.0,0.481630859375
Stationary harm,Cumulative,Balanced,930000,46,0.2,1,True,True,0.474130859375,0.0,0.007500000000000002,0.018369140625,0.0,342.0,0.0,0.481630859375
Stationary harm,Cumulative,Balanced,930000,47,0.2,1,True,True,0.481630859375,0.0,0.0,0.018369140625,0.0,342.0,0.0,0.481630859375
Stationary harm,Cumulative,Balanced,930000,48,0.2,1,True,True,0.481630859375,0.0,0.0,0.018369140625,0.0,342.0,0.0,0.481630859375
Stationary harm,Cumulative,Balanced,930000,49,0.2,1,True,True,0.481630859375,0.0,0.0,0.018369140625,0.0,342.0,0.0,0.481630859375
Stationary harm,Cumulative,Balanced,930000,50,0.2,1,True,True,0.481630859375,0.0,0.0,0.018369140625,0.0,342.0,0.0,0.481630859375
Stationary harm,Cumulative,Balanced,930000,51,0.2,1,True,True,0.481630859375,0.0,0.0,0.018369140625,0.0,342.0,0.0,0.481630859375
Stationary harm,Cumulative,Balanced,930000,52,0.2,1,True,True,0.481630859375,0.0,0.0,0.018369140625,0.0,342.0,0.0,0.481630859375
Stationary harm,Cumulative,Balanced,930000,53,0.2,1,True,True,0.481630859375,0.0,0.0,0.018369140625,0.0,342.0,0.0,0.481630859375
Stationary harm,Cumulative,Balanced,930000,54,0.2,1,True,True,0.47913085937499994,0.0,0.0025000000000000005,0.018369140625,0.0,342.0,0.0,0.481630859375
Stationary harm,Cumulative,Balanced,930000,55,0.2,1,True,True,0.481630859375,0.0,0.0,0.018369140625,0.0,342.0,0.0,0.481630859375
Stationary harm,Cumulative,Balanced,930000,56,0.2,1,True,True,0.481630859375,0.0,0.0,0.018369140625,0.0,342.0,0.0,0.481630859375
Stationary harm,Cumulative,Balanced,930000,57,0.2,1,True,True,0.47413085937499994,0.0,0.007500000000000002,0.018369140625,0.0,342.0,0.0,0.481630859375
Stationary harm,Cumulative,Balanced,930000,58,0.2,1,True,True,0.481630859375,0.0,0.0,0.018369140625,0.0,342.0,0.0,0.481630859375
Stationary harm,Cumulative,Balanced,930000,59,0.2,1,True,True,0.481630859375,0.0,0.0,0.018369140625,0.0,342.0,0.0,0.481630859375
Stationary harm,Cumulative,Balanced,930000,60,0.2,1,True,True,0.481630859375,0.0,0.0,0.018369140625,0.0,342.0,0.0,0.481630859375
Stationary harm,Cumulative,Balanced,930000,61,0.2,1,True,True,0.481630859375,0.0,0.0,0.018369140625,0.0,342.0,0.0,0.481630859375
Stationary harm,Cumulative,Balanced,930000,62,0.2,1,True,True,0.476630859375,0.0,0.005000000000000001,0.018369140625,0.0,342.0,0.0,0.481630859375
Stationary harm,Cumulative,Balanced,930000,63,0.2,1,True,True,0.481630859375,0.0,0.0,0.018369140625,0.0,342.0,0.0,0.481630859375
Stationary harm,Cumulative,Balanced,930000,64,0.2,1,True,True,0.481630859375,0.0,0.0,0.018369140625,0.0,342.0,0.0,0.481630859375
Stationary harm,Cumulative,Balanced,930000,65,0.2,1,True,True,0.481630859375,0.0,0.0,0.018369140625,0.0,342.0,0.0,0.481630859375
Stationary harm,Cumulative,Balanced,930000,66,0.2,1,True,True,0.481630859375,0.0,0.0,0.018369140625,0.0,342.0,0.0,0.481630859375
Stationary harm,Cumulative,Balanced,930000,67,0.2,1,True,True,0.476630859375,0.0,0.005000000000000001,0.018369140625,0.0,342.0,0.0,0.481630859375
Stationary harm,Cumulative,Balanced,930000,68,0.2,1,True,True,0.481630859375,0.0,0.0,0.018369140625,0.0,342.0,0.0,0.481630859375
Stationary harm,Cumulative,Balanced,930000,69,0.2,1,True,True,0.481630859375,0.0,0.0,0.018369140625,0.0,342.0,0.0,0.481630859375
Stationary harm,Cumulative,Balanced,930000,70,0.2,1,True,True,0.481630859375,0.0,0.0,0.018369140625,0.0,342.0,0.0,0.481630859375
Stationary harm,Cumulative,Balanced,930000,71,0.2,1,True,True,0.481630859375,0.0,0.0,0.018369140625,0.0,342.0,0.0,0.481630859375
Stationary harm,Cumulative,Balanced,930000,72,0.2,1,True,True,0.481630859375,0.0,0.0,0.018369140625,0.0,342.0,0.0,0.481630859375
Stationary harm,Cumulative,Balanced,930000,73,0.2,1,True,True,0.47413085937499994,0.0,0.007500000000000002,0.018369140625,0.0,342.0,0.0,0.481630859375
Stationary harm,Cumulative,Balanced,930000,74,0.2,1,True,True,0.471630859375,0.0,0.010000000000000002,0.018369140625,0.0,342.0,0.0,0.481630859375
Stationary harm,Cumulative,Balanced,930000,75,0.2,1,True,True,0.481630859375,0.0,0.0,0.018369140625,0.0,342.0,0.0,0.481630859375
Stationary harm,Cumulative,Balanced,930000,76,0.2,1,True,True,0.481630859375,0.0,0.0,0.018369140625,0.0,342.0,0.0,0.481630859375
Stationary harm,Cumulative,Balanced,930000,77,0.2,1,True,True,0.481630859375,0.0,0.0,0.018369140625,0.0,342.0,0.0,0.481630859375
Stationary harm,Cumulative,Balanced,930000,78,0.2,1,True,True,0.47913085937499994,0.0,0.0025000000000000005,0.018369140625,0.0,342.0,0.0,0.481630859375
Stationary harm,Cumulative,Balanced,930000,79,0.2,1,True,True,0.481630859375,0.0,0.0,0.018369140625,0.0,342.0,0.0,0.481630859375
Stationary harm,Cumulative,Balanced,930000,80,0.2,1,True,True,0.481630859375,0.0,0.0,0.018369140625,0.0,342.0,0.0,0.481630859375
Stationary harm,Cumulative,Balanced,930000,81,0.2,1,True,True,0.47413085937499994,0.0,0.007500000000000002,0.018369140625,0.0,342.0,0.0,0.481630859375
Stationary harm,Cumulative,Balanced,930000,82,0.2,1,True,True,0.481630859375,0.0,0.0,0.018369140625,0.0,342.0,0.0,0.481630859375
Stationary harm,Cumulative,Balanced,930000,83,0.2,1,True,True,0.47913085937499994,0.0,0.0025000000000000005,0.018369140625,0.0,342.0,0.0,0.481630859375
Stationary harm,Cumulative,Balanced,930000,84,0.2,1,True,True,0.481630859375,0.0,0.0,0.018369140625,0.0,342.0,0.0,0.481630859375
Stationary harm,Cumulative,Balanced,930000,85,0.2,1,True,True,0.47913085937499994,0.0,0.0025000000000000005,0.018369140625,0.0,342.0,0.0,0.481630859375
Stationary harm,Cumulative,Balanced,930000,86,0.2,1,True,True,0.481630859375,0.0,0.0,0.018369140625,0.0,342.0,0.0,0.481630859375
Stationary harm,Cumulative,Balanced,930000,87,0.2,1,True,True,0.47913085937499994,0.0,0.0025000000000000005,0.018369140625,0.0,342.0,0.0,0.481630859375
Stationary harm,Cumulative,Balanced,930000,88,0.2,1,True,True,0.47913085937499994,0.0,0.0025000000000000005,0.018369140625,0.0,342.0,0.0,0.481630859375
Stationary harm,Cumulative,Balanced,930000,89,0.2,1,True,True,0.471630859375,0.0,0.010000000000000002,0.018369140625,0.0,342.0,0.0,0.481630859375
Stationary harm,Cumulative,Balanced,930000,90,0.2,1,True,True,0.481630859375,0.0,0.0,0.018369140625,0.0,342.0,0.0,0.481630859375
Stationary harm,Cumulative,Balanced,930000,91,0.2,1,True,True,0.481630859375,0.0,0.0,0.018369140625,0.0,342.0,0.0,0.481630859375
Stationary harm,Cumulative,Balanced,930000,92,0.2,1,True,True,0.481630859375,0.0,0.0,0.018369140625,0.0,342.0,0.0,0.481630859375
Stationary harm,Cumulative,Balanced,930000,93,0.2,1,True,True,0.47913085937499994,0.0,0.0025000000000000005,0.018369140625,0.0,342.0,0.0,0.481630859375
Stationary harm,Cumulative,Balanced,930000,94,0.2,1,True,True,0.481630859375,0.0,0.0,0.018369140625,0.0,342.0,0.0,0.481630859375
Stationary harm,Cumulative,Balanced,930000,95,0.2,1,True,True,0.47913085937499994,0.0,0.0025000000000000005,0.018369140625,0.0,342.0,0.0,0.481630859375
Stationary harm,Cumulative,Neyman,930000,0,0.2,1,True,True,0.48178975423177084,0.0,0.0,0.018210245768229164,0.0,339.0416666666667,0.0,0.4817919921875
Stationary harm,Cumulative,Neyman,930000,1,0.2,1,True,True,0.47428975423177083,0.0,0.007500000000000002,0.018210245768229164,0.0,339.0416666666667,0.0,0.4817919921875
Stationary harm,Cumulative,Neyman,930000,2,0.2,1,True,True,0.48179087320963543,0.0,0.0,0.018209126790364582,0.0,339.0208333333333,0.0,0.4817919921875
Stationary harm,Cumulative,Neyman,930000,3,0.2,1,True,True,0.4749147542317709,0.020833333333333332,0.006875000000000002,0.018210245768229164,0.0,339.0416666666667,0.0,0.4817919921875
Stationary harm,Cumulative,Neyman,930000,4,0.2,1,True,True,0.4817919921875,0.0,0.0,0.0182080078125,0.0,339.0,0.0,0.4817919921875
Stationary harm,Cumulative,Neyman,930000,5,0.2,1,True,True,0.48178975423177084,0.0,0.0,0.018210245768229164,0.0,339.0416666666667,0.0,0.4817919921875
Stationary harm,Cumulative,Neyman,930000,6,0.2,1,True,True,0.48179087320963543,0.0,0.0,0.018209126790364582,0.0,339.0208333333333,0.0,0.4817919921875
Stationary harm,Cumulative,Neyman,930000,7,0.2,1,True,True,0.4817919921875,0.0,0.0,0.018208007812499996,0.0,339.0,0.0,0.4817919921875
Stationary harm,Cumulative,Neyman,930000,8,0.2,1,True,True,0.48178863525390625,0.0,0.0,0.01821136474609375,0.0,339.0625,0.0,0.4817919921875
Stationary harm,Cumulative,Neyman,930000,9,0.2,1,True,True,0.4767897542317708,0.0,0.005000000000000001,0.018210245768229164,0.0,339.0416666666667,0.0,0.4817919921875
Stationary harm,Cumulative,Neyman,930000,10,0.2,1,True,True,0.48178863525390625,0.0,0.0,0.01821136474609375,0.0,339.0625,0.0,0.4817919921875
Stationary harm,Cumulative,Neyman,930000,11,0.2,1,True,True,0.48178975423177084,0.0,0.0,0.018210245768229164,0.0,339.0416666666667,0.0,0.4817919921875
Stationary harm,Cumulative,Neyman,930000,12,0.2,1,True,True,0.48178863525390625,0.0,0.0,0.01821136474609375,0.0,339.0625,0.0,0.4817919921875
Stationary harm,Cumulative,Neyman,930000,13,0.2,1,True,True,0.48178975423177084,0.0,0.0,0.018210245768229164,0.0,339.0416666666667,0.0,0.4817919921875
Stationary harm,Cumulative,Neyman,930000,14,0.2,1,True,True,0.4817919921875,0.0,0.0,0.0182080078125,0.0,339.0,0.0,0.4817919921875
Stationary harm,Cumulative,Neyman,930000,15,0.2,1,True,True,0.4767897542317708,0.0,0.005000000000000001,0.018210245768229164,0.0,339.0416666666667,0.0,0.4817919921875
Stationary harm,Cumulative,Neyman,930000,16,0.2,1,True,True,0.4767886352539063,0.0,0.005000000000000001,0.01821136474609375,0.0,339.0625,0.0,0.4817919921875
Stationary harm,Cumulative,Neyman,930000,17,0.2,1,True,True,0.48178975423177084,0.0,0.0,0.018210245768229164,0.0,339.0416666666667,0.0,0.4817919921875
Stationary harm,Cumulative,Neyman,930000,18,0.2,1,True,True,0.48178863525390625,0.0,0.0,0.01821136474609375,0.0,339.0625,0.0,0.4817919921875
Stationary harm,Cumulative,Neyman,930000,19,0.2,1,True,True,0.48178975423177084,0.0,0.0,0.018210245768229164,0.0,339.0416666666667,0.0,0.4817919921875
Stationary harm,Cumulative,Neyman,930000,20,0.2,1,True,True,0.48178863525390625,0.0,0.0,0.01821136474609375,0.0,339.0625,0.0,0.4817919921875
Stationary harm,Cumulative,Neyman,930000,21,0.2,1,True,True,0.47178975423177083,0.0,0.010000000000000002,0.018210245768229164,0.0,339.0416666666667,0.0,0.4817919921875
Stationary harm,Cumulative,Neyman,930000,22,0.2,1,True,True,0.48178975423177084,0.0,0.0,0.018210245768229164,0.0,339.0416666666667,0.0,0.4817919921875
Stationary harm,Cumulative,Neyman,930000,23,0.2,1,True,True,0.48179087320963543,0.0,0.0,0.018209126790364582,0.0,339.0208333333333,0.0,0.4817919921875
Stationary harm,Cumulative,Neyman,930000,24,0.2,1,True,True,0.48179087320963543,0.0,0.0,0.018209126790364582,0.0,339.0208333333333,0.0,0.4817919921875
Stationary harm,Cumulative,Neyman,930000,25,0.2,1,True,True,0.4792908732096355,0.0,0.0025000000000000005,0.018209126790364582,0.0,339.0208333333333,0.0,0.4817919921875
Stationary harm,Cumulative,Neyman,930000,26,0.2,1,True,True,0.48179087320963543,0.0,0.0,0.018209126790364582,0.0,339.0208333333333,0.0,0.4817919921875
Stationary harm,Cumulative,Neyman,930000,27,0.2,1,True,True,0.4742852783203125,0.0,0.007500000000000002,0.018214721679687497,0.0,339.125,0.0,0.4817919921875
Stationary harm,Cumulative,Neyman,930000,28,0.2,1,True,True,0.48179087320963543,0.0,0.0,0.018209126790364582,0.0,339.0208333333333,0.0,0.4817919921875
Stationary harm,Cumulative,Neyman,930000,29,0.2,1,True,True,0.48178975423177084,0.0,0.0,0.018210245768229164,0.0,339.0416666666667,0.0,0.4817919921875
Stationary harm,Cumulative,Neyman,930000,30,0.2,1,True,True,0.48178863525390625,0.0,0.0,0.01821136474609375,0.0,339.0625,0.0,0.4817919921875
Stationary harm,Cumulative,Neyman,930000,31,0.2,1,True,True,0.48179087320963543,0.0,0.0,0.018209126790364582,0.0,339.0208333333333,0.0,0.4817919921875
Stationary harm,Cumulative,Neyman,930000,32,0.2,1,True,True,0.48179087320963543,0.0,0.0,0.018209126790364582,0.0,339.0208333333333,0.0,0.4817919921875
Stationary harm,Cumulative,Neyman,930000,33,0.2,1,True,True,0.48179087320963543,0.0,0.0,0.018209126790364582,0.0,339.0208333333333,0.0,0.4817919921875
Stationary harm,Cumulative,Neyman,930000,34,0.2,1,True,True,0.48178863525390625,0.0,0.0,0.01821136474609375,0.0,339.0625,0.0,0.4817919921875
Stationary harm,Cumulative,Neyman,930000,35,0.2,1,True,True,0.47428975423177083,0.0,0.007500000000000002,0.018210245768229164,0.0,339.0416666666667,0.0,0.4817919921875
Stationary harm,Cumulative,Neyman,930000,36,0.2,1,True,True,0.48178863525390625,0.0,0.0,0.01821136474609375,0.0,339.0625,0.0,0.4817919921875
Stationary harm,Cumulative,Neyman,930000,37,0.2,1,True,True,0.47428975423177083,0.0,0.007500000000000002,0.018210245768229164,0.0,339.0416666666667,0.0,0.4817919921875
Stationary harm,Cumulative,Neyman,930000,38,0.2,1,True,True,0.4792886352539063,0.0,0.0025000000000000005,0.01821136474609375,0.0,339.0625,0.0,0.4817919921875
Stationary harm,Cumulative,Neyman,930000,39,0.2,1,True,True,0.4817919921875,0.0,0.0,0.0182080078125,0.0,339.0,0.0,0.4817919921875
Stationary harm,Cumulative,Neyman,930000,40,0.2,1,True,True,0.4792886352539063,0.0,0.0025000000000000005,0.01821136474609375,0.0,339.0625,0.0,0.4817919921875
Stationary harm,Cumulative,Neyman,930000,41,0.2,1,True,True,0.4792897542317709,0.0,0.0025000000000000005,0.018210245768229164,0.0,339.0416666666667,0.0,0.4817919921875
Stationary harm,Cumulative,Neyman,930000,42,0.2,1,True,True,0.4717908732096354,0.0,0.010000000000000002,0.018209126790364582,0.0,339.0208333333333,0.0,0.4817919921875
Stationary harm,Cumulative,Neyman,930000,43,0.2,1,True,True,0.48179087320963543,0.0,0.0,0.018209126790364582,0.0,339.0208333333333,0.0,0.4817919921875
Stationary harm,Cumulative,Neyman,930000,44,0.2,1,True,True,0.48178975423177084,0.0,0.0,0.018210245768229164,0.0,339.0416666666667,0.0,0.4817919921875
Stationary harm,Cumulative,Neyman,930000,45,0.2,1,True,True,0.48179087320963543,0.0,0.0,0.018209126790364582,0.0,339.0208333333333,0.0,0.4817919921875
Stationary harm,Cumulative,Neyman,930000,46,0.2,1,True,True,0.4767897542317708,0.0,0.005000000000000001,0.018210245768229164,0.0,339.0416666666667,0.0,0.4817919921875
Stationary harm,Cumulative,Neyman,930000,47,0.2,1,True,True,0.48178975423177084,0.0,0.0,0.018210245768229164,0.0,339.0416666666667,0.0,0.4817919921875
Stationary harm,Cumulative,Neyman,930000,48,0.2,1,True,True,0.48179087320963543,0.0,0.0,0.018209126790364582,0.0,339.0208333333333,0.0,0.4817919921875
Stationary harm,Cumulative,Neyman,930000,49,0.2,1,True,True,0.48178863525390625,0.0,0.0,0.01821136474609375,0.0,339.0625,0.0,0.4817919921875
Stationary harm,Cumulative,Neyman,930000,50,0.2,1,True,True,0.48179087320963543,0.0,0.0,0.018209126790364582,0.0,339.0208333333333,0.0,0.4817919921875
Stationary harm,Cumulative,Neyman,930000,51,0.2,1,True,True,0.48178863525390625,0.0,0.0,0.018211364746093747,0.0,339.0625,0.0,0.4817919921875
Stationary harm,Cumulative,Neyman,930000,52,0.2,1,True,True,0.4792919921875,0.0,0.0025000000000000005,0.0182080078125,0.0,339.0,0.0,0.4817919921875
Stationary harm,Cumulative,Neyman,930000,53,0.2,1,True,True,0.48178975423177084,0.0,0.0,0.018210245768229164,0.0,339.0416666666667,0.0,0.4817919921875
Stationary harm,Cumulative,Neyman,930000,54,0.2,1,True,True,0.4792886352539063,0.0,0.0025000000000000005,0.01821136474609375,0.0,339.0625,0.0,0.4817919921875
Stationary harm,Cumulative,Neyman,930000,55,0.2,1,True,True,0.4817919921875,0.0,0.0,0.0182080078125,0.0,339.0,0.0,0.4817919921875
Stationary harm,Cumulative,Neyman,930000,56,0.2,1,True,True,0.48178975423177084,0.0,0.0,0.018210245768229164,0.0,339.0416666666667,0.0,0.4817919921875
Stationary harm,Cumulative,Neyman,930000,57,0.2,1,True,True,0.4742908732096354,0.0,0.007500000000000002,0.018209126790364582,0.0,339.0208333333333,0.0,0.4817919921875
Stationary harm,Cumulative,Neyman,930000,58,0.2,1,True,True,0.48178975423177084,0.0,0.0,0.018210245768229164,0.0,339.0416666666667,0.0,0.4817919921875
Stationary harm,Cumulative,Neyman,930000,59,0.2,1,True,True,0.4817919921875,0.0,0.0,0.0182080078125,0.0,339.0,0.0,0.4817919921875
Stationary harm,Cumulative,Neyman,930000,60,0.2,1,True,True,0.48179087320963543,0.0,0.0,0.018209126790364582,0.0,339.0208333333333,0.0,0.4817919921875
Stationary harm,Cumulative,Neyman,930000,61,0.2,1,True,True,0.48178975423177084,0.0,0.0,0.018210245768229164,0.0,339.0416666666667,0.0,0.4817919921875
Stationary harm,Cumulative,Neyman,930000,62,0.2,1,True,True,0.4767897542317708,0.0,0.005000000000000001,0.018210245768229164,0.0,339.0416666666667,0.0,0.4817919921875
Stationary harm,Cumulative,Neyman,930000,63,0.2,1,True,True,0.48178975423177084,0.0,0.0,0.018210245768229164,0.0,339.0416666666667,0.0,0.4817919921875
Stationary harm,Cumulative,Neyman,930000,64,0.2,1,True,True,0.48178863525390625,0.0,0.0,0.01821136474609375,0.0,339.0625,0.0,0.4817919921875
Stationary harm,Cumulative,Neyman,930000,65,0.2,1,True,True,0.48179087320963543,0.0,0.0,0.018209126790364582,0.0,339.0208333333333,0.0,0.4817919921875
Stationary harm,Cumulative,Neyman,930000,66,0.2,1,True,True,0.48179087320963543,0.0,0.0,0.018209126790364582,0.0,339.0208333333333,0.0,0.4817919921875
Stationary harm,Cumulative,Neyman,930000,67,0.2,1,True,True,0.47679087320963537,0.0,0.005000000000000001,0.018209126790364582,0.0,339.0208333333333,0.0,0.4817919921875
Stationary harm,Cumulative,Neyman,930000,68,0.2,1,True,True,0.48178975423177084,0.0,0.0,0.018210245768229164,0.0,339.0416666666667,0.0,0.4817919921875
Stationary harm,Cumulative,Neyman,930000,69,0.2,1,True,True,0.48178863525390625,0.0,0.0,0.01821136474609375,0.0,339.0625,0.0,0.4817919921875
Stationary harm,Cumulative,Neyman,930000,70,0.2,1,True,True,0.48179087320963543,0.0,0.0,0.018209126790364582,0.0,339.0208333333333,0.0,0.4817919921875
Stationary harm,Cumulative,Neyman,930000,71,0.2,1,True,True,0.48178975423177084,0.0,0.0,0.018210245768229164,0.0,339.0416666666667,0.0,0.4817919921875
Stationary harm,Cumulative,Neyman,930000,72,0.2,1,True,True,0.48178975423177084,0.0,0.0,0.018210245768229164,0.0,339.0416666666667,0.0,0.4817919921875
Stationary harm,Cumulative,Neyman,930000,73,0.2,1,True,True,0.4717919921875,0.0,0.010000000000000002,0.0182080078125,0.0,339.0,0.0,0.4817919921875
Stationary harm,Cumulative,Neyman,930000,74,0.2,1,True,True,0.47679087320963537,0.0,0.005000000000000001,0.018209126790364582,0.0,339.0208333333333,0.0,0.4817919921875
Stationary harm,Cumulative,Neyman,930000,75,0.2,1,True,True,0.48178863525390625,0.0,0.0,0.01821136474609375,0.0,339.0625,0.0,0.4817919921875
Stationary harm,Cumulative,Neyman,930000,76,0.2,1,True,True,0.4817919921875,0.0,0.0,0.0182080078125,0.0,339.0,0.0,0.4817919921875
Stationary harm,Cumulative,Neyman,930000,77,0.2,1,True,True,0.48178975423177084,0.0,0.0,0.018210245768229164,0.0,339.0416666666667,0.0,0.4817919921875
Stationary harm,Cumulative,Neyman,930000,78,0.2,1,True,True,0.48179087320963543,0.0,0.0,0.018209126790364582,0.0,339.0208333333333,0.0,0.4817919921875
Stationary harm,Cumulative,Neyman,930000,79,0.2,1,True,True,0.48178975423177084,0.0,0.0,0.018210245768229164,0.0,339.0416666666667,0.0,0.4817919921875
Stationary harm,Cumulative,Neyman,930000,80,0.2,1,True,True,0.48178751627604166,0.0,0.0,0.01821248372395833,0.0,339.0833333333333,0.0,0.4817919921875
Stationary harm,Cumulative,Neyman,930000,81,0.2,1,True,True,0.47428975423177083,0.0,0.007500000000000002,0.018210245768229164,0.0,339.0416666666667,0.0,0.4817919921875
Stationary harm,Cumulative,Neyman,930000,82,0.2,1,True,True,0.48178975423177084,0.0,0.0,0.018210245768229164,0.0,339.0416666666667,0.0,0.4817919921875
Stationary harm,Cumulative,Neyman,930000,83,0.2,1,True,True,0.4792919921875,0.0,0.0025000000000000005,0.0182080078125,0.0,339.0,0.0,0.4817919921875
Stationary harm,Cumulative,Neyman,930000,84,0.2,1,True,True,0.48178975423177084,0.0,0.0,0.018210245768229164,0.0,339.0416666666667,0.0,0.4817919921875
Stationary harm,Cumulative,Neyman,930000,85,0.2,1,True,True,0.4792908732096355,0.0,0.0025000000000000005,0.018209126790364582,0.0,339.0208333333333,0.0,0.4817919921875
Stationary harm,Cumulative,Neyman,930000,86,0.2,1,True,True,0.48179087320963543,0.0,0.0,0.018209126790364582,0.0,339.0208333333333,0.0,0.4817919921875
Stationary harm,Cumulative,Neyman,930000,87,0.2,1,True,True,0.4792919921875,0.0,0.0025000000000000005,0.0182080078125,0.0,339.0,0.0,0.4817919921875
Stationary harm,Cumulative,Neyman,930000,88,0.2,1,True,True,0.48178975423177084,0.0,0.0,0.018210245768229164,0.0,339.0416666666667,0.0,0.4817919921875
Stationary harm,Cumulative,Neyman,930000,89,0.2,1,True,True,0.4717908732096354,0.0,0.010000000000000002,0.018209126790364582,0.0,339.0208333333333,0.0,0.4817919921875
Stationary harm,Cumulative,Neyman,930000,90,0.2,1,True,True,0.48178975423177084,0.0,0.0,0.018210245768229164,0.0,339.0416666666667,0.0,0.4817919921875
Stationary harm,Cumulative,Neyman,930000,91,0.2,1,True,True,0.48179087320963543,0.0,0.0,0.018209126790364582,0.0,339.0208333333333,0.0,0.4817919921875
Stationary harm,Cumulative,Neyman,930000,92,0.2,1,True,True,0.4792886352539063,0.0,0.0025000000000000005,0.018211364746093747,0.0,339.0625,0.0,0.4817919921875
Stationary harm,Cumulative,Neyman,930000,93,0.2,1,True,True,0.4792886352539063,0.0,0.0025000000000000005,0.01821136474609375,0.0,339.0625,0.0,0.4817919921875
Stationary harm,Cumulative,Neyman,930000,94,0.2,1,True,True,0.48179087320963543,0.0,0.0,0.018209126790364582,0.0,339.0208333333333,0.0,0.4817919921875
Stationary harm,Cumulative,Neyman,930000,95,0.2,1,True,True,0.4792908732096355,0.0,0.0025000000000000005,0.018209126790364582,0.0,339.0208333333333,0.0,0.4817919921875
Stationary harm,Cumulative,Successive rejects,930000,0,0.2,1,True,True,0.481953125,0.0,0.0,0.018046875,0.0,336.0,0.0,0.481953125
Stationary harm,Cumulative,Successive rejects,930000,1,0.2,1,True,True,0.474453125,0.0,0.007500000000000002,0.018046875,0.0,336.0,0.0,0.481953125
Stationary harm,Cumulative,Successive rejects,930000,2,0.2,1,True,True,0.481953125,0.0,0.0,0.018046875,0.0,336.0,0.0,0.481953125
Stationary harm,Cumulative,Successive rejects,930000,3,0.2,1,True,True,0.475078125,0.020833333333333332,0.006875000000000002,0.018046875,0.0,336.0,0.0,0.481953125
Stationary harm,Cumulative,Successive rejects,930000,4,0.2,1,True,True,0.481953125,0.0,0.0,0.018046875,0.0,336.0,0.0,0.481953125
Stationary harm,Cumulative,Successive rejects,930000,5,0.2,1,True,True,0.481953125,0.0,0.0,0.018046875,0.0,336.0,0.0,0.481953125
Stationary harm,Cumulative,Successive rejects,930000,6,0.2,1,True,True,0.481953125,0.0,0.0,0.018046875,0.0,336.0,0.0,0.481953125
Stationary harm,Cumulative,Successive rejects,930000,7,0.2,1,True,True,0.481953125,0.0,0.0,0.018046875,0.0,336.0,0.0,0.481953125
Stationary harm,Cumulative,Successive rejects,930000,8,0.2,1,True,True,0.481953125,0.0,0.0,0.018046875,0.0,336.0,0.0,0.481953125
Stationary harm,Cumulative,Successive rejects,930000,9,0.2,1,True,True,0.46195312499999996,0.0,0.020000000000000004,0.018046875,0.0,336.0,0.0,0.481953125
Stationary harm,Cumulative,Successive rejects,930000,10,0.2,1,True,True,0.481953125,0.0,0.0,0.018046875,0.0,336.0,0.0,0.481953125
Stationary harm,Cumulative,Successive rejects,930000,11,0.2,1,True,True,0.481953125,0.0,0.0,0.018046875,0.0,336.0,0.0,0.481953125
Stationary harm,Cumulative,Successive rejects,930000,12,0.2,1,True,True,0.481953125,0.0,0.0,0.018046875,0.0,336.0,0.0,0.481953125
Stationary harm,Cumulative,Successive rejects,930000,13,0.2,1,True,True,0.481953125,0.0,0.0,0.018046875,0.0,336.0,0.0,0.481953125
Stationary harm,Cumulative,Successive rejects,930000,14,0.2,1,True,True,0.481953125,0.0,0.0,0.018046875,0.0,336.0,0.0,0.481953125
Stationary harm,Cumulative,Successive rejects,930000,15,0.2,1,True,True,0.481953125,0.0,0.0,0.018046875,0.0,336.0,0.0,0.481953125
Stationary harm,Cumulative,Successive rejects,930000,16,0.2,1,True,True,0.4769531249999999,0.0,0.005000000000000001,0.018046875,0.0,336.0,0.0,0.481953125
Stationary harm,Cumulative,Successive rejects,930000,17,0.2,1,True,True,0.481953125,0.0,0.0,0.018046875,0.0,336.0,0.0,0.481953125
Stationary harm,Cumulative,Successive rejects,930000,18,0.2,1,True,True,0.481953125,0.0,0.0,0.018046875,0.0,336.0,0.0,0.481953125
Stationary harm,Cumulative,Successive rejects,930000,19,0.2,1,True,True,0.479453125,0.0,0.0025000000000000005,0.018046875,0.0,336.0,0.0,0.481953125
Stationary harm,Cumulative,Successive rejects,930000,20,0.2,1,True,True,0.479453125,0.0,0.0025000000000000005,0.018046875,0.0,336.0,0.0,0.481953125
Stationary harm,Cumulative,Successive rejects,930000,21,0.2,1,True,True,0.471953125,0.0,0.010000000000000002,0.018046875,0.0,336.0,0.0,0.481953125
Stationary harm,Cumulative,Successive rejects,930000,22,0.2,1,True,True,0.481953125,0.0,0.0,0.018046875,0.0,336.0,0.0,0.481953125
Stationary harm,Cumulative,Successive rejects,930000,23,0.2,1,True,True,0.481953125,0.0,0.0,0.018046875,0.0,336.0,0.0,0.481953125
Stationary harm,Cumulative,Successive rejects,930000,24,0.2,1,True,True,0.481953125,0.0,0.0,0.018046875,0.0,336.0,0.0,0.481953125
Stationary harm,Cumulative,Successive rejects,930000,25,0.2,1,True,True,0.479453125,0.0,0.0025000000000000005,0.018046875,0.0,336.0,0.0,0.481953125
Stationary harm,Cumulative,Successive rejects,930000,26,0.2,1,True,True,0.481953125,0.0,0.0,0.018046875,0.0,336.0,0.0,0.481953125
Stationary harm,Cumulative,Successive rejects,930000,27,0.2,1,True,True,0.4769531249999999,0.0,0.005000000000000001,0.018046875,0.0,336.0,0.0,0.481953125
Stationary harm,Cumulative,Successive rejects,930000,28,0.2,1,True,True,0.479453125,0.0,0.0025000000000000005,0.018046875,0.0,336.0,0.0,0.481953125
Stationary harm,Cumulative,Successive rejects,930000,29,0.2,1,True,True,0.481953125,0.0,0.0,0.018046875,0.0,336.0,0.0,0.481953125
Stationary harm,Cumulative,Successive rejects,930000,30,0.2,1,True,True,0.481953125,0.0,0.0,0.018046875,0.0,336.0,0.0,0.481953125
Stationary harm,Cumulative,Successive rejects,930000,31,0.2,1,True,True,0.481953125,0.0,0.0,0.018046875,0.0,336.0,0.0,0.481953125
Stationary harm,Cumulative,Successive rejects,930000,32,0.2,1,True,True,0.481953125,0.0,0.0,0.018046875,0.0,336.0,0.0,0.481953125
Stationary harm,Cumulative,Successive rejects,930000,33,0.2,1,True,True,0.481953125,0.0,0.0,0.018046875,0.0,336.0,0.0,0.481953125
Stationary harm,Cumulative,Successive rejects,930000,34,0.2,1,True,True,0.481953125,0.0,0.0,0.018046875,0.0,336.0,0.0,0.481953125
Stationary harm,Cumulative,Successive rejects,930000,35,0.2,1,True,True,0.474453125,0.0,0.007500000000000002,0.018046875,0.0,336.0,0.0,0.481953125
Stationary harm,Cumulative,Successive rejects,930000,36,0.2,1,True,True,0.481953125,0.0,0.0,0.018046875,0.0,336.0,0.0,0.481953125
Stationary harm,Cumulative,Successive rejects,930000,37,0.2,1,True,True,0.4769531249999999,0.0,0.005000000000000001,0.018046875,0.0,336.0,0.0,0.481953125
Stationary harm,Cumulative,Successive rejects,930000,38,0.2,1,True,True,0.481953125,0.0,0.0,0.018046875,0.0,336.0,0.0,0.481953125
Stationary harm,Cumulative,Successive rejects,930000,39,0.2,1,True,True,0.481953125,0.0,0.0,0.018046875,0.0,336.0,0.0,0.481953125
Stationary harm,Cumulative,Successive rejects,930000,40,0.2,1,True,True,0.479453125,0.0,0.0025000000000000005,0.018046875,0.0,336.0,0.0,0.481953125
Stationary harm,Cumulative,Successive rejects,930000,41,0.2,1,True,True,0.481953125,0.0,0.0,0.018046875,0.0,336.0,0.0,0.481953125
Stationary harm,Cumulative,Successive rejects,930000,42,0.2,1,True,True,0.471953125,0.0,0.010000000000000002,0.018046875,0.0,336.0,0.0,0.481953125
Stationary harm,Cumulative,Successive rejects,930000,43,0.2,1,True,True,0.481953125,0.0,0.0,0.018046875,0.0,336.0,0.0,0.481953125
Stationary harm,Cumulative,Successive rejects,930000,44,0.2,1,True,True,0.481953125,0.0,0.0,0.018046875,0.0,336.0,0.0,0.481953125
Stationary harm,Cumulative,Successive rejects,930000,45,0.2,1,True,True,0.481953125,0.0,0.0,0.018046875,0.0,336.0,0.0,0.481953125
Stationary harm,Cumulative,Successive rejects,930000,46,0.2,1,True,True,0.474453125,0.0,0.007500000000000002,0.018046875,0.0,336.0,0.0,0.481953125
Stationary harm,Cumulative,Successive rejects,930000,47,0.2,1,True,True,0.481953125,0.0,0.0,0.018046875,0.0,336.0,0.0,0.481953125
Stationary harm,Cumulative,Successive rejects,930000,48,0.2,1,True,True,0.481953125,0.0,0.0,0.018046875,0.0,336.0,0.0,0.481953125
Stationary harm,Cumulative,Successive rejects,930000,49,0.2,1,True,True,0.481953125,0.0,0.0,0.018046875,0.0,336.0,0.0,0.481953125
Stationary harm,Cumulative,Successive rejects,930000,50,0.2,1,True,True,0.481953125,0.0,0.0,0.018046875,0.0,336.0,0.0,0.481953125
Stationary harm,Cumulative,Successive rejects,930000,51,0.2,1,True,True,0.481953125,0.0,0.0,0.018046875,0.0,336.0,0.0,0.481953125
Stationary harm,Cumulative,Successive rejects,930000,52,0.2,1,True,True,0.481953125,0.0,0.0,0.018046875,0.0,336.0,0.0,0.481953125
Stationary harm,Cumulative,Successive rejects,930000,53,0.2,1,True,True,0.481953125,0.0,0.0,0.018046875,0.0,336.0,0.0,0.481953125
Stationary harm,Cumulative,Successive rejects,930000,54,0.2,1,True,True,0.479453125,0.0,0.0025000000000000005,0.018046875,0.0,336.0,0.0,0.481953125
Stationary harm,Cumulative,Successive rejects,930000,55,0.2,1,True,True,0.481953125,0.0,0.0,0.018046875,0.0,336.0,0.0,0.481953125
Stationary harm,Cumulative,Successive rejects,930000,56,0.2,1,True,True,0.481953125,0.0,0.0,0.018046875,0.0,336.0,0.0,0.481953125
Stationary harm,Cumulative,Successive rejects,930000,57,0.2,1,True,True,0.474453125,0.0,0.007500000000000002,0.018046875,0.0,336.0,0.0,0.481953125
Stationary harm,Cumulative,Successive rejects,930000,58,0.2,1,True,True,0.481953125,0.0,0.0,0.018046875,0.0,336.0,0.0,0.481953125
Stationary harm,Cumulative,Successive rejects,930000,59,0.2,1,True,True,0.481953125,0.0,0.0,0.018046875,0.0,336.0,0.0,0.481953125
Stationary harm,Cumulative,Successive rejects,930000,60,0.2,1,True,True,0.481953125,0.0,0.0,0.018046875,0.0,336.0,0.0,0.481953125
Stationary harm,Cumulative,Successive rejects,930000,61,0.2,1,True,True,0.481953125,0.0,0.0,0.018046875,0.0,336.0,0.0,0.481953125
Stationary harm,Cumulative,Successive rejects,930000,62,0.2,1,True,True,0.4769531249999999,0.0,0.005000000000000001,0.018046875,0.0,336.0,0.0,0.481953125
Stationary harm,Cumulative,Successive rejects,930000,63,0.2,1,True,True,0.481953125,0.0,0.0,0.018046875,0.0,336.0,0.0,0.481953125
Stationary harm,Cumulative,Successive rejects,930000,64,0.2,1,True,True,0.481953125,0.0,0.0,0.018046875,0.0,336.0,0.0,0.481953125
Stationary harm,Cumulative,Successive rejects,930000,65,0.2,1,True,True,0.481953125,0.0,0.0,0.018046875,0.0,336.0,0.0,0.481953125
Stationary harm,Cumulative,Successive rejects,930000,66,0.2,1,True,True,0.481953125,0.0,0.0,0.018046875,0.0,336.0,0.0,0.481953125
Stationary harm,Cumulative,Successive rejects,930000,67,0.2,1,True,True,0.4769531249999999,0.0,0.005000000000000001,0.018046875,0.0,336.0,0.0,0.481953125
Stationary harm,Cumulative,Successive rejects,930000,68,0.2,1,True,True,0.481953125,0.0,0.0,0.018046875,0.0,336.0,0.0,0.481953125
Stationary harm,Cumulative,Successive rejects,930000,69,0.2,1,True,True,0.481953125,0.0,0.0,0.018046875,0.0,336.0,0.0,0.481953125
Stationary harm,Cumulative,Successive rejects,930000,70,0.2,1,True,True,0.481953125,0.0,0.0,0.018046875,0.0,336.0,0.0,0.481953125
Stationary harm,Cumulative,Successive rejects,930000,71,0.2,1,True,True,0.481953125,0.0,0.0,0.018046875,0.0,336.0,0.0,0.481953125
Stationary harm,Cumulative,Successive rejects,930000,72,0.2,1,True,True,0.481953125,0.0,0.0,0.018046875,0.0,336.0,0.0,0.481953125
Stationary harm,Cumulative,Successive rejects,930000,73,0.2,1,True,True,0.4769531249999999,0.0,0.005000000000000001,0.018046875,0.0,336.0,0.0,0.481953125
Stationary harm,Cumulative,Successive rejects,930000,74,0.2,1,True,True,0.481953125,0.0,0.0,0.018046875,0.0,336.0,0.0,0.481953125
Stationary harm,Cumulative,Successive rejects,930000,75,0.2,1,True,True,0.481953125,0.0,0.0,0.018046875,0.0,336.0,0.0,0.481953125
Stationary harm,Cumulative,Successive rejects,930000,76,0.2,1,True,True,0.481953125,0.0,0.0,0.018046875,0.0,336.0,0.0,0.481953125
Stationary harm,Cumulative,Successive rejects,930000,77,0.2,1,True,True,0.481953125,0.0,0.0,0.018046875,0.0,336.0,0.0,0.481953125
Stationary harm,Cumulative,Successive rejects,930000,78,0.2,1,True,True,0.481953125,0.0,0.0,0.018046875,0.0,336.0,0.0,0.481953125
Stationary harm,Cumulative,Successive rejects,930000,79,0.2,1,True,True,0.481953125,0.0,0.0,0.018046875,0.0,336.0,0.0,0.481953125
Stationary harm,Cumulative,Successive rejects,930000,80,0.2,1,True,True,0.481953125,0.0,0.0,0.018046875,0.0,336.0,0.0,0.481953125
Stationary harm,Cumulative,Successive rejects,930000,81,0.2,1,True,True,0.479453125,0.0,0.0025000000000000005,0.018046875,0.0,336.0,0.0,0.481953125
Stationary harm,Cumulative,Successive rejects,930000,82,0.2,1,True,True,0.481953125,0.0,0.0,0.018046875,0.0,336.0,0.0,0.481953125
Stationary harm,Cumulative,Successive rejects,930000,83,0.2,1,True,True,0.479453125,0.0,0.0025000000000000005,0.018046875,0.0,336.0,0.0,0.481953125
Stationary harm,Cumulative,Successive rejects,930000,84,0.2,1,True,True,0.481953125,0.0,0.0,0.018046875,0.0,336.0,0.0,0.481953125
Stationary harm,Cumulative,Successive rejects,930000,85,0.2,1,True,True,0.479453125,0.0,0.0025000000000000005,0.018046875,0.0,336.0,0.0,0.481953125
Stationary harm,Cumulative,Successive rejects,930000,86,0.2,1,True,True,0.481953125,0.0,0.0,0.018046875,0.0,336.0,0.0,0.481953125
Stationary harm,Cumulative,Successive rejects,930000,87,0.2,1,True,True,0.479453125,0.0,0.0025000000000000005,0.018046875,0.0,336.0,0.0,0.481953125
Stationary harm,Cumulative,Successive rejects,930000,88,0.2,1,True,True,0.479453125,0.0,0.0025000000000000005,0.018046875,0.0,336.0,0.0,0.481953125
Stationary harm,Cumulative,Successive rejects,930000,89,0.2,1,True,True,0.4769531249999999,0.0,0.005000000000000001,0.018046875,0.0,336.0,0.0,0.481953125
Stationary harm,Cumulative,Successive rejects,930000,90,0.2,1,True,True,0.481953125,0.0,0.0,0.018046875,0.0,336.0,0.0,0.481953125
Stationary harm,Cumulative,Successive rejects,930000,91,0.2,1,True,True,0.481953125,0.0,0.0,0.018046875,0.0,336.0,0.0,0.481953125
Stationary harm,Cumulative,Successive rejects,930000,92,0.2,1,True,True,0.481953125,0.0,0.0,0.018046875,0.0,336.0,0.0,0.481953125
Stationary harm,Cumulative,Successive rejects,930000,93,0.2,1,True,True,0.479453125,0.0,0.0025000000000000005,0.018046875,0.0,336.0,0.0,0.481953125
Stationary harm,Cumulative,Successive rejects,930000,94,0.2,1,True,True,0.481953125,0.0,0.0,0.018046875,0.0,336.0,0.0,0.481953125
Stationary harm,Cumulative,Successive rejects,930000,95,0.2,1,True,True,0.479453125,0.0,0.0025000000000000005,0.018046875,0.0,336.0,0.0,0.481953125
Stationary harm,Cumulative,Repeated discovery,930000,0,0.2,1,True,False,0.48190043131510424,0.0,0.0,0.018099568684895834,0.0035976155598958334,336.7916666666667,0.08333333333333333,0.481912841796875
Stationary harm,Cumulative,Repeated discovery,930000,1,0.2,1,True,False,0.4818967692057292,0.0,0.0,0.018103230794270835,0.0036012776692708336,336.8125,0.10416666666666667,0.4818975830078125
Stationary harm,Cumulative,Repeated discovery,930000,2,0.2,1,True,False,0.4619015502929688,0.0,0.020000000000000004,0.01809844970703125,0.0035964965820312503,336.7708333333333,0.08333333333333333,0.4818975830078125
Stationary harm,Cumulative,Repeated discovery,930000,3,0.2,1,True,False,0.48191029866536467,0.0,0.0,0.018089701334635413,0.0035877482096354166,336.75,0.020833333333333332,0.481912841796875
Stationary harm,Cumulative,Repeated discovery,930000,4,0.2,1,True,False,0.48189931233723965,0.0,0.0,0.018100687662760417,0.003598734537760417,336.8125,0.08333333333333333,0.4818975830078125
Stationary harm,Cumulative,Repeated discovery,930000,5,0.2,1,True,False,0.47689788818359374,0.0,0.005000000000000001,0.01810211181640625,0.0036001586914062504,336.7916666666667,0.10416666666666667,0.4818975830078125
Stationary harm,Cumulative,Repeated discovery,930000,6,0.2,1,True,False,0.4819029744466146,0.0,0.0,0.018097025553385417,0.003595072428385417,336.7916666666667,0.0625,0.4818975830078125
Stationary harm,Cumulative,Repeated discovery,930000,7,0.2,1,True,False,0.48190043131510424,0.0,0.0,0.018099568684895834,0.0035976155598958334,336.7916666666667,0.08333333333333333,0.4818975830078125
Stationary harm,Cumulative,Repeated discovery,930000,8,0.2,1,True,False,0.4819015502929688,0.0,0.0,0.01809844970703125,0.0035964965820312503,336.7708333333333,0.08333333333333333,0.4818975830078125
Stationary harm,Cumulative,Repeated discovery,930000,9,0.2,1,True,False,0.4819029744466146,0.0,0.0,0.018097025553385417,0.003595072428385417,336.7916666666667,0.0625,0.4818975830078125
Stationary harm,Cumulative,Repeated discovery,930000,10,0.2,1,True,False,0.4819029744466146,0.0,0.0,0.018097025553385417,0.003595072428385417,336.7916666666667,0.0625,0.481912841796875
Stationary harm,Cumulative,Repeated discovery,930000,11,0.2,1,True,False,0.4819015502929688,0.0,0.0,0.01809844970703125,0.0035964965820312503,336.7708333333333,0.08333333333333333,0.481912841796875
Stationary harm,Cumulative,Repeated discovery,930000,12,0.2,1,True,False,0.48189646402994796,0.0,0.0,0.01810353597005208,0.0036015828450520833,336.7708333333333,0.125,0.4818975830078125
Stationary harm,Cumulative,Repeated discovery,930000,13,0.2,1,True,False,0.4819029744466146,0.0,0.0,0.018097025553385417,0.003595072428385417,336.7916666666667,0.0625,0.481912841796875
Stationary harm,Cumulative,Repeated discovery,930000,14,0.2,1,True,False,0.481900126139323,0.0,0.0,0.01809987386067708,0.003597920735677083,336.75,0.10416666666666667,0.4818975830078125
Stationary harm,Cumulative,Repeated discovery,930000,15,0.2,1,True,False,0.4819029744466146,0.0,0.0,0.018097025553385417,0.003595072428385417,336.7916666666667,0.0625,0.4818975830078125
Stationary harm,Cumulative,Repeated discovery,930000,16,0.2,1,True,False,0.47940409342447915,0.0,0.0025000000000000005,0.01809590657552083,0.0035939534505208333,336.7708333333333,0.0625,0.481912841796875
Stationary harm,Cumulative,Repeated discovery,930000,17,0.2,1,True,False,0.48190439860026046,0.0,0.0,0.018095601399739585,0.0035936482747395836,336.8125,0.041666666666666664,0.481912841796875
Stationary harm,Cumulative,Repeated discovery,930000,18,0.2,1,True,False,0.4793978881835937,0.0,0.0025000000000000005,0.01810211181640625,0.0036001586914062504,336.7916666666667,0.10416666666666667,0.4818975830078125
Stationary harm,Cumulative,Repeated discovery,930000,19,0.2,1,True,False,0.48190185546875003,0.0,0.0,0.018098144531250002,0.0035961914062500005,336.8125,0.0625,0.481912841796875
Stationary harm,Cumulative,Repeated discovery,930000,20,0.2,1,True,False,0.48190663655598964,0.0,0.0,0.018093363444010416,0.0035914103190104168,336.7708333333333,0.041666666666666664,0.481912841796875
Stationary harm,Cumulative,Repeated discovery,930000,21,0.2,1,True,False,0.44439931233723956,0.0,0.037500000000000006,0.018100687662760417,0.003598734537760417,336.8125,0.08333333333333333,0.4818975830078125
Stationary harm,Cumulative,Repeated discovery,930000,22,0.2,1,True,False,0.4818978881835938,0.0,0.0,0.01810211181640625,0.0036001586914062504,336.7916666666667,0.10416666666666667,0.4818975830078125
Stationary harm,Cumulative,Repeated discovery,930000,23,0.2,1,True,False,0.4818978881835938,0.0,0.0,0.01810211181640625,0.0036001586914062504,336.7916666666667,0.10416666666666667,0.4818975830078125
Stationary harm,Cumulative,Repeated discovery,930000,24,0.2,1,True,False,0.4818978881835938,0.0,0.0,0.01810211181640625,0.0036001586914062504,336.7916666666667,0.10416666666666667,0.4818975830078125
Stationary harm,Cumulative,Repeated discovery,930000,25,0.2,1,True,False,0.4819029744466146,0.0,0.0,0.018097025553385417,0.003595072428385417,336.7916666666667,0.0625,0.4818975830078125
Stationary harm,Cumulative,Repeated discovery,930000,26,0.2,1,True,False,0.4819029744466146,0.0,0.0,0.018097025553385417,0.003595072428385417,336.7916666666667,0.0625,0.481912841796875
Stationary harm,Cumulative,Repeated discovery,930000,27,0.2,1,True,False,0.47689646402994795,0.0,0.005000000000000001,0.01810353597005208,0.0036015828450520833,336.7708333333333,0.125,0.4818975830078125
Stationary harm,Cumulative,Repeated discovery,930000,28,0.2,1,True,False,0.48189534505208337,0.0,0.0,0.018104654947916667,0.003602701822916667,336.7916666666667,0.125,0.4818975830078125
Stationary harm,Cumulative,Repeated discovery,930000,29,0.2,1,True,False,0.48190043131510424,0.0,0.0,0.018099568684895834,0.0035976155598958334,336.7916666666667,0.08333333333333333,0.4818975830078125
Stationary harm,Cumulative,Repeated discovery,930000,30,0.2,1,True,False,0.4819040934244792,0.0,0.0,0.01809590657552083,0.0035939534505208333,336.7708333333333,0.0625,0.481912841796875
Stationary harm,Cumulative,Repeated discovery,930000,31,0.2,1,True,False,0.4819015502929688,0.0,0.0,0.01809844970703125,0.0035964965820312503,336.7708333333333,0.08333333333333333,0.481912841796875
Stationary harm,Cumulative,Repeated discovery,930000,32,0.2,1,True,False,0.47440297444661456,0.0,0.007500000000000002,0.018097025553385417,0.003595072428385417,336.7916666666667,0.0625,0.481912841796875
Stationary harm,Cumulative,Repeated discovery,930000,33,0.2,1,True,False,0.48190185546875003,0.0,0.0,0.018098144531250002,0.0035961914062500005,336.8125,0.0625,0.4818975830078125
Stationary harm,Cumulative,Repeated discovery,930000,34,0.2,1,True,False,0.4819040934244792,0.0,0.0,0.01809590657552083,0.0035939534505208333,336.7708333333333,0.0625,0.4818975830078125
Stationary harm,Cumulative,Repeated discovery,930000,35,0.2,1,True,False,0.4818978881835938,0.0,0.0,0.01810211181640625,0.0036001586914062504,336.7916666666667,0.10416666666666667,0.481912841796875
Stationary harm,Cumulative,Repeated discovery,930000,36,0.2,1,True,False,0.4819015502929688,0.0,0.0,0.01809844970703125,0.0035964965820312503,336.7708333333333,0.08333333333333333,0.481912841796875
Stationary harm,Cumulative,Repeated discovery,930000,37,0.2,1,True,False,0.48190043131510424,0.0,0.0,0.018099568684895834,0.0035976155598958334,336.7916666666667,0.08333333333333333,0.4818975830078125
Stationary harm,Cumulative,Repeated discovery,930000,38,0.2,1,True,False,0.4793967692057291,0.0,0.0025000000000000005,0.018103230794270835,0.0036012776692708336,336.8125,0.10416666666666667,0.4818975830078125
Stationary harm,Cumulative,Repeated discovery,930000,39,0.2,1,True,False,0.4819029744466146,0.0,0.0,0.018097025553385417,0.003595072428385417,336.7916666666667,0.0625,0.481912841796875
Stationary harm,Cumulative,Repeated discovery,930000,40,0.2,1,True,False,0.4819029744466146,0.0,0.0,0.018097025553385417,0.003595072428385417,336.7916666666667,0.0625,0.4818975830078125
Stationary harm,Cumulative,Repeated discovery,930000,41,0.2,1,True,False,0.4819069417317709,0.0,0.0,0.018093058268229167,0.003591105143229167,336.8125,0.020833333333333332,0.481912841796875
Stationary harm,Cumulative,Repeated discovery,930000,42,0.2,1,True,False,0.48190043131510424,0.0,0.0,0.018099568684895834,0.0035976155598958334,336.7916666666667,0.08333333333333333,0.481912841796875
Stationary harm,Cumulative,Repeated discovery,930000,43,0.2,1,True,False,0.48190185546875003,0.0,0.0,0.018098144531250002,0.0035961914062500005,336.8125,0.0625,0.481912841796875
Stationary harm,Cumulative,Repeated discovery,930000,44,0.2,1,True,False,0.4818990071614584,0.0,0.0,0.018100992838541666,0.0035990397135416668,336.7708333333333,0.10416666666666667,0.4818975830078125
Stationary harm,Cumulative,Repeated discovery,930000,45,0.2,1,True,False,0.4819029744466146,0.0,0.0,0.018097025553385417,0.003595072428385417,336.7916666666667,0.0625,0.481912841796875
Stationary harm,Cumulative,Repeated discovery,930000,46,0.2,1,True,False,0.4819029744466146,0.0,0.0,0.018097025553385417,0.003595072428385417,336.7916666666667,0.0625,0.481912841796875
Stationary harm,Cumulative,Repeated discovery,930000,47,0.2,1,True,False,0.48190043131510424,0.0,0.0,0.018099568684895834,0.0035976155598958334,336.7916666666667,0.08333333333333333,0.4818975830078125
Stationary harm,Cumulative,Repeated discovery,930000,48,0.2,1,True,False,0.4819029744466146,0.0,0.0,0.018097025553385417,0.003595072428385417,336.7916666666667,0.0625,0.4818975830078125
Stationary harm,Cumulative,Repeated discovery,930000,49,0.2,1,True,False,0.4819029744466146,0.0,0.0,0.018097025553385417,0.003595072428385417,336.7916666666667,0.0625,0.481912841796875
Stationary harm,Cumulative,Repeated discovery,930000,50,0.2,1,True,False,0.48190185546875003,0.0,0.0,0.018098144531250002,0.0035961914062500005,336.8125,0.0625,0.4818975830078125
Stationary harm,Cumulative,Repeated discovery,930000,51,0.2,1,True,False,0.48189646402994796,0.0,0.0,0.01810353597005208,0.0036015828450520833,336.7708333333333,0.125,0.4818975830078125
Stationary harm,Cumulative,Repeated discovery,930000,52,0.2,1,True,False,0.4819026692708334,0.0,0.0,0.018097330729166663,0.0035953776041666666,336.75,0.08333333333333333,0.481912841796875
Stationary harm,Cumulative,Repeated discovery,930000,53,0.2,1,True,False,0.47440266927083335,0.0,0.007500000000000002,0.018097330729166663,0.0035953776041666666,336.75,0.08333333333333333,0.4818975830078125
Stationary harm,Cumulative,Repeated discovery,930000,54,0.2,1,True,False,0.4818967692057292,0.0,0.0,0.018103230794270835,0.0036012776692708336,336.8125,0.10416666666666667,0.4818975830078125
Stationary harm,Cumulative,Repeated discovery,930000,55,0.2,1,True,False,0.4818978881835938,0.0,0.0,0.01810211181640625,0.0036001586914062504,336.7916666666667,0.10416666666666667,0.4818975830078125
Stationary harm,Cumulative,Repeated discovery,930000,56,0.2,1,True,False,0.48190043131510424,0.0,0.0,0.018099568684895834,0.0035976155598958334,336.7916666666667,0.08333333333333333,0.4818975830078125
Stationary harm,Cumulative,Repeated discovery,930000,57,0.2,1,True,False,0.4818990071614584,0.0,0.0,0.018100992838541666,0.0035990397135416668,336.7708333333333,0.10416666666666667,0.4818975830078125
Stationary harm,Cumulative,Repeated discovery,930000,58,0.2,1,True,False,0.48190043131510424,0.0,0.0,0.018099568684895834,0.0035976155598958334,336.7916666666667,0.08333333333333333,0.4818975830078125
Stationary harm,Cumulative,Repeated discovery,930000,59,0.2,1,True,False,0.48189931233723965,0.0,0.0,0.018100687662760417,0.003598734537760417,336.8125,0.08333333333333333,0.4818975830078125
Stationary harm,Cumulative,Repeated discovery,930000,60,0.2,1,True,False,0.4819015502929688,0.0,0.0,0.01809844970703125,0.0035964965820312503,336.7708333333333,0.08333333333333333,0.481912841796875
Stationary harm,Cumulative,Repeated discovery,930000,61,0.2,1,True,False,0.4819026692708334,0.0,0.0,0.018097330729166663,0.0035953776041666666,336.75,0.08333333333333333,0.481912841796875
Stationary harm,Cumulative,Repeated discovery,930000,62,0.2,1,True,False,0.4819015502929688,0.0,0.0,0.01809844970703125,0.0035964965820312503,336.7708333333333,0.08333333333333333,0.4818975830078125
Stationary harm,Cumulative,Repeated discovery,930000,63,0.2,1,True,False,0.4818990071614584,0.0,0.0,0.018100992838541666,0.0035990397135416668,336.7708333333333,0.10416666666666667,0.4818975830078125
Stationary harm,Cumulative,Repeated discovery,930000,64,0.2,1,True,False,0.4818942260742188,0.0,0.0,0.018105773925781252,0.0036038208007812505,336.8125,0.125,0.4818975830078125
Stationary harm,Cumulative,Repeated discovery,930000,65,0.2,1,True,False,0.4819040934244792,0.0,0.0,0.01809590657552083,0.0035939534505208333,336.7708333333333,0.0625,0.4818975830078125
Stationary harm,Cumulative,Repeated discovery,930000,66,0.2,1,True,False,0.48189758300781255,0.0,0.0,0.0181024169921875,0.0036004638671875,336.75,0.125,0.4818975830078125
Stationary harm,Cumulative,Repeated discovery,930000,67,0.2,1,True,False,0.4819040934244792,0.0,0.0,0.01809590657552083,0.0035939534505208333,336.7708333333333,0.0625,0.4818975830078125
Stationary harm,Cumulative,Repeated discovery,930000,68,0.2,1,True,False,0.4818967692057292,0.0,0.0,0.018103230794270835,0.0036012776692708336,336.8125,0.10416666666666667,0.481912841796875
Stationary harm,Cumulative,Repeated discovery,930000,69,0.2,1,True,False,0.4818990071614584,0.0,0.0,0.018100992838541666,0.0035990397135416668,336.7708333333333,0.10416666666666667,0.481912841796875
Stationary harm,Cumulative,Repeated discovery,930000,70,0.2,1,True,False,0.48189758300781255,0.0,0.0,0.0181024169921875,0.0036004638671875,336.75,0.125,0.4818975830078125
Stationary harm,Cumulative,Repeated discovery,930000,71,0.2,1,True,False,0.4819040934244792,0.0,0.0,0.01809590657552083,0.0035939534505208333,336.7708333333333,0.0625,0.4818975830078125
Stationary harm,Cumulative,Repeated discovery,930000,72,0.2,1,True,False,0.48190185546875003,0.0,0.0,0.018098144531250002,0.0035961914062500005,336.8125,0.0625,0.481912841796875
Stationary harm,Cumulative,Repeated discovery,930000,73,0.2,1,True,False,0.48190043131510424,0.0,0.0,0.018099568684895834,0.0035976155598958334,336.7916666666667,0.08333333333333333,0.4818975830078125
Stationary harm,Cumulative,Repeated discovery,930000,74,0.2,1,True,False,0.4793978881835938,0.0,0.0025000000000000005,0.01810211181640625,0.0036001586914062504,336.7916666666667,0.10416666666666667,0.4818975830078125
Stationary harm,Cumulative,Repeated discovery,930000,75,0.2,1,True,False,0.45503560384114583,0.020833333333333332,0.026875000000000007,0.018089396158854167,0.003587443033854167,336.7916666666667,0.0,0.481912841796875
Stationary harm,Cumulative,Repeated discovery,930000,76,0.2,1,True,False,0.4794029744466146,0.0,0.0025000000000000005,0.018097025553385417,0.003595072428385417,336.7916666666667,0.0625,0.481912841796875
Stationary harm,Cumulative,Repeated discovery,930000,77,0.2,1,True,False,0.48190185546875003,0.0,0.0,0.018098144531250002,0.0035961914062500005,336.8125,0.0625,0.4818975830078125
Stationary harm,Cumulative,Repeated discovery,930000,78,0.2,1,True,False,0.4818978881835938,0.0,0.0,0.01810211181640625,0.0036001586914062504,336.7916666666667,0.10416666666666667,0.4818975830078125
Stationary harm,Cumulative,Repeated discovery,930000,79,0.2,1,True,False,0.48190043131510424,0.0,0.0,0.018099568684895834,0.0035976155598958334,336.7916666666667,0.08333333333333333,0.481912841796875
Stationary harm,Cumulative,Repeated discovery,930000,80,0.2,1,True,False,0.48190043131510424,0.0,0.0,0.018099568684895834,0.0035976155598958334,336.7916666666667,0.08333333333333333,0.4818975830078125
Stationary harm,Cumulative,Repeated discovery,930000,81,0.2,1,True,False,0.4719004313151041,0.0,0.010000000000000002,0.018099568684895834,0.0035976155598958334,336.7916666666667,0.08333333333333333,0.4818975830078125
Stationary harm,Cumulative,Repeated discovery,930000,82,0.2,1,True,False,0.4794004313151041,0.0,0.0025000000000000005,0.018099568684895834,0.0035976155598958334,336.7916666666667,0.08333333333333333,0.4818975830078125
Stationary harm,Cumulative,Repeated discovery,930000,83,0.2,1,True,False,0.47440694173177084,0.0,0.007500000000000002,0.018093058268229167,0.003591105143229167,336.8125,0.020833333333333332,0.481912841796875
Stationary harm,Cumulative,Repeated discovery,930000,84,0.2,1,True,False,0.481900126139323,0.0,0.0,0.01809987386067708,0.003597920735677083,336.75,0.10416666666666667,0.4818975830078125
Stationary harm,Cumulative,Repeated discovery,930000,85,0.2,1,True,False,0.48190043131510424,0.0,0.0,0.018099568684895834,0.0035976155598958334,336.7916666666667,0.08333333333333333,0.4818975830078125
Stationary harm,Cumulative,Repeated discovery,930000,86,0.2,1,True,False,0.481900126139323,0.0,0.0,0.01809987386067708,0.003597920735677083,336.75,0.10416666666666667,0.4818975830078125
Stationary harm,Cumulative,Repeated discovery,930000,87,0.2,1,True,False,0.48190663655598964,0.0,0.0,0.018093363444010416,0.0035914103190104168,336.7708333333333,0.041666666666666664,0.481912841796875
Stationary harm,Cumulative,Repeated discovery,930000,88,0.2,1,True,False,0.4819029744466146,0.0,0.0,0.018097025553385417,0.003595072428385417,336.7916666666667,0.0625,0.481912841796875
Stationary harm,Cumulative,Repeated discovery,930000,89,0.2,1,True,False,0.48189646402994796,0.0,0.0,0.01810353597005208,0.0036015828450520833,336.7708333333333,0.125,0.4818975830078125
Stationary harm,Cumulative,Repeated discovery,930000,90,0.2,1,True,False,0.4819052124023438,0.0,0.0,0.01809478759765625,0.00359283447265625,336.75,0.0625,0.4818975830078125
Stationary harm,Cumulative,Repeated discovery,930000,91,0.2,1,True,False,0.48190043131510424,0.0,0.0,0.018099568684895834,0.0035976155598958334,336.7916666666667,0.08333333333333333,0.4818975830078125
Stationary harm,Cumulative,Repeated discovery,930000,92,0.2,1,True,False,0.48190043131510424,0.0,0.0,0.018099568684895834,0.0035976155598958334,336.7916666666667,0.08333333333333333,0.4818975830078125
Stationary harm,Cumulative,Repeated discovery,930000,93,0.2,1,True,False,0.48189534505208337,0.0,0.0,0.018104654947916667,0.003602701822916667,336.7916666666667,0.125,0.4818975830078125
Stationary harm,Cumulative,Repeated discovery,930000,94,0.2,1,True,False,0.4818990071614584,0.0,0.0,0.018100992838541666,0.0035990397135416668,336.7708333333333,0.10416666666666667,0.4818975830078125
Stationary harm,Cumulative,Repeated discovery,930000,95,0.2,1,True,False,0.4819040934244792,0.0,0.0,0.01809590657552083,0.0035939534505208333,336.7708333333333,0.0625,0.481912841796875
Stationary harm,Cumulative,Repeated discovery,930000,0,0.2,1,False,True,0.4794029744466146,0.0,0.0025000000000000005,0.018097025553385417,0.003595072428385417,336.7916666666667,0.0625,0.481912841796875
Stationary harm,Cumulative,Repeated discovery,930000,1,0.2,1,False,True,0.4819069417317709,0.0,0.0,0.018093058268229167,0.003591105143229167,336.8125,0.020833333333333332,0.481912841796875
Stationary harm,Cumulative,Repeated discovery,930000,2,0.2,1,False,True,0.47440663655598964,0.0,0.007500000000000002,0.018093363444010416,0.0035914103190104168,336.7708333333333,0.041666666666666664,0.481912841796875
Stationary harm,Cumulative,Repeated discovery,930000,3,0.2,1,False,True,0.4769102986653646,0.0,0.005000000000000001,0.018089701334635413,0.0035877482096354166,336.75,0.020833333333333332,0.481912841796875
Stationary harm,Cumulative,Repeated discovery,930000,4,0.2,1,False,True,0.4819032796223959,0.0,0.0,0.018096720377604163,0.0035947672526041668,336.8333333333333,0.041666666666666664,0.481912841796875
Stationary harm,Cumulative,Repeated discovery,930000,5,0.2,1,False,True,0.47940551757812494,0.0,0.0025000000000000005,0.018094482421875,0.0035925292968750004,336.7916666666667,0.041666666666666664,0.481912841796875
Stationary harm,Cumulative,Repeated discovery,930000,6,0.2,1,False,True,0.48190551757812505,0.0,0.0,0.018094482421875,0.0035925292968750004,336.7916666666667,0.041666666666666664,0.481912841796875
Stationary harm,Cumulative,Repeated discovery,930000,7,0.2,1,False,True,0.4581580607096354,0.041666666666666664,0.023750000000000004,0.018091939290364584,0.0035899861653645834,336.7916666666667,0.020833333333333332,0.481912841796875
Stationary harm,Cumulative,Repeated discovery,930000,8,0.2,1,False,True,0.4819091796875001,0.0,0.0,0.0180908203125,0.0035888671875000003,336.7708333333333,0.020833333333333332,0.481912841796875
Stationary harm,Cumulative,Repeated discovery,930000,9,0.2,1,False,True,0.47003306070963546,0.020833333333333332,0.011875000000000002,0.018091939290364584,0.0035899861653645834,336.7916666666667,0.020833333333333332,0.481912841796875
Stationary harm,Cumulative,Repeated discovery,930000,10,0.2,1,False,True,0.48190551757812505,0.0,0.0,0.018094482421875,0.0035925292968750004,336.7916666666667,0.041666666666666664,0.481912841796875
Stationary harm,Cumulative,Repeated discovery,930000,11,0.2,1,False,True,0.4819040934244792,0.0,0.0,0.01809590657552083,0.0035939534505208333,336.7708333333333,0.0625,0.481912841796875
Stationary harm,Cumulative,Repeated discovery,930000,12,0.2,1,False,True,0.48190663655598964,0.0,0.0,0.018093363444010416,0.0035914103190104168,336.7708333333333,0.041666666666666664,0.4818975830078125
Stationary harm,Cumulative,Repeated discovery,930000,13,0.2,1,False,True,0.48190551757812505,0.0,0.0,0.018094482421875,0.0035925292968750004,336.7916666666667,0.041666666666666664,0.481912841796875
Stationary harm,Cumulative,Repeated discovery,930000,14,0.2,1,False,True,0.48190775553385423,0.0,0.0,0.01809224446614583,0.003590291341145833,336.75,0.041666666666666664,0.481912841796875
Stationary harm,Cumulative,Repeated discovery,930000,15,0.2,1,False,True,0.47503306070963536,0.020833333333333332,0.006875000000000002,0.018091939290364584,0.0035899861653645834,336.7916666666667,0.020833333333333332,0.4818975830078125
Stationary harm,Cumulative,Repeated discovery,930000,16,0.2,1,False,True,0.47940663655598953,0.0,0.0025000000000000005,0.018093363444010416,0.0035914103190104168,336.7708333333333,0.041666666666666664,0.481912841796875
Stationary harm,Cumulative,Repeated discovery,930000,17,0.2,1,False,True,0.47940439860026035,0.0,0.0025000000000000005,0.018095601399739585,0.0035936482747395836,336.8125,0.041666666666666664,0.481912841796875
Stationary harm,Cumulative,Repeated discovery,930000,18,0.2,1,False,True,0.4794004313151041,0.0,0.0025000000000000005,0.018099568684895834,0.0035976155598958334,336.7916666666667,0.08333333333333333,0.4818975830078125
Stationary harm,Cumulative,Repeated discovery,930000,19,0.2,1,False,True,0.4744043986002604,0.0,0.007500000000000002,0.018095601399739585,0.0035936482747395836,336.8125,0.041666666666666664,0.481912841796875
Stationary harm,Cumulative,Repeated discovery,930000,20,0.2,1,False,True,0.4700367228190105,0.020833333333333332,0.011875000000000002,0.01808827718098958,0.0035863240559895833,336.7708333333333,0.0,0.481912841796875
Stationary harm,Cumulative,Repeated discovery,930000,21,0.2,1,False,True,0.46440582275390624,0.0,0.017500000000000005,0.01809417724609375,0.00359222412109375,336.8333333333333,0.020833333333333332,0.481912841796875
Stationary harm,Cumulative,Repeated discovery,930000,22,0.2,1,False,True,0.4819029744466146,0.0,0.0,0.018097025553385417,0.003595072428385417,336.7916666666667,0.0625,0.481912841796875
Stationary harm,Cumulative,Repeated discovery,930000,23,0.2,1,False,True,0.4819080607096355,0.0,0.0,0.018091939290364584,0.0035899861653645834,336.7916666666667,0.020833333333333332,0.481912841796875
Stationary harm,Cumulative,Repeated discovery,930000,24,0.2,1,False,True,0.47503306070963536,0.020833333333333332,0.006875000000000002,0.018091939290364584,0.0035899861653645834,336.7916666666667,0.020833333333333332,0.481912841796875
Stationary harm,Cumulative,Repeated discovery,930000,25,0.2,1,False,True,0.4794080607096354,0.0,0.0025000000000000005,0.018091939290364584,0.0035899861653645834,336.7916666666667,0.020833333333333332,0.481912841796875
Stationary harm,Cumulative,Repeated discovery,930000,26,0.2,1,False,True,0.48191060384114587,0.0,0.0,0.018089396158854167,0.003587443033854167,336.7916666666667,0.0,0.481912841796875
Stationary harm,Cumulative,Repeated discovery,930000,27,0.2,1,False,True,0.4719015502929687,0.0,0.010000000000000002,0.01809844970703125,0.0035964965820312503,336.7708333333333,0.08333333333333333,0.481912841796875
Stationary harm,Cumulative,Repeated discovery,930000,28,0.2,1,False,True,0.4819029744466146,0.0,0.0,0.018097025553385417,0.003595072428385417,336.7916666666667,0.0625,0.4818975830078125
Stationary harm,Cumulative,Repeated discovery,930000,29,0.2,1,False,True,0.48190043131510424,0.0,0.0,0.018099568684895834,0.0035976155598958334,336.7916666666667,0.08333333333333333,0.4818975830078125
Stationary harm,Cumulative,Repeated discovery,930000,30,0.2,1,False,True,0.47440917968750007,0.0,0.007500000000000002,0.0180908203125,0.0035888671875000003,336.7708333333333,0.020833333333333332,0.481912841796875
Stationary harm,Cumulative,Repeated discovery,930000,31,0.2,1,False,True,0.48190663655598964,0.0,0.0,0.018093363444010416,0.0035914103190104168,336.7708333333333,0.041666666666666664,0.481912841796875
Stationary harm,Cumulative,Repeated discovery,930000,32,0.2,1,False,True,0.4337830607096354,0.14583333333333334,0.04812500000000001,0.018091939290364584,0.0035899861653645834,336.7916666666667,0.020833333333333332,0.481912841796875
Stationary harm,Cumulative,Repeated discovery,930000,33,0.2,1,False,True,0.4819069417317709,0.0,0.0,0.018093058268229167,0.003591105143229167,336.8125,0.020833333333333332,0.481912841796875
Stationary harm,Cumulative,Repeated discovery,930000,34,0.2,1,False,True,0.48190043131510424,0.0,0.0,0.018099568684895834,0.0035976155598958334,336.7916666666667,0.08333333333333333,0.481912841796875
Stationary harm,Cumulative,Repeated discovery,930000,35,0.2,1,False,True,0.47690806070963543,0.0,0.005000000000000001,0.018091939290364584,0.0035899861653645834,336.7916666666667,0.020833333333333332,0.481912841796875
Stationary harm,Cumulative,Repeated discovery,930000,36,0.2,1,False,True,0.4819040934244792,0.0,0.0,0.01809590657552083,0.0035939534505208333,336.7708333333333,0.0625,0.481912841796875
Stationary harm,Cumulative,Repeated discovery,930000,37,0.2,1,False,True,0.4794080607096354,0.0,0.0025000000000000005,0.018091939290364584,0.0035899861653645834,336.7916666666667,0.020833333333333332,0.481912841796875
Stationary harm,Cumulative,Repeated discovery,930000,38,0.2,1,False,True,0.4794069417317708,0.0,0.0025000000000000005,0.018093058268229167,0.003591105143229167,336.8125,0.020833333333333332,0.481912841796875
Stationary harm,Cumulative,Repeated discovery,930000,39,0.2,1,False,True,0.4793978881835937,0.0,0.0025000000000000005,0.01810211181640625,0.0036001586914062504,336.7916666666667,0.10416666666666667,0.4818975830078125
Stationary harm,Cumulative,Repeated discovery,930000,40,0.2,1,False,True,0.471905517578125,0.0,0.010000000000000002,0.018094482421875,0.0035925292968750004,336.7916666666667,0.041666666666666664,0.481912841796875
Stationary harm,Cumulative,Repeated discovery,930000,41,0.2,1,False,True,0.46128194173177084,0.0625,0.020625000000000004,0.018093058268229167,0.003591105143229167,336.8125,0.020833333333333332,0.481912841796875
Stationary harm,Cumulative,Repeated discovery,930000,42,0.2,1,False,True,0.476905517578125,0.0,0.005000000000000001,0.018094482421875,0.0035925292968750004,336.7916666666667,0.041666666666666664,0.4818975830078125
Stationary harm,Cumulative,Repeated discovery,930000,43,0.2,1,False,True,0.48189931233723965,0.0,0.0,0.018100687662760417,0.003598734537760417,336.8125,0.08333333333333333,0.4818975830078125
Stationary harm,Cumulative,Repeated discovery,930000,44,0.2,1,False,True,0.4819040934244792,0.0,0.0,0.01809590657552083,0.0035939534505208333,336.7708333333333,0.0625,0.481912841796875
Stationary harm,Cumulative,Repeated discovery,930000,45,0.2,1,False,True,0.4750356038411458,0.020833333333333332,0.006875000000000002,0.018089396158854167,0.003587443033854167,336.7916666666667,0.0,0.481912841796875
Stationary harm,Cumulative,Repeated discovery,930000,46,0.2,1,False,True,0.4819080607096355,0.0,0.0,0.018091939290364584,0.0035899861653645834,336.7916666666667,0.020833333333333332,0.481912841796875
Stationary harm,Cumulative,Repeated discovery,930000,47,0.2,1,False,True,0.48190043131510424,0.0,0.0,0.018099568684895834,0.0035976155598958334,336.7916666666667,0.08333333333333333,0.4818975830078125
Stationary harm,Cumulative,Repeated discovery,930000,48,0.2,1,False,True,0.4819080607096355,0.0,0.0,0.018091939290364584,0.0035899861653645834,336.7916666666667,0.020833333333333332,0.481912841796875
Stationary harm,Cumulative,Repeated discovery,930000,49,0.2,1,False,True,0.4794080607096354,0.0,0.0025000000000000005,0.018091939290364584,0.0035899861653645834,336.7916666666667,0.020833333333333332,0.481912841796875
Stationary harm,Cumulative,Repeated discovery,930000,50,0.2,1,False,True,0.4819094848632813,0.0,0.0,0.018090515136718752,0.0035885620117187505,336.8125,0.0,0.481912841796875
Stationary harm,Cumulative,Repeated discovery,930000,51,0.2,1,False,True,0.48190663655598964,0.0,0.0,0.018093363444010416,0.0035914103190104168,336.7708333333333,0.041666666666666664,0.481912841796875
Stationary harm,Cumulative,Repeated discovery,930000,52,0.2,1,False,True,0.47440521240234373,0.0,0.007500000000000002,0.01809478759765625,0.00359283447265625,336.75,0.0625,0.481912841796875
Stationary harm,Cumulative,Repeated discovery,930000,53,0.2,1,False,True,0.4819052124023438,0.0,0.0,0.01809478759765625,0.00359283447265625,336.75,0.0625,0.481912841796875
Stationary harm,Cumulative,Repeated discovery,930000,54,0.2,1,False,True,0.4794058227539062,0.0,0.0025000000000000005,0.01809417724609375,0.00359222412109375,336.8333333333333,0.020833333333333332,0.481912841796875
Stationary harm,Cumulative,Repeated discovery,930000,55,0.2,1,False,True,0.48190043131510424,0.0,0.0,0.018099568684895834,0.0035976155598958334,336.7916666666667,0.08333333333333333,0.481912841796875
Stationary harm,Cumulative,Repeated discovery,930000,56,0.2,1,False,True,0.4819080607096355,0.0,0.0,0.018091939290364584,0.0035899861653645834,336.7916666666667,0.020833333333333332,0.481912841796875
Stationary harm,Cumulative,Repeated discovery,930000,57,0.2,1,False,True,0.4725341796875,0.020833333333333332,0.009375000000000001,0.0180908203125,0.0035888671875000003,336.7708333333333,0.020833333333333332,0.481912841796875
Stationary harm,Cumulative,Repeated discovery,930000,58,0.2,1,False,True,0.4819080607096355,0.0,0.0,0.018091939290364584,0.0035899861653645834,336.7916666666667,0.020833333333333332,0.481912841796875
Stationary harm,Cumulative,Repeated discovery,930000,59,0.2,1,False,True,0.48190185546875003,0.0,0.0,0.018098144531250002,0.0035961914062500005,336.8125,0.0625,0.4818975830078125
Stationary harm,Cumulative,Repeated discovery,930000,60,0.2,1,False,True,0.48190663655598964,0.0,0.0,0.018093363444010416,0.0035914103190104168,336.7708333333333,0.041666666666666664,0.481912841796875
Stationary harm,Cumulative,Repeated discovery,930000,61,0.2,1,False,True,0.48191029866536467,0.0,0.0,0.018089701334635413,0.0035877482096354166,336.75,0.020833333333333332,0.481912841796875
Stationary harm,Cumulative,Repeated discovery,930000,62,0.2,1,False,True,0.4744066365559896,0.0,0.007500000000000002,0.018093363444010416,0.0035914103190104168,336.7708333333333,0.041666666666666664,0.4818975830078125
Stationary harm,Cumulative,Repeated discovery,930000,63,0.2,1,False,True,0.4819091796875001,0.0,0.0,0.0180908203125,0.0035888671875000003,336.7708333333333,0.020833333333333332,0.481912841796875
Stationary harm,Cumulative,Repeated discovery,930000,64,0.2,1,False,True,0.47940439860026035,0.0,0.0025000000000000005,0.018095601399739585,0.0035936482747395836,336.8125,0.041666666666666664,0.481912841796875
Stationary harm,Cumulative,Repeated discovery,930000,65,0.2,1,False,True,0.48190663655598964,0.0,0.0,0.018093363444010416,0.0035914103190104168,336.7708333333333,0.041666666666666664,0.481912841796875
Stationary harm,Cumulative,Repeated discovery,930000,66,0.2,1,False,True,0.48190775553385423,0.0,0.0,0.01809224446614583,0.003590291341145833,336.75,0.041666666666666664,0.481912841796875
Stationary harm,Cumulative,Repeated discovery,930000,67,0.2,1,False,True,0.47253163655598956,0.020833333333333332,0.009375000000000001,0.018093363444010416,0.0035914103190104168,336.7708333333333,0.041666666666666664,0.4818975830078125
Stationary harm,Cumulative,Repeated discovery,930000,68,0.2,1,False,True,0.4819069417317709,0.0,0.0,0.018093058268229167,0.003591105143229167,336.8125,0.020833333333333332,0.481912841796875
Stationary harm,Cumulative,Repeated discovery,930000,69,0.2,1,False,True,0.48190663655598964,0.0,0.0,0.018093363444010416,0.0035914103190104168,336.7708333333333,0.041666666666666664,0.4818975830078125
Stationary harm,Cumulative,Repeated discovery,930000,70,0.2,1,False,True,0.4819026692708334,0.0,0.0,0.018097330729166663,0.0035953776041666666,336.75,0.08333333333333333,0.4818975830078125
Stationary harm,Cumulative,Repeated discovery,930000,71,0.2,1,False,True,0.47940917968749996,0.0,0.0025000000000000005,0.0180908203125,0.0035888671875000003,336.7708333333333,0.020833333333333332,0.481912841796875
Stationary harm,Cumulative,Repeated discovery,930000,72,0.2,1,False,True,0.4769043986002604,0.0,0.005000000000000001,0.018095601399739585,0.0035936482747395836,336.8125,0.041666666666666664,0.481912841796875
Stationary harm,Cumulative,Repeated discovery,930000,73,0.2,1,False,True,0.48191060384114587,0.0,0.0,0.018089396158854167,0.003587443033854167,336.7916666666667,0.0,0.481912841796875
Stationary harm,Cumulative,Repeated discovery,930000,74,0.2,1,False,True,0.4644080607096354,0.0,0.017500000000000005,0.018091939290364584,0.0035899861653645834,336.7916666666667,0.020833333333333332,0.481912841796875
Stationary harm,Cumulative,Repeated discovery,930000,75,0.2,1,False,True,0.46940551757812504,0.0,0.012500000000000002,0.018094482421875,0.0035925292968750004,336.7916666666667,0.041666666666666664,0.481912841796875
Stationary harm,Cumulative,Repeated discovery,930000,76,0.2,1,False,True,0.4175356038411458,0.020833333333333332,0.06437500000000002,0.018089396158854167,0.003587443033854167,336.7916666666667,0.0,0.481912841796875
Stationary harm,Cumulative,Repeated discovery,930000,77,0.2,1,False,True,0.48190185546875003,0.0,0.0,0.018098144531250002,0.0035961914062500005,336.8125,0.0625,0.4818975830078125
Stationary harm,Cumulative,Repeated discovery,930000,78,0.2,1,False,True,0.4744069417317709,0.0,0.007500000000000002,0.018093058268229167,0.003591105143229167,336.8125,0.020833333333333332,0.481912841796875
Stationary harm,Cumulative,Repeated discovery,930000,79,0.2,1,False,True,0.4819080607096355,0.0,0.0,0.018091939290364584,0.0035899861653645834,336.7916666666667,0.020833333333333332,0.481912841796875
Stationary harm,Cumulative,Repeated discovery,930000,80,0.2,1,False,True,0.4819029744466146,0.0,0.0,0.018097025553385417,0.003595072428385417,336.7916666666667,0.0625,0.4818975830078125
Stationary harm,Cumulative,Repeated discovery,930000,81,0.2,1,False,True,0.4719004313151041,0.0,0.010000000000000002,0.018099568684895834,0.0035976155598958334,336.7916666666667,0.08333333333333333,0.4818975830078125
Stationary harm,Cumulative,Repeated discovery,930000,82,0.2,1,False,True,0.48190551757812505,0.0,0.0,0.018094482421875,0.0035925292968750004,336.7916666666667,0.041666666666666664,0.4818975830078125
Stationary harm,Cumulative,Repeated discovery,930000,83,0.2,1,False,True,0.4794069417317708,0.0,0.0025000000000000005,0.018093058268229167,0.003591105143229167,336.8125,0.020833333333333332,0.481912841796875
Stationary harm,Cumulative,Repeated discovery,930000,84,0.2,1,False,True,0.48191029866536467,0.0,0.0,0.018089701334635413,0.0035877482096354166,336.75,0.020833333333333332,0.481912841796875
Stationary harm,Cumulative,Repeated discovery,930000,85,0.2,1,False,True,0.472530517578125,0.020833333333333332,0.009375000000000001,0.018094482421875,0.0035925292968750004,336.7916666666667,0.041666666666666664,0.481912841796875
Stationary harm,Cumulative,Repeated discovery,930000,86,0.2,1,False,True,0.48190663655598964,0.0,0.0,0.018093363444010416,0.0035914103190104168,336.7708333333333,0.041666666666666664,0.481912841796875
Stationary harm,Cumulative,Repeated discovery,930000,87,0.2,1,False,True,0.47940917968749996,0.0,0.0025000000000000005,0.0180908203125,0.0035888671875000003,336.7708333333333,0.020833333333333332,0.481912841796875
Stationary harm,Cumulative,Repeated discovery,930000,88,0.2,1,False,True,0.4819080607096355,0.0,0.0,0.018091939290364584,0.0035899861653645834,336.7916666666667,0.020833333333333332,0.481912841796875
Stationary harm,Cumulative,Repeated discovery,930000,89,0.2,1,False,True,0.47440409342447915,0.0,0.007500000000000002,0.01809590657552083,0.0035939534505208333,336.7708333333333,0.0625,0.4818975830078125
Stationary harm,Cumulative,Repeated discovery,930000,90,0.2,1,False,True,0.48191029866536467,0.0,0.0,0.018089701334635413,0.0035877482096354166,336.75,0.020833333333333332,0.481912841796875
Stationary harm,Cumulative,Repeated discovery,930000,91,0.2,1,False,True,0.48190551757812505,0.0,0.0,0.018094482421875,0.0035925292968750004,336.7916666666667,0.041666666666666664,0.481912841796875
Stationary harm,Cumulative,Repeated discovery,930000,92,0.2,1,False,True,0.4819029744466146,0.0,0.0,0.018097025553385417,0.003595072428385417,336.7916666666667,0.0625,0.4818975830078125
Stationary harm,Cumulative,Repeated discovery,930000,93,0.2,1,False,True,0.47940551757812494,0.0,0.0025000000000000005,0.018094482421875,0.0035925292968750004,336.7916666666667,0.041666666666666664,0.481912841796875
Stationary harm,Cumulative,Repeated discovery,930000,94,0.2,1,False,True,0.4819040934244792,0.0,0.0,0.01809590657552083,0.0035939534505208333,336.7708333333333,0.0625,0.4818975830078125
Stationary harm,Cumulative,Repeated discovery,930000,95,0.2,1,False,True,0.4794004313151041,0.0,0.0025000000000000005,0.018099568684895834,0.0035976155598958334,336.7916666666667,0.08333333333333333,0.4818975830078125
Workflow reversal,Window 8,Discover once,930000,0,0.2,1,True,True,0.5868062337239582,0.0,0.015,0.018193766276041665,0.0006023152669270834,338.6875,0.020833333333333332,0.7217919921875
Workflow reversal,Window 8,Discover once,930000,1,0.2,1,True,True,0.5493087768554688,0.0,0.05250000000000001,0.018191223144531248,0.00060089111328125,338.6875,0.0,0.7217919921875
Workflow reversal,Window 8,Discover once,930000,2,0.2,1,True,True,0.5618110148111979,0.0,0.04,0.01818898518880208,0.0005986531575520833,338.6458333333333,0.0,0.7217919921875
Workflow reversal,Window 8,Discover once,930000,3,0.2,1,True,True,0.5768121337890625,0.0,0.025000000000000005,0.018187866210937497,0.0005975341796875001,338.625,0.0,0.7217919921875
Workflow reversal,Window 8,Discover once,930000,4,0.2,1,True,True,0.5716719563802083,0.0,0.03,0.018328043619791668,0.0006034342447916667,341.1875,0.020833333333333332,0.721630859375
Workflow reversal,Window 8,Discover once,930000,5,0.2,1,True,True,0.5768098958333333,0.0,0.024999999999999998,0.018190104166666665,0.0005997721354166666,338.6666666666667,0.0,0.7217919921875
Workflow reversal,Window 8,Discover once,930000,6,0.2,1,True,True,0.576673075358073,0.0,0.024999999999999998,0.018326924641927086,0.0006023152669270834,341.1666666666667,0.020833333333333332,0.721630859375
Workflow reversal,Window 8,Discover once,930000,7,0.2,1,True,True,0.5918098958333333,0.0,0.01,0.018190104166666665,0.0005997721354166666,338.6666666666667,0.0,0.7217919921875
Workflow reversal,Window 8,Discover once,930000,8,0.2,1,True,True,0.5868110148111979,0.0,0.015,0.01818898518880208,0.0005986531575520833,338.6458333333333,0.0,0.7217919921875
Workflow reversal,Window 8,Discover once,930000,9,0.2,1,True,True,0.5768073527018229,0.0,0.024999999999999998,0.018192647298177083,0.0006023152669270834,338.6666666666667,0.020833333333333332,0.7217919921875
Workflow reversal,Window 8,Discover once,930000,10,0.2,1,True,True,0.5716730753580729,0.0,0.03,0.018326924641927086,0.0006023152669270834,341.1666666666667,0.020833333333333332,0.721630859375
Workflow reversal,Window 8,Discover once,930000,11,0.2,1,True,True,0.5716741943359375,0.0,0.03,0.0183258056640625,0.0006011962890625,341.1458333333333,0.020833333333333332,0.721630859375
Workflow reversal,Window 8,Discover once,930000,12,0.2,1,True,True,0.5818073527018229,0.0,0.02,0.018192647298177083,0.0006011962890625,338.6666666666667,0.020833333333333332,0.7217919921875
Workflow reversal,Window 8,Discover once,930000,13,0.2,1,True,True,0.5866730753580729,0.0,0.015,0.018326924641927086,0.0006023152669270834,341.1666666666667,0.020833333333333332,0.721630859375
Workflow reversal,Window 8,Discover once,930000,14,0.2,1,True,True,0.5818095906575521,0.0,0.02,0.018190409342447915,0.0006000773111979167,338.625,0.020833333333333332,0.7217919921875
Workflow reversal,Window 8,Discover once,930000,15,0.2,1,True,True,0.5618098958333333,0.0,0.04,0.018190104166666665,0.0005997721354166666,338.6666666666667,0.0,0.7217919921875
Workflow reversal,Window 8,Discover once,930000,16,0.2,1,True,True,0.5993110148111979,0.0,0.0025000000000000005,0.01818898518880208,0.0005986531575520833,338.6458333333333,0.0,0.7217919921875
Workflow reversal,Window 8,Discover once,930000,17,0.2,1,True,True,0.5766719563802084,0.0,0.024999999999999998,0.018328043619791668,0.0006034342447916667,341.1875,0.020833333333333332,0.721630859375
Workflow reversal,Window 8,Discover once,930000,18,0.2,1,True,True,0.5843073527018229,0.0,0.017499999999999998,0.018192647298177083,0.0006023152669270834,338.6666666666667,0.020833333333333332,0.7217919921875
Workflow reversal,Window 8,Discover once,930000,19,0.2,1,True,True,0.5766719563802084,0.0,0.024999999999999998,0.018328043619791668,0.0006034342447916667,341.1875,0.020833333333333332,0.721630859375
Workflow reversal,Window 8,Discover once,930000,20,0.2,1,True,True,0.5643110148111979,0.0,0.0375,0.01818898518880208,0.0005986531575520833,338.6458333333333,0.0,0.7217919921875
Workflow reversal,Window 8,Discover once,930000,21,0.2,1,True,True,0.5541719563802082,0.0,0.04750000000000001,0.018328043619791668,0.0006034342447916667,341.1875,0.020833333333333332,0.721630859375
Workflow reversal,Window 8,Discover once,930000,22,0.2,1,True,True,0.5816730753580729,0.0,0.02,0.018326924641927086,0.0006023152669270834,341.1666666666667,0.020833333333333332,0.721630859375
Workflow reversal,Window 8,Discover once,930000,23,0.2,1,True,True,0.576673075358073,0.0,0.024999999999999998,0.018326924641927086,0.0006023152669270834,341.1666666666667,0.020833333333333332,0.721630859375
Workflow reversal,Window 8,Discover once,930000,24,0.2,1,True,True,0.5768073527018229,0.0,0.024999999999999998,0.018192647298177083,0.0006023152669270834,338.6666666666667,0.020833333333333332,0.7217919921875
Workflow reversal,Window 8,Discover once,930000,25,0.2,1,True,True,0.5768073527018229,0.0,0.024999999999999998,0.018192647298177083,0.0006023152669270834,338.6666666666667,0.020833333333333332,0.7217919921875
Workflow reversal,Window 8,Discover once,930000,26,0.2,1,True,True,0.5743098958333333,0.0,0.0275,0.018190104166666665,0.0005997721354166666,338.6666666666667,0.0,0.7217919921875
Workflow reversal,Window 8,Discover once,930000,27,0.2,1,True,True,0.5716741943359375,0.0,0.03,0.0183258056640625,0.0006011962890625,341.1458333333333,0.020833333333333332,0.721630859375
Workflow reversal,Window 8,Discover once,930000,28,0.2,1,True,True,0.5768073527018229,0.0,0.024999999999999998,0.018192647298177083,0.0006023152669270834,338.6666666666667,0.020833333333333332,0.7217919921875
Workflow reversal,Window 8,Discover once,930000,29,0.2,1,True,True,0.576673075358073,0.0,0.024999999999999998,0.018326924641927086,0.0006023152669270834,341.1666666666667,0.020833333333333332,0.721630859375
Workflow reversal,Window 8,Discover once,930000,30,0.2,1,True,True,0.5743110148111978,0.0,0.0275,0.01818898518880208,0.0005986531575520833,338.6458333333333,0.0,0.7217919921875
Workflow reversal,Window 8,Discover once,930000,31,0.2,1,True,True,0.5768084716796875,0.0,0.024999999999999998,0.018191528320312497,0.0006011962890625,338.6458333333333,0.020833333333333332,0.7217919921875
Workflow reversal,Window 8,Discover once,930000,32,0.2,1,True,True,0.5505598958333332,0.041666666666666664,0.05125,0.018190104166666665,0.0005997721354166666,338.6666666666667,0.0,0.7217919921875
Workflow reversal,Window 8,Discover once,930000,33,0.2,1,True,True,0.5866719563802083,0.0,0.015,0.018328043619791668,0.0006034342447916667,341.1875,0.020833333333333332,0.721630859375
Workflow reversal,Window 8,Discover once,930000,34,0.2,1,True,True,0.5816741943359375,0.0,0.02,0.0183258056640625,0.0006011962890625,341.1458333333333,0.020833333333333332,0.721630859375
Workflow reversal,Window 8,Discover once,930000,35,0.2,1,True,True,0.5816730753580729,0.0,0.02,0.018326924641927086,0.0006023152669270834,341.1666666666667,0.020833333333333332,0.721630859375
Workflow reversal,Window 8,Discover once,930000,36,0.2,1,True,True,0.5716741943359375,0.0,0.03,0.0183258056640625,0.0006011962890625,341.1458333333333,0.020833333333333332,0.721630859375
Workflow reversal,Window 8,Discover once,930000,37,0.2,1,True,True,0.5716730753580729,0.0,0.03,0.018326924641927086,0.0006023152669270834,341.1666666666667,0.020833333333333332,0.721630859375
Workflow reversal,Window 8,Discover once,930000,38,0.2,1,True,True,0.5743062337239583,0.0,0.0275,0.018193766276041665,0.0006034342447916667,338.6875,0.020833333333333332,0.7217919921875
Workflow reversal,Window 8,Discover once,930000,39,0.2,1,True,True,0.5868073527018228,0.0,0.015,0.018192647298177083,0.0006023152669270834,338.6666666666667,0.020833333333333332,0.7217919921875
Workflow reversal,Window 8,Discover once,930000,40,0.2,1,True,True,0.5505598958333333,0.041666666666666664,0.05125,0.018190104166666665,0.0005997721354166666,338.6666666666667,0.0,0.7217919921875
Workflow reversal,Window 8,Discover once,930000,41,0.2,1,True,True,0.5668087768554687,0.0,0.034999999999999996,0.018191223144531248,0.00060089111328125,338.6875,0.0,0.7217919921875
Workflow reversal,Window 8,Discover once,930000,42,0.2,1,True,True,0.576673075358073,0.0,0.024999999999999998,0.018326924641927086,0.0006023152669270834,341.1666666666667,0.020833333333333332,0.721630859375
Workflow reversal,Window 8,Discover once,930000,43,0.2,1,True,True,0.5766719563802084,0.0,0.024999999999999998,0.018328043619791668,0.0006034342447916667,341.1875,0.020833333333333332,0.721630859375
Workflow reversal,Window 8,Discover once,930000,44,0.2,1,True,True,0.5768084716796875,0.0,0.024999999999999998,0.018191528320312497,0.0006011962890625,338.6458333333333,0.020833333333333332,0.7217919921875
Workflow reversal,Window 8,Discover once,930000,45,0.2,1,True,True,0.5749348958333333,0.020833333333333332,0.026875,0.018190104166666665,0.0005997721354166666,338.6666666666667,0.0,0.7217919921875
Workflow reversal,Window 8,Discover once,930000,46,0.2,1,True,True,0.5768073527018229,0.0,0.024999999999999998,0.018192647298177083,0.0006023152669270834,338.6666666666667,0.020833333333333332,0.7217919921875
Workflow reversal,Window 8,Discover once,930000,47,0.2,1,True,True,0.5818073527018229,0.0,0.02,0.018192647298177083,0.0006023152669270834,338.6666666666667,0.020833333333333332,0.7217919921875
Workflow reversal,Window 8,Discover once,930000,48,0.2,1,True,True,0.5768073527018229,0.0,0.024999999999999998,0.018192647298177083,0.0006023152669270834,338.6666666666667,0.020833333333333332,0.7217919921875
Workflow reversal,Window 8,Discover once,930000,49,0.2,1,True,True,0.5816730753580729,0.0,0.02,0.018326924641927086,0.0006023152669270834,341.1666666666667,0.020833333333333332,0.721630859375
Workflow reversal,Window 8,Discover once,930000,50,0.2,1,True,True,0.5618087768554687,0.0,0.04,0.018191223144531248,0.00060089111328125,338.6875,0.0,0.7217919921875
Workflow reversal,Window 8,Discover once,930000,51,0.2,1,True,True,0.5816741943359375,0.0,0.02,0.0183258056640625,0.0006011962890625,341.1458333333333,0.020833333333333332,0.721630859375
Workflow reversal,Window 8,Discover once,930000,52,0.2,1,True,True,0.5816753133138021,0.0,0.02,0.018324686686197918,0.0006000773111979167,341.125,0.020833333333333332,0.721630859375
Workflow reversal,Window 8,Discover once,930000,53,0.2,1,True,True,0.5493121337890624,0.0,0.0525,0.018187866210937497,0.0005975341796875001,338.625,0.0,0.6917919921875
Workflow reversal,Window 8,Discover once,930000,54,0.2,1,True,True,0.5816719563802083,0.0,0.02,0.018328043619791668,0.0006034342447916667,341.1875,0.020833333333333332,0.721630859375
Workflow reversal,Window 8,Discover once,930000,55,0.2,1,True,True,0.5816730753580729,0.0,0.02,0.018326924641927086,0.0006023152669270834,341.1666666666667,0.020833333333333332,0.721630859375
Workflow reversal,Window 8,Discover once,930000,56,0.2,1,True,True,0.5718073527018229,0.0,0.03,0.018192647298177083,0.0006023152669270834,338.6666666666667,0.020833333333333332,0.7217919921875
Workflow reversal,Window 8,Discover once,930000,57,0.2,1,True,True,0.5749360148111978,0.020833333333333332,0.026875000000000007,0.01818898518880208,0.0005986531575520833,338.6458333333333,0.0,0.7217919921875
Workflow reversal,Window 8,Discover once,930000,58,0.2,1,True,True,0.5818073527018229,0.0,0.02,0.018192647298177083,0.0006023152669270834,338.6666666666667,0.020833333333333332,0.7217919921875
Workflow reversal,Window 8,Discover once,930000,59,0.2,1,True,True,0.5766719563802084,0.0,0.024999999999999998,0.018328043619791668,0.0006034342447916667,341.1875,0.020833333333333332,0.721630859375
Workflow reversal,Window 8,Discover once,930000,60,0.2,1,True,True,0.5766741943359376,0.0,0.024999999999999998,0.0183258056640625,0.0006011962890625,341.1458333333333,0.020833333333333332,0.721630859375
Workflow reversal,Window 8,Discover once,930000,61,0.2,1,True,True,0.5818095906575521,0.0,0.02,0.018190409342447915,0.0006000773111979167,338.625,0.020833333333333332,0.7217919921875
Workflow reversal,Window 8,Discover once,930000,62,0.2,1,True,True,0.5768084716796875,0.0,0.024999999999999998,0.018191528320312497,0.0006011962890625,338.6458333333333,0.020833333333333332,0.7217919921875
Workflow reversal,Window 8,Discover once,930000,63,0.2,1,True,True,0.5818084716796875,0.0,0.02,0.018191528320312497,0.0006011962890625,338.6458333333333,0.020833333333333332,0.7217919921875
Workflow reversal,Window 8,Discover once,930000,64,0.2,1,True,True,0.5766719563802084,0.0,0.024999999999999998,0.018328043619791668,0.0006034342447916667,341.1875,0.020833333333333332,0.721630859375
Workflow reversal,Window 8,Discover once,930000,65,0.2,1,True,True,0.5766741943359376,0.0,0.024999999999999998,0.0183258056640625,0.0006011962890625,341.1458333333333,0.020833333333333332,0.721630859375
Workflow reversal,Window 8,Discover once,930000,66,0.2,1,True,True,0.5818095906575521,0.0,0.02,0.018190409342447915,0.0006000773111979167,338.625,0.020833333333333332,0.7217919921875
Workflow reversal,Window 8,Discover once,930000,67,0.2,1,True,True,0.5668110148111979,0.0,0.034999999999999996,0.01818898518880208,0.0005986531575520833,338.6458333333333,0.0,0.7217919921875
Workflow reversal,Window 8,Discover once,930000,68,0.2,1,True,True,0.5818062337239583,0.0,0.02,0.018193766276041665,0.0006034342447916667,338.6875,0.020833333333333332,0.7217919921875
Workflow reversal,Window 8,Discover once,930000,69,0.2,1,True,True,0.5768084716796875,0.0,0.024999999999999998,0.018191528320312497,0.0006011962890625,338.6458333333333,0.020833333333333332,0.7217919921875
Workflow reversal,Window 8,Discover once,930000,70,0.2,1,True,True,0.5768095906575521,0.0,0.024999999999999998,0.018190409342447915,0.0006000773111979167,338.625,0.020833333333333332,0.7217919921875
Workflow reversal,Window 8,Discover once,930000,71,0.2,1,True,True,0.5818110148111978,0.0,0.02,0.01818898518880208,0.0005986531575520833,338.6458333333333,0.0,0.7217919921875
Workflow reversal,Window 8,Discover once,930000,72,0.2,1,True,True,0.5816719563802083,0.0,0.02,0.018328043619791668,0.0006034342447916667,341.1875,0.020833333333333332,0.721630859375
Workflow reversal,Window 8,Discover once,930000,73,0.2,1,True,True,0.5768098958333333,0.0,0.024999999999999998,0.018190104166666665,0.0005997721354166666,338.6666666666667,0.0,0.7217919921875
Workflow reversal,Window 8,Discover once,930000,74,0.2,1,True,True,0.5791730753580729,0.0,0.022500000000000003,0.018326924641927086,0.0006023152669270834,341.1666666666667,0.020833333333333332,0.721630859375
Workflow reversal,Window 8,Discover once,930000,75,0.2,1,True,True,0.5449348958333333,0.020833333333333332,0.056875,0.018190104166666665,0.0005997721354166666,338.6666666666667,0.0,0.7217919921875
Workflow reversal,Window 8,Discover once,930000,76,0.2,1,True,True,0.5468098958333333,0.0,0.055,0.018190104166666665,0.0005997721354166666,338.6666666666667,0.0,0.7217919921875
Workflow reversal,Window 8,Discover once,930000,77,0.2,1,True,True,0.5868062337239582,0.0,0.015,0.018193766276041665,0.0006034342447916667,338.6875,0.020833333333333332,0.7217919921875
Workflow reversal,Window 8,Discover once,930000,78,0.2,1,True,True,0.576673075358073,0.0,0.024999999999999998,0.018326924641927086,0.0006023152669270834,341.1666666666667,0.020833333333333332,0.721630859375
Workflow reversal,Window 8,Discover once,930000,79,0.2,1,True,True,0.5693073527018229,0.0,0.0325,0.018192647298177083,0.0006023152669270834,338.6666666666667,0.020833333333333332,0.7217919921875
Workflow reversal,Window 8,Discover once,930000,80,0.2,1,True,True,0.576673075358073,0.0,0.024999999999999998,0.018326924641927086,0.0006023152669270834,341.1666666666667,0.020833333333333332,0.721630859375
Workflow reversal,Window 8,Discover once,930000,81,0.2,1,True,True,0.5618073527018229,0.0,0.04,0.018192647298177083,0.0006023152669270834,338.6666666666667,0.020833333333333332,0.7217919921875
Workflow reversal,Window 8,Discover once,930000,82,0.2,1,True,True,0.5693073527018229,0.0,0.0325,0.018192647298177083,0.0006023152669270834,338.6666666666667,0.020833333333333332,0.7217919921875
Workflow reversal,Window 8,Discover once,930000,83,0.2,1,True,True,0.5743062337239583,0.0,0.027499999999999997,0.018193766276041665,0.0006034342447916667,338.6875,0.020833333333333332,0.7217919921875
Workflow reversal,Window 8,Discover once,930000,84,0.2,1,True,True,0.5716753133138021,0.0,0.03,0.018324686686197918,0.0006000773111979167,341.125,0.020833333333333332,0.721630859375
Workflow reversal,Window 8,Discover once,930000,85,0.2,1,True,True,0.5293098958333332,0.0,0.07250000000000001,0.018190104166666665,0.0005997721354166666,338.6666666666667,0.0,0.7217919921875
Workflow reversal,Window 8,Discover once,930000,86,0.2,1,True,True,0.5816753133138021,0.0,0.02,0.018324686686197918,0.0006000773111979167,341.125,0.020833333333333332,0.721630859375
Workflow reversal,Window 8,Discover once,930000,87,0.2,1,True,True,0.5768084716796875,0.0,0.024999999999999998,0.018191528320312497,0.0006011962890625,338.6458333333333,0.020833333333333332,0.7217919921875
Workflow reversal,Window 8,Discover once,930000,88,0.2,1,True,True,0.5868073527018228,0.0,0.015,0.018192647298177083,0.0006023152669270834,338.6666666666667,0.020833333333333332,0.7217919921875
Workflow reversal,Window 8,Discover once,930000,89,0.2,1,True,True,0.5768084716796875,0.0,0.024999999999999998,0.018191528320312497,0.0006011962890625,338.6458333333333,0.020833333333333332,0.7217919921875
Workflow reversal,Window 8,Discover once,930000,90,0.2,1,True,True,0.5768121337890625,0.0,0.024999999999999998,0.018187866210937497,0.0005975341796875001,338.625,0.0,0.7217919921875
Workflow reversal,Window 8,Discover once,930000,91,0.2,1,True,True,0.5768073527018229,0.0,0.024999999999999998,0.018192647298177083,0.0006023152669270834,338.6666666666667,0.020833333333333332,0.7217919921875
Workflow reversal,Window 8,Discover once,930000,92,0.2,1,True,True,0.5818073527018229,0.0,0.02,0.018192647298177083,0.0006023152669270834,338.6666666666667,0.020833333333333332,0.7217919921875
Workflow reversal,Window 8,Discover once,930000,93,0.2,1,True,True,0.5818051147460938,0.0,0.02,0.018194885253906248,0.0006023152669270834,338.7083333333333,0.020833333333333332,0.7217852783203125
Workflow reversal,Window 8,Discover once,930000,94,0.2,1,True,True,0.5818073527018229,0.0,0.02,0.018192647298177083,0.0006011962890625,338.6666666666667,0.020833333333333332,0.7217919921875
Workflow reversal,Window 8,Discover once,930000,95,0.2,1,True,True,0.5816741943359375,0.0,0.02,0.0183258056640625,0.0006011962890625,341.1458333333333,0.020833333333333332,0.721630859375
Workflow reversal,Window 8,Repeated discovery,930000,0,0.2,1,True,True,0.5969029744466144,0.0,0.005,0.018097025553385417,0.003595072428385417,336.7916666666667,0.0625,0.721912841796875
Workflow reversal,Window 8,Repeated discovery,930000,1,0.2,1,True,True,0.5718993123372395,0.0,0.030000000000000002,0.018100687662760417,0.003598734537760417,336.8125,0.08333333333333333,0.7218975830078125
Workflow reversal,Window 8,Repeated discovery,930000,2,0.2,1,True,True,0.5619040934244791,0.0,0.04,0.01809590657552083,0.0035939534505208333,336.7708333333333,0.0625,0.7218975830078125
Workflow reversal,Window 8,Repeated discovery,930000,3,0.2,1,True,True,0.5819102986653645,0.0,0.02,0.018089701334635413,0.0035877482096354166,336.75,0.020833333333333332,0.721912841796875
Workflow reversal,Window 8,Repeated discovery,930000,4,0.2,1,True,True,0.5769043986002603,0.0,0.024999999999999998,0.018095601399739585,0.0035936482747395836,336.8125,0.041666666666666664,0.721912841796875
Workflow reversal,Window 8,Repeated discovery,930000,5,0.2,1,True,True,0.5919004313151041,0.0,0.01,0.018099568684895834,0.0035976155598958334,336.7916666666667,0.08333333333333333,0.7218975830078125
Workflow reversal,Window 8,Repeated discovery,930000,6,0.2,1,True,True,0.5969055175781249,0.0,0.005,0.018094482421875,0.0035925292968750004,336.7916666666667,0.041666666666666664,0.721912841796875
Workflow reversal,Window 8,Repeated discovery,930000,7,0.2,1,True,True,0.5969055175781249,0.0,0.005,0.018094482421875,0.0035925292968750004,336.7916666666667,0.041666666666666664,0.7218975830078125
Workflow reversal,Window 8,Repeated discovery,930000,8,0.2,1,True,True,0.5769066365559895,0.0,0.024999999999999998,0.018093363444010416,0.0035914103190104168,336.7708333333333,0.041666666666666664,0.721912841796875
Workflow reversal,Window 8,Repeated discovery,930000,9,0.2,1,True,True,0.5769055175781249,0.0,0.024999999999999998,0.018094482421875,0.0035925292968750004,336.7916666666667,0.041666666666666664,0.721912841796875
Workflow reversal,Window 8,Repeated discovery,930000,10,0.2,1,True,True,0.5619029744466145,0.0,0.04,0.018097025553385417,0.003595072428385417,336.7916666666667,0.0625,0.721912841796875
Workflow reversal,Window 8,Repeated discovery,930000,11,0.2,1,True,True,0.5969015502929687,0.0,0.005,0.01809844970703125,0.0035964965820312503,336.7708333333333,0.08333333333333333,0.7218975830078125
Workflow reversal,Window 8,Repeated discovery,930000,12,0.2,1,True,True,0.5819040934244791,0.0,0.02,0.01809590657552083,0.0035939534505208333,336.7708333333333,0.0625,0.7218975830078125
Workflow reversal,Window 8,Repeated discovery,930000,13,0.2,1,True,True,0.5869029744466144,0.0,0.015,0.018097025553385417,0.003595072428385417,336.7916666666667,0.0625,0.7218975830078125
Workflow reversal,Window 8,Repeated discovery,930000,14,0.2,1,True,True,0.5819026692708332,0.0,0.02,0.018097330729166663,0.0035953776041666666,336.75,0.08333333333333333,0.7218975830078125
Workflow reversal,Window 8,Repeated discovery,930000,15,0.2,1,True,True,0.5969055175781249,0.0,0.005,0.018094482421875,0.0035925292968750004,336.7916666666667,0.041666666666666664,0.7218975830078125
Workflow reversal,Window 8,Repeated discovery,930000,16,0.2,1,True,True,0.5794040934244791,0.0,0.022500000000000003,0.01809590657552083,0.0035939534505208333,336.7708333333333,0.0625,0.7218975830078125
Workflow reversal,Window 8,Repeated discovery,930000,17,0.2,1,True,True,0.5969018554687499,0.0,0.005,0.018098144531250002,0.0035961914062500005,336.8125,0.0625,0.721912841796875
Workflow reversal,Window 8,Repeated discovery,930000,18,0.2,1,True,True,0.5694004313151041,0.0,0.0325,0.018099568684895834,0.0035976155598958334,336.7916666666667,0.08333333333333333,0.7218975830078125
Workflow reversal,Window 8,Repeated discovery,930000,19,0.2,1,True,True,0.59190185546875,0.0,0.01,0.018098144531250002,0.0035961914062500005,336.8125,0.0625,0.721912841796875
Workflow reversal,Window 8,Repeated discovery,930000,20,0.2,1,True,True,0.5619040934244791,0.0,0.04,0.01809590657552083,0.0035939534505208333,336.7708333333333,0.0625,0.721912841796875
Workflow reversal,Window 8,Repeated discovery,930000,21,0.2,1,True,True,0.5594018554687499,0.0,0.0425,0.018098144531250002,0.0035961914062500005,336.8125,0.0625,0.721912841796875
Workflow reversal,Window 8,Repeated discovery,930000,22,0.2,1,True,True,0.5894004313151041,0.0,0.012500000000000002,0.018099568684895834,0.0035976155598958334,336.7916666666667,0.08333333333333333,0.7218975830078125
Workflow reversal,Window 8,Repeated discovery,930000,23,0.2,1,True,True,0.5769055175781249,0.0,0.024999999999999998,0.018094482421875,0.0035925292968750004,336.7916666666667,0.041666666666666664,0.721912841796875
Workflow reversal,Window 8,Repeated discovery,930000,24,0.2,1,True,True,0.5919029744466145,0.0,0.01,0.018097025553385417,0.003595072428385417,336.7916666666667,0.0625,0.721912841796875
Workflow reversal,Window 8,Repeated discovery,930000,25,0.2,1,True,True,0.5769055175781249,0.0,0.024999999999999998,0.018094482421875,0.0035925292968750004,336.7916666666667,0.041666666666666664,0.721912841796875
Workflow reversal,Window 8,Repeated discovery,930000,26,0.2,1,True,True,0.5969029744466144,0.0,0.005,0.018097025553385417,0.003595072428385417,336.7916666666667,0.0625,0.7218975830078125
Workflow reversal,Window 8,Repeated discovery,930000,27,0.2,1,True,True,0.5968990071614583,0.0,0.005000000000000001,0.018100992838541666,0.0035990397135416668,336.7708333333333,0.10416666666666667,0.721912841796875
Workflow reversal,Window 8,Repeated discovery,930000,28,0.2,1,True,True,0.581900431315104,0.0,0.02,0.018099568684895834,0.0035976155598958334,336.7916666666667,0.08333333333333333,0.7218975830078125
Workflow reversal,Window 8,Repeated discovery,930000,29,0.2,1,True,True,0.5769029744466145,0.0,0.024999999999999998,0.018097025553385417,0.003595072428385417,336.7916666666667,0.0625,0.721912841796875
Workflow reversal,Window 8,Repeated discovery,930000,30,0.2,1,True,True,0.5769015502929687,0.0,0.024999999999999998,0.01809844970703125,0.0035964965820312503,336.7708333333333,0.08333333333333333,0.7218975830078125
Workflow reversal,Window 8,Repeated discovery,930000,31,0.2,1,True,True,0.5769015502929687,0.0,0.024999999999999998,0.01809844970703125,0.0035964965820312503,336.7708333333333,0.08333333333333333,0.7218975830078125
Workflow reversal,Window 8,Repeated discovery,930000,32,0.2,1,True,True,0.5544029744466146,0.0,0.04750000000000001,0.018097025553385417,0.003595072428385417,336.7916666666667,0.0625,0.721912841796875
Workflow reversal,Window 8,Repeated discovery,930000,33,0.2,1,True,True,0.5919069417317707,0.0,0.01,0.018093058268229167,0.003591105143229167,336.8125,0.020833333333333332,0.721912841796875
Workflow reversal,Window 8,Repeated discovery,930000,34,0.2,1,True,True,0.5669015502929687,0.0,0.034999999999999996,0.01809844970703125,0.0035964965820312503,336.7708333333333,0.08333333333333333,0.7218975830078125
Workflow reversal,Window 8,Repeated discovery,930000,35,0.2,1,True,True,0.5719029744466145,0.0,0.03,0.018097025553385417,0.003595072428385417,336.7916666666667,0.0625,0.7218975830078125
Workflow reversal,Window 8,Repeated discovery,930000,36,0.2,1,True,True,0.5969015502929687,0.0,0.005,0.01809844970703125,0.0035964965820312503,336.7708333333333,0.08333333333333333,0.721912841796875
Workflow reversal,Window 8,Repeated discovery,930000,37,0.2,1,True,True,0.5669029744466145,0.0,0.034999999999999996,0.018097025553385417,0.003595072428385417,336.7916666666667,0.0625,0.721912841796875
Workflow reversal,Window 8,Repeated discovery,930000,38,0.2,1,True,True,0.5943993123372394,0.0,0.0075,0.018100687662760417,0.003598734537760417,336.8125,0.08333333333333333,0.7218975830078125
Workflow reversal,Window 8,Repeated discovery,930000,39,0.2,1,True,True,0.5669004313151041,0.0,0.034999999999999996,0.018099568684895834,0.0035976155598958334,336.7916666666667,0.08333333333333333,0.7218975830078125
Workflow reversal,Window 8,Repeated discovery,930000,40,0.2,1,True,True,0.5669029744466145,0.0,0.034999999999999996,0.018097025553385417,0.003595072428385417,336.7916666666667,0.0625,0.721912841796875
Workflow reversal,Window 8,Repeated discovery,930000,41,0.2,1,True,True,0.58190185546875,0.0,0.02,0.018098144531250002,0.0035961914062500005,336.8125,0.0625,0.7218975830078125
Workflow reversal,Window 8,Repeated discovery,930000,42,0.2,1,True,True,0.5819055175781249,0.0,0.02,0.018094482421875,0.0035925292968750004,336.7916666666667,0.041666666666666664,0.721912841796875
Workflow reversal,Window 8,Repeated discovery,930000,43,0.2,1,True,True,0.5969018554687499,0.0,0.005,0.018098144531250002,0.0035961914062500005,336.8125,0.0625,0.7218975830078125
Workflow reversal,Window 8,Repeated discovery,930000,44,0.2,1,True,True,0.5819040934244791,0.0,0.02,0.01809590657552083,0.0035939534505208333,336.7708333333333,0.0625,0.721912841796875
Workflow reversal,Window 8,Repeated discovery,930000,45,0.2,1,True,True,0.5919055175781249,0.0,0.01,0.018094482421875,0.0035925292968750004,336.7916666666667,0.041666666666666664,0.721912841796875
Workflow reversal,Window 8,Repeated discovery,930000,46,0.2,1,True,True,0.5769080607096354,0.0,0.024999999999999998,0.018091939290364584,0.0035899861653645834,336.7916666666667,0.020833333333333332,0.721912841796875
Workflow reversal,Window 8,Repeated discovery,930000,47,0.2,1,True,True,0.5819029744466145,0.0,0.02,0.018097025553385417,0.003595072428385417,336.7916666666667,0.0625,0.721912841796875
Workflow reversal,Window 8,Repeated discovery,930000,48,0.2,1,True,True,0.5769080607096354,0.0,0.024999999999999998,0.018091939290364584,0.0035899861653645834,336.7916666666667,0.020833333333333332,0.721912841796875
Workflow reversal,Window 8,Repeated discovery,930000,49,0.2,1,True,True,0.5869080607096353,0.0,0.015,0.018091939290364584,0.0035899861653645834,336.7916666666667,0.020833333333333332,0.721912841796875
Workflow reversal,Window 8,Repeated discovery,930000,50,0.2,1,True,True,0.5969043986002603,0.0,0.005,0.018095601399739585,0.0035936482747395836,336.8125,0.041666666666666664,0.721912841796875
Workflow reversal,Window 8,Repeated discovery,930000,51,0.2,1,True,True,0.591904093424479,0.0,0.010000000000000002,0.01809590657552083,0.0035939534505208333,336.7708333333333,0.0625,0.7218975830078125
Workflow reversal,Window 8,Repeated discovery,930000,52,0.2,1,True,True,0.5869052124023436,0.0,0.015,0.01809478759765625,0.00359283447265625,336.75,0.0625,0.721912841796875
Workflow reversal,Window 8,Repeated discovery,930000,53,0.2,1,True,True,0.5694052124023437,0.0,0.032499999999999994,0.01809478759765625,0.00359283447265625,336.75,0.0625,0.7218975830078125
Workflow reversal,Window 8,Repeated discovery,930000,54,0.2,1,True,True,0.5969018554687499,0.0,0.005,0.018098144531250002,0.0035961914062500005,336.8125,0.0625,0.721912841796875
Workflow reversal,Window 8,Repeated discovery,930000,55,0.2,1,True,True,0.6019004313151041,0.0,0.0,0.018099568684895834,0.0035976155598958334,336.7916666666667,0.08333333333333333,0.721912841796875
Workflow reversal,Window 8,Repeated discovery,930000,56,0.2,1,True,True,0.5819029744466145,0.0,0.02,0.018097025553385417,0.003595072428385417,336.7916666666667,0.0625,0.7218975830078125
Workflow reversal,Window 8,Repeated discovery,930000,57,0.2,1,True,True,0.5869015502929686,0.0,0.015,0.01809844970703125,0.0035964965820312503,336.7708333333333,0.08333333333333333,0.7218975830078125
Workflow reversal,Window 8,Repeated discovery,930000,58,0.2,1,True,True,0.5819029744466145,0.0,0.02,0.018097025553385417,0.003595072428385417,336.7916666666667,0.0625,0.7218975830078125
Workflow reversal,Window 8,Repeated discovery,930000,59,0.2,1,True,True,0.5869018554687498,0.0,0.015,0.018098144531250002,0.0035961914062500005,336.8125,0.0625,0.7218975830078125
Workflow reversal,Window 8,Repeated discovery,930000,60,0.2,1,True,True,0.5969015502929687,0.0,0.005,0.01809844970703125,0.0035964965820312503,336.7708333333333,0.08333333333333333,0.721912841796875
Workflow reversal,Window 8,Repeated discovery,930000,61,0.2,1,True,True,0.5869102986653645,0.0,0.015,0.018089701334635413,0.0035877482096354166,336.75,0.020833333333333332,0.721912841796875
Workflow reversal,Window 8,Repeated discovery,930000,62,0.2,1,True,True,0.5769066365559895,0.0,0.024999999999999998,0.018093363444010416,0.0035914103190104168,336.7708333333333,0.041666666666666664,0.721912841796875
Workflow reversal,Window 8,Repeated discovery,930000,63,0.2,1,True,True,0.5669040934244791,0.0,0.034999999999999996,0.01809590657552083,0.0035939534505208333,336.7708333333333,0.0625,0.721912841796875
Workflow reversal,Window 8,Repeated discovery,930000,64,0.2,1,True,True,0.58190185546875,0.0,0.02,0.018098144531250002,0.0035961914062500005,336.8125,0.0625,0.721912841796875
Workflow reversal,Window 8,Repeated discovery,930000,65,0.2,1,True,True,0.5669040934244791,0.0,0.034999999999999996,0.01809590657552083,0.0035939534505208333,336.7708333333333,0.0625,0.721912841796875
Workflow reversal,Window 8,Repeated discovery,930000,66,0.2,1,True,True,0.5794052124023437,0.0,0.022500000000000003,0.01809478759765625,0.00359283447265625,336.75,0.0625,0.721912841796875
Workflow reversal,Window 8,Repeated discovery,930000,67,0.2,1,True,True,0.5819091796874999,0.0,0.02,0.0180908203125,0.0035888671875000003,336.7708333333333,0.020833333333333332,0.721912841796875
Workflow reversal,Window 8,Repeated discovery,930000,68,0.2,1,True,True,0.5968993123372395,0.0,0.005,0.018100687662760417,0.003598734537760417,336.8125,0.08333333333333333,0.7218975830078125
Workflow reversal,Window 8,Repeated discovery,930000,69,0.2,1,True,True,0.5819040934244791,0.0,0.02,0.01809590657552083,0.0035939534505208333,336.7708333333333,0.0625,0.7218975830078125
Workflow reversal,Window 8,Repeated discovery,930000,70,0.2,1,True,True,0.5769001261393228,0.0,0.024999999999999998,0.01809987386067708,0.003597920735677083,336.75,0.10416666666666667,0.7218975830078125
Workflow reversal,Window 8,Repeated discovery,930000,71,0.2,1,True,True,0.5819066365559895,0.0,0.02,0.018093363444010416,0.0035914103190104168,336.7708333333333,0.041666666666666664,0.7218975830078125
Workflow reversal,Window 8,Repeated discovery,930000,72,0.2,1,True,True,0.5968993123372395,0.0,0.005,0.018100687662760417,0.003598734537760417,336.8125,0.08333333333333333,0.721912841796875
Workflow reversal,Window 8,Repeated discovery,930000,73,0.2,1,True,True,0.5969080607096353,0.0,0.005,0.018091939290364584,0.0035899861653645834,336.7916666666667,0.020833333333333332,0.7218975830078125
Workflow reversal,Window 8,Repeated discovery,930000,74,0.2,1,True,True,0.581900431315104,0.0,0.02,0.018099568684895834,0.0035976155598958334,336.7916666666667,0.08333333333333333,0.721912841796875
Workflow reversal,Window 8,Repeated discovery,930000,75,0.2,1,True,True,0.5450279744466145,0.020833333333333332,0.056875,0.018097025553385417,0.003595072428385417,336.7916666666667,0.0625,0.721912841796875
Workflow reversal,Window 8,Repeated discovery,930000,76,0.2,1,True,True,0.5744080607096353,0.0,0.027499999999999997,0.018091939290364584,0.0035899861653645834,336.7916666666667,0.020833333333333332,0.721912841796875
Workflow reversal,Window 8,Repeated discovery,930000,77,0.2,1,True,True,0.5819043986002603,0.0,0.02,0.018095601399739585,0.0035936482747395836,336.8125,0.041666666666666664,0.721912841796875
Workflow reversal,Window 8,Repeated discovery,930000,78,0.2,1,True,True,0.5869055175781249,0.0,0.015,0.018094482421875,0.0035925292968750004,336.7916666666667,0.041666666666666664,0.721912841796875
Workflow reversal,Window 8,Repeated discovery,930000,79,0.2,1,True,True,0.549405517578125,0.0,0.05250000000000001,0.018094482421875,0.0035925292968750004,336.7916666666667,0.041666666666666664,0.721912841796875
Workflow reversal,Window 8,Repeated discovery,930000,80,0.2,1,True,True,0.594400431315104,0.0,0.0075,0.018099568684895834,0.0035976155598958334,336.7916666666667,0.08333333333333333,0.7218975830078125
Workflow reversal,Window 8,Repeated discovery,930000,81,0.2,1,True,True,0.551900431315104,0.0,0.049999999999999996,0.018099568684895834,0.0035976155598958334,336.7916666666667,0.08333333333333333,0.7218975830078125
Workflow reversal,Window 8,Repeated discovery,930000,82,0.2,1,True,True,0.5944029744466145,0.0,0.0075,0.018097025553385417,0.003595072428385417,336.7916666666667,0.0625,0.7218975830078125
Workflow reversal,Window 8,Repeated discovery,930000,83,0.2,1,True,True,0.5794069417317708,0.0,0.022500000000000003,0.018093058268229167,0.003591105143229167,336.8125,0.020833333333333332,0.721912841796875
Workflow reversal,Window 8,Repeated discovery,930000,84,0.2,1,True,True,0.5769102986653646,0.0,0.024999999999999998,0.018089701334635413,0.0035877482096354166,336.75,0.020833333333333332,0.721912841796875
Workflow reversal,Window 8,Repeated discovery,930000,85,0.2,1,True,True,0.5619004313151041,0.0,0.04,0.018099568684895834,0.0035976155598958334,336.7916666666667,0.08333333333333333,0.721912841796875
Workflow reversal,Window 8,Repeated discovery,930000,86,0.2,1,True,True,0.5969052124023436,0.0,0.005,0.01809478759765625,0.00359283447265625,336.75,0.0625,0.7218975830078125
Workflow reversal,Window 8,Repeated discovery,930000,87,0.2,1,True,True,0.5769091796875,0.0,0.024999999999999998,0.0180908203125,0.0035888671875000003,336.7708333333333,0.020833333333333332,0.721912841796875
Workflow reversal,Window 8,Repeated discovery,930000,88,0.2,1,True,True,0.5969029744466144,0.0,0.005,0.018097025553385417,0.003595072428385417,336.7916666666667,0.0625,0.721912841796875
Workflow reversal,Window 8,Repeated discovery,930000,89,0.2,1,True,True,0.5919015502929686,0.0,0.01,0.01809844970703125,0.0035964965820312503,336.7708333333333,0.08333333333333333,0.7218975830078125
Workflow reversal,Window 8,Repeated discovery,930000,90,0.2,1,True,True,0.594407755533854,0.0,0.0075,0.01809224446614583,0.003590291341145833,336.75,0.041666666666666664,0.7218975830078125
Workflow reversal,Window 8,Repeated discovery,930000,91,0.2,1,True,True,0.5669004313151041,0.0,0.034999999999999996,0.018099568684895834,0.0035976155598958334,336.7916666666667,0.08333333333333333,0.721912841796875
Workflow reversal,Window 8,Repeated discovery,930000,92,0.2,1,True,True,0.5769055175781249,0.0,0.024999999999999998,0.018094482421875,0.0035925292968750004,336.7916666666667,0.041666666666666664,0.721912841796875
Workflow reversal,Window 8,Repeated discovery,930000,93,0.2,1,True,True,0.5969004313151041,0.0,0.005,0.018099568684895834,0.0035976155598958334,336.7916666666667,0.08333333333333333,0.7218975830078125
Workflow reversal,Window 8,Repeated discovery,930000,94,0.2,1,True,True,0.5969066365559895,0.0,0.005,0.018093363444010416,0.0035914103190104168,336.7708333333333,0.041666666666666664,0.721912841796875
Workflow reversal,Window 8,Repeated discovery,930000,95,0.2,1,True,True,0.5919040934244791,0.0,0.01,0.01809590657552083,0.0035939534505208333,336.7708333333333,0.0625,0.721912841796875
Workflow reversal,Window 8,Discover once,930000,0,0.2,3,True,True,0.5866719563802083,0.0,0.015,0.018328043619791668,0.0006034342447916667,341.1875,0.020833333333333332,0.721630859375
Workflow reversal,Window 8,Discover once,930000,1,0.2,3,True,True,0.5493087768554688,0.0,0.05250000000000001,0.018191223144531248,0.00060089111328125,338.6875,0.0,0.7217919921875
Workflow reversal,Window 8,Discover once,930000,2,0.2,3,True,True,0.5818098958333333,0.0,0.02,0.018190104166666665,0.0005997721354166666,338.6666666666667,0.0,0.7217919921875
Workflow reversal,Window 8,Discover once,930000,3,0.2,3,True,True,0.5818095906575521,0.0,0.02,0.018190409342447915,0.0005989583333333334,338.625,0.020833333333333332,0.7217919921875
Workflow reversal,Window 8,Discover once,930000,4,0.2,3,True,True,0.5691719563802083,0.0,0.0325,0.018328043619791668,0.0006034342447916667,341.1875,0.020833333333333332,0.721630859375
Workflow reversal,Window 8,Discover once,930000,5,0.2,3,True,True,0.5768073527018229,0.0,0.024999999999999998,0.018192647298177083,0.0006023152669270834,338.6666666666667,0.020833333333333332,0.7217919921875
Workflow reversal,Window 8,Discover once,930000,6,0.2,3,True,True,0.5766719563802084,0.0,0.024999999999999998,0.018328043619791668,0.0006034342447916667,341.1875,0.020833333333333332,0.721630859375
Workflow reversal,Window 8,Discover once,930000,7,0.2,3,True,True,0.5868062337239582,0.0,0.015,0.018193766276041665,0.0006034342447916667,338.6875,0.020833333333333332,0.7217919921875
Workflow reversal,Window 8,Discover once,930000,8,0.2,3,True,True,0.576673075358073,0.0,0.024999999999999998,0.018326924641927086,0.0006023152669270834,341.1666666666667,0.020833333333333332,0.721630859375
Workflow reversal,Window 8,Discover once,930000,9,0.2,3,True,True,0.5766741943359376,0.0,0.024999999999999998,0.0183258056640625,0.0006011962890625,341.1458333333333,0.020833333333333332,0.721630859375
Workflow reversal,Window 8,Discover once,930000,10,0.2,3,True,True,0.5643087768554688,0.0,0.037500000000000006,0.018191223144531248,0.00060089111328125,338.6875,0.0,0.7217919921875
Workflow reversal,Window 8,Discover once,930000,11,0.2,3,True,True,0.5716741943359375,0.0,0.03,0.0183258056640625,0.0006011962890625,341.1458333333333,0.020833333333333332,0.721630859375
Workflow reversal,Window 8,Discover once,930000,12,0.2,3,True,True,0.5743062337239583,0.0,0.027499999999999997,0.018193766276041665,0.0006023152669270834,338.6875,0.020833333333333332,0.7217919921875
Workflow reversal,Window 8,Discover once,930000,13,0.2,3,True,True,0.5868073527018228,0.0,0.015,0.018192647298177083,0.0006023152669270834,338.6666666666667,0.020833333333333332,0.7217919921875
Workflow reversal,Window 8,Discover once,930000,14,0.2,3,True,True,0.5818062337239583,0.0,0.02,0.018193766276041665,0.0006034342447916667,338.6875,0.020833333333333332,0.7217919921875
Workflow reversal,Window 8,Discover once,930000,15,0.2,3,True,True,0.5768073527018229,0.0,0.024999999999999998,0.018192647298177083,0.0006023152669270834,338.6666666666667,0.020833333333333332,0.7217919921875
Workflow reversal,Window 8,Discover once,930000,16,0.2,3,True,True,0.5866753133138021,0.0,0.015,0.018324686686197918,0.0006000773111979167,341.125,0.020833333333333332,0.721630859375
Workflow reversal,Window 8,Discover once,930000,17,0.2,3,True,True,0.5766697184244792,0.0,0.024999999999999998,0.018330281575520833,0.0006056722005208334,341.2291666666667,0.020833333333333332,0.721630859375
Workflow reversal,Window 8,Discover once,930000,18,0.2,3,True,True,0.5793098958333333,0.0,0.022500000000000003,0.018190104166666665,0.0005997721354166666,338.6666666666667,0.0,0.7217919921875
Workflow reversal,Window 8,Discover once,930000,19,0.2,3,True,True,0.5718073527018229,0.0,0.03,0.018192647298177083,0.0006023152669270834,338.6666666666667,0.020833333333333332,0.7217919921875
Workflow reversal,Window 8,Discover once,930000,20,0.2,3,True,True,0.5643110148111979,0.0,0.0375,0.01818898518880208,0.0005986531575520833,338.6458333333333,0.0,0.7217919921875
Workflow reversal,Window 8,Discover once,930000,21,0.2,3,True,True,0.5743039957682291,0.0,0.0275,0.01819600423177083,0.0006056722005208334,338.7291666666667,0.020833333333333332,0.7217919921875
Workflow reversal,Window 8,Discover once,930000,22,0.2,3,True,True,0.5818073527018229,0.0,0.02,0.018192647298177083,0.0006023152669270834,338.6666666666667,0.020833333333333332,0.7217919921875
Workflow reversal,Window 8,Discover once,930000,23,0.2,3,True,True,0.5766741943359376,0.0,0.024999999999999998,0.0183258056640625,0.0006011962890625,341.1458333333333,0.020833333333333332,0.721630859375
Workflow reversal,Window 8,Discover once,930000,24,0.2,3,True,True,0.5768062337239583,0.0,0.024999999999999998,0.018193766276041665,0.0006034342447916667,338.6875,0.020833333333333332,0.7217919921875
Workflow reversal,Window 8,Discover once,930000,25,0.2,3,True,True,0.5768051147460938,0.0,0.024999999999999998,0.018194885253906248,0.00060455322265625,338.7083333333333,0.020833333333333332,0.7217919921875
Workflow reversal,Window 8,Discover once,930000,26,0.2,3,True,True,0.5866719563802083,0.0,0.015,0.018328043619791668,0.0006034342447916667,341.1875,0.020833333333333332,0.721630859375
Workflow reversal,Window 8,Discover once,930000,27,0.2,3,True,True,0.5766719563802084,0.0,0.024999999999999998,0.018328043619791668,0.0006034342447916667,341.1875,0.020833333333333332,0.721630859375
Workflow reversal,Window 8,Discover once,930000,28,0.2,3,True,True,0.5741741943359374,0.0,0.0275,0.0183258056640625,0.0006011962890625,341.1458333333333,0.020833333333333332,0.721630859375
Workflow reversal,Window 8,Discover once,930000,29,0.2,3,True,True,0.5766708374023438,0.0,0.024999999999999998,0.01832916259765625,0.00060455322265625,341.2083333333333,0.020833333333333332,0.721630859375
Workflow reversal,Window 8,Discover once,930000,30,0.2,3,True,True,0.5743110148111978,0.0,0.0275,0.01818898518880208,0.0005986531575520833,338.6458333333333,0.0,0.7217919921875
Workflow reversal,Window 8,Discover once,930000,31,0.2,3,True,True,0.5768084716796875,0.0,0.024999999999999998,0.018191528320312497,0.0006011962890625,338.6458333333333,0.020833333333333332,0.7217919921875
Workflow reversal,Window 8,Discover once,930000,32,0.2,3,True,True,0.5791753133138021,0.0,0.022500000000000003,0.018324686686197918,0.0006000773111979167,341.125,0.020833333333333332,0.721630859375
Workflow reversal,Window 8,Discover once,930000,33,0.2,3,True,True,0.5818051147460938,0.0,0.02,0.018194885253906248,0.00060455322265625,338.7083333333333,0.020833333333333332,0.7217919921875
Workflow reversal,Window 8,Discover once,930000,34,0.2,3,True,True,0.5816741943359375,0.0,0.02,0.0183258056640625,0.0006011962890625,341.1458333333333,0.020833333333333332,0.721630859375
Workflow reversal,Window 8,Discover once,930000,35,0.2,3,True,True,0.5818062337239583,0.0,0.02,0.018193766276041665,0.0006034342447916667,338.6875,0.020833333333333332,0.7217919921875
Workflow reversal,Window 8,Discover once,930000,36,0.2,3,True,True,0.5716753133138021,0.0,0.03,0.018324686686197918,0.0006000773111979167,341.125,0.020833333333333332,0.721630859375
Workflow reversal,Window 8,Discover once,930000,37,0.2,3,True,True,0.5716708374023437,0.0,0.03,0.01832916259765625,0.00060455322265625,341.2083333333333,0.020833333333333332,0.721630859375
Workflow reversal,Window 8,Discover once,930000,38,0.2,3,True,True,0.5768051147460938,0.0,0.024999999999999998,0.018194885253906248,0.00060455322265625,338.7083333333333,0.020833333333333332,0.7217919921875
Workflow reversal,Window 8,Discover once,930000,39,0.2,3,True,True,0.5868062337239582,0.0,0.015,0.018193766276041665,0.0006034342447916667,338.6875,0.020833333333333332,0.7217919921875
Workflow reversal,Window 8,Discover once,930000,40,0.2,3,True,True,0.5768073527018229,0.0,0.024999999999999998,0.018192647298177083,0.0006023152669270834,338.6666666666667,0.020833333333333332,0.7217919921875
Workflow reversal,Window 8,Discover once,930000,41,0.2,3,True,True,0.5818062337239583,0.0,0.02,0.018193766276041665,0.0006023152669270834,338.6875,0.020833333333333332,0.7217919921875
Workflow reversal,Window 8,Discover once,930000,42,0.2,3,True,True,0.5818073527018229,0.0,0.02,0.018192647298177083,0.0006023152669270834,338.6666666666667,0.020833333333333332,0.7217919921875
Workflow reversal,Window 8,Discover once,930000,43,0.2,3,True,True,0.5768062337239583,0.0,0.024999999999999998,0.018193766276041665,0.0006034342447916667,338.6875,0.020833333333333332,0.7217919921875
Workflow reversal,Window 8,Discover once,930000,44,0.2,3,True,True,0.5768095906575521,0.0,0.024999999999999998,0.018190409342447915,0.0006000773111979167,338.625,0.020833333333333332,0.7217919921875
Workflow reversal,Window 8,Discover once,930000,45,0.2,3,True,True,0.5843073527018229,0.0,0.017499999999999998,0.018192647298177083,0.0006023152669270834,338.6666666666667,0.020833333333333332,0.7217919921875
Workflow reversal,Window 8,Discover once,930000,46,0.2,3,True,True,0.5741741943359374,0.0,0.0275,0.0183258056640625,0.0006011962890625,341.1458333333333,0.020833333333333332,0.721630859375
Workflow reversal,Window 8,Discover once,930000,47,0.2,3,True,True,0.5766719563802084,0.0,0.024999999999999998,0.018328043619791668,0.0006034342447916667,341.1875,0.020833333333333332,0.721630859375
Workflow reversal,Window 8,Discover once,930000,48,0.2,3,True,True,0.5768062337239583,0.0,0.024999999999999998,0.018193766276041665,0.0006034342447916667,338.6875,0.020833333333333332,0.7217919921875
Workflow reversal,Window 8,Discover once,930000,49,0.2,3,True,True,0.5816708374023437,0.0,0.02,0.01832916259765625,0.00060455322265625,341.2083333333333,0.020833333333333332,0.721630859375
Workflow reversal,Window 8,Discover once,930000,50,0.2,3,True,True,0.5766708374023438,0.0,0.024999999999999998,0.01832916259765625,0.00060455322265625,341.2083333333333,0.020833333333333332,0.721630859375
Workflow reversal,Window 8,Discover once,930000,51,0.2,3,True,True,0.5818073527018229,0.0,0.02,0.018192647298177083,0.0006023152669270834,338.6666666666667,0.020833333333333332,0.7217919921875
Workflow reversal,Window 8,Discover once,930000,52,0.2,3,True,True,0.5768107096354167,0.0,0.024999999999999998,0.018189290364583333,0.0005989583333333334,338.6041666666667,0.020833333333333332,0.7217919921875
Workflow reversal,Window 8,Discover once,930000,53,0.2,3,True,True,0.5766753133138022,0.0,0.024999999999999998,0.018324686686197918,0.0006000773111979167,341.125,0.020833333333333332,0.721630859375
Workflow reversal,Window 8,Discover once,930000,54,0.2,3,True,True,0.5816708374023437,0.0,0.02,0.01832916259765625,0.00060455322265625,341.2083333333333,0.020833333333333332,0.721630859375
Workflow reversal,Window 8,Discover once,930000,55,0.2,3,True,True,0.5816730753580729,0.0,0.02,0.018326924641927086,0.0006023152669270834,341.1666666666667,0.020833333333333332,0.721630859375
Workflow reversal,Window 8,Discover once,930000,56,0.2,3,True,True,0.5718051147460937,0.0,0.03,0.018194885253906248,0.00060455322265625,338.7083333333333,0.020833333333333332,0.7217919921875
Workflow reversal,Window 8,Discover once,930000,57,0.2,3,True,True,0.5668084716796874,0.0,0.034999999999999996,0.018191528320312497,0.0006011962890625,338.6458333333333,0.020833333333333332,0.7217919921875
Workflow reversal,Window 8,Discover once,930000,58,0.2,3,True,True,0.5818062337239583,0.0,0.02,0.018193766276041665,0.0006034342447916667,338.6875,0.020833333333333332,0.7217919921875
Workflow reversal,Window 8,Discover once,930000,59,0.2,3,True,True,0.5818028767903646,0.0,0.02,0.018197123209635416,0.0006067911783854167,338.75,0.020833333333333332,0.7217919921875
Workflow reversal,Window 8,Discover once,930000,60,0.2,3,True,True,0.5766741943359376,0.0,0.024999999999999998,0.0183258056640625,0.0006011962890625,341.1458333333333,0.020833333333333332,0.721630859375
Workflow reversal,Window 8,Discover once,930000,61,0.2,3,True,True,0.5699382527669271,0.020833333333333332,0.03187500000000001,0.018186747233072915,0.0005964152018229167,338.6041666666667,0.0,0.7217919921875
Workflow reversal,Window 8,Discover once,930000,62,0.2,3,True,True,0.5768073527018229,0.0,0.024999999999999998,0.018192647298177083,0.0006023152669270834,338.6666666666667,0.020833333333333332,0.7217919921875
Workflow reversal,Window 8,Discover once,930000,63,0.2,3,True,True,0.5818062337239583,0.0,0.02,0.018193766276041665,0.0006034342447916667,338.6875,0.020833333333333332,0.7217919921875
Workflow reversal,Window 8,Discover once,930000,64,0.2,3,True,True,0.5818110148111979,0.0,0.02,0.01818898518880208,0.0005986531575520833,338.6458333333333,0.0,0.7217919921875
Workflow reversal,Window 8,Discover once,930000,65,0.2,3,True,True,0.5766741943359376,0.0,0.024999999999999998,0.0183258056640625,0.0006011962890625,341.1458333333333,0.020833333333333332,0.721630859375
Workflow reversal,Window 8,Discover once,930000,66,0.2,3,True,True,0.5818073527018229,0.0,0.02,0.018192647298177083,0.0006023152669270834,338.6666666666667,0.020833333333333332,0.7217919921875
Workflow reversal,Window 8,Discover once,930000,67,0.2,3,True,True,0.5668087768554687,0.0,0.034999999999999996,0.018191223144531248,0.00060089111328125,338.6875,0.0,0.7217919921875
Workflow reversal,Window 8,Discover once,930000,68,0.2,3,True,True,0.5818073527018229,0.0,0.02,0.018192647298177083,0.0006023152669270834,338.6666666666667,0.020833333333333332,0.7217919921875
Workflow reversal,Window 8,Discover once,930000,69,0.2,3,True,True,0.5768073527018229,0.0,0.024999999999999998,0.018192647298177083,0.0006023152669270834,338.6666666666667,0.020833333333333332,0.7217919921875
Workflow reversal,Window 8,Discover once,930000,70,0.2,3,True,True,0.5768095906575521,0.0,0.024999999999999998,0.018190409342447915,0.0006000773111979167,338.625,0.020833333333333332,0.7217919921875
Workflow reversal,Window 8,Discover once,930000,71,0.2,3,True,True,0.5816708374023437,0.0,0.02,0.01832916259765625,0.00060455322265625,341.2083333333333,0.020833333333333332,0.721630859375
Workflow reversal,Window 8,Discover once,930000,72,0.2,3,True,True,0.5816697184244791,0.0,0.02,0.018330281575520833,0.0006056722005208334,341.2291666666667,0.020833333333333332,0.721630859375
Workflow reversal,Window 8,Discover once,930000,73,0.2,3,True,True,0.5768084716796875,0.0,0.024999999999999998,0.018191528320312497,0.0006011962890625,338.6458333333333,0.020833333333333332,0.7217919921875
Workflow reversal,Window 8,Discover once,930000,74,0.2,3,True,True,0.5818039957682292,0.0,0.02,0.01819600423177083,0.0006034342447916667,338.7291666666667,0.020833333333333332,0.7217785644531249
Workflow reversal,Window 8,Discover once,930000,75,0.2,3,True,True,0.5568110148111979,0.0,0.045000000000000005,0.01818898518880208,0.0005986531575520833,338.6458333333333,0.0,0.7217919921875
Workflow reversal,Window 8,Discover once,930000,76,0.2,3,True,True,0.5766741943359376,0.0,0.024999999999999998,0.0183258056640625,0.0006011962890625,341.1458333333333,0.020833333333333332,0.721630859375
Workflow reversal,Window 8,Discover once,930000,77,0.2,3,True,True,0.5743065388997396,0.0,0.027500000000000007,0.018193461100260416,0.0006031290690104166,338.7291666666667,0.0,0.7217919921875
Workflow reversal,Window 8,Discover once,930000,78,0.2,3,True,True,0.5768051147460938,0.0,0.024999999999999998,0.018194885253906248,0.00060455322265625,338.7083333333333,0.020833333333333332,0.7217919921875
Workflow reversal,Window 8,Discover once,930000,79,0.2,3,True,True,0.5666708374023437,0.0,0.035,0.01832916259765625,0.00060455322265625,341.2083333333333,0.020833333333333332,0.721630859375
Workflow reversal,Window 8,Discover once,930000,80,0.2,3,True,True,0.5568098958333333,0.0,0.045000000000000005,0.018190104166666665,0.0005997721354166666,338.6666666666667,0.0,0.7217919921875
Workflow reversal,Window 8,Discover once,930000,81,0.2,3,True,True,0.5618039957682291,0.0,0.04,0.01819600423177083,0.0006056722005208334,338.7291666666667,0.020833333333333332,0.7217919921875
Workflow reversal,Window 8,Discover once,930000,82,0.2,3,True,True,0.5718095906575521,0.0,0.03,0.018190409342447915,0.0006000773111979167,338.625,0.020833333333333332,0.7217919921875
Workflow reversal,Window 8,Discover once,930000,83,0.2,3,True,True,0.5818073527018229,0.0,0.02,0.018192647298177083,0.0006023152669270834,338.6666666666667,0.020833333333333332,0.7217919921875
Workflow reversal,Window 8,Discover once,930000,84,0.2,3,True,True,0.5716730753580729,0.0,0.03,0.018326924641927086,0.0006023152669270834,341.1666666666667,0.020833333333333332,0.721630859375
Workflow reversal,Window 8,Discover once,930000,85,0.2,3,True,True,0.5268098958333333,0.0,0.07500000000000001,0.018190104166666665,0.0005997721354166666,338.6666666666667,0.0,0.7217919921875
Workflow reversal,Window 8,Discover once,930000,86,0.2,3,True,True,0.5768084716796875,0.0,0.024999999999999998,0.018191528320312497,0.0006000773111979167,338.6458333333333,0.020833333333333332,0.7217852783203125
Workflow reversal,Window 8,Discover once,930000,87,0.2,3,True,True,0.5768107096354167,0.0,0.024999999999999998,0.018189290364583333,0.0005989583333333334,338.6041666666667,0.020833333333333332,0.7217919921875
Workflow reversal,Window 8,Discover once,930000,88,0.2,3,True,True,0.5868084716796874,0.0,0.015,0.018191528320312497,0.0006011962890625,338.6458333333333,0.020833333333333332,0.7217919921875
Workflow reversal,Window 8,Discover once,930000,89,0.2,3,True,True,0.576673075358073,0.0,0.024999999999999998,0.018326924641927086,0.0006023152669270834,341.1666666666667,0.020833333333333332,0.721630859375
Workflow reversal,Window 8,Discover once,930000,90,0.2,3,True,True,0.5768098958333333,0.0,0.024999999999999998,0.018190104166666665,0.0005997721354166666,338.6666666666667,0.0,0.7217919921875
Workflow reversal,Window 8,Discover once,930000,91,0.2,3,True,True,0.5768073527018229,0.0,0.024999999999999998,0.018192647298177083,0.0006023152669270834,338.6666666666667,0.020833333333333332,0.7217919921875
Workflow reversal,Window 8,Discover once,930000,92,0.2,3,True,True,0.5816708374023437,0.0,0.02,0.01832916259765625,0.00060455322265625,341.2083333333333,0.020833333333333332,0.721630859375
Workflow reversal,Window 8,Discover once,930000,93,0.2,3,True,True,0.5818039957682292,0.0,0.02,0.01819600423177083,0.0006034342447916667,338.7291666666667,0.020833333333333332,0.7217852783203125
Workflow reversal,Window 8,Discover once,930000,94,0.2,3,True,True,0.5818084716796875,0.0,0.02,0.018191528320312497,0.0006000773111979167,338.6458333333333,0.020833333333333332,0.7217919921875
Workflow reversal,Window 8,Discover once,930000,95,0.2,3,True,True,0.5741741943359374,0.0,0.027499999999999997,0.0183258056640625,0.0006011962890625,341.1458333333333,0.020833333333333332,0.721630859375
Workflow reversal,Window 8,Repeated discovery,930000,0,0.2,3,True,True,0.5869186401367187,0.0,0.015,0.01808135986328125,0.0035794067382812506,336.5,0.0625,0.7219329833984375
Workflow reversal,Window 8,Repeated discovery,930000,1,0.2,3,True,True,0.5719160970052083,0.0,0.03,0.018083902994791668,0.003581949869791667,336.5,0.08333333333333333,0.721917724609375
Workflow reversal,Window 8,Repeated discovery,930000,2,0.2,3,True,True,0.5969197591145833,0.0,0.005,0.018080240885416664,0.003578287760416667,336.4791666666667,0.0625,0.721917724609375
Workflow reversal,Window 8,Repeated discovery,930000,3,0.2,3,True,True,0.581923116048177,0.0,0.02,0.018076883951822918,0.0035749308268229175,336.4166666666667,0.0625,0.7219329833984375
Workflow reversal,Window 8,Repeated discovery,930000,4,0.2,3,True,True,0.5944160970052083,0.0,0.0075,0.018083902994791668,0.003581949869791667,336.5,0.08333333333333333,0.7219329833984375
Workflow reversal,Window 8,Repeated discovery,930000,5,0.2,3,True,True,0.5969197591145833,0.0,0.005,0.018080240885416664,0.003578287760416667,336.4791666666667,0.0625,0.7219329833984375
Workflow reversal,Window 8,Repeated discovery,930000,6,0.2,3,True,True,0.5769186401367187,0.0,0.024999999999999998,0.01808135986328125,0.0035794067382812506,336.5,0.0625,0.721917724609375
Workflow reversal,Window 8,Repeated discovery,930000,7,0.2,3,True,True,0.5769160970052082,0.0,0.024999999999999998,0.018083902994791668,0.003581949869791667,336.5,0.08333333333333333,0.7219329833984375
Workflow reversal,Window 8,Repeated discovery,930000,8,0.2,3,True,True,0.5719197591145833,0.0,0.03,0.018080240885416664,0.003578287760416667,336.4791666666667,0.0625,0.7219329833984375
Workflow reversal,Window 8,Repeated discovery,930000,9,0.2,3,True,True,0.5969183349609374,0.0,0.005,0.018081665039062497,0.0035797119140625003,336.4583333333333,0.08333333333333333,0.7219329833984375
Workflow reversal,Window 8,Repeated discovery,930000,10,0.2,3,True,True,0.571921183268229,0.0,0.03,0.018078816731770832,0.003576863606770834,336.5,0.041666666666666664,0.721917724609375
Workflow reversal,Window 8,Repeated discovery,930000,11,0.2,3,True,True,0.6019183349609375,0.0,0.0,0.018081665039062497,0.0035797119140625003,336.4583333333333,0.08333333333333333,0.721917724609375
Workflow reversal,Window 8,Repeated discovery,930000,12,0.2,3,True,True,0.5694248453776041,0.0,0.032499999999999994,0.018075154622395832,0.003573201497395834,336.4791666666667,0.020833333333333332,0.7219329833984375
Workflow reversal,Window 8,Repeated discovery,930000,13,0.2,3,True,True,0.5969197591145833,0.0,0.005,0.018080240885416664,0.003578287760416667,336.4791666666667,0.0625,0.7219329833984375
Workflow reversal,Window 8,Repeated discovery,930000,14,0.2,3,True,True,0.5869135538736978,0.0,0.015,0.018086446126302082,0.003584493001302084,336.5,0.10416666666666667,0.7219329833984375
Workflow reversal,Window 8,Repeated discovery,930000,15,0.2,3,True,True,0.5719197591145833,0.0,0.03,0.018080240885416664,0.003578287760416667,336.4791666666667,0.0625,0.721917724609375
Workflow reversal,Window 8,Repeated discovery,930000,16,0.2,3,True,True,0.5869245402018228,0.0,0.015,0.018075459798177086,0.0035735066731770837,336.4375,0.041666666666666664,0.7219329833984375
Workflow reversal,Window 8,Repeated discovery,930000,17,0.2,3,True,True,0.5819164021809895,0.0,0.02,0.018083597819010415,0.003581644694010417,336.5416666666667,0.0625,0.721917724609375
Workflow reversal,Window 8,Repeated discovery,930000,18,0.2,3,True,True,0.5919172159830728,0.0,0.01,0.018082784016927082,0.003580830891927084,336.4791666666667,0.08333333333333333,0.721917724609375
Workflow reversal,Window 8,Repeated discovery,930000,19,0.2,3,True,True,0.5544197591145833,0.0,0.047499999999999994,0.018080240885416664,0.003578287760416667,336.4791666666667,0.0625,0.7219329833984375
Workflow reversal,Window 8,Repeated discovery,930000,20,0.2,3,True,True,0.5719208780924478,0.0,0.03,0.018079121907552082,0.003577168782552084,336.4583333333333,0.0625,0.721917724609375
Workflow reversal,Window 8,Repeated discovery,930000,21,0.2,3,True,True,0.5669189453125,0.0,0.034999999999999996,0.018081054687499997,0.0035791015625000005,336.5416666666667,0.041666666666666664,0.7219329833984375
Workflow reversal,Window 8,Repeated discovery,930000,22,0.2,3,True,True,0.5819248453776041,0.0,0.02,0.018075154622395832,0.003573201497395834,336.4791666666667,0.020833333333333332,0.7219329833984375
Workflow reversal,Window 8,Repeated discovery,930000,23,0.2,3,True,True,0.5719234212239582,0.0,0.03,0.018076578776041664,0.003574625651041667,336.4583333333333,0.041666666666666664,0.7219329833984375
Workflow reversal,Window 8,Repeated discovery,930000,24,0.2,3,True,True,0.5869186401367187,0.0,0.015,0.01808135986328125,0.0035794067382812506,336.5,0.0625,0.7219329833984375
Workflow reversal,Window 8,Repeated discovery,930000,25,0.2,3,True,True,0.5644200642903645,0.0,0.0375,0.018079935709635418,0.003577982584635417,336.5208333333333,0.041666666666666664,0.7219329833984375
Workflow reversal,Window 8,Repeated discovery,930000,26,0.2,3,True,True,0.5869186401367187,0.0,0.015,0.01808135986328125,0.0035794067382812506,336.5,0.0625,0.7219329833984375
Workflow reversal,Window 8,Repeated discovery,930000,27,0.2,3,True,True,0.5819186401367187,0.0,0.02,0.01808135986328125,0.0035794067382812506,336.5,0.0625,0.721917724609375
Workflow reversal,Window 8,Repeated discovery,930000,28,0.2,3,True,True,0.5694234212239583,0.0,0.0325,0.018076578776041664,0.003574625651041667,336.4583333333333,0.041666666666666664,0.7219329833984375
Workflow reversal,Window 8,Repeated discovery,930000,29,0.2,3,True,True,0.5769175211588541,0.0,0.024999999999999998,0.018082478841145836,0.0035805257161458334,336.5208333333333,0.0625,0.721917724609375
Workflow reversal,Window 8,Repeated discovery,930000,30,0.2,3,True,True,0.5769208780924479,0.0,0.024999999999999998,0.018079121907552082,0.003577168782552084,336.4583333333333,0.0625,0.721917724609375
Workflow reversal,Window 8,Repeated discovery,930000,31,0.2,3,True,True,0.5819208780924479,0.0,0.02,0.018079121907552082,0.003577168782552084,336.4583333333333,0.0625,0.7219329833984375
Workflow reversal,Window 8,Repeated discovery,930000,32,0.2,3,True,True,0.5994219970703124,0.0,0.0025000000000000005,0.0180780029296875,0.0035760498046875,336.4375,0.0625,0.7219329833984375
Workflow reversal,Window 8,Repeated discovery,930000,33,0.2,3,True,True,0.5919175211588541,0.0,0.01,0.018082478841145836,0.0035805257161458334,336.5208333333333,0.0625,0.7219329833984375
Workflow reversal,Window 8,Repeated discovery,930000,34,0.2,3,True,True,0.5969208780924479,0.0,0.005,0.018079121907552082,0.003577168782552084,336.4583333333333,0.0625,0.7219329833984375
Workflow reversal,Window 8,Repeated discovery,930000,35,0.2,3,True,True,0.5969135538736978,0.0,0.005,0.018086446126302082,0.003584493001302084,336.5,0.10416666666666667,0.7219329833984375
Workflow reversal,Window 8,Repeated discovery,930000,36,0.2,3,True,True,0.5969219970703125,0.0,0.005,0.0180780029296875,0.0035760498046875,336.4375,0.0625,0.7219329833984375
Workflow reversal,Window 8,Repeated discovery,930000,37,0.2,3,True,True,0.5719124348958332,0.0,0.03,0.018087565104166668,0.003585611979166667,336.5208333333333,0.10416666666666667,0.721917724609375
Workflow reversal,Window 8,Repeated discovery,930000,38,0.2,3,True,True,0.581922607421875,0.0,0.02,0.018077392578125,0.0035754394531250003,336.5208333333333,0.020833333333333332,0.7219329833984375
Workflow reversal,Window 8,Repeated discovery,930000,39,0.2,3,True,True,0.5669160970052083,0.0,0.034999999999999996,0.018083902994791668,0.003581949869791667,336.5,0.08333333333333333,0.721917724609375
Workflow reversal,Window 8,Repeated discovery,930000,40,0.2,3,True,True,0.5819172159830729,0.0,0.02,0.018082784016927082,0.003580830891927084,336.4791666666667,0.08333333333333333,0.721917724609375
Workflow reversal,Window 8,Repeated discovery,930000,41,0.2,3,True,True,0.5769146728515624,0.0,0.024999999999999998,0.0180853271484375,0.0035833740234375005,336.4791666666667,0.10416666666666667,0.721917724609375
Workflow reversal,Window 8,Repeated discovery,930000,42,0.2,3,True,True,0.5869172159830728,0.0,0.015,0.018082784016927082,0.003580830891927084,336.4791666666667,0.08333333333333333,0.7219329833984375
Workflow reversal,Window 8,Repeated discovery,930000,43,0.2,3,True,True,0.5669186401367187,0.0,0.034999999999999996,0.01808135986328125,0.0035794067382812506,336.5,0.0625,0.7219329833984375
Workflow reversal,Window 8,Repeated discovery,930000,44,0.2,3,True,True,0.5819248453776041,0.0,0.02,0.018075154622395832,0.003573201497395834,336.4791666666667,0.020833333333333332,0.7219329833984375
Workflow reversal,Window 8,Repeated discovery,930000,45,0.2,3,True,True,0.5919146728515624,0.0,0.010000000000000002,0.0180853271484375,0.0035833740234375005,336.4791666666667,0.10416666666666667,0.721917724609375
Workflow reversal,Window 8,Repeated discovery,930000,46,0.2,3,True,True,0.5844208780924478,0.0,0.017499999999999998,0.018079121907552082,0.003577168782552084,336.4583333333333,0.0625,0.721917724609375
Workflow reversal,Window 8,Repeated discovery,930000,47,0.2,3,True,True,0.5819237263997395,0.0,0.02,0.018076273600260418,0.003574320475260417,336.5,0.020833333333333332,0.7219329833984375
Workflow reversal,Window 8,Repeated discovery,930000,48,0.2,3,True,True,0.5769237263997394,0.0,0.024999999999999998,0.018076273600260418,0.003574320475260417,336.5,0.020833333333333332,0.7219329833984375
Workflow reversal,Window 8,Repeated discovery,930000,49,0.2,3,True,True,0.6019149780273437,0.0,0.0,0.01808502197265625,0.0035830688476562503,336.5208333333333,0.08333333333333333,0.721917724609375
Workflow reversal,Window 8,Repeated discovery,930000,50,0.2,3,True,True,0.5819175211588541,0.0,0.02,0.018082478841145836,0.0035805257161458334,336.5208333333333,0.0625,0.7219329833984375
Workflow reversal,Window 8,Repeated discovery,930000,51,0.2,3,True,True,0.5969197591145833,0.0,0.005,0.018080240885416664,0.003578287760416667,336.4791666666667,0.0625,0.721917724609375
Workflow reversal,Window 8,Repeated discovery,930000,52,0.2,3,True,True,0.586923116048177,0.0,0.015,0.018076883951822918,0.0035749308268229175,336.4166666666667,0.0625,0.721917724609375
Workflow reversal,Window 8,Repeated discovery,930000,53,0.2,3,True,True,0.5769245402018228,0.0,0.024999999999999998,0.018075459798177086,0.0035735066731770837,336.4375,0.041666666666666664,0.7219329833984375
Workflow reversal,Window 8,Repeated discovery,930000,54,0.2,3,True,True,0.5969175211588541,0.0,0.005,0.018082478841145836,0.0035805257161458334,336.5208333333333,0.0625,0.7219329833984375
Workflow reversal,Window 8,Repeated discovery,930000,55,0.2,3,True,True,0.6019172159830729,0.0,0.0,0.018082784016927082,0.003580830891927084,336.4791666666667,0.08333333333333333,0.721917724609375
Workflow reversal,Window 8,Repeated discovery,930000,56,0.2,3,True,True,0.5819149780273437,0.0,0.02,0.01808502197265625,0.0035830688476562503,336.5208333333333,0.08333333333333333,0.7219329833984375
Workflow reversal,Window 8,Repeated discovery,930000,57,0.2,3,True,True,0.5694208780924478,0.0,0.032499999999999994,0.018079121907552082,0.003577168782552084,336.4583333333333,0.0625,0.721917724609375
Workflow reversal,Window 8,Repeated discovery,930000,58,0.2,3,True,True,0.5969186401367187,0.0,0.005,0.01808135986328125,0.0035794067382812506,336.5,0.0625,0.7219329833984375
Workflow reversal,Window 8,Repeated discovery,930000,59,0.2,3,True,True,0.596910196940104,0.0,0.005,0.018089803059895833,0.0035878499348958337,336.5625,0.10416666666666667,0.721917724609375
Workflow reversal,Window 8,Repeated discovery,930000,60,0.2,3,True,True,0.5944183349609374,0.0,0.0075,0.018081665039062497,0.0035797119140625003,336.4583333333333,0.08333333333333333,0.7219329833984375
Workflow reversal,Window 8,Repeated discovery,930000,61,0.2,3,True,True,0.5919282023111978,0.0,0.01,0.018071797688802082,0.003569844563802084,336.4166666666667,0.020833333333333332,0.7219329833984375
Workflow reversal,Window 8,Repeated discovery,930000,62,0.2,3,True,True,0.576924845377604,0.0,0.024999999999999998,0.018075154622395832,0.003573201497395834,336.4791666666667,0.020833333333333332,0.7219329833984375
Workflow reversal,Window 8,Repeated discovery,930000,63,0.2,3,True,True,0.5669186401367187,0.0,0.034999999999999996,0.01808135986328125,0.0035794067382812506,336.5,0.0625,0.7219329833984375
Workflow reversal,Window 8,Repeated discovery,930000,64,0.2,3,True,True,0.5769234212239582,0.0,0.024999999999999998,0.018076578776041664,0.003574625651041667,336.4583333333333,0.041666666666666664,0.7219329833984375
Workflow reversal,Window 8,Repeated discovery,930000,65,0.2,3,True,True,0.5819208780924479,0.0,0.02,0.018079121907552082,0.003577168782552084,336.4583333333333,0.0625,0.721917724609375
Workflow reversal,Window 8,Repeated discovery,930000,66,0.2,3,True,True,0.5594197591145832,0.0,0.0425,0.018080240885416664,0.003578287760416667,336.4791666666667,0.0625,0.7219329833984375
Workflow reversal,Window 8,Repeated discovery,930000,67,0.2,3,True,True,0.5769186401367187,0.0,0.024999999999999998,0.01808135986328125,0.0035794067382812506,336.5,0.0625,0.721917724609375
Workflow reversal,Window 8,Repeated discovery,930000,68,0.2,3,True,True,0.5819197591145833,0.0,0.02,0.018080240885416664,0.003578287760416667,336.4791666666667,0.0625,0.7219329833984375
Workflow reversal,Window 8,Repeated discovery,930000,69,0.2,3,True,True,0.5819197591145833,0.0,0.02,0.018080240885416664,0.003578287760416667,336.4791666666667,0.0625,0.7219329833984375
Workflow reversal,Window 8,Repeated discovery,930000,70,0.2,3,True,True,0.601919453938802,0.0,0.0,0.018080546061197918,0.0035785929361979167,336.4375,0.08333333333333333,0.721917724609375
Workflow reversal,Window 8,Repeated discovery,930000,71,0.2,3,True,True,0.6019175211588541,0.0,0.0,0.018082478841145836,0.0035805257161458334,336.5208333333333,0.0625,0.7219329833984375
Workflow reversal,Window 8,Repeated discovery,930000,72,0.2,3,True,True,0.5819164021809895,0.0,0.02,0.018083597819010415,0.003581644694010417,336.5416666666667,0.0625,0.721917724609375
Workflow reversal,Window 8,Repeated discovery,930000,73,0.2,3,True,True,0.5969208780924479,0.0,0.005,0.018079121907552082,0.003577168782552084,336.4583333333333,0.0625,0.7219329833984375
Workflow reversal,Window 8,Repeated discovery,930000,74,0.2,3,True,True,0.5869186401367187,0.0,0.015,0.01808135986328125,0.0035794067382812506,336.5,0.0625,0.721917724609375
Workflow reversal,Window 8,Repeated discovery,930000,75,0.2,3,True,True,0.5619234212239582,0.0,0.04,0.018076578776041664,0.003574625651041667,336.4583333333333,0.041666666666666664,0.7219329833984375
Workflow reversal,Window 8,Repeated discovery,930000,76,0.2,3,True,True,0.5819208780924479,0.0,0.02,0.018079121907552082,0.003577168782552084,336.4583333333333,0.0625,0.7219329833984375
Workflow reversal,Window 8,Repeated discovery,930000,77,0.2,3,True,True,0.5669164021809895,0.0,0.034999999999999996,0.018083597819010415,0.003581644694010417,336.5416666666667,0.0625,0.721917724609375
Workflow reversal,Window 8,Repeated discovery,930000,78,0.2,3,True,True,0.5869175211588541,0.0,0.015,0.018082478841145836,0.0035805257161458334,336.5208333333333,0.0625,0.721917724609375
Workflow reversal,Window 8,Repeated discovery,930000,79,0.2,3,True,True,0.569417521158854,0.0,0.0325,0.018082478841145836,0.0035805257161458334,336.5208333333333,0.0625,0.721917724609375
Workflow reversal,Window 8,Repeated discovery,930000,80,0.2,3,True,True,0.5594223022460937,0.0,0.0425,0.01807769775390625,0.0035757446289062505,336.4791666666667,0.041666666666666664,0.721917724609375
Workflow reversal,Window 8,Repeated discovery,930000,81,0.2,3,True,True,0.5619189453124999,0.0,0.04,0.018081054687499997,0.0035791015625000005,336.5416666666667,0.041666666666666664,0.7219329833984375
Workflow reversal,Window 8,Repeated discovery,930000,82,0.2,3,True,True,0.6019219970703124,0.0,0.0,0.0180780029296875,0.0035760498046875,336.4375,0.0625,0.7219329833984375
Workflow reversal,Window 8,Repeated discovery,930000,83,0.2,3,True,True,0.5619197591145833,0.0,0.04,0.018080240885416664,0.003578287760416667,336.4791666666667,0.0625,0.721917724609375
Workflow reversal,Window 8,Repeated discovery,930000,84,0.2,3,True,True,0.576924845377604,0.0,0.024999999999999998,0.018075154622395832,0.003573201497395834,336.4791666666667,0.020833333333333332,0.7219329833984375
Workflow reversal,Window 8,Repeated discovery,930000,85,0.2,3,True,True,0.5594172159830729,0.0,0.0425,0.018082784016927082,0.003580830891927084,336.4791666666667,0.08333333333333333,0.721917724609375
Workflow reversal,Window 8,Repeated discovery,930000,86,0.2,3,True,True,0.5769219970703124,0.0,0.024999999999999998,0.0180780029296875,0.0035760498046875,336.4375,0.0625,0.721917724609375
Workflow reversal,Window 8,Repeated discovery,930000,87,0.2,3,True,True,0.5769205729166665,0.0,0.024999999999999998,0.018079427083333332,0.003577473958333334,336.4166666666667,0.08333333333333333,0.7219329833984375
Workflow reversal,Window 8,Repeated discovery,930000,88,0.2,3,True,True,0.5869234212239582,0.0,0.015,0.018076578776041664,0.003574625651041667,336.4583333333333,0.041666666666666664,0.721917724609375
Workflow reversal,Window 8,Repeated discovery,930000,89,0.2,3,True,True,0.5969223022460937,0.0,0.005,0.01807769775390625,0.0035757446289062505,336.4791666666667,0.041666666666666664,0.7219329833984375
Workflow reversal,Window 8,Repeated discovery,930000,90,0.2,3,True,True,0.5819223022460936,0.0,0.02,0.01807769775390625,0.0035757446289062505,336.4791666666667,0.041666666666666664,0.7219329833984375
Workflow reversal,Window 8,Repeated discovery,930000,91,0.2,3,True,True,0.5694146728515624,0.0,0.0325,0.0180853271484375,0.0035833740234375005,336.4791666666667,0.10416666666666667,0.721917724609375
Workflow reversal,Window 8,Repeated discovery,930000,92,0.2,3,True,True,0.5669124348958333,0.0,0.034999999999999996,0.018087565104166668,0.003585611979166667,336.5208333333333,0.10416666666666667,0.721917724609375
Workflow reversal,Window 8,Repeated discovery,930000,93,0.2,3,True,True,0.5869160970052082,0.0,0.015000000000000001,0.018083902994791668,0.003581949869791667,336.5,0.08333333333333333,0.7219329833984375
Workflow reversal,Window 8,Repeated discovery,930000,94,0.2,3,True,True,0.5669219970703124,0.0,0.034999999999999996,0.0180780029296875,0.0035760498046875,336.4375,0.0625,0.7219329833984375
Workflow reversal,Window 8,Repeated discovery,930000,95,0.2,3,True,True,0.5744259643554687,0.0,0.027499999999999997,0.018074035644531247,0.0035720825195312503,336.4583333333333,0.020833333333333332,0.7219329833984375
Workflow reversal,Window 8,Discover once,930000,0,0.2,6,True,True,0.5766786702473958,0.0,0.025000000000000005,0.018321329752604167,0.0005967203776041667,341.0625,0.020833333333333332,0.721630859375
Workflow reversal,Window 8,Discover once,930000,1,0.2,6,True,True,0.5843107096354166,0.0,0.017499999999999998,0.018189290364583333,0.0005989583333333334,338.6041666666667,0.020833333333333332,0.7217919921875
Workflow reversal,Window 8,Discover once,930000,2,0.2,6,True,True,0.5818143717447916,0.0,0.02,0.018185628255208332,0.0005952962239583334,338.5833333333333,0.0,0.7217919921875
Workflow reversal,Window 8,Discover once,930000,3,0.2,6,True,True,0.5816283162434895,0.0,0.02,0.01837168375651042,0.0005933634440104166,342.0,0.020833333333333332,0.721630859375
Workflow reversal,Window 8,Discover once,930000,4,0.2,6,True,True,0.5693118286132812,0.0,0.0325,0.018188171386718747,0.00059783935546875,338.5833333333333,0.020833333333333332,0.7217919921875
Workflow reversal,Window 8,Discover once,930000,5,0.2,6,True,True,0.5768084716796875,0.0,0.024999999999999998,0.018191528320312497,0.0006011962890625,338.6458333333333,0.020833333333333332,0.7217919921875
Workflow reversal,Window 8,Discover once,930000,6,0.2,6,True,True,0.5768107096354167,0.0,0.024999999999999998,0.018189290364583333,0.0005989583333333334,338.6041666666667,0.020833333333333332,0.7217919921875
Workflow reversal,Window 8,Discover once,930000,7,0.2,6,True,True,0.5866764322916667,0.0,0.015,0.018323567708333335,0.0005989583333333334,341.1041666666667,0.020833333333333332,0.721630859375
Workflow reversal,Window 8,Discover once,930000,8,0.2,6,True,True,0.5868110148111979,0.0,0.015,0.01818898518880208,0.0005986531575520833,338.6458333333333,0.0,0.7217919921875
Workflow reversal,Window 8,Discover once,930000,9,0.2,6,True,True,0.5741775512695312,0.0,0.027499999999999997,0.01832244873046875,0.00059783935546875,341.0833333333333,0.020833333333333332,0.721630859375
Workflow reversal,Window 8,Discover once,930000,10,0.2,6,True,True,0.5718084716796875,0.0,0.03,0.018191528320312497,0.0006011962890625,338.6458333333333,0.020833333333333332,0.7217919921875
Workflow reversal,Window 8,Discover once,930000,11,0.2,6,True,True,0.5768129475911458,0.0,0.024999999999999998,0.018187052408854164,0.00059783935546875,338.5625,0.020833333333333332,0.7217919921875
Workflow reversal,Window 8,Discover once,930000,12,0.2,6,True,True,0.5343143717447916,0.0,0.06750000000000002,0.018185628255208332,0.0005952962239583334,338.5833333333333,0.0,0.7217919921875
Workflow reversal,Window 8,Discover once,930000,13,0.2,6,True,True,0.5868118286132812,0.0,0.015,0.018188171386718747,0.00059783935546875,338.5833333333333,0.020833333333333332,0.7217919921875
Workflow reversal,Window 8,Discover once,930000,14,0.2,6,True,True,0.5818121337890625,0.0,0.02,0.018187866210937497,0.0005975341796875001,338.625,0.0,0.7217919921875
Workflow reversal,Window 8,Discover once,930000,15,0.2,6,True,True,0.5768107096354167,0.0,0.024999999999999998,0.018189290364583333,0.0005989583333333334,338.6041666666667,0.020833333333333332,0.7217919921875
Workflow reversal,Window 8,Discover once,930000,16,0.2,6,True,True,0.5866797892252604,0.0,0.015,0.018320210774739585,0.0005956013997395833,341.0416666666667,0.020833333333333332,0.721630859375
Workflow reversal,Window 8,Discover once,930000,17,0.2,6,True,True,0.5768107096354167,0.0,0.024999999999999998,0.018189290364583333,0.0005989583333333334,338.6041666666667,0.020833333333333332,0.7217919921875
Workflow reversal,Window 8,Discover once,930000,18,0.2,6,True,True,0.5866797892252604,0.0,0.015,0.018320210774739585,0.0005956013997395833,341.0416666666667,0.020833333333333332,0.721630859375
Workflow reversal,Window 8,Discover once,930000,19,0.2,6,True,True,0.5793129475911458,0.0,0.022500000000000003,0.018187052408854164,0.0005967203776041667,338.5625,0.020833333333333332,0.7217919921875
Workflow reversal,Window 8,Discover once,930000,20,0.2,6,True,True,0.5643143717447917,0.0,0.0375,0.018185628255208332,0.0005952962239583334,338.5833333333333,0.0,0.7217919921875
Workflow reversal,Window 8,Discover once,930000,21,0.2,6,True,True,0.574175313313802,0.0,0.0275,0.018324686686197918,0.0006000773111979167,341.125,0.020833333333333332,0.721630859375
Workflow reversal,Window 8,Discover once,930000,22,0.2,6,True,True,0.5818107096354167,0.0,0.02,0.018189290364583333,0.0005989583333333334,338.6041666666667,0.020833333333333332,0.7217919921875
Workflow reversal,Window 8,Discover once,930000,23,0.2,6,True,True,0.5768095906575521,0.0,0.024999999999999998,0.018190409342447915,0.0006000773111979167,338.625,0.020833333333333332,0.7217919921875
Workflow reversal,Window 8,Discover once,930000,24,0.2,6,True,True,0.5668143717447917,0.0,0.034999999999999996,0.018185628255208332,0.0005952962239583334,338.5833333333333,0.0,0.7217919921875
Workflow reversal,Window 8,Discover once,930000,25,0.2,6,True,True,0.5766741943359376,0.0,0.024999999999999998,0.0183258056640625,0.0006011962890625,341.1458333333333,0.020833333333333332,0.721630859375
Workflow reversal,Window 8,Discover once,930000,26,0.2,6,True,True,0.5818073527018229,0.0,0.02,0.018192647298177083,0.0006023152669270834,338.6666666666667,0.020833333333333332,0.7217919921875
Workflow reversal,Window 8,Discover once,930000,27,0.2,6,True,True,0.5766775512695312,0.0,0.024999999999999998,0.01832244873046875,0.00059783935546875,341.0833333333333,0.020833333333333332,0.721630859375
Workflow reversal,Window 8,Discover once,930000,28,0.2,6,True,True,0.5741786702473958,0.0,0.0275,0.018321329752604167,0.0005967203776041667,341.0625,0.020833333333333332,0.721630859375
Workflow reversal,Window 8,Discover once,930000,29,0.2,6,True,True,0.5766741943359376,0.0,0.024999999999999998,0.0183258056640625,0.0006011962890625,341.1458333333333,0.020833333333333332,0.721630859375
Workflow reversal,Window 8,Discover once,930000,30,0.2,6,True,True,0.5743154907226562,0.0,0.0275,0.01818450927734375,0.0005941772460937501,338.5625,0.0,0.7217919921875
Workflow reversal,Window 8,Discover once,930000,31,0.2,6,True,True,0.5766809082031249,0.0,0.024999999999999998,0.018319091796875003,0.000594482421875,341.0208333333333,0.020833333333333332,0.721630859375
Workflow reversal,Window 8,Discover once,930000,32,0.2,6,True,True,0.5818129475911458,0.0,0.02,0.018187052408854164,0.0005967203776041667,338.5625,0.020833333333333332,0.7217919921875
Workflow reversal,Window 8,Discover once,930000,33,0.2,6,True,True,0.5818107096354167,0.0,0.02,0.018189290364583333,0.0005989583333333334,338.6041666666667,0.020833333333333332,0.7217919921875
Workflow reversal,Window 8,Discover once,930000,34,0.2,6,True,True,0.5816753133138021,0.0,0.02,0.018324686686197918,0.0006000773111979167,341.125,0.020833333333333332,0.721630859375
Workflow reversal,Window 8,Discover once,930000,35,0.2,6,True,True,0.5818129475911458,0.0,0.02,0.018187052408854164,0.0005967203776041667,338.5625,0.020833333333333332,0.7217919921875
Workflow reversal,Window 8,Discover once,930000,36,0.2,6,True,True,0.5716786702473958,0.0,0.03,0.018321329752604167,0.0005967203776041667,341.0625,0.020833333333333332,0.721630859375
Workflow reversal,Window 8,Discover once,930000,37,0.2,6,True,True,0.5691730753580729,0.0,0.0325,0.018326924641927086,0.0006023152669270834,341.1666666666667,0.020833333333333332,0.721630859375
Workflow reversal,Window 8,Discover once,930000,38,0.2,6,True,True,0.5768095906575521,0.0,0.024999999999999998,0.018190409342447915,0.0006000773111979167,338.625,0.020833333333333332,0.7217919921875
Workflow reversal,Window 8,Discover once,930000,39,0.2,6,True,True,0.5868107096354166,0.0,0.015,0.018189290364583333,0.0005989583333333334,338.6041666666667,0.020833333333333332,0.7217919921875
Workflow reversal,Window 8,Discover once,930000,40,0.2,6,True,True,0.5768095906575521,0.0,0.024999999999999998,0.018190409342447915,0.0006000773111979167,338.625,0.020833333333333332,0.7217919921875
Workflow reversal,Window 8,Discover once,930000,41,0.2,6,True,True,0.5668132527669271,0.0,0.034999999999999996,0.018186747233072915,0.0005964152018229167,338.6041666666667,0.0,0.7217919921875
Workflow reversal,Window 8,Discover once,930000,42,0.2,6,True,True,0.5818107096354167,0.0,0.02,0.018189290364583333,0.0005989583333333334,338.6041666666667,0.020833333333333332,0.7217919921875
Workflow reversal,Window 8,Discover once,930000,43,0.2,6,True,True,0.5766809082031249,0.0,0.024999999999999998,0.018319091796875003,0.000594482421875,341.0208333333333,0.020833333333333332,0.721630859375
Workflow reversal,Window 8,Discover once,930000,44,0.2,6,True,True,0.5768166097005208,0.0,0.025000000000000005,0.018183390299479164,0.0005930582682291667,338.5416666666667,0.0,0.7217919921875
Workflow reversal,Window 8,Discover once,930000,45,0.2,6,True,True,0.5841775512695312,0.0,0.017499999999999998,0.01832244873046875,0.00059783935546875,341.0833333333333,0.020833333333333332,0.721630859375
Workflow reversal,Window 8,Discover once,930000,46,0.2,6,True,True,0.5768129475911458,0.0,0.024999999999999998,0.018187052408854164,0.0005967203776041667,338.5625,0.020833333333333332,0.7217919921875
Workflow reversal,Window 8,Discover once,930000,47,0.2,6,True,True,0.5766775512695312,0.0,0.024999999999999998,0.01832244873046875,0.00059783935546875,341.0833333333333,0.020833333333333332,0.721630859375
Workflow reversal,Window 8,Discover once,930000,48,0.2,6,True,True,0.5618121337890625,0.0,0.04,0.018187866210937497,0.0005975341796875001,338.625,0.0,0.7217919921875
Workflow reversal,Window 8,Discover once,930000,49,0.2,6,True,True,0.5816764322916667,0.0,0.02,0.018323567708333335,0.0005989583333333334,341.1041666666667,0.020833333333333332,0.721630859375
Workflow reversal,Window 8,Discover once,930000,50,0.2,6,True,True,0.5593121337890624,0.0,0.0425,0.018187866210937497,0.0005975341796875001,338.625,0.0,0.7217919921875
Workflow reversal,Window 8,Discover once,930000,51,0.2,6,True,True,0.5793143717447916,0.0,0.022500000000000003,0.018185628255208332,0.0005952962239583334,338.5833333333333,0.0,0.7217919921875
Workflow reversal,Window 8,Discover once,930000,52,0.2,6,True,True,0.5767894490559895,0.0,0.024999999999999998,0.018210550944010414,0.0005933634440104166,339.0,0.020833333333333332,0.7217919921875
Workflow reversal,Window 8,Discover once,930000,53,0.2,6,True,True,0.5767894490559895,0.0,0.024999999999999998,0.018210550944010414,0.0005933634440104166,339.0,0.020833333333333332,0.7217919921875
Workflow reversal,Window 8,Discover once,930000,54,0.2,6,True,True,0.5816775512695312,0.0,0.02,0.01832244873046875,0.00059783935546875,341.0833333333333,0.020833333333333332,0.721630859375
Workflow reversal,Window 8,Discover once,930000,55,0.2,6,True,True,0.5816764322916667,0.0,0.02,0.018323567708333335,0.0005989583333333334,341.1041666666667,0.020833333333333332,0.721630859375
Workflow reversal,Window 8,Discover once,930000,56,0.2,6,True,True,0.5718084716796875,0.0,0.03,0.018191528320312497,0.0006011962890625,338.6458333333333,0.020833333333333332,0.7217919921875
Workflow reversal,Window 8,Discover once,930000,57,0.2,6,True,True,0.5668129475911458,0.0,0.034999999999999996,0.018187052408854164,0.0005967203776041667,338.5625,0.020833333333333332,0.7217919921875
Workflow reversal,Window 8,Discover once,930000,58,0.2,6,True,True,0.5818095906575521,0.0,0.02,0.018190409342447915,0.0006000773111979167,338.625,0.020833333333333332,0.7217919921875
Workflow reversal,Window 8,Discover once,930000,59,0.2,6,True,True,0.5818062337239583,0.0,0.02,0.018193766276041665,0.0006034342447916667,338.6875,0.020833333333333332,0.7217919921875
Workflow reversal,Window 8,Discover once,930000,60,0.2,6,True,True,0.5766764322916668,0.0,0.024999999999999998,0.018323567708333335,0.0005989583333333334,341.1041666666667,0.020833333333333332,0.721630859375
Workflow reversal,Window 8,Discover once,930000,61,0.2,6,True,True,0.5674416097005208,0.020833333333333332,0.03437500000000001,0.018183390299479164,0.0005930582682291667,338.5416666666667,0.0,0.7217919921875
Workflow reversal,Window 8,Discover once,930000,62,0.2,6,True,True,0.5766775512695312,0.0,0.024999999999999998,0.01832244873046875,0.00059783935546875,341.0833333333333,0.020833333333333332,0.721630859375
Workflow reversal,Window 8,Discover once,930000,63,0.2,6,True,True,0.5668166097005208,0.0,0.034999999999999996,0.018183390299479164,0.0005930582682291667,338.5416666666667,0.0,0.7217919921875
Workflow reversal,Window 8,Discover once,930000,64,0.2,6,True,True,0.5818154907226561,0.0,0.02,0.01818450927734375,0.0005941772460937501,338.5625,0.0,0.7217919921875
Workflow reversal,Window 8,Discover once,930000,65,0.2,6,True,True,0.5766775512695312,0.0,0.024999999999999998,0.01832244873046875,0.00059783935546875,341.0833333333333,0.020833333333333332,0.721630859375
Workflow reversal,Window 8,Discover once,930000,66,0.2,6,True,True,0.5818129475911458,0.0,0.02,0.018187052408854164,0.0005967203776041667,338.5625,0.020833333333333332,0.7217919921875
Workflow reversal,Window 8,Discover once,930000,67,0.2,6,True,True,0.5668143717447917,0.0,0.034999999999999996,0.018185628255208332,0.0005952962239583334,338.5833333333333,0.0,0.7217919921875
Workflow reversal,Window 8,Discover once,930000,68,0.2,6,True,True,0.569313252766927,0.0,0.0325,0.018186747233072915,0.0005964152018229167,338.6041666666667,0.0,0.7217919921875
Workflow reversal,Window 8,Discover once,930000,69,0.2,6,True,True,0.5768118286132812,0.0,0.024999999999999998,0.018188171386718747,0.00059783935546875,338.5833333333333,0.020833333333333332,0.7217919921875
Workflow reversal,Window 8,Discover once,930000,70,0.2,6,True,True,0.5768140665690104,0.0,0.024999999999999998,0.018185933430989582,0.0005956013997395833,338.5416666666667,0.020833333333333332,0.7217919921875
Workflow reversal,Window 8,Discover once,930000,71,0.2,6,True,True,0.5818121337890624,0.0,0.02,0.018187866210937497,0.0005975341796875001,338.625,0.0,0.7217919921875
Workflow reversal,Window 8,Discover once,930000,72,0.2,6,True,True,0.5943098958333334,0.0,0.0075,0.018190104166666665,0.0005997721354166666,338.6666666666667,0.0,0.7217919921875
Workflow reversal,Window 8,Discover once,930000,73,0.2,6,True,True,0.5768151855468749,0.0,0.024999999999999998,0.018184814453125,0.000594482421875,338.5208333333333,0.020833333333333332,0.7217919921875
Workflow reversal,Window 8,Discover once,930000,74,0.2,6,True,True,0.5493143717447916,0.0,0.0525,0.018185628255208332,0.0005952962239583334,338.5833333333333,0.0,0.7217919921875
Workflow reversal,Window 8,Discover once,930000,75,0.2,6,True,True,0.5741797892252604,0.0,0.0275,0.018320210774739585,0.0005956013997395833,341.0416666666667,0.020833333333333332,0.721630859375
Workflow reversal,Window 8,Discover once,930000,76,0.2,6,True,True,0.5766797892252604,0.0,0.024999999999999998,0.018320210774739585,0.0005956013997395833,341.0416666666667,0.020833333333333332,0.721630859375
Workflow reversal,Window 8,Discover once,930000,77,0.2,6,True,True,0.5866753133138021,0.0,0.015,0.018324686686197918,0.0006000773111979167,341.125,0.020833333333333332,0.721630859375
Workflow reversal,Window 8,Discover once,930000,78,0.2,6,True,True,0.5768062337239583,0.0,0.024999999999999998,0.018193766276041665,0.0006034342447916667,338.6875,0.020833333333333332,0.7217919921875
Workflow reversal,Window 8,Discover once,930000,79,0.2,6,True,True,0.5666764322916666,0.0,0.035,0.018323567708333335,0.0005989583333333334,341.1041666666667,0.020833333333333332,0.721630859375
Workflow reversal,Window 8,Discover once,930000,80,0.2,6,True,True,0.5766764322916668,0.0,0.024999999999999998,0.018323567708333335,0.0005989583333333334,341.1041666666667,0.020833333333333332,0.721630859375
Workflow reversal,Window 8,Discover once,930000,81,0.2,6,True,True,0.5693073527018229,0.0,0.0325,0.018192647298177083,0.0006023152669270834,338.6666666666667,0.020833333333333332,0.7217919921875
Workflow reversal,Window 8,Discover once,930000,82,0.2,6,True,True,0.5766797892252604,0.0,0.024999999999999998,0.018320210774739585,0.0005956013997395833,341.0416666666667,0.020833333333333332,0.721630859375
Workflow reversal,Window 8,Discover once,930000,83,0.2,6,True,True,0.5818129475911458,0.0,0.02,0.018187052408854164,0.0005967203776041667,338.5625,0.020833333333333332,0.7217919921875
Workflow reversal,Window 8,Discover once,930000,84,0.2,6,True,True,0.5768107096354167,0.0,0.024999999999999998,0.018189290364583333,0.0005989583333333334,338.6041666666667,0.020833333333333332,0.7217919921875
Workflow reversal,Window 8,Discover once,930000,85,0.2,6,True,True,0.5768140665690104,0.0,0.024999999999999998,0.018185933430989582,0.0005956013997395833,338.5416666666667,0.020833333333333332,0.7217919921875
Workflow reversal,Window 8,Discover once,930000,86,0.2,6,True,True,0.5816294352213541,0.0,0.02,0.018370564778645834,0.0005922444661458333,341.9791666666667,0.020833333333333332,0.721630859375
Workflow reversal,Window 8,Discover once,930000,87,0.2,6,True,True,0.5767894490559895,0.0,0.024999999999999998,0.018210550944010414,0.0005933634440104166,339.0,0.020833333333333332,0.7217919921875
Workflow reversal,Window 8,Discover once,930000,88,0.2,6,True,True,0.5768132527669271,0.0,0.024999999999999998,0.018186747233072915,0.0005964152018229167,338.6041666666667,0.0,0.7217919921875
Workflow reversal,Window 8,Discover once,930000,89,0.2,6,True,True,0.5641786702473959,0.0,0.0375,0.018321329752604167,0.0005967203776041667,341.0625,0.020833333333333332,0.721630859375
Workflow reversal,Window 8,Discover once,930000,90,0.2,6,True,True,0.5768110148111979,0.0,0.024999999999999998,0.01818898518880208,0.0005986531575520833,338.6458333333333,0.0,0.7217919921875
Workflow reversal,Window 8,Discover once,930000,91,0.2,6,True,True,0.5768129475911458,0.0,0.024999999999999998,0.018187052408854164,0.0005967203776041667,338.5625,0.020833333333333332,0.7217919921875
Workflow reversal,Window 8,Discover once,930000,92,0.2,6,True,True,0.5816753133138021,0.0,0.02,0.018324686686197918,0.0006000773111979167,341.125,0.020833333333333332,0.721630859375
Workflow reversal,Window 8,Discover once,930000,93,0.2,6,True,True,0.5743098958333333,0.0,0.0275,0.018190104166666665,0.0005997721354166666,338.6666666666667,0.0,0.7217919921875
Workflow reversal,Window 8,Discover once,930000,94,0.2,6,True,True,0.5818140665690104,0.0,0.02,0.018185933430989582,0.0005956013997395833,338.5416666666667,0.020833333333333332,0.7217919921875
Workflow reversal,Window 8,Discover once,930000,95,0.2,6,True,True,0.5693118286132811,0.0,0.032499999999999994,0.018188171386718747,0.00059783935546875,338.5833333333333,0.020833333333333332,0.7217919921875
Workflow reversal,Window 8,Repeated discovery,930000,0,0.2,6,True,True,0.5817608642578125,0.0,0.02,0.0182391357421875,0.0035223388671875005,339.4375,0.0625,0.721671142578125
Workflow reversal,Window 8,Repeated discovery,930000,1,0.2,6,True,True,0.5718097941080729,0.0,0.03,0.018190205891927082,0.0035271199544270842,338.4791666666667,0.08333333333333333,0.7218170166015625
Workflow reversal,Window 8,Repeated discovery,930000,2,0.2,6,True,True,0.5968428548177083,0.0,0.005,0.018157145182291667,0.003520914713541667,337.9583333333333,0.041666666666666664,0.721832275390625
Workflow reversal,Window 8,Repeated discovery,930000,3,0.2,6,True,True,0.5816618855794271,0.0,0.02,0.01833811442057292,0.0035138956705729175,341.375,0.020833333333333332,0.721671142578125
Workflow reversal,Window 8,Repeated discovery,930000,4,0.2,6,True,True,0.5742328898111979,0.0,0.0275,0.018267110188802085,0.003523457845052084,339.9583333333333,0.0625,0.7218170166015625
Workflow reversal,Window 8,Repeated discovery,930000,5,0.2,6,True,True,0.5967807006835937,0.0,0.005,0.018219299316406253,0.0035293579101562506,339.0208333333333,0.08333333333333333,0.7218170166015625
Workflow reversal,Window 8,Repeated discovery,930000,6,0.2,6,True,True,0.5968123372395833,0.0,0.005,0.018187662760416664,0.0035245768229166673,338.4791666666667,0.0625,0.7216558837890625
Workflow reversal,Window 8,Repeated discovery,930000,7,0.2,6,True,True,0.5717829386393228,0.0,0.03,0.01821706136067708,0.0035271199544270842,338.9791666666667,0.08333333333333333,0.7218170166015625
Workflow reversal,Window 8,Repeated discovery,930000,8,0.2,6,True,True,0.5968420410156249,0.0,0.005,0.018157958984375,0.0035217285156250006,338.0208333333333,0.020833333333333332,0.721832275390625
Workflow reversal,Window 8,Repeated discovery,930000,9,0.2,6,True,True,0.5943109130859374,0.0,0.0075,0.018189086914062503,0.0035260009765625006,338.4583333333333,0.08333333333333333,0.7218170166015625
Workflow reversal,Window 8,Repeated discovery,930000,10,0.2,6,True,True,0.5668100992838542,0.0,0.034999999999999996,0.018189900716145836,0.0035268147786458337,338.5208333333333,0.0625,0.7216558837890625
Workflow reversal,Window 8,Repeated discovery,930000,11,0.2,6,True,True,0.5717840576171874,0.0,0.03,0.018215942382812503,0.0035260009765625006,338.9583333333333,0.08333333333333333,0.7218170166015625
Workflow reversal,Window 8,Repeated discovery,930000,12,0.2,6,True,True,0.5618453979492187,0.0,0.04,0.01815460205078125,0.0035183715820312506,337.9583333333333,0.020833333333333332,0.721832275390625
Workflow reversal,Window 8,Repeated discovery,930000,13,0.2,6,True,True,0.5918453979492186,0.0,0.01,0.01815460205078125,0.0035183715820312506,337.9583333333333,0.020833333333333332,0.721832275390625
Workflow reversal,Window 8,Repeated discovery,930000,14,0.2,6,True,True,0.6018431599934896,0.0,0.0,0.018156840006510414,0.003520609537760417,338.0,0.020833333333333332,0.721832275390625
Workflow reversal,Window 8,Repeated discovery,930000,15,0.2,6,True,True,0.5718442789713541,0.0,0.03,0.018155721028645835,0.0035194905598958342,337.9791666666667,0.020833333333333332,0.721832275390625
Workflow reversal,Window 8,Repeated discovery,930000,16,0.2,6,True,True,0.5867376708984374,0.0,0.015,0.0182623291015625,0.0035186767578125003,339.9166666666667,0.041666666666666664,0.7218170166015625
Workflow reversal,Window 8,Repeated discovery,930000,17,0.2,6,True,True,0.5768406168619791,0.0,0.024999999999999998,0.018159383138020832,0.0035220336914062508,338.0,0.041666666666666664,0.721832275390625
Workflow reversal,Window 8,Repeated discovery,930000,18,0.2,6,True,True,0.591815694173177,0.0,0.01,0.018184305826822917,0.003521219889322917,338.4166666666667,0.0625,0.7218170166015625
Workflow reversal,Window 8,Repeated discovery,930000,19,0.2,6,True,True,0.5943414306640624,0.0,0.0075,0.0181585693359375,0.0035223388671875005,337.9375,0.0625,0.7218170166015625
Workflow reversal,Window 8,Repeated discovery,930000,20,0.2,6,True,True,0.5767891438802083,0.0,0.024999999999999998,0.01821085611979167,0.003520914713541667,338.9583333333333,0.041666666666666664,0.721832275390625
Workflow reversal,Window 8,Repeated discovery,930000,21,0.2,6,True,True,0.5667843627929687,0.0,0.034999999999999996,0.01821563720703125,0.0035256958007812505,339.0,0.0625,0.7216558837890625
Workflow reversal,Window 8,Repeated discovery,930000,22,0.2,6,True,True,0.5818097941080729,0.0,0.02,0.018190205891927082,0.0035271199544270842,338.4791666666667,0.08333333333333333,0.7216558837890625
Workflow reversal,Window 8,Repeated discovery,930000,23,0.2,6,True,True,0.5768355305989582,0.0,0.024999999999999998,0.018164469401041664,0.003528238932291667,338.0,0.08333333333333333,0.7218170166015625
Workflow reversal,Window 8,Repeated discovery,930000,24,0.2,6,True,True,0.5793134562174479,0.0,0.022500000000000003,0.018186543782552085,0.003523457845052084,338.4583333333333,0.0625,0.7218170166015625
Workflow reversal,Window 8,Repeated discovery,930000,25,0.2,6,True,True,0.5817832438151042,0.0,0.02,0.018216756184895835,0.0035268147786458337,339.0208333333333,0.0625,0.7218170166015625
Workflow reversal,Window 8,Repeated discovery,930000,26,0.2,6,True,True,0.5867795817057292,0.0,0.015,0.018220418294270832,0.003530476888020834,339.0416666666667,0.08333333333333333,0.7218170166015625
Workflow reversal,Window 8,Repeated discovery,930000,27,0.2,6,True,True,0.5818428548177083,0.0,0.02,0.018157145182291667,0.003520914713541667,337.9583333333333,0.041666666666666664,0.721832275390625
Workflow reversal,Window 8,Repeated discovery,930000,28,0.2,6,True,True,0.5792634073893229,0.0,0.022500000000000003,0.018236592610677085,0.003519795735677084,339.4375,0.041666666666666664,0.721832275390625
Workflow reversal,Window 8,Repeated discovery,930000,29,0.2,6,True,True,0.5767563883463541,0.0,0.024999999999999998,0.018243611653645835,0.0035268147786458337,339.5208333333333,0.0625,0.7216558837890625
Workflow reversal,Window 8,Repeated discovery,930000,30,0.2,6,True,True,0.5818145751953124,0.0,0.02,0.0181854248046875,0.0035223388671875005,338.4375,0.0625,0.721832275390625
Workflow reversal,Window 8,Repeated discovery,930000,31,0.2,6,True,True,0.5667605590820313,0.0,0.034999999999999996,0.018239440917968752,0.00352264404296875,339.3958333333333,0.08333333333333333,0.7216558837890625
Workflow reversal,Window 8,Repeated discovery,930000,32,0.2,6,True,True,0.6018414306640624,0.0,0.0,0.0181585693359375,0.0035223388671875005,337.9375,0.0625,0.721832275390625
Workflow reversal,Window 8,Repeated discovery,930000,33,0.2,6,True,True,0.5917586263020832,0.0,0.01,0.018241373697916664,0.0035245768229166673,339.4791666666667,0.0625,0.721832275390625
Workflow reversal,Window 8,Repeated discovery,930000,34,0.2,6,True,True,0.5867843627929686,0.0,0.015,0.01821563720703125,0.0035256958007812505,339.0,0.0625,0.7218170166015625
Workflow reversal,Window 8,Repeated discovery,930000,35,0.2,6,True,True,0.5817583211263021,0.0,0.02,0.018241678873697917,0.003524881998697917,339.4375,0.08333333333333333,0.7218170166015625
Workflow reversal,Window 8,Repeated discovery,930000,36,0.2,6,True,True,0.5717608642578125,0.0,0.03,0.0182391357421875,0.0035223388671875005,339.4375,0.0625,0.7216558837890625
Workflow reversal,Window 8,Repeated discovery,930000,37,0.2,6,True,True,0.5692795817057291,0.0,0.0325,0.018220418294270836,0.003530476888020834,339.0416666666667,0.08333333333333333,0.7218170166015625
Workflow reversal,Window 8,Repeated discovery,930000,38,0.2,6,True,True,0.5818086751302083,0.0,0.02,0.018191324869791668,0.003528238932291667,338.5,0.08333333333333333,0.7218170166015625
Workflow reversal,Window 8,Repeated discovery,930000,39,0.2,6,True,True,0.5667560831705729,0.0,0.034999999999999996,0.018243916829427085,0.0035271199544270842,339.4791666666667,0.08333333333333333,0.7216558837890625
Workflow reversal,Window 8,Repeated discovery,930000,40,0.2,6,True,True,0.5668112182617188,0.0,0.034999999999999996,0.01818878173828125,0.0035256958007812505,338.5,0.0625,0.721832275390625
Workflow reversal,Window 8,Repeated discovery,930000,41,0.2,6,True,True,0.5618391927083333,0.0,0.04,0.018160807291666668,0.0035245768229166673,337.9791666666667,0.0625,0.7218170166015625
Workflow reversal,Window 8,Repeated discovery,930000,42,0.2,6,True,True,0.5968366495768228,0.0,0.005,0.018163350423177085,0.0035271199544270842,337.9791666666667,0.08333333333333333,0.7218170166015625
Workflow reversal,Window 8,Repeated discovery,930000,43,0.2,6,True,True,0.5668168131510417,0.0,0.034999999999999996,0.018183186848958335,0.0035201009114583337,338.3958333333333,0.0625,0.721832275390625
Workflow reversal,Window 8,Repeated discovery,930000,44,0.2,6,True,True,0.5817888387044271,0.0,0.02,0.018211161295572917,0.003521219889322917,338.9166666666667,0.0625,0.7218170166015625
Workflow reversal,Window 8,Repeated discovery,930000,45,0.2,6,True,True,0.586835225423177,0.0,0.015,0.018164774576822917,0.003528544108072917,337.9583333333333,0.10416666666666667,0.7218170166015625
Workflow reversal,Window 8,Repeated discovery,930000,46,0.2,6,True,True,0.5768439737955728,0.0,0.024999999999999998,0.01815602620442708,0.003519795735677084,337.9375,0.041666666666666664,0.721832275390625
Workflow reversal,Window 8,Repeated discovery,930000,47,0.2,6,True,True,0.5817328898111979,0.0,0.02,0.018267110188802085,0.003523457845052084,339.9583333333333,0.0625,0.7216558837890625
Workflow reversal,Window 8,Repeated discovery,930000,48,0.2,6,True,True,0.5968431599934895,0.0,0.005,0.018156840006510414,0.003520609537760417,338.0,0.020833333333333332,0.721832275390625
Workflow reversal,Window 8,Repeated discovery,930000,49,0.2,6,True,True,0.5967829386393229,0.0,0.005,0.01821706136067708,0.0035271199544270842,338.9791666666667,0.08333333333333333,0.7216558837890625
Workflow reversal,Window 8,Repeated discovery,930000,50,0.2,6,True,True,0.5767600504557291,0.0,0.024999999999999998,0.018239949544270835,0.0035231526692708335,339.5,0.041666666666666664,0.721671142578125
Workflow reversal,Window 8,Repeated discovery,930000,51,0.2,6,True,True,0.5867916870117187,0.0,0.015000000000000005,0.01820831298828125,0.0035183715820312506,338.9583333333333,0.020833333333333332,0.721671142578125
Workflow reversal,Window 8,Repeated discovery,930000,52,0.2,6,True,True,0.5818179321289062,0.0,0.02,0.018182067871093752,0.0035189819335937505,338.375,0.0625,0.7218170166015625
Workflow reversal,Window 8,Repeated discovery,930000,53,0.2,6,True,True,0.5942642211914062,0.0,0.007500000000000001,0.018235778808593752,0.0035189819335937505,339.375,0.0625,0.721671142578125
Workflow reversal,Window 8,Repeated discovery,930000,54,0.2,6,True,True,0.5967572021484374,0.0,0.005,0.018242797851562503,0.0035260009765625006,339.4583333333333,0.08333333333333333,0.7218170166015625
Workflow reversal,Window 8,Repeated discovery,930000,55,0.2,6,True,True,0.5917854817708332,0.0,0.01,0.018214518229166667,0.0035245768229166673,338.9791666666667,0.0625,0.7216558837890625
Workflow reversal,Window 8,Repeated discovery,930000,56,0.2,6,True,True,0.5768394978841145,0.0,0.024999999999999998,0.018160502115885418,0.003524271647135417,338.0208333333333,0.041666666666666664,0.7218170166015625
Workflow reversal,Window 8,Repeated discovery,930000,57,0.2,6,True,True,0.5742851765950521,0.0,0.027499999999999997,0.018214823404947917,0.003524881998697917,338.9375,0.08333333333333333,0.7218170166015625
Workflow reversal,Window 8,Repeated discovery,930000,58,0.2,6,True,True,0.5968086751302083,0.0,0.005,0.018191324869791668,0.003528238932291667,338.5,0.08333333333333333,0.7216558837890625
Workflow reversal,Window 8,Repeated discovery,930000,59,0.2,6,True,True,0.566807861328125,0.0,0.034999999999999996,0.018192138671875,0.003529052734375001,338.5625,0.0625,0.721832275390625
Workflow reversal,Window 8,Repeated discovery,930000,60,0.2,6,True,True,0.5968123372395833,0.0,0.005,0.018187662760416664,0.0035245768229166673,338.4791666666667,0.0625,0.721832275390625
Workflow reversal,Window 8,Repeated discovery,930000,61,0.2,6,True,True,0.5892133585611979,0.0,0.012499999999999999,0.018286641438802084,0.003516133626302084,340.4166666666667,0.020833333333333332,0.721671142578125
Workflow reversal,Window 8,Repeated discovery,930000,62,0.2,6,True,True,0.5767840576171874,0.0,0.024999999999999998,0.018215942382812503,0.0035260009765625006,338.9583333333333,0.08333333333333333,0.7218170166015625
Workflow reversal,Window 8,Repeated discovery,930000,63,0.2,6,True,True,0.5817888387044271,0.0,0.02,0.018211161295572917,0.003521219889322917,338.9166666666667,0.0625,0.7218170166015625
Workflow reversal,Window 8,Repeated discovery,930000,64,0.2,6,True,True,0.5818403116861979,0.0,0.02,0.018159688313802085,0.0035223388671875005,337.9583333333333,0.0625,0.721810302734375
Workflow reversal,Window 8,Repeated discovery,930000,65,0.2,6,True,True,0.5767597452799479,0.0,0.024999999999999998,0.018240254720052085,0.003523457845052084,339.4583333333333,0.0625,0.721671142578125
Workflow reversal,Window 8,Repeated discovery,930000,66,0.2,6,True,True,0.5968414306640625,0.0,0.005,0.0181585693359375,0.0035223388671875005,337.9375,0.0625,0.721832275390625
Workflow reversal,Window 8,Repeated discovery,930000,67,0.2,6,True,True,0.5767840576171874,0.0,0.024999999999999998,0.0182159423828125,0.0035260009765625006,338.9583333333333,0.08333333333333333,0.7216558837890625
Workflow reversal,Window 8,Repeated discovery,930000,68,0.2,6,True,True,0.5768123372395833,0.0,0.024999999999999998,0.018187662760416664,0.0035245768229166673,338.4791666666667,0.0625,0.721832275390625
Workflow reversal,Window 8,Repeated discovery,930000,69,0.2,6,True,True,0.5868134562174478,0.0,0.015,0.018186543782552085,0.003523457845052084,338.4583333333333,0.0625,0.721832275390625
Workflow reversal,Window 8,Repeated discovery,930000,70,0.2,6,True,True,0.601842549641927,0.0,0.0,0.018157450358072914,0.003521219889322917,337.9166666666667,0.0625,0.721832275390625
Workflow reversal,Window 8,Repeated discovery,930000,71,0.2,6,True,True,0.5968431599934895,0.0,0.005,0.018156840006510414,0.003520609537760417,338.0,0.020833333333333332,0.721832275390625
Workflow reversal,Window 8,Repeated discovery,930000,72,0.2,6,True,True,0.6017795817057291,0.0,0.0,0.018220418294270832,0.003530476888020834,339.0416666666667,0.08333333333333333,0.721832275390625
Workflow reversal,Window 8,Repeated discovery,930000,73,0.2,6,True,True,0.5968142700195312,0.0,0.005,0.018185729980468752,0.00352264404296875,338.3958333333333,0.08333333333333333,0.7218170166015625
Workflow reversal,Window 8,Repeated discovery,930000,74,0.2,6,True,True,0.5668159993489583,0.0,0.034999999999999996,0.018184000651041667,0.003520914713541667,338.4583333333333,0.041666666666666664,0.721832275390625
Workflow reversal,Window 8,Repeated discovery,930000,75,0.2,6,True,True,0.5743400065104166,0.0,0.0275,0.01815999348958333,0.003523763020833334,337.9166666666667,0.08333333333333333,0.7218170166015625
Workflow reversal,Window 8,Repeated discovery,930000,76,0.2,6,True,True,0.5817913818359375,0.0,0.02,0.0182086181640625,0.0035186767578125003,338.9166666666667,0.041666666666666664,0.721832275390625
Workflow reversal,Window 8,Repeated discovery,930000,77,0.2,6,True,True,0.5917843627929688,0.0,0.01,0.01821563720703125,0.0035256958007812505,339.0,0.0625,0.721832275390625
Workflow reversal,Window 8,Repeated discovery,930000,78,0.2,6,True,True,0.586754150390625,0.0,0.015,0.018245849609375,0.003529052734375001,339.5625,0.0625,0.7218170166015625
Workflow reversal,Window 8,Repeated discovery,930000,79,0.2,6,True,True,0.5718123372395832,0.0,0.03,0.018187662760416664,0.0035245768229166673,338.4791666666667,0.0625,0.7218170166015625
Workflow reversal,Window 8,Repeated discovery,930000,80,0.2,6,True,True,0.5943097941080728,0.0,0.0075,0.018190205891927082,0.0035271199544270842,338.4791666666667,0.08333333333333333,0.7218170166015625
Workflow reversal,Window 8,Repeated discovery,930000,81,0.2,6,True,True,0.5692527262369791,0.0,0.0325,0.018247273763020835,0.003530476888020834,339.5416666666667,0.08333333333333333,0.721671142578125
Workflow reversal,Window 8,Repeated discovery,930000,82,0.2,6,True,True,0.581842549641927,0.0,0.02,0.018157450358072914,0.003521219889322917,337.9166666666667,0.0625,0.721832275390625
Workflow reversal,Window 8,Repeated discovery,930000,83,0.2,6,True,True,0.5868171183268228,0.0,0.015,0.018182881673177085,0.003519795735677084,338.4375,0.041666666666666664,0.7216558837890625
Workflow reversal,Window 8,Repeated discovery,930000,84,0.2,6,True,True,0.5717880249023437,0.0,0.03,0.01821197509765625,0.0035220336914062508,338.9791666666667,0.041666666666666664,0.721671142578125
Workflow reversal,Window 8,Repeated discovery,930000,85,0.2,6,True,True,0.5768131510416666,0.0,0.024999999999999998,0.01818684895833333,0.003523763020833334,338.4166666666667,0.08333333333333333,0.7218170166015625
Workflow reversal,Window 8,Repeated discovery,930000,86,0.2,6,True,True,0.5817896525065104,0.0,0.02,0.018210347493489584,0.003520406087239584,338.8541666666667,0.08333333333333333,0.7218170166015625
Workflow reversal,Window 8,Repeated discovery,930000,87,0.2,6,True,True,0.5767910766601562,0.0,0.024999999999999998,0.01820892333984375,0.0035189819335937505,338.875,0.0625,0.7216558837890625
Workflow reversal,Window 8,Repeated discovery,930000,88,0.2,6,True,True,0.5867611694335937,0.0,0.015,0.018238830566406253,0.0035220336914062508,339.4791666666667,0.041666666666666664,0.7218170166015625
Workflow reversal,Window 8,Repeated discovery,930000,89,0.2,6,True,True,0.5693439737955729,0.0,0.0325,0.01815602620442708,0.003519795735677084,337.9375,0.041666666666666664,0.721832275390625
Workflow reversal,Window 8,Repeated discovery,930000,90,0.2,6,True,True,0.576783243815104,0.0,0.024999999999999998,0.018216756184895832,0.0035268147786458337,339.0208333333333,0.0625,0.7216558837890625
Workflow reversal,Window 8,Repeated discovery,930000,91,0.2,6,True,True,0.5767902628580729,0.0,0.024999999999999998,0.01820973714192708,0.003519795735677084,338.9375,0.041666666666666664,0.721671142578125
Workflow reversal,Window 8,Repeated discovery,930000,92,0.2,6,True,True,0.5818406168619791,0.0,0.02,0.018159383138020832,0.0035231526692708335,338.0,0.041666666666666664,0.721832275390625
Workflow reversal,Window 8,Repeated discovery,930000,93,0.2,6,True,True,0.5817821248372396,0.0,0.02,0.018217875162760414,0.0035279337565104173,339.0416666666667,0.0625,0.721832275390625
Workflow reversal,Window 8,Repeated discovery,930000,94,0.2,6,True,True,0.5818106079101563,0.0,0.02,0.01818939208984375,0.0035263061523437503,338.4166666666667,0.10416666666666667,0.7216558837890625
Workflow reversal,Window 8,Repeated discovery,930000,95,0.2,6,True,True,0.5893109130859374,0.0,0.012499999999999999,0.018189086914062503,0.0035260009765625006,338.4583333333333,0.08333333333333333,0.721832275390625
Workflow reversal,Window 8,Discover once,930000,0,0.4,1,True,True,0.5867872111002604,0.0,0.015,0.018212788899739582,0.0012110392252604166,339.0416666666667,0.020833333333333332,0.7217919921875
Workflow reversal,Window 8,Discover once,930000,1,0.4,1,True,True,0.5492919921874999,0.0,0.05250000000000001,0.0182080078125,0.00120849609375,339.0,0.0,0.7217919921875
Workflow reversal,Window 8,Discover once,930000,2,0.4,1,True,True,0.5792919921875,0.0,0.022500000000000003,0.0182080078125,0.00120849609375,339.0,0.0,0.7217919921875
Workflow reversal,Window 8,Discover once,930000,3,0.4,1,True,True,0.5767919921875,0.0,0.025000000000000005,0.0182080078125,0.00120849609375,339.0,0.0,0.7217919921875
Workflow reversal,Window 8,Discover once,930000,4,0.4,1,True,True,0.571788330078125,0.0,0.03,0.018211669921874996,0.0012110392252604166,339.0208333333333,0.020833333333333332,0.7217919921875
Workflow reversal,Window 8,Discover once,930000,5,0.4,1,True,True,0.5817919921875,0.0,0.02,0.0182080078125,0.00120849609375,339.0,0.0,0.7217919921875
Workflow reversal,Window 8,Discover once,930000,6,0.4,1,True,True,0.5766551717122396,0.0,0.024999999999999998,0.01834482828776042,0.0012110392252604166,341.5,0.020833333333333332,0.721630859375
Workflow reversal,Window 8,Discover once,930000,7,0.4,1,True,True,0.5917919921875,0.0,0.01,0.0182080078125,0.00120849609375,339.0,0.0,0.7217919921875
Workflow reversal,Window 8,Discover once,930000,8,0.4,1,True,True,0.5767894490559896,0.0,0.024999999999999998,0.018210550944010414,0.0012110392252604166,339.0,0.020833333333333332,0.7217919921875
Workflow reversal,Window 8,Discover once,930000,9,0.4,1,True,True,0.5642919921875,0.0,0.0375,0.0182080078125,0.00120849609375,339.0,0.0,0.7217919921875
Workflow reversal,Window 8,Discover once,930000,10,0.4,1,True,True,0.5716551717122397,0.0,0.03,0.01834482828776042,0.0012110392252604166,341.5,0.020833333333333332,0.721630859375
Workflow reversal,Window 8,Discover once,930000,11,0.4,1,True,True,0.5716551717122397,0.0,0.03,0.01834482828776042,0.0012110392252604166,341.5,0.020833333333333332,0.721630859375
Workflow reversal,Window 8,Discover once,930000,12,0.4,1,True,True,0.5542919921874999,0.0,0.04750000000000001,0.0182080078125,0.00120849609375,339.0,0.0,0.7217919921875
Workflow reversal,Window 8,Discover once,930000,13,0.4,1,True,True,0.5867894490559896,0.0,0.015,0.018210550944010414,0.0012110392252604166,339.0,0.020833333333333332,0.7217919921875
Workflow reversal,Window 8,Discover once,930000,14,0.4,1,True,True,0.5817894490559895,0.0,0.02,0.018210550944010414,0.0012110392252604166,339.0,0.020833333333333332,0.7217919921875
Workflow reversal,Window 8,Discover once,930000,15,0.4,1,True,True,0.5617919921875,0.0,0.04,0.0182080078125,0.00120849609375,339.0,0.0,0.7217919921875
Workflow reversal,Window 8,Discover once,930000,16,0.4,1,True,True,0.5992919921875001,0.0,0.0025000000000000005,0.0182080078125,0.00120849609375,339.0,0.0,0.7217919921875
Workflow reversal,Window 8,Discover once,930000,17,0.4,1,True,True,0.5567919921875,0.0,0.04499999999999999,0.0182080078125,0.00120849609375,339.0,0.0,0.7217919921875
Workflow reversal,Window 8,Discover once,930000,18,0.4,1,True,True,0.5792919921875,0.0,0.022500000000000003,0.0182080078125,0.00120849609375,339.0,0.0,0.7217919921875
Workflow reversal,Window 8,Discover once,930000,19,0.4,1,True,True,0.5617919921875,0.0,0.04,0.0182080078125,0.00120849609375,339.0,0.0,0.7217919921875
Workflow reversal,Window 8,Discover once,930000,20,0.4,1,True,True,0.5617919921875,0.0,0.04,0.0182080078125,0.00120849609375,339.0,0.0,0.7217919921875
Workflow reversal,Window 8,Discover once,930000,21,0.4,1,True,True,0.5742894490559896,0.0,0.0275,0.018210550944010414,0.0012110392252604166,339.0,0.020833333333333332,0.7217919921875
Workflow reversal,Window 8,Discover once,930000,22,0.4,1,True,True,0.5816551717122396,0.0,0.02,0.01834482828776042,0.0012110392252604166,341.5,0.020833333333333332,0.721630859375
Workflow reversal,Window 8,Discover once,930000,23,0.4,1,True,True,0.5766551717122396,0.0,0.024999999999999998,0.01834482828776042,0.0012110392252604166,341.5,0.020833333333333332,0.721630859375
Workflow reversal,Window 8,Discover once,930000,24,0.4,1,True,True,0.576788330078125,0.0,0.024999999999999998,0.018211669921874996,0.0012110392252604166,339.0208333333333,0.020833333333333332,0.7217919921875
Workflow reversal,Window 8,Discover once,930000,25,0.4,1,True,True,0.5766551717122396,0.0,0.024999999999999998,0.01834482828776042,0.0012110392252604166,341.5,0.020833333333333332,0.721630859375
Workflow reversal,Window 8,Discover once,930000,26,0.4,1,True,True,0.5866551717122396,0.0,0.015,0.01834482828776042,0.0012110392252604166,341.5,0.020833333333333332,0.721630859375
Workflow reversal,Window 8,Discover once,930000,27,0.4,1,True,True,0.5766551717122396,0.0,0.024999999999999998,0.01834482828776042,0.0012110392252604166,341.5,0.020833333333333332,0.721630859375
Workflow reversal,Window 8,Discover once,930000,28,0.4,1,True,True,0.5767894490559896,0.0,0.024999999999999998,0.018210550944010414,0.0012110392252604166,339.0,0.020833333333333332,0.7217919921875
Workflow reversal,Window 8,Discover once,930000,29,0.4,1,True,True,0.5917919921875,0.0,0.01,0.0182080078125,0.00120849609375,339.0,0.0,0.7217919921875
Workflow reversal,Window 8,Discover once,930000,30,0.4,1,True,True,0.5742919921874999,0.0,0.0275,0.0182080078125,0.00120849609375,339.0,0.0,0.7217919921875
Workflow reversal,Window 8,Discover once,930000,31,0.4,1,True,True,0.5766551717122396,0.0,0.024999999999999998,0.01834482828776042,0.0012110392252604166,341.5,0.020833333333333332,0.721630859375
Workflow reversal,Window 8,Discover once,930000,32,0.4,1,True,True,0.5816551717122396,0.0,0.02,0.01834482828776042,0.0012110392252604166,341.5,0.020833333333333332,0.721630859375
Workflow reversal,Window 8,Discover once,930000,33,0.4,1,True,True,0.5967919921875,0.0,0.005,0.0182080078125,0.00120849609375,339.0,0.0,0.7217919921875
Workflow reversal,Window 8,Discover once,930000,34,0.4,1,True,True,0.5816551717122396,0.0,0.02,0.01834482828776042,0.0012110392252604166,341.5,0.020833333333333332,0.721630859375
Workflow reversal,Window 8,Discover once,930000,35,0.4,1,True,True,0.5816551717122396,0.0,0.02,0.01834482828776042,0.0012110392252604166,341.5,0.020833333333333332,0.721630859375
Workflow reversal,Window 8,Discover once,930000,36,0.4,1,True,True,0.5716551717122397,0.0,0.03,0.01834482828776042,0.0012110392252604166,341.5,0.020833333333333332,0.721630859375
Workflow reversal,Window 8,Discover once,930000,37,0.4,1,True,True,0.5716551717122397,0.0,0.03,0.01834482828776042,0.0012110392252604166,341.5,0.020833333333333332,0.721630859375
Workflow reversal,Window 8,Discover once,930000,38,0.4,1,True,True,0.5767894490559896,0.0,0.024999999999999998,0.018210550944010414,0.0012110392252604166,339.0,0.020833333333333332,0.7217919921875
Workflow reversal,Window 8,Discover once,930000,39,0.4,1,True,True,0.5866551717122396,0.0,0.015,0.01834482828776042,0.0012110392252604166,341.5,0.020833333333333332,0.721630859375
Workflow reversal,Window 8,Discover once,930000,40,0.4,1,True,True,0.5255419921875,0.125,0.07625,0.0182080078125,0.00120849609375,339.0,0.0,0.7217919921875
Workflow reversal,Window 8,Discover once,930000,41,0.4,1,True,True,0.5817883300781249,0.0,0.02,0.018211669921875,0.0012110392252604166,339.0208333333333,0.020833333333333332,0.7217919921875
Workflow reversal,Window 8,Discover once,930000,42,0.4,1,True,True,0.5917919921875,0.0,0.01,0.0182080078125,0.00120849609375,339.0,0.0,0.7217919921875
Workflow reversal,Window 8,Discover once,930000,43,0.4,1,True,True,0.5642919921875,0.0,0.0375,0.0182080078125,0.00120849609375,339.0,0.0,0.7217919921875
Workflow reversal,Window 8,Discover once,930000,44,0.4,1,True,True,0.5792919921875,0.0,0.022500000000000003,0.0182080078125,0.00120849609375,339.0,0.0,0.7217919921875
Workflow reversal,Window 8,Discover once,930000,45,0.4,1,True,True,0.5867894490559896,0.0,0.015,0.018210550944010414,0.0012110392252604166,339.0,0.020833333333333332,0.7217919921875
Workflow reversal,Window 8,Discover once,930000,46,0.4,1,True,True,0.5767894490559896,0.0,0.024999999999999998,0.018210550944010414,0.0012110392252604166,339.0,0.020833333333333332,0.7217919921875
Workflow reversal,Window 8,Discover once,930000,47,0.4,1,True,True,0.5766551717122396,0.0,0.024999999999999998,0.01834482828776042,0.0012110392252604166,341.5,0.020833333333333332,0.721630859375
Workflow reversal,Window 8,Discover once,930000,48,0.4,1,True,True,0.5766551717122396,0.0,0.024999999999999998,0.01834482828776042,0.0012110392252604166,341.5,0.020833333333333332,0.721630859375
Workflow reversal,Window 8,Discover once,930000,49,0.4,1,True,True,0.5817894490559895,0.0,0.02,0.018210550944010414,0.0012110392252604166,339.0,0.020833333333333332,0.7217919921875
Workflow reversal,Window 8,Discover once,930000,50,0.4,1,True,True,0.5617919921875,0.0,0.04,0.0182080078125,0.00120849609375,339.0,0.0,0.7217919921875
Workflow reversal,Window 8,Discover once,930000,51,0.4,1,True,True,0.5817894490559895,0.0,0.02,0.018210550944010414,0.0012110392252604166,339.0,0.020833333333333332,0.7217919921875
Workflow reversal,Window 8,Discover once,930000,52,0.4,1,True,True,0.5817919921875,0.0,0.02,0.0182080078125,0.00120849609375,339.0,0.0,0.7217919921875
Workflow reversal,Window 8,Discover once,930000,53,0.4,1,True,True,0.5691551717122395,0.0,0.032499999999999994,0.01834482828776042,0.0012110392252604166,341.5,0.020833333333333332,0.721630859375
Workflow reversal,Window 8,Discover once,930000,54,0.4,1,True,True,0.5817883300781249,0.0,0.02,0.018211669921874996,0.0012110392252604166,339.0208333333333,0.020833333333333332,0.7217919921875
Workflow reversal,Window 8,Discover once,930000,55,0.4,1,True,True,0.5816551717122396,0.0,0.02,0.01834482828776042,0.0012110392252604166,341.5,0.020833333333333332,0.721630859375
Workflow reversal,Window 8,Discover once,930000,56,0.4,1,True,True,0.5716551717122397,0.0,0.03,0.01834482828776042,0.0012110392252604166,341.5,0.020833333333333332,0.721630859375
Workflow reversal,Window 8,Discover once,930000,57,0.4,1,True,True,0.5742894490559896,0.0,0.0275,0.018210550944010414,0.0012110392252604166,339.0,0.020833333333333332,0.7217919921875
Workflow reversal,Window 8,Discover once,930000,58,0.4,1,True,True,0.5817894490559895,0.0,0.02,0.018210550944010414,0.0012110392252604166,339.0,0.020833333333333332,0.7217919921875
Workflow reversal,Window 8,Discover once,930000,59,0.4,1,True,True,0.5817894490559895,0.0,0.02,0.018210550944010414,0.0012110392252604166,339.0,0.020833333333333332,0.7217919921875
Workflow reversal,Window 8,Discover once,930000,60,0.4,1,True,True,0.5766551717122396,0.0,0.024999999999999998,0.01834482828776042,0.0012110392252604166,341.5,0.020833333333333332,0.721630859375
Workflow reversal,Window 8,Discover once,930000,61,0.4,1,True,True,0.5817894490559895,0.0,0.02,0.018210550944010414,0.0012110392252604166,339.0,0.020833333333333332,0.7217919921875
Workflow reversal,Window 8,Discover once,930000,62,0.4,1,True,True,0.5767894490559896,0.0,0.024999999999999998,0.018210550944010414,0.0012110392252604166,339.0,0.020833333333333332,0.7217919921875
Workflow reversal,Window 8,Discover once,930000,63,0.4,1,True,True,0.5817894490559895,0.0,0.02,0.018210550944010414,0.0012110392252604166,339.0,0.020833333333333332,0.7217919921875
Workflow reversal,Window 8,Discover once,930000,64,0.4,1,True,True,0.5767894490559896,0.0,0.024999999999999998,0.018210550944010414,0.0012110392252604166,339.0,0.020833333333333332,0.7217919921875
Workflow reversal,Window 8,Discover once,930000,65,0.4,1,True,True,0.5766551717122396,0.0,0.024999999999999998,0.01834482828776042,0.0012110392252604166,341.5,0.020833333333333332,0.721630859375
Workflow reversal,Window 8,Discover once,930000,66,0.4,1,True,True,0.5816551717122396,0.0,0.02,0.01834482828776042,0.0012110392252604166,341.5,0.020833333333333332,0.721630859375
Workflow reversal,Window 8,Discover once,930000,67,0.4,1,True,True,0.5766551717122396,0.0,0.024999999999999998,0.01834482828776042,0.0012110392252604166,341.5,0.020833333333333332,0.721630859375
Workflow reversal,Window 8,Discover once,930000,68,0.4,1,True,True,0.5866551717122396,0.0,0.015,0.01834482828776042,0.0012110392252604166,341.5,0.020833333333333332,0.721630859375
Workflow reversal,Window 8,Discover once,930000,69,0.4,1,True,True,0.5767894490559896,0.0,0.024999999999999998,0.018210550944010414,0.0012110392252604166,339.0,0.020833333333333332,0.7217919921875
Workflow reversal,Window 8,Discover once,930000,70,0.4,1,True,True,0.5767894490559896,0.0,0.024999999999999998,0.018210550944010414,0.0012110392252604166,339.0,0.020833333333333332,0.7217919921875
Workflow reversal,Window 8,Discover once,930000,71,0.4,1,True,True,0.5816551717122396,0.0,0.02,0.01834482828776042,0.0012110392252604166,341.5,0.020833333333333332,0.721630859375
Workflow reversal,Window 8,Discover once,930000,72,0.4,1,True,True,0.5816551717122396,0.0,0.02,0.01834482828776042,0.0012110392252604166,341.5,0.020833333333333332,0.721630859375
Workflow reversal,Window 8,Discover once,930000,73,0.4,1,True,True,0.5767919921875,0.0,0.024999999999999998,0.0182080078125,0.00120849609375,339.0,0.0,0.7217919921875
Workflow reversal,Window 8,Discover once,930000,74,0.4,1,True,True,0.5817860921223957,0.0,0.02,0.018213907877604168,0.0012110392252604166,339.0625,0.020833333333333332,0.7217785644531249
Workflow reversal,Window 8,Discover once,930000,75,0.4,1,True,True,0.5766551717122396,0.0,0.024999999999999998,0.01834482828776042,0.0012110392252604166,341.5,0.020833333333333332,0.721630859375
Workflow reversal,Window 8,Discover once,930000,76,0.4,1,True,True,0.5517919921875,0.0,0.049999999999999996,0.0182080078125,0.00120849609375,339.0,0.0,0.7217919921875
Workflow reversal,Window 8,Discover once,930000,77,0.4,1,True,True,0.5866551717122396,0.0,0.015,0.01834482828776042,0.0012110392252604166,341.5,0.020833333333333332,0.721630859375
Workflow reversal,Window 8,Discover once,930000,78,0.4,1,True,True,0.5742919921874999,0.0,0.0275,0.0182080078125,0.00120849609375,339.0,0.0,0.7217919921875
Workflow reversal,Window 8,Discover once,930000,79,0.4,1,True,True,0.5792919921875,0.0,0.022500000000000003,0.0182080078125,0.00120849609375,339.0,0.0,0.7217919921875
Workflow reversal,Window 8,Discover once,930000,80,0.4,1,True,True,0.5766551717122396,0.0,0.024999999999999998,0.01834482828776042,0.0012110392252604166,341.5,0.020833333333333332,0.721630859375
Workflow reversal,Window 8,Discover once,930000,81,0.4,1,True,True,0.5716551717122397,0.0,0.03,0.01834482828776042,0.0012110392252604166,341.5,0.020833333333333332,0.721630859375
Workflow reversal,Window 8,Discover once,930000,82,0.4,1,True,True,0.5766551717122396,0.0,0.024999999999999998,0.01834482828776042,0.0012110392252604166,341.5,0.020833333333333332,0.721630859375
Workflow reversal,Window 8,Discover once,930000,83,0.4,1,True,True,0.5817894490559895,0.0,0.02,0.018210550944010414,0.0012110392252604166,339.0,0.020833333333333332,0.7217919921875
Workflow reversal,Window 8,Discover once,930000,84,0.4,1,True,True,0.5592919921875,0.0,0.0425,0.0182080078125,0.00120849609375,339.0,0.0,0.7217919921875
Workflow reversal,Window 8,Discover once,930000,85,0.4,1,True,True,0.5767894490559896,0.0,0.024999999999999998,0.018210550944010414,0.0012110392252604166,339.0,0.020833333333333332,0.7217919921875
Workflow reversal,Window 8,Discover once,930000,86,0.4,1,True,True,0.576788330078125,0.0,0.024999999999999998,0.018211669921875,0.0012110392252604166,339.0208333333333,0.020833333333333332,0.7217852783203125
Workflow reversal,Window 8,Discover once,930000,87,0.4,1,True,True,0.5767894490559896,0.0,0.024999999999999998,0.018210550944010414,0.0012110392252604166,339.0,0.020833333333333332,0.7217919921875
Workflow reversal,Window 8,Discover once,930000,88,0.4,1,True,True,0.5867894490559896,0.0,0.015,0.018210550944010414,0.0012110392252604166,339.0,0.020833333333333332,0.7217919921875
Workflow reversal,Window 8,Discover once,930000,89,0.4,1,True,True,0.5767894490559896,0.0,0.024999999999999998,0.018210550944010414,0.0012110392252604166,339.0,0.020833333333333332,0.7217919921875
Workflow reversal,Window 8,Discover once,930000,90,0.4,1,True,True,0.5767894490559896,0.0,0.024999999999999998,0.018210550944010414,0.0012110392252604166,339.0,0.020833333333333332,0.7217919921875
Workflow reversal,Window 8,Discover once,930000,91,0.4,1,True,True,0.5567919921875,0.0,0.045000000000000005,0.0182080078125,0.00120849609375,339.0,0.0,0.7217919921875
Workflow reversal,Window 8,Discover once,930000,92,0.4,1,True,True,0.5392919921875,0.0,0.06250000000000001,0.0182080078125,0.00120849609375,339.0,0.0,0.7217919921875
Workflow reversal,Window 8,Discover once,930000,93,0.4,1,True,True,0.5817883300781249,0.0,0.02,0.018211669921874996,0.0012110392252604166,339.0208333333333,0.020833333333333332,0.7217852783203125
Workflow reversal,Window 8,Discover once,930000,94,0.4,1,True,True,0.5817894490559895,0.0,0.02,0.018210550944010414,0.0012110392252604166,339.0,0.020833333333333332,0.7217919921875
Workflow reversal,Window 8,Discover once,930000,95,0.4,1,True,True,0.5767894490559896,0.0,0.024999999999999998,0.018210550944010414,0.0012110392252604166,339.0,0.020833333333333332,0.7217919921875
Workflow reversal,Window 8,Repeated discovery,930000,0,0.4,1,True,True,0.5967818196614584,0.0,0.005,0.018218180338541667,0.007261149088541666,339.0,0.08333333333333333,0.7217919921875
Workflow reversal,Window 8,Repeated discovery,930000,1,0.4,1,True,True,0.5817894490559895,0.0,0.02,0.018210550944010417,0.007253519694010416,339.0,0.020833333333333332,0.7217919921875
Workflow reversal,Window 8,Repeated discovery,930000,2,0.4,1,True,True,0.5917869059244792,0.0,0.01,0.018213094075520835,0.007256062825520833,339.0,0.041666666666666664,0.7217767333984375
Workflow reversal,Window 8,Repeated discovery,930000,3,0.4,1,True,True,0.5867843627929688,0.0,0.015,0.01821563720703125,0.00725860595703125,339.0,0.0625,0.7217919921875
Workflow reversal,Window 8,Repeated discovery,930000,4,0.4,1,True,True,0.5817869059244791,0.0,0.02,0.018213094075520835,0.007256062825520833,339.0,0.041666666666666664,0.7217919921875
Workflow reversal,Window 8,Repeated discovery,930000,5,0.4,1,True,True,0.5967869059244791,0.0,0.005,0.018213094075520835,0.007256062825520833,339.0,0.041666666666666664,0.7217767333984375
Workflow reversal,Window 8,Repeated discovery,930000,6,0.4,1,True,True,0.5717869059244792,0.0,0.03,0.018213094075520835,0.007256062825520833,339.0,0.041666666666666664,0.7217919921875
Workflow reversal,Window 8,Repeated discovery,930000,7,0.4,1,True,True,0.5967894490559896,0.0,0.005,0.018210550944010417,0.007253519694010416,339.0,0.020833333333333332,0.7217919921875
Workflow reversal,Window 8,Repeated discovery,930000,8,0.4,1,True,True,0.5817792765299479,0.0,0.02,0.018220723470052085,0.007263692220052083,339.0,0.10416666666666667,0.7217767333984375
Workflow reversal,Window 8,Repeated discovery,930000,9,0.4,1,True,True,0.5717843627929687,0.0,0.03,0.01821563720703125,0.00725860595703125,339.0,0.0625,0.7217919921875
Workflow reversal,Window 8,Repeated discovery,930000,10,0.4,1,True,True,0.5892818196614583,0.0,0.012500000000000002,0.018218180338541667,0.007261149088541666,339.0,0.08333333333333333,0.7217767333984375
Workflow reversal,Window 8,Repeated discovery,930000,11,0.4,1,True,True,0.6017818196614583,0.0,0.0,0.018218180338541667,0.007261149088541666,339.0,0.08333333333333333,0.7217767333984375
Workflow reversal,Window 8,Repeated discovery,930000,12,0.4,1,True,True,0.5817818196614583,0.0,0.02,0.018218180338541667,0.007261149088541666,339.0,0.08333333333333333,0.7217767333984375
Workflow reversal,Window 8,Repeated discovery,930000,13,0.4,1,True,True,0.5867843627929688,0.0,0.015,0.01821563720703125,0.00725860595703125,339.0,0.0625,0.7217919921875
Workflow reversal,Window 8,Repeated discovery,930000,14,0.4,1,True,True,0.5767843627929687,0.0,0.024999999999999998,0.01821563720703125,0.00725860595703125,339.0,0.0625,0.7217919921875
Workflow reversal,Window 8,Repeated discovery,930000,15,0.4,1,True,True,0.5717869059244792,0.0,0.03,0.018213094075520835,0.007256062825520833,339.0,0.041666666666666664,0.7217919921875
Workflow reversal,Window 8,Repeated discovery,930000,16,0.4,1,True,True,0.5842843627929687,0.0,0.017499999999999998,0.01821563720703125,0.00725860595703125,339.0,0.0625,0.7217767333984375
Workflow reversal,Window 8,Repeated discovery,930000,17,0.4,1,True,True,0.5867869059244791,0.0,0.015,0.018213094075520835,0.007256062825520833,339.0,0.041666666666666664,0.7217919921875
Workflow reversal,Window 8,Repeated discovery,930000,18,0.4,1,True,True,0.5817843627929687,0.0,0.02,0.01821563720703125,0.00725860595703125,339.0,0.0625,0.7217767333984375
Workflow reversal,Window 8,Repeated discovery,930000,19,0.4,1,True,True,0.5967894490559896,0.0,0.005,0.018210550944010417,0.007253519694010416,339.0,0.020833333333333332,0.7217919921875
Workflow reversal,Window 8,Repeated discovery,930000,20,0.4,1,True,True,0.5942894490559896,0.0,0.0075,0.018210550944010417,0.007253519694010416,339.0,0.020833333333333332,0.7217919921875
Workflow reversal,Window 8,Repeated discovery,930000,21,0.4,1,True,True,0.5967843627929688,0.0,0.005,0.01821563720703125,0.00725860595703125,339.0,0.0625,0.7217919921875
Workflow reversal,Window 8,Repeated discovery,930000,22,0.4,1,True,True,0.6017792765299479,0.0,0.0,0.018220723470052085,0.007263692220052083,339.0,0.10416666666666667,0.7217919921875
Workflow reversal,Window 8,Repeated discovery,930000,23,0.4,1,True,True,0.5817818196614583,0.0,0.02,0.018218180338541667,0.007261149088541666,339.0,0.08333333333333333,0.7217919921875
Workflow reversal,Window 8,Repeated discovery,930000,24,0.4,1,True,True,0.5867818196614584,0.0,0.015,0.018218180338541667,0.007261149088541666,339.0,0.08333333333333333,0.7217919921875
Workflow reversal,Window 8,Repeated discovery,930000,25,0.4,1,True,True,0.5817843627929687,0.0,0.02,0.01821563720703125,0.00725860595703125,339.0,0.0625,0.7217919921875
Workflow reversal,Window 8,Repeated discovery,930000,26,0.4,1,True,True,0.5917843627929688,0.0,0.01,0.01821563720703125,0.00725860595703125,339.0,0.0625,0.7217919921875
Workflow reversal,Window 8,Repeated discovery,930000,27,0.4,1,True,True,0.5867843627929688,0.0,0.015,0.01821563720703125,0.00725860595703125,339.0,0.0625,0.7217767333984375
Workflow reversal,Window 8,Repeated discovery,930000,28,0.4,1,True,True,0.5792843627929688,0.0,0.022500000000000003,0.01821563720703125,0.00725860595703125,339.0,0.0625,0.7217767333984375
Workflow reversal,Window 8,Repeated discovery,930000,29,0.4,1,True,True,0.5817869059244791,0.0,0.02,0.018213094075520835,0.007256062825520833,339.0,0.041666666666666664,0.7217919921875
Workflow reversal,Window 8,Repeated discovery,930000,30,0.4,1,True,True,0.5817869059244791,0.0,0.02,0.018213094075520835,0.007256062825520833,339.0,0.041666666666666664,0.7217767333984375
Workflow reversal,Window 8,Repeated discovery,930000,31,0.4,1,True,True,0.5767792765299479,0.0,0.024999999999999998,0.018220723470052085,0.007263692220052083,339.0,0.10416666666666667,0.7217767333984375
Workflow reversal,Window 8,Repeated discovery,930000,32,0.4,1,True,True,0.5867843627929688,0.0,0.015,0.01821563720703125,0.00725860595703125,339.0,0.0625,0.7217767333984375
Workflow reversal,Window 8,Repeated discovery,930000,33,0.4,1,True,True,0.5967894490559896,0.0,0.005,0.018210550944010417,0.007253519694010416,339.0,0.020833333333333332,0.7217919921875
Workflow reversal,Window 8,Repeated discovery,930000,34,0.4,1,True,True,0.5717869059244792,0.0,0.03,0.018213094075520835,0.007256062825520833,339.0,0.041666666666666664,0.7217919921875
Workflow reversal,Window 8,Repeated discovery,930000,35,0.4,1,True,True,0.5967843627929688,0.0,0.005,0.01821563720703125,0.00725860595703125,339.0,0.0625,0.7217919921875
Workflow reversal,Window 8,Repeated discovery,930000,36,0.4,1,True,True,0.5917843627929688,0.0,0.01,0.01821563720703125,0.00725860595703125,339.0,0.0625,0.7217919921875
Workflow reversal,Window 8,Repeated discovery,930000,37,0.4,1,True,True,0.5717843627929687,0.0,0.03,0.01821563720703125,0.00725860595703125,339.0,0.0625,0.7217919921875
Workflow reversal,Window 8,Repeated discovery,930000,38,0.4,1,True,True,0.5967843627929688,0.0,0.005,0.01821563720703125,0.00725860595703125,339.0,0.0625,0.7217919921875
Workflow reversal,Window 8,Repeated discovery,930000,39,0.4,1,True,True,0.5867869059244791,0.0,0.015,0.018213094075520835,0.007256062825520833,339.0,0.041666666666666664,0.7217919921875
Workflow reversal,Window 8,Repeated discovery,930000,40,0.4,1,True,True,0.5717869059244792,0.0,0.03,0.018213094075520835,0.007256062825520833,339.0,0.041666666666666664,0.7217919921875
Workflow reversal,Window 8,Repeated discovery,930000,41,0.4,1,True,True,0.5867843627929688,0.0,0.015,0.01821563720703125,0.00725860595703125,339.0,0.0625,0.7217919921875
Workflow reversal,Window 8,Repeated discovery,930000,42,0.4,1,True,True,0.5667818196614584,0.0,0.034999999999999996,0.018218180338541667,0.007261149088541666,339.0,0.08333333333333333,0.7217919921875
Workflow reversal,Window 8,Repeated discovery,930000,43,0.4,1,True,True,0.6017894490559895,0.0,0.0,0.018210550944010417,0.007253519694010416,339.0,0.020833333333333332,0.7217767333984375
Workflow reversal,Window 8,Repeated discovery,930000,44,0.4,1,True,True,0.5867869059244791,0.0,0.015,0.018213094075520835,0.007256062825520833,339.0,0.041666666666666664,0.7217919921875
Workflow reversal,Window 8,Repeated discovery,930000,45,0.4,1,True,True,0.5867869059244791,0.0,0.015,0.018213094075520835,0.007256062825520833,339.0,0.041666666666666664,0.7217919921875
Workflow reversal,Window 8,Repeated discovery,930000,46,0.4,1,True,True,0.5867869059244791,0.0,0.015,0.018213094075520835,0.007256062825520833,339.0,0.041666666666666664,0.7217767333984375
Workflow reversal,Window 8,Repeated discovery,930000,47,0.4,1,True,True,0.5867869059244791,0.0,0.015,0.018213094075520835,0.007256062825520833,339.0,0.041666666666666664,0.7217919921875
Workflow reversal,Window 8,Repeated discovery,930000,48,0.4,1,True,True,0.5867843627929688,0.0,0.015,0.01821563720703125,0.00725860595703125,339.0,0.0625,0.7217767333984375
Workflow reversal,Window 8,Repeated discovery,930000,49,0.4,1,True,True,0.5917869059244792,0.0,0.01,0.018213094075520835,0.007256062825520833,339.0,0.041666666666666664,0.7217919921875
Workflow reversal,Window 8,Repeated discovery,930000,50,0.4,1,True,True,0.5842843627929687,0.0,0.0175,0.01821563720703125,0.00725860595703125,339.0,0.0625,0.7217767333984375
Workflow reversal,Window 8,Repeated discovery,930000,51,0.4,1,True,True,0.5867869059244791,0.0,0.015000000000000005,0.018213094075520835,0.007256062825520833,339.0,0.041666666666666664,0.7217919921875
Workflow reversal,Window 8,Repeated discovery,930000,52,0.4,1,True,True,0.5867843627929688,0.0,0.015,0.01821563720703125,0.00725860595703125,339.0,0.0625,0.7217767333984375
Workflow reversal,Window 8,Repeated discovery,930000,53,0.4,1,True,True,0.5692843627929687,0.0,0.032499999999999994,0.01821563720703125,0.00725860595703125,339.0,0.0625,0.7217919921875
Workflow reversal,Window 8,Repeated discovery,930000,54,0.4,1,True,True,0.5967792765299479,0.0,0.005,0.018220723470052085,0.007263692220052083,339.0,0.10416666666666667,0.7217767333984375
Workflow reversal,Window 8,Repeated discovery,930000,55,0.4,1,True,True,0.5967818196614584,0.0,0.005,0.018218180338541667,0.007261149088541666,339.0,0.08333333333333333,0.7217767333984375
Workflow reversal,Window 8,Repeated discovery,930000,56,0.4,1,True,True,0.5967792765299479,0.0,0.005,0.018220723470052085,0.007263692220052083,339.0,0.10416666666666667,0.7217767333984375
Workflow reversal,Window 8,Repeated discovery,930000,57,0.4,1,True,True,0.5967818196614584,0.0,0.005,0.018218180338541667,0.007261149088541666,339.0,0.08333333333333333,0.7217767333984375
Workflow reversal,Window 8,Repeated discovery,930000,58,0.4,1,True,True,0.5817869059244791,0.0,0.02,0.018213094075520835,0.007256062825520833,339.0,0.041666666666666664,0.7217919921875
Workflow reversal,Window 8,Repeated discovery,930000,59,0.4,1,True,True,0.5917843627929688,0.0,0.01,0.01821563720703125,0.00725860595703125,339.0,0.0625,0.7217919921875
Workflow reversal,Window 8,Repeated discovery,930000,60,0.4,1,True,True,0.5917843627929688,0.0,0.01,0.01821563720703125,0.00725860595703125,339.0,0.0625,0.7217767333984375
Workflow reversal,Window 8,Repeated discovery,930000,61,0.4,1,True,True,0.5917894490559896,0.0,0.01,0.018210550944010417,0.007253519694010416,339.0,0.020833333333333332,0.7217919921875
Workflow reversal,Window 8,Repeated discovery,930000,62,0.4,1,True,True,0.5767869059244791,0.0,0.024999999999999998,0.018213094075520835,0.007256062825520833,339.0,0.041666666666666664,0.7217919921875
Workflow reversal,Window 8,Repeated discovery,930000,63,0.4,1,True,True,0.5967843627929688,0.0,0.005,0.01821563720703125,0.00725860595703125,339.0,0.0625,0.7217919921875
Workflow reversal,Window 8,Repeated discovery,930000,64,0.4,1,True,True,0.5867869059244791,0.0,0.015,0.018213094075520835,0.007256062825520833,339.0,0.041666666666666664,0.7217919921875
Workflow reversal,Window 8,Repeated discovery,930000,65,0.4,1,True,True,0.5767869059244791,0.0,0.024999999999999998,0.018213094075520835,0.007256062825520833,339.0,0.041666666666666664,0.7217919921875
Workflow reversal,Window 8,Repeated discovery,930000,66,0.4,1,True,True,0.5817843627929687,0.0,0.02,0.01821563720703125,0.00725860595703125,339.0,0.0625,0.7217767333984375
Workflow reversal,Window 8,Repeated discovery,930000,67,0.4,1,True,True,0.5817869059244791,0.0,0.02,0.018213094075520835,0.007256062825520833,339.0,0.041666666666666664,0.7217767333984375
Workflow reversal,Window 8,Repeated discovery,930000,68,0.4,1,True,True,0.5867843627929688,0.0,0.015,0.01821563720703125,0.00725860595703125,339.0,0.0625,0.7217919921875
Workflow reversal,Window 8,Repeated discovery,930000,69,0.4,1,True,True,0.6017818196614583,0.0,0.0,0.018218180338541667,0.007261149088541666,339.0,0.08333333333333333,0.7217919921875
Workflow reversal,Window 8,Repeated discovery,930000,70,0.4,1,True,True,0.5967818196614584,0.0,0.005,0.018218180338541667,0.007261149088541666,339.0,0.08333333333333333,0.7217767333984375
Workflow reversal,Window 8,Repeated discovery,930000,71,0.4,1,True,True,0.5967869059244791,0.0,0.005,0.018213094075520835,0.007256062825520833,339.0,0.041666666666666664,0.7217919921875
Workflow reversal,Window 8,Repeated discovery,930000,72,0.4,1,True,True,0.6017792765299479,0.0,0.0,0.018220723470052085,0.007263692220052083,339.0,0.10416666666666667,0.7217767333984375
Workflow reversal,Window 8,Repeated discovery,930000,73,0.4,1,True,True,0.5967894490559896,0.0,0.005,0.018210550944010417,0.007253519694010416,339.0,0.020833333333333332,0.7217767333984375
Workflow reversal,Window 8,Repeated discovery,930000,74,0.4,1,True,True,0.5867792765299479,0.0,0.015,0.018220723470052085,0.007263692220052083,339.0,0.10416666666666667,0.7217767333984375
Workflow reversal,Window 8,Repeated discovery,930000,75,0.4,1,True,True,0.5717818196614584,0.0,0.03,0.018218180338541667,0.007261149088541666,339.0,0.08333333333333333,0.7217767333984375
Workflow reversal,Window 8,Repeated discovery,930000,76,0.4,1,True,True,0.5817843627929687,0.0,0.02,0.01821563720703125,0.00725860595703125,339.0,0.0625,0.7217919921875
Workflow reversal,Window 8,Repeated discovery,930000,77,0.4,1,True,True,0.5867843627929688,0.0,0.015,0.01821563720703125,0.00725860595703125,339.0,0.0625,0.7217919921875
Workflow reversal,Window 8,Repeated discovery,930000,78,0.4,1,True,True,0.5967894490559896,0.0,0.005,0.018210550944010417,0.007253519694010416,339.0,0.020833333333333332,0.7217919921875
Workflow reversal,Window 8,Repeated discovery,930000,79,0.4,1,True,True,0.5592843627929688,0.0,0.04250000000000001,0.01821563720703125,0.00725860595703125,339.0,0.0625,0.7217767333984375
Workflow reversal,Window 8,Repeated discovery,930000,80,0.4,1,True,True,0.5717843627929687,0.0,0.03,0.01821563720703125,0.00725860595703125,339.0,0.0625,0.7217767333984375
Workflow reversal,Window 8,Repeated discovery,930000,81,0.4,1,True,True,0.5967843627929688,0.0,0.005,0.01821563720703125,0.00725860595703125,339.0,0.0625,0.7217767333984375
Workflow reversal,Window 8,Repeated discovery,930000,82,0.4,1,True,True,0.6017843627929688,0.0,0.0,0.01821563720703125,0.00725860595703125,339.0,0.0625,0.7217767333984375
Workflow reversal,Window 8,Repeated discovery,930000,83,0.4,1,True,True,0.5867894490559896,0.0,0.015,0.018210550944010417,0.007253519694010416,339.0,0.020833333333333332,0.7217919921875
Workflow reversal,Window 8,Repeated discovery,930000,84,0.4,1,True,True,0.5692869059244791,0.0,0.032499999999999994,0.018213094075520835,0.007256062825520833,339.0,0.041666666666666664,0.7217767333984375
Workflow reversal,Window 8,Repeated discovery,930000,85,0.4,1,True,True,0.5667818196614584,0.0,0.034999999999999996,0.018218180338541667,0.007261149088541666,339.0,0.08333333333333333,0.7217919921875
Workflow reversal,Window 8,Repeated discovery,930000,86,0.4,1,True,True,0.5967843627929688,0.0,0.005,0.01821563720703125,0.00725860595703125,339.0,0.0625,0.7217767333984375
Workflow reversal,Window 8,Repeated discovery,930000,87,0.4,1,True,True,0.5817869059244791,0.0,0.02,0.018213094075520835,0.007256062825520833,339.0,0.041666666666666664,0.7217767333984375
Workflow reversal,Window 8,Repeated discovery,930000,88,0.4,1,True,True,0.5917869059244792,0.0,0.01,0.018213094075520835,0.007256062825520833,339.0,0.041666666666666664,0.7217767333984375
Workflow reversal,Window 8,Repeated discovery,930000,89,0.4,1,True,True,0.5967843627929688,0.0,0.005,0.01821563720703125,0.00725860595703125,339.0,0.0625,0.7217919921875
Workflow reversal,Window 8,Repeated discovery,930000,90,0.4,1,True,True,0.5942818196614583,0.0,0.0075,0.018218180338541667,0.007261149088541666,339.0,0.08333333333333333,0.7217919921875
Workflow reversal,Window 8,Repeated discovery,930000,91,0.4,1,True,True,0.5717818196614584,0.0,0.03,0.018218180338541667,0.007261149088541666,339.0,0.08333333333333333,0.7217767333984375
Workflow reversal,Window 8,Repeated discovery,930000,92,0.4,1,True,True,0.5517869059244792,0.0,0.05000000000000001,0.018213094075520835,0.007256062825520833,339.0,0.041666666666666664,0.7217919921875
Workflow reversal,Window 8,Repeated discovery,930000,93,0.4,1,True,True,0.5967843627929688,0.0,0.005,0.01821563720703125,0.00725860595703125,339.0,0.0625,0.7217919921875
Workflow reversal,Window 8,Repeated discovery,930000,94,0.4,1,True,True,0.5967843627929688,0.0,0.005,0.01821563720703125,0.00725860595703125,339.0,0.0625,0.7217767333984375
Workflow reversal,Window 8,Repeated discovery,930000,95,0.4,1,True,True,0.5967843627929688,0.0,0.005,0.01821563720703125,0.00725860595703125,339.0,0.0625,0.7217919921875
Workflow reversal,Window 8,Discover once,930000,0,0.4,3,True,True,0.5818054199218751,0.0,0.02,0.018194580078124998,0.0011950683593750001,338.75,0.0,0.7217919921875
Workflow reversal,Window 8,Discover once,930000,1,0.4,3,True,True,0.5766685994466146,0.0,0.024999999999999998,0.01833140055338542,0.0011976114908854166,341.25,0.020833333333333332,0.721630859375
Workflow reversal,Window 8,Discover once,930000,2,0.4,3,True,True,0.5793065388997395,0.0,0.022500000000000003,0.018193461100260416,0.0011939493815104167,338.7291666666667,0.0,0.7217919921875
Workflow reversal,Window 8,Discover once,930000,3,0.4,3,True,True,0.5816730753580729,0.0,0.02,0.018326924641927086,0.0011931355794270835,341.1666666666667,0.020833333333333332,0.721630859375
Workflow reversal,Window 8,Discover once,930000,4,0.4,3,True,True,0.5716685994466145,0.0,0.03,0.01833140055338542,0.0011976114908854166,341.25,0.020833333333333332,0.721630859375
Workflow reversal,Window 8,Discover once,930000,5,0.4,3,True,True,0.5768039957682292,0.0,0.024999999999999998,0.01819600423177083,0.0011964925130208335,338.7291666666667,0.020833333333333332,0.7217919921875
Workflow reversal,Window 8,Discover once,930000,6,0.4,3,True,True,0.5766685994466146,0.0,0.024999999999999998,0.01833140055338542,0.0011976114908854166,341.25,0.020833333333333332,0.721630859375
Workflow reversal,Window 8,Discover once,930000,7,0.4,3,True,True,0.5868028767903646,0.0,0.015,0.018197123209635416,0.0011976114908854166,338.75,0.020833333333333332,0.7217919921875
Workflow reversal,Window 8,Discover once,930000,8,0.4,3,True,True,0.5768039957682292,0.0,0.024999999999999998,0.01819600423177083,0.0011964925130208335,338.7291666666667,0.020833333333333332,0.7217919921875
Workflow reversal,Window 8,Discover once,930000,9,0.4,3,True,True,0.5766708374023438,0.0,0.024999999999999998,0.01832916259765625,0.00119537353515625,341.2083333333333,0.020833333333333332,0.721630859375
Workflow reversal,Window 8,Discover once,930000,10,0.4,3,True,True,0.5718028767903646,0.0,0.03,0.018197123209635416,0.0011976114908854166,338.75,0.020833333333333332,0.7217919921875
Workflow reversal,Window 8,Discover once,930000,11,0.4,3,True,True,0.5716708374023437,0.0,0.03,0.01832916259765625,0.00119537353515625,341.2083333333333,0.020833333333333332,0.721630859375
Workflow reversal,Window 8,Discover once,930000,12,0.4,3,True,True,0.5518065388997396,0.0,0.05000000000000001,0.018193461100260416,0.0011939493815104167,338.7291666666667,0.0,0.7217919921875
Workflow reversal,Window 8,Discover once,930000,13,0.4,3,True,True,0.5868039957682292,0.0,0.015,0.01819600423177083,0.0011964925130208335,338.7291666666667,0.020833333333333332,0.7217919921875
Workflow reversal,Window 8,Discover once,930000,14,0.4,3,True,True,0.5816685994466146,0.0,0.02,0.01833140055338542,0.0011976114908854166,341.25,0.020833333333333332,0.721630859375
Workflow reversal,Window 8,Discover once,930000,15,0.4,3,True,True,0.5618065388997396,0.0,0.04,0.018193461100260416,0.0011939493815104167,338.7291666666667,0.0,0.7217919921875
Workflow reversal,Window 8,Discover once,930000,16,0.4,3,True,True,0.5841719563802084,0.0,0.017499999999999998,0.018328043619791668,0.0011942545572916667,341.1875,0.020833333333333332,0.721630859375
Workflow reversal,Window 8,Discover once,930000,17,0.4,3,True,True,0.5766663614908855,0.0,0.024999999999999998,0.018333638509114583,0.0011998494466145834,341.2916666666667,0.020833333333333332,0.721630859375
Workflow reversal,Window 8,Discover once,930000,18,0.4,3,True,True,0.5866697184244792,0.0,0.015,0.018330281575520833,0.0011964925130208335,341.2291666666667,0.020833333333333332,0.721630859375
Workflow reversal,Window 8,Discover once,930000,19,0.4,3,True,True,0.5618065388997396,0.0,0.04,0.018193461100260416,0.0011939493815104167,338.7291666666667,0.0,0.7217919921875
Workflow reversal,Window 8,Discover once,930000,20,0.4,3,True,True,0.5716708374023437,0.0,0.03,0.01832916259765625,0.00119537353515625,341.2083333333333,0.020833333333333332,0.721630859375
Workflow reversal,Window 8,Discover once,930000,21,0.4,3,True,True,0.5743006388346354,0.0,0.0275,0.018199361165364584,0.0011998494466145834,338.7916666666667,0.020833333333333332,0.7217919921875
Workflow reversal,Window 8,Discover once,930000,22,0.4,3,True,True,0.5793039957682292,0.0,0.022500000000000003,0.01819600423177083,0.0011964925130208335,338.7291666666667,0.020833333333333332,0.7217919921875
Workflow reversal,Window 8,Discover once,930000,23,0.4,3,True,True,0.5643076578776042,0.0,0.037500000000000006,0.018192342122395833,0.0011928304036458333,338.7083333333333,0.0,0.7217919921875
Workflow reversal,Window 8,Discover once,930000,24,0.4,3,True,True,0.5768017578125,0.0,0.024999999999999998,0.0181982421875,0.0011976114908854166,338.7708333333333,0.020833333333333332,0.7217919921875
Workflow reversal,Window 8,Discover once,930000,25,0.4,3,True,True,0.5768017578125,0.0,0.024999999999999998,0.0181982421875,0.00119873046875,338.7708333333333,0.020833333333333332,0.7217919921875
Workflow reversal,Window 8,Discover once,930000,26,0.4,3,True,True,0.5818028767903646,0.0,0.02,0.018197123209635416,0.0011976114908854166,338.75,0.020833333333333332,0.7217919921875
Workflow reversal,Window 8,Discover once,930000,27,0.4,3,True,True,0.581805419921875,0.0,0.02,0.018194580078124998,0.0011950683593750001,338.75,0.0,0.7217919921875
Workflow reversal,Window 8,Discover once,930000,28,0.4,3,True,True,0.5743051147460937,0.0,0.0275,0.018194885253906248,0.00119537353515625,338.7083333333333,0.020833333333333332,0.7217919921875
Workflow reversal,Window 8,Discover once,930000,29,0.4,3,True,True,0.57666748046875,0.0,0.024999999999999998,0.018332519531250004,0.00119873046875,341.2708333333333,0.020833333333333332,0.721630859375
Workflow reversal,Window 8,Discover once,930000,30,0.4,3,True,True,0.5743076578776042,0.0,0.0275,0.018192342122395833,0.0011928304036458333,338.7083333333333,0.0,0.7217919921875
Workflow reversal,Window 8,Discover once,930000,31,0.4,3,True,True,0.5593076578776041,0.0,0.0425,0.018192342122395833,0.0011928304036458333,338.7083333333333,0.0,0.7217919921875
Workflow reversal,Window 8,Discover once,930000,32,0.4,3,True,True,0.5816719563802083,0.0,0.02,0.018328043619791668,0.0011942545572916667,341.1875,0.020833333333333332,0.721630859375
Workflow reversal,Window 8,Discover once,930000,33,0.4,3,True,True,0.5866674804687501,0.0,0.015,0.018332519531250004,0.00119873046875,341.2708333333333,0.020833333333333332,0.721630859375
Workflow reversal,Window 8,Discover once,930000,34,0.4,3,True,True,0.5816708374023437,0.0,0.02,0.01832916259765625,0.00119537353515625,341.2083333333333,0.020833333333333332,0.721630859375
Workflow reversal,Window 8,Discover once,930000,35,0.4,3,True,True,0.5816685994466146,0.0,0.02,0.01833140055338542,0.0011976114908854166,341.25,0.020833333333333332,0.721630859375
Workflow reversal,Window 8,Discover once,930000,36,0.4,3,True,True,0.5716719563802083,0.0,0.03,0.018328043619791668,0.0011942545572916667,341.1875,0.020833333333333332,0.721630859375
Workflow reversal,Window 8,Discover once,930000,37,0.4,3,True,True,0.5718017578125,0.0,0.03,0.0181982421875,0.00119873046875,338.7708333333333,0.020833333333333332,0.7217919921875
Workflow reversal,Window 8,Discover once,930000,38,0.4,3,True,True,0.5768017578125,0.0,0.024999999999999998,0.0181982421875,0.00119873046875,338.7708333333333,0.020833333333333332,0.7217919921875
Workflow reversal,Window 8,Discover once,930000,39,0.4,3,True,True,0.5868028767903646,0.0,0.015,0.018197123209635416,0.0011976114908854166,338.75,0.020833333333333332,0.7217919921875
Workflow reversal,Window 8,Discover once,930000,40,0.4,3,True,True,0.5255565388997395,0.125,0.07625,0.018193461100260416,0.0011939493815104167,338.7291666666667,0.0,0.7217919921875
Workflow reversal,Window 8,Discover once,930000,41,0.4,3,True,True,0.5818017578125,0.0,0.02,0.0181982421875,0.0011964925130208335,338.7708333333333,0.020833333333333332,0.7217919921875
Workflow reversal,Window 8,Discover once,930000,42,0.4,3,True,True,0.5818039957682292,0.0,0.02,0.01819600423177083,0.0011964925130208335,338.7291666666667,0.020833333333333332,0.7217919921875
Workflow reversal,Window 8,Discover once,930000,43,0.4,3,True,True,0.5768028767903646,0.0,0.024999999999999998,0.018197123209635416,0.0011976114908854166,338.75,0.020833333333333332,0.7217919921875
Workflow reversal,Window 8,Discover once,930000,44,0.4,3,True,True,0.5768062337239583,0.0,0.024999999999999998,0.018193766276041665,0.0011942545572916667,338.6875,0.020833333333333332,0.7217919921875
Workflow reversal,Window 8,Discover once,930000,45,0.4,3,True,True,0.5749315388997396,0.020833333333333332,0.026875,0.018193461100260416,0.0011939493815104167,338.7291666666667,0.0,0.7217919921875
Workflow reversal,Window 8,Discover once,930000,46,0.4,3,True,True,0.5768051147460938,0.0,0.024999999999999998,0.018194885253906248,0.00119537353515625,338.7083333333333,0.020833333333333332,0.7217919921875
Workflow reversal,Window 8,Discover once,930000,47,0.4,3,True,True,0.5766685994466146,0.0,0.024999999999999998,0.01833140055338542,0.0011976114908854166,341.25,0.020833333333333332,0.721630859375
Workflow reversal,Window 8,Discover once,930000,48,0.4,3,True,True,0.561805419921875,0.0,0.04,0.018194580078124998,0.0011950683593750001,338.75,0.0,0.7217919921875
Workflow reversal,Window 8,Discover once,930000,49,0.4,3,True,True,0.58166748046875,0.0,0.02,0.018332519531250004,0.00119873046875,341.2708333333333,0.020833333333333332,0.721630859375
Workflow reversal,Window 8,Discover once,930000,50,0.4,3,True,True,0.5618043009440105,0.0,0.04,0.018195699055989584,0.0011961873372395833,338.7708333333333,0.0,0.7217919921875
Workflow reversal,Window 8,Discover once,930000,51,0.4,3,True,True,0.5793065388997396,0.0,0.022500000000000003,0.018193461100260416,0.0011939493815104167,338.7291666666667,0.0,0.7217919921875
Workflow reversal,Window 8,Discover once,930000,52,0.4,3,True,True,0.5768073527018229,0.0,0.024999999999999998,0.018192647298177083,0.0011931355794270835,338.6666666666667,0.020833333333333332,0.7217919921875
Workflow reversal,Window 8,Discover once,930000,53,0.4,3,True,True,0.5718062337239583,0.0,0.03,0.018193766276041665,0.0011942545572916667,338.6875,0.020833333333333332,0.7217919921875
Workflow reversal,Window 8,Discover once,930000,54,0.4,3,True,True,0.5818006388346354,0.0,0.02,0.018199361165364584,0.00119873046875,338.7916666666667,0.020833333333333332,0.7217919921875
Workflow reversal,Window 8,Discover once,930000,55,0.4,3,True,True,0.5418065388997395,0.0,0.06000000000000002,0.018193461100260416,0.0011939493815104167,338.7291666666667,0.0,0.7217919921875
Workflow reversal,Window 8,Discover once,930000,56,0.4,3,True,True,0.5716674804687499,0.0,0.03,0.018332519531250004,0.00119873046875,341.2708333333333,0.020833333333333332,0.721630859375
Workflow reversal,Window 8,Discover once,930000,57,0.4,3,True,True,0.5743051147460937,0.0,0.0275,0.018194885253906248,0.00119537353515625,338.7083333333333,0.020833333333333332,0.7217919921875
Workflow reversal,Window 8,Discover once,930000,58,0.4,3,True,True,0.5816685994466146,0.0,0.02,0.01833140055338542,0.0011976114908854166,341.25,0.020833333333333332,0.721630859375
Workflow reversal,Window 8,Discover once,930000,59,0.4,3,True,True,0.5817995198567708,0.0,0.02,0.018200480143229166,0.0012009684244791666,338.8125,0.020833333333333332,0.7217919921875
Workflow reversal,Window 8,Discover once,930000,60,0.4,3,True,True,0.5766708374023438,0.0,0.024999999999999998,0.01832916259765625,0.00119537353515625,341.2083333333333,0.020833333333333332,0.721630859375
Workflow reversal,Window 8,Discover once,930000,61,0.4,3,True,True,0.5818073527018229,0.0,0.02,0.018192647298177083,0.0011931355794270835,338.6666666666667,0.020833333333333332,0.7217919921875
Workflow reversal,Window 8,Discover once,930000,62,0.4,3,True,True,0.5768039957682292,0.0,0.024999999999999998,0.01819600423177083,0.0011964925130208335,338.7291666666667,0.020833333333333332,0.7217919921875
Workflow reversal,Window 8,Discover once,930000,63,0.4,3,True,True,0.5818028767903646,0.0,0.02,0.018197123209635416,0.0011976114908854166,338.75,0.020833333333333332,0.7217919921875
Workflow reversal,Window 8,Discover once,930000,64,0.4,3,True,True,0.5818076578776041,0.0,0.02,0.018192342122395833,0.0011928304036458333,338.7083333333333,0.0,0.7217919921875
Workflow reversal,Window 8,Discover once,930000,65,0.4,3,True,True,0.5766708374023438,0.0,0.024999999999999998,0.01832916259765625,0.00119537353515625,341.2083333333333,0.020833333333333332,0.721630859375
Workflow reversal,Window 8,Discover once,930000,66,0.4,3,True,True,0.5866697184244792,0.0,0.015,0.018330281575520833,0.0011964925130208335,341.2291666666667,0.020833333333333332,0.721630859375
Workflow reversal,Window 8,Discover once,930000,67,0.4,3,True,True,0.5668054199218749,0.0,0.034999999999999996,0.018194580078124998,0.0011950683593750001,338.75,0.0,0.7217919921875
Workflow reversal,Window 8,Discover once,930000,68,0.4,3,True,True,0.5668039957682292,0.0,0.034999999999999996,0.01819600423177083,0.0011964925130208335,338.7291666666667,0.020833333333333332,0.7217919921875
Workflow reversal,Window 8,Discover once,930000,69,0.4,3,True,True,0.5768039957682292,0.0,0.024999999999999998,0.01819600423177083,0.0011964925130208335,338.7291666666667,0.020833333333333332,0.7217919921875
Workflow reversal,Window 8,Discover once,930000,70,0.4,3,True,True,0.5768062337239583,0.0,0.024999999999999998,0.018193766276041665,0.0011942545572916667,338.6875,0.020833333333333332,0.7217919921875
Workflow reversal,Window 8,Discover once,930000,71,0.4,3,True,True,0.58166748046875,0.0,0.02,0.018332519531250004,0.00119873046875,341.2708333333333,0.020833333333333332,0.721630859375
Workflow reversal,Window 8,Discover once,930000,72,0.4,3,True,True,0.5816663614908855,0.0,0.02,0.018333638509114583,0.0011998494466145834,341.2916666666667,0.020833333333333332,0.721630859375
Workflow reversal,Window 8,Discover once,930000,73,0.4,3,True,True,0.5743076578776042,0.0,0.027499999999999997,0.018192342122395833,0.0011928304036458333,338.7083333333333,0.0,0.7217919921875
Workflow reversal,Window 8,Discover once,930000,74,0.4,3,True,True,0.5791685994466146,0.0,0.022500000000000003,0.01833140055338542,0.0011976114908854166,341.25,0.020833333333333332,0.721630859375
Workflow reversal,Window 8,Discover once,930000,75,0.4,3,True,True,0.5741708374023438,0.0,0.0275,0.01832916259765625,0.00119537353515625,341.2083333333333,0.020833333333333332,0.721630859375
Workflow reversal,Window 8,Discover once,930000,76,0.4,3,True,True,0.5741708374023438,0.0,0.027499999999999997,0.01832916259765625,0.00119537353515625,341.2083333333333,0.020833333333333332,0.721630859375
Workflow reversal,Window 8,Discover once,930000,77,0.4,3,True,True,0.5743031819661458,0.0,0.027500000000000007,0.018196818033854166,0.0011973063151041667,338.7916666666667,0.0,0.7217919921875
Workflow reversal,Window 8,Discover once,930000,78,0.4,3,True,True,0.5768017578125,0.0,0.024999999999999998,0.0181982421875,0.00119873046875,338.7708333333333,0.020833333333333332,0.7217919921875
Workflow reversal,Window 8,Discover once,930000,79,0.4,3,True,True,0.56666748046875,0.0,0.035,0.018332519531250004,0.00119873046875,341.2708333333333,0.020833333333333332,0.721630859375
Workflow reversal,Window 8,Discover once,930000,80,0.4,3,True,True,0.5768028767903646,0.0,0.024999999999999998,0.018197123209635416,0.0011964925130208335,338.75,0.020833333333333332,0.7217919921875
Workflow reversal,Window 8,Discover once,930000,81,0.4,3,True,True,0.5543006388346354,0.0,0.047499999999999994,0.018199361165364584,0.0011998494466145834,338.7916666666667,0.020833333333333332,0.7217919921875
Workflow reversal,Window 8,Discover once,930000,82,0.4,3,True,True,0.5718062337239583,0.0,0.03,0.018193766276041665,0.0011942545572916667,338.6875,0.020833333333333332,0.7217919921875
Workflow reversal,Window 8,Discover once,930000,83,0.4,3,True,True,0.5766697184244792,0.0,0.024999999999999998,0.018330281575520833,0.0011964925130208335,341.2291666666667,0.020833333333333332,0.721630859375
Workflow reversal,Window 8,Discover once,930000,84,0.4,3,True,True,0.5716697184244791,0.0,0.03,0.018330281575520833,0.0011964925130208335,341.2291666666667,0.020833333333333332,0.721630859375
Workflow reversal,Window 8,Discover once,930000,85,0.4,3,True,True,0.5293065388997396,0.0,0.07250000000000001,0.018193461100260416,0.0011939493815104167,338.7291666666667,0.0,0.7217919921875
Workflow reversal,Window 8,Discover once,930000,86,0.4,3,True,True,0.5768051147460938,0.0,0.024999999999999998,0.018194885253906248,0.0011942545572916667,338.7083333333333,0.020833333333333332,0.7217852783203125
Workflow reversal,Window 8,Discover once,930000,87,0.4,3,True,True,0.5768062337239583,0.0,0.024999999999999998,0.018193766276041665,0.0011931355794270835,338.6875,0.020833333333333332,0.7217919921875
Workflow reversal,Window 8,Discover once,930000,88,0.4,3,True,True,0.5868051147460938,0.0,0.015,0.018194885253906248,0.00119537353515625,338.7083333333333,0.020833333333333332,0.7217919921875
Workflow reversal,Window 8,Discover once,930000,89,0.4,3,True,True,0.5766697184244792,0.0,0.024999999999999998,0.018330281575520833,0.0011964925130208335,341.2291666666667,0.020833333333333332,0.721630859375
Workflow reversal,Window 8,Discover once,930000,90,0.4,3,True,True,0.5766697184244792,0.0,0.024999999999999998,0.018330281575520833,0.0011964925130208335,341.2291666666667,0.020833333333333332,0.721630859375
Workflow reversal,Window 8,Discover once,930000,91,0.4,3,True,True,0.5768039957682292,0.0,0.024999999999999998,0.01819600423177083,0.0011964925130208335,338.7291666666667,0.020833333333333332,0.7217919921875
Workflow reversal,Window 8,Discover once,930000,92,0.4,3,True,True,0.57666748046875,0.0,0.024999999999999998,0.018332519531250004,0.00119873046875,341.2708333333333,0.020833333333333332,0.721630859375
Workflow reversal,Window 8,Discover once,930000,93,0.4,3,True,True,0.5818017578125,0.0,0.02,0.0181982421875,0.0011976114908854166,338.7708333333333,0.020833333333333332,0.7217852783203125
Workflow reversal,Window 8,Discover once,930000,94,0.4,3,True,True,0.5818062337239583,0.0,0.02,0.018193766276041665,0.0011942545572916667,338.6875,0.020833333333333332,0.7217919921875
Workflow reversal,Window 8,Discover once,930000,95,0.4,3,True,True,0.5741708374023438,0.0,0.027499999999999997,0.01832916259765625,0.00119537353515625,341.2083333333333,0.020833333333333332,0.721630859375
Workflow reversal,Window 8,Repeated discovery,930000,0,0.4,3,True,True,0.5918984985351563,0.0,0.01,0.01810150146484375,0.00714447021484375,336.875,0.0625,0.7218975830078125
Workflow reversal,Window 8,Repeated discovery,930000,1,0.4,3,True,True,0.5819010416666667,0.0,0.020000000000000004,0.01809895833333333,0.0071419270833333335,336.875,0.041666666666666664,0.721912841796875
Workflow reversal,Window 8,Repeated discovery,930000,2,0.4,3,True,True,0.5969047037760417,0.0,0.005,0.018095296223958335,0.007138264973958333,336.8541666666667,0.020833333333333332,0.7218975830078125
Workflow reversal,Window 8,Repeated discovery,930000,3,0.4,3,True,True,0.586905517578125,0.0,0.015,0.018094482421875002,0.007137451171875001,336.7916666666667,0.041666666666666664,0.721912841796875
Workflow reversal,Window 8,Repeated discovery,930000,4,0.4,3,True,True,0.5768984985351563,0.0,0.024999999999999998,0.01810150146484375,0.00714447021484375,336.875,0.0625,0.721912841796875
Workflow reversal,Window 8,Repeated discovery,930000,5,0.4,3,True,True,0.5944021606445312,0.0,0.0075,0.018097839355468753,0.00714080810546875,336.8541666666667,0.041666666666666664,0.721912841796875
Workflow reversal,Window 8,Repeated discovery,930000,6,0.4,3,True,True,0.5718984985351563,0.0,0.03,0.01810150146484375,0.00714447021484375,336.875,0.0625,0.7218975830078125
Workflow reversal,Window 8,Repeated discovery,930000,7,0.4,3,True,True,0.6018984985351562,0.0,0.0,0.01810150146484375,0.00714447021484375,336.875,0.0625,0.721912841796875
Workflow reversal,Window 8,Repeated discovery,930000,8,0.4,3,True,True,0.5768970743815104,0.0,0.024999999999999998,0.018102925618489585,0.007145894368489583,336.8541666666667,0.08333333333333333,0.7218975830078125
Workflow reversal,Window 8,Repeated discovery,930000,9,0.4,3,True,True,0.5669032796223958,0.0,0.034999999999999996,0.018096720377604167,0.007139689127604168,336.8333333333333,0.041666666666666664,0.721912841796875
Workflow reversal,Window 8,Repeated discovery,930000,10,0.4,3,True,True,0.5768984985351563,0.0,0.024999999999999998,0.01810150146484375,0.00714447021484375,336.875,0.0625,0.7218975830078125
Workflow reversal,Window 8,Repeated discovery,930000,11,0.4,3,True,True,0.596898193359375,0.0,0.005,0.018101806640625,0.007144775390625001,336.8333333333333,0.08333333333333333,0.7218975830078125
Workflow reversal,Window 8,Repeated discovery,930000,12,0.4,3,True,True,0.5793970743815104,0.0,0.022500000000000003,0.018102925618489585,0.007145894368489583,336.8541666666667,0.08333333333333333,0.7218975830078125
Workflow reversal,Window 8,Repeated discovery,930000,13,0.4,3,True,True,0.59689453125,0.0,0.005,0.018105468750000003,0.0071484375,336.8541666666667,0.10416666666666667,0.7218975830078125
Workflow reversal,Window 8,Repeated discovery,930000,14,0.4,3,True,True,0.5819010416666667,0.0,0.02,0.01809895833333333,0.0071419270833333335,336.875,0.041666666666666664,0.721912841796875
Workflow reversal,Window 8,Repeated discovery,930000,15,0.4,3,True,True,0.5944047037760417,0.0,0.0075,0.018095296223958335,0.007138264973958333,336.8541666666667,0.020833333333333332,0.721912841796875
Workflow reversal,Window 8,Repeated discovery,930000,16,0.4,3,True,True,0.5919043986002605,0.0,0.01,0.01809560139973958,0.007138570149739585,336.8125,0.041666666666666664,0.7218975830078125
Workflow reversal,Window 8,Repeated discovery,930000,17,0.4,3,True,True,0.5668937174479166,0.0,0.035,0.018106282552083335,0.007149251302083334,336.9166666666667,0.08333333333333333,0.7218975830078125
Workflow reversal,Window 8,Repeated discovery,930000,18,0.4,3,True,True,0.5919021606445313,0.0,0.01,0.018097839355468753,0.00714080810546875,336.8541666666667,0.041666666666666664,0.721912841796875
Workflow reversal,Window 8,Repeated discovery,930000,19,0.4,3,True,True,0.5869021606445313,0.0,0.015,0.018097839355468753,0.00714080810546875,336.8541666666667,0.041666666666666664,0.721912841796875
Workflow reversal,Window 8,Repeated discovery,930000,20,0.4,3,True,True,0.566898193359375,0.0,0.034999999999999996,0.018101806640625,0.007144775390625001,336.8333333333333,0.08333333333333333,0.7218975830078125
Workflow reversal,Window 8,Repeated discovery,930000,21,0.4,3,True,True,0.5743988037109374,0.0,0.0275,0.0181011962890625,0.007144165039062501,336.9166666666667,0.041666666666666664,0.721912841796875
Workflow reversal,Window 8,Repeated discovery,930000,22,0.4,3,True,True,0.5869047037760416,0.0,0.015,0.018095296223958335,0.007138264973958333,336.8541666666667,0.020833333333333332,0.721912841796875
Workflow reversal,Window 8,Repeated discovery,930000,23,0.4,3,True,True,0.5769058227539062,0.0,0.024999999999999998,0.01809417724609375,0.007137145996093751,336.8333333333333,0.020833333333333332,0.721912841796875
Workflow reversal,Window 8,Repeated discovery,930000,24,0.4,3,True,True,0.5968959554036458,0.0,0.005,0.018104044596354164,0.007147013346354167,336.875,0.08333333333333333,0.7218975830078125
Workflow reversal,Window 8,Repeated discovery,930000,25,0.4,3,True,True,0.5818999226888021,0.0,0.02,0.018100077311197917,0.0071430460611979175,336.8958333333333,0.041666666666666664,0.721912841796875
Workflow reversal,Window 8,Repeated discovery,930000,26,0.4,3,True,True,0.5868984985351563,0.0,0.015,0.01810150146484375,0.00714447021484375,336.875,0.0625,0.721912841796875
Workflow reversal,Window 8,Repeated discovery,930000,27,0.4,3,True,True,0.5869010416666667,0.0,0.015,0.01809895833333333,0.0071419270833333335,336.875,0.041666666666666664,0.7218975830078125
Workflow reversal,Window 8,Repeated discovery,930000,28,0.4,3,True,True,0.579398193359375,0.0,0.022500000000000003,0.018101806640625,0.007144775390625001,336.8333333333333,0.08333333333333333,0.721912841796875
Workflow reversal,Window 8,Repeated discovery,930000,29,0.4,3,True,True,0.5718973795572917,0.0,0.03,0.01810262044270833,0.007145589192708334,336.8958333333333,0.0625,0.721912841796875
Workflow reversal,Window 8,Repeated discovery,930000,30,0.4,3,True,True,0.5819032796223959,0.0,0.02,0.018096720377604167,0.007139689127604168,336.8333333333333,0.041666666666666664,0.721912841796875
Workflow reversal,Window 8,Repeated discovery,930000,31,0.4,3,True,True,0.5619032796223958,0.0,0.04,0.018096720377604167,0.007139689127604168,336.8333333333333,0.041666666666666664,0.721912841796875
Workflow reversal,Window 8,Repeated discovery,930000,32,0.4,3,True,True,0.5869043986002604,0.0,0.015,0.01809560139973958,0.007138570149739585,336.8125,0.041666666666666664,0.721912841796875
Workflow reversal,Window 8,Repeated discovery,930000,33,0.4,3,True,True,0.5868948364257812,0.0,0.015,0.01810516357421875,0.0071481323242187506,336.8958333333333,0.08333333333333333,0.7218975830078125
Workflow reversal,Window 8,Repeated discovery,930000,34,0.4,3,True,True,0.5969032796223958,0.0,0.005,0.018096720377604167,0.007139689127604168,336.8333333333333,0.041666666666666664,0.721912841796875
Workflow reversal,Window 8,Repeated discovery,930000,35,0.4,3,True,True,0.5968984985351563,0.0,0.005,0.01810150146484375,0.00714447021484375,336.875,0.0625,0.721912841796875
Workflow reversal,Window 8,Repeated discovery,930000,36,0.4,3,True,True,0.59690185546875,0.0,0.005,0.01809814453125,0.007141113281250001,336.8125,0.0625,0.721912841796875
Workflow reversal,Window 8,Repeated discovery,930000,37,0.4,3,True,True,0.5768948364257812,0.0,0.024999999999999998,0.01810516357421875,0.0071481323242187506,336.8958333333333,0.08333333333333333,0.7218975830078125
Workflow reversal,Window 8,Repeated discovery,930000,38,0.4,3,True,True,0.5869024658203125,0.0,0.015,0.0180975341796875,0.0071405029296875006,336.8958333333333,0.020833333333333332,0.721912841796875
Workflow reversal,Window 8,Repeated discovery,930000,39,0.4,3,True,True,0.5869010416666667,0.0,0.015,0.01809895833333333,0.0071419270833333335,336.875,0.041666666666666664,0.721912841796875
Workflow reversal,Window 8,Repeated discovery,930000,40,0.4,3,True,True,0.5868970743815104,0.0,0.015,0.018102925618489585,0.007145894368489583,336.8541666666667,0.08333333333333333,0.7218975830078125
Workflow reversal,Window 8,Repeated discovery,930000,41,0.4,3,True,True,0.5968996175130209,0.0,0.005,0.018100382486979167,0.007143351236979167,336.8541666666667,0.0625,0.721912841796875
Workflow reversal,Window 8,Repeated discovery,930000,42,0.4,3,True,True,0.57189453125,0.0,0.03,0.018105468750000003,0.0071484375,336.8541666666667,0.10416666666666667,0.721912841796875
Workflow reversal,Window 8,Repeated discovery,930000,43,0.4,3,True,True,0.5668984985351563,0.0,0.034999999999999996,0.01810150146484375,0.00714447021484375,336.875,0.0625,0.7218975830078125
Workflow reversal,Window 8,Repeated discovery,930000,44,0.4,3,True,True,0.5819069417317708,0.0,0.02,0.018093058268229167,0.007136027018229168,336.8125,0.020833333333333332,0.721912841796875
Workflow reversal,Window 8,Repeated discovery,930000,45,0.4,3,True,True,0.6019021606445313,0.0,0.0,0.018097839355468753,0.00714080810546875,336.8541666666667,0.041666666666666664,0.721912841796875
Workflow reversal,Window 8,Repeated discovery,930000,46,0.4,3,True,True,0.5969007364908854,0.0,0.005,0.018099263509114585,0.007142232259114585,336.8333333333333,0.0625,0.721912841796875
Workflow reversal,Window 8,Repeated discovery,930000,47,0.4,3,True,True,0.5744010416666666,0.0,0.0275,0.01809895833333333,0.0071419270833333335,336.875,0.041666666666666664,0.721912841796875
Workflow reversal,Window 8,Repeated discovery,930000,48,0.4,3,True,True,0.5769010416666667,0.0,0.024999999999999998,0.01809895833333333,0.0071419270833333335,336.875,0.041666666666666664,0.721912841796875
Workflow reversal,Window 8,Repeated discovery,930000,49,0.4,3,True,True,0.5918973795572917,0.0,0.01,0.01810262044270833,0.007145589192708334,336.8958333333333,0.0625,0.7218975830078125
Workflow reversal,Window 8,Repeated discovery,930000,50,0.4,3,True,True,0.5968999226888021,0.0,0.005,0.018100077311197917,0.0071430460611979175,336.8958333333333,0.041666666666666664,0.7218975830078125
Workflow reversal,Window 8,Repeated discovery,930000,51,0.4,3,True,True,0.5768996175130208,0.0,0.024999999999999998,0.018100382486979167,0.007143351236979167,336.8541666666667,0.0625,0.7218975830078125
Workflow reversal,Window 8,Repeated discovery,930000,52,0.4,3,True,True,0.5869029744466147,0.0,0.015,0.01809702555338542,0.007139994303385418,336.7916666666667,0.0625,0.7218975830078125
Workflow reversal,Window 8,Repeated discovery,930000,53,0.4,3,True,True,0.5968993123372396,0.0,0.005,0.018100687662760417,0.007143656412760418,336.8125,0.08333333333333333,0.7218975830078125
Workflow reversal,Window 8,Repeated discovery,930000,54,0.4,3,True,True,0.5768922932942708,0.0,0.025000000000000005,0.018107706705729167,0.0071506754557291675,336.8958333333333,0.10416666666666667,0.7218975830078125
Workflow reversal,Window 8,Repeated discovery,930000,55,0.4,3,True,True,0.5969021606445313,0.0,0.005,0.018097839355468753,0.00714080810546875,336.8541666666667,0.041666666666666664,0.721912841796875
Workflow reversal,Window 8,Repeated discovery,930000,56,0.4,3,True,True,0.5818973795572916,0.0,0.02,0.01810262044270833,0.007145589192708334,336.8958333333333,0.0625,0.7218975830078125
Workflow reversal,Window 8,Repeated discovery,930000,57,0.4,3,True,True,0.5819032796223959,0.0,0.02,0.018096720377604167,0.007139689127604168,336.8333333333333,0.041666666666666664,0.721912841796875
Workflow reversal,Window 8,Repeated discovery,930000,58,0.4,3,True,True,0.5968984985351563,0.0,0.005,0.01810150146484375,0.00714447021484375,336.875,0.0625,0.721912841796875
Workflow reversal,Window 8,Repeated discovery,930000,59,0.4,3,True,True,0.5968951416015625,0.0,0.005,0.018104858398437503,0.007147827148437501,336.9375,0.0625,0.721912841796875
Workflow reversal,Window 8,Repeated discovery,930000,60,0.4,3,True,True,0.5969007364908854,0.0,0.005,0.018099263509114585,0.007142232259114585,336.8333333333333,0.0625,0.721912841796875
Workflow reversal,Window 8,Repeated discovery,930000,61,0.4,3,True,True,0.5969004313151042,0.0,0.005,0.018099568684895834,0.007142537434895835,336.7916666666667,0.08333333333333333,0.7218975830078125
Workflow reversal,Window 8,Repeated discovery,930000,62,0.4,3,True,True,0.5919047037760417,0.0,0.01,0.018095296223958335,0.007138264973958333,336.8541666666667,0.020833333333333332,0.721912841796875
Workflow reversal,Window 8,Repeated discovery,930000,63,0.4,3,True,True,0.5969010416666667,0.0,0.005,0.01809895833333333,0.0071419270833333335,336.875,0.041666666666666664,0.721912841796875
Workflow reversal,Window 8,Repeated discovery,930000,64,0.4,3,True,True,0.5819007364908854,0.0,0.02,0.018099263509114585,0.007142232259114585,336.8333333333333,0.0625,0.721912841796875
Workflow reversal,Window 8,Repeated discovery,930000,65,0.4,3,True,True,0.5769007364908854,0.0,0.024999999999999998,0.018099263509114585,0.007142232259114585,336.8333333333333,0.0625,0.7218975830078125
Workflow reversal,Window 8,Repeated discovery,930000,66,0.4,3,True,True,0.5818970743815104,0.0,0.02,0.018102925618489585,0.007145894368489583,336.8541666666667,0.08333333333333333,0.7218975830078125
Workflow reversal,Window 8,Repeated discovery,930000,67,0.4,3,True,True,0.5743984985351562,0.0,0.027499999999999997,0.01810150146484375,0.00714447021484375,336.875,0.0625,0.7218975830078125
Workflow reversal,Window 8,Repeated discovery,930000,68,0.4,3,True,True,0.5768996175130208,0.0,0.024999999999999998,0.018100382486979167,0.007143351236979167,336.8541666666667,0.0625,0.7218975830078125
Workflow reversal,Window 8,Repeated discovery,930000,69,0.4,3,True,True,0.58689453125,0.0,0.015,0.018105468750000003,0.0071484375,336.8541666666667,0.10416666666666667,0.7218975830078125
Workflow reversal,Window 8,Repeated discovery,930000,70,0.4,3,True,True,0.58190185546875,0.0,0.02,0.01809814453125,0.007141113281250001,336.8125,0.0625,0.721912841796875
Workflow reversal,Window 8,Repeated discovery,930000,71,0.4,3,True,True,0.5968922932942708,0.0,0.005,0.018107706705729167,0.0071506754557291675,336.8958333333333,0.10416666666666667,0.7218975830078125
Workflow reversal,Window 8,Repeated discovery,930000,72,0.4,3,True,True,0.5968937174479166,0.0,0.005,0.018106282552083335,0.007149251302083334,336.9166666666667,0.08333333333333333,0.7218975830078125
Workflow reversal,Window 8,Repeated discovery,930000,73,0.4,3,True,True,0.5994058227539062,0.0,0.0025000000000000005,0.01809417724609375,0.007137145996093751,336.8333333333333,0.020833333333333332,0.721912841796875
Workflow reversal,Window 8,Repeated discovery,930000,74,0.4,3,True,True,0.5944010416666666,0.0,0.0075,0.01809895833333333,0.0071419270833333335,336.875,0.041666666666666664,0.7218975830078125
Workflow reversal,Window 8,Repeated discovery,930000,75,0.4,3,True,True,0.5744032796223958,0.0,0.0275,0.018096720377604167,0.007139689127604168,336.8333333333333,0.041666666666666664,0.721912841796875
Workflow reversal,Window 8,Repeated discovery,930000,76,0.4,3,True,True,0.5944007364908854,0.0,0.0075,0.018099263509114585,0.007142232259114585,336.8333333333333,0.0625,0.721912841796875
Workflow reversal,Window 8,Repeated discovery,930000,77,0.4,3,True,True,0.5969013468424479,0.0,0.005,0.018098653157552085,0.007141621907552084,336.9166666666667,0.020833333333333332,0.721912841796875
Workflow reversal,Window 8,Repeated discovery,930000,78,0.4,3,True,True,0.5918973795572917,0.0,0.01,0.01810262044270833,0.007145589192708334,336.8958333333333,0.0625,0.7218975830078125
Workflow reversal,Window 8,Repeated discovery,930000,79,0.4,3,True,True,0.5593948364257812,0.0,0.04250000000000001,0.01810516357421875,0.0071481323242187506,336.8958333333333,0.08333333333333333,0.7218975830078125
Workflow reversal,Window 8,Repeated discovery,930000,80,0.4,3,True,True,0.5918996175130209,0.0,0.01,0.018100382486979167,0.007143351236979167,336.8541666666667,0.0625,0.721912841796875
Workflow reversal,Window 8,Repeated discovery,930000,81,0.4,3,True,True,0.5643988037109375,0.0,0.0375,0.0181011962890625,0.007144165039062501,336.9166666666667,0.041666666666666664,0.721912841796875
Workflow reversal,Window 8,Repeated discovery,930000,82,0.4,3,True,True,0.5968993123372396,0.0,0.005,0.018100687662760417,0.007143656412760418,336.8125,0.08333333333333333,0.721912841796875
Workflow reversal,Window 8,Repeated discovery,930000,83,0.4,3,True,True,0.5668948364257812,0.0,0.034999999999999996,0.01810516357421875,0.0071481323242187506,336.8958333333333,0.08333333333333333,0.721912841796875
Workflow reversal,Window 8,Repeated discovery,930000,84,0.4,3,True,True,0.5769047037760416,0.0,0.024999999999999998,0.018095296223958335,0.007138264973958333,336.8541666666667,0.020833333333333332,0.721912841796875
Workflow reversal,Window 8,Repeated discovery,930000,85,0.4,3,True,True,0.5769047037760416,0.0,0.024999999999999998,0.018095296223958335,0.007138264973958333,336.8541666666667,0.020833333333333332,0.721912841796875
Workflow reversal,Window 8,Repeated discovery,930000,86,0.4,3,True,True,0.5719018554687499,0.0,0.03,0.01809814453125,0.007141113281250001,336.8125,0.0625,0.7218975830078125
Workflow reversal,Window 8,Repeated discovery,930000,87,0.4,3,True,True,0.5769055175781249,0.0,0.024999999999999998,0.018094482421875002,0.007137451171875001,336.7916666666667,0.041666666666666664,0.721912841796875
Workflow reversal,Window 8,Repeated discovery,930000,88,0.4,3,True,True,0.5869032796223959,0.0,0.015,0.018096720377604167,0.007139689127604168,336.8333333333333,0.041666666666666664,0.721912841796875
Workflow reversal,Window 8,Repeated discovery,930000,89,0.4,3,True,True,0.5819021606445313,0.0,0.02,0.018097839355468753,0.00714080810546875,336.8541666666667,0.041666666666666664,0.7218975830078125
Workflow reversal,Window 8,Repeated discovery,930000,90,0.4,3,True,True,0.5819021606445313,0.0,0.02,0.018097839355468753,0.00714080810546875,336.8541666666667,0.041666666666666664,0.721912841796875
Workflow reversal,Window 8,Repeated discovery,930000,91,0.4,3,True,True,0.5668996175130209,0.0,0.034999999999999996,0.018100382486979167,0.007143351236979167,336.8541666666667,0.0625,0.721912841796875
Workflow reversal,Window 8,Repeated discovery,930000,92,0.4,3,True,True,0.5818973795572916,0.0,0.02,0.01810262044270833,0.007145589192708334,336.8958333333333,0.0625,0.7218975830078125
Workflow reversal,Window 8,Repeated discovery,930000,93,0.4,3,True,True,0.5968984985351563,0.0,0.005,0.01810150146484375,0.00714447021484375,336.875,0.0625,0.721912841796875
Workflow reversal,Window 8,Repeated discovery,930000,94,0.4,3,True,True,0.57690185546875,0.0,0.024999999999999998,0.01809814453125,0.007141113281250001,336.8125,0.0625,0.7218975830078125
Workflow reversal,Window 8,Repeated discovery,930000,95,0.4,3,True,True,0.5694032796223958,0.0,0.032499999999999994,0.018096720377604167,0.007139689127604168,336.8333333333333,0.041666666666666664,0.7218975830078125
Workflow reversal,Window 8,Discover once,930000,0,0.4,6,True,True,0.5866652425130209,0.0,0.015,0.01833475748697917,0.0012009684244791666,341.3125,0.020833333333333332,0.721630859375
Workflow reversal,Window 8,Discover once,930000,1,0.4,6,True,True,0.5666630045572917,0.0,0.034999999999999996,0.018336995442708334,0.0012032063802083334,341.3541666666667,0.020833333333333332,0.721630859375
Workflow reversal,Window 8,Discover once,930000,2,0.4,6,True,True,0.5793009440104167,0.0,0.022500000000000003,0.018199055989583334,0.0011995442708333333,338.8333333333333,0.0,0.7217919921875
Workflow reversal,Window 8,Discover once,930000,3,0.4,6,True,True,0.5818028767903646,0.0,0.02,0.018197123209635416,0.0011976114908854166,338.75,0.020833333333333332,0.7217919921875
Workflow reversal,Window 8,Discover once,930000,4,0.4,6,True,True,0.5716641235351563,0.0,0.03,0.01833587646484375,0.00120208740234375,341.3333333333333,0.020833333333333332,0.721630859375
Workflow reversal,Window 8,Discover once,930000,5,0.4,6,True,True,0.5767950439453124,0.0,0.024999999999999998,0.0182049560546875,0.0012054443359375,338.8958333333333,0.020833333333333332,0.7217919921875
Workflow reversal,Window 8,Discover once,930000,6,0.4,6,True,True,0.5766630045572917,0.0,0.024999999999999998,0.018336995442708334,0.0012032063802083334,341.3541666666667,0.020833333333333332,0.721630859375
Workflow reversal,Window 8,Discover once,930000,7,0.4,6,True,True,0.5867972819010416,0.0,0.015,0.01820271809895833,0.0012032063802083334,338.8541666666667,0.020833333333333332,0.7217919921875
Workflow reversal,Window 8,Discover once,930000,8,0.4,6,True,True,0.5767950439453124,0.0,0.024999999999999998,0.0182049560546875,0.0012054443359375,338.8958333333333,0.020833333333333332,0.7217919921875
Workflow reversal,Window 8,Discover once,930000,9,0.4,6,True,True,0.5766641235351563,0.0,0.024999999999999998,0.01833587646484375,0.00120208740234375,341.3333333333333,0.020833333333333332,0.721630859375
Workflow reversal,Window 8,Discover once,930000,10,0.4,6,True,True,0.5717950439453124,0.0,0.03,0.0182049560546875,0.0012054443359375,338.8958333333333,0.020833333333333332,0.7217919921875
Workflow reversal,Window 8,Discover once,930000,11,0.4,6,True,True,0.5716641235351563,0.0,0.03,0.01833587646484375,0.00120208740234375,341.3333333333333,0.020833333333333332,0.721630859375
Workflow reversal,Window 8,Discover once,930000,12,0.4,6,True,True,0.5717972819010416,0.0,0.03,0.018202718098958334,0.00120208740234375,338.8541666666667,0.020833333333333332,0.7217919921875
Workflow reversal,Window 8,Discover once,930000,13,0.4,6,True,True,0.5867984008789062,0.0,0.015,0.01820159912109375,0.00120208740234375,338.8333333333333,0.020833333333333332,0.7217919921875
Workflow reversal,Window 8,Discover once,930000,14,0.4,6,True,True,0.5816618855794271,0.0,0.02,0.018338114420572916,0.0012043253580729166,341.375,0.020833333333333332,0.721630859375
Workflow reversal,Window 8,Discover once,930000,15,0.4,6,True,True,0.5766630045572917,0.0,0.024999999999999998,0.018336995442708334,0.0012032063802083334,341.3541666666667,0.020833333333333332,0.721630859375
Workflow reversal,Window 8,Discover once,930000,16,0.4,6,True,True,0.5841663614908854,0.0,0.017499999999999998,0.018333638509114583,0.0011998494466145834,341.2916666666667,0.020833333333333332,0.721630859375
Workflow reversal,Window 8,Discover once,930000,17,0.4,6,True,True,0.5766630045572917,0.0,0.024999999999999998,0.018336995442708334,0.0012032063802083334,341.3541666666667,0.020833333333333332,0.721630859375
Workflow reversal,Window 8,Discover once,930000,18,0.4,6,True,True,0.5866663614908855,0.0,0.015,0.018333638509114583,0.0011998494466145834,341.2916666666667,0.020833333333333332,0.721630859375
Workflow reversal,Window 8,Discover once,930000,19,0.4,6,True,True,0.5592995198567708,0.0,0.0425,0.018200480143229166,0.0012009684244791666,338.8125,0.020833333333333332,0.7217919921875
Workflow reversal,Window 8,Discover once,930000,20,0.4,6,True,True,0.5643009440104166,0.0,0.0375,0.018199055989583334,0.0011995442708333333,338.8333333333333,0.0,0.7217919921875
Workflow reversal,Window 8,Discover once,930000,21,0.4,6,True,True,0.5741618855794272,0.0,0.0275,0.018338114420572916,0.0012043253580729166,341.375,0.020833333333333332,0.721630859375
Workflow reversal,Window 8,Discover once,930000,22,0.4,6,True,True,0.5792972819010417,0.0,0.022500000000000003,0.01820271809895833,0.0012032063802083334,338.8541666666667,0.020833333333333332,0.7217919921875
Workflow reversal,Window 8,Discover once,930000,23,0.4,6,True,True,0.5766618855794271,0.0,0.024999999999999998,0.018338114420572916,0.0012043253580729166,341.375,0.020833333333333332,0.721630859375
Workflow reversal,Window 8,Discover once,930000,24,0.4,6,True,True,0.5668009440104167,0.0,0.034999999999999996,0.018199055989583334,0.0011995442708333333,338.8333333333333,0.0,0.7217919921875
Workflow reversal,Window 8,Discover once,930000,25,0.4,6,True,True,0.5767950439453124,0.0,0.024999999999999998,0.0182049560546875,0.0012054443359375,338.8958333333333,0.020833333333333332,0.7217919921875
Workflow reversal,Window 8,Discover once,930000,26,0.4,6,True,True,0.5817939249674479,0.0,0.02,0.018206075032552085,0.0012065633138020834,338.9166666666667,0.020833333333333332,0.7217919921875
Workflow reversal,Window 8,Discover once,930000,27,0.4,6,True,True,0.5766641235351563,0.0,0.024999999999999998,0.01833587646484375,0.00120208740234375,341.3333333333333,0.020833333333333332,0.721630859375
Workflow reversal,Window 8,Discover once,930000,28,0.4,6,True,True,0.5741652425130209,0.0,0.0275,0.01833475748697917,0.0012009684244791666,341.3125,0.020833333333333332,0.721630859375
Workflow reversal,Window 8,Discover once,930000,29,0.4,6,True,True,0.5741607666015626,0.0,0.0275,0.0183392333984375,0.0012054443359375,341.3958333333333,0.020833333333333332,0.721630859375
Workflow reversal,Window 8,Discover once,930000,30,0.4,6,True,True,0.5743020629882812,0.0,0.0275,0.01819793701171875,0.00119842529296875,338.8125,0.0,0.7217919921875
Workflow reversal,Window 8,Discover once,930000,31,0.4,6,True,True,0.5768028767903646,0.0,0.024999999999999998,0.018197123209635416,0.00119873046875,338.75,0.020833333333333332,0.7217919921875
Workflow reversal,Window 8,Discover once,930000,32,0.4,6,True,True,0.5816652425130209,0.0,0.02,0.01833475748697917,0.0012009684244791666,341.3125,0.020833333333333332,0.721630859375
Workflow reversal,Window 8,Discover once,930000,33,0.4,6,True,True,0.5817972819010416,0.0,0.02,0.01820271809895833,0.0012032063802083334,338.8541666666667,0.020833333333333332,0.7217919921875
Workflow reversal,Window 8,Discover once,930000,34,0.4,6,True,True,0.5816618855794271,0.0,0.02,0.018338114420572916,0.0012043253580729166,341.375,0.020833333333333332,0.721630859375
Workflow reversal,Window 8,Discover once,930000,35,0.4,6,True,True,0.5817995198567708,0.0,0.02,0.018200480143229166,0.0012009684244791666,338.8125,0.020833333333333332,0.7217919921875
Workflow reversal,Window 8,Discover once,930000,36,0.4,6,True,True,0.5716652425130209,0.0,0.03,0.01833475748697917,0.0012009684244791666,341.3125,0.020833333333333332,0.721630859375
Workflow reversal,Window 8,Discover once,930000,37,0.4,6,True,True,0.5717939249674479,0.0,0.03,0.018206075032552085,0.0012065633138020834,338.9166666666667,0.020833333333333332,0.7217919921875
Workflow reversal,Window 8,Discover once,930000,38,0.4,6,True,True,0.5816618855794271,0.0,0.02,0.018338114420572916,0.0012043253580729166,341.375,0.020833333333333332,0.721630859375
Workflow reversal,Window 8,Discover once,930000,39,0.4,6,True,True,0.5867972819010416,0.0,0.015,0.01820271809895833,0.0012032063802083334,338.8541666666667,0.020833333333333332,0.7217919921875
Workflow reversal,Window 8,Discover once,930000,40,0.4,6,True,True,0.576796162923177,0.0,0.024999999999999998,0.018203837076822917,0.0012043253580729166,338.875,0.020833333333333332,0.7217919921875
Workflow reversal,Window 8,Discover once,930000,41,0.4,6,True,True,0.5816630045572917,0.0,0.02,0.018336995442708334,0.0012032063802083334,341.3541666666667,0.020833333333333332,0.721630859375
Workflow reversal,Window 8,Discover once,930000,42,0.4,6,True,True,0.5817972819010416,0.0,0.02,0.01820271809895833,0.0012032063802083334,338.8541666666667,0.020833333333333332,0.7217919921875
Workflow reversal,Window 8,Discover once,930000,43,0.4,6,True,True,0.5768017578125,0.0,0.024999999999999998,0.0181982421875,0.00119873046875,338.7708333333333,0.020833333333333332,0.7217919921875
Workflow reversal,Window 8,Discover once,930000,44,0.4,6,True,True,0.5768006388346354,0.0,0.024999999999999998,0.018199361165364584,0.0011998494466145834,338.7916666666667,0.020833333333333332,0.7217919921875
Workflow reversal,Window 8,Discover once,930000,45,0.4,6,True,True,0.5842984008789062,0.0,0.017499999999999998,0.01820159912109375,0.00120208740234375,338.8333333333333,0.020833333333333332,0.7217919921875
Workflow reversal,Window 8,Discover once,930000,46,0.4,6,True,True,0.5767995198567708,0.0,0.024999999999999998,0.018200480143229166,0.0012009684244791666,338.8125,0.020833333333333332,0.7217919921875
Workflow reversal,Window 8,Discover once,930000,47,0.4,6,True,True,0.5766641235351563,0.0,0.024999999999999998,0.01833587646484375,0.00120208740234375,341.3333333333333,0.020833333333333332,0.721630859375
Workflow reversal,Window 8,Discover once,930000,48,0.4,6,True,True,0.576796162923177,0.0,0.024999999999999998,0.018203837076822917,0.0012043253580729166,338.875,0.020833333333333332,0.7217919921875
Workflow reversal,Window 8,Discover once,930000,49,0.4,6,True,True,0.5816630045572917,0.0,0.02,0.018336995442708334,0.0012032063802083334,341.3541666666667,0.020833333333333332,0.721630859375
Workflow reversal,Window 8,Discover once,930000,50,0.4,6,True,True,0.5617987060546875,0.0,0.04,0.0182012939453125,0.0012017822265625,338.875,0.0,0.7217919921875
Workflow reversal,Window 8,Discover once,930000,51,0.4,6,True,True,0.5793009440104167,0.0,0.022500000000000003,0.018199055989583334,0.0011995442708333333,338.8333333333333,0.0,0.7217919921875
Workflow reversal,Window 8,Discover once,930000,52,0.4,6,True,True,0.5768028767903646,0.0,0.024999999999999998,0.018197123209635416,0.0011976114908854166,338.75,0.020833333333333332,0.7217919921875
Workflow reversal,Window 8,Discover once,930000,53,0.4,6,True,True,0.5718028767903646,0.0,0.03,0.018197123209635416,0.0011976114908854166,338.75,0.020833333333333332,0.7217919921875
Workflow reversal,Window 8,Discover once,930000,54,0.4,6,True,True,0.5816641235351563,0.0,0.02,0.01833587646484375,0.00120208740234375,341.3333333333333,0.020833333333333332,0.721630859375
Workflow reversal,Window 8,Discover once,930000,55,0.4,6,True,True,0.5816630045572917,0.0,0.02,0.018336995442708334,0.0012032063802083334,341.3541666666667,0.020833333333333332,0.721630859375
Workflow reversal,Window 8,Discover once,930000,56,0.4,6,True,True,0.5717950439453124,0.0,0.03,0.0182049560546875,0.0012054443359375,338.8958333333333,0.020833333333333332,0.7217919921875
Workflow reversal,Window 8,Discover once,930000,57,0.4,6,True,True,0.5816652425130209,0.0,0.02,0.01833475748697917,0.0012009684244791666,341.3125,0.020833333333333332,0.721630859375
Workflow reversal,Window 8,Discover once,930000,58,0.4,6,True,True,0.5792961629231771,0.0,0.022500000000000003,0.018203837076822917,0.0012043253580729166,338.875,0.020833333333333332,0.7217919921875
Workflow reversal,Window 8,Discover once,930000,59,0.4,6,True,True,0.5792928059895833,0.0,0.022500000000000003,0.018207194010416667,0.0012076822916666666,338.9375,0.020833333333333332,0.7217919921875
Workflow reversal,Window 8,Discover once,930000,60,0.4,6,True,True,0.5766630045572917,0.0,0.024999999999999998,0.018336995442708334,0.0012032063802083334,341.3541666666667,0.020833333333333332,0.721630859375
Workflow reversal,Window 8,Discover once,930000,61,0.4,6,True,True,0.5818006388346354,0.0,0.02,0.018199361165364584,0.0011998494466145834,338.7916666666667,0.020833333333333332,0.7217919921875
Workflow reversal,Window 8,Discover once,930000,62,0.4,6,True,True,0.5767984008789062,0.0,0.024999999999999998,0.01820159912109375,0.00120208740234375,338.8333333333333,0.020833333333333332,0.7217919921875
Workflow reversal,Window 8,Discover once,930000,63,0.4,6,True,True,0.5668031819661459,0.0,0.034999999999999996,0.018196818033854166,0.0011973063151041667,338.7916666666667,0.0,0.7217919921875
Workflow reversal,Window 8,Discover once,930000,64,0.4,6,True,True,0.5818020629882813,0.0,0.02,0.01819793701171875,0.00119842529296875,338.8125,0.0,0.7217919921875
Workflow reversal,Window 8,Discover once,930000,65,0.4,6,True,True,0.5766641235351563,0.0,0.024999999999999998,0.01833587646484375,0.00120208740234375,341.3333333333333,0.020833333333333332,0.721630859375
Workflow reversal,Window 8,Discover once,930000,66,0.4,6,True,True,0.5817995198567708,0.0,0.02,0.018200480143229166,0.0012009684244791666,338.8125,0.020833333333333332,0.7217919921875
Workflow reversal,Window 8,Discover once,930000,67,0.4,6,True,True,0.5668009440104167,0.0,0.034999999999999996,0.018199055989583334,0.0011995442708333333,338.8333333333333,0.0,0.7217919921875
Workflow reversal,Window 8,Discover once,930000,68,0.4,6,True,True,0.5817972819010416,0.0,0.02,0.01820271809895833,0.0012032063802083334,338.8541666666667,0.020833333333333332,0.7217919921875
Workflow reversal,Window 8,Discover once,930000,69,0.4,6,True,True,0.5767984008789062,0.0,0.024999999999999998,0.01820159912109375,0.00120208740234375,338.8333333333333,0.020833333333333332,0.7217919921875
Workflow reversal,Window 8,Discover once,930000,70,0.4,6,True,True,0.5768006388346354,0.0,0.024999999999999998,0.018199361165364584,0.0011998494466145834,338.7916666666667,0.020833333333333332,0.7217919921875
Workflow reversal,Window 8,Discover once,930000,71,0.4,6,True,True,0.5816618855794271,0.0,0.02,0.018338114420572916,0.0012043253580729166,341.375,0.020833333333333332,0.721630859375
Workflow reversal,Window 8,Discover once,930000,72,0.4,6,True,True,0.5816596476236979,0.0,0.02,0.018340352376302087,0.0012065633138020834,341.4166666666667,0.020833333333333332,0.721630859375
Workflow reversal,Window 8,Discover once,930000,73,0.4,6,True,True,0.57666748046875,0.0,0.024999999999999998,0.018332519531250004,0.00119873046875,341.2708333333333,0.020833333333333332,0.721630859375
Workflow reversal,Window 8,Discover once,930000,74,0.4,6,True,True,0.5817950439453125,0.0,0.02,0.0182049560546875,0.00120208740234375,338.8958333333333,0.020833333333333332,0.7217785644531249
Workflow reversal,Window 8,Discover once,930000,75,0.4,6,True,True,0.5766663614908855,0.0,0.024999999999999998,0.018333638509114583,0.0011998494466145834,341.2916666666667,0.020833333333333332,0.721630859375
Workflow reversal,Window 8,Discover once,930000,76,0.4,6,True,True,0.5766663614908855,0.0,0.024999999999999998,0.018333638509114583,0.0011998494466145834,341.2916666666667,0.020833333333333332,0.721630859375
Workflow reversal,Window 8,Discover once,930000,77,0.4,6,True,True,0.5742987060546875,0.0,0.027500000000000007,0.0182012939453125,0.0012017822265625,338.875,0.0,0.7217919921875
Workflow reversal,Window 8,Discover once,930000,78,0.4,6,True,True,0.5766585286458333,0.0,0.024999999999999998,0.018341471354166666,0.0012076822916666666,341.4375,0.020833333333333332,0.721630859375
Workflow reversal,Window 8,Discover once,930000,79,0.4,6,True,True,0.5666630045572917,0.0,0.035,0.018336995442708334,0.0012032063802083334,341.3541666666667,0.020833333333333332,0.721630859375
Workflow reversal,Window 8,Discover once,930000,80,0.4,6,True,True,0.576796162923177,0.0,0.024999999999999998,0.018203837076822917,0.0012032063802083334,338.875,0.020833333333333332,0.7217919921875
Workflow reversal,Window 8,Discover once,930000,81,0.4,6,True,True,0.5617939249674478,0.0,0.04,0.018206075032552085,0.0012065633138020834,338.9166666666667,0.020833333333333332,0.7217919921875
Workflow reversal,Window 8,Discover once,930000,82,0.4,6,True,True,0.5766663614908855,0.0,0.024999999999999998,0.018333638509114583,0.0011998494466145834,341.2916666666667,0.020833333333333332,0.721630859375
Workflow reversal,Window 8,Discover once,930000,83,0.4,6,True,True,0.5817995198567708,0.0,0.02,0.018200480143229166,0.0012009684244791666,338.8125,0.020833333333333332,0.7217919921875
Workflow reversal,Window 8,Discover once,930000,84,0.4,6,True,True,0.5716630045572917,0.0,0.03,0.018336995442708334,0.0012032063802083334,341.3541666666667,0.020833333333333332,0.721630859375
Workflow reversal,Window 8,Discover once,930000,85,0.4,6,True,True,0.5768006388346354,0.0,0.024999999999999998,0.018199361165364584,0.0011998494466145834,338.7916666666667,0.020833333333333332,0.7217919921875
Workflow reversal,Window 8,Discover once,930000,86,0.4,6,True,True,0.5791697184244792,0.0,0.022500000000000003,0.018330281575520833,0.0011964925130208335,341.2291666666667,0.020833333333333332,0.721630859375
Workflow reversal,Window 8,Discover once,930000,87,0.4,6,True,True,0.5768017578125,0.0,0.024999999999999998,0.0181982421875,0.0011976114908854166,338.7708333333333,0.020833333333333332,0.7217919921875
Workflow reversal,Window 8,Discover once,930000,88,0.4,6,True,True,0.5867972819010416,0.0,0.015,0.01820271809895833,0.0012032063802083334,338.8541666666667,0.020833333333333332,0.7217919921875
Workflow reversal,Window 8,Discover once,930000,89,0.4,6,True,True,0.5767995198567708,0.0,0.024999999999999998,0.018200480143229166,0.0012009684244791666,338.8125,0.020833333333333332,0.7217919921875
Workflow reversal,Window 8,Discover once,930000,90,0.4,6,True,True,0.5767975870768228,0.0,0.024999999999999998,0.01820241292317708,0.0012029012044270833,338.8958333333333,0.0,0.7217919921875
Workflow reversal,Window 8,Discover once,930000,91,0.4,6,True,True,0.5767995198567708,0.0,0.024999999999999998,0.018200480143229166,0.0012009684244791666,338.8125,0.020833333333333332,0.7217919921875
Workflow reversal,Window 8,Discover once,930000,92,0.4,6,True,True,0.5766618855794271,0.0,0.024999999999999998,0.018338114420572916,0.0012043253580729166,341.375,0.020833333333333332,0.721630859375
Workflow reversal,Window 8,Discover once,930000,93,0.4,6,True,True,0.5816596476236979,0.0,0.02,0.018340352376302087,0.0012065633138020834,341.4166666666667,0.020833333333333332,0.721630859375
Workflow reversal,Window 8,Discover once,930000,94,0.4,6,True,True,0.5818006388346354,0.0,0.02,0.018199361165364584,0.0011998494466145834,338.7916666666667,0.020833333333333332,0.7217919921875
Workflow reversal,Window 8,Discover once,930000,95,0.4,6,True,True,0.5791641235351562,0.0,0.022500000000000003,0.01833587646484375,0.00120208740234375,341.3333333333333,0.020833333333333332,0.721630859375
Workflow reversal,Window 8,Repeated discovery,930000,0,0.4,6,True,True,0.5968951416015625,0.0,0.005,0.018104858398437503,0.007147827148437501,336.9375,0.0625,0.721912841796875
Workflow reversal,Window 8,Repeated discovery,930000,1,0.4,6,True,True,0.571890360514323,0.0,0.03,0.018109639485677082,0.007152608235677084,336.9791666666667,0.08333333333333333,0.7218975830078125
Workflow reversal,Window 8,Repeated discovery,930000,2,0.4,6,True,True,0.5969016520182292,0.0,0.005,0.018098347981770832,0.007141316731770834,336.9583333333333,0.0,0.721912841796875
Workflow reversal,Window 8,Repeated discovery,930000,3,0.4,6,True,True,0.5868984985351563,0.0,0.015,0.01810150146484375,0.00714447021484375,336.875,0.0625,0.721912841796875
Workflow reversal,Window 8,Repeated discovery,930000,4,0.4,6,True,True,0.596894022623698,0.0,0.005,0.018105977376302082,0.007148946126302084,336.9583333333333,0.0625,0.721912841796875
Workflow reversal,Window 8,Repeated discovery,930000,5,0.4,6,True,True,0.5968906656901042,0.0,0.005,0.018109334309895836,0.0071523030598958336,337.0208333333333,0.0625,0.721912841796875
Workflow reversal,Window 8,Repeated discovery,930000,6,0.4,6,True,True,0.581890360514323,0.0,0.02,0.018109639485677082,0.007152608235677084,336.9791666666667,0.08333333333333333,0.7218975830078125
Workflow reversal,Window 8,Repeated discovery,930000,7,0.4,6,True,True,0.5968903605143229,0.0,0.005,0.018109639485677082,0.007152608235677084,336.9791666666667,0.08333333333333333,0.7218975830078125
Workflow reversal,Window 8,Repeated discovery,930000,8,0.4,6,True,True,0.5768881225585938,0.0,0.024999999999999998,0.018111877441406254,0.0071548461914062505,337.0208333333333,0.08333333333333333,0.721912841796875
Workflow reversal,Window 8,Repeated discovery,930000,9,0.4,6,True,True,0.5968965657552083,0.0,0.005,0.018103434244791664,0.007146402994791668,336.9583333333333,0.041666666666666664,0.721912841796875
Workflow reversal,Window 8,Repeated discovery,930000,10,0.4,6,True,True,0.5668906656901042,0.0,0.034999999999999996,0.018109334309895836,0.0071523030598958336,337.0208333333333,0.0625,0.7218975830078125
Workflow reversal,Window 8,Repeated discovery,930000,11,0.4,6,True,True,0.5768917846679688,0.0,0.024999999999999998,0.01810821533203125,0.007151184082031251,337.0,0.0625,0.7218975830078125
Workflow reversal,Window 8,Repeated discovery,930000,12,0.4,6,True,True,0.5668991088867187,0.0,0.034999999999999996,0.01810089111328125,0.007143859863281251,336.9583333333333,0.020833333333333332,0.721912841796875
Workflow reversal,Window 8,Repeated discovery,930000,13,0.4,6,True,True,0.596894022623698,0.0,0.005,0.018105977376302082,0.007148946126302084,336.9583333333333,0.0625,0.721912841796875
Workflow reversal,Window 8,Repeated discovery,930000,14,0.4,6,True,True,0.5918917846679688,0.0,0.01,0.01810821533203125,0.007151184082031251,337.0,0.0625,0.7218975830078125
Workflow reversal,Window 8,Repeated discovery,930000,15,0.4,6,True,True,0.5768954467773438,0.0,0.024999999999999998,0.01810455322265625,0.007147521972656251,336.9791666666667,0.041666666666666664,0.721912841796875
Workflow reversal,Window 8,Repeated discovery,930000,16,0.4,6,True,True,0.5968937174479166,0.0,0.005,0.018106282552083335,0.007149251302083334,336.9166666666667,0.08333333333333333,0.7218975830078125
Workflow reversal,Window 8,Repeated discovery,930000,17,0.4,6,True,True,0.5968903605143229,0.0,0.005,0.018109639485677082,0.007152608235677084,336.9791666666667,0.08333333333333333,0.7218975830078125
Workflow reversal,Window 8,Repeated discovery,930000,18,0.4,6,True,True,0.5918962605794271,0.0,0.01,0.018103739420572917,0.007146708170572918,336.9166666666667,0.0625,0.7218975830078125
Workflow reversal,Window 8,Repeated discovery,930000,19,0.4,6,True,True,0.549392598470052,0.0,0.0525,0.018107401529947918,0.007150370279947918,336.9375,0.08333333333333333,0.7218975830078125
Workflow reversal,Window 8,Repeated discovery,930000,20,0.4,6,True,True,0.5768940226236979,0.0,0.024999999999999998,0.018105977376302082,0.007148946126302084,336.9583333333333,0.0625,0.7218975830078125
Workflow reversal,Window 8,Repeated discovery,930000,21,0.4,6,True,True,0.5768917846679688,0.0,0.024999999999999998,0.01810821533203125,0.007151184082031251,337.0,0.0625,0.7218975830078125
Workflow reversal,Window 8,Repeated discovery,930000,22,0.4,6,True,True,0.5868979899088541,0.0,0.015,0.018102010091145832,0.007144978841145834,336.9791666666667,0.020833333333333332,0.721912841796875
Workflow reversal,Window 8,Repeated discovery,930000,23,0.4,6,True,True,0.5818917846679688,0.0,0.02,0.01810821533203125,0.007151184082031251,337.0,0.0625,0.7218975830078125
Workflow reversal,Window 8,Repeated discovery,930000,24,0.4,6,True,True,0.5818991088867187,0.0,0.02,0.01810089111328125,0.007143859863281251,336.9583333333333,0.020833333333333332,0.721912841796875
Workflow reversal,Window 8,Repeated discovery,930000,25,0.4,6,True,True,0.5818932088216145,0.0,0.02,0.018106791178385418,0.007149759928385417,337.0208333333333,0.041666666666666664,0.7218975830078125
Workflow reversal,Window 8,Repeated discovery,930000,26,0.4,6,True,True,0.57189208984375,0.0,0.03,0.01810791015625,0.007150878906250001,337.0416666666667,0.041666666666666664,0.721912841796875
Workflow reversal,Window 8,Repeated discovery,930000,27,0.4,6,True,True,0.5868940226236979,0.0,0.015,0.018105977376302082,0.007148946126302084,336.9583333333333,0.0625,0.7218975830078125
Workflow reversal,Window 8,Repeated discovery,930000,28,0.4,6,True,True,0.589397684733073,0.0,0.012499999999999999,0.018102315266927085,0.007145284016927084,336.9375,0.041666666666666664,0.7218975830078125
Workflow reversal,Window 8,Repeated discovery,930000,29,0.4,6,True,True,0.5743906656901041,0.0,0.0275,0.018109334309895836,0.0071523030598958336,337.0208333333333,0.0625,0.721912841796875
Workflow reversal,Window 8,Repeated discovery,930000,30,0.4,6,True,True,0.586892598470052,0.0,0.015,0.018107401529947918,0.007150370279947918,336.9375,0.08333333333333333,0.7218975830078125
Workflow reversal,Window 8,Repeated discovery,930000,31,0.4,6,True,True,0.5818973795572916,0.0,0.02,0.01810262044270833,0.007145589192708334,336.8958333333333,0.0625,0.721912841796875
Workflow reversal,Window 8,Repeated discovery,930000,32,0.4,6,True,True,0.5918976847330729,0.0,0.01,0.018102315266927085,0.007145284016927084,336.9375,0.041666666666666664,0.721912841796875
Workflow reversal,Window 8,Repeated discovery,930000,33,0.4,6,True,True,0.5968929036458334,0.0,0.005,0.018107096354166668,0.007150065104166668,336.9791666666667,0.0625,0.721912841796875
Workflow reversal,Window 8,Repeated discovery,930000,34,0.4,6,True,True,0.5968917846679688,0.0,0.005,0.01810821533203125,0.007151184082031251,337.0,0.0625,0.721912841796875
Workflow reversal,Window 8,Repeated discovery,930000,35,0.4,6,True,True,0.5868951416015625,0.0,0.015,0.018104858398437503,0.007147827148437501,336.9375,0.0625,0.7218975830078125
Workflow reversal,Window 8,Repeated discovery,930000,36,0.4,6,True,True,0.5968976847330729,0.0,0.005,0.018102315266927085,0.007145284016927084,336.9375,0.041666666666666664,0.721912841796875
Workflow reversal,Window 8,Repeated discovery,930000,37,0.4,6,True,True,0.5718895467122396,0.0,0.03,0.018110453287760415,0.007153422037760417,337.0416666666667,0.0625,0.7218975830078125
Workflow reversal,Window 8,Repeated discovery,930000,38,0.4,6,True,True,0.5968917846679688,0.0,0.005,0.01810821533203125,0.007151184082031251,337.0,0.0625,0.721912841796875
Workflow reversal,Window 8,Repeated discovery,930000,39,0.4,6,True,True,0.571890360514323,0.0,0.03,0.018109639485677082,0.007152608235677084,336.9791666666667,0.08333333333333333,0.7218975830078125
Workflow reversal,Window 8,Repeated discovery,930000,40,0.4,6,True,True,0.5868892415364583,0.0,0.015,0.018110758463541668,0.007153727213541668,337.0,0.08333333333333333,0.721912841796875
Workflow reversal,Window 8,Repeated discovery,930000,41,0.4,6,True,True,0.5968929036458334,0.0,0.005,0.018107096354166668,0.007150065104166668,336.9791666666667,0.0625,0.721912841796875
Workflow reversal,Window 8,Repeated discovery,930000,42,0.4,6,True,True,0.591890360514323,0.0,0.01,0.018109639485677082,0.007152608235677084,336.9791666666667,0.08333333333333333,0.7218975830078125
Workflow reversal,Window 8,Repeated discovery,930000,43,0.4,6,True,True,0.5668999226888021,0.0,0.034999999999999996,0.018100077311197917,0.0071430460611979175,336.8958333333333,0.041666666666666664,0.721912841796875
Workflow reversal,Window 8,Repeated discovery,930000,44,0.4,6,True,True,0.581896260579427,0.0,0.02,0.018103739420572917,0.007146708170572918,336.9166666666667,0.0625,0.7218975830078125
Workflow reversal,Window 8,Repeated discovery,930000,45,0.4,6,True,True,0.5918932088216146,0.0,0.01,0.018106791178385418,0.007149759928385417,337.0208333333333,0.041666666666666664,0.721912841796875
Workflow reversal,Window 8,Repeated discovery,930000,46,0.4,6,True,True,0.5718951416015625,0.0,0.03,0.018104858398437503,0.007147827148437501,336.9375,0.0625,0.721912841796875
Workflow reversal,Window 8,Repeated discovery,930000,47,0.4,6,True,True,0.5843991088867188,0.0,0.017499999999999998,0.01810089111328125,0.007143859863281251,336.9583333333333,0.020833333333333332,0.721912841796875
Workflow reversal,Window 8,Repeated discovery,930000,48,0.4,6,True,True,0.5968892415364583,0.0,0.005,0.018110758463541668,0.007153727213541668,337.0,0.08333333333333333,0.7218975830078125
Workflow reversal,Window 8,Repeated discovery,930000,49,0.4,6,True,True,0.601890360514323,0.0,0.0,0.018109639485677082,0.007152608235677084,336.9791666666667,0.08333333333333333,0.7218975830078125
Workflow reversal,Window 8,Repeated discovery,930000,50,0.4,6,True,True,0.5768917846679688,0.0,0.024999999999999998,0.01810821533203125,0.007151184082031251,337.0,0.0625,0.721912841796875
Workflow reversal,Window 8,Repeated discovery,930000,51,0.4,6,True,True,0.5968965657552083,0.0,0.005,0.018103434244791664,0.007146402994791668,336.9583333333333,0.041666666666666664,0.7218975830078125
Workflow reversal,Window 8,Repeated discovery,930000,52,0.4,6,True,True,0.5868984985351563,0.0,0.015,0.01810150146484375,0.00714447021484375,336.875,0.0625,0.7218975830078125
Workflow reversal,Window 8,Repeated discovery,930000,53,0.4,6,True,True,0.5968984985351563,0.0,0.005,0.01810150146484375,0.00714447021484375,336.875,0.0625,0.721912841796875
Workflow reversal,Window 8,Repeated discovery,930000,54,0.4,6,True,True,0.5968914794921875,0.0,0.005,0.0181085205078125,0.007151489257812501,336.9583333333333,0.08333333333333333,0.7218975830078125
Workflow reversal,Window 8,Repeated discovery,930000,55,0.4,6,True,True,0.5943929036458333,0.0,0.0075,0.018107096354166668,0.007150065104166668,336.9791666666667,0.0625,0.721912841796875
Workflow reversal,Window 8,Repeated discovery,930000,56,0.4,6,True,True,0.5768855794270833,0.0,0.024999999999999998,0.018114420572916668,0.007157389322916667,337.0208333333333,0.10416666666666667,0.7218975830078125
Workflow reversal,Window 8,Repeated discovery,930000,57,0.4,6,True,True,0.5818951416015624,0.0,0.02,0.018104858398437503,0.007147827148437501,336.9375,0.0625,0.721912841796875
Workflow reversal,Window 8,Repeated discovery,930000,58,0.4,6,True,True,0.5943917846679687,0.0,0.0075,0.01810821533203125,0.007151184082031251,337.0,0.0625,0.721912841796875
Workflow reversal,Window 8,Repeated discovery,930000,59,0.4,6,True,True,0.5943909708658854,0.0,0.0075,0.018109029134114583,0.007151997884114584,337.0625,0.041666666666666664,0.721912841796875
Workflow reversal,Window 8,Repeated discovery,930000,60,0.4,6,True,True,0.5968954467773437,0.0,0.005,0.01810455322265625,0.007147521972656251,336.9791666666667,0.041666666666666664,0.721912841796875
Workflow reversal,Window 8,Repeated discovery,930000,61,0.4,6,True,True,0.5968962605794271,0.0,0.005,0.018103739420572917,0.007146708170572918,336.9166666666667,0.0625,0.721912841796875
Workflow reversal,Window 8,Repeated discovery,930000,62,0.4,6,True,True,0.5918965657552083,0.0,0.01,0.018103434244791664,0.007146402994791668,336.9583333333333,0.041666666666666664,0.7218975830078125
Workflow reversal,Window 8,Repeated discovery,930000,63,0.4,6,True,True,0.5718988037109375,0.0,0.03,0.0181011962890625,0.007144165039062501,336.9166666666667,0.041666666666666664,0.721912841796875
Workflow reversal,Window 8,Repeated discovery,930000,64,0.4,6,True,True,0.5818976847330729,0.0,0.02,0.018102315266927085,0.007145284016927084,336.9375,0.041666666666666664,0.721912841796875
Workflow reversal,Window 8,Repeated discovery,930000,65,0.4,6,True,True,0.5868991088867187,0.0,0.015,0.01810089111328125,0.007143859863281251,336.9583333333333,0.020833333333333332,0.721912841796875
Workflow reversal,Window 8,Repeated discovery,930000,66,0.4,6,True,True,0.5718951416015625,0.0,0.03,0.018104858398437503,0.007147827148437501,336.9375,0.0625,0.7218975830078125
Workflow reversal,Window 8,Repeated discovery,930000,67,0.4,6,True,True,0.5768940226236979,0.0,0.024999999999999998,0.018105977376302082,0.007148946126302084,336.9583333333333,0.0625,0.7218975830078125
Workflow reversal,Window 8,Repeated discovery,930000,68,0.4,6,True,True,0.5818929036458333,0.0,0.02,0.018107096354166668,0.007150065104166668,336.9791666666667,0.0625,0.721912841796875
Workflow reversal,Window 8,Repeated discovery,930000,69,0.4,6,True,True,0.5768991088867187,0.0,0.024999999999999998,0.01810089111328125,0.007143859863281251,336.9583333333333,0.020833333333333332,0.721912841796875
Workflow reversal,Window 8,Repeated discovery,930000,70,0.4,6,True,True,0.6018937174479166,0.0,0.0,0.018106282552083335,0.007149251302083334,336.9166666666667,0.08333333333333333,0.721912841796875
Workflow reversal,Window 8,Repeated discovery,930000,71,0.4,6,True,True,0.5968917846679688,0.0,0.005,0.01810821533203125,0.007151184082031251,337.0,0.0625,0.721912841796875
Workflow reversal,Window 8,Repeated discovery,930000,72,0.4,6,True,True,0.6018895467122396,0.0,0.0,0.018110453287760415,0.007153422037760417,337.0416666666667,0.0625,0.721912841796875
Workflow reversal,Window 8,Repeated discovery,930000,73,0.4,6,True,True,0.5968973795572917,0.0,0.005,0.01810262044270833,0.007145589192708334,336.8958333333333,0.0625,0.721912841796875
Workflow reversal,Window 8,Repeated discovery,930000,74,0.4,6,True,True,0.5918914794921876,0.0,0.01,0.0181085205078125,0.007151489257812501,336.9583333333333,0.08333333333333333,0.7218975830078125
Workflow reversal,Window 8,Repeated discovery,930000,75,0.4,6,True,True,0.5818988037109375,0.0,0.02,0.0181011962890625,0.007144165039062501,336.9166666666667,0.041666666666666664,0.721912841796875
Workflow reversal,Window 8,Repeated discovery,930000,76,0.4,6,True,True,0.5918962605794271,0.0,0.01,0.018103739420572917,0.007146708170572918,336.9166666666667,0.0625,0.7218975830078125
Workflow reversal,Window 8,Repeated discovery,930000,77,0.4,6,True,True,0.5693943277994792,0.0,0.0325,0.018105672200520836,0.007148640950520834,337.0,0.041666666666666664,0.721912841796875
Workflow reversal,Window 8,Repeated discovery,930000,78,0.4,6,True,True,0.5868909708658854,0.0,0.015,0.018109029134114583,0.007151997884114584,337.0625,0.041666666666666664,0.721912841796875
Workflow reversal,Window 8,Repeated discovery,930000,79,0.4,6,True,True,0.5768929036458333,0.0,0.024999999999999998,0.018107096354166668,0.007150065104166668,336.9791666666667,0.0625,0.7218975830078125
Workflow reversal,Window 8,Repeated discovery,930000,80,0.4,6,True,True,0.5768954467773438,0.0,0.024999999999999998,0.01810455322265625,0.007147521972656251,336.9791666666667,0.041666666666666664,0.721912841796875
Workflow reversal,Window 8,Repeated discovery,930000,81,0.4,6,True,True,0.5618920898437499,0.0,0.04,0.01810791015625,0.007150878906250001,337.0416666666667,0.041666666666666664,0.721912841796875
Workflow reversal,Window 8,Repeated discovery,930000,82,0.4,6,True,True,0.5868962605794271,0.0,0.015,0.018103739420572917,0.007146708170572918,336.9166666666667,0.0625,0.721912841796875
Workflow reversal,Window 8,Repeated discovery,930000,83,0.4,6,True,True,0.5918976847330729,0.0,0.01,0.018102315266927085,0.007145284016927084,336.9375,0.041666666666666664,0.721912841796875
Workflow reversal,Window 8,Repeated discovery,930000,84,0.4,6,True,True,0.5768954467773438,0.0,0.024999999999999998,0.01810455322265625,0.007147521972656251,336.9791666666667,0.041666666666666664,0.7218975830078125
Workflow reversal,Window 8,Repeated discovery,930000,85,0.4,6,True,True,0.5768962605794271,0.0,0.024999999999999998,0.018103739420572917,0.007146708170572918,336.9166666666667,0.0625,0.7218975830078125
Workflow reversal,Window 8,Repeated discovery,930000,86,0.4,6,True,True,0.5793970743815104,0.0,0.022500000000000003,0.018102925618489585,0.007145894368489583,336.8541666666667,0.08333333333333333,0.7218975830078125
Workflow reversal,Window 8,Repeated discovery,930000,87,0.4,6,True,True,0.5819010416666667,0.0,0.02,0.01809895833333333,0.0071419270833333335,336.875,0.041666666666666664,0.721912841796875
Workflow reversal,Window 8,Repeated discovery,930000,88,0.4,6,True,True,0.5868903605143229,0.0,0.015,0.018109639485677082,0.007152608235677084,336.9791666666667,0.08333333333333333,0.7218975830078125
Workflow reversal,Window 8,Repeated discovery,930000,89,0.4,6,True,True,0.5968951416015625,0.0,0.005,0.018104858398437503,0.007147827148437501,336.9375,0.0625,0.7218975830078125
Workflow reversal,Window 8,Repeated discovery,930000,90,0.4,6,True,True,0.5968932088216147,0.0,0.005,0.018106791178385418,0.007149759928385417,337.0208333333333,0.041666666666666664,0.721912841796875
Workflow reversal,Window 8,Repeated discovery,930000,91,0.4,6,True,True,0.566892598470052,0.0,0.034999999999999996,0.018107401529947918,0.007150370279947918,336.9375,0.08333333333333333,0.721912841796875
Workflow reversal,Window 8,Repeated discovery,930000,92,0.4,6,True,True,0.5618892415364583,0.0,0.04,0.018110758463541668,0.007153727213541668,337.0,0.08333333333333333,0.721912841796875
Workflow reversal,Window 8,Repeated discovery,930000,93,0.4,6,True,True,0.58689208984375,0.0,0.015,0.01810791015625,0.007150878906250001,337.0416666666667,0.041666666666666664,0.721912841796875
Workflow reversal,Window 8,Repeated discovery,930000,94,0.4,6,True,True,0.5718988037109375,0.0,0.03,0.0181011962890625,0.007144165039062501,336.9166666666667,0.041666666666666664,0.721912841796875
Workflow reversal,Window 8,Repeated discovery,930000,95,0.4,6,True,True,0.5793991088867188,0.0,0.022500000000000003,0.01810089111328125,0.007143859863281251,336.9583333333333,0.020833333333333332,0.721912841796875
Workflow reversal,Window 8,Discover once,930000,0,0.6,1,True,True,0.5868129475911458,0.0,0.015,0.018187052408854164,0.0018309529622395834,338.5625,0.020833333333333332,0.7217919921875
Workflow reversal,Window 8,Discover once,930000,1,0.6,1,True,True,0.5766786702473959,0.0,0.024999999999999998,0.018321329752604167,0.0018320719401041666,341.0625,0.020833333333333332,0.721630859375
Workflow reversal,Window 8,Discover once,930000,2,0.6,1,True,True,0.5818151855468751,0.0,0.02,0.018184814453125,0.001829833984375,338.5208333333333,0.020833333333333332,0.7217919921875
Workflow reversal,Window 8,Discover once,930000,3,0.6,1,True,True,0.5817894490559895,0.0,0.02,0.018210550944010417,0.0018287150065104168,339.0,0.020833333333333332,0.7217919921875
Workflow reversal,Window 8,Discover once,930000,4,0.6,1,True,True,0.5718129475911459,0.0,0.03,0.018187052408854164,0.0018320719401041666,338.5625,0.020833333333333332,0.7217919921875
Workflow reversal,Window 8,Discover once,930000,5,0.6,1,True,True,0.5666797892252604,0.0,0.034999999999999996,0.018320210774739585,0.0018309529622395834,341.0416666666667,0.020833333333333332,0.721630859375
Workflow reversal,Window 8,Discover once,930000,6,0.6,1,True,True,0.5766797892252605,0.0,0.024999999999999998,0.018320210774739585,0.0018309529622395834,341.0416666666667,0.020833333333333332,0.721630859375
Workflow reversal,Window 8,Discover once,930000,7,0.6,1,True,True,0.5868140665690104,0.0,0.015,0.018185933430989582,0.0018309529622395834,338.5416666666667,0.020833333333333332,0.7217919921875
Workflow reversal,Window 8,Discover once,930000,8,0.6,1,True,True,0.5868177286783854,0.0,0.015,0.018182271321614582,0.0018272908528645833,338.5208333333333,0.0,0.7217919921875
Workflow reversal,Window 8,Discover once,930000,9,0.6,1,True,True,0.5643166097005209,0.0,0.0375,0.018183390299479168,0.0018284098307291667,338.5416666666667,0.0,0.7217919921875
Workflow reversal,Window 8,Discover once,930000,10,0.6,1,True,True,0.5543166097005208,0.0,0.04750000000000001,0.018183390299479168,0.0018284098307291667,338.5416666666667,0.0,0.7217919921875
Workflow reversal,Window 8,Discover once,930000,11,0.6,1,True,True,0.571680908203125,0.0,0.03,0.018319091796875003,0.001829833984375,341.0208333333333,0.020833333333333332,0.721630859375
Workflow reversal,Window 8,Discover once,930000,12,0.6,1,True,True,0.5518177286783854,0.0,0.05000000000000001,0.018182271321614582,0.0018272908528645833,338.5208333333333,0.0,0.7217919921875
Workflow reversal,Window 8,Discover once,930000,13,0.6,1,True,True,0.5868140665690104,0.0,0.015,0.018185933430989582,0.0018309529622395834,338.5416666666667,0.020833333333333332,0.7217919921875
Workflow reversal,Window 8,Discover once,930000,14,0.6,1,True,True,0.5817894490559895,0.0,0.02,0.018210550944010417,0.0018287150065104168,339.0,0.020833333333333332,0.7217919921875
Workflow reversal,Window 8,Discover once,930000,15,0.6,1,True,True,0.5618166097005208,0.0,0.04,0.018183390299479168,0.0018284098307291667,338.5416666666667,0.0,0.7217919921875
Workflow reversal,Window 8,Discover once,930000,16,0.6,1,True,True,0.5743177286783854,0.0,0.027500000000000007,0.018182271321614582,0.0018272908528645833,338.5208333333333,0.0,0.7217919921875
Workflow reversal,Window 8,Discover once,930000,17,0.6,1,True,True,0.5593154907226562,0.0,0.0425,0.018184509277343747,0.0018295288085937499,338.5625,0.0,0.7217919921875
Workflow reversal,Window 8,Discover once,930000,18,0.6,1,True,True,0.5843140665690104,0.0,0.017499999999999998,0.018185933430989582,0.0018309529622395834,338.5416666666667,0.020833333333333332,0.7217919921875
Workflow reversal,Window 8,Discover once,930000,19,0.6,1,True,True,0.5766786702473959,0.0,0.024999999999999998,0.018321329752604167,0.0018320719401041666,341.0625,0.020833333333333332,0.721630859375
Workflow reversal,Window 8,Discover once,930000,20,0.6,1,True,True,0.571680908203125,0.0,0.03,0.018319091796875003,0.001829833984375,341.0208333333333,0.020833333333333332,0.721630859375
Workflow reversal,Window 8,Discover once,930000,21,0.6,1,True,True,0.5768129475911459,0.0,0.024999999999999998,0.018187052408854164,0.0018320719401041666,338.5625,0.020833333333333332,0.7217919921875
Workflow reversal,Window 8,Discover once,930000,22,0.6,1,True,True,0.5816797892252604,0.0,0.02,0.018320210774739585,0.0018309529622395834,341.0416666666667,0.020833333333333332,0.721630859375
Workflow reversal,Window 8,Discover once,930000,23,0.6,1,True,True,0.5766797892252605,0.0,0.024999999999999998,0.018320210774739585,0.0018309529622395834,341.0416666666667,0.020833333333333332,0.721630859375
Workflow reversal,Window 8,Discover once,930000,24,0.6,1,True,True,0.5768140665690105,0.0,0.024999999999999998,0.018185933430989582,0.0018309529622395834,338.5416666666667,0.020833333333333332,0.7217919921875
Workflow reversal,Window 8,Discover once,930000,25,0.6,1,True,True,0.5766797892252605,0.0,0.024999999999999998,0.018320210774739585,0.0018309529622395834,341.0416666666667,0.020833333333333332,0.721630859375
Workflow reversal,Window 8,Discover once,930000,26,0.6,1,True,True,0.5866797892252604,0.0,0.015,0.018320210774739585,0.0018309529622395834,341.0416666666667,0.020833333333333332,0.721630859375
Workflow reversal,Window 8,Discover once,930000,27,0.6,1,True,True,0.576815185546875,0.0,0.024999999999999998,0.018184814453125,0.001829833984375,338.5208333333333,0.020833333333333332,0.7217919921875
Workflow reversal,Window 8,Discover once,930000,28,0.6,1,True,True,0.5768140665690105,0.0,0.024999999999999998,0.018185933430989582,0.0018309529622395834,338.5416666666667,0.020833333333333332,0.7217919921875
Workflow reversal,Window 8,Discover once,930000,29,0.6,1,True,True,0.5741797892252604,0.0,0.0275,0.018320210774739585,0.0018309529622395834,341.0416666666667,0.020833333333333332,0.721630859375
Workflow reversal,Window 8,Discover once,930000,30,0.6,1,True,True,0.5743177286783854,0.0,0.0275,0.018182271321614582,0.0018272908528645833,338.5208333333333,0.0,0.7217919921875
Workflow reversal,Window 8,Discover once,930000,31,0.6,1,True,True,0.5618177286783854,0.0,0.04,0.018182271321614582,0.0018272908528645833,338.5208333333333,0.0,0.7217919921875
Workflow reversal,Window 8,Discover once,930000,32,0.6,1,True,True,0.5816797892252604,0.0,0.02,0.018320210774739585,0.0018309529622395834,341.0416666666667,0.020833333333333332,0.721630859375
Workflow reversal,Window 8,Discover once,930000,33,0.6,1,True,True,0.5968154907226563,0.0,0.005,0.018184509277343747,0.0018295288085937499,338.5625,0.0,0.7217919921875
Workflow reversal,Window 8,Discover once,930000,34,0.6,1,True,True,0.581680908203125,0.0,0.02,0.018319091796875003,0.001829833984375,341.0208333333333,0.020833333333333332,0.721630859375
Workflow reversal,Window 8,Discover once,930000,35,0.6,1,True,True,0.5816797892252604,0.0,0.02,0.018320210774739585,0.0018309529622395834,341.0416666666667,0.020833333333333332,0.721630859375
Workflow reversal,Window 8,Discover once,930000,36,0.6,1,True,True,0.571680908203125,0.0,0.03,0.018319091796875003,0.001829833984375,341.0208333333333,0.020833333333333332,0.721630859375
Workflow reversal,Window 8,Discover once,930000,37,0.6,1,True,True,0.5818166097005208,0.0,0.02,0.018183390299479168,0.0018284098307291667,338.5416666666667,0.0,0.7217919921875
Workflow reversal,Window 8,Discover once,930000,38,0.6,1,True,True,0.5643154907226563,0.0,0.0375,0.018184509277343747,0.0018295288085937499,338.5625,0.0,0.7217919921875
Workflow reversal,Window 8,Discover once,930000,39,0.6,1,True,True,0.5868140665690104,0.0,0.015,0.018185933430989582,0.0018309529622395834,338.5416666666667,0.020833333333333332,0.7217919921875
Workflow reversal,Window 8,Discover once,930000,40,0.6,1,True,True,0.5368166097005208,0.08333333333333333,0.065,0.018183390299479168,0.0018284098307291667,338.5416666666667,0.0,0.7217919921875
Workflow reversal,Window 8,Discover once,930000,41,0.6,1,True,True,0.5668154907226562,0.0,0.034999999999999996,0.018184509277343747,0.0018295288085937499,338.5625,0.0,0.7217919921875
Workflow reversal,Window 8,Discover once,930000,42,0.6,1,True,True,0.5868166097005209,0.0,0.015,0.018183390299479168,0.0018284098307291667,338.5416666666667,0.0,0.7217919921875
Workflow reversal,Window 8,Discover once,930000,43,0.6,1,True,True,0.5766786702473959,0.0,0.024999999999999998,0.018321329752604167,0.0018320719401041666,341.0625,0.020833333333333332,0.721630859375
Workflow reversal,Window 8,Discover once,930000,44,0.6,1,True,True,0.5718177286783854,0.0,0.03000000000000001,0.018182271321614582,0.0018272908528645833,338.5208333333333,0.0,0.7217919921875
Workflow reversal,Window 8,Discover once,930000,45,0.6,1,True,True,0.5868140665690104,0.0,0.015,0.018185933430989582,0.0018309529622395834,338.5416666666667,0.020833333333333332,0.7217919921875
Workflow reversal,Window 8,Discover once,930000,46,0.6,1,True,True,0.5766797892252605,0.0,0.024999999999999998,0.018320210774739585,0.0018309529622395834,341.0416666666667,0.020833333333333332,0.721630859375
Workflow reversal,Window 8,Discover once,930000,47,0.6,1,True,True,0.5818140665690105,0.0,0.02,0.018185933430989582,0.0018309529622395834,338.5416666666667,0.020833333333333332,0.7217919921875
Workflow reversal,Window 8,Discover once,930000,48,0.6,1,True,True,0.5768140665690105,0.0,0.024999999999999998,0.018185933430989582,0.0018309529622395834,338.5416666666667,0.020833333333333332,0.7217919921875
Workflow reversal,Window 8,Discover once,930000,49,0.6,1,True,True,0.5816797892252604,0.0,0.02,0.018320210774739585,0.0018309529622395834,341.0416666666667,0.020833333333333332,0.721630859375
Workflow reversal,Window 8,Discover once,930000,50,0.6,1,True,True,0.5643154907226563,0.0,0.0375,0.018184509277343747,0.0018295288085937499,338.5625,0.0,0.7217919921875
Workflow reversal,Window 8,Discover once,930000,51,0.6,1,True,True,0.581680908203125,0.0,0.02,0.018319091796875003,0.001829833984375,341.0208333333333,0.020833333333333332,0.721630859375
Workflow reversal,Window 8,Discover once,930000,52,0.6,1,True,True,0.5767894490559896,0.0,0.024999999999999998,0.018210550944010417,0.0018287150065104168,339.0,0.020833333333333332,0.7217919921875
Workflow reversal,Window 8,Discover once,930000,53,0.6,1,True,True,0.5717894490559896,0.0,0.03,0.018210550944010417,0.0018287150065104168,339.0,0.020833333333333332,0.7217919921875
Workflow reversal,Window 8,Discover once,930000,54,0.6,1,True,True,0.5818129475911459,0.0,0.02,0.018187052408854164,0.0018320719401041666,338.5625,0.020833333333333332,0.7217919921875
Workflow reversal,Window 8,Discover once,930000,55,0.6,1,True,True,0.5768140665690105,0.0,0.024999999999999998,0.018185933430989582,0.0018309529622395834,338.5416666666667,0.020833333333333332,0.7217919921875
Workflow reversal,Window 8,Discover once,930000,56,0.6,1,True,True,0.5716797892252604,0.0,0.03,0.018320210774739585,0.0018309529622395834,341.0416666666667,0.020833333333333332,0.721630859375
Workflow reversal,Window 8,Discover once,930000,57,0.6,1,True,True,0.574315185546875,0.0,0.0275,0.018184814453125,0.001829833984375,338.5208333333333,0.020833333333333332,0.7217919921875
Workflow reversal,Window 8,Discover once,930000,58,0.6,1,True,True,0.5818140665690105,0.0,0.02,0.018185933430989582,0.0018309529622395834,338.5416666666667,0.020833333333333332,0.7217919921875
Workflow reversal,Window 8,Discover once,930000,59,0.6,1,True,True,0.5818129475911459,0.0,0.02,0.018187052408854164,0.0018320719401041666,338.5625,0.020833333333333332,0.7217919921875
Workflow reversal,Window 8,Discover once,930000,60,0.6,1,True,True,0.5766809082031251,0.0,0.024999999999999998,0.018319091796875003,0.001829833984375,341.0208333333333,0.020833333333333332,0.721630859375
Workflow reversal,Window 8,Discover once,930000,61,0.6,1,True,True,0.5699169921875,0.020833333333333332,0.03187500000000001,0.0182080078125,0.001826171875,339.0,0.0,0.7217919921875
Workflow reversal,Window 8,Discover once,930000,62,0.6,1,True,True,0.576815185546875,0.0,0.024999999999999998,0.018184814453125,0.001829833984375,338.5208333333333,0.020833333333333332,0.7217919921875
Workflow reversal,Window 8,Discover once,930000,63,0.6,1,True,True,0.5818151855468751,0.0,0.02,0.018184814453125,0.001829833984375,338.5208333333333,0.020833333333333332,0.7217919921875
Workflow reversal,Window 8,Discover once,930000,64,0.6,1,True,True,0.5768129475911459,0.0,0.024999999999999998,0.018187052408854164,0.0018320719401041666,338.5625,0.020833333333333332,0.7217919921875
Workflow reversal,Window 8,Discover once,930000,65,0.6,1,True,True,0.5766809082031251,0.0,0.024999999999999998,0.018319091796875003,0.001829833984375,341.0208333333333,0.020833333333333332,0.721630859375
Workflow reversal,Window 8,Discover once,930000,66,0.6,1,True,True,0.5817894490559895,0.0,0.02,0.018210550944010417,0.0018287150065104168,339.0,0.020833333333333332,0.7217919921875
Workflow reversal,Window 8,Discover once,930000,67,0.6,1,True,True,0.5766809082031251,0.0,0.024999999999999998,0.018319091796875003,0.001829833984375,341.0208333333333,0.020833333333333332,0.721630859375
Workflow reversal,Window 8,Discover once,930000,68,0.6,1,True,True,0.5818129475911459,0.0,0.02,0.018187052408854164,0.0018320719401041666,338.5625,0.020833333333333332,0.7217919921875
Workflow reversal,Window 8,Discover once,930000,69,0.6,1,True,True,0.5766809082031251,0.0,0.024999999999999998,0.018319091796875003,0.001829833984375,341.0208333333333,0.020833333333333332,0.721630859375
Workflow reversal,Window 8,Discover once,930000,70,0.6,1,True,True,0.5567919921875,0.0,0.045000000000000005,0.0182080078125,0.001826171875,339.0,0.0,0.6917919921875
Workflow reversal,Window 8,Discover once,930000,71,0.6,1,True,True,0.581680908203125,0.0,0.02,0.018319091796875003,0.001829833984375,341.0208333333333,0.020833333333333332,0.721630859375
Workflow reversal,Window 8,Discover once,930000,72,0.6,1,True,True,0.5818129475911459,0.0,0.02,0.018187052408854164,0.0018320719401041666,338.5625,0.020833333333333332,0.7217919921875
Workflow reversal,Window 8,Discover once,930000,73,0.6,1,True,True,0.5768166097005208,0.0,0.024999999999999998,0.018183390299479168,0.0018284098307291667,338.5416666666667,0.0,0.7217919921875
Workflow reversal,Window 8,Discover once,930000,74,0.6,1,True,True,0.5818118286132813,0.0,0.02,0.018188171386718747,0.0018309529622395834,338.5833333333333,0.020833333333333332,0.7217785644531249
Workflow reversal,Window 8,Discover once,930000,75,0.6,1,True,True,0.5766797892252605,0.0,0.024999999999999998,0.018320210774739585,0.0018309529622395834,341.0416666666667,0.020833333333333332,0.721630859375
Workflow reversal,Window 8,Discover once,930000,76,0.6,1,True,True,0.5518166097005208,0.0,0.049999999999999996,0.018183390299479168,0.0018284098307291667,338.5416666666667,0.0,0.7217919921875
Workflow reversal,Window 8,Discover once,930000,77,0.6,1,True,True,0.5793129475911458,0.0,0.022500000000000003,0.018187052408854164,0.0018320719401041666,338.5625,0.020833333333333332,0.7217919921875
Workflow reversal,Window 8,Discover once,930000,78,0.6,1,True,True,0.5768166097005208,0.0,0.024999999999999998,0.018183390299479168,0.0018284098307291667,338.5416666666667,0.0,0.7217919921875
Workflow reversal,Window 8,Discover once,930000,79,0.6,1,True,True,0.5693140665690104,0.0,0.0325,0.018185933430989582,0.0018309529622395834,338.5416666666667,0.020833333333333332,0.7217919921875
Workflow reversal,Window 8,Discover once,930000,80,0.6,1,True,True,0.5743166097005208,0.0,0.0275,0.018183390299479168,0.0018284098307291667,338.5416666666667,0.0,0.7217919921875
Workflow reversal,Window 8,Discover once,930000,81,0.6,1,True,True,0.5716797892252604,0.0,0.03,0.018320210774739585,0.0018309529622395834,341.0416666666667,0.020833333333333332,0.721630859375
Workflow reversal,Window 8,Discover once,930000,82,0.6,1,True,True,0.5718140665690105,0.0,0.03,0.018185933430989582,0.0018309529622395834,338.5416666666667,0.020833333333333332,0.7217919921875
Workflow reversal,Window 8,Discover once,930000,83,0.6,1,True,True,0.5568154907226562,0.0,0.045000000000000005,0.018184509277343747,0.0018295288085937499,338.5625,0.0,0.7217919921875
Workflow reversal,Window 8,Discover once,930000,84,0.6,1,True,True,0.5716283162434895,0.0,0.03,0.01837168375651042,0.0018287150065104168,342.0,0.020833333333333332,0.721630859375
Workflow reversal,Window 8,Discover once,930000,85,0.6,1,True,True,0.5293166097005207,0.0,0.07250000000000001,0.018183390299479168,0.0018284098307291667,338.5416666666667,0.0,0.7217919921875
Workflow reversal,Window 8,Discover once,930000,86,0.6,1,True,True,0.576788330078125,0.0,0.024999999999999998,0.018211669921874996,0.0018287150065104168,339.0208333333333,0.020833333333333332,0.7217852783203125
Workflow reversal,Window 8,Discover once,930000,87,0.6,1,True,True,0.576815185546875,0.0,0.024999999999999998,0.018184814453125,0.001829833984375,338.5208333333333,0.020833333333333332,0.7217919921875
Workflow reversal,Window 8,Discover once,930000,88,0.6,1,True,True,0.5868140665690104,0.0,0.015,0.018185933430989582,0.0018309529622395834,338.5416666666667,0.020833333333333332,0.7217919921875
Workflow reversal,Window 8,Discover once,930000,89,0.6,1,True,True,0.576815185546875,0.0,0.024999999999999998,0.018184814453125,0.001829833984375,338.5208333333333,0.020833333333333332,0.7217919921875
Workflow reversal,Window 8,Discover once,930000,90,0.6,1,True,True,0.5767919921875,0.0,0.024999999999999998,0.0182080078125,0.001826171875,339.0,0.0,0.7217919921875
Workflow reversal,Window 8,Discover once,930000,91,0.6,1,True,True,0.5766797892252605,0.0,0.024999999999999998,0.018320210774739585,0.0018309529622395834,341.0416666666667,0.020833333333333332,0.721630859375
Workflow reversal,Window 8,Discover once,930000,92,0.6,1,True,True,0.5593166097005208,0.0,0.0425,0.018183390299479168,0.0018284098307291667,338.5416666666667,0.0,0.7217919921875
Workflow reversal,Window 8,Discover once,930000,93,0.6,1,True,True,0.5818129475911459,0.0,0.02,0.018187052408854164,0.0018309529622395834,338.5625,0.020833333333333332,0.7217852783203125
Workflow reversal,Window 8,Discover once,930000,94,0.6,1,True,True,0.5818151855468751,0.0,0.02,0.018184814453125,0.001829833984375,338.5208333333333,0.020833333333333332,0.7217919921875
Workflow reversal,Window 8,Discover once,930000,95,0.6,1,True,True,0.5618177286783854,0.0,0.04,0.018182271321614582,0.0018272908528645833,338.5208333333333,0.0,0.7217919921875
Workflow reversal,Window 8,Repeated discovery,930000,0,0.6,1,True,True,0.5968089803059896,0.0,0.005,0.018191019694010418,0.010966898600260415,338.5416666666667,0.0625,0.7217919921875
Workflow reversal,Window 8,Repeated discovery,930000,1,0.6,1,True,True,0.5793027750651042,0.0,0.022500000000000003,0.018197224934895832,0.010973103841145833,338.5625,0.10416666666666667,0.7217767333984375
Workflow reversal,Window 8,Repeated discovery,930000,2,0.6,1,True,True,0.5967821248372396,0.0,0.005,0.018217875162760414,0.010965779622395833,339.0416666666667,0.0625,0.7217919921875
Workflow reversal,Window 8,Repeated discovery,930000,3,0.6,1,True,True,0.5967549641927082,0.0,0.005,0.018245035807291667,0.010967203776041668,339.5,0.08333333333333333,0.7217919921875
Workflow reversal,Window 8,Repeated discovery,930000,4,0.6,1,True,True,0.5967810058593751,0.0,0.005,0.018218994140625,0.010968017578125001,339.0625,0.0625,0.7217767333984375
Workflow reversal,Window 8,Repeated discovery,930000,5,0.6,1,True,True,0.5867552693684897,0.0,0.015,0.018244730631510418,0.010966898600260415,339.5416666666667,0.0625,0.721630859375
Workflow reversal,Window 8,Repeated discovery,930000,6,0.6,1,True,True,0.5867578125,0.0,0.015,0.0182421875,0.01096435546875,339.5416666666667,0.041666666666666664,0.7217919921875
Workflow reversal,Window 8,Repeated discovery,930000,7,0.6,1,True,True,0.5967795817057292,0.0,0.005,0.018220418294270832,0.010969441731770833,339.0416666666667,0.08333333333333333,0.7217919921875
Workflow reversal,Window 8,Repeated discovery,930000,8,0.6,1,True,True,0.5967563883463542,0.0,0.005,0.018243611653645832,0.010965779622395833,339.5208333333333,0.0625,0.7217919921875
Workflow reversal,Window 8,Repeated discovery,930000,9,0.6,1,True,True,0.5817552693684896,0.0,0.02,0.018244730631510418,0.010966898600260415,339.5416666666667,0.0625,0.7216156005859375
Workflow reversal,Window 8,Repeated discovery,930000,10,0.6,1,True,True,0.5892846679687501,0.0,0.012500000000000002,0.01821533203125,0.01096435546875,339.0416666666667,0.041666666666666664,0.7216156005859375
Workflow reversal,Window 8,Repeated discovery,930000,11,0.6,1,True,True,0.5967807006835938,0.0,0.005,0.018219299316406246,0.01096832275390625,339.0208333333333,0.08333333333333333,0.7216156005859375
Workflow reversal,Window 8,Repeated discovery,930000,12,0.6,1,True,True,0.5817589314778645,0.0,0.020000000000000004,0.018241068522135414,0.010963236490885417,339.5208333333333,0.041666666666666664,0.7217767333984375
Workflow reversal,Window 8,Repeated discovery,930000,13,0.6,1,True,True,0.5967041015625,0.0,0.005,0.0182958984375,0.01096435546875,340.5416666666667,0.041666666666666664,0.721630859375
Workflow reversal,Window 8,Repeated discovery,930000,14,0.6,1,True,True,0.5967281087239583,0.0,0.005,0.018271891276041667,0.010967203776041668,340.0,0.08333333333333333,0.7216156005859375
Workflow reversal,Window 8,Repeated discovery,930000,15,0.6,1,True,True,0.5917821248372396,0.0,0.01,0.018217875162760414,0.010966898600260415,339.0416666666667,0.0625,0.7217919921875
Workflow reversal,Window 8,Repeated discovery,930000,16,0.6,1,True,True,0.5692807006835938,0.0,0.0325,0.018219299316406246,0.01096832275390625,339.0208333333333,0.08333333333333333,0.7217767333984375
Workflow reversal,Window 8,Repeated discovery,930000,17,0.6,1,True,True,0.5867810058593751,0.0,0.015,0.018218994140625,0.010968017578125001,339.0625,0.0625,0.7217919921875
Workflow reversal,Window 8,Repeated discovery,930000,18,0.6,1,True,True,0.5867795817057292,0.0,0.015,0.018220418294270832,0.010969441731770833,339.0416666666667,0.08333333333333333,0.7217767333984375
Workflow reversal,Window 8,Repeated discovery,930000,19,0.6,1,True,True,0.5967784627278646,0.0,0.005,0.018221537272135418,0.010970560709635417,339.0625,0.08333333333333333,0.7217767333984375
Workflow reversal,Window 8,Repeated discovery,930000,20,0.6,1,True,True,0.5968075561523438,0.0,0.005,0.01819244384765625,0.01096832275390625,338.5208333333333,0.08333333333333333,0.7217767333984375
Workflow reversal,Window 8,Repeated discovery,930000,21,0.6,1,True,True,0.596700439453125,0.0,0.005,0.018299560546875,0.010968017578125001,340.5625,0.0625,0.721630859375
Workflow reversal,Window 8,Repeated discovery,930000,22,0.6,1,True,True,0.6017821248372397,0.0,0.0,0.018217875162760414,0.010966898600260415,339.0416666666667,0.0625,0.7217919921875
Workflow reversal,Window 8,Repeated discovery,930000,23,0.6,1,True,True,0.5917501831054688,0.0,0.01,0.01824981689453125,0.01097198486328125,339.5416666666667,0.10416666666666667,0.7217767333984375
Workflow reversal,Window 8,Repeated discovery,930000,24,0.6,1,True,True,0.5917258707682292,0.0,0.01,0.018274129231770832,0.010969441731770833,340.0416666666667,0.08333333333333333,0.721630859375
Workflow reversal,Window 8,Repeated discovery,930000,25,0.6,1,True,True,0.6017795817057293,0.0,0.0,0.018220418294270832,0.010969441731770833,339.0416666666667,0.08333333333333333,0.7217919921875
Workflow reversal,Window 8,Repeated discovery,930000,26,0.6,1,True,True,0.5967821248372397,0.0,0.005,0.018217875162760414,0.010966898600260415,339.0416666666667,0.0625,0.7217919921875
Workflow reversal,Window 8,Repeated discovery,930000,27,0.6,1,True,True,0.5967513020833334,0.0,0.005,0.01824869791666667,0.010970865885416667,339.5208333333333,0.10416666666666667,0.7216156005859375
Workflow reversal,Window 8,Repeated discovery,930000,28,0.6,1,True,True,0.5817795817057293,0.0,0.02,0.018220418294270832,0.010969441731770833,339.0416666666667,0.08333333333333333,0.7217919921875
Workflow reversal,Window 8,Repeated discovery,930000,29,0.6,1,True,True,0.5917821248372396,0.0,0.01,0.018217875162760414,0.010966898600260415,339.0416666666667,0.0625,0.7217919921875
Workflow reversal,Window 8,Repeated discovery,930000,30,0.6,1,True,True,0.5917320760091146,0.0,0.01,0.018267923990885417,0.010963236490885417,340.0208333333333,0.041666666666666664,0.7217767333984375
Workflow reversal,Window 8,Repeated discovery,930000,31,0.6,1,True,True,0.5693151855468751,0.0,0.0325,0.018184814453125,0.010960693359375,338.5208333333333,0.020833333333333332,0.7217919921875
Workflow reversal,Window 8,Repeated discovery,930000,32,0.6,1,True,True,0.5967015584309897,0.0,0.005,0.018298441569010417,0.010966898600260415,340.5416666666667,0.0625,0.7216156005859375
Workflow reversal,Window 8,Repeated discovery,930000,33,0.6,1,True,True,0.5966786702473958,0.0,0.005,0.018321329752604167,0.010962931315104167,341.0625,0.020833333333333332,0.721630859375
Workflow reversal,Window 8,Repeated discovery,930000,34,0.6,1,True,True,0.5917563883463542,0.0,0.01,0.018243611653645832,0.010965779622395833,339.5208333333333,0.0625,0.7217767333984375
Workflow reversal,Window 8,Repeated discovery,930000,35,0.6,1,True,True,0.5967527262369793,0.0,0.005,0.018247273763020832,0.010969441731770833,339.5416666666667,0.08333333333333333,0.7217919921875
Workflow reversal,Window 8,Repeated discovery,930000,36,0.6,1,True,True,0.5917538452148438,0.0,0.01,0.018246154785156253,0.01096832275390625,339.5208333333333,0.08333333333333333,0.7216156005859375
Workflow reversal,Window 8,Repeated discovery,930000,37,0.6,1,True,True,0.57178466796875,0.0,0.03,0.01821533203125,0.01096435546875,339.0416666666667,0.041666666666666664,0.7217919921875
Workflow reversal,Window 8,Repeated discovery,930000,38,0.6,1,True,True,0.5967810058593751,0.0,0.005,0.018218994140625,0.010968017578125001,339.0625,0.0625,0.7217919921875
Workflow reversal,Window 8,Repeated discovery,930000,39,0.6,1,True,True,0.5917552693684897,0.0,0.01,0.018244730631510418,0.010966898600260415,339.5416666666667,0.0625,0.7217919921875
Workflow reversal,Window 8,Repeated discovery,930000,40,0.6,1,True,True,0.5967284138997396,0.0,0.005,0.018271586100260414,0.010966898600260415,340.0416666666667,0.0625,0.7217767333984375
Workflow reversal,Window 8,Repeated discovery,930000,41,0.6,1,True,True,0.5867784627278646,0.0,0.015,0.018221537272135418,0.010970560709635417,339.0625,0.08333333333333333,0.7217767333984375
Workflow reversal,Window 8,Repeated discovery,930000,42,0.6,1,True,True,0.5867527262369792,0.0,0.015,0.018247273763020832,0.010969441731770833,339.5416666666667,0.08333333333333333,0.7216156005859375
Workflow reversal,Window 8,Repeated discovery,930000,43,0.6,1,True,True,0.6018078613281251,0.0,0.0,0.018192138671875,0.010968017578125001,338.5625,0.0625,0.7217767333984375
Workflow reversal,Window 8,Repeated discovery,930000,44,0.6,1,True,True,0.5842857869466146,0.0,0.017499999999999998,0.018214213053385414,0.010963236490885417,339.0208333333333,0.041666666666666664,0.7217919921875
Workflow reversal,Window 8,Repeated discovery,930000,45,0.6,1,True,True,0.5967501831054688,0.0,0.005,0.01824981689453125,0.01097198486328125,339.5416666666667,0.10416666666666667,0.7216156005859375
Workflow reversal,Window 8,Repeated discovery,930000,46,0.6,1,True,True,0.5968089803059896,0.0,0.005,0.018191019694010418,0.010966898600260415,338.5416666666667,0.0625,0.7217767333984375
Workflow reversal,Window 8,Repeated discovery,930000,47,0.6,1,True,True,0.5967552693684897,0.0,0.005,0.018244730631510418,0.010966898600260415,339.5416666666667,0.0625,0.7217919921875
Workflow reversal,Window 8,Repeated discovery,930000,48,0.6,1,True,True,0.5967527262369793,0.0,0.005,0.018247273763020832,0.010969441731770833,339.5416666666667,0.08333333333333333,0.7217919921875
Workflow reversal,Window 8,Repeated discovery,930000,49,0.6,1,True,True,0.5967041015625001,0.0,0.005,0.018295898437499996,0.01096435546875,340.5416666666667,0.041666666666666664,0.7217767333984375
Workflow reversal,Window 8,Repeated discovery,930000,50,0.6,1,True,True,0.5967835489908855,0.0,0.005,0.018216451009114582,0.010965474446614583,339.0625,0.041666666666666664,0.7216156005859375
Workflow reversal,Window 8,Repeated discovery,930000,51,0.6,1,True,True,0.5942807006835938,0.0,0.007500000000000001,0.018219299316406246,0.01096832275390625,339.0208333333333,0.08333333333333333,0.7216156005859375
Workflow reversal,Window 8,Repeated discovery,930000,52,0.6,1,True,True,0.5967306518554687,0.0,0.005,0.01826934814453125,0.01096466064453125,340.0,0.0625,0.7217919921875
Workflow reversal,Window 8,Repeated discovery,930000,53,0.6,1,True,True,0.5767306518554688,0.0,0.024999999999999998,0.01826934814453125,0.01096466064453125,340.0,0.0625,0.721630859375
Workflow reversal,Window 8,Repeated discovery,930000,54,0.6,1,True,True,0.5968053181966146,0.0,0.005,0.018194681803385414,0.010970560709635417,338.5625,0.08333333333333333,0.7217919921875
Workflow reversal,Window 8,Repeated discovery,930000,55,0.6,1,True,True,0.5968089803059896,0.0,0.005,0.018191019694010418,0.010966898600260415,338.5416666666667,0.0625,0.7217919921875
Workflow reversal,Window 8,Repeated discovery,930000,56,0.6,1,True,True,0.5967846679687501,0.0,0.005,0.01821533203125,0.01096435546875,339.0416666666667,0.041666666666666664,0.7217919921875
Workflow reversal,Window 8,Repeated discovery,930000,57,0.6,1,True,True,0.5967563883463542,0.0,0.005,0.018243611653645832,0.010965779622395833,339.5208333333333,0.0625,0.7217919921875
Workflow reversal,Window 8,Repeated discovery,930000,58,0.6,1,True,True,0.5917284138997396,0.0,0.01,0.018271586100260414,0.010966898600260415,340.0416666666667,0.0625,0.7217767333984375
Workflow reversal,Window 8,Repeated discovery,930000,59,0.6,1,True,True,0.5917835489908855,0.0,0.01,0.018216451009114582,0.010965474446614583,339.0625,0.041666666666666664,0.7216156005859375
Workflow reversal,Window 8,Repeated discovery,930000,60,0.6,1,True,True,0.5967563883463542,0.0,0.005,0.018243611653645832,0.010965779622395833,339.5208333333333,0.0625,0.7217767333984375
Workflow reversal,Window 8,Repeated discovery,930000,61,0.6,1,True,True,0.5967894490559896,0.0,0.005000000000000001,0.018210550944010417,0.010959574381510418,339.0,0.020833333333333332,0.7217919921875
Workflow reversal,Window 8,Repeated discovery,930000,62,0.6,1,True,True,0.5967052205403646,0.0,0.005,0.01829477945963542,0.010963236490885417,340.5208333333333,0.041666666666666664,0.721630859375
Workflow reversal,Window 8,Repeated discovery,930000,63,0.6,1,True,True,0.5867832438151043,0.0,0.015,0.018216756184895832,0.010965779622395833,339.0208333333333,0.0625,0.7217919921875
Workflow reversal,Window 8,Repeated discovery,930000,64,0.6,1,True,True,0.5917541503906251,0.0,0.01,0.018245849609375,0.010968017578125001,339.5625,0.0625,0.7217767333984375
Workflow reversal,Window 8,Repeated discovery,930000,65,0.6,1,True,True,0.5867538452148438,0.0,0.015,0.01824615478515625,0.01096832275390625,339.5208333333333,0.08333333333333333,0.7217919921875
Workflow reversal,Window 8,Repeated discovery,930000,66,0.6,1,True,True,0.5917894490559896,0.0,0.01,0.018210550944010417,0.010959574381510418,339.0,0.020833333333333332,0.7217919921875
Workflow reversal,Window 8,Repeated discovery,930000,67,0.6,1,True,True,0.5967563883463542,0.0,0.005,0.018243611653645835,0.010965779622395833,339.5208333333333,0.0625,0.7216156005859375
Workflow reversal,Window 8,Repeated discovery,930000,68,0.6,1,True,True,0.5917541503906251,0.0,0.01,0.018245849609375,0.010968017578125001,339.5625,0.0625,0.7217767333984375
Workflow reversal,Window 8,Repeated discovery,930000,69,0.6,1,True,True,0.6017781575520834,0.0,0.0,0.018221842447916664,0.010970865885416667,339.0208333333333,0.10416666666666667,0.7216156005859375
Workflow reversal,Window 8,Repeated discovery,930000,70,0.6,1,True,True,0.5867306518554688,0.0,0.015,0.01826934814453125,0.01096466064453125,340.0,0.0625,0.7217767333984375
Workflow reversal,Window 8,Repeated discovery,930000,71,0.6,1,True,True,0.5968126424153647,0.0,0.005,0.018187357584635414,0.010963236490885417,338.5208333333333,0.041666666666666664,0.7217919921875
Workflow reversal,Window 8,Repeated discovery,930000,72,0.6,1,True,True,0.5968053181966146,0.0,0.005,0.018194681803385414,0.010970560709635417,338.5625,0.08333333333333333,0.7217767333984375
Workflow reversal,Window 8,Repeated discovery,930000,73,0.6,1,True,True,0.6017846679687501,0.0,0.0,0.01821533203125,0.01096435546875,339.0416666666667,0.041666666666666664,0.7216156005859375
Workflow reversal,Window 8,Repeated discovery,930000,74,0.6,1,True,True,0.5967770385742188,0.0,0.005,0.01822296142578125,0.01097198486328125,339.0416666666667,0.10416666666666667,0.7217767333984375
Workflow reversal,Window 8,Repeated discovery,930000,75,0.6,1,True,True,0.5967527262369793,0.0,0.005,0.018247273763020832,0.010969441731770833,339.5416666666667,0.08333333333333333,0.7216156005859375
Workflow reversal,Window 8,Repeated discovery,930000,76,0.6,1,True,True,0.5968140665690105,0.0,0.005,0.018185933430989582,0.010961812337239583,338.5416666666667,0.020833333333333332,0.7217919921875
Workflow reversal,Window 8,Repeated discovery,930000,77,0.6,1,True,True,0.5817566935221355,0.0,0.02,0.018243306477864586,0.010965474446614583,339.5625,0.041666666666666664,0.721630859375
Workflow reversal,Window 8,Repeated discovery,930000,78,0.6,1,True,True,0.5968140665690105,0.0,0.005,0.018185933430989582,0.010961812337239583,338.5416666666667,0.020833333333333332,0.7217919921875
Workflow reversal,Window 8,Repeated discovery,930000,79,0.6,1,True,True,0.5668115234375001,0.0,0.03500000000000001,0.0181884765625,0.01096435546875,338.5416666666667,0.041666666666666664,0.7217919921875
Workflow reversal,Window 8,Repeated discovery,930000,80,0.6,1,True,True,0.5968140665690105,0.0,0.005,0.018185933430989582,0.010961812337239583,338.5416666666667,0.020833333333333332,0.7217767333984375
Workflow reversal,Window 8,Repeated discovery,930000,81,0.6,1,True,True,0.5967527262369793,0.0,0.005,0.018247273763020832,0.010969441731770833,339.5416666666667,0.08333333333333333,0.7216156005859375
Workflow reversal,Window 8,Repeated discovery,930000,82,0.6,1,True,True,0.5967552693684897,0.0,0.005,0.018244730631510418,0.010966898600260415,339.5416666666667,0.0625,0.721630859375
Workflow reversal,Window 8,Repeated discovery,930000,83,0.6,1,True,True,0.5968129475911459,0.0,0.005,0.018187052408854164,0.010962931315104167,338.5625,0.020833333333333332,0.7217919921875
Workflow reversal,Window 8,Repeated discovery,930000,84,0.6,1,True,True,0.5966283162434896,0.0,0.005,0.01837168375651042,0.010959574381510418,342.0,0.020833333333333332,0.721630859375
Workflow reversal,Window 8,Repeated discovery,930000,85,0.6,1,True,True,0.566834716796875,0.0,0.034999999999999996,0.018165283203124997,0.010968017578125001,338.0625,0.0625,0.7217767333984375
Workflow reversal,Window 8,Repeated discovery,930000,86,0.6,1,True,True,0.5917843627929688,0.0,0.01,0.01821563720703125,0.01096466064453125,339.0,0.0625,0.7217767333984375
Workflow reversal,Window 8,Repeated discovery,930000,87,0.6,1,True,True,0.5818126424153647,0.0,0.02,0.018187357584635414,0.010963236490885417,338.5208333333333,0.041666666666666664,0.7217767333984375
Workflow reversal,Window 8,Repeated discovery,930000,88,0.6,1,True,True,0.5968089803059896,0.0,0.005,0.018191019694010418,0.010966898600260415,338.5416666666667,0.0625,0.7217919921875
Workflow reversal,Window 8,Repeated discovery,930000,89,0.6,1,True,True,0.5968126424153647,0.0,0.005,0.018187357584635414,0.010963236490885417,338.5208333333333,0.041666666666666664,0.7217919921875
Workflow reversal,Window 8,Repeated discovery,930000,90,0.6,1,True,True,0.5966794840494791,0.0,0.005,0.018320515950520835,0.010962117513020835,341.0,0.041666666666666664,0.7217767333984375
Workflow reversal,Window 8,Repeated discovery,930000,91,0.6,1,True,True,0.5917552693684897,0.0,0.01,0.018244730631510418,0.010966898600260415,339.5416666666667,0.0625,0.7217919921875
Workflow reversal,Window 8,Repeated discovery,930000,92,0.6,1,True,True,0.5866797892252604,0.0,0.015,0.01832021077473958,0.010961812337239583,341.0416666666667,0.020833333333333332,0.721630859375
Workflow reversal,Window 8,Repeated discovery,930000,93,0.6,1,True,True,0.5968089803059896,0.0,0.005,0.018191019694010418,0.010966898600260415,338.5416666666667,0.0625,0.7217919921875
Workflow reversal,Window 8,Repeated discovery,930000,94,0.6,1,True,True,0.5967832438151043,0.0,0.005,0.018216756184895832,0.010965779622395833,339.0208333333333,0.0625,0.7216156005859375
Workflow reversal,Window 8,Repeated discovery,930000,95,0.6,1,True,True,0.596734619140625,0.0,0.005,0.018265380859375,0.010960693359375,340.0208333333333,0.020833333333333332,0.721630859375
Workflow reversal,Window 8,Discover once,930000,0,0.6,3,True,True,0.5866551717122396,0.0,0.015,0.018344828287760417,0.0018018595377604165,341.5,0.020833333333333332,0.721630859375
Workflow reversal,Window 8,Discover once,930000,1,0.6,3,True,True,0.5542919921874999,0.0,0.04750000000000001,0.018208007812499996,0.00179931640625,339.0,0.0,0.7217919921875
Workflow reversal,Window 8,Discover once,930000,2,0.6,3,True,True,0.5817931111653646,0.0,0.02,0.018206888834635417,0.0017981974283854168,338.9791666666667,0.0,0.7217919921875
Workflow reversal,Window 8,Discover once,930000,3,0.6,3,True,True,0.5767964680989582,0.0,0.025000000000000005,0.018203531901041667,0.0017948404947916666,338.9166666666667,0.0,0.7217919921875
Workflow reversal,Window 8,Discover once,930000,4,0.6,3,True,True,0.5717894490559896,0.0,0.03,0.018210550944010414,0.0018018595377604165,339.0,0.020833333333333332,0.7217919921875
Workflow reversal,Window 8,Discover once,930000,5,0.6,3,True,True,0.5817931111653646,0.0,0.02,0.018206888834635417,0.0017981974283854168,338.9791666666667,0.0,0.7217919921875
Workflow reversal,Window 8,Discover once,930000,6,0.6,3,True,True,0.5766551717122396,0.0,0.024999999999999998,0.018344828287760417,0.0018018595377604165,341.5,0.020833333333333332,0.721630859375
Workflow reversal,Window 8,Discover once,930000,7,0.6,3,True,True,0.5867894490559896,0.0,0.015,0.018210550944010414,0.0018018595377604165,339.0,0.020833333333333332,0.7217919921875
Workflow reversal,Window 8,Discover once,930000,8,0.6,3,True,True,0.5767905680338542,0.0,0.024999999999999998,0.01820943196614583,0.0018007405598958334,338.9791666666667,0.020833333333333332,0.7217919921875
Workflow reversal,Window 8,Discover once,930000,9,0.6,3,True,True,0.5766574096679687,0.0,0.024999999999999998,0.018342590332031252,0.00179962158203125,341.4583333333333,0.020833333333333332,0.721630859375
Workflow reversal,Window 8,Discover once,930000,10,0.6,3,True,True,0.5717894490559896,0.0,0.03,0.018210550944010414,0.0018018595377604165,339.0,0.020833333333333332,0.7217919921875
Workflow reversal,Window 8,Discover once,930000,11,0.6,3,True,True,0.5716574096679687,0.0,0.03,0.018342590332031252,0.00179962158203125,341.4583333333333,0.020833333333333332,0.721630859375
Workflow reversal,Window 8,Discover once,930000,12,0.6,3,True,True,0.5517931111653646,0.0,0.05000000000000001,0.018206888834635417,0.0017981974283854168,338.9791666666667,0.0,0.7217919921875
Workflow reversal,Window 8,Discover once,930000,13,0.6,3,True,True,0.5867905680338542,0.0,0.015,0.01820943196614583,0.0018007405598958334,338.9791666666667,0.020833333333333332,0.7217919921875
Workflow reversal,Window 8,Discover once,930000,14,0.6,3,True,True,0.5817894490559896,0.0,0.02,0.018210550944010414,0.0018018595377604165,339.0,0.020833333333333332,0.7217919921875
Workflow reversal,Window 8,Discover once,930000,15,0.6,3,True,True,0.5617931111653646,0.0,0.04,0.018206888834635417,0.0017981974283854168,338.9791666666667,0.0,0.7217919921875
Workflow reversal,Window 8,Discover once,930000,16,0.6,3,True,True,0.5866585286458333,0.0,0.015,0.018341471354166666,0.0017985026041666668,341.4375,0.020833333333333332,0.721630859375
Workflow reversal,Window 8,Discover once,930000,17,0.6,3,True,True,0.5768140665690105,0.0,0.024999999999999998,0.018185933430989582,0.0018040974934895833,338.5416666666667,0.020833333333333332,0.7217919921875
Workflow reversal,Window 8,Discover once,930000,18,0.6,3,True,True,0.5841562906901041,0.0,0.017499999999999998,0.018343709309895834,0.0018007405598958334,341.4791666666667,0.020833333333333332,0.721630859375
Workflow reversal,Window 8,Discover once,930000,19,0.6,3,True,True,0.5817905680338541,0.0,0.02,0.01820943196614583,0.0018007405598958334,338.9791666666667,0.020833333333333332,0.7217919921875
Workflow reversal,Window 8,Discover once,930000,20,0.6,3,True,True,0.5716574096679687,0.0,0.03,0.018342590332031252,0.00179962158203125,341.4583333333333,0.020833333333333332,0.721630859375
Workflow reversal,Window 8,Discover once,930000,21,0.6,3,True,True,0.5768140665690105,0.0,0.024999999999999998,0.018185933430989582,0.0018040974934895833,338.5416666666667,0.020833333333333332,0.7217919921875
Workflow reversal,Window 8,Discover once,930000,22,0.6,3,True,True,0.5817905680338541,0.0,0.02,0.01820943196614583,0.0018007405598958334,338.9791666666667,0.020833333333333332,0.7217919921875
Workflow reversal,Window 8,Discover once,930000,23,0.6,3,True,True,0.5766574096679687,0.0,0.024999999999999998,0.018342590332031252,0.00179962158203125,341.4583333333333,0.020833333333333332,0.721630859375
Workflow reversal,Window 8,Discover once,930000,24,0.6,3,True,True,0.576788330078125,0.0,0.024999999999999998,0.018211669921874996,0.0018018595377604165,339.0208333333333,0.020833333333333332,0.7217919921875
Workflow reversal,Window 8,Discover once,930000,25,0.6,3,True,True,0.576815185546875,0.0,0.024999999999999998,0.018184814453125,0.0018029785156250002,338.5208333333333,0.020833333333333332,0.7217919921875
Workflow reversal,Window 8,Discover once,930000,26,0.6,3,True,True,0.5742919921874999,0.0,0.0275,0.018208007812499996,0.00179931640625,339.0,0.0,0.7217919921875
Workflow reversal,Window 8,Discover once,930000,27,0.6,3,True,True,0.5766551717122396,0.0,0.024999999999999998,0.018344828287760417,0.0018018595377604165,341.5,0.020833333333333332,0.721630859375
Workflow reversal,Window 8,Discover once,930000,28,0.6,3,True,True,0.5767916870117188,0.0,0.024999999999999998,0.01820831298828125,0.00179962158203125,338.9583333333333,0.020833333333333332,0.7217919921875
Workflow reversal,Window 8,Discover once,930000,29,0.6,3,True,True,0.574154052734375,0.0,0.0275,0.018345947265625,0.0018029785156250002,341.5208333333333,0.020833333333333332,0.721630859375
Workflow reversal,Window 8,Discover once,930000,30,0.6,3,True,True,0.5766574096679687,0.0,0.024999999999999998,0.018342590332031252,0.00179962158203125,341.4583333333333,0.020833333333333332,0.721630859375
Workflow reversal,Window 8,Discover once,930000,31,0.6,3,True,True,0.5742916870117187,0.0,0.0275,0.01820831298828125,0.00179962158203125,338.9583333333333,0.020833333333333332,0.7217919921875
Workflow reversal,Window 8,Discover once,930000,32,0.6,3,True,True,0.5511703491210938,0.0625,0.050625,0.018204650878906246,0.00179595947265625,338.9375,0.0,0.7217919921875
Workflow reversal,Window 8,Discover once,930000,33,0.6,3,True,True,0.5968177286783855,0.0,0.005,0.018182271321614582,0.0018004353841145834,338.5208333333333,0.0,0.7217919921875
Workflow reversal,Window 8,Discover once,930000,34,0.6,3,True,True,0.5816574096679688,0.0,0.02,0.018342590332031252,0.00179962158203125,341.4583333333333,0.020833333333333332,0.721630859375
Workflow reversal,Window 8,Discover once,930000,35,0.6,3,True,True,0.5816551717122396,0.0,0.02,0.018344828287760417,0.0018018595377604165,341.5,0.020833333333333332,0.721630859375
Workflow reversal,Window 8,Discover once,930000,36,0.6,3,True,True,0.5716585286458333,0.0,0.03,0.018341471354166666,0.0017985026041666668,341.4375,0.020833333333333332,0.721630859375
Workflow reversal,Window 8,Discover once,930000,37,0.6,3,True,True,0.5716540527343751,0.0,0.03,0.018345947265625,0.0018029785156250002,341.5208333333333,0.020833333333333332,0.721630859375
Workflow reversal,Window 8,Discover once,930000,38,0.6,3,True,True,0.576815185546875,0.0,0.024999999999999998,0.018184814453125,0.0018029785156250002,338.5208333333333,0.020833333333333332,0.7217919921875
Workflow reversal,Window 8,Discover once,930000,39,0.6,3,True,True,0.5867894490559896,0.0,0.015,0.018210550944010414,0.0018018595377604165,339.0,0.020833333333333332,0.7217919921875
Workflow reversal,Window 8,Discover once,930000,40,0.6,3,True,True,0.5367931111653647,0.08333333333333333,0.065,0.018206888834635417,0.0017981974283854168,338.9791666666667,0.0,0.7217919921875
Workflow reversal,Window 8,Discover once,930000,41,0.6,3,True,True,0.5817894490559896,0.0,0.02,0.018210550944010414,0.0018007405598958334,339.0,0.020833333333333332,0.7217919921875
Workflow reversal,Window 8,Discover once,930000,42,0.6,3,True,True,0.5766562906901042,0.0,0.024999999999999998,0.018343709309895834,0.0018007405598958334,341.4791666666667,0.020833333333333332,0.721630859375
Workflow reversal,Window 8,Discover once,930000,43,0.6,3,True,True,0.5642919921875,0.0,0.0375,0.018208007812499996,0.00179931640625,339.0,0.0,0.7217919921875
Workflow reversal,Window 8,Discover once,930000,44,0.6,3,True,True,0.5767928059895834,0.0,0.024999999999999998,0.018207194010416664,0.0017985026041666668,338.9375,0.020833333333333332,0.7217919921875
Workflow reversal,Window 8,Discover once,930000,45,0.6,3,True,True,0.5749181111653646,0.020833333333333332,0.026875,0.018206888834635417,0.0017981974283854168,338.9791666666667,0.0,0.7217919921875
Workflow reversal,Window 8,Discover once,930000,46,0.6,3,True,True,0.5767916870117188,0.0,0.024999999999999998,0.01820831298828125,0.00179962158203125,338.9583333333333,0.020833333333333332,0.7217919921875
Workflow reversal,Window 8,Discover once,930000,47,0.6,3,True,True,0.5766551717122396,0.0,0.024999999999999998,0.018344828287760417,0.0018018595377604165,341.5,0.020833333333333332,0.721630859375
Workflow reversal,Window 8,Discover once,930000,48,0.6,3,True,True,0.5767894490559896,0.0,0.024999999999999998,0.018210550944010414,0.0018018595377604165,339.0,0.020833333333333332,0.7217919921875
Workflow reversal,Window 8,Discover once,930000,49,0.6,3,True,True,0.5818151855468751,0.0,0.02,0.018184814453125,0.0018029785156250002,338.5208333333333,0.020833333333333332,0.7217919921875
Workflow reversal,Window 8,Discover once,930000,50,0.6,3,True,True,0.576654052734375,0.0,0.024999999999999998,0.018345947265625,0.0018029785156250002,341.5208333333333,0.020833333333333332,0.721630859375
Workflow reversal,Window 8,Discover once,930000,51,0.6,3,True,True,0.5816562906901042,0.0,0.02,0.018343709309895834,0.0018007405598958334,341.4791666666667,0.020833333333333332,0.721630859375
Workflow reversal,Window 8,Discover once,930000,52,0.6,3,True,True,0.5816596476236978,0.0,0.02,0.01834035237630208,0.0017973836263020834,341.4166666666667,0.020833333333333332,0.721630859375
Workflow reversal,Window 8,Discover once,930000,53,0.6,3,True,True,0.5717928059895834,0.0,0.03,0.018207194010416664,0.0017985026041666668,338.9375,0.020833333333333332,0.7217919921875
Workflow reversal,Window 8,Discover once,930000,54,0.6,3,True,True,0.5818140665690105,0.0,0.02,0.018185933430989582,0.0018029785156250002,338.5416666666667,0.020833333333333332,0.7217919921875
Workflow reversal,Window 8,Discover once,930000,55,0.6,3,True,True,0.5816562906901042,0.0,0.02,0.018343709309895834,0.0018007405598958334,341.4791666666667,0.020833333333333332,0.721630859375
Workflow reversal,Window 8,Discover once,930000,56,0.6,3,True,True,0.5716540527343751,0.0,0.03,0.018345947265625,0.0018029785156250002,341.5208333333333,0.020833333333333332,0.721630859375
Workflow reversal,Window 8,Discover once,930000,57,0.6,3,True,True,0.5742916870117187,0.0,0.0275,0.01820831298828125,0.00179962158203125,338.9583333333333,0.020833333333333332,0.7217919921875
Workflow reversal,Window 8,Discover once,930000,58,0.6,3,True,True,0.5817894490559896,0.0,0.02,0.018210550944010414,0.0018018595377604165,339.0,0.020833333333333332,0.7217919921875
Workflow reversal,Window 8,Discover once,930000,59,0.6,3,True,True,0.5766518147786458,0.0,0.024999999999999998,0.018348185221354164,0.0018052164713541667,341.5625,0.020833333333333332,0.721630859375
Workflow reversal,Window 8,Discover once,930000,60,0.6,3,True,True,0.5766574096679687,0.0,0.024999999999999998,0.018342590332031252,0.00179962158203125,341.4583333333333,0.020833333333333332,0.721630859375
Workflow reversal,Window 8,Discover once,930000,61,0.6,3,True,True,0.5817939249674479,0.0,0.02,0.018206075032552085,0.0017973836263020834,338.9166666666667,0.020833333333333332,0.7217919921875
Workflow reversal,Window 8,Discover once,930000,62,0.6,3,True,True,0.5767905680338542,0.0,0.024999999999999998,0.01820943196614583,0.0018007405598958334,338.9791666666667,0.020833333333333332,0.7217919921875
Workflow reversal,Window 8,Discover once,930000,63,0.6,3,True,True,0.5817894490559896,0.0,0.02,0.018210550944010414,0.0018018595377604165,339.0,0.020833333333333332,0.7217919921875
Workflow reversal,Window 8,Discover once,930000,64,0.6,3,True,True,0.5767905680338542,0.0,0.024999999999999998,0.01820943196614583,0.00179962158203125,338.9791666666667,0.020833333333333332,0.7217919921875
Workflow reversal,Window 8,Discover once,930000,65,0.6,3,True,True,0.5766574096679687,0.0,0.024999999999999998,0.018342590332031252,0.00179962158203125,341.4583333333333,0.020833333333333332,0.721630859375
Workflow reversal,Window 8,Discover once,930000,66,0.6,3,True,True,0.5817905680338541,0.0,0.02,0.01820943196614583,0.0018007405598958334,338.9791666666667,0.020833333333333332,0.7217919921875
Workflow reversal,Window 8,Discover once,930000,67,0.6,3,True,True,0.5667919921875,0.0,0.034999999999999996,0.018208007812499996,0.00179931640625,339.0,0.0,0.7217919921875
Workflow reversal,Window 8,Discover once,930000,68,0.6,3,True,True,0.5817905680338541,0.0,0.02,0.01820943196614583,0.0018007405598958334,338.9791666666667,0.020833333333333332,0.7217919921875
Workflow reversal,Window 8,Discover once,930000,69,0.6,3,True,True,0.5767905680338542,0.0,0.024999999999999998,0.01820943196614583,0.0018007405598958334,338.9791666666667,0.020833333333333332,0.7217919921875
Workflow reversal,Window 8,Discover once,930000,70,0.6,3,True,True,0.5767928059895834,0.0,0.024999999999999998,0.018207194010416664,0.0017985026041666668,338.9375,0.020833333333333332,0.7217919921875
Workflow reversal,Window 8,Discover once,930000,71,0.6,3,True,True,0.581654052734375,0.0,0.02,0.018345947265625,0.0018029785156250002,341.5208333333333,0.020833333333333332,0.721630859375
Workflow reversal,Window 8,Discover once,930000,72,0.6,3,True,True,0.5816529337565104,0.0,0.02,0.018347066243489585,0.0018040974934895833,341.5416666666667,0.020833333333333332,0.721630859375
Workflow reversal,Window 8,Discover once,930000,73,0.6,3,True,True,0.5642942301432292,0.0,0.0375,0.01820576985677083,0.0017970784505208332,338.9583333333333,0.0,0.7217919921875
Workflow reversal,Window 8,Discover once,930000,74,0.6,3,True,True,0.5816551717122396,0.0,0.02,0.018344828287760417,0.0018018595377604165,341.5,0.020833333333333332,0.721630859375
Workflow reversal,Window 8,Discover once,930000,75,0.6,3,True,True,0.5766574096679687,0.0,0.024999999999999998,0.018342590332031252,0.00179962158203125,341.4583333333333,0.020833333333333332,0.721630859375
Workflow reversal,Window 8,Discover once,930000,76,0.6,3,True,True,0.5766574096679687,0.0,0.024999999999999998,0.018342590332031252,0.00179962158203125,341.4583333333333,0.020833333333333332,0.721630859375
Workflow reversal,Window 8,Discover once,930000,77,0.6,3,True,True,0.5766529337565104,0.0,0.025000000000000005,0.018347066243489585,0.0018040974934895833,341.5416666666667,0.020833333333333332,0.721630859375
Workflow reversal,Window 8,Discover once,930000,78,0.6,3,True,True,0.576654052734375,0.0,0.024999999999999998,0.018345947265625,0.0018029785156250002,341.5208333333333,0.020833333333333332,0.721630859375
Workflow reversal,Window 8,Discover once,930000,79,0.6,3,True,True,0.566654052734375,0.0,0.035,0.018345947265625,0.0018029785156250002,341.5208333333333,0.020833333333333332,0.721630859375
Workflow reversal,Window 8,Discover once,930000,80,0.6,3,True,True,0.5766562906901042,0.0,0.024999999999999998,0.018343709309895834,0.0018007405598958334,341.4791666666667,0.020833333333333332,0.721630859375
Workflow reversal,Window 8,Discover once,930000,81,0.6,3,True,True,0.5693140665690104,0.0,0.0325,0.018185933430989582,0.0018040974934895833,338.5416666666667,0.020833333333333332,0.7217919921875
Workflow reversal,Window 8,Discover once,930000,82,0.6,3,True,True,0.5717928059895834,0.0,0.03,0.018207194010416664,0.0017985026041666668,338.9375,0.020833333333333332,0.7217919921875
Workflow reversal,Window 8,Discover once,930000,83,0.6,3,True,True,0.5542931111653645,0.0,0.04750000000000001,0.018206888834635417,0.0017981974283854168,338.9791666666667,0.0,0.7217919921875
Workflow reversal,Window 8,Discover once,930000,84,0.6,3,True,True,0.5641562906901041,0.0,0.0375,0.018343709309895834,0.0018007405598958334,341.4791666666667,0.020833333333333332,0.721630859375
Workflow reversal,Window 8,Discover once,930000,85,0.6,3,True,True,0.5292931111653646,0.0,0.07250000000000001,0.018206888834635417,0.0017981974283854168,338.9791666666667,0.0,0.7217919921875
Workflow reversal,Window 8,Discover once,930000,86,0.6,3,True,True,0.5767916870117188,0.0,0.024999999999999998,0.01820831298828125,0.0017985026041666668,338.9583333333333,0.020833333333333332,0.7217852783203125
Workflow reversal,Window 8,Discover once,930000,87,0.6,3,True,True,0.5767939249674479,0.0,0.024999999999999998,0.018206075032552085,0.0017973836263020834,338.9166666666667,0.020833333333333332,0.7217919921875
Workflow reversal,Window 8,Discover once,930000,88,0.6,3,True,True,0.5816574096679688,0.0,0.02,0.018342590332031252,0.00179962158203125,341.4583333333333,0.020833333333333332,0.721630859375
Workflow reversal,Window 8,Discover once,930000,89,0.6,3,True,True,0.5767905680338542,0.0,0.024999999999999998,0.01820943196614583,0.0018007405598958334,338.9791666666667,0.020833333333333332,0.7217919921875
Workflow reversal,Window 8,Discover once,930000,90,0.6,3,True,True,0.5767905680338542,0.0,0.024999999999999998,0.01820943196614583,0.0018007405598958334,338.9791666666667,0.020833333333333332,0.7217919921875
Workflow reversal,Window 8,Discover once,930000,91,0.6,3,True,True,0.5766562906901042,0.0,0.024999999999999998,0.018343709309895834,0.0018007405598958334,341.4791666666667,0.020833333333333332,0.721630859375
Workflow reversal,Window 8,Discover once,930000,92,0.6,3,True,True,0.581654052734375,0.0,0.02,0.018345947265625,0.0018029785156250002,341.5208333333333,0.020833333333333332,0.721630859375
Workflow reversal,Window 8,Discover once,930000,93,0.6,3,True,True,0.581788330078125,0.0,0.02,0.018211669921874996,0.0018018595377604165,339.0208333333333,0.020833333333333332,0.7217852783203125
Workflow reversal,Window 8,Discover once,930000,94,0.6,3,True,True,0.5817928059895833,0.0,0.02,0.018207194010416664,0.0017985026041666668,338.9375,0.020833333333333332,0.7217919921875
Workflow reversal,Window 8,Discover once,930000,95,0.6,3,True,True,0.5816574096679688,0.0,0.02,0.018342590332031252,0.00179962158203125,341.4583333333333,0.020833333333333332,0.721630859375
Workflow reversal,Window 8,Repeated discovery,930000,0,0.6,3,True,True,0.5968204752604166,0.0,0.005,0.01817952473958333,0.010767415364583333,338.375,0.041666666666666664,0.7218170166015625
Workflow reversal,Window 8,Repeated discovery,930000,1,0.6,3,True,True,0.5918204752604167,0.0,0.01,0.01817952473958333,0.010767415364583333,338.375,0.041666666666666664,0.721832275390625
Workflow reversal,Window 8,Repeated discovery,930000,2,0.6,3,True,True,0.5968241373697917,0.0,0.005,0.018175862630208334,0.010763753255208335,338.3541666666667,0.020833333333333332,0.721832275390625
Workflow reversal,Window 8,Repeated discovery,930000,3,0.6,3,True,True,0.596824951171875,0.0,0.005,0.018175048828125,0.010762939453125,338.2916666666667,0.041666666666666664,0.721832275390625
Workflow reversal,Window 8,Repeated discovery,930000,4,0.6,3,True,True,0.5968204752604166,0.0,0.005,0.01817952473958333,0.010767415364583333,338.375,0.041666666666666664,0.7218170166015625
Workflow reversal,Window 8,Repeated discovery,930000,5,0.6,3,True,True,0.5968241373697917,0.0,0.005,0.018175862630208334,0.010763753255208335,338.3541666666667,0.020833333333333332,0.7218170166015625
Workflow reversal,Window 8,Repeated discovery,930000,6,0.6,3,True,True,0.5968179321289062,0.0,0.005,0.01818206787109375,0.01076995849609375,338.375,0.0625,0.7218170166015625
Workflow reversal,Window 8,Repeated discovery,930000,7,0.6,3,True,True,0.5968179321289062,0.0,0.005,0.01818206787109375,0.01076995849609375,338.375,0.0625,0.721832275390625
Workflow reversal,Window 8,Repeated discovery,930000,8,0.6,3,True,True,0.5968190511067708,0.0,0.005,0.01818094889322917,0.010768839518229168,338.3541666666667,0.0625,0.721832275390625
Workflow reversal,Window 8,Repeated discovery,930000,9,0.6,3,True,True,0.586817626953125,0.0,0.015,0.018182373046875002,0.010770263671875,338.3333333333333,0.08333333333333333,0.7218170166015625
Workflow reversal,Window 8,Repeated discovery,930000,10,0.6,3,True,True,0.5718204752604167,0.0,0.03,0.01817952473958333,0.010767415364583333,338.375,0.041666666666666664,0.721832275390625
Workflow reversal,Window 8,Repeated discovery,930000,11,0.6,3,True,True,0.5968201700846354,0.0,0.005,0.018179829915364584,0.010767720540364583,338.3333333333333,0.0625,0.721832275390625
Workflow reversal,Window 8,Repeated discovery,930000,12,0.6,3,True,True,0.5918215942382813,0.0,0.01,0.018178405761718752,0.01076629638671875,338.3541666666667,0.041666666666666664,0.721832275390625
Workflow reversal,Window 8,Repeated discovery,930000,13,0.6,3,True,True,0.5918165079752605,0.0,0.01,0.018183492024739584,0.010771382649739585,338.3541666666667,0.08333333333333333,0.7218170166015625
Workflow reversal,Window 8,Repeated discovery,930000,14,0.6,3,True,True,0.5968153889973958,0.0,0.005,0.018184611002604167,0.010772501627604167,338.375,0.08333333333333333,0.7218170166015625
Workflow reversal,Window 8,Repeated discovery,930000,15,0.6,3,True,True,0.5868190511067709,0.0,0.015,0.01818094889322917,0.010768839518229168,338.3541666666667,0.0625,0.721832275390625
Workflow reversal,Window 8,Repeated discovery,930000,16,0.6,3,True,True,0.5968238321940104,0.0,0.005,0.018176167805989584,0.010764058430989584,338.3125,0.041666666666666664,0.721832275390625
Workflow reversal,Window 8,Repeated discovery,930000,17,0.6,3,True,True,0.5918425496419272,0.0,0.01,0.018157450358072917,0.010772196451822917,337.9166666666667,0.0625,0.721832275390625
Workflow reversal,Window 8,Repeated discovery,930000,18,0.6,3,True,True,0.5968215942382812,0.0,0.005,0.018178405761718752,0.01076629638671875,338.3541666666667,0.041666666666666664,0.721832275390625
Workflow reversal,Window 8,Repeated discovery,930000,19,0.6,3,True,True,0.5918165079752605,0.0,0.01,0.018183492024739584,0.010771382649739585,338.3541666666667,0.08333333333333333,0.7218170166015625
Workflow reversal,Window 8,Repeated discovery,930000,20,0.6,3,True,True,0.566817626953125,0.0,0.034999999999999996,0.018182373046875002,0.010770263671875,338.3333333333333,0.08333333333333333,0.7218170166015625
Workflow reversal,Window 8,Repeated discovery,930000,21,0.6,3,True,True,0.5793450927734375,0.0,0.022500000000000003,0.0181549072265625,0.010769653320312501,337.9166666666667,0.041666666666666664,0.721832275390625
Workflow reversal,Window 8,Repeated discovery,930000,22,0.6,3,True,True,0.6018190511067708,0.0,0.0,0.01818094889322917,0.010768839518229168,338.3541666666667,0.0625,0.721832275390625
Workflow reversal,Window 8,Repeated discovery,930000,23,0.6,3,True,True,0.5818201700846354,0.0,0.02,0.018179829915364584,0.010767720540364583,338.3333333333333,0.0625,0.721832275390625
Workflow reversal,Window 8,Repeated discovery,930000,24,0.6,3,True,True,0.5968179321289062,0.0,0.005,0.01818206787109375,0.01076995849609375,338.375,0.0625,0.721832275390625
Workflow reversal,Window 8,Repeated discovery,930000,25,0.6,3,True,True,0.581846211751302,0.0,0.02,0.018153788248697917,0.010768534342447919,337.8958333333333,0.041666666666666664,0.721832275390625
Workflow reversal,Window 8,Repeated discovery,930000,26,0.6,3,True,True,0.5918179321289063,0.0,0.01,0.01818206787109375,0.01076995849609375,338.375,0.0625,0.7218170166015625
Workflow reversal,Window 8,Repeated discovery,930000,27,0.6,3,True,True,0.5968179321289062,0.0,0.005,0.01818206787109375,0.01076995849609375,338.375,0.0625,0.7218170166015625
Workflow reversal,Window 8,Repeated discovery,930000,28,0.6,3,True,True,0.5968201700846354,0.0,0.005,0.018179829915364584,0.010767720540364583,338.3333333333333,0.0625,0.7218170166015625
Workflow reversal,Window 8,Repeated discovery,930000,29,0.6,3,True,True,0.5868168131510417,0.0,0.015,0.018183186848958335,0.010771077473958335,338.3958333333333,0.0625,0.721832275390625
Workflow reversal,Window 8,Repeated discovery,930000,30,0.6,3,True,True,0.5918176269531251,0.0,0.01,0.018182373046875002,0.010770263671875,338.3333333333333,0.08333333333333333,0.721832275390625
Workflow reversal,Window 8,Repeated discovery,930000,31,0.6,3,True,True,0.5893227132161458,0.0,0.012499999999999999,0.018177286783854166,0.010765177408854167,338.3333333333333,0.041666666666666664,0.721832275390625
Workflow reversal,Window 8,Repeated discovery,930000,32,0.6,3,True,True,0.5968263753255209,0.0,0.005,0.018173624674479166,0.010761515299479168,338.3125,0.020833333333333332,0.721832275390625
Workflow reversal,Window 8,Repeated discovery,930000,33,0.6,3,True,True,0.5918436686197918,0.0,0.01,0.01815633138020833,0.010771077473958335,337.8958333333333,0.0625,0.721832275390625
Workflow reversal,Window 8,Repeated discovery,930000,34,0.6,3,True,True,0.6018201700846354,0.0,0.0,0.018179829915364584,0.010767720540364583,338.3333333333333,0.0625,0.721832275390625
Workflow reversal,Window 8,Repeated discovery,930000,35,0.6,3,True,True,0.5968179321289062,0.0,0.005,0.01818206787109375,0.01076995849609375,338.375,0.0625,0.7218170166015625
Workflow reversal,Window 8,Repeated discovery,930000,36,0.6,3,True,True,0.5968212890625,0.0,0.005,0.0181787109375,0.0107666015625,338.3125,0.0625,0.7218170166015625
Workflow reversal,Window 8,Repeated discovery,930000,37,0.6,3,True,True,0.5868168131510417,0.0,0.015,0.018183186848958335,0.010771077473958335,338.3958333333333,0.0625,0.7218170166015625
Workflow reversal,Window 8,Repeated discovery,930000,38,0.6,3,True,True,0.5918436686197918,0.0,0.01,0.01815633138020833,0.010771077473958335,337.8958333333333,0.0625,0.721832275390625
Workflow reversal,Window 8,Repeated discovery,930000,39,0.6,3,True,True,0.5868153889973958,0.0,0.015,0.018184611002604167,0.010772501627604167,338.375,0.08333333333333333,0.7218170166015625
Workflow reversal,Window 8,Repeated discovery,930000,40,0.6,3,True,True,0.5968165079752604,0.0,0.005,0.018183492024739584,0.010771382649739585,338.3541666666667,0.08333333333333333,0.7218170166015625
Workflow reversal,Window 8,Repeated discovery,930000,41,0.6,3,True,True,0.5968190511067708,0.0,0.005,0.01818094889322917,0.010768839518229168,338.3541666666667,0.0625,0.721832275390625
Workflow reversal,Window 8,Repeated discovery,930000,42,0.6,3,True,True,0.5868165079752604,0.0,0.015,0.018183492024739584,0.010771382649739585,338.3541666666667,0.08333333333333333,0.721832275390625
Workflow reversal,Window 8,Repeated discovery,930000,43,0.6,3,True,True,0.5643179321289064,0.0,0.0375,0.01818206787109375,0.01076995849609375,338.375,0.0625,0.721832275390625
Workflow reversal,Window 8,Repeated discovery,930000,44,0.6,3,True,True,0.591826375325521,0.0,0.01,0.018173624674479166,0.010761515299479168,338.3125,0.020833333333333332,0.721832275390625
Workflow reversal,Window 8,Repeated discovery,930000,45,0.6,3,True,True,0.6018215942382813,0.0,0.0,0.018178405761718752,0.01076629638671875,338.3541666666667,0.041666666666666664,0.7218170166015625
Workflow reversal,Window 8,Repeated discovery,930000,46,0.6,3,True,True,0.5968150838216145,0.0,0.005,0.018184916178385416,0.010772806803385417,338.3333333333333,0.10416666666666667,0.7218170166015625
Workflow reversal,Window 8,Repeated discovery,930000,47,0.6,3,True,True,0.5868204752604167,0.0,0.015,0.01817952473958333,0.010767415364583333,338.375,0.041666666666666664,0.721832275390625
Workflow reversal,Window 8,Repeated discovery,930000,48,0.6,3,True,True,0.5868204752604167,0.0,0.015,0.01817952473958333,0.010767415364583333,338.375,0.041666666666666664,0.721832275390625
Workflow reversal,Window 8,Repeated discovery,930000,49,0.6,3,True,True,0.5968462117513021,0.0,0.005,0.018153788248697917,0.010768534342447919,337.8958333333333,0.041666666666666664,0.721832275390625
Workflow reversal,Window 8,Repeated discovery,930000,50,0.6,3,True,True,0.5968168131510417,0.0,0.005,0.018183186848958335,0.010771077473958335,338.3958333333333,0.0625,0.721832275390625
Workflow reversal,Window 8,Repeated discovery,930000,51,0.6,3,True,True,0.5918190511067709,0.0,0.01,0.01818094889322917,0.010768839518229168,338.3541666666667,0.0625,0.721832275390625
Workflow reversal,Window 8,Repeated discovery,930000,52,0.6,3,True,True,0.596824951171875,0.0,0.005,0.018175048828125,0.010762939453125,338.2916666666667,0.041666666666666664,0.7218170166015625
Workflow reversal,Window 8,Repeated discovery,930000,53,0.6,3,True,True,0.5818187459309896,0.0,0.02,0.018181254069010416,0.010769144694010418,338.3125,0.08333333333333333,0.7218170166015625
Workflow reversal,Window 8,Repeated discovery,930000,54,0.6,3,True,True,0.5968374633789063,0.0,0.005,0.01816253662109375,0.010776163736979169,337.9166666666667,0.10416666666666667,0.721832275390625
Workflow reversal,Window 8,Repeated discovery,930000,55,0.6,3,True,True,0.5968165079752604,0.0,0.005,0.018183492024739584,0.010771382649739585,338.3541666666667,0.08333333333333333,0.721832275390625
Workflow reversal,Window 8,Repeated discovery,930000,56,0.6,3,True,True,0.5868168131510417,0.0,0.015,0.018183186848958335,0.010771077473958335,338.3958333333333,0.0625,0.7218170166015625
Workflow reversal,Window 8,Repeated discovery,930000,57,0.6,3,True,True,0.5968201700846354,0.0,0.005,0.018179829915364584,0.010767720540364583,338.3333333333333,0.0625,0.7218170166015625
Workflow reversal,Window 8,Repeated discovery,930000,58,0.6,3,True,True,0.5868179321289063,0.0,0.015,0.01818206787109375,0.01076995849609375,338.375,0.0625,0.7218170166015625
Workflow reversal,Window 8,Repeated discovery,930000,59,0.6,3,True,True,0.5968120320638022,0.0,0.005,0.01818796793619792,0.010775858561197916,338.4375,0.08333333333333333,0.721832275390625
Workflow reversal,Window 8,Repeated discovery,930000,60,0.6,3,True,True,0.5968150838216145,0.0,0.005,0.018184916178385416,0.010772806803385417,338.3333333333333,0.10416666666666667,0.7218170166015625
Workflow reversal,Window 8,Repeated discovery,930000,61,0.6,3,True,True,0.6018198649088542,0.0,0.0,0.01818013509114583,0.010768025716145832,338.2916666666667,0.08333333333333333,0.7218170166015625
Workflow reversal,Window 8,Repeated discovery,930000,62,0.6,3,True,True,0.5968241373697917,0.0,0.005,0.018175862630208334,0.010763753255208335,338.3541666666667,0.020833333333333332,0.721832275390625
Workflow reversal,Window 8,Repeated discovery,930000,63,0.6,3,True,True,0.5968204752604166,0.0,0.005,0.01817952473958333,0.010767415364583333,338.375,0.041666666666666664,0.721832275390625
Workflow reversal,Window 8,Repeated discovery,930000,64,0.6,3,True,True,0.5918201700846355,0.0,0.01,0.018179829915364584,0.010767720540364583,338.3333333333333,0.0625,0.7218170166015625
Workflow reversal,Window 8,Repeated discovery,930000,65,0.6,3,True,True,0.5918201700846355,0.0,0.01,0.018179829915364584,0.010767720540364583,338.3333333333333,0.0625,0.7218170166015625
Workflow reversal,Window 8,Repeated discovery,930000,66,0.6,3,True,True,0.5918190511067709,0.0,0.01,0.01818094889322917,0.010768839518229168,338.3541666666667,0.0625,0.721832275390625
Workflow reversal,Window 8,Repeated discovery,930000,67,0.6,3,True,True,0.5968230183919271,0.0,0.005,0.018176981608072917,0.010764872233072917,338.375,0.020833333333333332,0.721832275390625
Workflow reversal,Window 8,Repeated discovery,930000,68,0.6,3,True,True,0.5968190511067708,0.0,0.005,0.01818094889322917,0.010768839518229168,338.3541666666667,0.0625,0.7218170166015625
Workflow reversal,Window 8,Repeated discovery,930000,69,0.6,3,True,True,0.5868190511067709,0.0,0.015,0.01818094889322917,0.010768839518229168,338.3541666666667,0.0625,0.7218170166015625
Workflow reversal,Window 8,Repeated discovery,930000,70,0.6,3,True,True,0.5918212890625001,0.0,0.01,0.0181787109375,0.0107666015625,338.3125,0.0625,0.721832275390625
Workflow reversal,Window 8,Repeated discovery,930000,71,0.6,3,True,True,0.5968142700195312,0.0,0.005,0.01818572998046875,0.010773620605468751,338.3958333333333,0.08333333333333333,0.7218170166015625
Workflow reversal,Window 8,Repeated discovery,930000,72,0.6,3,True,True,0.5968182373046875,0.0,0.005,0.018181762695312503,0.010769653320312501,338.4166666666667,0.041666666666666664,0.721832275390625
Workflow reversal,Window 8,Repeated discovery,930000,73,0.6,3,True,True,0.5893227132161458,0.0,0.012500000000000002,0.018177286783854166,0.010765177408854167,338.3333333333333,0.041666666666666664,0.7218170166015625
Workflow reversal,Window 8,Repeated discovery,930000,74,0.6,3,True,True,0.5968204752604166,0.0,0.005,0.01817952473958333,0.010767415364583333,338.375,0.041666666666666664,0.721832275390625
Workflow reversal,Window 8,Repeated discovery,930000,75,0.6,3,True,True,0.5818201700846354,0.0,0.02,0.018179829915364584,0.010767720540364583,338.3333333333333,0.0625,0.7218170166015625
Workflow reversal,Window 8,Repeated discovery,930000,76,0.6,3,True,True,0.5968227132161458,0.0,0.005,0.018177286783854166,0.010765177408854167,338.3333333333333,0.041666666666666664,0.721832275390625
Workflow reversal,Window 8,Repeated discovery,930000,77,0.6,3,True,True,0.5693131510416667,0.0,0.0325,0.018186848958333335,0.010774739583333333,338.4166666666667,0.08333333333333333,0.721832275390625
Workflow reversal,Window 8,Repeated discovery,930000,78,0.6,3,True,True,0.5968193562825521,0.0,0.005,0.018180643717447917,0.010768534342447919,338.3958333333333,0.041666666666666664,0.721832275390625
Workflow reversal,Window 8,Repeated discovery,930000,79,0.6,3,True,True,0.5743168131510417,0.0,0.027500000000000007,0.018183186848958335,0.010771077473958335,338.3958333333333,0.0625,0.7218170166015625
Workflow reversal,Window 8,Repeated discovery,930000,80,0.6,3,True,True,0.5818215942382813,0.0,0.02,0.018178405761718752,0.01076629638671875,338.3541666666667,0.041666666666666664,0.721832275390625
Workflow reversal,Window 8,Repeated discovery,930000,81,0.6,3,True,True,0.5893400065104166,0.0,0.012499999999999999,0.018159993489583335,0.010774739583333333,337.9166666666667,0.08333333333333333,0.7218170166015625
Workflow reversal,Window 8,Repeated discovery,930000,82,0.6,3,True,True,0.5968212890625,0.0,0.005,0.0181787109375,0.0107666015625,338.3125,0.0625,0.721832275390625
Workflow reversal,Window 8,Repeated discovery,930000,83,0.6,3,True,True,0.5943190511067709,0.0,0.0075,0.01818094889322917,0.010768839518229168,338.3541666666667,0.0625,0.721832275390625
Workflow reversal,Window 8,Repeated discovery,930000,84,0.6,3,True,True,0.5768241373697917,0.0,0.024999999999999998,0.018175862630208334,0.010763753255208335,338.3541666666667,0.020833333333333332,0.721832275390625
Workflow reversal,Window 8,Repeated discovery,930000,85,0.6,3,True,True,0.5868241373697917,0.0,0.015,0.018175862630208334,0.010763753255208335,338.3541666666667,0.020833333333333332,0.721832275390625
Workflow reversal,Window 8,Repeated discovery,930000,86,0.6,3,True,True,0.5868212890625001,0.0,0.015,0.0181787109375,0.0107666015625,338.3125,0.0625,0.7218170166015625
Workflow reversal,Window 8,Repeated discovery,930000,87,0.6,3,True,True,0.581824951171875,0.0,0.02,0.018175048828125,0.010762939453125,338.2916666666667,0.041666666666666664,0.7218170166015625
Workflow reversal,Window 8,Repeated discovery,930000,88,0.6,3,True,True,0.5893176269531251,0.0,0.012499999999999999,0.018182373046875002,0.010770263671875,338.3333333333333,0.08333333333333333,0.7218170166015625
Workflow reversal,Window 8,Repeated discovery,930000,89,0.6,3,True,True,0.5868165079752604,0.0,0.015,0.018183492024739584,0.010771382649739585,338.3541666666667,0.08333333333333333,0.7218170166015625
Workflow reversal,Window 8,Repeated discovery,930000,90,0.6,3,True,True,0.5818190511067708,0.0,0.02,0.01818094889322917,0.010768839518229168,338.3541666666667,0.0625,0.721832275390625
Workflow reversal,Window 8,Repeated discovery,930000,91,0.6,3,True,True,0.5968190511067708,0.0,0.005,0.01818094889322917,0.010768839518229168,338.3541666666667,0.0625,0.721832275390625
Workflow reversal,Window 8,Repeated discovery,930000,92,0.6,3,True,True,0.5868168131510417,0.0,0.015,0.018183186848958335,0.010771077473958335,338.3958333333333,0.0625,0.721832275390625
Workflow reversal,Window 8,Repeated discovery,930000,93,0.6,3,True,True,0.5968179321289062,0.0,0.005,0.01818206787109375,0.01076995849609375,338.375,0.0625,0.721832275390625
Workflow reversal,Window 8,Repeated discovery,930000,94,0.6,3,True,True,0.5868238321940105,0.0,0.015,0.018176167805989584,0.010764058430989584,338.3125,0.041666666666666664,0.721832275390625
Workflow reversal,Window 8,Repeated discovery,930000,95,0.6,3,True,True,0.5968201700846354,0.0,0.005,0.018179829915364584,0.010767720540364583,338.3333333333333,0.0625,0.721832275390625
Workflow reversal,Window 8,Discover once,930000,0,0.6,6,True,True,0.5868051147460938,0.0,0.015,0.018194885253906248,0.0017850748697916666,338.7083333333333,0.020833333333333332,0.7217919921875
Workflow reversal,Window 8,Discover once,930000,1,0.6,6,True,True,0.569169718424479,0.0,0.032499999999999994,0.018330281575520833,0.0017873128255208332,341.2291666666667,0.020833333333333332,0.721630859375
Workflow reversal,Window 8,Discover once,930000,2,0.6,6,True,True,0.5818076578776042,0.0,0.02,0.01819234212239583,0.0017836507161458333,338.7083333333333,0.0,0.7217919921875
Workflow reversal,Window 8,Discover once,930000,3,0.6,6,True,True,0.5816753133138021,0.0,0.02,0.018324686686197914,0.0017817179361979167,341.125,0.020833333333333332,0.721630859375
Workflow reversal,Window 8,Discover once,930000,4,0.6,6,True,True,0.5716708374023437,0.0,0.03,0.01832916259765625,0.00178619384765625,341.2083333333333,0.020833333333333332,0.721630859375
Workflow reversal,Window 8,Discover once,930000,5,0.6,6,True,True,0.5768017578125,0.0,0.024999999999999998,0.0181982421875,0.0017895507812499998,338.7708333333333,0.020833333333333332,0.7217919921875
Workflow reversal,Window 8,Discover once,930000,6,0.6,6,True,True,0.5768039957682292,0.0,0.024999999999999998,0.01819600423177083,0.0017873128255208332,338.7291666666667,0.020833333333333332,0.7217919921875
Workflow reversal,Window 8,Discover once,930000,7,0.6,6,True,True,0.5866697184244791,0.0,0.015,0.018330281575520833,0.0017873128255208332,341.2291666666667,0.020833333333333332,0.721630859375
Workflow reversal,Window 8,Discover once,930000,8,0.6,6,True,True,0.5768017578125,0.0,0.024999999999999998,0.0181982421875,0.0017895507812499998,338.7708333333333,0.020833333333333332,0.7217919921875
Workflow reversal,Window 8,Discover once,930000,9,0.6,6,True,True,0.5766708374023438,0.0,0.024999999999999998,0.01832916259765625,0.00178619384765625,341.2083333333333,0.020833333333333332,0.721630859375
Workflow reversal,Window 8,Discover once,930000,10,0.6,6,True,True,0.5543043009440104,0.0,0.04750000000000001,0.018195699055989584,0.0017870076497395833,338.7708333333333,0.0,0.7217919921875
Workflow reversal,Window 8,Discover once,930000,11,0.6,6,True,True,0.5768062337239583,0.0,0.024999999999999998,0.018193766276041665,0.00178619384765625,338.6875,0.020833333333333332,0.7217919921875
Workflow reversal,Window 8,Discover once,930000,12,0.6,6,True,True,0.5418076578776041,0.0,0.060000000000000005,0.01819234212239583,0.0017836507161458333,338.7083333333333,0.0,0.7217919921875
Workflow reversal,Window 8,Discover once,930000,13,0.6,6,True,True,0.5868051147460938,0.0,0.015,0.018194885253906248,0.00178619384765625,338.7083333333333,0.020833333333333332,0.7217919921875
Workflow reversal,Window 8,Discover once,930000,14,0.6,6,True,True,0.5818028767903646,0.0,0.02,0.018197123209635416,0.0017884318033854166,338.75,0.020833333333333332,0.7217919921875
Workflow reversal,Window 8,Discover once,930000,15,0.6,6,True,True,0.5768039957682292,0.0,0.024999999999999998,0.01819600423177083,0.0017873128255208332,338.7291666666667,0.020833333333333332,0.7217919921875
Workflow reversal,Window 8,Discover once,930000,16,0.6,6,True,True,0.5866730753580729,0.0,0.015,0.018326924641927086,0.0017839558919270835,341.1666666666667,0.020833333333333332,0.721630859375
Workflow reversal,Window 8,Discover once,930000,17,0.6,6,True,True,0.5768039957682292,0.0,0.024999999999999998,0.01819600423177083,0.0017873128255208332,338.7291666666667,0.020833333333333332,0.7217919921875
Workflow reversal,Window 8,Discover once,930000,18,0.6,6,True,True,0.5841730753580728,0.0,0.017499999999999998,0.018326924641927086,0.0017839558919270835,341.1666666666667,0.020833333333333332,0.721630859375
Workflow reversal,Window 8,Discover once,930000,19,0.6,6,True,True,0.5668087768554687,0.0,0.035,0.01819122314453125,0.00178253173828125,338.6875,0.0,0.7217919921875
Workflow reversal,Window 8,Discover once,930000,20,0.6,6,True,True,0.5643076578776042,0.0,0.0375,0.01819234212239583,0.0017836507161458333,338.7083333333333,0.0,0.7217919921875
Workflow reversal,Window 8,Discover once,930000,21,0.6,6,True,True,0.5766685994466146,0.0,0.024999999999999998,0.01833140055338542,0.0017884318033854166,341.25,0.020833333333333332,0.721630859375
Workflow reversal,Window 8,Discover once,930000,22,0.6,6,True,True,0.5791697184244792,0.0,0.022500000000000003,0.018330281575520833,0.0017873128255208332,341.2291666666667,0.020833333333333332,0.721630859375
Workflow reversal,Window 8,Discover once,930000,23,0.6,6,True,True,0.5766685994466146,0.0,0.024999999999999998,0.01833140055338542,0.0017884318033854166,341.25,0.020833333333333332,0.721630859375
Workflow reversal,Window 8,Discover once,930000,24,0.6,6,True,True,0.5668076578776041,0.0,0.034999999999999996,0.01819234212239583,0.0017836507161458333,338.7083333333333,0.0,0.7217919921875
Workflow reversal,Window 8,Discover once,930000,25,0.6,6,True,True,0.5768017578125,0.0,0.024999999999999998,0.0181982421875,0.0017895507812499998,338.7708333333333,0.020833333333333332,0.7217919921875
Workflow reversal,Window 8,Discover once,930000,26,0.6,6,True,True,0.5868006388346354,0.0,0.015,0.01819936116536458,0.0017906697591145834,338.7916666666667,0.020833333333333332,0.7217919921875
Workflow reversal,Window 8,Discover once,930000,27,0.6,6,True,True,0.5768051147460938,0.0,0.024999999999999998,0.018194885253906248,0.00178619384765625,338.7083333333333,0.020833333333333332,0.7217919921875
Workflow reversal,Window 8,Discover once,930000,28,0.6,6,True,True,0.5743062337239584,0.0,0.0275,0.018193766276041665,0.0017850748697916666,338.6875,0.020833333333333332,0.7217919921875
Workflow reversal,Window 8,Discover once,930000,29,0.6,6,True,True,0.5918043009440105,0.0,0.01,0.018195699055989584,0.0017870076497395833,338.7708333333333,0.0,0.7217919921875
Workflow reversal,Window 8,Discover once,930000,30,0.6,6,True,True,0.5743087768554688,0.0,0.0275,0.01819122314453125,0.00178253173828125,338.6875,0.0,0.7217919921875
Workflow reversal,Window 8,Discover once,930000,31,0.6,6,True,True,0.5768084716796875,0.0,0.024999999999999998,0.018191528320312497,0.0017828369140624998,338.6458333333333,0.020833333333333332,0.7217919921875
Workflow reversal,Window 8,Discover once,930000,32,0.6,6,True,True,0.5791719563802084,0.0,0.022500000000000003,0.018328043619791665,0.0017850748697916666,341.1875,0.020833333333333332,0.721630859375
Workflow reversal,Window 8,Discover once,930000,33,0.6,6,True,True,0.5818039957682292,0.0,0.02,0.01819600423177083,0.0017873128255208332,338.7291666666667,0.020833333333333332,0.7217919921875
Workflow reversal,Window 8,Discover once,930000,34,0.6,6,True,True,0.5816685994466145,0.0,0.02,0.01833140055338542,0.0017884318033854166,341.25,0.020833333333333332,0.721630859375
Workflow reversal,Window 8,Discover once,930000,35,0.6,6,True,True,0.5818062337239583,0.0,0.02,0.018193766276041665,0.0017850748697916666,338.6875,0.020833333333333332,0.7217919921875
Workflow reversal,Window 8,Discover once,930000,36,0.6,6,True,True,0.5716719563802083,0.0,0.03,0.018328043619791665,0.0017850748697916666,341.1875,0.020833333333333332,0.721630859375
Workflow reversal,Window 8,Discover once,930000,37,0.6,6,True,True,0.5693006388346354,0.0,0.0325,0.01819936116536458,0.0017906697591145834,338.7916666666667,0.020833333333333332,0.7217919921875
Workflow reversal,Window 8,Discover once,930000,38,0.6,6,True,True,0.5816685994466145,0.0,0.02,0.01833140055338542,0.0017884318033854166,341.25,0.020833333333333332,0.721630859375
Workflow reversal,Window 8,Discover once,930000,39,0.6,6,True,True,0.5868039957682292,0.0,0.015,0.01819600423177083,0.0017873128255208332,338.7291666666667,0.020833333333333332,0.7217919921875
Workflow reversal,Window 8,Discover once,930000,40,0.6,6,True,True,0.5768028767903646,0.0,0.024999999999999998,0.018197123209635416,0.0017884318033854166,338.75,0.020833333333333332,0.7217919921875
Workflow reversal,Window 8,Discover once,930000,41,0.6,6,True,True,0.5668065388997395,0.0,0.034999999999999996,0.018193461100260416,0.0017847696940104165,338.7291666666667,0.0,0.7217919921875
Workflow reversal,Window 8,Discover once,930000,42,0.6,6,True,True,0.5818039957682292,0.0,0.02,0.01819600423177083,0.0017873128255208332,338.7291666666667,0.020833333333333332,0.7217919921875
Workflow reversal,Window 8,Discover once,930000,43,0.6,6,True,True,0.5768084716796875,0.0,0.024999999999999998,0.018191528320312497,0.0017828369140624998,338.6458333333333,0.020833333333333332,0.7217919921875
Workflow reversal,Window 8,Discover once,930000,44,0.6,6,True,True,0.5768073527018229,0.0,0.024999999999999998,0.018192647298177083,0.0017839558919270835,338.6666666666667,0.020833333333333332,0.7217919921875
Workflow reversal,Window 8,Discover once,930000,45,0.6,6,True,True,0.5749326578776042,0.020833333333333332,0.026875,0.01819234212239583,0.0017836507161458333,338.7083333333333,0.0,0.7217919921875
Workflow reversal,Window 8,Discover once,930000,46,0.6,6,True,True,0.5743062337239584,0.0,0.027499999999999997,0.018193766276041665,0.0017850748697916666,338.6875,0.020833333333333332,0.7217919921875
Workflow reversal,Window 8,Discover once,930000,47,0.6,6,True,True,0.5766708374023438,0.0,0.024999999999999998,0.01832916259765625,0.00178619384765625,341.2083333333333,0.020833333333333332,0.721630859375
Workflow reversal,Window 8,Discover once,930000,48,0.6,6,True,True,0.561805419921875,0.0,0.04,0.018194580078124998,0.001785888671875,338.75,0.0,0.7217919921875
Workflow reversal,Window 8,Discover once,930000,49,0.6,6,True,True,0.5816697184244791,0.0,0.02,0.018330281575520833,0.0017873128255208332,341.2291666666667,0.020833333333333332,0.721630859375
Workflow reversal,Window 8,Discover once,930000,50,0.6,6,True,True,0.564305419921875,0.0,0.0375,0.018194580078124998,0.001785888671875,338.75,0.0,0.7217919921875
Workflow reversal,Window 8,Discover once,930000,51,0.6,6,True,True,0.5793076578776042,0.0,0.022500000000000003,0.01819234212239583,0.0017836507161458333,338.7083333333333,0.0,0.7217919921875
Workflow reversal,Window 8,Discover once,930000,52,0.6,6,True,True,0.5768095906575521,0.0,0.024999999999999998,0.01819040934244792,0.0017817179361979167,338.625,0.020833333333333332,0.7217919921875
Workflow reversal,Window 8,Discover once,930000,53,0.6,6,True,True,0.5718095906575521,0.0,0.03,0.01819040934244792,0.0017817179361979167,338.625,0.020833333333333332,0.7217919921875
Workflow reversal,Window 8,Discover once,930000,54,0.6,6,True,True,0.5818051147460938,0.0,0.02,0.018194885253906248,0.00178619384765625,338.7083333333333,0.020833333333333332,0.7217919921875
Workflow reversal,Window 8,Discover once,930000,55,0.6,6,True,True,0.5816697184244791,0.0,0.02,0.018330281575520833,0.0017873128255208332,341.2291666666667,0.020833333333333332,0.721630859375
Workflow reversal,Window 8,Discover once,930000,56,0.6,6,True,True,0.5718017578125,0.0,0.03,0.0181982421875,0.0017895507812499998,338.7708333333333,0.020833333333333332,0.7217919921875
Workflow reversal,Window 8,Discover once,930000,57,0.6,6,True,True,0.5816719563802083,0.0,0.02,0.018328043619791665,0.0017850748697916666,341.1875,0.020833333333333332,0.721630859375
Workflow reversal,Window 8,Discover once,930000,58,0.6,6,True,True,0.5818028767903646,0.0,0.02,0.018197123209635416,0.0017884318033854166,338.75,0.020833333333333332,0.7217919921875
Workflow reversal,Window 8,Discover once,930000,59,0.6,6,True,True,0.5792995198567709,0.0,0.022500000000000003,0.018200480143229166,0.0017917887369791668,338.8125,0.020833333333333332,0.7217919921875
Workflow reversal,Window 8,Discover once,930000,60,0.6,6,True,True,0.5766697184244792,0.0,0.024999999999999998,0.018330281575520833,0.0017873128255208332,341.2291666666667,0.020833333333333332,0.721630859375
Workflow reversal,Window 8,Discover once,930000,61,0.6,6,True,True,0.5818073527018229,0.0,0.02,0.018192647298177083,0.0017839558919270835,338.6666666666667,0.020833333333333332,0.7217919921875
Workflow reversal,Window 8,Discover once,930000,62,0.6,6,True,True,0.5768051147460938,0.0,0.024999999999999998,0.018194885253906248,0.00178619384765625,338.7083333333333,0.020833333333333332,0.7217919921875
Workflow reversal,Window 8,Discover once,930000,63,0.6,6,True,True,0.5816730753580729,0.0,0.02,0.018326924641927086,0.0017839558919270835,341.1666666666667,0.020833333333333332,0.721630859375
Workflow reversal,Window 8,Discover once,930000,64,0.6,6,True,True,0.5766719563802084,0.0,0.024999999999999998,0.018328043619791665,0.0017850748697916666,341.1875,0.020833333333333332,0.721630859375
Workflow reversal,Window 8,Discover once,930000,65,0.6,6,True,True,0.5766708374023438,0.0,0.024999999999999998,0.01832916259765625,0.00178619384765625,341.2083333333333,0.020833333333333332,0.721630859375
Workflow reversal,Window 8,Discover once,930000,66,0.6,6,True,True,0.5866719563802083,0.0,0.015,0.018328043619791665,0.0017850748697916666,341.1875,0.020833333333333332,0.721630859375
Workflow reversal,Window 8,Discover once,930000,67,0.6,6,True,True,0.5766708374023438,0.0,0.024999999999999998,0.01832916259765625,0.00178619384765625,341.2083333333333,0.020833333333333332,0.721630859375
Workflow reversal,Window 8,Discover once,930000,68,0.6,6,True,True,0.5818039957682292,0.0,0.02,0.01819600423177083,0.0017873128255208332,338.7291666666667,0.020833333333333332,0.7217919921875
Workflow reversal,Window 8,Discover once,930000,69,0.6,6,True,True,0.5768051147460938,0.0,0.024999999999999998,0.018194885253906248,0.00178619384765625,338.7083333333333,0.020833333333333332,0.7217919921875
Workflow reversal,Window 8,Discover once,930000,70,0.6,6,True,True,0.5768073527018229,0.0,0.024999999999999998,0.018192647298177083,0.0017839558919270835,338.6666666666667,0.020833333333333332,0.7217919921875
Workflow reversal,Window 8,Discover once,930000,71,0.6,6,True,True,0.5816685994466145,0.0,0.02,0.01833140055338542,0.0017884318033854166,341.25,0.020833333333333332,0.721630859375
Workflow reversal,Window 8,Discover once,930000,72,0.6,6,True,True,0.5816663614908854,0.0,0.02,0.018333638509114583,0.0017906697591145834,341.2916666666667,0.020833333333333332,0.721630859375
Workflow reversal,Window 8,Discover once,930000,73,0.6,6,True,True,0.5766741943359375,0.0,0.024999999999999998,0.0183258056640625,0.0017828369140624998,341.1458333333333,0.020833333333333332,0.721630859375
Workflow reversal,Window 8,Discover once,930000,74,0.6,6,True,True,0.5816708374023437,0.0,0.02,0.01832916259765625,0.00178619384765625,341.2083333333333,0.020833333333333332,0.721630859375
Workflow reversal,Window 8,Discover once,930000,75,0.6,6,True,True,0.5691730753580729,0.0,0.0325,0.018326924641927086,0.0017839558919270835,341.1666666666667,0.020833333333333332,0.721630859375
Workflow reversal,Window 8,Discover once,930000,76,0.6,6,True,True,0.5766730753580729,0.0,0.024999999999999998,0.018326924641927086,0.0017839558919270835,341.1666666666667,0.020833333333333332,0.721630859375
Workflow reversal,Window 8,Discover once,930000,77,0.6,6,True,True,0.5793028767903646,0.0,0.022500000000000003,0.018197123209635416,0.0017884318033854166,338.75,0.020833333333333332,0.7217919921875
Workflow reversal,Window 8,Discover once,930000,78,0.6,6,True,True,0.5767995198567708,0.0,0.024999999999999998,0.018200480143229166,0.0017917887369791668,338.8125,0.020833333333333332,0.7217919921875
Workflow reversal,Window 8,Discover once,930000,79,0.6,6,True,True,0.5666697184244792,0.0,0.035,0.018330281575520833,0.0017873128255208332,341.2291666666667,0.020833333333333332,0.721630859375
Workflow reversal,Window 8,Discover once,930000,80,0.6,6,True,True,0.5768028767903646,0.0,0.024999999999999998,0.018197123209635416,0.0017873128255208332,338.75,0.020833333333333332,0.7217919921875
Workflow reversal,Window 8,Discover once,930000,81,0.6,6,True,True,0.5492995198567708,0.0,0.0525,0.018200480143229166,0.0017906697591145834,338.8125,0.020833333333333332,0.7217919921875
Workflow reversal,Window 8,Discover once,930000,82,0.6,6,True,True,0.5718073527018229,0.0,0.03,0.018192647298177083,0.0017839558919270835,338.6666666666667,0.020833333333333332,0.7217919921875
Workflow reversal,Window 8,Discover once,930000,83,0.6,6,True,True,0.5816719563802083,0.0,0.02,0.018328043619791665,0.0017850748697916666,341.1875,0.020833333333333332,0.721630859375
Workflow reversal,Window 8,Discover once,930000,84,0.6,6,True,True,0.5768039957682292,0.0,0.024999999999999998,0.01819600423177083,0.0017873128255208332,338.7291666666667,0.020833333333333332,0.7217919921875
Workflow reversal,Window 8,Discover once,930000,85,0.6,6,True,True,0.5768073527018229,0.0,0.024999999999999998,0.018192647298177083,0.0017839558919270835,338.6666666666667,0.020833333333333332,0.7217919921875
Workflow reversal,Window 8,Discover once,930000,86,0.6,6,True,True,0.5816764322916667,0.0,0.02,0.018323567708333335,0.0017805989583333333,341.1041666666667,0.020833333333333332,0.721630859375
Workflow reversal,Window 8,Discover once,930000,87,0.6,6,True,True,0.5768095906575521,0.0,0.024999999999999998,0.01819040934244792,0.0017817179361979167,338.625,0.020833333333333332,0.7217919921875
Workflow reversal,Window 8,Discover once,930000,88,0.6,6,True,True,0.5868039957682292,0.0,0.015,0.01819600423177083,0.0017873128255208332,338.7291666666667,0.020833333333333332,0.7217919921875
Workflow reversal,Window 8,Discover once,930000,89,0.6,6,True,True,0.5699337768554688,0.020833333333333332,0.031875,0.01819122314453125,0.00178253173828125,338.6875,0.0,0.7217919921875
Workflow reversal,Window 8,Discover once,930000,90,0.6,6,True,True,0.57666748046875,0.0,0.024999999999999998,0.018332519531249997,0.0017895507812499998,341.2708333333333,0.020833333333333332,0.721630859375
Workflow reversal,Window 8,Discover once,930000,91,0.6,6,True,True,0.5766719563802084,0.0,0.024999999999999998,0.018328043619791665,0.0017850748697916666,341.1875,0.020833333333333332,0.721630859375
Workflow reversal,Window 8,Discover once,930000,92,0.6,6,True,True,0.5816685994466145,0.0,0.02,0.01833140055338542,0.0017884318033854166,341.25,0.020833333333333332,0.721630859375
Workflow reversal,Window 8,Discover once,930000,93,0.6,6,True,True,0.5816663614908854,0.0,0.02,0.018333638509114583,0.0017906697591145834,341.2916666666667,0.020833333333333332,0.721630859375
Workflow reversal,Window 8,Discover once,930000,94,0.6,6,True,True,0.5818073527018229,0.0,0.02,0.018192647298177083,0.0017839558919270835,338.6666666666667,0.020833333333333332,0.7217919921875
Workflow reversal,Window 8,Discover once,930000,95,0.6,6,True,True,0.5766708374023437,0.0,0.025000000000000005,0.01832916259765625,0.00178619384765625,341.2083333333333,0.020833333333333332,0.721630859375
Workflow reversal,Window 8,Repeated discovery,930000,0,0.6,6,True,True,0.5967474365234375,0.0,0.005,0.0182525634765625,0.0106524658203125,339.6875,0.0625,0.721630859375
Workflow reversal,Window 8,Repeated discovery,930000,1,0.6,6,True,True,0.5892720540364583,0.0,0.012499999999999999,0.018227945963541665,0.010654703776041668,339.2291666666667,0.0625,0.7217919921875
Workflow reversal,Window 8,Repeated discovery,930000,2,0.6,6,True,True,0.5968076578776041,0.0,0.005,0.018192342122395833,0.010645955403645832,338.7083333333333,0.0,0.7217919921875
Workflow reversal,Window 8,Repeated discovery,930000,3,0.6,6,True,True,0.5967264811197917,0.0,0.005,0.018273518880208336,0.010646565755208332,340.125,0.041666666666666664,0.7217919921875
Workflow reversal,Window 8,Repeated discovery,930000,4,0.6,6,True,True,0.5967169189453125,0.0,0.005,0.018283081054687504,0.0106561279296875,340.2083333333333,0.08333333333333333,0.7217767333984375
Workflow reversal,Window 8,Repeated discovery,930000,5,0.6,6,True,True,0.5967161051432291,0.0,0.005,0.018283894856770833,0.010656941731770833,340.2708333333333,0.0625,0.721630859375
Workflow reversal,Window 8,Repeated discovery,930000,6,0.6,6,True,True,0.5867989095052084,0.0,0.015,0.01820109049479167,0.010654703776041668,338.7291666666667,0.0625,0.7217767333984375
Workflow reversal,Window 8,Repeated discovery,930000,7,0.6,6,True,True,0.5966697184244792,0.0,0.005,0.018330281575520836,0.010649617513020834,341.2291666666667,0.020833333333333332,0.721630859375
Workflow reversal,Window 8,Repeated discovery,930000,8,0.6,6,True,True,0.5917404174804687,0.0,0.01,0.01825958251953125,0.010659484863281249,339.7708333333333,0.08333333333333333,0.7217919921875
Workflow reversal,Window 8,Repeated discovery,930000,9,0.6,6,True,True,0.5967757161458334,0.0,0.005,0.018224283854166665,0.010651041666666666,339.2083333333333,0.041666666666666664,0.7217919921875
Workflow reversal,Window 8,Repeated discovery,930000,10,0.6,6,True,True,0.5717698160807293,0.0,0.03,0.018230183919270834,0.010656941731770833,339.2708333333333,0.0625,0.7216156005859375
Workflow reversal,Window 8,Repeated discovery,930000,11,0.6,6,True,True,0.5817437744140626,0.0,0.02,0.0182562255859375,0.0106561279296875,339.7083333333333,0.08333333333333333,0.7216156005859375
Workflow reversal,Window 8,Repeated discovery,930000,12,0.6,6,True,True,0.5743025716145834,0.0,0.0275,0.01819742838541667,0.010651041666666666,338.7083333333333,0.041666666666666664,0.7217767333984375
Workflow reversal,Window 8,Repeated discovery,930000,13,0.6,6,True,True,0.5916900634765625,0.0,0.01,0.018309936523437504,0.0106561279296875,340.7083333333333,0.08333333333333333,0.7216156005859375
Workflow reversal,Window 8,Repeated discovery,930000,14,0.6,6,True,True,0.5967709350585938,0.0,0.005,0.01822906494140625,0.01065582275390625,339.25,0.0625,0.7217919921875
Workflow reversal,Window 8,Repeated discovery,930000,15,0.6,6,True,True,0.576769510904948,0.0,0.024999999999999998,0.018230489095052083,0.010657246907552084,339.2291666666667,0.08333333333333333,0.7217767333984375
Workflow reversal,Window 8,Repeated discovery,930000,16,0.6,6,True,True,0.5967191569010417,0.0,0.005,0.018280843098958336,0.010653889973958336,340.1666666666667,0.08333333333333333,0.7217767333984375
Workflow reversal,Window 8,Repeated discovery,930000,17,0.6,6,True,True,0.5766889444986979,0.0,0.024999999999999998,0.018311055501302083,0.010657246907552084,340.7291666666667,0.08333333333333333,0.721630859375
Workflow reversal,Window 8,Repeated discovery,930000,18,0.6,6,True,True,0.5968022664388021,0.0,0.005,0.01819773356119792,0.010651346842447918,338.6666666666667,0.0625,0.7217767333984375
Workflow reversal,Window 8,Repeated discovery,930000,19,0.6,6,True,True,0.5867474365234375,0.0,0.015,0.0182525634765625,0.0106524658203125,339.6875,0.0625,0.7216156005859375
Workflow reversal,Window 8,Repeated discovery,930000,20,0.6,6,True,True,0.5817437744140626,0.0,0.02,0.0182562255859375,0.0106561279296875,339.7083333333333,0.08333333333333333,0.7216156005859375
Workflow reversal,Window 8,Repeated discovery,930000,21,0.6,6,True,True,0.5867709350585938,0.0,0.015,0.01822906494140625,0.01065582275390625,339.25,0.0625,0.7216156005859375
Workflow reversal,Window 8,Repeated discovery,930000,22,0.6,6,True,True,0.5918014526367189,0.0,0.01,0.01819854736328125,0.01065216064453125,338.7291666666667,0.041666666666666664,0.7217919921875
Workflow reversal,Window 8,Repeated discovery,930000,23,0.6,6,True,True,0.5967709350585938,0.0,0.005,0.01822906494140625,0.01065582275390625,339.25,0.0625,0.7217919921875
Workflow reversal,Window 8,Repeated discovery,930000,24,0.6,6,True,True,0.5867488606770834,0.0,0.015,0.01825113932291667,0.010651041666666666,339.7083333333333,0.041666666666666664,0.721630859375
Workflow reversal,Window 8,Repeated discovery,930000,25,0.6,6,True,True,0.5867992146809896,0.0,0.015,0.018200785319010416,0.010654398600260415,338.7708333333333,0.041666666666666664,0.7217767333984375
Workflow reversal,Window 8,Repeated discovery,930000,26,0.6,6,True,True,0.5867392985026042,0.0,0.015,0.018260701497395834,0.010660603841145833,339.7916666666667,0.08333333333333333,0.7216156005859375
Workflow reversal,Window 8,Repeated discovery,930000,27,0.6,6,True,True,0.5917757161458335,0.0,0.01,0.018224283854166665,0.010651041666666666,339.2083333333333,0.041666666666666664,0.7216156005859375
Workflow reversal,Window 8,Repeated discovery,930000,28,0.6,6,True,True,0.5942474365234375,0.0,0.0075,0.0182525634765625,0.0106524658203125,339.6875,0.0625,0.7217919921875
Workflow reversal,Window 8,Repeated discovery,930000,29,0.6,6,True,True,0.5867455037434897,0.0,0.015,0.018254496256510416,0.010654398600260415,339.7708333333333,0.041666666666666664,0.721630859375
Workflow reversal,Window 8,Repeated discovery,930000,30,0.6,6,True,True,0.5918036905924481,0.0,0.01,0.018196309407552083,0.010649922688802084,338.6875,0.041666666666666664,0.7217919921875
Workflow reversal,Window 8,Repeated discovery,930000,31,0.6,6,True,True,0.5967496744791667,0.0,0.005,0.018250325520833333,0.010650227864583334,339.6458333333333,0.0625,0.7217919921875
Workflow reversal,Window 8,Repeated discovery,930000,32,0.6,6,True,True,0.594303690592448,0.0,0.0075,0.018196309407552083,0.010649922688802084,338.6875,0.041666666666666664,0.7217919921875
Workflow reversal,Window 8,Repeated discovery,930000,33,0.6,6,True,True,0.5968014526367188,0.0,0.005,0.01819854736328125,0.01065216064453125,338.7291666666667,0.041666666666666664,0.7217919921875
Workflow reversal,Window 8,Repeated discovery,930000,34,0.6,6,True,True,0.5967197672526042,0.0,0.005,0.018280232747395837,0.010653279622395833,340.25,0.041666666666666664,0.7217919921875
Workflow reversal,Window 8,Repeated discovery,930000,35,0.6,6,True,True,0.5967692057291667,0.0,0.005,0.018230794270833333,0.010657552083333334,339.1875,0.10416666666666667,0.7217767333984375
Workflow reversal,Window 8,Repeated discovery,930000,36,0.6,6,True,True,0.5967717488606771,0.0,0.005,0.01822825113932292,0.010655008951822918,339.1875,0.08333333333333333,0.7217767333984375
Workflow reversal,Window 8,Repeated discovery,930000,37,0.6,6,True,True,0.5817686971028646,0.0,0.02,0.018231302897135416,0.010658060709635417,339.2916666666667,0.0625,0.7217767333984375
Workflow reversal,Window 8,Repeated discovery,930000,38,0.6,6,True,True,0.5967952473958333,0.0,0.005,0.01820475260416667,0.010658365885416667,338.75,0.08333333333333333,0.7217919921875
Workflow reversal,Window 8,Repeated discovery,930000,39,0.6,6,True,True,0.5916889444986979,0.0,0.01,0.018311055501302083,0.010657246907552084,340.7291666666667,0.08333333333333333,0.7216156005859375
Workflow reversal,Window 8,Repeated discovery,930000,40,0.6,6,True,True,0.5967440795898438,0.0,0.005,0.01825592041015625,0.01065582275390625,339.75,0.0625,0.7217919921875
Workflow reversal,Window 8,Repeated discovery,930000,41,0.6,6,True,True,0.5767989095052084,0.0,0.024999999999999998,0.01820109049479167,0.010654703776041668,338.7291666666667,0.0625,0.7217919921875
Workflow reversal,Window 8,Repeated discovery,930000,42,0.6,6,True,True,0.5967963663736979,0.0,0.005,0.018203633626302087,0.010657246907552084,338.7291666666667,0.08333333333333333,0.7217767333984375
Workflow reversal,Window 8,Repeated discovery,930000,43,0.6,6,True,True,0.5818059285481771,0.0,0.02,0.01819407145182292,0.010647684733072918,338.6458333333333,0.041666666666666664,0.7217919921875
Workflow reversal,Window 8,Repeated discovery,930000,44,0.6,6,True,True,0.5918048095703125,0.0,0.01,0.0181951904296875,0.010648803710937502,338.6666666666667,0.041666666666666664,0.7217767333984375
Workflow reversal,Window 8,Repeated discovery,930000,45,0.6,6,True,True,0.5968025716145834,0.0,0.005,0.01819742838541667,0.010651041666666666,338.7083333333333,0.041666666666666664,0.7217919921875
Workflow reversal,Window 8,Repeated discovery,930000,46,0.6,6,True,True,0.5842474365234375,0.0,0.017499999999999998,0.0182525634765625,0.0106524658203125,339.6875,0.0625,0.7217919921875
Workflow reversal,Window 8,Repeated discovery,930000,47,0.6,6,True,True,0.5716708374023437,0.0,0.03,0.01832916259765625,0.01064849853515625,341.2083333333333,0.020833333333333332,0.721630859375
Workflow reversal,Window 8,Repeated discovery,930000,48,0.6,6,True,True,0.596805419921875,0.0,0.005,0.018194580078125,0.010648193359375,338.75,0.0,0.7217919921875
Workflow reversal,Window 8,Repeated discovery,930000,49,0.6,6,True,True,0.5967695109049479,0.0,0.005,0.018230489095052083,0.010657246907552084,339.2291666666667,0.08333333333333333,0.7216156005859375
Workflow reversal,Window 8,Repeated discovery,930000,50,0.6,6,True,True,0.5816903686523438,0.0,0.02,0.01830963134765625,0.01065582275390625,340.75,0.0625,0.721630859375
Workflow reversal,Window 8,Repeated discovery,930000,51,0.6,6,True,True,0.5967514038085938,0.0,0.005,0.01824859619140625,0.01064849853515625,339.7083333333333,0.020833333333333332,0.721630859375
Workflow reversal,Window 8,Repeated discovery,930000,52,0.6,6,True,True,0.5917507934570313,0.0,0.01,0.018249206542968754,0.01064910888671875,339.625,0.0625,0.7217919921875
Workflow reversal,Window 8,Repeated discovery,930000,53,0.6,6,True,True,0.594248250325521,0.0,0.0075,0.018251749674479168,0.010651652018229166,339.625,0.08333333333333333,0.7217767333984375
Workflow reversal,Window 8,Repeated discovery,930000,54,0.6,6,True,True,0.5967974853515625,0.0,0.005,0.0182025146484375,0.0106561279296875,338.7083333333333,0.08333333333333333,0.7217767333984375
Workflow reversal,Window 8,Repeated discovery,930000,55,0.6,6,True,True,0.594269510904948,0.0,0.0075,0.018230489095052083,0.010657246907552084,339.2291666666667,0.08333333333333333,0.7217767333984375
Workflow reversal,Window 8,Repeated discovery,930000,56,0.6,6,True,True,0.5867992146809896,0.0,0.015,0.018200785319010416,0.010654398600260415,338.7708333333333,0.041666666666666664,0.7217767333984375
Workflow reversal,Window 8,Repeated discovery,930000,57,0.6,6,True,True,0.5917205810546876,0.0,0.01,0.0182794189453125,0.0106524658203125,340.1875,0.0625,0.721630859375
Workflow reversal,Window 8,Repeated discovery,930000,58,0.6,6,True,True,0.5868028767903647,0.0,0.015,0.01819712320963542,0.010650736490885417,338.75,0.020833333333333332,0.7217919921875
Workflow reversal,Window 8,Repeated discovery,930000,59,0.6,6,True,True,0.5792675781250001,0.0,0.022500000000000003,0.018232421874999998,0.010659179687500001,339.3125,0.0625,0.7216156005859375
Workflow reversal,Window 8,Repeated discovery,930000,60,0.6,6,True,True,0.5967745971679688,0.0,0.005,0.018225402832031248,0.01065216064453125,339.2291666666667,0.041666666666666664,0.7217919921875
Workflow reversal,Window 8,Repeated discovery,930000,61,0.6,6,True,True,0.5967434692382813,0.0,0.005,0.01825653076171875,0.010656433105468752,339.6666666666667,0.10416666666666667,0.7217767333984375
Workflow reversal,Window 8,Repeated discovery,930000,62,0.6,6,True,True,0.5968025716145834,0.0,0.005,0.01819742838541667,0.010651041666666666,338.7083333333333,0.041666666666666664,0.7217767333984375
Workflow reversal,Window 8,Repeated discovery,930000,63,0.6,6,True,True,0.5967779541015625,0.0,0.005,0.0182220458984375,0.010648803710937502,339.1666666666667,0.041666666666666664,0.7217919921875
Workflow reversal,Window 8,Repeated discovery,930000,64,0.6,6,True,True,0.5867205810546876,0.0,0.015,0.0182794189453125,0.0106524658203125,340.1875,0.0625,0.721630859375
Workflow reversal,Window 8,Repeated discovery,930000,65,0.6,6,True,True,0.5917194620768229,0.0,0.01,0.018280537923177086,0.010653584798177082,340.2083333333333,0.0625,0.7216156005859375
Workflow reversal,Window 8,Repeated discovery,930000,66,0.6,6,True,True,0.5917986043294272,0.0,0.01,0.018201395670572915,0.010655008951822918,338.6875,0.08333333333333333,0.7217767333984375
Workflow reversal,Window 8,Repeated discovery,930000,67,0.6,6,True,True,0.581719462076823,0.0,0.02,0.018280537923177086,0.010653584798177082,340.2083333333333,0.0625,0.721630859375
Workflow reversal,Window 8,Repeated discovery,930000,68,0.6,6,True,True,0.5967989095052083,0.0,0.005,0.01820109049479167,0.010654703776041668,338.7291666666667,0.0625,0.7217919921875
Workflow reversal,Window 8,Repeated discovery,930000,69,0.6,6,True,True,0.5917412312825521,0.0,0.01,0.01825876871744792,0.010658671061197916,339.7083333333333,0.10416666666666667,0.7217767333984375
Workflow reversal,Window 8,Repeated discovery,930000,70,0.6,6,True,True,0.6017728678385418,0.0,0.0,0.018227132161458333,0.010653889973958336,339.1666666666667,0.08333333333333333,0.7217919921875
Workflow reversal,Window 8,Repeated discovery,930000,71,0.6,6,True,True,0.5967415364583334,0.0,0.005,0.01825846354166667,0.010658365885416667,339.75,0.08333333333333333,0.7217767333984375
Workflow reversal,Window 8,Repeated discovery,930000,72,0.6,6,True,True,0.6017686971028646,0.0,0.0,0.018231302897135416,0.010658060709635417,339.2916666666667,0.0625,0.7217919921875
Workflow reversal,Window 8,Repeated discovery,930000,73,0.6,6,True,True,0.6017739868164064,0.0,0.0,0.018226013183593747,0.01065277099609375,339.1458333333333,0.08333333333333333,0.7217919921875
Workflow reversal,Window 8,Repeated discovery,930000,74,0.6,6,True,True,0.5867412312825522,0.0,0.015,0.01825876871744792,0.010658671061197916,339.7083333333333,0.10416666666666667,0.7217767333984375
Workflow reversal,Window 8,Repeated discovery,930000,75,0.6,6,True,True,0.5793048095703125,0.0,0.022500000000000003,0.0181951904296875,0.010648803710937502,338.6666666666667,0.041666666666666664,0.7217919921875
Workflow reversal,Window 8,Repeated discovery,930000,76,0.6,6,True,True,0.5967460123697917,0.0,0.005,0.018253987630208333,0.010653889973958336,339.6666666666667,0.08333333333333333,0.7216156005859375
Workflow reversal,Window 8,Repeated discovery,930000,77,0.6,6,True,True,0.5717440795898437,0.0,0.03,0.01825592041015625,0.01065582275390625,339.75,0.0625,0.7217919921875
Workflow reversal,Window 8,Repeated discovery,930000,78,0.6,6,True,True,0.5917138671875,0.0,0.01,0.0182861328125,0.010659179687500001,340.3125,0.0625,0.7217919921875
Workflow reversal,Window 8,Repeated discovery,930000,79,0.6,6,True,True,0.5867157999674479,0.0,0.015,0.018284200032552086,0.010657246907552084,340.2291666666667,0.08333333333333333,0.7216156005859375
Workflow reversal,Window 8,Repeated discovery,930000,80,0.6,6,True,True,0.5868014526367188,0.0,0.015,0.01819854736328125,0.01065216064453125,338.7291666666667,0.041666666666666664,0.7217919921875
Workflow reversal,Window 8,Repeated discovery,930000,81,0.6,6,True,True,0.5617149861653646,0.0,0.04,0.018285013834635423,0.010658060709635417,340.2916666666667,0.0625,0.7217767333984375
Workflow reversal,Window 8,Repeated discovery,930000,82,0.6,6,True,True,0.5967485555013021,0.0,0.005,0.01825144449869792,0.010651346842447918,339.6666666666667,0.0625,0.721630859375
Workflow reversal,Window 8,Repeated discovery,930000,83,0.6,6,True,True,0.596696268717448,0.0,0.005,0.018303731282552086,0.010649922688802084,340.6875,0.041666666666666664,0.7217767333984375
Workflow reversal,Window 8,Repeated discovery,930000,84,0.6,6,True,True,0.5816914876302083,0.0,0.02,0.018308512369791672,0.010654703776041668,340.7291666666667,0.0625,0.7217767333984375
Workflow reversal,Window 8,Repeated discovery,930000,85,0.6,6,True,True,0.5817754109700521,0.0,0.02,0.018224589029947915,0.010651346842447918,339.1666666666667,0.0625,0.7217767333984375
Workflow reversal,Window 8,Repeated discovery,930000,86,0.6,6,True,True,0.5967787679036459,0.0,0.005,0.018221232096354168,0.010647989908854167,339.1041666666667,0.0625,0.7217767333984375
Workflow reversal,Window 8,Repeated discovery,930000,87,0.6,6,True,True,0.5867776489257813,0.0,0.015,0.01822235107421875,0.01064910888671875,339.125,0.0625,0.7216156005859375
Workflow reversal,Window 8,Repeated discovery,930000,88,0.6,6,True,True,0.5867745971679689,0.0,0.015,0.018225402832031248,0.01065216064453125,339.2291666666667,0.041666666666666664,0.7216156005859375
Workflow reversal,Window 8,Repeated discovery,930000,89,0.6,6,True,True,0.5867768351236979,0.0,0.015,0.018223164876302083,0.010649922688802084,339.1875,0.041666666666666664,0.7217919921875
Workflow reversal,Window 8,Repeated discovery,930000,90,0.6,6,True,True,0.5967966715494791,0.0,0.005,0.018203328450520834,0.010656941731770833,338.7708333333333,0.0625,0.7217919921875
Workflow reversal,Window 8,Repeated discovery,930000,91,0.6,6,True,True,0.5867205810546876,0.0,0.015,0.0182794189453125,0.0106524658203125,340.1875,0.0625,0.721630859375
Workflow reversal,Window 8,Repeated discovery,930000,92,0.6,6,True,True,0.5867172241210938,0.0,0.015,0.01828277587890625,0.01065582275390625,340.25,0.0625,0.721630859375
Workflow reversal,Window 8,Repeated discovery,930000,93,0.6,6,True,True,0.5917418416341146,0.0,0.01,0.018258158365885416,0.010658060709635417,339.7916666666667,0.0625,0.7217919921875
Workflow reversal,Window 8,Repeated discovery,930000,94,0.6,6,True,True,0.5918048095703125,0.0,0.01,0.0181951904296875,0.010648803710937502,338.6666666666667,0.041666666666666664,0.7217919921875
Workflow reversal,Window 8,Repeated discovery,930000,95,0.6,6,True,True,0.5841708374023438,0.0,0.017499999999999998,0.01832916259765625,0.01064849853515625,341.2083333333333,0.020833333333333332,0.721630859375
Workflow reversal,Window 8,Biased,930000,0,0.2,1,True,True,0.5692919921874999,0.0,0.032499999999999994,0.0182080078125,0.0,339.0,0.0,0.7217919921875
Workflow reversal,Window 8,Biased,930000,1,0.2,1,True,True,0.5517919921875,0.0,0.05000000000000001,0.0182080078125,0.0,339.0,0.0,0.7217919921875
Workflow reversal,Window 8,Biased,930000,2,0.2,1,True,True,0.5817919921875,0.0,0.02,0.0182080078125,0.0,339.0,0.0,0.7217919921875
Workflow reversal,Window 8,Biased,930000,3,0.2,1,True,True,0.5667919921875,0.0,0.034999999999999996,0.0182080078125,0.0,339.0,0.0,0.7217919921875
Workflow reversal,Window 8,Biased,930000,4,0.2,1,True,True,0.5642919921874999,0.0,0.0375,0.0182080078125,0.0,339.0,0.0,0.7217919921875
Workflow reversal,Window 8,Biased,930000,5,0.2,1,True,True,0.5749169921875,0.020833333333333332,0.026875,0.0182080078125,0.0,339.0,0.0,0.7217919921875
Workflow reversal,Window 8,Biased,930000,6,0.2,1,True,True,0.5505419921875,0.041666666666666664,0.05125,0.0182080078125,0.0,339.0,0.0,0.7217919921875
Workflow reversal,Window 8,Biased,930000,7,0.2,1,True,True,0.5599169921874999,0.020833333333333332,0.041875,0.0182080078125,0.0,339.0,0.0,0.7217919921875
Workflow reversal,Window 8,Biased,930000,8,0.2,1,True,True,0.5867919921875,0.0,0.015,0.0182080078125,0.0,339.0,0.0,0.7217919921875
Workflow reversal,Window 8,Biased,930000,9,0.2,1,True,True,0.5524169921875,0.020833333333333332,0.049375,0.0182080078125,0.0,339.0,0.0,0.7217919921875
Workflow reversal,Window 8,Biased,930000,10,0.2,1,True,True,0.5542919921874999,0.0,0.04750000000000001,0.0182080078125,0.0,339.0,0.0,0.7217919921875
Workflow reversal,Window 8,Biased,930000,11,0.2,1,True,True,0.5717919921875,0.0,0.03,0.0182080078125,0.0,339.0,0.0,0.7217919921875
Workflow reversal,Window 8,Biased,930000,12,0.2,1,True,True,0.5467919921875,0.0,0.055000000000000014,0.0182080078125,0.0,339.0,0.0,0.7217919921875
Workflow reversal,Window 8,Biased,930000,13,0.2,1,True,True,0.5842919921874999,0.0,0.0175,0.0182080078125,0.0,339.0,0.0,0.7217919921875
Workflow reversal,Window 8,Biased,930000,14,0.2,1,True,True,0.5699169921874999,0.020833333333333332,0.031875,0.0182080078125,0.0,339.0,0.0,0.7217919921875
Workflow reversal,Window 8,Biased,930000,15,0.2,1,True,True,0.5617919921875,0.0,0.04,0.0182080078125,0.0,339.0,0.0,0.7217919921875
Workflow reversal,Window 8,Biased,930000,16,0.2,1,True,True,0.5967919921874999,0.0,0.005000000000000001,0.0182080078125,0.0,339.0,0.0,0.7217919921875
Workflow reversal,Window 8,Biased,930000,17,0.2,1,True,True,0.5442919921874999,0.0,0.0575,0.0182080078125,0.0,339.0,0.0,0.7217919921875
Workflow reversal,Window 8,Biased,930000,18,0.2,1,True,True,0.5642919921874999,0.0,0.0375,0.0182080078125,0.0,339.0,0.0,0.7217919921875
Workflow reversal,Window 8,Biased,930000,19,0.2,1,True,True,0.5717919921875,0.0,0.030000000000000002,0.0182080078125,0.0,339.0,0.0,0.7217919921875
Workflow reversal,Window 8,Biased,930000,20,0.2,1,True,True,0.5567919921874999,0.0,0.045000000000000005,0.0182080078125,0.0,339.0,0.0,0.7217919921875
Workflow reversal,Window 8,Biased,930000,21,0.2,1,True,True,0.5399169921874999,0.020833333333333332,0.06187499999999999,0.0182080078125,0.0,339.0,0.0,0.7217919921875
Workflow reversal,Window 8,Biased,930000,22,0.2,1,True,True,0.5667919921875,0.0,0.035,0.0182080078125,0.0,339.0,0.0,0.7217919921875
Workflow reversal,Window 8,Biased,930000,23,0.2,1,True,True,0.5667919921875,0.0,0.035,0.0182080078125,0.0,339.0,0.0,0.7217919921875
Workflow reversal,Window 8,Biased,930000,24,0.2,1,True,True,0.5599169921874999,0.020833333333333332,0.041874999999999996,0.0182080078125,0.0,339.0,0.0,0.7217919921875
Workflow reversal,Window 8,Biased,930000,25,0.2,1,True,True,0.5642919921874999,0.0,0.0375,0.0182080078125,0.0,339.0,0.0,0.7217919921875
Workflow reversal,Window 8,Biased,930000,26,0.2,1,True,True,0.5742919921874999,0.0,0.0275,0.0182080078125,0.0,339.0,0.0,0.7217919921875
Workflow reversal,Window 8,Biased,930000,27,0.2,1,True,True,0.5667919921875,0.0,0.035,0.0182080078125,0.0,339.0,0.0,0.7217919921875
Workflow reversal,Window 8,Biased,930000,28,0.2,1,True,True,0.5692919921874999,0.0,0.0325,0.0182080078125,0.0,339.0,0.0,0.7217919921875
Workflow reversal,Window 8,Biased,930000,29,0.2,1,True,True,0.5917919921875,0.0,0.01,0.0182080078125,0.0,339.0,0.0,0.7217919921875
Workflow reversal,Window 8,Biased,930000,30,0.2,1,True,True,0.5592919921874999,0.0,0.0425,0.0182080078125,0.0,339.0,0.0,0.7217919921875
Workflow reversal,Window 8,Biased,930000,31,0.2,1,True,True,0.5717919921875,0.0,0.03,0.0182080078125,0.0,339.0,0.0,0.7217919921875
Workflow reversal,Window 8,Biased,930000,32,0.2,1,True,True,0.5624169921875,0.020833333333333332,0.039375,0.0182080078125,0.0,339.0,0.0,0.7217919921875
Workflow reversal,Window 8,Biased,930000,33,0.2,1,True,True,0.5761669921875,0.0625,0.025625000000000005,0.0182080078125,0.0,339.0,0.0,0.7217919921875
Workflow reversal,Window 8,Biased,930000,34,0.2,1,True,True,0.5599169921874999,0.020833333333333332,0.041874999999999996,0.0182080078125,0.0,339.0,0.0,0.7217919921875
Workflow reversal,Window 8,Biased,930000,35,0.2,1,True,True,0.5767919921874999,0.0,0.024999999999999998,0.0182080078125,0.0,339.0,0.0,0.7217919921875
Workflow reversal,Window 8,Biased,930000,36,0.2,1,True,True,0.5561669921875,0.0625,0.045625000000000006,0.0182080078125,0.0,339.0,0.0,0.7217919921875
Workflow reversal,Window 8,Biased,930000,37,0.2,1,True,True,0.5792919921874999,0.0,0.022500000000000003,0.0182080078125,0.0,339.0,0.0,0.7217919921875
Workflow reversal,Window 8,Biased,930000,38,0.2,1,True,True,0.5692919921874999,0.0,0.0325,0.0182080078125,0.0,339.0,0.0,0.7217919921875
Workflow reversal,Window 8,Biased,930000,39,0.2,1,True,True,0.5592919921875,0.0,0.0425,0.0182080078125,0.0,339.0,0.0,0.7217919921875
Workflow reversal,Window 8,Biased,930000,40,0.2,1,True,True,0.5499169921874999,0.020833333333333332,0.051875000000000004,0.0182080078125,0.0,339.0,0.0,0.7217919921875
Workflow reversal,Window 8,Biased,930000,41,0.2,1,True,True,0.5599169921874999,0.020833333333333332,0.041874999999999996,0.0182080078125,0.0,339.0,0.0,0.7217919921875
Workflow reversal,Window 8,Biased,930000,42,0.2,1,True,True,0.5692919921874999,0.0,0.0325,0.0182080078125,0.0,339.0,0.0,0.7217919921875
Workflow reversal,Window 8,Biased,930000,43,0.2,1,True,True,0.5430419921874999,0.041666666666666664,0.058750000000000004,0.0182080078125,0.0,339.0,0.0,0.7217919921875
Workflow reversal,Window 8,Biased,930000,44,0.2,1,True,True,0.5767919921875,0.0,0.025000000000000005,0.0182080078125,0.0,339.0,0.0,0.7217919921875
Workflow reversal,Window 8,Biased,930000,45,0.2,1,True,True,0.5680419921875,0.041666666666666664,0.03375,0.0182080078125,0.0,339.0,0.0,0.7217919921875
Workflow reversal,Window 8,Biased,930000,46,0.2,1,True,True,0.5474169921875,0.020833333333333332,0.05437500000000001,0.0182080078125,0.0,339.0,0.0,0.7217919921875
Workflow reversal,Window 8,Biased,930000,47,0.2,1,True,True,0.5374169921874999,0.020833333333333332,0.064375,0.0182080078125,0.0,339.0,0.0,0.7217919921875
Workflow reversal,Window 8,Biased,930000,48,0.2,1,True,True,0.5617919921875,0.0,0.04,0.0182080078125,0.0,339.0,0.0,0.7217919921875
Workflow reversal,Window 8,Biased,930000,49,0.2,1,True,True,0.5692919921874999,0.0,0.03250000000000001,0.0182080078125,0.0,339.0,0.0,0.7217919921875
Workflow reversal,Window 8,Biased,930000,50,0.2,1,True,True,0.5592919921875,0.0,0.0425,0.0182080078125,0.0,339.0,0.0,0.7217919921875
Workflow reversal,Window 8,Biased,930000,51,0.2,1,True,True,0.5792919921874999,0.0,0.022500000000000003,0.0182080078125,0.0,339.0,0.0,0.7217919921875
Workflow reversal,Window 8,Biased,930000,52,0.2,1,True,True,0.5792919921874999,0.0,0.022500000000000003,0.0182080078125,0.0,339.0,0.0,0.7217919921875
Workflow reversal,Window 8,Biased,930000,53,0.2,1,True,True,0.5567919921874999,0.0,0.045000000000000005,0.0182080078125,0.0,339.0,0.0,0.6917919921875
Workflow reversal,Window 8,Biased,930000,54,0.2,1,True,True,0.5667919921875,0.0,0.035,0.0182080078125,0.0,339.0,0.0,0.7217919921875
Workflow reversal,Window 8,Biased,930000,55,0.2,1,True,True,0.5417919921875,0.0,0.06000000000000002,0.0182080078125,0.0,339.0,0.0,0.7217919921875
Workflow reversal,Window 8,Biased,930000,56,0.2,1,True,True,0.5617919921875,0.0,0.04,0.0182080078125,0.0,339.0,0.0,0.7217919921875
Workflow reversal,Window 8,Biased,930000,57,0.2,1,True,True,0.5630419921875,0.041666666666666664,0.038750000000000014,0.0182080078125,0.0,339.0,0.0,0.7217919921875
Workflow reversal,Window 8,Biased,930000,58,0.2,1,True,True,0.5749169921875,0.020833333333333332,0.026875,0.0182080078125,0.0,339.0,0.0,0.7217919921875
Workflow reversal,Window 8,Biased,930000,59,0.2,1,True,True,0.5517919921875,0.0,0.049999999999999996,0.0182080078125,0.0,339.0,0.0,0.7217919921875
Workflow reversal,Window 8,Biased,930000,60,0.2,1,True,True,0.5692919921874999,0.0,0.0325,0.0182080078125,0.0,339.0,0.0,0.7217919921875
Workflow reversal,Window 8,Biased,930000,61,0.2,1,True,True,0.5517919921875,0.08333333333333333,0.05000000000000001,0.0182080078125,0.0,339.0,0.0,0.7217919921875
Workflow reversal,Window 8,Biased,930000,62,0.2,1,True,True,0.5642919921874999,0.0,0.0375,0.0182080078125,0.0,339.0,0.0,0.7217919921875
Workflow reversal,Window 8,Biased,930000,63,0.2,1,True,True,0.5667919921875,0.0,0.034999999999999996,0.0182080078125,0.0,339.0,0.0,0.7217919921875
Workflow reversal,Window 8,Biased,930000,64,0.2,1,True,True,0.5642919921874999,0.0,0.0375,0.0182080078125,0.0,339.0,0.0,0.7217919921875
Workflow reversal,Window 8,Biased,930000,65,0.2,1,True,True,0.5574169921875,0.020833333333333332,0.044375,0.0182080078125,0.0,339.0,0.0,0.7217919921875
Workflow reversal,Window 8,Biased,930000,66,0.2,1,True,True,0.5499169921874999,0.020833333333333332,0.051875,0.0182080078125,0.0,339.0,0.0,0.7217919921875
Workflow reversal,Window 8,Biased,930000,67,0.2,1,True,True,0.5667919921875,0.0,0.034999999999999996,0.0182080078125,0.0,339.0,0.0,0.7217919921875
Workflow reversal,Window 8,Biased,930000,68,0.2,1,True,True,0.5542919921874999,0.0,0.047499999999999994,0.0182080078125,0.0,339.0,0.0,0.7217919921875
Workflow reversal,Window 8,Biased,930000,69,0.2,1,True,True,0.5417919921875,0.08333333333333333,0.060000000000000005,0.0182080078125,0.0,339.0,0.0,0.7217919921875
Workflow reversal,Window 8,Biased,930000,70,0.2,1,True,True,0.5417919921875,0.0,0.06,0.0182080078125,0.0,339.0,0.0,0.6917919921875
Workflow reversal,Window 8,Biased,930000,71,0.2,1,True,True,0.5742919921874999,0.0,0.027500000000000007,0.0182080078125,0.0,339.0,0.0,0.7217919921875
Workflow reversal,Window 8,Biased,930000,72,0.2,1,True,True,0.5792919921875,0.0,0.022500000000000003,0.0182080078125,0.0,339.0,0.0,0.7217919921875
Workflow reversal,Window 8,Biased,930000,73,0.2,1,True,True,0.5767919921874999,0.0,0.024999999999999998,0.0182080078125,0.0,339.0,0.0,0.7217919921875
Workflow reversal,Window 8,Biased,930000,74,0.2,1,True,True,0.5467919921875,0.0,0.05499999999999999,0.0182080078125,0.0,339.0,0.0,0.7217919921875
Workflow reversal,Window 8,Biased,930000,75,0.2,1,True,True,0.5742919921874999,0.0,0.0275,0.0182080078125,0.0,339.0,0.0,0.7217919921875
Workflow reversal,Window 8,Biased,930000,76,0.2,1,True,True,0.5292919921874999,0.0,0.07250000000000001,0.0182080078125,0.0,339.0,0.0,0.7217919921875
Workflow reversal,Window 8,Biased,930000,77,0.2,1,True,True,0.5674169921875,0.020833333333333332,0.03437500000000001,0.0182080078125,0.0,339.0,0.0,0.7217919921875
Workflow reversal,Window 8,Biased,930000,78,0.2,1,True,True,0.5517919921875,0.0,0.05000000000000001,0.0182080078125,0.0,339.0,0.0,0.7217919921875
Workflow reversal,Window 8,Biased,930000,79,0.2,1,True,True,0.5792919921874999,0.0,0.022500000000000003,0.0182080078125,0.0,339.0,0.0,0.7217919921875
Workflow reversal,Window 8,Biased,930000,80,0.2,1,True,True,0.5667919921875,0.0,0.035,0.0182080078125,0.0,339.0,0.0,0.7217919921875
Workflow reversal,Window 8,Biased,930000,81,0.2,1,True,True,0.5392919921875,0.0,0.0625,0.0182080078125,0.0,339.0,0.0,0.7217919921875
Workflow reversal,Window 8,Biased,930000,82,0.2,1,True,True,0.5917919921875,0.0,0.01,0.0182080078125,0.0,339.0,0.0,0.7217919921875
Workflow reversal,Window 8,Biased,930000,83,0.2,1,True,True,0.5567919921875,0.0,0.045000000000000005,0.0182080078125,0.0,339.0,0.0,0.7217919921875
Workflow reversal,Window 8,Biased,930000,84,0.2,1,True,True,0.5417919921875,0.08333333333333333,0.060000000000000005,0.0182080078125,0.0,339.0,0.0,0.7217919921875
Workflow reversal,Window 8,Biased,930000,85,0.2,1,True,True,0.5324169921874998,0.020833333333333332,0.069375,0.0182080078125,0.0,339.0,0.0,0.7217919921875
Workflow reversal,Window 8,Biased,930000,86,0.2,1,True,True,0.5767919921874999,0.0,0.024999999999999998,0.0182080078125,0.0,339.0,0.0,0.7217919921875
Workflow reversal,Window 8,Biased,930000,87,0.2,1,True,True,0.5417919921875,0.08333333333333333,0.060000000000000005,0.0182080078125,0.0,339.0,0.0,0.7217919921875
Workflow reversal,Window 8,Biased,930000,88,0.2,1,True,True,0.5767919921874999,0.0,0.024999999999999998,0.0182080078125,0.0,339.0,0.0,0.7217919921875
Workflow reversal,Window 8,Biased,930000,89,0.2,1,True,True,0.5742919921874999,0.0,0.0275,0.0182080078125,0.0,339.0,0.0,0.7217919921875
Workflow reversal,Window 8,Biased,930000,90,0.2,1,True,True,0.5767919921874999,0.0,0.024999999999999998,0.0182080078125,0.0,339.0,0.0,0.7217919921875
Workflow reversal,Window 8,Biased,930000,91,0.2,1,True,True,0.5667919921874999,0.0,0.035,0.0182080078125,0.0,339.0,0.0,0.7217919921875
Workflow reversal,Window 8,Biased,930000,92,0.2,1,True,True,0.5517919921875,0.0,0.05000000000000001,0.0182080078125,0.0,339.0,0.0,0.7217919921875
Workflow reversal,Window 8,Biased,930000,93,0.2,1,True,True,0.5674169921875,0.020833333333333332,0.03437500000000001,0.0182080078125,0.0,339.0,0.0,0.7217919921875
Workflow reversal,Window 8,Biased,930000,94,0.2,1,True,True,0.5767919921874999,0.0,0.024999999999999998,0.0182080078125,0.0,339.0,0.0,0.7217919921875
Workflow reversal,Window 8,Biased,930000,95,0.2,1,True,True,0.5417919921875,0.0,0.060000000000000005,0.0182080078125,0.0,339.0,0.0,0.7217919921875
Workflow reversal,Window 8,Balanced,930000,0,0.2,1,True,True,0.586630859375,0.0,0.015,0.018369140625,0.0,342.0,0.0,0.721630859375
Workflow reversal,Window 8,Balanced,930000,1,0.2,1,True,True,0.569130859375,0.0,0.032499999999999994,0.018369140625,0.0,342.0,0.0,0.721630859375
Workflow reversal,Window 8,Balanced,930000,2,0.2,1,True,True,0.581630859375,0.0,0.02,0.018369140625,0.0,342.0,0.0,0.721630859375
Workflow reversal,Window 8,Balanced,930000,3,0.2,1,True,True,0.5747558593750001,0.020833333333333332,0.026875,0.018369140625,0.0,342.0,0.0,0.721630859375
Workflow reversal,Window 8,Balanced,930000,4,0.2,1,True,True,0.571630859375,0.0,0.03,0.018369140625,0.0,342.0,0.0,0.721630859375
Workflow reversal,Window 8,Balanced,930000,5,0.2,1,True,True,0.5766308593749999,0.0,0.024999999999999998,0.018369140625,0.0,342.0,0.0,0.721630859375
Workflow reversal,Window 8,Balanced,930000,6,0.2,1,True,True,0.5766308593749999,0.0,0.024999999999999998,0.018369140625,0.0,342.0,0.0,0.721630859375
Workflow reversal,Window 8,Balanced,930000,7,0.2,1,True,True,0.586630859375,0.0,0.015,0.018369140625,0.0,342.0,0.0,0.721630859375
Workflow reversal,Window 8,Balanced,930000,8,0.2,1,True,True,0.5766308593749999,0.0,0.024999999999999998,0.018369140625,0.0,342.0,0.0,0.721630859375
Workflow reversal,Window 8,Balanced,930000,9,0.2,1,True,True,0.566630859375,0.0,0.034999999999999996,0.018369140625,0.0,342.0,0.0,0.721630859375
Workflow reversal,Window 8,Balanced,930000,10,0.2,1,True,True,0.571630859375,0.0,0.03,0.018369140625,0.0,342.0,0.0,0.721630859375
Workflow reversal,Window 8,Balanced,930000,11,0.2,1,True,True,0.571630859375,0.0,0.03,0.018369140625,0.0,342.0,0.0,0.721630859375
Workflow reversal,Window 8,Balanced,930000,12,0.2,1,True,True,0.581630859375,0.0,0.02,0.018369140625,0.0,342.0,0.0,0.721630859375
Workflow reversal,Window 8,Balanced,930000,13,0.2,1,True,True,0.586630859375,0.0,0.015,0.018369140625,0.0,342.0,0.0,0.721630859375
Workflow reversal,Window 8,Balanced,930000,14,0.2,1,True,True,0.581630859375,0.0,0.02,0.018369140625,0.0,342.0,0.0,0.721630859375
Workflow reversal,Window 8,Balanced,930000,15,0.2,1,True,True,0.571630859375,0.0,0.03,0.018369140625,0.0,342.0,0.0,0.721630859375
Workflow reversal,Window 8,Balanced,930000,16,0.2,1,True,True,0.579130859375,0.0,0.022500000000000003,0.018369140625,0.0,342.0,0.0,0.721630859375
Workflow reversal,Window 8,Balanced,930000,17,0.2,1,True,True,0.5766308593749999,0.0,0.024999999999999998,0.018369140625,0.0,342.0,0.0,0.721630859375
Workflow reversal,Window 8,Balanced,930000,18,0.2,1,True,True,0.586630859375,0.0,0.015,0.018369140625,0.0,342.0,0.0,0.721630859375
Workflow reversal,Window 8,Balanced,930000,19,0.2,1,True,True,0.5766308593749999,0.0,0.024999999999999998,0.018369140625,0.0,342.0,0.0,0.721630859375
Workflow reversal,Window 8,Balanced,930000,20,0.2,1,True,True,0.571630859375,0.0,0.03,0.018369140625,0.0,342.0,0.0,0.721630859375
Workflow reversal,Window 8,Balanced,930000,21,0.2,1,True,True,0.564130859375,0.0,0.0375,0.018369140625,0.0,342.0,0.0,0.721630859375
Workflow reversal,Window 8,Balanced,930000,22,0.2,1,True,True,0.581630859375,0.0,0.02,0.018369140625,0.0,342.0,0.0,0.721630859375
Workflow reversal,Window 8,Balanced,930000,23,0.2,1,True,True,0.5766308593749999,0.0,0.024999999999999998,0.018369140625,0.0,342.0,0.0,0.721630859375
Workflow reversal,Window 8,Balanced,930000,24,0.2,1,True,True,0.5766308593749999,0.0,0.024999999999999998,0.018369140625,0.0,342.0,0.0,0.721630859375
Workflow reversal,Window 8,Balanced,930000,25,0.2,1,True,True,0.574130859375,0.0,0.0275,0.018369140625,0.0,342.0,0.0,0.721630859375
Workflow reversal,Window 8,Balanced,930000,26,0.2,1,True,True,0.586630859375,0.0,0.015,0.018369140625,0.0,342.0,0.0,0.721630859375
Workflow reversal,Window 8,Balanced,930000,27,0.2,1,True,True,0.569130859375,0.0,0.0325,0.018369140625,0.0,342.0,0.0,0.721630859375
Workflow reversal,Window 8,Balanced,930000,28,0.2,1,True,True,0.5766308593749999,0.0,0.024999999999999998,0.018369140625,0.0,342.0,0.0,0.721630859375
Workflow reversal,Window 8,Balanced,930000,29,0.2,1,True,True,0.5766308593749999,0.0,0.024999999999999998,0.018369140625,0.0,342.0,0.0,0.721630859375
Workflow reversal,Window 8,Balanced,930000,30,0.2,1,True,True,0.5766308593749999,0.0,0.024999999999999998,0.018369140625,0.0,342.0,0.0,0.721630859375
Workflow reversal,Window 8,Balanced,930000,31,0.2,1,True,True,0.5766308593749999,0.0,0.024999999999999998,0.018369140625,0.0,342.0,0.0,0.721630859375
Workflow reversal,Window 8,Balanced,930000,32,0.2,1,True,True,0.581630859375,0.0,0.02,0.018369140625,0.0,342.0,0.0,0.721630859375
Workflow reversal,Window 8,Balanced,930000,33,0.2,1,True,True,0.586630859375,0.0,0.015,0.018369140625,0.0,342.0,0.0,0.721630859375
Workflow reversal,Window 8,Balanced,930000,34,0.2,1,True,True,0.581630859375,0.0,0.02,0.018369140625,0.0,342.0,0.0,0.721630859375
Workflow reversal,Window 8,Balanced,930000,35,0.2,1,True,True,0.571630859375,0.0,0.03,0.018369140625,0.0,342.0,0.0,0.721630859375
Workflow reversal,Window 8,Balanced,930000,36,0.2,1,True,True,0.571630859375,0.0,0.03,0.018369140625,0.0,342.0,0.0,0.721630859375
Workflow reversal,Window 8,Balanced,930000,37,0.2,1,True,True,0.566630859375,0.0,0.034999999999999996,0.018369140625,0.0,342.0,0.0,0.721630859375
Workflow reversal,Window 8,Balanced,930000,38,0.2,1,True,True,0.579130859375,0.0,0.022500000000000003,0.018369140625,0.0,342.0,0.0,0.721630859375
Workflow reversal,Window 8,Balanced,930000,39,0.2,1,True,True,0.586630859375,0.0,0.015,0.018369140625,0.0,342.0,0.0,0.721630859375
Workflow reversal,Window 8,Balanced,930000,40,0.2,1,True,True,0.574130859375,0.0,0.0275,0.018369140625,0.0,342.0,0.0,0.721630859375
Workflow reversal,Window 8,Balanced,930000,41,0.2,1,True,True,0.581630859375,0.0,0.02,0.018369140625,0.0,342.0,0.0,0.721630859375
Workflow reversal,Window 8,Balanced,930000,42,0.2,1,True,True,0.566630859375,0.0,0.034999999999999996,0.018369140625,0.0,342.0,0.0,0.721630859375
Workflow reversal,Window 8,Balanced,930000,43,0.2,1,True,True,0.5766308593749999,0.0,0.024999999999999998,0.018369140625,0.0,342.0,0.0,0.721630859375
Workflow reversal,Window 8,Balanced,930000,44,0.2,1,True,True,0.581630859375,0.0,0.02,0.018369140625,0.0,342.0,0.0,0.721630859375
Workflow reversal,Window 8,Balanced,930000,45,0.2,1,True,True,0.584130859375,0.0,0.017499999999999998,0.018369140625,0.0,342.0,0.0,0.721630859375
Workflow reversal,Window 8,Balanced,930000,46,0.2,1,True,True,0.569130859375,0.0,0.0325,0.018369140625,0.0,342.0,0.0,0.721630859375
Workflow reversal,Window 8,Balanced,930000,47,0.2,1,True,True,0.5766308593749999,0.0,0.024999999999999998,0.018369140625,0.0,342.0,0.0,0.721630859375
Workflow reversal,Window 8,Balanced,930000,48,0.2,1,True,True,0.5766308593749999,0.0,0.024999999999999998,0.018369140625,0.0,342.0,0.0,0.721630859375
Workflow reversal,Window 8,Balanced,930000,49,0.2,1,True,True,0.581630859375,0.0,0.02,0.018369140625,0.0,342.0,0.0,0.721630859375
Workflow reversal,Window 8,Balanced,930000,50,0.2,1,True,True,0.5766308593749999,0.0,0.024999999999999998,0.018369140625,0.0,342.0,0.0,0.721630859375
Workflow reversal,Window 8,Balanced,930000,51,0.2,1,True,True,0.581630859375,0.0,0.02,0.018369140625,0.0,342.0,0.0,0.721630859375
Workflow reversal,Window 8,Balanced,930000,52,0.2,1,True,True,0.581630859375,0.0,0.02,0.018369140625,0.0,342.0,0.0,0.721630859375
Workflow reversal,Window 8,Balanced,930000,53,0.2,1,True,True,0.5766308593749999,0.0,0.024999999999999998,0.018369140625,0.0,342.0,0.0,0.721630859375
Workflow reversal,Window 8,Balanced,930000,54,0.2,1,True,True,0.579130859375,0.0,0.022500000000000003,0.018369140625,0.0,342.0,0.0,0.721630859375
Workflow reversal,Window 8,Balanced,930000,55,0.2,1,True,True,0.581630859375,0.0,0.02,0.018369140625,0.0,342.0,0.0,0.721630859375
Workflow reversal,Window 8,Balanced,930000,56,0.2,1,True,True,0.571630859375,0.0,0.03,0.018369140625,0.0,342.0,0.0,0.721630859375
Workflow reversal,Window 8,Balanced,930000,57,0.2,1,True,True,0.574130859375,0.0,0.027499999999999997,0.018369140625,0.0,342.0,0.0,0.721630859375
Workflow reversal,Window 8,Balanced,930000,58,0.2,1,True,True,0.581630859375,0.0,0.02,0.018369140625,0.0,342.0,0.0,0.721630859375
Workflow reversal,Window 8,Balanced,930000,59,0.2,1,True,True,0.5766308593749999,0.0,0.024999999999999998,0.018369140625,0.0,342.0,0.0,0.721630859375
Workflow reversal,Window 8,Balanced,930000,60,0.2,1,True,True,0.5766308593749999,0.0,0.024999999999999998,0.018369140625,0.0,342.0,0.0,0.721630859375
Workflow reversal,Window 8,Balanced,930000,61,0.2,1,True,True,0.581630859375,0.0,0.02,0.018369140625,0.0,342.0,0.0,0.721630859375
Workflow reversal,Window 8,Balanced,930000,62,0.2,1,True,True,0.571630859375,0.0,0.03,0.018369140625,0.0,342.0,0.0,0.721630859375
Workflow reversal,Window 8,Balanced,930000,63,0.2,1,True,True,0.581630859375,0.0,0.02,0.018369140625,0.0,342.0,0.0,0.721630859375
Workflow reversal,Window 8,Balanced,930000,64,0.2,1,True,True,0.5766308593749999,0.0,0.024999999999999998,0.018369140625,0.0,342.0,0.0,0.721630859375
Workflow reversal,Window 8,Balanced,930000,65,0.2,1,True,True,0.5766308593749999,0.0,0.024999999999999998,0.018369140625,0.0,342.0,0.0,0.721630859375
Workflow reversal,Window 8,Balanced,930000,66,0.2,1,True,True,0.586630859375,0.0,0.015,0.018369140625,0.0,342.0,0.0,0.721630859375
Workflow reversal,Window 8,Balanced,930000,67,0.2,1,True,True,0.571630859375,0.0,0.03,0.018369140625,0.0,342.0,0.0,0.721630859375
Workflow reversal,Window 8,Balanced,930000,68,0.2,1,True,True,0.586630859375,0.0,0.015,0.018369140625,0.0,342.0,0.0,0.721630859375
Workflow reversal,Window 8,Balanced,930000,69,0.2,1,True,True,0.5766308593749999,0.0,0.024999999999999998,0.018369140625,0.0,342.0,0.0,0.721630859375
Workflow reversal,Window 8,Balanced,930000,70,0.2,1,True,True,0.5766308593749999,0.0,0.024999999999999998,0.018369140625,0.0,342.0,0.0,0.721630859375
Workflow reversal,Window 8,Balanced,930000,71,0.2,1,True,True,0.581630859375,0.0,0.02,0.018369140625,0.0,342.0,0.0,0.721630859375
Workflow reversal,Window 8,Balanced,930000,72,0.2,1,True,True,0.581630859375,0.0,0.02,0.018369140625,0.0,342.0,0.0,0.721630859375
Workflow reversal,Window 8,Balanced,930000,73,0.2,1,True,True,0.569130859375,0.0,0.032499999999999994,0.018369140625,0.0,342.0,0.0,0.721630859375
Workflow reversal,Window 8,Balanced,930000,74,0.2,1,True,True,0.571630859375,0.0,0.03,0.018369140625,0.0,342.0,0.0,0.721630859375
Workflow reversal,Window 8,Balanced,930000,75,0.2,1,True,True,0.5766308593749999,0.0,0.024999999999999998,0.018369140625,0.0,342.0,0.0,0.721630859375
Workflow reversal,Window 8,Balanced,930000,76,0.2,1,True,True,0.5766308593749999,0.0,0.024999999999999998,0.018369140625,0.0,342.0,0.0,0.721630859375
Workflow reversal,Window 8,Balanced,930000,77,0.2,1,True,True,0.586630859375,0.0,0.015,0.018369140625,0.0,342.0,0.0,0.721630859375
Workflow reversal,Window 8,Balanced,930000,78,0.2,1,True,True,0.574130859375,0.0,0.0275,0.018369140625,0.0,342.0,0.0,0.721630859375
Workflow reversal,Window 8,Balanced,930000,79,0.2,1,True,True,0.5666308593749999,0.0,0.035,0.018369140625,0.0,342.0,0.0,0.721630859375
Workflow reversal,Window 8,Balanced,930000,80,0.2,1,True,True,0.5766308593749999,0.0,0.024999999999999998,0.018369140625,0.0,342.0,0.0,0.721630859375
Workflow reversal,Window 8,Balanced,930000,81,0.2,1,True,True,0.564130859375,0.0,0.0375,0.018369140625,0.0,342.0,0.0,0.721630859375
Workflow reversal,Window 8,Balanced,930000,82,0.2,1,True,True,0.5766308593749999,0.0,0.024999999999999998,0.018369140625,0.0,342.0,0.0,0.721630859375
Workflow reversal,Window 8,Balanced,930000,83,0.2,1,True,True,0.579130859375,0.0,0.022500000000000003,0.018369140625,0.0,342.0,0.0,0.721630859375
Workflow reversal,Window 8,Balanced,930000,84,0.2,1,True,True,0.571630859375,0.0,0.03,0.018369140625,0.0,342.0,0.0,0.721630859375
Workflow reversal,Window 8,Balanced,930000,85,0.2,1,True,True,0.574130859375,0.0,0.0275,0.018369140625,0.0,342.0,0.0,0.721630859375
Workflow reversal,Window 8,Balanced,930000,86,0.2,1,True,True,0.581630859375,0.0,0.02,0.018369140625,0.0,342.0,0.0,0.721630859375
Workflow reversal,Window 8,Balanced,930000,87,0.2,1,True,True,0.574130859375,0.0,0.0275,0.018369140625,0.0,342.0,0.0,0.721630859375
Workflow reversal,Window 8,Balanced,930000,88,0.2,1,True,True,0.579130859375,0.0,0.022500000000000003,0.018369140625,0.0,342.0,0.0,0.721630859375
Workflow reversal,Window 8,Balanced,930000,89,0.2,1,True,True,0.566630859375,0.0,0.034999999999999996,0.018369140625,0.0,342.0,0.0,0.721630859375
Workflow reversal,Window 8,Balanced,930000,90,0.2,1,True,True,0.5766308593749999,0.0,0.024999999999999998,0.018369140625,0.0,342.0,0.0,0.721630859375
Workflow reversal,Window 8,Balanced,930000,91,0.2,1,True,True,0.5766308593749999,0.0,0.024999999999999998,0.018369140625,0.0,342.0,0.0,0.721630859375
Workflow reversal,Window 8,Balanced,930000,92,0.2,1,True,True,0.581630859375,0.0,0.02,0.018369140625,0.0,342.0,0.0,0.721630859375
Workflow reversal,Window 8,Balanced,930000,93,0.2,1,True,True,0.579130859375,0.0,0.022500000000000003,0.018369140625,0.0,342.0,0.0,0.721630859375
Workflow reversal,Window 8,Balanced,930000,94,0.2,1,True,True,0.581630859375,0.0,0.02,0.018369140625,0.0,342.0,0.0,0.721630859375
Workflow reversal,Window 8,Balanced,930000,95,0.2,1,True,True,0.579130859375,0.0,0.022500000000000003,0.018369140625,0.0,342.0,0.0,0.721630859375
Workflow reversal,Window 8,Neyman,930000,0,0.2,1,True,True,0.5867886352539062,0.0,0.015,0.018211364746093747,0.0,339.0625,0.0,0.7217919921875
Workflow reversal,Window 8,Neyman,930000,1,0.2,1,True,True,0.5767897542317707,0.0,0.025000000000000005,0.018210245768229164,0.0,339.0416666666667,0.0,0.7217919921875
Workflow reversal,Window 8,Neyman,930000,2,0.2,1,True,True,0.5817908732096354,0.0,0.02,0.018209126790364582,0.0,339.0208333333333,0.0,0.7217919921875
Workflow reversal,Window 8,Neyman,930000,3,0.2,1,True,True,0.5749147542317709,0.020833333333333332,0.026875,0.018210245768229164,0.0,339.0416666666667,0.0,0.7217919921875
Workflow reversal,Window 8,Neyman,930000,4,0.2,1,True,True,0.5717919921875,0.0,0.03,0.0182080078125,0.0,339.0,0.0,0.7217919921875
Workflow reversal,Window 8,Neyman,930000,5,0.2,1,True,True,0.5767897542317707,0.0,0.024999999999999998,0.018210245768229164,0.0,339.0416666666667,0.0,0.7217919921875
Workflow reversal,Window 8,Neyman,930000,6,0.2,1,True,True,0.5767908732096353,0.0,0.024999999999999998,0.018209126790364582,0.0,339.0208333333333,0.0,0.7217919921875
Workflow reversal,Window 8,Neyman,930000,7,0.2,1,True,True,0.5867919921875,0.0,0.015,0.018208007812499996,0.0,339.0,0.0,0.7217919921875
Workflow reversal,Window 8,Neyman,930000,8,0.2,1,True,True,0.5767886352539061,0.0,0.024999999999999998,0.01821136474609375,0.0,339.0625,0.0,0.7217919921875
Workflow reversal,Window 8,Neyman,930000,9,0.2,1,True,True,0.5717897542317708,0.0,0.03,0.018210245768229164,0.0,339.0416666666667,0.0,0.7217919921875
Workflow reversal,Window 8,Neyman,930000,10,0.2,1,True,True,0.5717886352539062,0.0,0.03,0.01821136474609375,0.0,339.0625,0.0,0.7217919921875
Workflow reversal,Window 8,Neyman,930000,11,0.2,1,True,True,0.5767908732096353,0.0,0.024999999999999998,0.018209126790364582,0.0,339.0208333333333,0.0,0.7217919921875
Workflow reversal,Window 8,Neyman,930000,12,0.2,1,True,True,0.5817875162760416,0.0,0.02,0.018212483723958332,0.0,339.0833333333333,0.0,0.7217919921875
Workflow reversal,Window 8,Neyman,930000,13,0.2,1,True,True,0.5867897542317708,0.0,0.015,0.018210245768229164,0.0,339.0416666666667,0.0,0.7217919921875
Workflow reversal,Window 8,Neyman,930000,14,0.2,1,True,True,0.5817919921875,0.0,0.02,0.0182080078125,0.0,339.0,0.0,0.7217919921875
Workflow reversal,Window 8,Neyman,930000,15,0.2,1,True,True,0.5717897542317708,0.0,0.03,0.018210245768229164,0.0,339.0416666666667,0.0,0.7217919921875
Workflow reversal,Window 8,Neyman,930000,16,0.2,1,True,True,0.5767886352539062,0.0,0.024999999999999998,0.01821136474609375,0.0,339.0625,0.0,0.7217919921875
Workflow reversal,Window 8,Neyman,930000,17,0.2,1,True,True,0.5767897542317707,0.0,0.024999999999999998,0.018210245768229164,0.0,339.0416666666667,0.0,0.7217919921875
Workflow reversal,Window 8,Neyman,930000,18,0.2,1,True,True,0.5867886352539062,0.0,0.015,0.01821136474609375,0.0,339.0625,0.0,0.7217919921875
Workflow reversal,Window 8,Neyman,930000,19,0.2,1,True,True,0.5817897542317708,0.0,0.02,0.018210245768229164,0.0,339.0416666666667,0.0,0.7217919921875
Workflow reversal,Window 8,Neyman,930000,20,0.2,1,True,True,0.5717886352539062,0.0,0.03,0.01821136474609375,0.0,339.0625,0.0,0.7217919921875
Workflow reversal,Window 8,Neyman,930000,21,0.2,1,True,True,0.5642897542317707,0.0,0.0375,0.018210245768229164,0.0,339.0416666666667,0.0,0.7217919921875
Workflow reversal,Window 8,Neyman,930000,22,0.2,1,True,True,0.5817897542317708,0.0,0.02,0.018210245768229164,0.0,339.0416666666667,0.0,0.7217919921875
Workflow reversal,Window 8,Neyman,930000,23,0.2,1,True,True,0.5767908732096353,0.0,0.024999999999999998,0.018209126790364582,0.0,339.0208333333333,0.0,0.7217919921875
Workflow reversal,Window 8,Neyman,930000,24,0.2,1,True,True,0.5767897542317707,0.0,0.024999999999999998,0.018210245768229164,0.0,339.0416666666667,0.0,0.7217919921875
Workflow reversal,Window 8,Neyman,930000,25,0.2,1,True,True,0.5742908732096353,0.0,0.0275,0.018209126790364582,0.0,339.0208333333333,0.0,0.7217919921875
Workflow reversal,Window 8,Neyman,930000,26,0.2,1,True,True,0.5817908732096354,0.0,0.02,0.018209126790364582,0.0,339.0208333333333,0.0,0.7217919921875
Workflow reversal,Window 8,Neyman,930000,27,0.2,1,True,True,0.5692863972981771,0.0,0.0325,0.018213602701822915,0.0,339.1041666666667,0.0,0.7217919921875
Workflow reversal,Window 8,Neyman,930000,28,0.2,1,True,True,0.5767908732096353,0.0,0.024999999999999998,0.018209126790364582,0.0,339.0208333333333,0.0,0.7217919921875
Workflow reversal,Window 8,Neyman,930000,29,0.2,1,True,True,0.5717897542317708,0.0,0.03,0.018210245768229164,0.0,339.0416666666667,0.0,0.7217919921875
Workflow reversal,Window 8,Neyman,930000,30,0.2,1,True,True,0.5767886352539062,0.0,0.024999999999999998,0.01821136474609375,0.0,339.0625,0.0,0.7217919921875
Workflow reversal,Window 8,Neyman,930000,31,0.2,1,True,True,0.5767908732096353,0.0,0.024999999999999998,0.018209126790364582,0.0,339.0208333333333,0.0,0.7217919921875
Workflow reversal,Window 8,Neyman,930000,32,0.2,1,True,True,0.5817908732096354,0.0,0.02,0.018209126790364582,0.0,339.0208333333333,0.0,0.7217919921875
Workflow reversal,Window 8,Neyman,930000,33,0.2,1,True,True,0.5817908732096354,0.0,0.02,0.018209126790364582,0.0,339.0208333333333,0.0,0.7217919921875
Workflow reversal,Window 8,Neyman,930000,34,0.2,1,True,True,0.5767886352539061,0.0,0.024999999999999998,0.01821136474609375,0.0,339.0625,0.0,0.7217919921875
Workflow reversal,Window 8,Neyman,930000,35,0.2,1,True,True,0.5742897542317708,0.0,0.027499999999999997,0.018210245768229164,0.0,339.0416666666667,0.0,0.7217919921875
Workflow reversal,Window 8,Neyman,930000,36,0.2,1,True,True,0.5717886352539062,0.0,0.03,0.01821136474609375,0.0,339.0625,0.0,0.7217919921875
Workflow reversal,Window 8,Neyman,930000,37,0.2,1,True,True,0.5642897542317707,0.0,0.0375,0.018210245768229164,0.0,339.0416666666667,0.0,0.7217919921875
Workflow reversal,Window 8,Neyman,930000,38,0.2,1,True,True,0.5742886352539062,0.0,0.0275,0.01821136474609375,0.0,339.0625,0.0,0.7217919921875
Workflow reversal,Window 8,Neyman,930000,39,0.2,1,True,True,0.5867919921875,0.0,0.015,0.0182080078125,0.0,339.0,0.0,0.7217919921875
Workflow reversal,Window 8,Neyman,930000,40,0.2,1,True,True,0.5742886352539062,0.0,0.0275,0.01821136474609375,0.0,339.0625,0.0,0.7217919921875
Workflow reversal,Window 8,Neyman,930000,41,0.2,1,True,True,0.5792886352539063,0.0,0.022500000000000003,0.01821136474609375,0.0,339.0625,0.0,0.7217919921875
Workflow reversal,Window 8,Neyman,930000,42,0.2,1,True,True,0.5717908732096354,0.0,0.03,0.018209126790364582,0.0,339.0208333333333,0.0,0.7217919921875
Workflow reversal,Window 8,Neyman,930000,43,0.2,1,True,True,0.5767908732096353,0.0,0.024999999999999998,0.018209126790364582,0.0,339.0208333333333,0.0,0.7217919921875
Workflow reversal,Window 8,Neyman,930000,44,0.2,1,True,True,0.5767897542317707,0.0,0.024999999999999998,0.018210245768229164,0.0,339.0416666666667,0.0,0.7217919921875
Workflow reversal,Window 8,Neyman,930000,45,0.2,1,True,True,0.5842908732096354,0.0,0.017499999999999998,0.018209126790364582,0.0,339.0208333333333,0.0,0.7217919921875
Workflow reversal,Window 8,Neyman,930000,46,0.2,1,True,True,0.5717897542317708,0.0,0.03,0.018210245768229164,0.0,339.0416666666667,0.0,0.7217919921875
Workflow reversal,Window 8,Neyman,930000,47,0.2,1,True,True,0.5817897542317708,0.0,0.02,0.018210245768229164,0.0,339.0416666666667,0.0,0.7217919921875
Workflow reversal,Window 8,Neyman,930000,48,0.2,1,True,True,0.5767908732096353,0.0,0.024999999999999998,0.018209126790364582,0.0,339.0208333333333,0.0,0.7217919921875
Workflow reversal,Window 8,Neyman,930000,49,0.2,1,True,True,0.5817886352539062,0.0,0.02,0.01821136474609375,0.0,339.0625,0.0,0.7217919921875
Workflow reversal,Window 8,Neyman,930000,50,0.2,1,True,True,0.5767908732096353,0.0,0.024999999999999998,0.018209126790364582,0.0,339.0208333333333,0.0,0.7217919921875
Workflow reversal,Window 8,Neyman,930000,51,0.2,1,True,True,0.5817886352539062,0.0,0.02,0.018211364746093747,0.0,339.0625,0.0,0.7217919921875
Workflow reversal,Window 8,Neyman,930000,52,0.2,1,True,True,0.5742919921874999,0.0,0.0275,0.0182080078125,0.0,339.0,0.0,0.7217919921875
Workflow reversal,Window 8,Neyman,930000,53,0.2,1,True,True,0.5767897542317707,0.0,0.024999999999999998,0.018210245768229164,0.0,339.0416666666667,0.0,0.7217919921875
Workflow reversal,Window 8,Neyman,930000,54,0.2,1,True,True,0.5792886352539063,0.0,0.022500000000000003,0.01821136474609375,0.0,339.0625,0.0,0.7217919921875
Workflow reversal,Window 8,Neyman,930000,55,0.2,1,True,True,0.5767919921874999,0.0,0.024999999999999998,0.0182080078125,0.0,339.0,0.0,0.7217919921875
Workflow reversal,Window 8,Neyman,930000,56,0.2,1,True,True,0.5717897542317708,0.0,0.03,0.018210245768229164,0.0,339.0416666666667,0.0,0.7217919921875
Workflow reversal,Window 8,Neyman,930000,57,0.2,1,True,True,0.5667908732096354,0.0,0.034999999999999996,0.018209126790364582,0.0,339.0208333333333,0.0,0.7217919921875
Workflow reversal,Window 8,Neyman,930000,58,0.2,1,True,True,0.5817897542317708,0.0,0.02,0.018210245768229164,0.0,339.0416666666667,0.0,0.7217919921875
Workflow reversal,Window 8,Neyman,930000,59,0.2,1,True,True,0.5817919921875,0.0,0.02,0.0182080078125,0.0,339.0,0.0,0.7217919921875
Workflow reversal,Window 8,Neyman,930000,60,0.2,1,True,True,0.5817908732096354,0.0,0.02,0.018209126790364582,0.0,339.0208333333333,0.0,0.7217919921875
Workflow reversal,Window 8,Neyman,930000,61,0.2,1,True,True,0.5817897542317708,0.0,0.02,0.018210245768229164,0.0,339.0416666666667,0.0,0.7217919921875
Workflow reversal,Window 8,Neyman,930000,62,0.2,1,True,True,0.5717897542317708,0.0,0.03,0.018210245768229164,0.0,339.0416666666667,0.0,0.7217919921875
Workflow reversal,Window 8,Neyman,930000,63,0.2,1,True,True,0.5817897542317708,0.0,0.02,0.018210245768229164,0.0,339.0416666666667,0.0,0.7217919921875
Workflow reversal,Window 8,Neyman,930000,64,0.2,1,True,True,0.5767886352539062,0.0,0.024999999999999998,0.01821136474609375,0.0,339.0625,0.0,0.7217919921875
Workflow reversal,Window 8,Neyman,930000,65,0.2,1,True,True,0.5767897542317708,0.0,0.024999999999999998,0.018210245768229164,0.0,339.0416666666667,0.0,0.7217919921875
Workflow reversal,Window 8,Neyman,930000,66,0.2,1,True,True,0.5817908732096354,0.0,0.02,0.018209126790364582,0.0,339.0208333333333,0.0,0.7217919921875
Workflow reversal,Window 8,Neyman,930000,67,0.2,1,True,True,0.5717908732096354,0.0,0.03,0.018209126790364582,0.0,339.0208333333333,0.0,0.7217919921875
Workflow reversal,Window 8,Neyman,930000,68,0.2,1,True,True,0.5817897542317708,0.0,0.02,0.018210245768229164,0.0,339.0416666666667,0.0,0.7217919921875
Workflow reversal,Window 8,Neyman,930000,69,0.2,1,True,True,0.5767886352539062,0.0,0.024999999999999998,0.01821136474609375,0.0,339.0625,0.0,0.7217919921875
Workflow reversal,Window 8,Neyman,930000,70,0.2,1,True,True,0.5767908732096353,0.0,0.024999999999999998,0.018209126790364582,0.0,339.0208333333333,0.0,0.7217919921875
Workflow reversal,Window 8,Neyman,930000,71,0.2,1,True,True,0.5817897542317708,0.0,0.02,0.018210245768229164,0.0,339.0416666666667,0.0,0.7217919921875
Workflow reversal,Window 8,Neyman,930000,72,0.2,1,True,True,0.5817897542317708,0.0,0.02,0.018210245768229164,0.0,339.0416666666667,0.0,0.7217919921875
Workflow reversal,Window 8,Neyman,930000,73,0.2,1,True,True,0.5667919921875,0.0,0.034999999999999996,0.0182080078125,0.0,339.0,0.0,0.7217919921875
Workflow reversal,Window 8,Neyman,930000,74,0.2,1,True,True,0.5767886352539062,0.0,0.025000000000000005,0.018211364746093747,0.0,339.0625,0.0,0.7217785644531249
Workflow reversal,Window 8,Neyman,930000,75,0.2,1,True,True,0.5767886352539062,0.0,0.024999999999999998,0.01821136474609375,0.0,339.0625,0.0,0.7217919921875
Workflow reversal,Window 8,Neyman,930000,76,0.2,1,True,True,0.5767919921874999,0.0,0.024999999999999998,0.0182080078125,0.0,339.0,0.0,0.7217919921875
Workflow reversal,Window 8,Neyman,930000,77,0.2,1,True,True,0.5867897542317708,0.0,0.015,0.018210245768229164,0.0,339.0416666666667,0.0,0.7217919921875
Workflow reversal,Window 8,Neyman,930000,78,0.2,1,True,True,0.5767908732096353,0.0,0.024999999999999998,0.018209126790364582,0.0,339.0208333333333,0.0,0.7217919921875
Workflow reversal,Window 8,Neyman,930000,79,0.2,1,True,True,0.5692897542317708,0.0,0.0325,0.018210245768229164,0.0,339.0416666666667,0.0,0.7217919921875
Workflow reversal,Window 8,Neyman,930000,80,0.2,1,True,True,0.576786397298177,0.0,0.024999999999999998,0.018213602701822915,0.0,339.1041666666667,0.0,0.7217919921875
Workflow reversal,Window 8,Neyman,930000,81,0.2,1,True,True,0.5642897542317707,0.0,0.0375,0.018210245768229164,0.0,339.0416666666667,0.0,0.7217919921875
Workflow reversal,Window 8,Neyman,930000,82,0.2,1,True,True,0.5717897542317708,0.0,0.03,0.018210245768229164,0.0,339.0416666666667,0.0,0.7217919921875
Workflow reversal,Window 8,Neyman,930000,83,0.2,1,True,True,0.5792919921874999,0.0,0.022500000000000003,0.0182080078125,0.0,339.0,0.0,0.7217919921875
Workflow reversal,Window 8,Neyman,930000,84,0.2,1,True,True,0.5767897542317707,0.0,0.024999999999999998,0.018210245768229164,0.0,339.0416666666667,0.0,0.7217919921875
Workflow reversal,Window 8,Neyman,930000,85,0.2,1,True,True,0.5742908732096353,0.0,0.0275,0.018209126790364582,0.0,339.0208333333333,0.0,0.7217919921875
Workflow reversal,Window 8,Neyman,930000,86,0.2,1,True,True,0.5767897542317708,0.0,0.024999999999999998,0.018210245768229164,0.0,339.0416666666667,0.0,0.7217852783203125
Workflow reversal,Window 8,Neyman,930000,87,0.2,1,True,True,0.5742919921874999,0.0,0.0275,0.0182080078125,0.0,339.0,0.0,0.7217919921875
Workflow reversal,Window 8,Neyman,930000,88,0.2,1,True,True,0.5867897542317708,0.0,0.015,0.018210245768229164,0.0,339.0416666666667,0.0,0.7217919921875
Workflow reversal,Window 8,Neyman,930000,89,0.2,1,True,True,0.5667908732096354,0.0,0.034999999999999996,0.018209126790364582,0.0,339.0208333333333,0.0,0.7217919921875
Workflow reversal,Window 8,Neyman,930000,90,0.2,1,True,True,0.5767897542317708,0.0,0.024999999999999998,0.018210245768229164,0.0,339.0416666666667,0.0,0.7217919921875
Workflow reversal,Window 8,Neyman,930000,91,0.2,1,True,True,0.5767908732096353,0.0,0.024999999999999998,0.018209126790364582,0.0,339.0208333333333,0.0,0.7217919921875
Workflow reversal,Window 8,Neyman,930000,92,0.2,1,True,True,0.5792886352539063,0.0,0.022500000000000003,0.018211364746093747,0.0,339.0625,0.0,0.7217919921875
Workflow reversal,Window 8,Neyman,930000,93,0.2,1,True,True,0.5792863972981771,0.0,0.022500000000000003,0.018213602701822915,0.0,339.1041666666667,0.0,0.7217852783203125
Workflow reversal,Window 8,Neyman,930000,94,0.2,1,True,True,0.5817897542317708,0.0,0.02,0.018210245768229164,0.0,339.0416666666667,0.0,0.7217919921875
Workflow reversal,Window 8,Neyman,930000,95,0.2,1,True,True,0.5742908732096353,0.0,0.0275,0.018209126790364582,0.0,339.0208333333333,0.0,0.7217919921875
Workflow reversal,Window 8,Successive rejects,930000,0,0.2,1,True,True,0.581953125,0.0,0.02,0.018046875,0.0,336.0,0.0,0.721953125
Workflow reversal,Window 8,Successive rejects,930000,1,0.2,1,True,True,0.5644531249999999,0.0,0.0375,0.018046875,0.0,336.0,0.0,0.721953125
Workflow reversal,Window 8,Successive rejects,930000,2,0.2,1,True,True,0.586953125,0.0,0.015,0.018046875,0.0,336.0,0.0,0.721953125
Workflow reversal,Window 8,Successive rejects,930000,3,0.2,1,True,True,0.575078125,0.020833333333333332,0.026875,0.018046875,0.0,336.0,0.0,0.721953125
Workflow reversal,Window 8,Successive rejects,930000,4,0.2,1,True,True,0.5769531249999998,0.0,0.024999999999999998,0.018046875,0.0,336.0,0.0,0.721953125
Workflow reversal,Window 8,Successive rejects,930000,5,0.2,1,True,True,0.581953125,0.0,0.02,0.018046875,0.0,336.0,0.0,0.721953125
Workflow reversal,Window 8,Successive rejects,930000,6,0.2,1,True,True,0.5769531249999998,0.0,0.024999999999999998,0.018046875,0.0,336.0,0.0,0.721953125
Workflow reversal,Window 8,Successive rejects,930000,7,0.2,1,True,True,0.586953125,0.0,0.015,0.018046875,0.0,336.0,0.0,0.721953125
Workflow reversal,Window 8,Successive rejects,930000,8,0.2,1,True,True,0.581953125,0.0,0.02,0.018046875,0.0,336.0,0.0,0.721953125
Workflow reversal,Window 8,Successive rejects,930000,9,0.2,1,True,True,0.5619531249999999,0.0,0.04,0.018046875,0.0,336.0,0.0,0.721953125
Workflow reversal,Window 8,Successive rejects,930000,10,0.2,1,True,True,0.571953125,0.0,0.03,0.018046875,0.0,336.0,0.0,0.721953125
Workflow reversal,Window 8,Successive rejects,930000,11,0.2,1,True,True,0.5769531249999998,0.0,0.024999999999999998,0.018046875,0.0,336.0,0.0,0.721953125
Workflow reversal,Window 8,Successive rejects,930000,12,0.2,1,True,True,0.581953125,0.0,0.02,0.018046875,0.0,336.0,0.0,0.721953125
Workflow reversal,Window 8,Successive rejects,930000,13,0.2,1,True,True,0.586953125,0.0,0.015,0.018046875,0.0,336.0,0.0,0.721953125
Workflow reversal,Window 8,Successive rejects,930000,14,0.2,1,True,True,0.581953125,0.0,0.02,0.018046875,0.0,336.0,0.0,0.721953125
Workflow reversal,Window 8,Successive rejects,930000,15,0.2,1,True,True,0.5769531249999998,0.0,0.024999999999999998,0.018046875,0.0,336.0,0.0,0.721953125
Workflow reversal,Window 8,Successive rejects,930000,16,0.2,1,True,True,0.581953125,0.0,0.02,0.018046875,0.0,336.0,0.0,0.721953125
Workflow reversal,Window 8,Successive rejects,930000,17,0.2,1,True,True,0.5769531249999998,0.0,0.024999999999999998,0.018046875,0.0,336.0,0.0,0.721953125
Workflow reversal,Window 8,Successive rejects,930000,18,0.2,1,True,True,0.586953125,0.0,0.015,0.018046875,0.0,336.0,0.0,0.721953125
Workflow reversal,Window 8,Successive rejects,930000,19,0.2,1,True,True,0.5794531249999999,0.0,0.022500000000000003,0.018046875,0.0,336.0,0.0,0.721953125
Workflow reversal,Window 8,Successive rejects,930000,20,0.2,1,True,True,0.5694531249999999,0.0,0.0325,0.018046875,0.0,336.0,0.0,0.721953125
Workflow reversal,Window 8,Successive rejects,930000,21,0.2,1,True,True,0.566953125,0.0,0.034999999999999996,0.018046875,0.0,336.0,0.0,0.721953125
Workflow reversal,Window 8,Successive rejects,930000,22,0.2,1,True,True,0.586953125,0.0,0.015,0.018046875,0.0,336.0,0.0,0.721953125
Workflow reversal,Window 8,Successive rejects,930000,23,0.2,1,True,True,0.5769531249999998,0.0,0.024999999999999998,0.018046875,0.0,336.0,0.0,0.721953125
Workflow reversal,Window 8,Successive rejects,930000,24,0.2,1,True,True,0.5769531249999998,0.0,0.024999999999999998,0.018046875,0.0,336.0,0.0,0.721953125
Workflow reversal,Window 8,Successive rejects,930000,25,0.2,1,True,True,0.5744531249999999,0.0,0.0275,0.018046875,0.0,336.0,0.0,0.721953125
Workflow reversal,Window 8,Successive rejects,930000,26,0.2,1,True,True,0.586953125,0.0,0.015,0.018046875,0.0,336.0,0.0,0.721953125
Workflow reversal,Window 8,Successive rejects,930000,27,0.2,1,True,True,0.571953125,0.0,0.03,0.018046875,0.0,336.0,0.0,0.721953125
Workflow reversal,Window 8,Successive rejects,930000,28,0.2,1,True,True,0.5744531249999999,0.0,0.0275,0.018046875,0.0,336.0,0.0,0.721953125
Workflow reversal,Window 8,Successive rejects,930000,29,0.2,1,True,True,0.5769531249999998,0.0,0.024999999999999998,0.018046875,0.0,336.0,0.0,0.721953125
Workflow reversal,Window 8,Successive rejects,930000,30,0.2,1,True,True,0.5769531249999998,0.0,0.024999999999999998,0.018046875,0.0,336.0,0.0,0.721953125
Workflow reversal,Window 8,Successive rejects,930000,31,0.2,1,True,True,0.581953125,0.0,0.02,0.018046875,0.0,336.0,0.0,0.721953125
Workflow reversal,Window 8,Successive rejects,930000,32,0.2,1,True,True,0.586953125,0.0,0.015,0.018046875,0.0,336.0,0.0,0.721953125
Workflow reversal,Window 8,Successive rejects,930000,33,0.2,1,True,True,0.586953125,0.0,0.015,0.018046875,0.0,336.0,0.0,0.721953125
Workflow reversal,Window 8,Successive rejects,930000,34,0.2,1,True,True,0.586953125,0.0,0.015,0.018046875,0.0,336.0,0.0,0.721953125
Workflow reversal,Window 8,Successive rejects,930000,35,0.2,1,True,True,0.5794531249999999,0.0,0.022500000000000003,0.018046875,0.0,336.0,0.0,0.721953125
Workflow reversal,Window 8,Successive rejects,930000,36,0.2,1,True,True,0.5769531249999998,0.0,0.024999999999999998,0.018046875,0.0,336.0,0.0,0.721953125
Workflow reversal,Window 8,Successive rejects,930000,37,0.2,1,True,True,0.571953125,0.0,0.03,0.018046875,0.0,336.0,0.0,0.721953125
Workflow reversal,Window 8,Successive rejects,930000,38,0.2,1,True,True,0.581953125,0.0,0.02,0.018046875,0.0,336.0,0.0,0.721953125
Workflow reversal,Window 8,Successive rejects,930000,39,0.2,1,True,True,0.586953125,0.0,0.015,0.018046875,0.0,336.0,0.0,0.721953125
Workflow reversal,Window 8,Successive rejects,930000,40,0.2,1,True,True,0.5744531249999999,0.0,0.0275,0.018046875,0.0,336.0,0.0,0.721953125
Workflow reversal,Window 8,Successive rejects,930000,41,0.2,1,True,True,0.581953125,0.0,0.02,0.018046875,0.0,336.0,0.0,0.721953125
Workflow reversal,Window 8,Successive rejects,930000,42,0.2,1,True,True,0.5769531249999998,0.0,0.024999999999999998,0.018046875,0.0,336.0,0.0,0.721953125
Workflow reversal,Window 8,Successive rejects,930000,43,0.2,1,True,True,0.581953125,0.0,0.02,0.018046875,0.0,336.0,0.0,0.721953125
Workflow reversal,Window 8,Successive rejects,930000,44,0.2,1,True,True,0.581953125,0.0,0.02,0.018046875,0.0,336.0,0.0,0.721953125
Workflow reversal,Window 8,Successive rejects,930000,45,0.2,1,True,True,0.586953125,0.0,0.015,0.018046875,0.0,336.0,0.0,0.721953125
Workflow reversal,Window 8,Successive rejects,930000,46,0.2,1,True,True,0.5744531249999999,0.0,0.0275,0.018046875,0.0,336.0,0.0,0.721953125
Workflow reversal,Window 8,Successive rejects,930000,47,0.2,1,True,True,0.581953125,0.0,0.02,0.018046875,0.0,336.0,0.0,0.721953125
Workflow reversal,Window 8,Successive rejects,930000,48,0.2,1,True,True,0.5769531249999998,0.0,0.024999999999999998,0.018046875,0.0,336.0,0.0,0.721953125
Workflow reversal,Window 8,Successive rejects,930000,49,0.2,1,True,True,0.5844531249999999,0.0,0.0175,0.018046875,0.0,336.0,0.0,0.721953125
Workflow reversal,Window 8,Successive rejects,930000,50,0.2,1,True,True,0.581953125,0.0,0.02,0.018046875,0.0,336.0,0.0,0.721953125
Workflow reversal,Window 8,Successive rejects,930000,51,0.2,1,True,True,0.581953125,0.0,0.02,0.018046875,0.0,336.0,0.0,0.721953125
Workflow reversal,Window 8,Successive rejects,930000,52,0.2,1,True,True,0.581953125,0.0,0.02,0.018046875,0.0,336.0,0.0,0.721953125
Workflow reversal,Window 8,Successive rejects,930000,53,0.2,1,True,True,0.5769531249999998,0.0,0.024999999999999998,0.018046875,0.0,336.0,0.0,0.721953125
Workflow reversal,Window 8,Successive rejects,930000,54,0.2,1,True,True,0.5794531249999999,0.0,0.022500000000000003,0.018046875,0.0,336.0,0.0,0.721953125
Workflow reversal,Window 8,Successive rejects,930000,55,0.2,1,True,True,0.581953125,0.0,0.02,0.018046875,0.0,336.0,0.0,0.721953125
Workflow reversal,Window 8,Successive rejects,930000,56,0.2,1,True,True,0.5769531249999998,0.0,0.024999999999999998,0.018046875,0.0,336.0,0.0,0.721953125
Workflow reversal,Window 8,Successive rejects,930000,57,0.2,1,True,True,0.5744531249999999,0.0,0.027499999999999997,0.018046875,0.0,336.0,0.0,0.721953125
Workflow reversal,Window 8,Successive rejects,930000,58,0.2,1,True,True,0.581953125,0.0,0.02,0.018046875,0.0,336.0,0.0,0.721953125
Workflow reversal,Window 8,Successive rejects,930000,59,0.2,1,True,True,0.5769531249999998,0.0,0.024999999999999998,0.018046875,0.0,336.0,0.0,0.721953125
Workflow reversal,Window 8,Successive rejects,930000,60,0.2,1,True,True,0.581953125,0.0,0.02,0.018046875,0.0,336.0,0.0,0.721953125
Workflow reversal,Window 8,Successive rejects,930000,61,0.2,1,True,True,0.586953125,0.0,0.015,0.018046875,0.0,336.0,0.0,0.721953125
Workflow reversal,Window 8,Successive rejects,930000,62,0.2,1,True,True,0.5769531249999998,0.0,0.024999999999999998,0.018046875,0.0,336.0,0.0,0.721953125
Workflow reversal,Window 8,Successive rejects,930000,63,0.2,1,True,True,0.586953125,0.0,0.015,0.018046875,0.0,336.0,0.0,0.721953125
Workflow reversal,Window 8,Successive rejects,930000,64,0.2,1,True,True,0.5769531249999998,0.0,0.024999999999999998,0.018046875,0.0,336.0,0.0,0.721953125
Workflow reversal,Window 8,Successive rejects,930000,65,0.2,1,True,True,0.5769531249999998,0.0,0.024999999999999998,0.018046875,0.0,336.0,0.0,0.721953125
Workflow reversal,Window 8,Successive rejects,930000,66,0.2,1,True,True,0.581953125,0.0,0.02,0.018046875,0.0,336.0,0.0,0.721953125
Workflow reversal,Window 8,Successive rejects,930000,67,0.2,1,True,True,0.571953125,0.0,0.03,0.018046875,0.0,336.0,0.0,0.721953125
Workflow reversal,Window 8,Successive rejects,930000,68,0.2,1,True,True,0.591953125,0.0,0.01,0.018046875,0.0,336.0,0.0,0.721953125
Workflow reversal,Window 8,Successive rejects,930000,69,0.2,1,True,True,0.5769531249999998,0.0,0.024999999999999998,0.018046875,0.0,336.0,0.0,0.721953125
Workflow reversal,Window 8,Successive rejects,930000,70,0.2,1,True,True,0.5769531249999998,0.0,0.024999999999999998,0.018046875,0.0,336.0,0.0,0.721953125
Workflow reversal,Window 8,Successive rejects,930000,71,0.2,1,True,True,0.581953125,0.0,0.02,0.018046875,0.0,336.0,0.0,0.721953125
Workflow reversal,Window 8,Successive rejects,930000,72,0.2,1,True,True,0.581953125,0.0,0.02,0.018046875,0.0,336.0,0.0,0.721953125
Workflow reversal,Window 8,Successive rejects,930000,73,0.2,1,True,True,0.5769531249999998,0.0,0.024999999999999998,0.018046875,0.0,336.0,0.0,0.721953125
Workflow reversal,Window 8,Successive rejects,930000,74,0.2,1,True,True,0.586953125,0.0,0.015,0.018046875,0.0,336.0,0.0,0.721953125
Workflow reversal,Window 8,Successive rejects,930000,75,0.2,1,True,True,0.5769531249999998,0.0,0.024999999999999998,0.018046875,0.0,336.0,0.0,0.721953125
Workflow reversal,Window 8,Successive rejects,930000,76,0.2,1,True,True,0.5769531249999998,0.0,0.024999999999999998,0.018046875,0.0,336.0,0.0,0.721953125
Workflow reversal,Window 8,Successive rejects,930000,77,0.2,1,True,True,0.581953125,0.0,0.02,0.018046875,0.0,336.0,0.0,0.721953125
Workflow reversal,Window 8,Successive rejects,930000,78,0.2,1,True,True,0.581953125,0.0,0.02,0.018046875,0.0,336.0,0.0,0.721953125
Workflow reversal,Window 8,Successive rejects,930000,79,0.2,1,True,True,0.5694531249999999,0.0,0.0325,0.018046875,0.0,336.0,0.0,0.721953125
Workflow reversal,Window 8,Successive rejects,930000,80,0.2,1,True,True,0.581953125,0.0,0.02,0.018046875,0.0,336.0,0.0,0.721953125
Workflow reversal,Window 8,Successive rejects,930000,81,0.2,1,True,True,0.5694531249999999,0.0,0.0325,0.018046875,0.0,336.0,0.0,0.721953125
Workflow reversal,Window 8,Successive rejects,930000,82,0.2,1,True,True,0.5769531249999998,0.0,0.024999999999999998,0.018046875,0.0,336.0,0.0,0.721953125
Workflow reversal,Window 8,Successive rejects,930000,83,0.2,1,True,True,0.5844531249999999,0.0,0.017499999999999998,0.018046875,0.0,336.0,0.0,0.721953125
Workflow reversal,Window 8,Successive rejects,930000,84,0.2,1,True,True,0.5769531249999998,0.0,0.024999999999999998,0.018046875,0.0,336.0,0.0,0.721953125
Workflow reversal,Window 8,Successive rejects,930000,85,0.2,1,True,True,0.5744531249999999,0.0,0.0275,0.018046875,0.0,336.0,0.0,0.721953125
Workflow reversal,Window 8,Successive rejects,930000,86,0.2,1,True,True,0.586953125,0.0,0.015,0.018046875,0.0,336.0,0.0,0.721953125
Workflow reversal,Window 8,Successive rejects,930000,87,0.2,1,True,True,0.5744531249999999,0.0,0.0275,0.018046875,0.0,336.0,0.0,0.721953125
Workflow reversal,Window 8,Successive rejects,930000,88,0.2,1,True,True,0.5844531249999999,0.0,0.017499999999999998,0.018046875,0.0,336.0,0.0,0.721953125
Workflow reversal,Window 8,Successive rejects,930000,89,0.2,1,True,True,0.571953125,0.0,0.03,0.018046875,0.0,336.0,0.0,0.721953125
Workflow reversal,Window 8,Successive rejects,930000,90,0.2,1,True,True,0.5769531249999998,0.0,0.024999999999999998,0.018046875,0.0,336.0,0.0,0.721953125
Workflow reversal,Window 8,Successive rejects,930000,91,0.2,1,True,True,0.581953125,0.0,0.02,0.018046875,0.0,336.0,0.0,0.721953125
Workflow reversal,Window 8,Successive rejects,930000,92,0.2,1,True,True,0.586953125,0.0,0.015,0.018046875,0.0,336.0,0.0,0.721953125
Workflow reversal,Window 8,Successive rejects,930000,93,0.2,1,True,True,0.5794531249999999,0.0,0.022500000000000003,0.018046875,0.0,336.0,0.0,0.721953125
Workflow reversal,Window 8,Successive rejects,930000,94,0.2,1,True,True,0.581953125,0.0,0.02,0.018046875,0.0,336.0,0.0,0.721953125
Workflow reversal,Window 8,Successive rejects,930000,95,0.2,1,True,True,0.5744531249999999,0.0,0.0275,0.018046875,0.0,336.0,0.0,0.721953125
Workflow reversal,Window 8,Repeated discovery,930000,0,0.2,1,True,False,0.5668978881835937,0.0,0.034999999999999996,0.01810211181640625,0.0036001586914062504,336.7916666666667,0.10416666666666667,0.721912841796875
Workflow reversal,Window 8,Repeated discovery,930000,1,0.2,1,True,False,0.5968993123372395,0.0,0.005,0.018100687662760417,0.003598734537760417,336.8125,0.08333333333333333,0.721912841796875
Workflow reversal,Window 8,Repeated discovery,930000,2,0.2,1,True,False,0.5669015502929686,0.0,0.035,0.01809844970703125,0.0035964965820312503,336.7708333333333,0.08333333333333333,0.7218975830078125
Workflow reversal,Window 8,Repeated discovery,930000,3,0.2,1,True,False,0.5819077555338541,0.0,0.02,0.01809224446614583,0.003590291341145833,336.75,0.041666666666666664,0.7218975830078125
Workflow reversal,Window 8,Repeated discovery,930000,4,0.2,1,True,False,0.5768993123372396,0.0,0.024999999999999998,0.018100687662760417,0.003598734537760417,336.8125,0.08333333333333333,0.7218975830078125
Workflow reversal,Window 8,Repeated discovery,930000,5,0.2,1,True,False,0.5919004313151041,0.0,0.01,0.018099568684895834,0.0035976155598958334,336.7916666666667,0.08333333333333333,0.7218975830078125
Workflow reversal,Window 8,Repeated discovery,930000,6,0.2,1,True,False,0.5969055175781249,0.0,0.005,0.018094482421875,0.0035925292968750004,336.7916666666667,0.041666666666666664,0.721912841796875
Workflow reversal,Window 8,Repeated discovery,930000,7,0.2,1,True,False,0.5969004313151041,0.0,0.005,0.018099568684895834,0.0035976155598958334,336.7916666666667,0.08333333333333333,0.7218975830078125
Workflow reversal,Window 8,Repeated discovery,930000,8,0.2,1,True,False,0.5769015502929687,0.0,0.024999999999999998,0.01809844970703125,0.0035964965820312503,336.7708333333333,0.08333333333333333,0.7218975830078125
Workflow reversal,Window 8,Repeated discovery,930000,9,0.2,1,True,False,0.5619029744466145,0.0,0.04,0.018097025553385417,0.003595072428385417,336.7916666666667,0.0625,0.7218975830078125
Workflow reversal,Window 8,Repeated discovery,930000,10,0.2,1,True,False,0.5619004313151041,0.0,0.04,0.018099568684895834,0.0035976155598958334,336.7916666666667,0.08333333333333333,0.7218975830078125
Workflow reversal,Window 8,Repeated discovery,930000,11,0.2,1,True,False,0.5968990071614583,0.0,0.005,0.018100992838541666,0.0035990397135416668,336.7708333333333,0.10416666666666667,0.7218975830078125
Workflow reversal,Window 8,Repeated discovery,930000,12,0.2,1,True,False,0.5818964640299479,0.0,0.02,0.01810353597005208,0.0036015828450520833,336.7708333333333,0.125,0.7218975830078125
Workflow reversal,Window 8,Repeated discovery,930000,13,0.2,1,True,False,0.5869029744466144,0.0,0.015,0.018097025553385417,0.003595072428385417,336.7916666666667,0.0625,0.7218975830078125
Workflow reversal,Window 8,Repeated discovery,930000,14,0.2,1,True,False,0.5669026692708333,0.0,0.034999999999999996,0.018097330729166663,0.0035953776041666666,336.75,0.08333333333333333,0.721912841796875
Workflow reversal,Window 8,Repeated discovery,930000,15,0.2,1,True,False,0.6019029744466144,0.0,0.0,0.018097025553385417,0.003595072428385417,336.7916666666667,0.0625,0.7218975830078125
Workflow reversal,Window 8,Repeated discovery,930000,16,0.2,1,True,False,0.5644015502929687,0.0,0.0375,0.01809844970703125,0.0035964965820312503,336.7708333333333,0.08333333333333333,0.7218975830078125
Workflow reversal,Window 8,Repeated discovery,930000,17,0.2,1,True,False,0.5969018554687499,0.0,0.005,0.018098144531250002,0.0035961914062500005,336.8125,0.0625,0.721912841796875
Workflow reversal,Window 8,Repeated discovery,930000,18,0.2,1,True,False,0.5693978881835936,0.0,0.0325,0.01810211181640625,0.0036001586914062504,336.7916666666667,0.10416666666666667,0.7218975830078125
Workflow reversal,Window 8,Repeated discovery,930000,19,0.2,1,True,False,0.5868993123372395,0.0,0.015000000000000001,0.018100687662760417,0.003598734537760417,336.8125,0.08333333333333333,0.7218975830078125
Workflow reversal,Window 8,Repeated discovery,930000,20,0.2,1,True,False,0.5819015502929686,0.0,0.02,0.01809844970703125,0.0035964965820312503,336.7708333333333,0.08333333333333333,0.7218975830078125
Workflow reversal,Window 8,Repeated discovery,930000,21,0.2,1,True,False,0.5393942260742186,0.0,0.06250000000000001,0.018105773925781252,0.0036038208007812505,336.8125,0.125,0.7218975830078125
Workflow reversal,Window 8,Repeated discovery,930000,22,0.2,1,True,False,0.5894029744466145,0.0,0.012500000000000002,0.018097025553385417,0.003595072428385417,336.7916666666667,0.0625,0.721912841796875
Workflow reversal,Window 8,Repeated discovery,930000,23,0.2,1,True,False,0.5619004313151041,0.0,0.04,0.018099568684895834,0.0035976155598958334,336.7916666666667,0.08333333333333333,0.721912841796875
Workflow reversal,Window 8,Repeated discovery,930000,24,0.2,1,True,False,0.5969029744466144,0.0,0.005,0.018097025553385417,0.003595072428385417,336.7916666666667,0.0625,0.721912841796875
Workflow reversal,Window 8,Repeated discovery,930000,25,0.2,1,True,False,0.5769055175781249,0.0,0.024999999999999998,0.018094482421875,0.0035925292968750004,336.7916666666667,0.041666666666666664,0.721912841796875
Workflow reversal,Window 8,Repeated discovery,930000,26,0.2,1,True,False,0.586900431315104,0.0,0.015,0.018099568684895834,0.0035976155598958334,336.7916666666667,0.08333333333333333,0.7218975830078125
Workflow reversal,Window 8,Repeated discovery,930000,27,0.2,1,True,False,0.5818964640299478,0.0,0.02,0.01810353597005208,0.0036015828450520833,336.7708333333333,0.125,0.7218975830078125
Workflow reversal,Window 8,Repeated discovery,930000,28,0.2,1,True,False,0.5718978881835937,0.0,0.03,0.01810211181640625,0.0036001586914062504,336.7916666666667,0.10416666666666667,0.7218975830078125
Workflow reversal,Window 8,Repeated discovery,930000,29,0.2,1,True,False,0.5769004313151042,0.0,0.024999999999999998,0.018099568684895834,0.0035976155598958334,336.7916666666667,0.08333333333333333,0.721912841796875
Workflow reversal,Window 8,Repeated discovery,930000,30,0.2,1,True,False,0.5769015502929687,0.0,0.024999999999999998,0.01809844970703125,0.0035964965820312503,336.7708333333333,0.08333333333333333,0.7218975830078125
Workflow reversal,Window 8,Repeated discovery,930000,31,0.2,1,True,False,0.5618990071614584,0.0,0.04,0.018100992838541666,0.0035990397135416668,336.7708333333333,0.10416666666666667,0.7218975830078125
Workflow reversal,Window 8,Repeated discovery,930000,32,0.2,1,True,False,0.5894004313151041,0.0,0.012500000000000002,0.018099568684895834,0.0035976155598958334,336.7916666666667,0.08333333333333333,0.7218975830078125
Workflow reversal,Window 8,Repeated discovery,930000,33,0.2,1,True,False,0.5919069417317707,0.0,0.01,0.018093058268229167,0.003591105143229167,336.8125,0.020833333333333332,0.721912841796875
Workflow reversal,Window 8,Repeated discovery,930000,34,0.2,1,True,False,0.5969015502929687,0.0,0.005,0.01809844970703125,0.0035964965820312503,336.7708333333333,0.08333333333333333,0.7218975830078125
Workflow reversal,Window 8,Repeated discovery,930000,35,0.2,1,True,False,0.5668978881835937,0.0,0.034999999999999996,0.01810211181640625,0.0036001586914062504,336.7916666666667,0.10416666666666667,0.721912841796875
Workflow reversal,Window 8,Repeated discovery,930000,36,0.2,1,True,False,0.5969015502929687,0.0,0.005,0.01809844970703125,0.0035964965820312503,336.7708333333333,0.08333333333333333,0.721912841796875
Workflow reversal,Window 8,Repeated discovery,930000,37,0.2,1,True,False,0.5969004313151041,0.0,0.005,0.018099568684895834,0.0035976155598958334,336.7916666666667,0.08333333333333333,0.7218975830078125
Workflow reversal,Window 8,Repeated discovery,930000,38,0.2,1,True,False,0.594396769205729,0.0,0.0075,0.018103230794270835,0.0036012776692708336,336.8125,0.10416666666666667,0.7218975830078125
Workflow reversal,Window 8,Repeated discovery,930000,39,0.2,1,True,False,0.5669004313151041,0.0,0.034999999999999996,0.018099568684895834,0.0035976155598958334,336.7916666666667,0.08333333333333333,0.7218975830078125
Workflow reversal,Window 8,Repeated discovery,930000,40,0.2,1,True,False,0.5969029744466144,0.0,0.005,0.018097025553385417,0.003595072428385417,336.7916666666667,0.0625,0.7218975830078125
Workflow reversal,Window 8,Repeated discovery,930000,41,0.2,1,True,False,0.5769043986002603,0.0,0.024999999999999998,0.018095601399739585,0.0035936482747395836,336.8125,0.041666666666666664,0.7218975830078125
Workflow reversal,Window 8,Repeated discovery,930000,42,0.2,1,True,False,0.5618953450520833,0.0,0.04,0.018104654947916667,0.003602701822916667,336.7916666666667,0.125,0.7218975830078125
Workflow reversal,Window 8,Repeated discovery,930000,43,0.2,1,True,False,0.5969018554687499,0.0,0.005,0.018098144531250002,0.0035961914062500005,336.8125,0.0625,0.7218975830078125
Workflow reversal,Window 8,Repeated discovery,930000,44,0.2,1,True,False,0.5819040934244791,0.0,0.02,0.01809590657552083,0.0035939534505208333,336.7708333333333,0.0625,0.721912841796875
Workflow reversal,Window 8,Repeated discovery,930000,45,0.2,1,True,False,0.5919004313151041,0.0,0.01,0.018099568684895834,0.0035976155598958334,336.7916666666667,0.08333333333333333,0.7218975830078125
Workflow reversal,Window 8,Repeated discovery,930000,46,0.2,1,True,False,0.5769004313151042,0.0,0.024999999999999998,0.018099568684895834,0.0035976155598958334,336.7916666666667,0.08333333333333333,0.7218975830078125
Workflow reversal,Window 8,Repeated discovery,930000,47,0.2,1,True,False,0.5819029744466145,0.0,0.02,0.018097025553385417,0.003595072428385417,336.7916666666667,0.0625,0.721912841796875
Workflow reversal,Window 8,Repeated discovery,930000,48,0.2,1,True,False,0.5769029744466145,0.0,0.024999999999999998,0.018097025553385417,0.003595072428385417,336.7916666666667,0.0625,0.7218975830078125
Workflow reversal,Window 8,Repeated discovery,930000,49,0.2,1,True,False,0.5869029744466144,0.0,0.015,0.018097025553385417,0.003595072428385417,336.7916666666667,0.0625,0.721912841796875
Workflow reversal,Window 8,Repeated discovery,930000,50,0.2,1,True,False,0.58190185546875,0.0,0.02,0.018098144531250002,0.0035961914062500005,336.8125,0.0625,0.7218975830078125
Workflow reversal,Window 8,Repeated discovery,930000,51,0.2,1,True,False,0.5919015502929686,0.0,0.010000000000000002,0.01809844970703125,0.0035964965820312503,336.7708333333333,0.08333333333333333,0.7218975830078125
Workflow reversal,Window 8,Repeated discovery,930000,52,0.2,1,True,False,0.5718975830078125,0.0,0.03,0.0181024169921875,0.0036004638671875,336.75,0.125,0.7218975830078125
Workflow reversal,Window 8,Repeated discovery,930000,53,0.2,1,True,False,0.5694026692708333,0.0,0.032499999999999994,0.018097330729166663,0.0035953776041666666,336.75,0.08333333333333333,0.7218975830078125
Workflow reversal,Window 8,Repeated discovery,930000,54,0.2,1,True,False,0.6018967692057291,0.0,0.0,0.018103230794270835,0.0036012776692708336,336.8125,0.10416666666666667,0.7218975830078125
Workflow reversal,Window 8,Repeated discovery,930000,55,0.2,1,True,False,0.586900431315104,0.0,0.015,0.018099568684895834,0.0035976155598958334,336.7916666666667,0.08333333333333333,0.7218975830078125
Workflow reversal,Window 8,Repeated discovery,930000,56,0.2,1,True,False,0.5818978881835937,0.0,0.02,0.01810211181640625,0.0036001586914062504,336.7916666666667,0.10416666666666667,0.7218975830078125
Workflow reversal,Window 8,Repeated discovery,930000,57,0.2,1,True,False,0.5769015502929687,0.0,0.024999999999999998,0.01809844970703125,0.0035964965820312503,336.7708333333333,0.08333333333333333,0.721912841796875
Workflow reversal,Window 8,Repeated discovery,930000,58,0.2,1,True,False,0.581900431315104,0.0,0.02,0.018099568684895834,0.0035976155598958334,336.7916666666667,0.08333333333333333,0.7218975830078125
Workflow reversal,Window 8,Repeated discovery,930000,59,0.2,1,True,False,0.5868993123372395,0.0,0.015,0.018100687662760417,0.003598734537760417,336.8125,0.08333333333333333,0.7218975830078125
Workflow reversal,Window 8,Repeated discovery,930000,60,0.2,1,True,False,0.5619015502929687,0.0,0.04,0.01809844970703125,0.0035964965820312503,336.7708333333333,0.08333333333333333,0.721912841796875
Workflow reversal,Window 8,Repeated discovery,930000,61,0.2,1,True,False,0.5819052124023436,0.0,0.02,0.01809478759765625,0.00359283447265625,336.75,0.0625,0.721912841796875
Workflow reversal,Window 8,Repeated discovery,930000,62,0.2,1,True,False,0.5719040934244791,0.0,0.03,0.01809590657552083,0.0035939534505208333,336.7708333333333,0.0625,0.7218975830078125
Workflow reversal,Window 8,Repeated discovery,930000,63,0.2,1,True,False,0.5919040934244791,0.0,0.01,0.01809590657552083,0.0035939534505208333,336.7708333333333,0.0625,0.721912841796875
Workflow reversal,Window 8,Repeated discovery,930000,64,0.2,1,True,False,0.5968967692057291,0.0,0.005,0.018103230794270835,0.0036012776692708336,336.8125,0.10416666666666667,0.721912841796875
Workflow reversal,Window 8,Repeated discovery,930000,65,0.2,1,True,False,0.5969015502929687,0.0,0.005,0.01809844970703125,0.0035964965820312503,336.7708333333333,0.08333333333333333,0.7218975830078125
Workflow reversal,Window 8,Repeated discovery,930000,66,0.2,1,True,False,0.5968975830078124,0.0,0.005,0.0181024169921875,0.0036004638671875,336.75,0.125,0.7218975830078125
Workflow reversal,Window 8,Repeated discovery,930000,67,0.2,1,True,False,0.5819015502929686,0.0,0.02,0.01809844970703125,0.0035964965820312503,336.7708333333333,0.08333333333333333,0.7218975830078125
Workflow reversal,Window 8,Repeated discovery,930000,68,0.2,1,True,False,0.5818942260742187,0.0,0.02,0.018105773925781252,0.0036038208007812505,336.8125,0.125,0.7218975830078125
Workflow reversal,Window 8,Repeated discovery,930000,69,0.2,1,True,False,0.5618990071614584,0.0,0.04,0.018100992838541666,0.0035990397135416668,336.7708333333333,0.10416666666666667,0.7218975830078125
Workflow reversal,Window 8,Repeated discovery,930000,70,0.2,1,True,False,0.5669001261393228,0.0,0.034999999999999996,0.01809987386067708,0.003597920735677083,336.75,0.10416666666666667,0.721912841796875
Workflow reversal,Window 8,Repeated discovery,930000,71,0.2,1,True,False,0.5819040934244791,0.0,0.02,0.01809590657552083,0.0035939534505208333,336.7708333333333,0.0625,0.7218975830078125
Workflow reversal,Window 8,Repeated discovery,930000,72,0.2,1,True,False,0.6018967692057291,0.0,0.0,0.018103230794270835,0.0036012776692708336,336.8125,0.10416666666666667,0.7218975830078125
Workflow reversal,Window 8,Repeated discovery,930000,73,0.2,1,True,False,0.5969029744466144,0.0,0.005,0.018097025553385417,0.003595072428385417,336.7916666666667,0.0625,0.7218975830078125
Workflow reversal,Window 8,Repeated discovery,930000,74,0.2,1,True,False,0.5818978881835936,0.0,0.02,0.01810211181640625,0.0036001586914062504,336.7916666666667,0.10416666666666667,0.7218975830078125
Workflow reversal,Window 8,Repeated discovery,930000,75,0.2,1,True,False,0.5450254313151041,0.020833333333333332,0.056875,0.018099568684895834,0.0035976155598958334,336.7916666666667,0.08333333333333333,0.7218975830078125
Workflow reversal,Window 8,Repeated discovery,930000,76,0.2,1,True,False,0.5744029744466145,0.0,0.027499999999999997,0.018097025553385417,0.003595072428385417,336.7916666666667,0.0625,0.721912841796875
Workflow reversal,Window 8,Repeated discovery,930000,77,0.2,1,True,False,0.58190185546875,0.0,0.02,0.018098144531250002,0.0035961914062500005,336.8125,0.0625,0.7218975830078125
Workflow reversal,Window 8,Repeated discovery,930000,78,0.2,1,True,False,0.586900431315104,0.0,0.015,0.018099568684895834,0.0035976155598958334,336.7916666666667,0.08333333333333333,0.721912841796875
Workflow reversal,Window 8,Repeated discovery,930000,79,0.2,1,True,False,0.5494004313151041,0.0,0.05250000000000001,0.018099568684895834,0.0035976155598958334,336.7916666666667,0.08333333333333333,0.721912841796875
Workflow reversal,Window 8,Repeated discovery,930000,80,0.2,1,True,False,0.5943978881835936,0.0,0.0075,0.01810211181640625,0.0036001586914062504,336.7916666666667,0.10416666666666667,0.7218975830078125
Workflow reversal,Window 8,Repeated discovery,930000,81,0.2,1,True,False,0.551900431315104,0.0,0.049999999999999996,0.018099568684895834,0.0035976155598958334,336.7916666666667,0.08333333333333333,0.721912841796875
Workflow reversal,Window 8,Repeated discovery,930000,82,0.2,1,True,False,0.5944029744466145,0.0,0.0075,0.018097025553385417,0.003595072428385417,336.7916666666667,0.0625,0.7218975830078125
Workflow reversal,Window 8,Repeated discovery,930000,83,0.2,1,True,False,0.5794043986002603,0.0,0.022500000000000003,0.018095601399739585,0.0035936482747395836,336.8125,0.041666666666666664,0.7218975830078125
Workflow reversal,Window 8,Repeated discovery,930000,84,0.2,1,True,False,0.5968975830078124,0.0,0.005,0.0181024169921875,0.0036004638671875,336.75,0.125,0.7218975830078125
Workflow reversal,Window 8,Repeated discovery,930000,85,0.2,1,True,False,0.5968978881835937,0.0,0.005,0.01810211181640625,0.0036001586914062504,336.7916666666667,0.10416666666666667,0.7218975830078125
Workflow reversal,Window 8,Repeated discovery,930000,86,0.2,1,True,False,0.5969026692708332,0.0,0.005,0.018097330729166663,0.0035953776041666666,336.75,0.08333333333333333,0.7218975830078125
Workflow reversal,Window 8,Repeated discovery,930000,87,0.2,1,True,False,0.5769066365559895,0.0,0.024999999999999998,0.018093363444010416,0.0035914103190104168,336.7708333333333,0.041666666666666664,0.7218975830078125
Workflow reversal,Window 8,Repeated discovery,930000,88,0.2,1,True,False,0.5969004313151041,0.0,0.005,0.018099568684895834,0.0035976155598958334,336.7916666666667,0.08333333333333333,0.7218975830078125
Workflow reversal,Window 8,Repeated discovery,930000,89,0.2,1,True,False,0.5768990071614583,0.0,0.024999999999999998,0.018100992838541666,0.0035990397135416668,336.7708333333333,0.10416666666666667,0.721912841796875
Workflow reversal,Window 8,Repeated discovery,930000,90,0.2,1,True,False,0.5769052124023437,0.0,0.024999999999999998,0.01809478759765625,0.00359283447265625,336.75,0.0625,0.7218975830078125
Workflow reversal,Window 8,Repeated discovery,930000,91,0.2,1,True,False,0.5668978881835937,0.0,0.034999999999999996,0.01810211181640625,0.0036001586914062504,336.7916666666667,0.10416666666666667,0.7218975830078125
Workflow reversal,Window 8,Repeated discovery,930000,92,0.2,1,True,False,0.581900431315104,0.0,0.02,0.018099568684895834,0.0035976155598958334,336.7916666666667,0.08333333333333333,0.7218975830078125
Workflow reversal,Window 8,Repeated discovery,930000,93,0.2,1,True,False,0.5968978881835937,0.0,0.005,0.01810211181640625,0.0036001586914062504,336.7916666666667,0.10416666666666667,0.721912841796875
Workflow reversal,Window 8,Repeated discovery,930000,94,0.2,1,True,False,0.5969015502929687,0.0,0.005,0.01809844970703125,0.0035964965820312503,336.7708333333333,0.08333333333333333,0.7218975830078125
Workflow reversal,Window 8,Repeated discovery,930000,95,0.2,1,True,False,0.5919040934244791,0.0,0.01,0.01809590657552083,0.0035939534505208333,336.7708333333333,0.0625,0.721912841796875
Workflow reversal,Window 8,Repeated discovery,930000,0,0.2,1,False,True,0.5894004313151041,0.0,0.012499999999999999,0.018099568684895834,0.0035976155598958334,336.7916666666667,0.08333333333333333,0.721912841796875
Workflow reversal,Window 8,Repeated discovery,930000,1,0.2,1,False,True,0.5819043986002603,0.0,0.02,0.018095601399739585,0.0035936482747395836,336.8125,0.041666666666666664,0.7218975830078125
Workflow reversal,Window 8,Repeated discovery,930000,2,0.2,1,False,True,0.5694040934244792,0.0,0.032499999999999994,0.01809590657552083,0.0035939534505208333,336.7708333333333,0.0625,0.7218975830078125
Workflow reversal,Window 8,Repeated discovery,930000,3,0.2,1,False,True,0.5969102986653645,0.0,0.005000000000000001,0.018089701334635413,0.0035877482096354166,336.75,0.020833333333333332,0.721912841796875
Workflow reversal,Window 8,Repeated discovery,930000,4,0.2,1,False,True,0.5669032796223957,0.0,0.034999999999999996,0.018096720377604163,0.0035947672526041668,336.8333333333333,0.041666666666666664,0.721912841796875
Workflow reversal,Window 8,Repeated discovery,930000,5,0.2,1,False,True,0.574400431315104,0.0,0.0275,0.018099568684895834,0.0035976155598958334,336.7916666666667,0.08333333333333333,0.7218975830078125
Workflow reversal,Window 8,Repeated discovery,930000,6,0.2,1,False,True,0.5669055175781249,0.0,0.034999999999999996,0.018094482421875,0.0035925292968750004,336.7916666666667,0.041666666666666664,0.721912841796875
Workflow reversal,Window 8,Repeated discovery,930000,7,0.2,1,False,True,0.5331504313151041,0.041666666666666664,0.06874999999999999,0.018099568684895834,0.0035976155598958334,336.7916666666667,0.08333333333333333,0.7218975830078125
Workflow reversal,Window 8,Repeated discovery,930000,8,0.2,1,False,True,0.5769055175781249,0.0,0.024999999999999998,0.018094482421875,0.0035925292968750004,336.7916666666667,0.041666666666666664,0.721912841796875
Workflow reversal,Window 8,Repeated discovery,930000,9,0.2,1,False,True,0.565030517578125,0.020833333333333332,0.036875,0.018094482421875,0.0035925292968750004,336.7916666666667,0.041666666666666664,0.721912841796875
Workflow reversal,Window 8,Repeated discovery,930000,10,0.2,1,False,True,0.5619029744466145,0.0,0.04,0.018097025553385417,0.003595072428385417,336.7916666666667,0.0625,0.721912841796875
Workflow reversal,Window 8,Repeated discovery,930000,11,0.2,1,False,True,0.6019015502929687,0.0,0.0,0.01809844970703125,0.0035964965820312503,336.7708333333333,0.08333333333333333,0.7218975830078125
Workflow reversal,Window 8,Repeated discovery,930000,12,0.2,1,False,True,0.5769029744466145,0.0,0.024999999999999998,0.018097025553385417,0.003595072428385417,336.7916666666667,0.0625,0.721890869140625
Workflow reversal,Window 8,Repeated discovery,930000,13,0.2,1,False,True,0.5794029744466145,0.0,0.022500000000000003,0.018097025553385417,0.003595072428385417,336.7916666666667,0.0625,0.7218975830078125
Workflow reversal,Window 8,Repeated discovery,930000,14,0.2,1,False,True,0.5819026692708332,0.0,0.02,0.018097330729166663,0.0035953776041666666,336.75,0.08333333333333333,0.7218975830078125
Workflow reversal,Window 8,Repeated discovery,930000,15,0.2,1,False,True,0.5625305175781249,0.020833333333333332,0.03937500000000001,0.018094482421875,0.0035925292968750004,336.7916666666667,0.041666666666666664,0.7218975830078125
Workflow reversal,Window 8,Repeated discovery,930000,16,0.2,1,False,True,0.576904093424479,0.0,0.025000000000000005,0.01809590657552083,0.0035939534505208333,336.7708333333333,0.0625,0.7218975830078125
Workflow reversal,Window 8,Repeated discovery,930000,17,0.2,1,False,True,0.5594018554687499,0.0,0.0425,0.018098144531250002,0.0035961914062500005,336.8125,0.0625,0.7218975830078125
Workflow reversal,Window 8,Repeated discovery,930000,18,0.2,1,False,True,0.5643993123372395,0.0,0.0375,0.018100687662760417,0.0035987345377604166,336.8125,0.08333333333333333,0.7218975830078125
Workflow reversal,Window 8,Repeated discovery,930000,19,0.2,1,False,True,0.5893993123372395,0.0,0.012500000000000002,0.018100687662760417,0.003598734537760417,336.8125,0.08333333333333333,0.7218975830078125
Workflow reversal,Window 8,Repeated discovery,930000,20,0.2,1,False,True,0.5500290934244791,0.020833333333333332,0.051875000000000004,0.01809590657552083,0.0035939534505208333,336.7708333333333,0.0625,0.721912841796875
Workflow reversal,Window 8,Repeated discovery,930000,21,0.2,1,False,True,0.5544069417317707,0.0,0.04750000000000001,0.018093058268229167,0.003591105143229167,336.8125,0.020833333333333332,0.721912841796875
Workflow reversal,Window 8,Repeated discovery,930000,22,0.2,1,False,True,0.5944029744466145,0.0,0.007500000000000002,0.018097025553385417,0.003595072428385417,336.7916666666667,0.0625,0.721912841796875
Workflow reversal,Window 8,Repeated discovery,930000,23,0.2,1,False,True,0.5769055175781249,0.0,0.024999999999999998,0.018094482421875,0.0035925292968750004,336.7916666666667,0.041666666666666664,0.721912841796875
Workflow reversal,Window 8,Repeated discovery,930000,24,0.2,1,False,True,0.5550279744466146,0.020833333333333332,0.046875,0.018097025553385417,0.003595072428385417,336.7916666666667,0.0625,0.721912841796875
Workflow reversal,Window 8,Repeated discovery,930000,25,0.2,1,False,True,0.5744055175781249,0.0,0.0275,0.018094482421875,0.0035925292968750004,336.7916666666667,0.041666666666666664,0.721912841796875
Workflow reversal,Window 8,Repeated discovery,930000,26,0.2,1,False,True,0.6019029744466144,0.0,0.0,0.018097025553385417,0.003595072428385417,336.7916666666667,0.0625,0.7218975830078125
Workflow reversal,Window 8,Repeated discovery,930000,27,0.2,1,False,True,0.5918990071614583,0.0,0.010000000000000002,0.018100992838541666,0.0035990397135416668,336.7708333333333,0.10416666666666667,0.721912841796875
Workflow reversal,Window 8,Repeated discovery,930000,28,0.2,1,False,True,0.571900431315104,0.0,0.03,0.018099568684895834,0.0035976155598958334,336.7916666666667,0.08333333333333333,0.7218975830078125
Workflow reversal,Window 8,Repeated discovery,930000,29,0.2,1,False,True,0.5719029744466145,0.0,0.03,0.018097025553385417,0.003595072428385417,336.7916666666667,0.0625,0.721912841796875
Workflow reversal,Window 8,Repeated discovery,930000,30,0.2,1,False,True,0.5694004313151041,0.0,0.0325,0.018099568684895834,0.0035976155598958334,336.7916666666667,0.08333333333333333,0.721890869140625
Workflow reversal,Window 8,Repeated discovery,930000,31,0.2,1,False,True,0.5769015502929687,0.0,0.024999999999999998,0.01809844970703125,0.0035964965820312503,336.7708333333333,0.08333333333333333,0.7218975830078125
Workflow reversal,Window 8,Repeated discovery,930000,32,0.2,1,False,True,0.5137779744466145,0.14583333333333334,0.08812500000000001,0.018097025553385417,0.003595072428385417,336.7916666666667,0.0625,0.721912841796875
Workflow reversal,Window 8,Repeated discovery,930000,33,0.2,1,False,True,0.5919058227539061,0.0,0.01,0.01809417724609375,0.0035922241210937507,336.8333333333333,0.020833333333333332,0.721912841796875
Workflow reversal,Window 8,Repeated discovery,930000,34,0.2,1,False,True,0.5619004313151041,0.0,0.04,0.018099568684895834,0.0035976155598958334,336.7916666666667,0.08333333333333333,0.7218975830078125
Workflow reversal,Window 8,Repeated discovery,930000,35,0.2,1,False,True,0.5569029744466145,0.0,0.045000000000000005,0.018097025553385417,0.003595072428385417,336.7916666666667,0.0625,0.7218975830078125
Workflow reversal,Window 8,Repeated discovery,930000,36,0.2,1,False,True,0.6019015502929687,0.0,0.0,0.01809844970703125,0.0035964965820312503,336.7708333333333,0.08333333333333333,0.721912841796875
Workflow reversal,Window 8,Repeated discovery,930000,37,0.2,1,False,True,0.5594029744466145,0.0,0.0425,0.018097025553385417,0.003595072428385417,336.7916666666667,0.0625,0.721912841796875
Workflow reversal,Window 8,Repeated discovery,930000,38,0.2,1,False,True,0.5943993123372394,0.0,0.0075,0.018100687662760417,0.003598734537760417,336.8125,0.08333333333333333,0.7218975830078125
Workflow reversal,Window 8,Repeated discovery,930000,39,0.2,1,False,True,0.5594004313151041,0.0,0.0425,0.018099568684895834,0.0035976155598958334,336.7916666666667,0.08333333333333333,0.7218975830078125
Workflow reversal,Window 8,Repeated discovery,930000,40,0.2,1,False,True,0.5519029744466145,0.0,0.049999999999999996,0.018097025553385417,0.003595072428385417,336.7916666666667,0.0625,0.721912841796875
Workflow reversal,Window 8,Repeated discovery,930000,41,0.2,1,False,True,0.56127685546875,0.0625,0.040625,0.018098144531250002,0.0035961914062500005,336.8125,0.0625,0.7218975830078125
Workflow reversal,Window 8,Repeated discovery,930000,42,0.2,1,False,True,0.5769055175781249,0.0,0.024999999999999998,0.018094482421875,0.0035925292968750004,336.7916666666667,0.041666666666666664,0.721912841796875
Workflow reversal,Window 8,Repeated discovery,930000,43,0.2,1,False,True,0.599396769205729,0.0,0.0025000000000000005,0.018103230794270835,0.0036012776692708336,336.8125,0.10416666666666667,0.7218975830078125
Workflow reversal,Window 8,Repeated discovery,930000,44,0.2,1,False,True,0.5819040934244791,0.0,0.02,0.01809590657552083,0.0035939534505208333,336.7708333333333,0.0625,0.721912841796875
Workflow reversal,Window 8,Repeated discovery,930000,45,0.2,1,False,True,0.5800293986002604,0.020833333333333332,0.021875000000000002,0.018095601399739585,0.0035936482747395836,336.8125,0.041666666666666664,0.721912841796875
Workflow reversal,Window 8,Repeated discovery,930000,46,0.2,1,False,True,0.5769029744466145,0.0,0.024999999999999998,0.018097025553385417,0.003595072428385417,336.7916666666667,0.0625,0.7218975830078125
Workflow reversal,Window 8,Repeated discovery,930000,47,0.2,1,False,True,0.5819029744466145,0.0,0.02,0.018097025553385417,0.003595072428385417,336.7916666666667,0.0625,0.721912841796875
Workflow reversal,Window 8,Repeated discovery,930000,48,0.2,1,False,True,0.5769080607096354,0.0,0.024999999999999998,0.018091939290364584,0.0035899861653645834,336.7916666666667,0.020833333333333332,0.721912841796875
Workflow reversal,Window 8,Repeated discovery,930000,49,0.2,1,False,True,0.5794080607096354,0.0,0.022500000000000003,0.018091939290364584,0.0035899861653645834,336.7916666666667,0.020833333333333332,0.721912841796875
Workflow reversal,Window 8,Repeated discovery,930000,50,0.2,1,False,True,0.5919043986002603,0.0,0.01,0.018095601399739585,0.0035936482747395836,336.8125,0.041666666666666664,0.721912841796875
Workflow reversal,Window 8,Repeated discovery,930000,51,0.2,1,False,True,0.5794040934244791,0.0,0.022500000000000003,0.01809590657552083,0.0035939534505208333,336.7708333333333,0.0625,0.721912841796875
Workflow reversal,Window 8,Repeated discovery,930000,52,0.2,1,False,True,0.5744052124023437,0.0,0.027499999999999997,0.01809478759765625,0.00359283447265625,336.75,0.0625,0.721912841796875
Workflow reversal,Window 8,Repeated discovery,930000,53,0.2,1,False,True,0.5669052124023437,0.0,0.034999999999999996,0.01809478759765625,0.00359283447265625,336.75,0.0625,0.7218975830078125
Workflow reversal,Window 8,Repeated discovery,930000,54,0.2,1,False,True,0.5994007364908853,0.0,0.0025000000000000005,0.01809926350911458,0.0035973103841145833,336.8333333333333,0.0625,0.721912841796875
Workflow reversal,Window 8,Repeated discovery,930000,55,0.2,1,False,True,0.6019004313151041,0.0,0.0,0.018099568684895834,0.0035976155598958334,336.7916666666667,0.08333333333333333,0.721912841796875
Workflow reversal,Window 8,Repeated discovery,930000,56,0.2,1,False,True,0.5719029744466145,0.0,0.03,0.018097025553385417,0.003595072428385417,336.7916666666667,0.0625,0.7218975830078125
Workflow reversal,Window 8,Repeated discovery,930000,57,0.2,1,False,True,0.575029093424479,0.020833333333333332,0.026875,0.01809590657552083,0.0035939534505208333,336.7708333333333,0.0625,0.7218975830078125
Workflow reversal,Window 8,Repeated discovery,930000,58,0.2,1,False,True,0.5769040934244791,0.0,0.024999999999999998,0.01809590657552083,0.0035939534505208333,336.7708333333333,0.0625,0.721904296875
Workflow reversal,Window 8,Repeated discovery,930000,59,0.2,1,False,True,0.58190185546875,0.0,0.02,0.018098144531250002,0.0035961914062500005,336.8125,0.0625,0.7218975830078125
Workflow reversal,Window 8,Repeated discovery,930000,60,0.2,1,False,True,0.5694015502929687,0.0,0.0325,0.01809844970703125,0.0035964965820312503,336.7708333333333,0.08333333333333333,0.721912841796875
Workflow reversal,Window 8,Repeated discovery,930000,61,0.2,1,False,True,0.5819102986653645,0.0,0.02,0.018089701334635413,0.0035877482096354166,336.75,0.020833333333333332,0.721912841796875
Workflow reversal,Window 8,Repeated discovery,930000,62,0.2,1,False,True,0.5694066365559894,0.0,0.032499999999999994,0.018093363444010416,0.0035914103190104168,336.7708333333333,0.041666666666666664,0.721912841796875
Workflow reversal,Window 8,Repeated discovery,930000,63,0.2,1,False,True,0.5569029744466145,0.0,0.045000000000000005,0.018097025553385417,0.003595072428385417,336.7916666666667,0.0625,0.721912841796875
Workflow reversal,Window 8,Repeated discovery,930000,64,0.2,1,False,True,0.5744018554687499,0.0,0.0275,0.018098144531250002,0.0035961914062500005,336.8125,0.0625,0.721912841796875
Workflow reversal,Window 8,Repeated discovery,930000,65,0.2,1,False,True,0.5619040934244791,0.0,0.04,0.01809590657552083,0.0035939534505208333,336.7708333333333,0.0625,0.721912841796875
Workflow reversal,Window 8,Repeated discovery,930000,66,0.2,1,False,True,0.5769052124023436,0.0,0.025000000000000005,0.01809478759765625,0.00359283447265625,336.75,0.0625,0.721912841796875
Workflow reversal,Window 8,Repeated discovery,930000,67,0.2,1,False,True,0.5675330607096353,0.020833333333333332,0.034375,0.018091939290364584,0.0035899861653645834,336.7916666666667,0.020833333333333332,0.721912841796875
Workflow reversal,Window 8,Repeated discovery,930000,68,0.2,1,False,True,0.5968956502278645,0.0,0.005,0.018104349772135413,0.003602396647135417,336.8333333333333,0.10416666666666667,0.7218975830078125
Workflow reversal,Window 8,Repeated discovery,930000,69,0.2,1,False,True,0.5769040934244791,0.0,0.024999999999999998,0.01809590657552083,0.0035939534505208333,336.7708333333333,0.0625,0.7218975830078125
Workflow reversal,Window 8,Repeated discovery,930000,70,0.2,1,False,True,0.5769001261393228,0.0,0.024999999999999998,0.01809987386067708,0.003597920735677083,336.75,0.10416666666666667,0.7218975830078125
Workflow reversal,Window 8,Repeated discovery,930000,71,0.2,1,False,True,0.5794066365559895,0.0,0.022500000000000003,0.018093363444010416,0.0035914103190104168,336.7708333333333,0.041666666666666664,0.7218975830078125
Workflow reversal,Window 8,Repeated discovery,930000,72,0.2,1,False,True,0.5968967692057291,0.0,0.005000000000000001,0.018103230794270835,0.0036012776692708336,336.8125,0.10416666666666667,0.7218975830078125
Workflow reversal,Window 8,Repeated discovery,930000,73,0.2,1,False,True,0.5769080607096354,0.0,0.024999999999999998,0.018091939290364584,0.0035899861653645834,336.7916666666667,0.020833333333333332,0.7218975830078125
Workflow reversal,Window 8,Repeated discovery,930000,74,0.2,1,False,True,0.5644004313151041,0.0,0.0375,0.018099568684895834,0.0035976155598958334,336.7916666666667,0.08333333333333333,0.721912841796875
Workflow reversal,Window 8,Repeated discovery,930000,75,0.2,1,False,True,0.5544029744466146,0.0,0.047499999999999994,0.018097025553385417,0.003595072428385417,336.7916666666667,0.0625,0.721912841796875
Workflow reversal,Window 8,Repeated discovery,930000,76,0.2,1,False,True,0.5400330607096353,0.020833333333333332,0.06187500000000001,0.018091939290364584,0.0035899861653645834,336.7916666666667,0.020833333333333332,0.721912841796875
Workflow reversal,Window 8,Repeated discovery,930000,77,0.2,1,False,True,0.5819043986002603,0.0,0.02,0.018095601399739585,0.0035936482747395836,336.8125,0.041666666666666664,0.721912841796875
Workflow reversal,Window 8,Repeated discovery,930000,78,0.2,1,False,True,0.574405517578125,0.0,0.027499999999999997,0.018094482421875,0.0035925292968750004,336.7916666666667,0.041666666666666664,0.721912841796875
Workflow reversal,Window 8,Repeated discovery,930000,79,0.2,1,False,True,0.554405517578125,0.0,0.04750000000000001,0.018094482421875,0.0035925292968750004,336.7916666666667,0.041666666666666664,0.721912841796875
Workflow reversal,Window 8,Repeated discovery,930000,80,0.2,1,False,True,0.5644029744466145,0.0,0.037500000000000006,0.018097025553385417,0.003595072428385417,336.7916666666667,0.0625,0.7218975830078125
Workflow reversal,Window 8,Repeated discovery,930000,81,0.2,1,False,True,0.5369004313151041,0.0,0.065,0.018099568684895834,0.0035976155598958334,336.7916666666667,0.08333333333333333,0.7218975830078125
Workflow reversal,Window 8,Repeated discovery,930000,82,0.2,1,False,True,0.6019004313151041,0.0,0.0,0.018099568684895834,0.0035976155598958334,336.7916666666667,0.08333333333333333,0.7218975830078125
Workflow reversal,Window 8,Repeated discovery,930000,83,0.2,1,False,True,0.5794069417317708,0.0,0.022500000000000003,0.018093058268229167,0.003591105143229167,336.8125,0.020833333333333332,0.721912841796875
Workflow reversal,Window 8,Repeated discovery,930000,84,0.2,1,False,True,0.5719091796874999,0.0,0.03,0.0180908203125,0.0035888671875000003,336.7708333333333,0.020833333333333332,0.7219061279296874
Workflow reversal,Window 8,Repeated discovery,930000,85,0.2,1,False,True,0.5525254313151041,0.020833333333333332,0.049375,0.018099568684895834,0.0035976155598958334,336.7916666666667,0.08333333333333333,0.721912841796875
Workflow reversal,Window 8,Repeated discovery,930000,86,0.2,1,False,True,0.5719052124023437,0.0,0.03,0.01809478759765625,0.00359283447265625,336.75,0.0625,0.7218975830078125
Workflow reversal,Window 8,Repeated discovery,930000,87,0.2,1,False,True,0.5744091796874998,0.0,0.0275,0.0180908203125,0.0035888671875000003,336.7708333333333,0.020833333333333332,0.721912841796875
Workflow reversal,Window 8,Repeated discovery,930000,88,0.2,1,False,True,0.5969029744466144,0.0,0.005,0.018097025553385417,0.003595072428385417,336.7916666666667,0.0625,0.721912841796875
Workflow reversal,Window 8,Repeated discovery,930000,89,0.2,1,False,True,0.5644004313151041,0.0,0.0375,0.018099568684895834,0.0035976155598958334,336.7916666666667,0.08333333333333333,0.721890869140625
Workflow reversal,Window 8,Repeated discovery,930000,90,0.2,1,False,True,0.5969077555338541,0.0,0.005,0.01809224446614583,0.003590291341145833,336.75,0.041666666666666664,0.7218975830078125
Workflow reversal,Window 8,Repeated discovery,930000,91,0.2,1,False,True,0.551900431315104,0.0,0.049999999999999996,0.018099568684895834,0.0035976155598958334,336.7916666666667,0.08333333333333333,0.721912841796875
Workflow reversal,Window 8,Repeated discovery,930000,92,0.2,1,False,True,0.5769055175781249,0.0,0.024999999999999998,0.018094482421875,0.0035925292968750004,336.7916666666667,0.041666666666666664,0.721912841796875
Workflow reversal,Window 8,Repeated discovery,930000,93,0.2,1,False,True,0.5769004313151042,0.0,0.025000000000000005,0.018099568684895834,0.0035976155598958334,336.7916666666667,0.08333333333333333,0.7218975830078125
Workflow reversal,Window 8,Repeated discovery,930000,94,0.2,1,False,True,0.5869066365559895,0.0,0.015,0.018093363444010416,0.0035914103190104168,336.7708333333333,0.041666666666666664,0.721912841796875
Workflow reversal,Window 8,Repeated discovery,930000,95,0.2,1,False,True,0.5694029744466145,0.0,0.0325,0.018097025553385417,0.003595072428385417,336.7916666666667,0.0625,0.7219061279296874
