environment,memory,arm,round,net,harm,regret,balanced_share,neyman_share,specialized_share
Stationary harm,Reset,Balanced,1,0.4488183593749998,0.0,0.03281250000000001,1.0,0.0,0.0
Stationary harm,Reset,Balanced,2,0.4567871093749998,0.015625,0.024843750000000005,1.0,0.0,0.015625
Stationary harm,Reset,Balanced,3,0.4455371093749998,0.015625,0.03609375000000001,1.0,0.0,0.015625
Stationary harm,Reset,Balanced,4,0.46405273437499983,0.0078125,0.017578125000000003,1.0,0.0,0.0078125
Stationary harm,Reset,Balanced,5,0.4396777343749998,0.0390625,0.04195312500000001,1.0,0.0,0.0390625
Stationary harm,Reset,Balanced,6,0.45256835937499984,0.0,0.029062500000000005,1.0,0.0,0.0
Stationary harm,Reset,Balanced,7,0.45069335937499977,0.0,0.030937500000000003,1.0,0.0,0.0
Stationary harm,Reset,Balanced,8,0.4455371093749998,0.015625,0.03609375,1.0,0.0,0.015625
Stationary harm,Reset,Balanced,9,0.4572558593749998,0.0,0.024375000000000004,1.0,0.0,0.0
Stationary harm,Reset,Balanced,10,0.4361621093749998,0.015625,0.04546875,1.0,0.0,0.015625
Stationary harm,Reset,Balanced,11,0.4441308593749998,0.0,0.037500000000000006,1.0,0.0,0.0
Stationary harm,Reset,Balanced,12,0.4434277343749998,0.0078125,0.038203125000000004,1.0,0.0,0.0078125
Stationary harm,Reset,Balanced,13,0.4509277343749998,0.0078125,0.030703125000000005,1.0,0.0,0.0078125
Stationary harm,Reset,Balanced,14,0.45819335937499983,0.0,0.023437500000000007,1.0,0.0,0.0
Stationary harm,Reset,Balanced,15,0.4518652343749998,0.0078125,0.029765625000000004,1.0,0.0,0.0078125
Stationary harm,Reset,Balanced,16,0.4563183593749998,0.0,0.0253125,1.0,0.0,0.0
Stationary harm,Reset,Balanced,17,0.45256835937499984,0.0,0.029062500000000005,1.0,0.0,0.0
Stationary harm,Reset,Balanced,18,0.4455371093749998,0.015625,0.03609375,1.0,0.0,0.015625
Stationary harm,Reset,Balanced,19,0.4591308593749998,0.0,0.022500000000000006,1.0,0.0,0.0
Stationary harm,Reset,Balanced,20,0.4506933593749998,0.0,0.030937500000000007,1.0,0.0,0.0
Stationary harm,Reset,Balanced,21,0.44741210937499976,0.015625,0.034218750000000006,1.0,0.0,0.015625
Stationary harm,Reset,Balanced,22,0.45538085937499984,0.0,0.026250000000000006,1.0,0.0,0.0
Stationary harm,Reset,Balanced,23,0.46124023437499984,0.0078125,0.020390625000000002,1.0,0.0,0.0078125
Stationary harm,Reset,Balanced,24,0.45092773437499983,0.0078125,0.030703125000000005,1.0,0.0,0.0078125
Stationary harm,Reset,Balanced,25,0.4530371093749998,0.015625,0.028593750000000005,1.0,0.0,0.015625
Stationary harm,Reset,Balanced,26,0.4563183593749998,0.0,0.0253125,1.0,0.0,0.0
Stationary harm,Reset,Balanced,27,0.45561523437499984,0.0078125,0.026015625000000004,1.0,0.0,0.0078125
Stationary harm,Reset,Balanced,28,0.4553808593749998,0.0,0.026250000000000002,1.0,0.0,0.0
Stationary harm,Reset,Balanced,29,0.4610058593749998,0.0,0.020625000000000004,1.0,0.0,0.0
Stationary harm,Reset,Balanced,30,0.4413183593749998,0.0,0.04031250000000001,1.0,0.0,0.0
Stationary harm,Reset,Balanced,31,0.4460058593749998,0.0,0.035625000000000004,1.0,0.0,0.0
Stationary harm,Reset,Balanced,32,0.4481152343749998,0.0078125,0.03351562500000001,1.0,0.0,0.0078125
Stationary harm,Reset,Balanced,33,0.4502246093749998,0.015625,0.03140625000000001,1.0,0.0,0.015625
Stationary harm,Reset,Balanced,34,0.4628808593749998,0.0,0.018750000000000003,1.0,0.0,0.0
Stationary harm,Reset,Balanced,35,0.4492871093749998,0.015625,0.032343750000000004,1.0,0.0,0.015625
Stationary harm,Reset,Balanced,36,0.4483496093749998,0.015625,0.033281250000000005,1.0,0.0,0.015625
Stationary harm,Reset,Balanced,37,0.4544433593749998,0.0,0.027187500000000003,1.0,0.0,0.0
Stationary harm,Reset,Balanced,38,0.4621777343749998,0.0078125,0.019453125000000005,1.0,0.0,0.0078125
Stationary harm,Reset,Balanced,39,0.4471777343749998,0.0078125,0.034453125,1.0,0.0,0.0078125
Stationary harm,Reset,Balanced,40,0.4572558593749998,0.0,0.024375000000000004,1.0,0.0,0.0
Stationary harm,Reset,Balanced,41,0.4460058593749998,0.03125,0.035625000000000004,1.0,0.0,0.03125
Stationary harm,Reset,Balanced,42,0.45256835937499984,0.0,0.029062500000000005,1.0,0.0,0.0
Stationary harm,Reset,Balanced,43,0.4544433593749998,0.0,0.027187500000000003,1.0,0.0,0.0
Stationary harm,Reset,Balanced,44,0.4546777343749998,0.0078125,0.026953125,1.0,0.0,0.0078125
Stationary harm,Reset,Balanced,45,0.45069335937499977,0.0,0.0309375,1.0,0.0,0.0
Stationary harm,Reset,Balanced,46,0.45350585937499976,0.0,0.028125000000000004,1.0,0.0,0.0
Stationary harm,Reset,Balanced,47,0.44975585937499984,0.0,0.031875,1.0,0.0,0.0
Stationary harm,Reset,Balanced,48,0.4453027343749998,0.0078125,0.036328125,1.0,0.0,0.0078125
Stationary harm,Reset,Discover once,1,0.4425815200805664,0.0,0.014062500000000002,0.3203125,0.390625,0.0
Stationary harm,Reset,Discover once,2,0.43862304687499987,0.0625,0.046875000000000014,0.3203125,0.390625,0.0625
Stationary harm,Reset,Discover once,3,0.42948242187499985,0.0703125,0.05601562500000001,0.3203125,0.390625,0.0703125
Stationary harm,Reset,Discover once,4,0.44096679687499984,0.078125,0.04453125000000001,0.3203125,0.390625,0.078125
Stationary harm,Reset,Discover once,5,0.4273730468749999,0.0625,0.05812500000000001,0.3203125,0.390625,0.0625
Stationary harm,Reset,Discover once,6,0.43581054687499987,0.0625,0.04968750000000001,0.3203125,0.390625,0.0625
Stationary harm,Reset,Discover once,7,0.42338867187499984,0.0546875,0.06210937500000001,0.3203125,0.390625,0.0546875
Stationary harm,Reset,Discover once,8,0.42198242187499985,0.0703125,0.06351562500000002,0.3203125,0.390625,0.0703125
Stationary harm,Reset,Discover once,9,0.4280345153808593,0.0859375,0.05367187500000001,0.3203125,0.390625,0.0859375
Stationary harm,Reset,Discover once,10,0.4163161849975585,0.0703125,0.06539062500000001,0.3203125,0.390625,0.0703125
Stationary harm,Reset,Discover once,11,0.42193908691406246,0.0703125,0.05976562500000002,0.3203125,0.390625,0.0703125
Stationary harm,Reset,Discover once,12,0.4348292922973632,0.03125,0.04687500000000001,0.3203125,0.390625,0.03125
Stationary harm,Reset,Discover once,13,0.44139305114746086,0.03125,0.0403125,0.3203125,0.390625,0.03125
Stationary harm,Reset,Discover once,14,0.44444160461425775,0.0390625,0.037265625000000004,0.3203125,0.390625,0.0390625
Stationary harm,Reset,Discover once,15,0.42334197998046863,0.0859375,0.05835937500000002,0.3203125,0.390625,0.0859375
Stationary harm,Reset,Discover once,16,0.43130863189697255,0.0703125,0.05039062500000001,0.3203125,0.390625,0.0703125
Stationary harm,Reset,Discover once,17,0.44233097076416006,0.03125,0.03937500000000001,0.3203125,0.390625,0.03125
Stationary harm,Reset,Discover once,18,0.4360041046142577,0.0390625,0.04570312500000001,0.3203125,0.390625,0.0390625
Stationary harm,Reset,Discover once,19,0.4409213638305663,0.046875,0.040781250000000005,0.3203125,0.390625,0.046875
Stationary harm,Reset,Discover once,20,0.4292051315307617,0.0625,0.052500000000000005,0.3203125,0.390625,0.0625
Stationary harm,Reset,Discover once,21,0.4336595153808593,0.0546875,0.04804687500000001,0.3203125,0.390625,0.0546875
Stationary harm,Reset,Discover once,22,0.4374090957641601,0.0546875,0.04429687500000001,0.3203125,0.390625,0.0546875
Stationary harm,Reset,Discover once,23,0.44185970306396477,0.046875,0.03984375000000001,0.3203125,0.390625,0.046875
Stationary harm,Reset,Discover once,24,0.43107677459716787,0.0625,0.050625,0.3203125,0.390625,0.0625
Stationary harm,Reset,Discover once,25,0.45053493499755853,0.0234375,0.03117187500000001,0.3203125,0.390625,0.0234375
Stationary harm,Reset,Discover once,26,0.4413922119140624,0.03125,0.04031250000000001,0.3203125,0.390625,0.03125
Stationary harm,Reset,Discover once,27,0.4392807388305663,0.0546875,0.04242187500000001,0.3203125,0.390625,0.0546875
Stationary harm,Reset,Discover once,28,0.43342765808105455,0.046875,0.04828125000000001,0.3203125,0.390625,0.046875
Stationary harm,Reset,Discover once,29,0.4383465957641601,0.0546875,0.043359375000000006,0.3203125,0.390625,0.0546875
Stationary harm,Reset,Discover once,30,0.4226472473144531,0.0625,0.05906250000000001,0.3203125,0.390625,0.0625
Stationary harm,Reset,Discover once,31,0.42451721191406244,0.0625,0.057187500000000016,0.3203125,0.390625,0.0625
Stationary harm,Reset,Discover once,32,0.43975158691406235,0.0390625,0.04195312500000001,0.3203125,0.390625,0.0390625
Stationary harm,Reset,Discover once,33,0.4392853546142578,0.0546875,0.04242187500000001,0.3203125,0.390625,0.0546875
Stationary harm,Reset,Discover once,34,0.43717220306396476,0.078125,0.04453125000000001,0.3203125,0.390625,0.078125
Stationary harm,Reset,Discover once,35,0.4350645065307616,0.0390625,0.046640625000000005,0.3203125,0.390625,0.0390625
Stationary harm,Reset,Discover once,36,0.4336616134643554,0.0546875,0.04804687500000001,0.3203125,0.390625,0.0546875
Stationary harm,Reset,Discover once,37,0.4479555511474609,0.03125,0.03375,0.3203125,0.390625,0.03125
Stationary harm,Reset,Discover once,38,0.4465467834472655,0.046875,0.03515625,0.3203125,0.390625,0.046875
Stationary harm,Reset,Discover once,39,0.41678283691406237,0.0859375,0.06492187500000002,0.3203125,0.390625,0.0859375
Stationary harm,Reset,Discover once,40,0.4348318099975585,0.0625,0.04687500000000001,0.3203125,0.390625,0.0625
Stationary harm,Reset,Discover once,41,0.436469497680664,0.0546875,0.04523437500000001,0.3203125,0.390625,0.0546875
Stationary harm,Reset,Discover once,42,0.4256903457641601,0.0703125,0.05601562500000001,0.3203125,0.390625,0.0703125
Stationary harm,Reset,Discover once,43,0.4376396942138671,0.03125,0.044062500000000004,0.3203125,0.390625,0.03125
Stationary harm,Reset,Discover once,44,0.43694160461425774,0.0390625,0.044765625,0.3203125,0.390625,0.0390625
Stationary harm,Reset,Discover once,45,0.4378786849975585,0.0390625,0.04382812500000001,0.3203125,0.390625,0.0390625
Stationary harm,Reset,Discover once,46,0.4413943099975585,0.03125,0.04031250000000001,0.3203125,0.390625,0.03125
Stationary harm,Reset,Discover once,47,0.43202266693115227,0.03125,0.04968750000000001,0.3203125,0.390625,0.03125
Stationary harm,Reset,Discover once,48,0.4409293365478515,0.015625,0.040781250000000005,0.3203125,0.390625,0.015625
Stationary harm,Reset,Repeated discovery,1,0.4425815200805664,0.0,0.014062500000000002,0.3203125,0.390625,0.0
Stationary harm,Reset,Repeated discovery,2,0.43862304687499987,0.0625,0.046875000000000014,0.3203125,0.390625,0.0625
Stationary harm,Reset,Repeated discovery,3,0.42948242187499985,0.0703125,0.05601562500000001,0.3203125,0.390625,0.0703125
Stationary harm,Reset,Repeated discovery,4,0.44096679687499984,0.078125,0.04453125000000001,0.3203125,0.390625,0.078125
Stationary harm,Reset,Repeated discovery,5,0.4273730468749999,0.0625,0.05812500000000001,0.3203125,0.390625,0.0625
Stationary harm,Reset,Repeated discovery,6,0.43581054687499987,0.0625,0.04968750000000001,0.3203125,0.390625,0.0625
Stationary harm,Reset,Repeated discovery,7,0.42338867187499984,0.0546875,0.06210937500000001,0.3203125,0.390625,0.0546875
Stationary harm,Reset,Repeated discovery,8,0.42198242187499985,0.0703125,0.06351562500000002,0.3203125,0.390625,0.0703125
Stationary harm,Reset,Repeated discovery,9,0.43977561950683597,0.0,0.016875,0.3125,0.4296875,0.0
Stationary harm,Reset,Repeated discovery,10,0.4308886718749998,0.0546875,0.054609375,0.3125,0.4296875,0.0546875
Stationary harm,Reset,Repeated discovery,11,0.43206054687499984,0.0625,0.05343750000000001,0.3125,0.4296875,0.0625
Stationary harm,Reset,Repeated discovery,12,0.4344042968749998,0.046875,0.05109375000000001,0.3125,0.4296875,0.046875
Stationary harm,Reset,Repeated discovery,13,0.4390917968749999,0.046875,0.04640625,0.3125,0.4296875,0.046875
Stationary harm,Reset,Repeated discovery,14,0.4428417968749998,0.046875,0.04265625000000001,0.3125,0.4296875,0.046875
Stationary harm,Reset,Repeated discovery,15,0.4332324218749999,0.0703125,0.05226562500000001,0.3125,0.4296875,0.0703125
Stationary harm,Reset,Repeated discovery,16,0.43815429687499985,0.046875,0.047343750000000004,0.3125,0.4296875,0.046875
Stationary harm,Reset,Repeated discovery,17,0.4444553756713867,0.0,0.012187500000000004,0.40625,0.34375,0.0
Stationary harm,Reset,Repeated discovery,18,0.42315429687499984,0.078125,0.06234375000000002,0.40625,0.34375,0.078125
Stationary harm,Reset,Repeated discovery,19,0.4339355468749998,0.0625,0.05156250000000001,0.40625,0.34375,0.0625
Stationary harm,Reset,Repeated discovery,20,0.4404980468749998,0.03125,0.04500000000000001,0.40625,0.34375,0.03125
Stationary harm,Reset,Repeated discovery,21,0.43791992187499984,0.0390625,0.047578125000000006,0.40625,0.34375,0.0390625
Stationary harm,Reset,Repeated discovery,22,0.44073242187499984,0.0390625,0.04476562500000001,0.40625,0.34375,0.0390625
Stationary harm,Reset,Repeated discovery,23,0.44424804687499986,0.03125,0.04125,0.40625,0.34375,0.03125
Stationary harm,Reset,Repeated discovery,24,0.44073242187499984,0.0390625,0.044765625,0.40625,0.34375,0.0390625
Stationary harm,Reset,Repeated discovery,25,0.4388287353515625,0.0,0.017812500000000002,0.375,0.328125,0.0
Stationary harm,Reset,Repeated discovery,26,0.43909179687499983,0.046875,0.04640625000000001,0.375,0.328125,0.046875
Stationary harm,Reset,Repeated discovery,27,0.44307617187499987,0.0546875,0.04242187500000001,0.375,0.328125,0.0546875
Stationary harm,Reset,Repeated discovery,28,0.42690429687499987,0.078125,0.058593750000000014,0.375,0.328125,0.078125
Stationary harm,Reset,Repeated discovery,29,0.4313574218749998,0.0703125,0.05414062500000001,0.375,0.328125,0.0703125
Stationary harm,Reset,Repeated discovery,30,0.4329980468749999,0.03125,0.052500000000000005,0.375,0.328125,0.03125
Stationary harm,Reset,Repeated discovery,31,0.43229492187499985,0.0703125,0.053203125000000004,0.375,0.328125,0.0703125
Stationary harm,Reset,Repeated discovery,32,0.4287792968749998,0.078125,0.05671875000000001,0.375,0.328125,0.078125
Stationary harm,Reset,Repeated discovery,33,0.4360177993774414,0.0,0.020625000000000004,0.3359375,0.375,0.0
Stationary harm,Reset,Repeated discovery,34,0.42409179687499987,0.109375,0.06140625000000001,0.3359375,0.375,0.109375
Stationary harm,Reset,Repeated discovery,35,0.4329980468749998,0.0625,0.05250000000000002,0.3359375,0.375,0.0625
Stationary harm,Reset,Repeated discovery,36,0.4226855468749998,0.09375,0.06281250000000001,0.3359375,0.375,0.09375
Stationary harm,Reset,Repeated discovery,37,0.41471679687499985,0.109375,0.07078125000000002,0.3359375,0.375,0.109375
Stationary harm,Reset,Repeated discovery,38,0.43862304687499987,0.0625,0.04687500000000001,0.3359375,0.375,0.0625
Stationary harm,Reset,Repeated discovery,39,0.44096679687499984,0.046875,0.04453125000000001,0.3359375,0.375,0.046875
Stationary harm,Reset,Repeated discovery,40,0.43510742187499984,0.0703125,0.05039062500000001,0.3359375,0.375,0.0703125
Stationary harm,Reset,Repeated discovery,41,0.4454034423828125,0.0,0.011250000000000001,0.265625,0.4609375,0.0
Stationary harm,Reset,Repeated discovery,42,0.43393554687499986,0.0625,0.05156250000000001,0.265625,0.4609375,0.0625
Stationary harm,Reset,Repeated discovery,43,0.4334667968749999,0.046875,0.05203125000000001,0.265625,0.4609375,0.046875
Stationary harm,Reset,Repeated discovery,44,0.44096679687499984,0.046875,0.04453125000000001,0.265625,0.4609375,0.046875
Stationary harm,Reset,Repeated discovery,45,0.44237304687499984,0.03125,0.04312500000000001,0.265625,0.4609375,0.03125
Stationary harm,Reset,Repeated discovery,46,0.4388574218749998,0.0390625,0.046640625000000005,0.265625,0.4609375,0.0390625
Stationary harm,Reset,Repeated discovery,47,0.43862304687499987,0.03125,0.04687500000000001,0.265625,0.4609375,0.03125
Stationary harm,Reset,Repeated discovery,48,0.43252929687499986,0.046875,0.05296875000000001,0.265625,0.4609375,0.046875
Stationary harm,Reset,Trial-matched Balanced,1,0.4436058044433594,0.0,0.013125000000000003,1.0,0.0,0.0
Stationary harm,Reset,Trial-matched Balanced,2,0.4543261718749998,0.0234375,0.03117187500000001,1.0,0.0,0.0234375
Stationary harm,Reset,Trial-matched Balanced,3,0.44823242187499984,0.0078125,0.03726562500000001,1.0,0.0,0.0078125
Stationary harm,Reset,Trial-matched Balanced,4,0.4608886718749998,0.0234375,0.024609375000000003,1.0,0.0,0.0234375
Stationary harm,Reset,Trial-matched Balanced,5,0.44659179687499984,0.015625,0.03890625,1.0,0.0,0.015625
Stationary harm,Reset,Trial-matched Balanced,6,0.45081054687499983,0.0,0.0346875,1.0,0.0,0.0
Stationary harm,Reset,Trial-matched Balanced,7,0.44823242187499984,0.0078125,0.03726562500000001,1.0,0.0,0.0078125
Stationary harm,Reset,Trial-matched Balanced,8,0.4447167968749998,0.015625,0.040781250000000005,1.0,0.0,0.015625
Stationary harm,Reset,Trial-matched Balanced,9,0.43891536712646484,0.0,0.017812500000000005,1.0,0.0,0.0
Stationary harm,Reset,Trial-matched Balanced,10,0.44541992187499985,0.0078125,0.040078125000000006,1.0,0.0,0.0078125
Stationary harm,Reset,Trial-matched Balanced,11,0.4419042968749999,0.015625,0.04359375000000001,1.0,0.0,0.015625
Stationary harm,Reset,Trial-matched Balanced,12,0.44541992187499985,0.0078125,0.040078125000000006,1.0,0.0,0.0078125
Stationary harm,Reset,Trial-matched Balanced,13,0.4536230468749998,0.0,0.031875,1.0,0.0,0.0
Stationary harm,Reset,Trial-matched Balanced,14,0.45291992187499985,0.0078125,0.032578125000000006,1.0,0.0,0.0078125
Stationary harm,Reset,Trial-matched Balanced,15,0.4512792968749998,0.015625,0.034218750000000006,1.0,0.0,0.015625
Stationary harm,Reset,Trial-matched Balanced,16,0.44706054687499985,0.03125,0.0384375,1.0,0.0,0.03125
Stationary harm,Reset,Trial-matched Balanced,17,0.44641620635986334,0.0,0.010312500000000002,1.0,0.0,0.0
Stationary harm,Reset,Trial-matched Balanced,18,0.4402636718749998,0.0234375,0.04523437500000001,1.0,0.0,0.0234375
Stationary harm,Reset,Trial-matched Balanced,19,0.45104492187499984,0.0078125,0.034453125,1.0,0.0,0.0078125
Stationary harm,Reset,Trial-matched Balanced,20,0.4489355468749998,0.0,0.036562500000000005,1.0,0.0,0.0
Stationary harm,Reset,Trial-matched Balanced,21,0.4456542968749998,0.015625,0.03984375000000001,1.0,0.0,0.015625
Stationary harm,Reset,Trial-matched Balanced,22,0.4475292968749998,0.015625,0.03796875000000001,1.0,0.0,0.015625
Stationary harm,Reset,Trial-matched Balanced,23,0.45666992187499983,0.0078125,0.028828125000000003,1.0,0.0,0.0078125
Stationary harm,Reset,Trial-matched Balanced,24,0.44659179687499984,0.015625,0.03890625,1.0,0.0,0.015625
Stationary harm,Reset,Trial-matched Balanced,25,0.4426607513427735,0.0,0.014062500000000002,1.0,0.0,0.0
Stationary harm,Reset,Trial-matched Balanced,26,0.45385742187499983,0.0078125,0.031640625000000006,1.0,0.0,0.0078125
Stationary harm,Reset,Trial-matched Balanced,27,0.4550292968749998,0.015625,0.030468750000000006,1.0,0.0,0.015625
Stationary harm,Reset,Trial-matched Balanced,28,0.45573242187499985,0.0078125,0.029765625000000004,1.0,0.0,0.0078125
Stationary harm,Reset,Trial-matched Balanced,29,0.4573730468749998,0.0,0.028125000000000004,1.0,0.0,0.0
Stationary harm,Reset,Trial-matched Balanced,30,0.44799804687499983,0.0,0.037500000000000006,1.0,0.0,0.0
Stationary harm,Reset,Trial-matched Balanced,31,0.4458886718749998,0.0234375,0.039609375,1.0,0.0,0.0234375
Stationary harm,Reset,Trial-matched Balanced,32,0.44752929687499987,0.015625,0.03796875000000001,1.0,0.0,0.015625
Stationary harm,Reset,Trial-matched Balanced,33,0.4398507690429687,0.0,0.016875,1.0,0.0,0.0
Stationary harm,Reset,Trial-matched Balanced,34,0.4576074218749998,0.0078125,0.027890625000000006,1.0,0.0,0.0078125
Stationary harm,Reset,Trial-matched Balanced,35,0.4519824218749998,0.0078125,0.03351562500000001,1.0,0.0,0.0078125
Stationary harm,Reset,Trial-matched Balanced,36,0.44682617187499984,0.0234375,0.03867187500000001,1.0,0.0,0.0234375
Stationary harm,Reset,Trial-matched Balanced,37,0.44659179687499984,0.015625,0.03890625,1.0,0.0,0.015625
Stationary harm,Reset,Trial-matched Balanced,38,0.45338867187499987,0.0234375,0.03210937500000001,1.0,0.0,0.0234375
Stationary harm,Reset,Trial-matched Balanced,39,0.45010742187499986,0.0078125,0.03539062500000001,1.0,0.0,0.0078125
Stationary harm,Reset,Trial-matched Balanced,40,0.45573242187499985,0.0078125,0.029765625000000004,1.0,0.0,0.0078125
Stationary harm,Reset,Trial-matched Balanced,41,0.44641914367675783,0.0,0.010312500000000002,1.0,0.0,0.0
Stationary harm,Reset,Trial-matched Balanced,42,0.44940429687499983,0.015625,0.03609375000000001,1.0,0.0,0.015625
Stationary harm,Reset,Trial-matched Balanced,43,0.4489355468749998,0.0,0.036562500000000005,1.0,0.0,0.0
Stationary harm,Reset,Trial-matched Balanced,44,0.4487011718749998,0.0234375,0.03679687500000001,1.0,0.0,0.0234375
Stationary harm,Reset,Trial-matched Balanced,45,0.4419042968749998,0.015625,0.04359375000000001,1.0,0.0,0.015625
Stationary harm,Reset,Trial-matched Balanced,46,0.45081054687499983,0.0,0.0346875,1.0,0.0,0.0
Stationary harm,Reset,Trial-matched Balanced,47,0.45034179687499987,0.015625,0.03515625000000001,1.0,0.0,0.015625
Stationary harm,Reset,Trial-matched Balanced,48,0.4428417968749998,0.015625,0.04265625000000001,1.0,0.0,0.015625
Stationary harm,Cumulative,Balanced,1,0.4488183593749998,0.0,0.03281250000000001,1.0,0.0,0.0
Stationary harm,Cumulative,Balanced,2,0.4628808593749998,0.0,0.018750000000000003,1.0,0.0,0.0
Stationary harm,Cumulative,Balanced,3,0.4694433593749998,0.0,0.012187500000000002,1.0,0.0,0.0
Stationary harm,Cumulative,Balanced,4,0.4741308593749998,0.0,0.0075000000000000015,1.0,0.0,0.0
Stationary harm,Cumulative,Balanced,5,0.4741308593749998,0.0,0.0075000000000000015,1.0,0.0,0.0
Stationary harm,Cumulative,Balanced,6,0.4769433593749998,0.0,0.004687500000000001,1.0,0.0,0.0
Stationary harm,Cumulative,Balanced,7,0.4769433593749998,0.0,0.004687500000000001,1.0,0.0,0.0
Stationary harm,Cumulative,Balanced,8,0.47881835937499984,0.0,0.0028125000000000008,1.0,0.0,0.0
Stationary harm,Cumulative,Balanced,9,0.47881835937499984,0.0,0.0028125000000000008,1.0,0.0,0.0
Stationary harm,Cumulative,Balanced,10,0.4797558593749998,0.0,0.0018750000000000004,1.0,0.0,0.0
Stationary harm,Cumulative,Balanced,11,0.4806933593749998,0.0,0.0009375000000000002,1.0,0.0,0.0
Stationary harm,Cumulative,Balanced,12,0.4797558593749998,0.0,0.0018750000000000004,1.0,0.0,0.0
Stationary harm,Cumulative,Balanced,13,0.4806933593749998,0.0,0.0009375000000000002,1.0,0.0,0.0
Stationary harm,Cumulative,Balanced,14,0.48163085937499983,0.0,0.0,1.0,0.0,0.0
Stationary harm,Cumulative,Balanced,15,0.48163085937499983,0.0,0.0,1.0,0.0,0.0
Stationary harm,Cumulative,Balanced,16,0.48163085937499983,0.0,0.0,1.0,0.0,0.0
Stationary harm,Cumulative,Balanced,17,0.48163085937499983,0.0,0.0,1.0,0.0,0.0
Stationary harm,Cumulative,Balanced,18,0.48163085937499983,0.0,0.0,1.0,0.0,0.0
Stationary harm,Cumulative,Balanced,19,0.48163085937499983,0.0,0.0,1.0,0.0,0.0
Stationary harm,Cumulative,Balanced,20,0.48163085937499983,0.0,0.0,1.0,0.0,0.0
Stationary harm,Cumulative,Balanced,21,0.48163085937499983,0.0,0.0,1.0,0.0,0.0
Stationary harm,Cumulative,Balanced,22,0.48163085937499983,0.0,0.0,1.0,0.0,0.0
Stationary harm,Cumulative,Balanced,23,0.48163085937499983,0.0,0.0,1.0,0.0,0.0
Stationary harm,Cumulative,Balanced,24,0.48163085937499983,0.0,0.0,1.0,0.0,0.0
Stationary harm,Cumulative,Balanced,25,0.48163085937499983,0.0,0.0,1.0,0.0,0.0
Stationary harm,Cumulative,Balanced,26,0.48163085937499983,0.0,0.0,1.0,0.0,0.0
Stationary harm,Cumulative,Balanced,27,0.48163085937499983,0.0,0.0,1.0,0.0,0.0
Stationary harm,Cumulative,Balanced,28,0.48163085937499983,0.0,0.0,1.0,0.0,0.0
Stationary harm,Cumulative,Balanced,29,0.48163085937499983,0.0,0.0,1.0,0.0,0.0
Stationary harm,Cumulative,Balanced,30,0.48163085937499983,0.0,0.0,1.0,0.0,0.0
Stationary harm,Cumulative,Balanced,31,0.48163085937499983,0.0,0.0,1.0,0.0,0.0
Stationary harm,Cumulative,Balanced,32,0.48163085937499983,0.0,0.0,1.0,0.0,0.0
Stationary harm,Cumulative,Balanced,33,0.48163085937499983,0.0,0.0,1.0,0.0,0.0
Stationary harm,Cumulative,Balanced,34,0.48163085937499983,0.0,0.0,1.0,0.0,0.0
Stationary harm,Cumulative,Balanced,35,0.48163085937499983,0.0,0.0,1.0,0.0,0.0
Stationary harm,Cumulative,Balanced,36,0.48163085937499983,0.0,0.0,1.0,0.0,0.0
Stationary harm,Cumulative,Balanced,37,0.48163085937499983,0.0,0.0,1.0,0.0,0.0
Stationary harm,Cumulative,Balanced,38,0.48163085937499983,0.0,0.0,1.0,0.0,0.0
Stationary harm,Cumulative,Balanced,39,0.48163085937499983,0.0,0.0,1.0,0.0,0.0
Stationary harm,Cumulative,Balanced,40,0.48163085937499983,0.0,0.0,1.0,0.0,0.0
Stationary harm,Cumulative,Balanced,41,0.48163085937499983,0.0,0.0,1.0,0.0,0.0
Stationary harm,Cumulative,Balanced,42,0.48163085937499983,0.0,0.0,1.0,0.0,0.0
Stationary harm,Cumulative,Balanced,43,0.48163085937499983,0.0,0.0,1.0,0.0,0.0
Stationary harm,Cumulative,Balanced,44,0.48163085937499983,0.0,0.0,1.0,0.0,0.0
Stationary harm,Cumulative,Balanced,45,0.48163085937499983,0.0,0.0,1.0,0.0,0.0
Stationary harm,Cumulative,Balanced,46,0.48163085937499983,0.0,0.0,1.0,0.0,0.0
Stationary harm,Cumulative,Balanced,47,0.48163085937499983,0.0,0.0,1.0,0.0,0.0
Stationary harm,Cumulative,Balanced,48,0.48163085937499983,0.0,0.0,1.0,0.0,0.0
Stationary harm,Cumulative,Discover once,1,0.4425815200805664,0.0,0.014062500000000002,0.3203125,0.390625,0.0
Stationary harm,Cumulative,Discover once,2,0.4751855468749998,0.0,0.010312500000000002,0.3203125,0.390625,0.0
Stationary harm,Cumulative,Discover once,3,0.47424804687499983,0.0,0.011250000000000003,0.3203125,0.390625,0.0
Stationary harm,Cumulative,Discover once,4,0.4770605468749999,0.0,0.0084375,0.3203125,0.390625,0.0
Stationary harm,Cumulative,Discover once,5,0.47893554687499984,0.0,0.0065625000000000015,0.3203125,0.390625,0.0
Stationary harm,Cumulative,Discover once,6,0.47893554687499984,0.0,0.006562500000000001,0.3203125,0.390625,0.0
Stationary harm,Cumulative,Discover once,7,0.47893554687499984,0.0,0.006562500000000001,0.3203125,0.390625,0.0
Stationary harm,Cumulative,Discover once,8,0.47893554687499984,0.0,0.006562500000000001,0.3203125,0.390625,0.0
Stationary harm,Cumulative,Discover once,9,0.47705287933349594,0.0,0.004687500000000001,0.3203125,0.390625,0.0
Stationary harm,Cumulative,Discover once,10,0.47611537933349596,0.0,0.005625000000000001,0.3203125,0.390625,0.0
Stationary harm,Cumulative,Discover once,11,0.477990379333496,0.0,0.0037500000000000007,0.3203125,0.390625,0.0
Stationary harm,Cumulative,Discover once,12,0.478927879333496,0.0,0.0028125000000000008,0.3203125,0.390625,0.0
Stationary harm,Cumulative,Discover once,13,0.478927879333496,0.0,0.0028125000000000008,0.3203125,0.390625,0.0
Stationary harm,Cumulative,Discover once,14,0.478927879333496,0.0,0.0028125000000000008,0.3203125,0.390625,0.0
Stationary harm,Cumulative,Discover once,15,0.478927879333496,0.0,0.0028125000000000008,0.3203125,0.390625,0.0
Stationary harm,Cumulative,Discover once,16,0.48080287933349597,0.0,0.0009375000000000002,0.3203125,0.390625,0.0
Stationary harm,Cumulative,Discover once,17,0.48080287933349597,0.0,0.0009375000000000002,0.3203125,0.390625,0.0
Stationary harm,Cumulative,Discover once,18,0.48080287933349597,0.0,0.0009375000000000002,0.3203125,0.390625,0.0
Stationary harm,Cumulative,Discover once,19,0.481740379333496,0.0,0.0,0.3203125,0.390625,0.0
Stationary harm,Cumulative,Discover once,20,0.48080287933349597,0.0,0.0009375000000000002,0.3203125,0.390625,0.0
Stationary harm,Cumulative,Discover once,21,0.48080287933349597,0.0,0.0009375000000000002,0.3203125,0.390625,0.0
Stationary harm,Cumulative,Discover once,22,0.48080287933349597,0.0,0.0009375000000000002,0.3203125,0.390625,0.0
Stationary harm,Cumulative,Discover once,23,0.48080287933349597,0.0,0.0009375000000000002,0.3203125,0.390625,0.0
Stationary harm,Cumulative,Discover once,24,0.48080287933349597,0.0,0.0009375000000000002,0.3203125,0.390625,0.0
Stationary harm,Cumulative,Discover once,25,0.48080287933349597,0.0,0.0009375000000000002,0.3203125,0.390625,0.0
Stationary harm,Cumulative,Discover once,26,0.48080287933349597,0.0,0.0009375000000000002,0.3203125,0.390625,0.0
Stationary harm,Cumulative,Discover once,27,0.48080287933349597,0.0,0.0009375000000000002,0.3203125,0.390625,0.0
Stationary harm,Cumulative,Discover once,28,0.48080287933349597,0.0,0.0009375000000000002,0.3203125,0.390625,0.0
Stationary harm,Cumulative,Discover once,29,0.48080287933349597,0.0,0.0009375000000000002,0.3203125,0.390625,0.0
Stationary harm,Cumulative,Discover once,30,0.48080287933349597,0.0,0.0009375000000000002,0.3203125,0.390625,0.0
Stationary harm,Cumulative,Discover once,31,0.48080287933349597,0.0,0.0009375000000000002,0.3203125,0.390625,0.0
Stationary harm,Cumulative,Discover once,32,0.48080287933349597,0.0,0.0009375000000000002,0.3203125,0.390625,0.0
Stationary harm,Cumulative,Discover once,33,0.48080287933349597,0.0,0.0009375000000000002,0.3203125,0.390625,0.0
Stationary harm,Cumulative,Discover once,34,0.48080287933349597,0.0,0.0009375000000000002,0.3203125,0.390625,0.0
Stationary harm,Cumulative,Discover once,35,0.48080287933349597,0.0,0.0009375000000000002,0.3203125,0.390625,0.0
Stationary harm,Cumulative,Discover once,36,0.48080287933349597,0.0,0.0009375000000000002,0.3203125,0.390625,0.0
Stationary harm,Cumulative,Discover once,37,0.48080287933349597,0.0,0.0009375000000000002,0.3203125,0.390625,0.0
Stationary harm,Cumulative,Discover once,38,0.48080287933349597,0.0,0.0009375000000000002,0.3203125,0.390625,0.0
Stationary harm,Cumulative,Discover once,39,0.48080287933349597,0.0,0.0009375000000000002,0.3203125,0.390625,0.0
Stationary harm,Cumulative,Discover once,40,0.48080287933349597,0.0,0.0009375000000000002,0.3203125,0.390625,0.0
Stationary harm,Cumulative,Discover once,41,0.48080287933349597,0.0,0.0009375000000000002,0.3203125,0.390625,0.0
Stationary harm,Cumulative,Discover once,42,0.48080287933349597,0.0,0.0009375000000000002,0.3203125,0.390625,0.0
Stationary harm,Cumulative,Discover once,43,0.48080287933349597,0.0,0.0009375000000000002,0.3203125,0.390625,0.0
Stationary harm,Cumulative,Discover once,44,0.481740379333496,0.0,0.0,0.3203125,0.390625,0.0
Stationary harm,Cumulative,Discover once,45,0.481740379333496,0.0,0.0,0.3203125,0.390625,0.0
Stationary harm,Cumulative,Discover once,46,0.481740379333496,0.0,0.0,0.3203125,0.390625,0.0
Stationary harm,Cumulative,Discover once,47,0.481740379333496,0.0,0.0,0.3203125,0.390625,0.0
Stationary harm,Cumulative,Discover once,48,0.481740379333496,0.0,0.0,0.3203125,0.390625,0.0
Stationary harm,Cumulative,Repeated discovery,1,0.4425815200805664,0.0,0.014062500000000002,0.3203125,0.390625,0.0
Stationary harm,Cumulative,Repeated discovery,2,0.4751855468749998,0.0,0.010312500000000002,0.3203125,0.390625,0.0
Stationary harm,Cumulative,Repeated discovery,3,0.47424804687499983,0.0,0.011250000000000003,0.3203125,0.390625,0.0
Stationary harm,Cumulative,Repeated discovery,4,0.4770605468749999,0.0,0.0084375,0.3203125,0.390625,0.0
Stationary harm,Cumulative,Repeated discovery,5,0.47893554687499984,0.0,0.0065625000000000015,0.3203125,0.390625,0.0
Stationary harm,Cumulative,Repeated discovery,6,0.47893554687499984,0.0,0.006562500000000001,0.3203125,0.390625,0.0
Stationary harm,Cumulative,Repeated discovery,7,0.47893554687499984,0.0,0.006562500000000001,0.3203125,0.390625,0.0
Stationary harm,Cumulative,Repeated discovery,8,0.47893554687499984,0.0,0.006562500000000001,0.3203125,0.390625,0.0
Stationary harm,Cumulative,Repeated discovery,9,0.45583408355712873,0.0,0.0009375000000000002,0.328125,0.3671875,0.0
Stationary harm,Cumulative,Repeated discovery,10,0.48362304687499985,0.0,0.0018750000000000004,0.328125,0.3671875,0.0
Stationary harm,Cumulative,Repeated discovery,11,0.48456054687499983,0.0,0.0009375000000000002,0.328125,0.3671875,0.0
Stationary harm,Cumulative,Repeated discovery,12,0.48456054687499983,0.0,0.0009375000000000002,0.328125,0.3671875,0.0
Stationary harm,Cumulative,Repeated discovery,13,0.48549804687499987,0.0,0.0,0.328125,0.3671875,0.0
Stationary harm,Cumulative,Repeated discovery,14,0.48549804687499987,0.0,0.0,0.328125,0.3671875,0.0
Stationary harm,Cumulative,Repeated discovery,15,0.48549804687499987,0.0,0.0,0.328125,0.3671875,0.0
Stationary harm,Cumulative,Repeated discovery,16,0.48549804687499987,0.0,0.0,0.328125,0.3671875,0.0
Stationary harm,Cumulative,Repeated discovery,17,0.456783981323242,0.0,0.0,0.3984375,0.3203125,0.0
Stationary harm,Cumulative,Repeated discovery,18,0.48549804687499987,0.0,0.0,0.3984375,0.3203125,0.0
Stationary harm,Cumulative,Repeated discovery,19,0.48549804687499987,0.0,0.0,0.3984375,0.3203125,0.0
Stationary harm,Cumulative,Repeated discovery,20,0.48549804687499987,0.0,0.0,0.3984375,0.3203125,0.0
Stationary harm,Cumulative,Repeated discovery,21,0.48549804687499987,0.0,0.0,0.3984375,0.3203125,0.0
Stationary harm,Cumulative,Repeated discovery,22,0.48549804687499987,0.0,0.0,0.3984375,0.3203125,0.0
Stationary harm,Cumulative,Repeated discovery,23,0.48549804687499987,0.0,0.0,0.3984375,0.3203125,0.0
Stationary harm,Cumulative,Repeated discovery,24,0.48549804687499987,0.0,0.0,0.3984375,0.3203125,0.0
Stationary harm,Cumulative,Repeated discovery,25,0.45679351806640606,0.0,0.0,0.4453125,0.2734375,0.0
Stationary harm,Cumulative,Repeated discovery,26,0.48549804687499987,0.0,0.0,0.4453125,0.2734375,0.0
Stationary harm,Cumulative,Repeated discovery,27,0.48549804687499987,0.0,0.0,0.4453125,0.2734375,0.0
Stationary harm,Cumulative,Repeated discovery,28,0.48549804687499987,0.0,0.0,0.4453125,0.2734375,0.0
Stationary harm,Cumulative,Repeated discovery,29,0.48549804687499987,0.0,0.0,0.4453125,0.2734375,0.0
Stationary harm,Cumulative,Repeated discovery,30,0.48549804687499987,0.0,0.0,0.4453125,0.2734375,0.0
Stationary harm,Cumulative,Repeated discovery,31,0.48549804687499987,0.0,0.0,0.4453125,0.2734375,0.0
Stationary harm,Cumulative,Repeated discovery,32,0.48549804687499987,0.0,0.0,0.4453125,0.2734375,0.0
Stationary harm,Cumulative,Repeated discovery,33,0.45679447174072246,0.0,0.0,0.3671875,0.34375,0.0
Stationary harm,Cumulative,Repeated discovery,34,0.48549804687499987,0.0,0.0,0.3671875,0.34375,0.0
Stationary harm,Cumulative,Repeated discovery,35,0.48549804687499987,0.0,0.0,0.3671875,0.34375,0.0
Stationary harm,Cumulative,Repeated discovery,36,0.48549804687499987,0.0,0.0,0.3671875,0.34375,0.0
Stationary harm,Cumulative,Repeated discovery,37,0.48549804687499987,0.0,0.0,0.3671875,0.34375,0.0
Stationary harm,Cumulative,Repeated discovery,38,0.48549804687499987,0.0,0.0,0.3671875,0.34375,0.0
Stationary harm,Cumulative,Repeated discovery,39,0.48549804687499987,0.0,0.0,0.3671875,0.34375,0.0
Stationary harm,Cumulative,Repeated discovery,40,0.48549804687499987,0.0,0.0,0.3671875,0.34375,0.0
Stationary harm,Cumulative,Repeated discovery,41,0.4567992401123045,0.0,0.0,0.375,0.3046875,0.0
Stationary harm,Cumulative,Repeated discovery,42,0.48549804687499987,0.0,0.0,0.375,0.3046875,0.0
Stationary harm,Cumulative,Repeated discovery,43,0.48549804687499987,0.0,0.0,0.375,0.3046875,0.0
Stationary harm,Cumulative,Repeated discovery,44,0.48549804687499987,0.0,0.0,0.375,0.3046875,0.0
Stationary harm,Cumulative,Repeated discovery,45,0.48549804687499987,0.0,0.0,0.375,0.3046875,0.0
Stationary harm,Cumulative,Repeated discovery,46,0.48549804687499987,0.0,0.0,0.375,0.3046875,0.0
Stationary harm,Cumulative,Repeated discovery,47,0.48549804687499987,0.0,0.0,0.375,0.3046875,0.0
Stationary harm,Cumulative,Repeated discovery,48,0.48549804687499987,0.0,0.0,0.375,0.3046875,0.0
Stationary harm,Cumulative,Trial-matched Balanced,1,0.4436058044433594,0.0,0.013125000000000003,1.0,0.0,0.0
Stationary harm,Cumulative,Trial-matched Balanced,2,0.4751855468749998,0.0,0.010312500000000002,1.0,0.0,0.0
Stationary harm,Cumulative,Trial-matched Balanced,3,0.4751855468749998,0.0,0.010312500000000002,1.0,0.0,0.0
Stationary harm,Cumulative,Trial-matched Balanced,4,0.4798730468749999,0.0,0.0056250000000000015,1.0,0.0,0.0
Stationary harm,Cumulative,Trial-matched Balanced,5,0.48081054687499986,0.0,0.004687500000000001,1.0,0.0,0.0
Stationary harm,Cumulative,Trial-matched Balanced,6,0.48174804687499984,0.0,0.0037500000000000007,1.0,0.0,0.0
Stationary harm,Cumulative,Trial-matched Balanced,7,0.48081054687499986,0.0,0.004687500000000001,1.0,0.0,0.0
Stationary harm,Cumulative,Trial-matched Balanced,8,0.48174804687499984,0.0,0.0037500000000000007,1.0,0.0,0.0
Stationary harm,Cumulative,Trial-matched Balanced,9,0.4549414062499998,0.0,0.0018750000000000004,1.0,0.0,0.0
Stationary harm,Cumulative,Trial-matched Balanced,10,0.48268554687499987,0.0,0.0028125000000000008,1.0,0.0,0.0
Stationary harm,Cumulative,Trial-matched Balanced,11,0.48362304687499985,0.0,0.0018750000000000004,1.0,0.0,0.0
Stationary harm,Cumulative,Trial-matched Balanced,12,0.48362304687499985,0.0,0.0018750000000000004,1.0,0.0,0.0
Stationary harm,Cumulative,Trial-matched Balanced,13,0.48456054687499983,0.0,0.0009375000000000002,1.0,0.0,0.0
Stationary harm,Cumulative,Trial-matched Balanced,14,0.48456054687499983,0.0,0.0009375000000000002,1.0,0.0,0.0
Stationary harm,Cumulative,Trial-matched Balanced,15,0.48456054687499983,0.0,0.0009375000000000002,1.0,0.0,0.0
Stationary harm,Cumulative,Trial-matched Balanced,16,0.48549804687499987,0.0,0.0,1.0,0.0,0.0
Stationary harm,Cumulative,Trial-matched Balanced,17,0.4568164062499998,0.0,0.0,1.0,0.0,0.0
Stationary harm,Cumulative,Trial-matched Balanced,18,0.48549804687499987,0.0,0.0,1.0,0.0,0.0
Stationary harm,Cumulative,Trial-matched Balanced,19,0.48549804687499987,0.0,0.0,1.0,0.0,0.0
Stationary harm,Cumulative,Trial-matched Balanced,20,0.48549804687499987,0.0,0.0,1.0,0.0,0.0
Stationary harm,Cumulative,Trial-matched Balanced,21,0.48549804687499987,0.0,0.0,1.0,0.0,0.0
Stationary harm,Cumulative,Trial-matched Balanced,22,0.48549804687499987,0.0,0.0,1.0,0.0,0.0
Stationary harm,Cumulative,Trial-matched Balanced,23,0.48549804687499987,0.0,0.0,1.0,0.0,0.0
Stationary harm,Cumulative,Trial-matched Balanced,24,0.48549804687499987,0.0,0.0,1.0,0.0,0.0
Stationary harm,Cumulative,Trial-matched Balanced,25,0.4568164062499998,0.0,0.0,1.0,0.0,0.0
Stationary harm,Cumulative,Trial-matched Balanced,26,0.48549804687499987,0.0,0.0,1.0,0.0,0.0
Stationary harm,Cumulative,Trial-matched Balanced,27,0.48549804687499987,0.0,0.0,1.0,0.0,0.0
Stationary harm,Cumulative,Trial-matched Balanced,28,0.48549804687499987,0.0,0.0,1.0,0.0,0.0
Stationary harm,Cumulative,Trial-matched Balanced,29,0.48549804687499987,0.0,0.0,1.0,0.0,0.0
Stationary harm,Cumulative,Trial-matched Balanced,30,0.48549804687499987,0.0,0.0,1.0,0.0,0.0
Stationary harm,Cumulative,Trial-matched Balanced,31,0.48549804687499987,0.0,0.0,1.0,0.0,0.0
Stationary harm,Cumulative,Trial-matched Balanced,32,0.48549804687499987,0.0,0.0,1.0,0.0,0.0
Stationary harm,Cumulative,Trial-matched Balanced,33,0.4568164062499998,0.0,0.0,1.0,0.0,0.0
Stationary harm,Cumulative,Trial-matched Balanced,34,0.48549804687499987,0.0,0.0,1.0,0.0,0.0
Stationary harm,Cumulative,Trial-matched Balanced,35,0.48549804687499987,0.0,0.0,1.0,0.0,0.0
Stationary harm,Cumulative,Trial-matched Balanced,36,0.48549804687499987,0.0,0.0,1.0,0.0,0.0
Stationary harm,Cumulative,Trial-matched Balanced,37,0.48549804687499987,0.0,0.0,1.0,0.0,0.0
Stationary harm,Cumulative,Trial-matched Balanced,38,0.48549804687499987,0.0,0.0,1.0,0.0,0.0
Stationary harm,Cumulative,Trial-matched Balanced,39,0.48549804687499987,0.0,0.0,1.0,0.0,0.0
Stationary harm,Cumulative,Trial-matched Balanced,40,0.48549804687499987,0.0,0.0,1.0,0.0,0.0
Stationary harm,Cumulative,Trial-matched Balanced,41,0.4568164062499998,0.0,0.0,1.0,0.0,0.0
Stationary harm,Cumulative,Trial-matched Balanced,42,0.48549804687499987,0.0,0.0,1.0,0.0,0.0
Stationary harm,Cumulative,Trial-matched Balanced,43,0.48549804687499987,0.0,0.0,1.0,0.0,0.0
Stationary harm,Cumulative,Trial-matched Balanced,44,0.48549804687499987,0.0,0.0,1.0,0.0,0.0
Stationary harm,Cumulative,Trial-matched Balanced,45,0.48549804687499987,0.0,0.0,1.0,0.0,0.0
Stationary harm,Cumulative,Trial-matched Balanced,46,0.48549804687499987,0.0,0.0,1.0,0.0,0.0
Stationary harm,Cumulative,Trial-matched Balanced,47,0.48549804687499987,0.0,0.0,1.0,0.0,0.0
Stationary harm,Cumulative,Trial-matched Balanced,48,0.48549804687499987,0.0,0.0,1.0,0.0,0.0
Stationary harm,Window 8,Balanced,1,0.4488183593749998,0.0,0.03281250000000001,1.0,0.0,0.0
Stationary harm,Window 8,Balanced,2,0.4628808593749998,0.0,0.018750000000000003,1.0,0.0,0.0
Stationary harm,Window 8,Balanced,3,0.4694433593749998,0.0,0.012187500000000002,1.0,0.0,0.0
Stationary harm,Window 8,Balanced,4,0.4741308593749998,0.0,0.0075000000000000015,1.0,0.0,0.0
Stationary harm,Window 8,Balanced,5,0.4741308593749998,0.0,0.0075000000000000015,1.0,0.0,0.0
Stationary harm,Window 8,Balanced,6,0.4769433593749998,0.0,0.004687500000000001,1.0,0.0,0.0
Stationary harm,Window 8,Balanced,7,0.4769433593749998,0.0,0.004687500000000001,1.0,0.0,0.0
Stationary harm,Window 8,Balanced,8,0.47881835937499984,0.0,0.0028125000000000008,1.0,0.0,0.0
Stationary harm,Window 8,Balanced,9,0.47881835937499984,0.0,0.0028125000000000008,1.0,0.0,0.0
Stationary harm,Window 8,Balanced,10,0.4806933593749998,0.0,0.0009375000000000002,1.0,0.0,0.0
Stationary harm,Window 8,Balanced,11,0.48163085937499983,0.0,0.0,1.0,0.0,0.0
Stationary harm,Window 8,Balanced,12,0.48163085937499983,0.0,0.0,1.0,0.0,0.0
Stationary harm,Window 8,Balanced,13,0.4797558593749998,0.0,0.0018750000000000004,1.0,0.0,0.0
Stationary harm,Window 8,Balanced,14,0.4806933593749998,0.0,0.0009375000000000002,1.0,0.0,0.0
Stationary harm,Window 8,Balanced,15,0.48163085937499983,0.0,0.0,1.0,0.0,0.0
Stationary harm,Window 8,Balanced,16,0.4806933593749998,0.0,0.0009375000000000002,1.0,0.0,0.0
Stationary harm,Window 8,Balanced,17,0.4806933593749998,0.0,0.0009375000000000002,1.0,0.0,0.0
Stationary harm,Window 8,Balanced,18,0.4806933593749998,0.0,0.0009375000000000002,1.0,0.0,0.0
Stationary harm,Window 8,Balanced,19,0.47881835937499984,0.0,0.0028125000000000008,1.0,0.0,0.0
Stationary harm,Window 8,Balanced,20,0.4797558593749998,0.0,0.0018750000000000004,1.0,0.0,0.0
Stationary harm,Window 8,Balanced,21,0.4797558593749998,0.0,0.0018750000000000004,1.0,0.0,0.0
Stationary harm,Window 8,Balanced,22,0.47881835937499984,0.0,0.0028125000000000008,1.0,0.0,0.0
Stationary harm,Window 8,Balanced,23,0.4806933593749998,0.0,0.0009375000000000002,1.0,0.0,0.0
Stationary harm,Window 8,Balanced,24,0.4806933593749998,0.0,0.0009375000000000002,1.0,0.0,0.0
Stationary harm,Window 8,Balanced,25,0.4806933593749998,0.0,0.0009375000000000002,1.0,0.0,0.0
Stationary harm,Window 8,Balanced,26,0.48163085937499983,0.0,0.0,1.0,0.0,0.0
Stationary harm,Window 8,Balanced,27,0.4806933593749998,0.0,0.0009375000000000002,1.0,0.0,0.0
Stationary harm,Window 8,Balanced,28,0.48163085937499983,0.0,0.0,1.0,0.0,0.0
Stationary harm,Window 8,Balanced,29,0.48163085937499983,0.0,0.0,1.0,0.0,0.0
Stationary harm,Window 8,Balanced,30,0.48163085937499983,0.0,0.0,1.0,0.0,0.0
Stationary harm,Window 8,Balanced,31,0.4806933593749998,0.0,0.0009375000000000002,1.0,0.0,0.0
Stationary harm,Window 8,Balanced,32,0.48163085937499983,0.0,0.0,1.0,0.0,0.0
Stationary harm,Window 8,Balanced,33,0.4806933593749998,0.0,0.0009375000000000002,1.0,0.0,0.0
Stationary harm,Window 8,Balanced,34,0.4797558593749998,0.0,0.0018750000000000004,1.0,0.0,0.0
Stationary harm,Window 8,Balanced,35,0.4797558593749998,0.0,0.0018750000000000004,1.0,0.0,0.0
Stationary harm,Window 8,Balanced,36,0.4797558593749998,0.0,0.0018750000000000004,1.0,0.0,0.0
Stationary harm,Window 8,Balanced,37,0.4806933593749998,0.0,0.0009375000000000002,1.0,0.0,0.0
Stationary harm,Window 8,Balanced,38,0.48163085937499983,0.0,0.0,1.0,0.0,0.0
Stationary harm,Window 8,Balanced,39,0.4806933593749998,0.0,0.0009375000000000002,1.0,0.0,0.0
Stationary harm,Window 8,Balanced,40,0.48163085937499983,0.0,0.0,1.0,0.0,0.0
Stationary harm,Window 8,Balanced,41,0.48163085937499983,0.0,0.0,1.0,0.0,0.0
Stationary harm,Window 8,Balanced,42,0.4806933593749998,0.0,0.0009375000000000002,1.0,0.0,0.0
Stationary harm,Window 8,Balanced,43,0.47881835937499984,0.0,0.0028125000000000008,1.0,0.0,0.0
Stationary harm,Window 8,Balanced,44,0.4797558593749998,0.0,0.0018750000000000004,1.0,0.0,0.0
Stationary harm,Window 8,Balanced,45,0.4806933593749998,0.0,0.0009375000000000002,1.0,0.0,0.0
Stationary harm,Window 8,Balanced,46,0.4806933593749998,0.0,0.0009375000000000002,1.0,0.0,0.0
Stationary harm,Window 8,Balanced,47,0.4806933593749998,0.0,0.0009375000000000002,1.0,0.0,0.0
Stationary harm,Window 8,Balanced,48,0.48163085937499983,0.0,0.0,1.0,0.0,0.0
Stationary harm,Window 8,Discover once,1,0.4425815200805664,0.0,0.014062500000000002,0.3203125,0.390625,0.0
Stationary harm,Window 8,Discover once,2,0.4751855468749998,0.0,0.010312500000000002,0.3203125,0.390625,0.0
Stationary harm,Window 8,Discover once,3,0.47424804687499983,0.0,0.011250000000000003,0.3203125,0.390625,0.0
Stationary harm,Window 8,Discover once,4,0.4770605468749999,0.0,0.0084375,0.3203125,0.390625,0.0
Stationary harm,Window 8,Discover once,5,0.47893554687499984,0.0,0.0065625000000000015,0.3203125,0.390625,0.0
Stationary harm,Window 8,Discover once,6,0.47893554687499984,0.0,0.006562500000000001,0.3203125,0.390625,0.0
Stationary harm,Window 8,Discover once,7,0.47893554687499984,0.0,0.006562500000000001,0.3203125,0.390625,0.0
Stationary harm,Window 8,Discover once,8,0.47893554687499984,0.0,0.006562500000000001,0.3203125,0.390625,0.0
Stationary harm,Window 8,Discover once,9,0.47705287933349594,0.0,0.004687500000000001,0.3203125,0.390625,0.0
Stationary harm,Window 8,Discover once,10,0.474240379333496,0.0,0.0075000000000000015,0.3203125,0.390625,0.0
Stationary harm,Window 8,Discover once,11,0.475177879333496,0.0,0.0065625000000000015,0.3203125,0.390625,0.0
Stationary harm,Window 8,Discover once,12,0.47424037933349594,0.0,0.0075000000000000015,0.3203125,0.390625,0.0
Stationary harm,Window 8,Discover once,13,0.47424037933349594,0.0,0.0075000000000000015,0.3203125,0.390625,0.0
Stationary harm,Window 8,Discover once,14,0.472365379333496,0.0,0.009375000000000001,0.3203125,0.390625,0.0
Stationary harm,Window 8,Discover once,15,0.469552879333496,0.0,0.012187500000000002,0.3203125,0.390625,0.0
Stationary harm,Window 8,Discover once,16,0.472365379333496,0.0,0.009375000000000001,0.3203125,0.390625,0.0
Stationary harm,Window 8,Discover once,17,0.47072433471679676,0.0078125,0.011015625000000003,0.3203125,0.390625,0.0078125
Stationary harm,Window 8,Discover once,18,0.47259933471679677,0.0078125,0.009140625000000003,0.3203125,0.390625,0.0078125
Stationary harm,Window 8,Discover once,19,0.474240379333496,0.0,0.0075000000000000015,0.3203125,0.390625,0.0
Stationary harm,Window 8,Discover once,20,0.4770524597167968,0.0,0.004687500000000001,0.3203125,0.390625,0.0
Stationary harm,Window 8,Discover once,21,0.476115379333496,0.0,0.005625000000000001,0.3203125,0.390625,0.0
Stationary harm,Window 8,Discover once,22,0.470724754333496,0.0078125,0.011015625000000001,0.3203125,0.390625,0.0078125
Stationary harm,Window 8,Discover once,23,0.47424037933349594,0.0,0.0075000000000000015,0.3203125,0.390625,0.0
Stationary harm,Window 8,Discover once,24,0.47611537933349596,0.0,0.005625000000000001,0.3203125,0.390625,0.0
Stationary harm,Window 8,Discover once,25,0.47705287933349594,0.0,0.004687500000000001,0.3203125,0.390625,0.0
Stationary harm,Window 8,Discover once,26,0.47142787933349595,0.0,0.010312500000000002,0.3203125,0.390625,0.0
Stationary harm,Window 8,Discover once,27,0.474240379333496,0.0,0.0075000000000000015,0.3203125,0.390625,0.0
Stationary harm,Window 8,Discover once,28,0.474240379333496,0.0,0.0075000000000000015,0.3203125,0.390625,0.0
Stationary harm,Window 8,Discover once,29,0.475177879333496,0.0,0.0065625000000000015,0.3203125,0.390625,0.0
Stationary harm,Window 8,Discover once,30,0.47166225433349596,0.0078125,0.010078125000000002,0.3203125,0.390625,0.0078125
Stationary harm,Window 8,Discover once,31,0.476115379333496,0.0,0.0056250000000000015,0.3203125,0.390625,0.0
Stationary harm,Window 8,Discover once,32,0.475177879333496,0.0,0.0065625000000000015,0.3203125,0.390625,0.0
Stationary harm,Window 8,Discover once,33,0.477990379333496,0.0,0.0037500000000000007,0.3203125,0.390625,0.0
Stationary harm,Window 8,Discover once,34,0.475177879333496,0.0,0.0065625000000000015,0.3203125,0.390625,0.0
Stationary harm,Window 8,Discover once,35,0.476115379333496,0.0,0.0056250000000000015,0.3203125,0.390625,0.0
Stationary harm,Window 8,Discover once,36,0.469787254333496,0.0078125,0.011953125000000002,0.3203125,0.390625,0.0078125
Stationary harm,Window 8,Discover once,37,0.4761149597167968,0.0,0.0056250000000000015,0.3203125,0.390625,0.0
Stationary harm,Window 8,Discover once,38,0.474240379333496,0.0,0.0075000000000000015,0.3203125,0.390625,0.0
Stationary harm,Window 8,Discover once,39,0.47330245971679674,0.0,0.0084375,0.3203125,0.390625,0.0
Stationary harm,Window 8,Discover once,40,0.474240379333496,0.0,0.0075000000000000015,0.3203125,0.390625,0.0
Stationary harm,Window 8,Discover once,41,0.471427879333496,0.0,0.010312500000000002,0.3203125,0.390625,0.0
Stationary harm,Window 8,Discover once,42,0.469552879333496,0.0,0.012187500000000002,0.3203125,0.390625,0.0
Stationary harm,Window 8,Discover once,43,0.46767745971679675,0.0,0.014062500000000002,0.3203125,0.390625,0.0
Stationary harm,Window 8,Discover once,44,0.4714274597167968,0.0,0.010312500000000002,0.3203125,0.390625,0.0
Stationary harm,Window 8,Discover once,45,0.4725993347167968,0.0078125,0.009140625000000001,0.3203125,0.390625,0.0078125
Stationary harm,Window 8,Discover once,46,0.475177879333496,0.0,0.0065625000000000015,0.3203125,0.390625,0.0
Stationary harm,Window 8,Discover once,47,0.477990379333496,0.0,0.0037500000000000007,0.3203125,0.390625,0.0
Stationary harm,Window 8,Discover once,48,0.476115379333496,0.0,0.005625000000000001,0.3203125,0.390625,0.0
Stationary harm,Window 8,Repeated discovery,1,0.4425815200805664,0.0,0.014062500000000002,0.3203125,0.390625,0.0
Stationary harm,Window 8,Repeated discovery,2,0.4751855468749998,0.0,0.010312500000000002,0.3203125,0.390625,0.0
Stationary harm,Window 8,Repeated discovery,3,0.47424804687499983,0.0,0.011250000000000003,0.3203125,0.390625,0.0
Stationary harm,Window 8,Repeated discovery,4,0.4770605468749999,0.0,0.0084375,0.3203125,0.390625,0.0
Stationary harm,Window 8,Repeated discovery,5,0.47893554687499984,0.0,0.0065625000000000015,0.3203125,0.390625,0.0
Stationary harm,Window 8,Repeated discovery,6,0.47893554687499984,0.0,0.006562500000000001,0.3203125,0.390625,0.0
Stationary harm,Window 8,Repeated discovery,7,0.47893554687499984,0.0,0.006562500000000001,0.3203125,0.390625,0.0
Stationary harm,Window 8,Repeated discovery,8,0.47893554687499984,0.0,0.006562500000000001,0.3203125,0.390625,0.0
Stationary harm,Window 8,Repeated discovery,9,0.45583408355712873,0.0,0.0009375000000000002,0.328125,0.3671875,0.0
Stationary harm,Window 8,Repeated discovery,10,0.48549804687499987,0.0,0.0,0.328125,0.3671875,0.0
Stationary harm,Window 8,Repeated discovery,11,0.48549804687499987,0.0,0.0,0.328125,0.3671875,0.0
Stationary harm,Window 8,Repeated discovery,12,0.48549804687499987,0.0,0.0,0.328125,0.3671875,0.0
Stationary harm,Window 8,Repeated discovery,13,0.48456054687499983,0.0,0.0009375000000000002,0.328125,0.3671875,0.0
Stationary harm,Window 8,Repeated discovery,14,0.48456054687499983,0.0,0.0009375000000000002,0.328125,0.3671875,0.0
Stationary harm,Window 8,Repeated discovery,15,0.48268554687499987,0.0,0.0028125000000000008,0.328125,0.3671875,0.0
Stationary harm,Window 8,Repeated discovery,16,0.48174804687499984,0.0,0.0037500000000000007,0.328125,0.3671875,0.0
Stationary harm,Window 8,Repeated discovery,17,0.45582359313964826,0.0,0.0009375000000000002,0.34375,0.296875,0.0
Stationary harm,Window 8,Repeated discovery,18,0.48174804687499984,0.0,0.0037500000000000007,0.34375,0.296875,0.0
Stationary harm,Window 8,Repeated discovery,19,0.48362304687499985,0.0,0.0018750000000000004,0.34375,0.296875,0.0
Stationary harm,Window 8,Repeated discovery,20,0.48268554687499987,0.0,0.0028125000000000008,0.34375,0.296875,0.0
Stationary harm,Window 8,Repeated discovery,21,0.48081054687499986,0.0,0.004687500000000001,0.34375,0.296875,0.0
Stationary harm,Window 8,Repeated discovery,22,0.48174804687499984,0.0,0.0037500000000000007,0.34375,0.296875,0.0
Stationary harm,Window 8,Repeated discovery,23,0.48456054687499983,0.0,0.0009375000000000002,0.34375,0.296875,0.0
Stationary harm,Window 8,Repeated discovery,24,0.48456054687499983,0.0,0.0009375000000000002,0.34375,0.296875,0.0
Stationary harm,Window 8,Repeated discovery,25,0.45675918579101543,0.0,0.0,0.375,0.2421875,0.0
Stationary harm,Window 8,Repeated discovery,26,0.48362304687499985,0.0,0.0018750000000000004,0.375,0.2421875,0.0
Stationary harm,Window 8,Repeated discovery,27,0.48268554687499987,0.0,0.0028125000000000008,0.375,0.2421875,0.0
Stationary harm,Window 8,Repeated discovery,28,0.48268554687499987,0.0,0.0028125000000000008,0.375,0.2421875,0.0
Stationary harm,Window 8,Repeated discovery,29,0.48456054687499983,0.0,0.0009375000000000002,0.375,0.2421875,0.0
Stationary harm,Window 8,Repeated discovery,30,0.48362304687499985,0.0,0.0018750000000000004,0.375,0.2421875,0.0
Stationary harm,Window 8,Repeated discovery,31,0.48456054687499983,0.0,0.0009375000000000002,0.375,0.2421875,0.0
Stationary harm,Window 8,Repeated discovery,32,0.48268554687499987,0.0,0.0028125000000000008,0.375,0.2421875,0.0
Stationary harm,Window 8,Repeated discovery,33,0.45676300048828106,0.0,0.0,0.296875,0.3046875,0.0
Stationary harm,Window 8,Repeated discovery,34,0.48362304687499985,0.0,0.0018750000000000004,0.296875,0.3046875,0.0
Stationary harm,Window 8,Repeated discovery,35,0.48456054687499983,0.0,0.0009375000000000002,0.296875,0.3046875,0.0
Stationary harm,Window 8,Repeated discovery,36,0.48362304687499985,0.0,0.0018750000000000004,0.296875,0.3046875,0.0
Stationary harm,Window 8,Repeated discovery,37,0.48456054687499983,0.0,0.0009375000000000002,0.296875,0.3046875,0.0
Stationary harm,Window 8,Repeated discovery,38,0.48456054687499983,0.0,0.0009375000000000002,0.296875,0.3046875,0.0
Stationary harm,Window 8,Repeated discovery,39,0.48362304687499985,0.0,0.0018750000000000004,0.296875,0.3046875,0.0
Stationary harm,Window 8,Repeated discovery,40,0.48268554687499987,0.0,0.0028125000000000008,0.296875,0.3046875,0.0
Stationary harm,Window 8,Repeated discovery,41,0.45676055908203106,0.0,0.0,0.265625,0.3671875,0.0
Stationary harm,Window 8,Repeated discovery,42,0.48456054687499983,0.0,0.0009375000000000002,0.265625,0.3671875,0.0
Stationary harm,Window 8,Repeated discovery,43,0.48362304687499985,0.0,0.0018750000000000004,0.265625,0.3671875,0.0
Stationary harm,Window 8,Repeated discovery,44,0.48362304687499985,0.0,0.0018750000000000004,0.265625,0.3671875,0.0
Stationary harm,Window 8,Repeated discovery,45,0.48456054687499983,0.0,0.0009375000000000002,0.265625,0.3671875,0.0
Stationary harm,Window 8,Repeated discovery,46,0.48456054687499983,0.0,0.0009375000000000002,0.265625,0.3671875,0.0
Stationary harm,Window 8,Repeated discovery,47,0.48456054687499983,0.0,0.0009375000000000002,0.265625,0.3671875,0.0
Stationary harm,Window 8,Repeated discovery,48,0.48456054687499983,0.0,0.0009375000000000002,0.265625,0.3671875,0.0
Stationary harm,Window 8,Trial-matched Balanced,1,0.4436058044433594,0.0,0.013125000000000003,1.0,0.0,0.0
Stationary harm,Window 8,Trial-matched Balanced,2,0.4751855468749998,0.0,0.010312500000000002,1.0,0.0,0.0
Stationary harm,Window 8,Trial-matched Balanced,3,0.4751855468749998,0.0,0.010312500000000002,1.0,0.0,0.0
Stationary harm,Window 8,Trial-matched Balanced,4,0.4798730468749999,0.0,0.0056250000000000015,1.0,0.0,0.0
Stationary harm,Window 8,Trial-matched Balanced,5,0.48081054687499986,0.0,0.004687500000000001,1.0,0.0,0.0
Stationary harm,Window 8,Trial-matched Balanced,6,0.48174804687499984,0.0,0.0037500000000000007,1.0,0.0,0.0
Stationary harm,Window 8,Trial-matched Balanced,7,0.48081054687499986,0.0,0.004687500000000001,1.0,0.0,0.0
Stationary harm,Window 8,Trial-matched Balanced,8,0.48174804687499984,0.0,0.0037500000000000007,1.0,0.0,0.0
Stationary harm,Window 8,Trial-matched Balanced,9,0.4549414062499998,0.0,0.0018750000000000004,1.0,0.0,0.0
Stationary harm,Window 8,Trial-matched Balanced,10,0.48456054687499983,0.0,0.0009375000000000002,1.0,0.0,0.0
Stationary harm,Window 8,Trial-matched Balanced,11,0.48456054687499983,0.0,0.0009375000000000002,1.0,0.0,0.0
Stationary harm,Window 8,Trial-matched Balanced,12,0.48456054687499983,0.0,0.0009375000000000002,1.0,0.0,0.0
Stationary harm,Window 8,Trial-matched Balanced,13,0.48456054687499983,0.0,0.0009375000000000002,1.0,0.0,0.0
Stationary harm,Window 8,Trial-matched Balanced,14,0.48456054687499983,0.0,0.0009375000000000002,1.0,0.0,0.0
Stationary harm,Window 8,Trial-matched Balanced,15,0.48456054687499983,0.0,0.0009375000000000002,1.0,0.0,0.0
Stationary harm,Window 8,Trial-matched Balanced,16,0.48362304687499985,0.0,0.0018750000000000004,1.0,0.0,0.0
Stationary harm,Window 8,Trial-matched Balanced,17,0.4568164062499998,0.0,0.0,1.0,0.0,0.0
Stationary harm,Window 8,Trial-matched Balanced,18,0.48456054687499983,0.0,0.0009375000000000002,1.0,0.0,0.0
Stationary harm,Window 8,Trial-matched Balanced,19,0.48456054687499983,0.0,0.0009375000000000002,1.0,0.0,0.0
Stationary harm,Window 8,Trial-matched Balanced,20,0.48456054687499983,0.0,0.0009375000000000002,1.0,0.0,0.0
Stationary harm,Window 8,Trial-matched Balanced,21,0.48362304687499985,0.0,0.0018750000000000004,1.0,0.0,0.0
Stationary harm,Window 8,Trial-matched Balanced,22,0.48456054687499983,0.0,0.0009375000000000002,1.0,0.0,0.0
Stationary harm,Window 8,Trial-matched Balanced,23,0.48549804687499987,0.0,0.0,1.0,0.0,0.0
Stationary harm,Window 8,Trial-matched Balanced,24,0.48549804687499987,0.0,0.0,1.0,0.0,0.0
Stationary harm,Window 8,Trial-matched Balanced,25,0.45681682586669903,0.0,0.0,1.0,0.0,0.0
Stationary harm,Window 8,Trial-matched Balanced,26,0.48549804687499987,0.0,0.0,1.0,0.0,0.0
Stationary harm,Window 8,Trial-matched Balanced,27,0.48549804687499987,0.0,0.0,1.0,0.0,0.0
Stationary harm,Window 8,Trial-matched Balanced,28,0.48549804687499987,0.0,0.0,1.0,0.0,0.0
Stationary harm,Window 8,Trial-matched Balanced,29,0.48549804687499987,0.0,0.0,1.0,0.0,0.0
Stationary harm,Window 8,Trial-matched Balanced,30,0.48549804687499987,0.0,0.0,1.0,0.0,0.0
Stationary harm,Window 8,Trial-matched Balanced,31,0.48549804687499987,0.0,0.0,1.0,0.0,0.0
Stationary harm,Window 8,Trial-matched Balanced,32,0.48549804687499987,0.0,0.0,1.0,0.0,0.0
Stationary harm,Window 8,Trial-matched Balanced,33,0.4568164062499998,0.0,0.0,1.0,0.0,0.0
Stationary harm,Window 8,Trial-matched Balanced,34,0.48456054687499983,0.0,0.0009375000000000002,1.0,0.0,0.0
Stationary harm,Window 8,Trial-matched Balanced,35,0.48456054687499983,0.0,0.0009375000000000002,1.0,0.0,0.0
Stationary harm,Window 8,Trial-matched Balanced,36,0.48456054687499983,0.0,0.0009375000000000002,1.0,0.0,0.0
Stationary harm,Window 8,Trial-matched Balanced,37,0.48456054687499983,0.0,0.0009375000000000002,1.0,0.0,0.0
Stationary harm,Window 8,Trial-matched Balanced,38,0.48456054687499983,0.0,0.0009375000000000002,1.0,0.0,0.0
Stationary harm,Window 8,Trial-matched Balanced,39,0.48456054687499983,0.0,0.0009375000000000002,1.0,0.0,0.0
Stationary harm,Window 8,Trial-matched Balanced,40,0.48456054687499983,0.0,0.0009375000000000002,1.0,0.0,0.0
Stationary harm,Window 8,Trial-matched Balanced,41,0.45681724548339825,0.0,0.0,1.0,0.0,0.0
Stationary harm,Window 8,Trial-matched Balanced,42,0.48549804687499987,0.0,0.0,1.0,0.0,0.0
Stationary harm,Window 8,Trial-matched Balanced,43,0.48549804687499987,0.0,0.0,1.0,0.0,0.0
Stationary harm,Window 8,Trial-matched Balanced,44,0.48549804687499987,0.0,0.0,1.0,0.0,0.0
Stationary harm,Window 8,Trial-matched Balanced,45,0.48549804687499987,0.0,0.0,1.0,0.0,0.0
Stationary harm,Window 8,Trial-matched Balanced,46,0.48549804687499987,0.0,0.0,1.0,0.0,0.0
Stationary harm,Window 8,Trial-matched Balanced,47,0.48549804687499987,0.0,0.0,1.0,0.0,0.0
Stationary harm,Window 8,Trial-matched Balanced,48,0.48549804687499987,0.0,0.0,1.0,0.0,0.0
Workflow reversal,Reset,Balanced,1,0.4488183593749998,0.0,0.03281250000000001,1.0,0.0,0.0
Workflow reversal,Reset,Balanced,2,0.4567871093749998,0.015625,0.024843750000000005,1.0,0.0,0.015625
Workflow reversal,Reset,Balanced,3,0.4455371093749998,0.015625,0.03609375000000001,1.0,0.0,0.015625
Workflow reversal,Reset,Balanced,4,0.46405273437499983,0.0078125,0.017578125000000003,1.0,0.0,0.0078125
Workflow reversal,Reset,Balanced,5,0.4396777343749998,0.0390625,0.04195312500000001,1.0,0.0,0.0390625
Workflow reversal,Reset,Balanced,6,0.45256835937499984,0.0,0.029062500000000005,1.0,0.0,0.0
Workflow reversal,Reset,Balanced,7,0.45069335937499977,0.0,0.030937500000000003,1.0,0.0,0.0
Workflow reversal,Reset,Balanced,8,0.4455371093749998,0.015625,0.03609375,1.0,0.0,0.015625
Workflow reversal,Reset,Balanced,9,0.4572558593749998,0.0,0.024375000000000004,1.0,0.0,0.0
Workflow reversal,Reset,Balanced,10,0.4361621093749998,0.015625,0.04546875,1.0,0.0,0.015625
Workflow reversal,Reset,Balanced,11,0.4441308593749998,0.0,0.037500000000000006,1.0,0.0,0.0
Workflow reversal,Reset,Balanced,12,0.4434277343749998,0.0078125,0.038203125000000004,1.0,0.0,0.0078125
Workflow reversal,Reset,Balanced,13,0.4509277343749998,0.0078125,0.030703125000000005,1.0,0.0,0.0078125
Workflow reversal,Reset,Balanced,14,0.45819335937499983,0.0,0.023437500000000007,1.0,0.0,0.0
Workflow reversal,Reset,Balanced,15,0.4518652343749998,0.0078125,0.029765625000000004,1.0,0.0,0.0078125
Workflow reversal,Reset,Balanced,16,0.4563183593749998,0.0,0.0253125,1.0,0.0,0.0
Workflow reversal,Reset,Balanced,17,0.45256835937499984,0.0,0.029062500000000005,1.0,0.0,0.0
Workflow reversal,Reset,Balanced,18,0.4455371093749998,0.015625,0.03609375,1.0,0.0,0.015625
Workflow reversal,Reset,Balanced,19,0.4591308593749998,0.0,0.022500000000000006,1.0,0.0,0.0
Workflow reversal,Reset,Balanced,20,0.4506933593749998,0.0,0.030937500000000007,1.0,0.0,0.0
Workflow reversal,Reset,Balanced,21,0.44741210937499976,0.015625,0.034218750000000006,1.0,0.0,0.015625
Workflow reversal,Reset,Balanced,22,0.45538085937499984,0.0,0.026250000000000006,1.0,0.0,0.0
Workflow reversal,Reset,Balanced,23,0.46124023437499984,0.0078125,0.020390625000000002,1.0,0.0,0.0078125
Workflow reversal,Reset,Balanced,24,0.45092773437499983,0.0078125,0.030703125000000005,1.0,0.0,0.0078125
Workflow reversal,Reset,Balanced,25,0.7103808593750001,0.0,0.011250000000000001,1.0,0.0,0.9609375
Workflow reversal,Reset,Balanced,26,0.7160058593750002,0.0,0.005625,1.0,0.0,0.9765625
Workflow reversal,Reset,Balanced,27,0.7160058593750002,0.0,0.005625,1.0,0.0,0.9765625
Workflow reversal,Reset,Balanced,28,0.7113183593750001,0.0,0.0103125,1.0,0.0,0.9609375
Workflow reversal,Reset,Balanced,29,0.709443359375,0.0,0.0121875,1.0,0.0,0.953125
Workflow reversal,Reset,Balanced,30,0.7122558593750001,0.0,0.009375,1.0,0.0,0.9609375
Workflow reversal,Reset,Balanced,31,0.7160058593750002,0.0,0.005625,1.0,0.0,0.9765625
Workflow reversal,Reset,Balanced,32,0.7131933593750002,0.0,0.0084375,1.0,0.0,0.96875
Workflow reversal,Reset,Balanced,33,0.7160058593750002,0.0,0.005625,1.0,0.0,0.9765625
Workflow reversal,Reset,Balanced,34,0.7178808593750001,0.0,0.00375,1.0,0.0,0.984375
Workflow reversal,Reset,Balanced,35,0.7160058593750002,0.0,0.005625,1.0,0.0,0.9765625
Workflow reversal,Reset,Balanced,36,0.7197558593750002,0.0,0.001875,1.0,0.0,0.9921875
Workflow reversal,Reset,Balanced,37,0.7178808593750001,0.0,0.00375,1.0,0.0,0.984375
Workflow reversal,Reset,Balanced,38,0.7169433593750001,0.0,0.004687500000000001,1.0,0.0,0.984375
Workflow reversal,Reset,Balanced,39,0.7150683593750001,0.0,0.006562500000000001,1.0,0.0,0.9765625
Workflow reversal,Reset,Balanced,40,0.7113183593750001,0.0,0.0103125,1.0,0.0,0.9609375
Workflow reversal,Reset,Balanced,41,0.7131933593750002,0.0,0.0084375,1.0,0.0,0.96875
Workflow reversal,Reset,Balanced,42,0.7075683593750002,0.0,0.0140625,1.0,0.0,0.9453125
Workflow reversal,Reset,Balanced,43,0.7150683593750001,0.0,0.006562500000000001,1.0,0.0,0.9765625
Workflow reversal,Reset,Balanced,44,0.7178808593750001,0.0,0.00375,1.0,0.0,0.984375
Workflow reversal,Reset,Balanced,45,0.7197558593750002,0.0,0.001875,1.0,0.0,0.9921875
Workflow reversal,Reset,Balanced,46,0.7141308593750002,0.0,0.0075,1.0,0.0,0.96875
Workflow reversal,Reset,Balanced,47,0.7160058593750002,0.0,0.005625,1.0,0.0,0.9765625
Workflow reversal,Reset,Balanced,48,0.7085058593750002,0.0,0.013125000000000001,1.0,0.0,0.953125
Workflow reversal,Reset,Discover once,1,0.4425815200805664,0.0,0.014062500000000002,0.3203125,0.390625,0.0
Workflow reversal,Reset,Discover once,2,0.43862304687499987,0.0625,0.046875000000000014,0.3203125,0.390625,0.0625
Workflow reversal,Reset,Discover once,3,0.42948242187499985,0.0703125,0.05601562500000001,0.3203125,0.390625,0.0703125
Workflow reversal,Reset,Discover once,4,0.44096679687499984,0.078125,0.04453125000000001,0.3203125,0.390625,0.078125
Workflow reversal,Reset,Discover once,5,0.4273730468749999,0.0625,0.05812500000000001,0.3203125,0.390625,0.0625
Workflow reversal,Reset,Discover once,6,0.43581054687499987,0.0625,0.04968750000000001,0.3203125,0.390625,0.0625
Workflow reversal,Reset,Discover once,7,0.42338867187499984,0.0546875,0.06210937500000001,0.3203125,0.390625,0.0546875
Workflow reversal,Reset,Discover once,8,0.42198242187499985,0.0703125,0.06351562500000002,0.3203125,0.390625,0.0703125
Workflow reversal,Reset,Discover once,9,0.4280345153808593,0.0859375,0.05367187500000001,0.3203125,0.390625,0.0859375
Workflow reversal,Reset,Discover once,10,0.4163161849975585,0.0703125,0.06539062500000001,0.3203125,0.390625,0.0703125
Workflow reversal,Reset,Discover once,11,0.42193908691406246,0.0703125,0.05976562500000002,0.3203125,0.390625,0.0703125
Workflow reversal,Reset,Discover once,12,0.4348292922973632,0.03125,0.04687500000000001,0.3203125,0.390625,0.03125
Workflow reversal,Reset,Discover once,13,0.44139305114746086,0.03125,0.0403125,0.3203125,0.390625,0.03125
Workflow reversal,Reset,Discover once,14,0.44444160461425775,0.0390625,0.037265625000000004,0.3203125,0.390625,0.0390625
Workflow reversal,Reset,Discover once,15,0.42334197998046863,0.0859375,0.05835937500000002,0.3203125,0.390625,0.0859375
Workflow reversal,Reset,Discover once,16,0.43130863189697255,0.0703125,0.05039062500000001,0.3203125,0.390625,0.0703125
Workflow reversal,Reset,Discover once,17,0.44233097076416006,0.03125,0.03937500000000001,0.3203125,0.390625,0.03125
Workflow reversal,Reset,Discover once,18,0.4360041046142577,0.0390625,0.04570312500000001,0.3203125,0.390625,0.0390625
Workflow reversal,Reset,Discover once,19,0.4409213638305663,0.046875,0.040781250000000005,0.3203125,0.390625,0.046875
Workflow reversal,Reset,Discover once,20,0.4292051315307617,0.0625,0.052500000000000005,0.3203125,0.390625,0.0625
Workflow reversal,Reset,Discover once,21,0.4336595153808593,0.0546875,0.04804687500000001,0.3203125,0.390625,0.0546875
Workflow reversal,Reset,Discover once,22,0.4374090957641601,0.0546875,0.04429687500000001,0.3203125,0.390625,0.0546875
Workflow reversal,Reset,Discover once,23,0.44185970306396477,0.046875,0.03984375000000001,0.3203125,0.390625,0.046875
Workflow reversal,Reset,Discover once,24,0.43107677459716787,0.0625,0.050625,0.3203125,0.390625,0.0625
Workflow reversal,Reset,Discover once,25,0.6935759353637695,0.0,0.028125000000000004,0.3203125,0.390625,0.90625
Workflow reversal,Reset,Discover once,26,0.698260498046875,0.0,0.0234375,0.3203125,0.390625,0.9140625
Workflow reversal,Reset,Discover once,27,0.7104505157470702,0.0,0.01125,0.3203125,0.390625,0.953125
Workflow reversal,Reset,Discover once,28,0.695453872680664,0.0,0.026250000000000002,0.3203125,0.390625,0.90625
Workflow reversal,Reset,Discover once,29,0.6945134353637694,0.0,0.027187500000000003,0.3203125,0.390625,0.8984375
Workflow reversal,Reset,Discover once,30,0.7010784530639647,0.0,0.020625000000000004,0.3203125,0.390625,0.921875
Workflow reversal,Reset,Discover once,31,0.6982621765136718,0.0,0.0234375,0.3203125,0.390625,0.921875
Workflow reversal,Reset,Discover once,32,0.6898267745971679,0.0,0.031875,0.3203125,0.390625,0.875
Workflow reversal,Reset,Discover once,33,0.6991996765136719,0.0,0.022500000000000006,0.3203125,0.390625,0.921875
Workflow reversal,Reset,Discover once,34,0.7048234176635741,0.0,0.016875,0.3203125,0.390625,0.9375
Workflow reversal,Reset,Discover once,35,0.7048246765136719,0.0,0.016875,0.3203125,0.390625,0.9375
Workflow reversal,Reset,Discover once,36,0.7142026138305664,0.0,0.0075,0.3203125,0.390625,0.96875
Workflow reversal,Reset,Discover once,37,0.7020146942138671,0.0,0.0196875,0.3203125,0.390625,0.921875
Workflow reversal,Reset,Discover once,38,0.7188888549804687,0.0,0.0028125000000000003,0.3203125,0.390625,0.9921875
Workflow reversal,Reset,Discover once,39,0.7029467391967773,0.0,0.018750000000000003,0.3203125,0.390625,0.9375
Workflow reversal,Reset,Discover once,40,0.7010759353637694,0.0,0.020625000000000004,0.3203125,0.390625,0.9296875
Workflow reversal,Reset,Discover once,41,0.695447998046875,0.0,0.026250000000000002,0.3203125,0.390625,0.90625
Workflow reversal,Reset,Discover once,42,0.6991992568969726,0.0,0.0225,0.3203125,0.390625,0.9140625
Workflow reversal,Reset,Discover once,43,0.7066975784301757,0.0,0.015000000000000001,0.3203125,0.390625,0.9453125
Workflow reversal,Reset,Discover once,44,0.6926367568969726,0.0,0.0290625,0.3203125,0.390625,0.8984375
Workflow reversal,Reset,Discover once,45,0.7029517745971678,0.0,0.01875,0.3203125,0.390625,0.9375
Workflow reversal,Reset,Discover once,46,0.6982642745971679,0.0,0.0234375,0.3203125,0.390625,0.90625
Workflow reversal,Reset,Discover once,47,0.7020146942138672,0.0,0.019687500000000004,0.3203125,0.390625,0.9296875
Workflow reversal,Reset,Discover once,48,0.6907680511474608,0.0,0.030937500000000007,0.3203125,0.390625,0.890625
Workflow reversal,Reset,Repeated discovery,1,0.4425815200805664,0.0,0.014062500000000002,0.3203125,0.390625,0.0
Workflow reversal,Reset,Repeated discovery,2,0.43862304687499987,0.0625,0.046875000000000014,0.3203125,0.390625,0.0625
Workflow reversal,Reset,Repeated discovery,3,0.42948242187499985,0.0703125,0.05601562500000001,0.3203125,0.390625,0.0703125
Workflow reversal,Reset,Repeated discovery,4,0.44096679687499984,0.078125,0.04453125000000001,0.3203125,0.390625,0.078125
Workflow reversal,Reset,Repeated discovery,5,0.4273730468749999,0.0625,0.05812500000000001,0.3203125,0.390625,0.0625
Workflow reversal,Reset,Repeated discovery,6,0.43581054687499987,0.0625,0.04968750000000001,0.3203125,0.390625,0.0625
Workflow reversal,Reset,Repeated discovery,7,0.42338867187499984,0.0546875,0.06210937500000001,0.3203125,0.390625,0.0546875
Workflow reversal,Reset,Repeated discovery,8,0.42198242187499985,0.0703125,0.06351562500000002,0.3203125,0.390625,0.0703125
Workflow reversal,Reset,Repeated discovery,9,0.43977561950683597,0.0,0.016875,0.3125,0.4296875,0.0
Workflow reversal,Reset,Repeated discovery,10,0.4308886718749998,0.0546875,0.054609375,0.3125,0.4296875,0.0546875
Workflow reversal,Reset,Repeated discovery,11,0.43206054687499984,0.0625,0.05343750000000001,0.3125,0.4296875,0.0625
Workflow reversal,Reset,Repeated discovery,12,0.4344042968749998,0.046875,0.05109375000000001,0.3125,0.4296875,0.046875
Workflow reversal,Reset,Repeated discovery,13,0.4390917968749999,0.046875,0.04640625,0.3125,0.4296875,0.046875
Workflow reversal,Reset,Repeated discovery,14,0.4428417968749998,0.046875,0.04265625000000001,0.3125,0.4296875,0.046875
Workflow reversal,Reset,Repeated discovery,15,0.4332324218749999,0.0703125,0.05226562500000001,0.3125,0.4296875,0.0703125
Workflow reversal,Reset,Repeated discovery,16,0.43815429687499985,0.046875,0.047343750000000004,0.3125,0.4296875,0.046875
Workflow reversal,Reset,Repeated discovery,17,0.4444553756713867,0.0,0.012187500000000004,0.40625,0.34375,0.0
Workflow reversal,Reset,Repeated discovery,18,0.42315429687499984,0.078125,0.06234375000000002,0.40625,0.34375,0.078125
Workflow reversal,Reset,Repeated discovery,19,0.4339355468749998,0.0625,0.05156250000000001,0.40625,0.34375,0.0625
Workflow reversal,Reset,Repeated discovery,20,0.4404980468749998,0.03125,0.04500000000000001,0.40625,0.34375,0.03125
Workflow reversal,Reset,Repeated discovery,21,0.43791992187499984,0.0390625,0.047578125000000006,0.40625,0.34375,0.0390625
Workflow reversal,Reset,Repeated discovery,22,0.44073242187499984,0.0390625,0.04476562500000001,0.40625,0.34375,0.0390625
Workflow reversal,Reset,Repeated discovery,23,0.44424804687499986,0.03125,0.04125,0.40625,0.34375,0.03125
Workflow reversal,Reset,Repeated discovery,24,0.44073242187499984,0.0390625,0.044765625,0.40625,0.34375,0.0390625
Workflow reversal,Reset,Repeated discovery,25,0.6966204452514649,0.0,0.0,0.2421875,0.3203125,1.0
Workflow reversal,Reset,Repeated discovery,26,0.699248046875,0.0,0.026250000000000002,0.2421875,0.3203125,0.90625
Workflow reversal,Reset,Repeated discovery,27,0.694560546875,0.0,0.0309375,0.2421875,0.3203125,0.875
Workflow reversal,Reset,Repeated discovery,28,0.6833105468749998,0.0,0.0421875,0.2421875,0.3203125,0.8515625
Workflow reversal,Reset,Repeated discovery,29,0.6748730468749999,0.0,0.050625,0.2421875,0.3203125,0.828125
Workflow reversal,Reset,Repeated discovery,30,0.693623046875,0.0,0.031875,0.2421875,0.3203125,0.8828125
Workflow reversal,Reset,Repeated discovery,31,0.692685546875,0.0,0.03281250000000001,0.2421875,0.3203125,0.8828125
Workflow reversal,Reset,Repeated discovery,32,0.6851855468749999,0.0,0.0403125,0.2421875,0.3203125,0.8515625
Workflow reversal,Reset,Repeated discovery,33,0.6947488784790039,0.0,0.001875,0.359375,0.265625,0.9921875
Workflow reversal,Reset,Repeated discovery,34,0.706748046875,0.0,0.018750000000000003,0.359375,0.265625,0.9296875
Workflow reversal,Reset,Repeated discovery,35,0.6983105468749999,0.0,0.027187500000000003,0.359375,0.265625,0.8984375
Workflow reversal,Reset,Repeated discovery,36,0.6889355468749999,0.0,0.036562500000000005,0.359375,0.265625,0.8671875
Workflow reversal,Reset,Repeated discovery,37,0.699248046875,0.0,0.026250000000000002,0.359375,0.265625,0.90625
Workflow reversal,Reset,Repeated discovery,38,0.7001855468749999,0.0,0.0253125,0.359375,0.265625,0.90625
Workflow reversal,Reset,Repeated discovery,39,0.692685546875,0.0,0.0328125,0.359375,0.265625,0.8828125
Workflow reversal,Reset,Repeated discovery,40,0.693623046875,0.0,0.031875,0.359375,0.265625,0.8828125
Workflow reversal,Reset,Repeated discovery,41,0.6928747940063478,0.0,0.00375,0.234375,0.3671875,0.984375
Workflow reversal,Reset,Repeated discovery,42,0.6983105468749999,0.0,0.027187500000000003,0.234375,0.3671875,0.890625
Workflow reversal,Reset,Repeated discovery,43,0.6954980468749999,0.0,0.030000000000000002,0.234375,0.3671875,0.8984375
Workflow reversal,Reset,Repeated discovery,44,0.701123046875,0.0,0.024375,0.234375,0.3671875,0.9140625
Workflow reversal,Reset,Repeated discovery,45,0.6954980468749998,0.0,0.030000000000000002,0.234375,0.3671875,0.8984375
Workflow reversal,Reset,Repeated discovery,46,0.682373046875,0.0,0.043125000000000004,0.234375,0.3671875,0.8359375
Workflow reversal,Reset,Repeated discovery,47,0.6945605468749999,0.0,0.030937500000000007,0.234375,0.3671875,0.890625
Workflow reversal,Reset,Repeated discovery,48,0.693623046875,0.0,0.03187500000000001,0.234375,0.3671875,0.8984375
Workflow reversal,Reset,Trial-matched Balanced,1,0.4436058044433594,0.0,0.013125000000000003,1.0,0.0,0.0
Workflow reversal,Reset,Trial-matched Balanced,2,0.4543261718749998,0.0234375,0.03117187500000001,1.0,0.0,0.0234375
Workflow reversal,Reset,Trial-matched Balanced,3,0.44823242187499984,0.0078125,0.03726562500000001,1.0,0.0,0.0078125
Workflow reversal,Reset,Trial-matched Balanced,4,0.4608886718749998,0.0234375,0.024609375000000003,1.0,0.0,0.0234375
Workflow reversal,Reset,Trial-matched Balanced,5,0.44659179687499984,0.015625,0.03890625,1.0,0.0,0.015625
Workflow reversal,Reset,Trial-matched Balanced,6,0.45081054687499983,0.0,0.0346875,1.0,0.0,0.0
Workflow reversal,Reset,Trial-matched Balanced,7,0.44823242187499984,0.0078125,0.03726562500000001,1.0,0.0,0.0078125
Workflow reversal,Reset,Trial-matched Balanced,8,0.4447167968749998,0.015625,0.040781250000000005,1.0,0.0,0.015625
Workflow reversal,Reset,Trial-matched Balanced,9,0.43891536712646484,0.0,0.017812500000000005,1.0,0.0,0.0
Workflow reversal,Reset,Trial-matched Balanced,10,0.44541992187499985,0.0078125,0.040078125000000006,1.0,0.0,0.0078125
Workflow reversal,Reset,Trial-matched Balanced,11,0.4419042968749999,0.015625,0.04359375000000001,1.0,0.0,0.015625
Workflow reversal,Reset,Trial-matched Balanced,12,0.44541992187499985,0.0078125,0.040078125000000006,1.0,0.0,0.0078125
Workflow reversal,Reset,Trial-matched Balanced,13,0.4536230468749998,0.0,0.031875,1.0,0.0,0.0
Workflow reversal,Reset,Trial-matched Balanced,14,0.45291992187499985,0.0078125,0.032578125000000006,1.0,0.0,0.0078125
Workflow reversal,Reset,Trial-matched Balanced,15,0.4512792968749998,0.015625,0.034218750000000006,1.0,0.0,0.015625
Workflow reversal,Reset,Trial-matched Balanced,16,0.44706054687499985,0.03125,0.0384375,1.0,0.0,0.03125
Workflow reversal,Reset,Trial-matched Balanced,17,0.44641620635986334,0.0,0.010312500000000002,1.0,0.0,0.0
Workflow reversal,Reset,Trial-matched Balanced,18,0.4402636718749998,0.0234375,0.04523437500000001,1.0,0.0,0.0234375
Workflow reversal,Reset,Trial-matched Balanced,19,0.45104492187499984,0.0078125,0.034453125,1.0,0.0,0.0078125
Workflow reversal,Reset,Trial-matched Balanced,20,0.4489355468749998,0.0,0.036562500000000005,1.0,0.0,0.0
Workflow reversal,Reset,Trial-matched Balanced,21,0.4456542968749998,0.015625,0.03984375000000001,1.0,0.0,0.015625
Workflow reversal,Reset,Trial-matched Balanced,22,0.4475292968749998,0.015625,0.03796875000000001,1.0,0.0,0.015625
Workflow reversal,Reset,Trial-matched Balanced,23,0.45666992187499983,0.0078125,0.028828125000000003,1.0,0.0,0.0078125
Workflow reversal,Reset,Trial-matched Balanced,24,0.44659179687499984,0.015625,0.03890625,1.0,0.0,0.015625
Workflow reversal,Reset,Trial-matched Balanced,25,0.6967148590087892,0.0,0.0,1.0,0.0,1.0
Workflow reversal,Reset,Trial-matched Balanced,26,0.723623046875,0.0,0.001875,1.0,0.0,0.9921875
Workflow reversal,Reset,Trial-matched Balanced,27,0.717060546875,0.0,0.0084375,1.0,0.0,0.96875
Workflow reversal,Reset,Trial-matched Balanced,28,0.712373046875,0.0,0.013125000000000001,1.0,0.0,0.953125
Workflow reversal,Reset,Trial-matched Balanced,29,0.705810546875,0.0,0.019687500000000004,1.0,0.0,0.9296875
Workflow reversal,Reset,Trial-matched Balanced,30,0.7086230468749999,0.0,0.016875,1.0,0.0,0.9375
Workflow reversal,Reset,Trial-matched Balanced,31,0.7151855468749999,0.0,0.0103125,1.0,0.0,0.9609375
Workflow reversal,Reset,Trial-matched Balanced,32,0.7189355468749999,0.0,0.006562500000000001,1.0,0.0,0.9765625
Workflow reversal,Reset,Trial-matched Balanced,33,0.696710662841797,0.0,0.0,1.0,0.0,1.0
Workflow reversal,Reset,Trial-matched Balanced,34,0.711435546875,0.0,0.0140625,1.0,0.0,0.9453125
Workflow reversal,Reset,Trial-matched Balanced,35,0.711435546875,0.0,0.0140625,1.0,0.0,0.9453125
Workflow reversal,Reset,Trial-matched Balanced,36,0.719873046875,0.0,0.005625,1.0,0.0,0.9765625
Workflow reversal,Reset,Trial-matched Balanced,37,0.7189355468749999,0.0,0.006562500000000001,1.0,0.0,0.9765625
Workflow reversal,Reset,Trial-matched Balanced,38,0.717060546875,0.0,0.0084375,1.0,0.0,0.96875
Workflow reversal,Reset,Trial-matched Balanced,39,0.717060546875,0.0,0.0084375,1.0,0.0,0.96875
Workflow reversal,Reset,Trial-matched Balanced,40,0.714248046875,0.0,0.01125,1.0,0.0,0.953125
Workflow reversal,Reset,Trial-matched Balanced,41,0.6948394393920898,0.0,0.001875,1.0,0.0,0.9921875
Workflow reversal,Reset,Trial-matched Balanced,42,0.714248046875,0.0,0.01125,1.0,0.0,0.953125
Workflow reversal,Reset,Trial-matched Balanced,43,0.704873046875,0.0,0.020625000000000004,1.0,0.0,0.9296875
Workflow reversal,Reset,Trial-matched Balanced,44,0.713310546875,0.0,0.0121875,1.0,0.0,0.953125
Workflow reversal,Reset,Trial-matched Balanced,45,0.7095605468749999,0.0,0.0159375,1.0,0.0,0.9375
Workflow reversal,Reset,Trial-matched Balanced,46,0.710498046875,0.0,0.015000000000000001,1.0,0.0,0.9453125
Workflow reversal,Reset,Trial-matched Balanced,47,0.7133105468749998,0.0,0.012187500000000002,1.0,0.0,0.9609375
Workflow reversal,Reset,Trial-matched Balanced,48,0.714248046875,0.0,0.011250000000000001,1.0,0.0,0.9609375
Workflow reversal,Cumulative,Balanced,1,0.4488183593749998,0.0,0.03281250000000001,1.0,0.0,0.0
Workflow reversal,Cumulative,Balanced,2,0.4628808593749998,0.0,0.018750000000000003,1.0,0.0,0.0
Workflow reversal,Cumulative,Balanced,3,0.4694433593749998,0.0,0.012187500000000002,1.0,0.0,0.0
Workflow reversal,Cumulative,Balanced,4,0.4741308593749998,0.0,0.0075000000000000015,1.0,0.0,0.0
Workflow reversal,Cumulative,Balanced,5,0.4741308593749998,0.0,0.0075000000000000015,1.0,0.0,0.0
Workflow reversal,Cumulative,Balanced,6,0.4769433593749998,0.0,0.004687500000000001,1.0,0.0,0.0
Workflow reversal,Cumulative,Balanced,7,0.4769433593749998,0.0,0.004687500000000001,1.0,0.0,0.0
Workflow reversal,Cumulative,Balanced,8,0.47881835937499984,0.0,0.0028125000000000008,1.0,0.0,0.0
Workflow reversal,Cumulative,Balanced,9,0.47881835937499984,0.0,0.0028125000000000008,1.0,0.0,0.0
Workflow reversal,Cumulative,Balanced,10,0.4797558593749998,0.0,0.0018750000000000004,1.0,0.0,0.0
Workflow reversal,Cumulative,Balanced,11,0.4806933593749998,0.0,0.0009375000000000002,1.0,0.0,0.0
Workflow reversal,Cumulative,Balanced,12,0.4797558593749998,0.0,0.0018750000000000004,1.0,0.0,0.0
Workflow reversal,Cumulative,Balanced,13,0.4806933593749998,0.0,0.0009375000000000002,1.0,0.0,0.0
Workflow reversal,Cumulative,Balanced,14,0.48163085937499983,0.0,0.0,1.0,0.0,0.0
Workflow reversal,Cumulative,Balanced,15,0.48163085937499983,0.0,0.0,1.0,0.0,0.0
Workflow reversal,Cumulative,Balanced,16,0.48163085937499983,0.0,0.0,1.0,0.0,0.0
Workflow reversal,Cumulative,Balanced,17,0.48163085937499983,0.0,0.0,1.0,0.0,0.0
Workflow reversal,Cumulative,Balanced,18,0.48163085937499983,0.0,0.0,1.0,0.0,0.0
Workflow reversal,Cumulative,Balanced,19,0.48163085937499983,0.0,0.0,1.0,0.0,0.0
Workflow reversal,Cumulative,Balanced,20,0.48163085937499983,0.0,0.0,1.0,0.0,0.0
Workflow reversal,Cumulative,Balanced,21,0.48163085937499983,0.0,0.0,1.0,0.0,0.0
Workflow reversal,Cumulative,Balanced,22,0.48163085937499983,0.0,0.0,1.0,0.0,0.0
Workflow reversal,Cumulative,Balanced,23,0.48163085937499983,0.0,0.0,1.0,0.0,0.0
Workflow reversal,Cumulative,Balanced,24,0.48163085937499983,0.0,0.0,1.0,0.0,0.0
Workflow reversal,Cumulative,Balanced,25,0.48163085937499983,0.0,0.2400000000000001,1.0,0.0,0.0
Workflow reversal,Cumulative,Balanced,26,0.48163085937499983,0.0,0.2400000000000001,1.0,0.0,0.0
Workflow reversal,Cumulative,Balanced,27,0.48163085937499983,0.0,0.2400000000000001,1.0,0.0,0.0
Workflow reversal,Cumulative,Balanced,28,0.48163085937499983,0.0,0.2400000000000001,1.0,0.0,0.0
Workflow reversal,Cumulative,Balanced,29,0.48163085937499983,0.0,0.2400000000000001,1.0,0.0,0.0
Workflow reversal,Cumulative,Balanced,30,0.48163085937499983,0.0,0.2400000000000001,1.0,0.0,0.0
Workflow reversal,Cumulative,Balanced,31,0.48163085937499983,0.0,0.2400000000000001,1.0,0.0,0.0
Workflow reversal,Cumulative,Balanced,32,0.48163085937499983,0.0,0.2400000000000001,1.0,0.0,0.0
Workflow reversal,Cumulative,Balanced,33,0.48163085937499983,0.0,0.2400000000000001,1.0,0.0,0.0
Workflow reversal,Cumulative,Balanced,34,0.48163085937499983,0.0,0.2400000000000001,1.0,0.0,0.0
Workflow reversal,Cumulative,Balanced,35,0.48163085937499983,0.0,0.2400000000000001,1.0,0.0,0.0
Workflow reversal,Cumulative,Balanced,36,0.48163085937499983,0.0,0.2400000000000001,1.0,0.0,0.0
Workflow reversal,Cumulative,Balanced,37,0.48163085937499983,0.0,0.2400000000000001,1.0,0.0,0.0
Workflow reversal,Cumulative,Balanced,38,0.48163085937499983,0.0,0.2400000000000001,1.0,0.0,0.0
Workflow reversal,Cumulative,Balanced,39,0.48163085937499983,0.0,0.2400000000000001,1.0,0.0,0.0
Workflow reversal,Cumulative,Balanced,40,0.48163085937499983,0.0,0.2400000000000001,1.0,0.0,0.0
Workflow reversal,Cumulative,Balanced,41,0.48163085937499983,0.0,0.2400000000000001,1.0,0.0,0.0
Workflow reversal,Cumulative,Balanced,42,0.48163085937499983,0.0,0.2400000000000001,1.0,0.0,0.0
Workflow reversal,Cumulative,Balanced,43,0.48163085937499983,0.0,0.2400000000000001,1.0,0.0,0.0
Workflow reversal,Cumulative,Balanced,44,0.48163085937499983,0.0,0.2400000000000001,1.0,0.0,0.0
Workflow reversal,Cumulative,Balanced,45,0.48163085937499983,0.0,0.2400000000000001,1.0,0.0,0.0
Workflow reversal,Cumulative,Balanced,46,0.48163085937499983,0.0,0.2400000000000001,1.0,0.0,0.0
Workflow reversal,Cumulative,Balanced,47,0.4853808593749998,0.0,0.2362500000000001,1.0,0.0,0.015625
Workflow reversal,Cumulative,Balanced,48,0.4853808593749998,0.0,0.2362500000000001,1.0,0.0,0.015625
Workflow reversal,Cumulative,Discover once,1,0.4425815200805664,0.0,0.014062500000000002,0.3203125,0.390625,0.0
Workflow reversal,Cumulative,Discover once,2,0.4751855468749998,0.0,0.010312500000000002,0.3203125,0.390625,0.0
Workflow reversal,Cumulative,Discover once,3,0.47424804687499983,0.0,0.011250000000000003,0.3203125,0.390625,0.0
Workflow reversal,Cumulative,Discover once,4,0.4770605468749999,0.0,0.0084375,0.3203125,0.390625,0.0
Workflow reversal,Cumulative,Discover once,5,0.47893554687499984,0.0,0.0065625000000000015,0.3203125,0.390625,0.0
Workflow reversal,Cumulative,Discover once,6,0.47893554687499984,0.0,0.006562500000000001,0.3203125,0.390625,0.0
Workflow reversal,Cumulative,Discover once,7,0.47893554687499984,0.0,0.006562500000000001,0.3203125,0.390625,0.0
Workflow reversal,Cumulative,Discover once,8,0.47893554687499984,0.0,0.006562500000000001,0.3203125,0.390625,0.0
Workflow reversal,Cumulative,Discover once,9,0.47705287933349594,0.0,0.004687500000000001,0.3203125,0.390625,0.0
Workflow reversal,Cumulative,Discover once,10,0.47611537933349596,0.0,0.005625000000000001,0.3203125,0.390625,0.0
Workflow reversal,Cumulative,Discover once,11,0.477990379333496,0.0,0.0037500000000000007,0.3203125,0.390625,0.0
Workflow reversal,Cumulative,Discover once,12,0.478927879333496,0.0,0.0028125000000000008,0.3203125,0.390625,0.0
Workflow reversal,Cumulative,Discover once,13,0.478927879333496,0.0,0.0028125000000000008,0.3203125,0.390625,0.0
Workflow reversal,Cumulative,Discover once,14,0.478927879333496,0.0,0.0028125000000000008,0.3203125,0.390625,0.0
Workflow reversal,Cumulative,Discover once,15,0.478927879333496,0.0,0.0028125000000000008,0.3203125,0.390625,0.0
Workflow reversal,Cumulative,Discover once,16,0.48080287933349597,0.0,0.0009375000000000002,0.3203125,0.390625,0.0
Workflow reversal,Cumulative,Discover once,17,0.48080287933349597,0.0,0.0009375000000000002,0.3203125,0.390625,0.0
Workflow reversal,Cumulative,Discover once,18,0.48080287933349597,0.0,0.0009375000000000002,0.3203125,0.390625,0.0
Workflow reversal,Cumulative,Discover once,19,0.481740379333496,0.0,0.0,0.3203125,0.390625,0.0
Workflow reversal,Cumulative,Discover once,20,0.48080287933349597,0.0,0.0009375000000000002,0.3203125,0.390625,0.0
Workflow reversal,Cumulative,Discover once,21,0.48080287933349597,0.0,0.0009375000000000002,0.3203125,0.390625,0.0
Workflow reversal,Cumulative,Discover once,22,0.48080287933349597,0.0,0.0009375000000000002,0.3203125,0.390625,0.0
Workflow reversal,Cumulative,Discover once,23,0.48080287933349597,0.0,0.0009375000000000002,0.3203125,0.390625,0.0
Workflow reversal,Cumulative,Discover once,24,0.48080287933349597,0.0,0.0009375000000000002,0.3203125,0.390625,0.0
Workflow reversal,Cumulative,Discover once,25,0.48080287933349597,0.0,0.24093750000000008,0.3203125,0.390625,0.0
Workflow reversal,Cumulative,Discover once,26,0.48080287933349597,0.0,0.24093750000000008,0.3203125,0.390625,0.0
Workflow reversal,Cumulative,Discover once,27,0.48080287933349597,0.0,0.24093750000000008,0.3203125,0.390625,0.0
Workflow reversal,Cumulative,Discover once,28,0.48080287933349597,0.0,0.24093750000000008,0.3203125,0.390625,0.0
Workflow reversal,Cumulative,Discover once,29,0.48080287933349597,0.0,0.24093750000000008,0.3203125,0.390625,0.0
Workflow reversal,Cumulative,Discover once,30,0.48080287933349597,0.0,0.24093750000000008,0.3203125,0.390625,0.0
Workflow reversal,Cumulative,Discover once,31,0.48080287933349597,0.0,0.24093750000000008,0.3203125,0.390625,0.0
Workflow reversal,Cumulative,Discover once,32,0.48080287933349597,0.0,0.24093750000000008,0.3203125,0.390625,0.0
Workflow reversal,Cumulative,Discover once,33,0.48080287933349597,0.0,0.24093750000000008,0.3203125,0.390625,0.0
Workflow reversal,Cumulative,Discover once,34,0.48080287933349597,0.0,0.24093750000000008,0.3203125,0.390625,0.0
Workflow reversal,Cumulative,Discover once,35,0.48080287933349597,0.0,0.24093750000000008,0.3203125,0.390625,0.0
Workflow reversal,Cumulative,Discover once,36,0.48080287933349597,0.0,0.24093750000000008,0.3203125,0.390625,0.0
Workflow reversal,Cumulative,Discover once,37,0.48080287933349597,0.0,0.24093750000000008,0.3203125,0.390625,0.0
Workflow reversal,Cumulative,Discover once,38,0.48080287933349597,0.0,0.24093750000000008,0.3203125,0.390625,0.0
Workflow reversal,Cumulative,Discover once,39,0.48080287933349597,0.0,0.24093750000000008,0.3203125,0.390625,0.0
Workflow reversal,Cumulative,Discover once,40,0.48080287933349597,0.0,0.24093750000000008,0.3203125,0.390625,0.0
Workflow reversal,Cumulative,Discover once,41,0.48080287933349597,0.0,0.24093750000000008,0.3203125,0.390625,0.0
Workflow reversal,Cumulative,Discover once,42,0.48080287933349597,0.0,0.24093750000000008,0.3203125,0.390625,0.0
Workflow reversal,Cumulative,Discover once,43,0.48080287933349597,0.0,0.24093750000000008,0.3203125,0.390625,0.0
Workflow reversal,Cumulative,Discover once,44,0.48361537933349596,0.0,0.2381250000000001,0.3203125,0.390625,0.0078125
Workflow reversal,Cumulative,Discover once,45,0.48361537933349596,0.0,0.2381250000000001,0.3203125,0.390625,0.0078125
Workflow reversal,Cumulative,Discover once,46,0.48361537933349596,0.0,0.2381250000000001,0.3203125,0.390625,0.0078125
Workflow reversal,Cumulative,Discover once,47,0.48924037933349596,0.0,0.2325000000000001,0.3203125,0.390625,0.03125
Workflow reversal,Cumulative,Discover once,48,0.48924037933349596,0.0,0.2325000000000001,0.3203125,0.390625,0.03125
Workflow reversal,Cumulative,Repeated discovery,1,0.4425815200805664,0.0,0.014062500000000002,0.3203125,0.390625,0.0
Workflow reversal,Cumulative,Repeated discovery,2,0.4751855468749998,0.0,0.010312500000000002,0.3203125,0.390625,0.0
Workflow reversal,Cumulative,Repeated discovery,3,0.47424804687499983,0.0,0.011250000000000003,0.3203125,0.390625,0.0
Workflow reversal,Cumulative,Repeated discovery,4,0.4770605468749999,0.0,0.0084375,0.3203125,0.390625,0.0
Workflow reversal,Cumulative,Repeated discovery,5,0.47893554687499984,0.0,0.0065625000000000015,0.3203125,0.390625,0.0
Workflow reversal,Cumulative,Repeated discovery,6,0.47893554687499984,0.0,0.006562500000000001,0.3203125,0.390625,0.0
Workflow reversal,Cumulative,Repeated discovery,7,0.47893554687499984,0.0,0.006562500000000001,0.3203125,0.390625,0.0
Workflow reversal,Cumulative,Repeated discovery,8,0.47893554687499984,0.0,0.006562500000000001,0.3203125,0.390625,0.0
Workflow reversal,Cumulative,Repeated discovery,9,0.45583408355712873,0.0,0.0009375000000000002,0.328125,0.3671875,0.0
Workflow reversal,Cumulative,Repeated discovery,10,0.48362304687499985,0.0,0.0018750000000000004,0.328125,0.3671875,0.0
Workflow reversal,Cumulative,Repeated discovery,11,0.48456054687499983,0.0,0.0009375000000000002,0.328125,0.3671875,0.0
Workflow reversal,Cumulative,Repeated discovery,12,0.48456054687499983,0.0,0.0009375000000000002,0.328125,0.3671875,0.0
Workflow reversal,Cumulative,Repeated discovery,13,0.48549804687499987,0.0,0.0,0.328125,0.3671875,0.0
Workflow reversal,Cumulative,Repeated discovery,14,0.48549804687499987,0.0,0.0,0.328125,0.3671875,0.0
Workflow reversal,Cumulative,Repeated discovery,15,0.48549804687499987,0.0,0.0,0.328125,0.3671875,0.0
Workflow reversal,Cumulative,Repeated discovery,16,0.48549804687499987,0.0,0.0,0.328125,0.3671875,0.0
Workflow reversal,Cumulative,Repeated discovery,17,0.456783981323242,0.0,0.0,0.3984375,0.3203125,0.0
Workflow reversal,Cumulative,Repeated discovery,18,0.48549804687499987,0.0,0.0,0.3984375,0.3203125,0.0
Workflow reversal,Cumulative,Repeated discovery,19,0.48549804687499987,0.0,0.0,0.3984375,0.3203125,0.0
Workflow reversal,Cumulative,Repeated discovery,20,0.48549804687499987,0.0,0.0,0.3984375,0.3203125,0.0
Workflow reversal,Cumulative,Repeated discovery,21,0.48549804687499987,0.0,0.0,0.3984375,0.3203125,0.0
Workflow reversal,Cumulative,Repeated discovery,22,0.48549804687499987,0.0,0.0,0.3984375,0.3203125,0.0
Workflow reversal,Cumulative,Repeated discovery,23,0.48549804687499987,0.0,0.0,0.3984375,0.3203125,0.0
Workflow reversal,Cumulative,Repeated discovery,24,0.48549804687499987,0.0,0.0,0.3984375,0.3203125,0.0
Workflow reversal,Cumulative,Repeated discovery,25,0.45679351806640606,0.0,0.2400000000000001,0.4453125,0.2734375,0.0
Workflow reversal,Cumulative,Repeated discovery,26,0.48549804687499987,0.0,0.2400000000000001,0.4453125,0.2734375,0.0
Workflow reversal,Cumulative,Repeated discovery,27,0.48549804687499987,0.0,0.2400000000000001,0.4453125,0.2734375,0.0
Workflow reversal,Cumulative,Repeated discovery,28,0.4873730468749999,0.0,0.2381250000000001,0.4453125,0.2734375,0.0078125
Workflow reversal,Cumulative,Repeated discovery,29,0.4873730468749999,0.0,0.2381250000000001,0.4453125,0.2734375,0.0078125
Workflow reversal,Cumulative,Repeated discovery,30,0.4873730468749999,0.0,0.2381250000000001,0.4453125,0.2734375,0.0078125
Workflow reversal,Cumulative,Repeated discovery,31,0.49112304687499986,0.0,0.2343750000000001,0.4453125,0.2734375,0.0234375
Workflow reversal,Cumulative,Repeated discovery,32,0.49112304687499986,0.0,0.2343750000000001,0.4453125,0.2734375,0.0234375
Workflow reversal,Cumulative,Repeated discovery,33,0.46242137908935527,0.0,0.2343750000000001,0.3828125,0.34375,0.0234375
Workflow reversal,Cumulative,Repeated discovery,34,0.4929980468749999,0.0,0.2325000000000001,0.3828125,0.34375,0.03125
Workflow reversal,Cumulative,Repeated discovery,35,0.4929980468749999,0.0,0.2325000000000001,0.3828125,0.34375,0.03125
Workflow reversal,Cumulative,Repeated discovery,36,0.4986230468749999,0.0,0.2268750000000001,0.3828125,0.34375,0.0546875
Workflow reversal,Cumulative,Repeated discovery,37,0.5004980468749999,0.0,0.2250000000000001,0.3828125,0.34375,0.0625
Workflow reversal,Cumulative,Repeated discovery,38,0.5042480468749999,0.0,0.22125000000000009,0.3828125,0.34375,0.078125
Workflow reversal,Cumulative,Repeated discovery,39,0.5042480468749999,0.0,0.22125000000000009,0.3828125,0.34375,0.078125
Workflow reversal,Cumulative,Repeated discovery,40,0.506123046875,0.0,0.2193750000000001,0.3828125,0.34375,0.0859375
Workflow reversal,Cumulative,Repeated discovery,41,0.4849271011352537,0.0,0.2118750000000001,0.390625,0.3203125,0.1171875
Workflow reversal,Cumulative,Repeated discovery,42,0.5136230468749998,0.0,0.2118750000000001,0.390625,0.3203125,0.1171875
Workflow reversal,Cumulative,Repeated discovery,43,0.5192480468749998,0.0,0.20625000000000007,0.390625,0.3203125,0.140625
Workflow reversal,Cumulative,Repeated discovery,44,0.5192480468749999,0.0,0.20625000000000007,0.390625,0.3203125,0.140625
Workflow reversal,Cumulative,Repeated discovery,45,0.5192480468749999,0.0,0.20625000000000007,0.390625,0.3203125,0.140625
Workflow reversal,Cumulative,Repeated discovery,46,0.522998046875,0.0,0.20250000000000007,0.390625,0.3203125,0.15625
Workflow reversal,Cumulative,Repeated discovery,47,0.528623046875,0.0,0.19687500000000008,0.390625,0.3203125,0.1796875
Workflow reversal,Cumulative,Repeated discovery,48,0.5361230468749999,0.0,0.18937500000000007,0.390625,0.3203125,0.2109375
Workflow reversal,Cumulative,Trial-matched Balanced,1,0.4436058044433594,0.0,0.013125000000000003,1.0,0.0,0.0
Workflow reversal,Cumulative,Trial-matched Balanced,2,0.4751855468749998,0.0,0.010312500000000002,1.0,0.0,0.0
Workflow reversal,Cumulative,Trial-matched Balanced,3,0.4751855468749998,0.0,0.010312500000000002,1.0,0.0,0.0
Workflow reversal,Cumulative,Trial-matched Balanced,4,0.4798730468749999,0.0,0.0056250000000000015,1.0,0.0,0.0
Workflow reversal,Cumulative,Trial-matched Balanced,5,0.48081054687499986,0.0,0.004687500000000001,1.0,0.0,0.0
Workflow reversal,Cumulative,Trial-matched Balanced,6,0.48174804687499984,0.0,0.0037500000000000007,1.0,0.0,0.0
Workflow reversal,Cumulative,Trial-matched Balanced,7,0.48081054687499986,0.0,0.004687500000000001,1.0,0.0,0.0
Workflow reversal,Cumulative,Trial-matched Balanced,8,0.48174804687499984,0.0,0.0037500000000000007,1.0,0.0,0.0
Workflow reversal,Cumulative,Trial-matched Balanced,9,0.4549414062499998,0.0,0.0018750000000000004,1.0,0.0,0.0
Workflow reversal,Cumulative,Trial-matched Balanced,10,0.48268554687499987,0.0,0.0028125000000000008,1.0,0.0,0.0
Workflow reversal,Cumulative,Trial-matched Balanced,11,0.48362304687499985,0.0,0.0018750000000000004,1.0,0.0,0.0
Workflow reversal,Cumulative,Trial-matched Balanced,12,0.48362304687499985,0.0,0.0018750000000000004,1.0,0.0,0.0
Workflow reversal,Cumulative,Trial-matched Balanced,13,0.48456054687499983,0.0,0.0009375000000000002,1.0,0.0,0.0
Workflow reversal,Cumulative,Trial-matched Balanced,14,0.48456054687499983,0.0,0.0009375000000000002,1.0,0.0,0.0
Workflow reversal,Cumulative,Trial-matched Balanced,15,0.48456054687499983,0.0,0.0009375000000000002,1.0,0.0,0.0
Workflow reversal,Cumulative,Trial-matched Balanced,16,0.48549804687499987,0.0,0.0,1.0,0.0,0.0
Workflow reversal,Cumulative,Trial-matched Balanced,17,0.4568164062499998,0.0,0.0,1.0,0.0,0.0
Workflow reversal,Cumulative,Trial-matched Balanced,18,0.48549804687499987,0.0,0.0,1.0,0.0,0.0
Workflow reversal,Cumulative,Trial-matched Balanced,19,0.48549804687499987,0.0,0.0,1.0,0.0,0.0
Workflow reversal,Cumulative,Trial-matched Balanced,20,0.48549804687499987,0.0,0.0,1.0,0.0,0.0
Workflow reversal,Cumulative,Trial-matched Balanced,21,0.48549804687499987,0.0,0.0,1.0,0.0,0.0
Workflow reversal,Cumulative,Trial-matched Balanced,22,0.48549804687499987,0.0,0.0,1.0,0.0,0.0
Workflow reversal,Cumulative,Trial-matched Balanced,23,0.48549804687499987,0.0,0.0,1.0,0.0,0.0
Workflow reversal,Cumulative,Trial-matched Balanced,24,0.48549804687499987,0.0,0.0,1.0,0.0,0.0
Workflow reversal,Cumulative,Trial-matched Balanced,25,0.4568164062499998,0.0,0.2400000000000001,1.0,0.0,0.0
Workflow reversal,Cumulative,Trial-matched Balanced,26,0.48549804687499987,0.0,0.2400000000000001,1.0,0.0,0.0
Workflow reversal,Cumulative,Trial-matched Balanced,27,0.48549804687499987,0.0,0.2400000000000001,1.0,0.0,0.0
Workflow reversal,Cumulative,Trial-matched Balanced,28,0.48549804687499987,0.0,0.2400000000000001,1.0,0.0,0.0
Workflow reversal,Cumulative,Trial-matched Balanced,29,0.48549804687499987,0.0,0.2400000000000001,1.0,0.0,0.0
Workflow reversal,Cumulative,Trial-matched Balanced,30,0.48549804687499987,0.0,0.2400000000000001,1.0,0.0,0.0
Workflow reversal,Cumulative,Trial-matched Balanced,31,0.48549804687499987,0.0,0.2400000000000001,1.0,0.0,0.0
Workflow reversal,Cumulative,Trial-matched Balanced,32,0.48549804687499987,0.0,0.2400000000000001,1.0,0.0,0.0
Workflow reversal,Cumulative,Trial-matched Balanced,33,0.4568164062499998,0.0,0.2400000000000001,1.0,0.0,0.0
Workflow reversal,Cumulative,Trial-matched Balanced,34,0.48549804687499987,0.0,0.2400000000000001,1.0,0.0,0.0
Workflow reversal,Cumulative,Trial-matched Balanced,35,0.48549804687499987,0.0,0.2400000000000001,1.0,0.0,0.0
Workflow reversal,Cumulative,Trial-matched Balanced,36,0.48549804687499987,0.0,0.2400000000000001,1.0,0.0,0.0
Workflow reversal,Cumulative,Trial-matched Balanced,37,0.48549804687499987,0.0,0.2400000000000001,1.0,0.0,0.0
Workflow reversal,Cumulative,Trial-matched Balanced,38,0.48549804687499987,0.0,0.2400000000000001,1.0,0.0,0.0
Workflow reversal,Cumulative,Trial-matched Balanced,39,0.48549804687499987,0.0,0.2400000000000001,1.0,0.0,0.0
Workflow reversal,Cumulative,Trial-matched Balanced,40,0.48549804687499987,0.0,0.2400000000000001,1.0,0.0,0.0
Workflow reversal,Cumulative,Trial-matched Balanced,41,0.4568164062499998,0.0,0.2400000000000001,1.0,0.0,0.0
Workflow reversal,Cumulative,Trial-matched Balanced,42,0.48549804687499987,0.0,0.2400000000000001,1.0,0.0,0.0
Workflow reversal,Cumulative,Trial-matched Balanced,43,0.48549804687499987,0.0,0.2400000000000001,1.0,0.0,0.0
Workflow reversal,Cumulative,Trial-matched Balanced,44,0.48549804687499987,0.0,0.2400000000000001,1.0,0.0,0.0
Workflow reversal,Cumulative,Trial-matched Balanced,45,0.48549804687499987,0.0,0.2400000000000001,1.0,0.0,0.0
Workflow reversal,Cumulative,Trial-matched Balanced,46,0.4873730468749999,0.0,0.2381250000000001,1.0,0.0,0.0078125
Workflow reversal,Cumulative,Trial-matched Balanced,47,0.4873730468749999,0.0,0.2381250000000001,1.0,0.0,0.0078125
Workflow reversal,Cumulative,Trial-matched Balanced,48,0.4873730468749999,0.0,0.2381250000000001,1.0,0.0,0.0078125
Workflow reversal,Window 8,Balanced,1,0.4488183593749998,0.0,0.03281250000000001,1.0,0.0,0.0
Workflow reversal,Window 8,Balanced,2,0.4628808593749998,0.0,0.018750000000000003,1.0,0.0,0.0
Workflow reversal,Window 8,Balanced,3,0.4694433593749998,0.0,0.012187500000000002,1.0,0.0,0.0
Workflow reversal,Window 8,Balanced,4,0.4741308593749998,0.0,0.0075000000000000015,1.0,0.0,0.0
Workflow reversal,Window 8,Balanced,5,0.4741308593749998,0.0,0.0075000000000000015,1.0,0.0,0.0
Workflow reversal,Window 8,Balanced,6,0.4769433593749998,0.0,0.004687500000000001,1.0,0.0,0.0
Workflow reversal,Window 8,Balanced,7,0.4769433593749998,0.0,0.004687500000000001,1.0,0.0,0.0
Workflow reversal,Window 8,Balanced,8,0.47881835937499984,0.0,0.0028125000000000008,1.0,0.0,0.0
Workflow reversal,Window 8,Balanced,9,0.47881835937499984,0.0,0.0028125000000000008,1.0,0.0,0.0
Workflow reversal,Window 8,Balanced,10,0.4806933593749998,0.0,0.0009375000000000002,1.0,0.0,0.0
Workflow reversal,Window 8,Balanced,11,0.48163085937499983,0.0,0.0,1.0,0.0,0.0
Workflow reversal,Window 8,Balanced,12,0.48163085937499983,0.0,0.0,1.0,0.0,0.0
Workflow reversal,Window 8,Balanced,13,0.4797558593749998,0.0,0.0018750000000000004,1.0,0.0,0.0
Workflow reversal,Window 8,Balanced,14,0.4806933593749998,0.0,0.0009375000000000002,1.0,0.0,0.0
Workflow reversal,Window 8,Balanced,15,0.48163085937499983,0.0,0.0,1.0,0.0,0.0
Workflow reversal,Window 8,Balanced,16,0.4806933593749998,0.0,0.0009375000000000002,1.0,0.0,0.0
Workflow reversal,Window 8,Balanced,17,0.4806933593749998,0.0,0.0009375000000000002,1.0,0.0,0.0
Workflow reversal,Window 8,Balanced,18,0.4806933593749998,0.0,0.0009375000000000002,1.0,0.0,0.0
Workflow reversal,Window 8,Balanced,19,0.47881835937499984,0.0,0.0028125000000000008,1.0,0.0,0.0
Workflow reversal,Window 8,Balanced,20,0.4797558593749998,0.0,0.0018750000000000004,1.0,0.0,0.0
Workflow reversal,Window 8,Balanced,21,0.4797558593749998,0.0,0.0018750000000000004,1.0,0.0,0.0
Workflow reversal,Window 8,Balanced,22,0.47881835937499984,0.0,0.0028125000000000008,1.0,0.0,0.0
Workflow reversal,Window 8,Balanced,23,0.4806933593749998,0.0,0.0009375000000000002,1.0,0.0,0.0
Workflow reversal,Window 8,Balanced,24,0.4806933593749998,0.0,0.0009375000000000002,1.0,0.0,0.0
Workflow reversal,Window 8,Balanced,25,0.4806933593749998,0.0,0.2409375000000001,1.0,0.0,0.0
Workflow reversal,Window 8,Balanced,26,0.48163085937499983,0.0,0.2400000000000001,1.0,0.0,0.0
Workflow reversal,Window 8,Balanced,27,0.4806933593749998,0.0,0.2409375000000001,1.0,0.0,0.0
Workflow reversal,Window 8,Balanced,28,0.49475585937499983,0.0,0.2268750000000001,1.0,0.0,0.0546875
Workflow reversal,Window 8,Balanced,29,0.569755859375,0.0,0.15187500000000004,1.0,0.0,0.3671875
Workflow reversal,Window 8,Balanced,30,0.6991308593750001,0.0,0.0225,1.0,0.0,0.90625
Workflow reversal,Window 8,Balanced,31,0.7197558593750002,0.0,0.001875,1.0,0.0,0.9921875
Workflow reversal,Window 8,Balanced,32,0.7216308593750002,0.0,0.0,1.0,0.0,1.0
Workflow reversal,Window 8,Balanced,33,0.7216308593750002,0.0,0.0,1.0,0.0,1.0
Workflow reversal,Window 8,Balanced,34,0.7216308593750002,0.0,0.0,1.0,0.0,1.0
Workflow reversal,Window 8,Balanced,35,0.7216308593750002,0.0,0.0,1.0,0.0,1.0
Workflow reversal,Window 8,Balanced,36,0.7216308593750002,0.0,0.0,1.0,0.0,1.0
Workflow reversal,Window 8,Balanced,37,0.7216308593750002,0.0,0.0,1.0,0.0,1.0
Workflow reversal,Window 8,Balanced,38,0.7216308593750002,0.0,0.0,1.0,0.0,1.0
Workflow reversal,Window 8,Balanced,39,0.7216308593750002,0.0,0.0,1.0,0.0,1.0
Workflow reversal,Window 8,Balanced,40,0.7216308593750002,0.0,0.0,1.0,0.0,1.0
Workflow reversal,Window 8,Balanced,41,0.7216308593750002,0.0,0.0,1.0,0.0,1.0
Workflow reversal,Window 8,Balanced,42,0.7216308593750002,0.0,0.0,1.0,0.0,1.0
Workflow reversal,Window 8,Balanced,43,0.7216308593750002,0.0,0.0,1.0,0.0,1.0
Workflow reversal,Window 8,Balanced,44,0.7216308593750002,0.0,0.0,1.0,0.0,1.0
Workflow reversal,Window 8,Balanced,45,0.7216308593750002,0.0,0.0,1.0,0.0,1.0
Workflow reversal,Window 8,Balanced,46,0.7216308593750002,0.0,0.0,1.0,0.0,1.0
Workflow reversal,Window 8,Balanced,47,0.7216308593750002,0.0,0.0,1.0,0.0,1.0
Workflow reversal,Window 8,Balanced,48,0.7216308593750002,0.0,0.0,1.0,0.0,1.0
Workflow reversal,Window 8,Discover once,1,0.4425815200805664,0.0,0.014062500000000002,0.3203125,0.390625,0.0
Workflow reversal,Window 8,Discover once,2,0.4751855468749998,0.0,0.010312500000000002,0.3203125,0.390625,0.0
Workflow reversal,Window 8,Discover once,3,0.47424804687499983,0.0,0.011250000000000003,0.3203125,0.390625,0.0
Workflow reversal,Window 8,Discover once,4,0.4770605468749999,0.0,0.0084375,0.3203125,0.390625,0.0
Workflow reversal,Window 8,Discover once,5,0.47893554687499984,0.0,0.0065625000000000015,0.3203125,0.390625,0.0
Workflow reversal,Window 8,Discover once,6,0.47893554687499984,0.0,0.006562500000000001,0.3203125,0.390625,0.0
Workflow reversal,Window 8,Discover once,7,0.47893554687499984,0.0,0.006562500000000001,0.3203125,0.390625,0.0
Workflow reversal,Window 8,Discover once,8,0.47893554687499984,0.0,0.006562500000000001,0.3203125,0.390625,0.0
Workflow reversal,Window 8,Discover once,9,0.47705287933349594,0.0,0.004687500000000001,0.3203125,0.390625,0.0
Workflow reversal,Window 8,Discover once,10,0.474240379333496,0.0,0.0075000000000000015,0.3203125,0.390625,0.0
Workflow reversal,Window 8,Discover once,11,0.475177879333496,0.0,0.0065625000000000015,0.3203125,0.390625,0.0
Workflow reversal,Window 8,Discover once,12,0.47424037933349594,0.0,0.0075000000000000015,0.3203125,0.390625,0.0
Workflow reversal,Window 8,Discover once,13,0.47424037933349594,0.0,0.0075000000000000015,0.3203125,0.390625,0.0
Workflow reversal,Window 8,Discover once,14,0.472365379333496,0.0,0.009375000000000001,0.3203125,0.390625,0.0
Workflow reversal,Window 8,Discover once,15,0.469552879333496,0.0,0.012187500000000002,0.3203125,0.390625,0.0
Workflow reversal,Window 8,Discover once,16,0.472365379333496,0.0,0.009375000000000001,0.3203125,0.390625,0.0
Workflow reversal,Window 8,Discover once,17,0.47072433471679676,0.0078125,0.011015625000000003,0.3203125,0.390625,0.0078125
Workflow reversal,Window 8,Discover once,18,0.47259933471679677,0.0078125,0.009140625000000003,0.3203125,0.390625,0.0078125
Workflow reversal,Window 8,Discover once,19,0.474240379333496,0.0,0.0075000000000000015,0.3203125,0.390625,0.0
Workflow reversal,Window 8,Discover once,20,0.4770524597167968,0.0,0.004687500000000001,0.3203125,0.390625,0.0
Workflow reversal,Window 8,Discover once,21,0.476115379333496,0.0,0.005625000000000001,0.3203125,0.390625,0.0
Workflow reversal,Window 8,Discover once,22,0.470724754333496,0.0078125,0.011015625000000001,0.3203125,0.390625,0.0078125
Workflow reversal,Window 8,Discover once,23,0.47424037933349594,0.0,0.0075000000000000015,0.3203125,0.390625,0.0
Workflow reversal,Window 8,Discover once,24,0.47611537933349596,0.0,0.005625000000000001,0.3203125,0.390625,0.0
Workflow reversal,Window 8,Discover once,25,0.47705287933349594,0.0,0.2446875000000001,0.3203125,0.390625,0.0
Workflow reversal,Window 8,Discover once,26,0.47330287933349596,0.0,0.2484375000000001,0.3203125,0.390625,0.0078125
Workflow reversal,Window 8,Discover once,27,0.47986537933349604,0.0,0.24187500000000006,0.3203125,0.390625,0.0234375
Workflow reversal,Window 8,Discover once,28,0.5004903793334959,0.0,0.22125000000000006,0.3203125,0.390625,0.1015625
Workflow reversal,Window 8,Discover once,29,0.5651778793334961,0.0,0.15656250000000002,0.3203125,0.390625,0.359375
Workflow reversal,Window 8,Discover once,30,0.6776778793334961,0.0,0.044062500000000004,0.3203125,0.390625,0.8203125
Workflow reversal,Window 8,Discover once,31,0.706740379333496,0.0,0.015,0.3203125,0.390625,0.9375
Workflow reversal,Window 8,Discover once,32,0.719865379333496,0.0,0.001875,0.3203125,0.390625,0.9921875
Workflow reversal,Window 8,Discover once,33,0.719865379333496,0.0,0.001875,0.3203125,0.390625,0.9921875
Workflow reversal,Window 8,Discover once,34,0.721740379333496,0.0,0.0,0.3203125,0.390625,1.0
Workflow reversal,Window 8,Discover once,35,0.719865379333496,0.0,0.001875,0.3203125,0.390625,0.9921875
Workflow reversal,Window 8,Discover once,36,0.721740379333496,0.0,0.0,0.3203125,0.390625,1.0
Workflow reversal,Window 8,Discover once,37,0.7217399597167968,0.0,0.0,0.3203125,0.390625,1.0
Workflow reversal,Window 8,Discover once,38,0.721740379333496,0.0,0.0,0.3203125,0.390625,1.0
Workflow reversal,Window 8,Discover once,39,0.7217399597167968,0.0,0.0,0.3203125,0.390625,1.0
Workflow reversal,Window 8,Discover once,40,0.7217399597167968,0.0,0.0,0.3203125,0.390625,1.0
Workflow reversal,Window 8,Discover once,41,0.721740379333496,0.0,0.0,0.3203125,0.390625,1.0
Workflow reversal,Window 8,Discover once,42,0.721740379333496,0.0,0.0,0.3203125,0.390625,1.0
Workflow reversal,Window 8,Discover once,43,0.7217399597167968,0.0,0.0,0.3203125,0.390625,1.0
Workflow reversal,Window 8,Discover once,44,0.7217399597167968,0.0,0.0,0.3203125,0.390625,1.0
Workflow reversal,Window 8,Discover once,45,0.7198649597167968,0.0,0.001875,0.3203125,0.390625,0.9921875
Workflow reversal,Window 8,Discover once,46,0.719865379333496,0.0,0.001875,0.3203125,0.390625,0.9921875
Workflow reversal,Window 8,Discover once,47,0.721740379333496,0.0,0.0,0.3203125,0.390625,1.0
Workflow reversal,Window 8,Discover once,48,0.721740379333496,0.0,0.0,0.3203125,0.390625,1.0
Workflow reversal,Window 8,Repeated discovery,1,0.4425815200805664,0.0,0.014062500000000002,0.3203125,0.390625,0.0
Workflow reversal,Window 8,Repeated discovery,2,0.4751855468749998,0.0,0.010312500000000002,0.3203125,0.390625,0.0
Workflow reversal,Window 8,Repeated discovery,3,0.47424804687499983,0.0,0.011250000000000003,0.3203125,0.390625,0.0
Workflow reversal,Window 8,Repeated discovery,4,0.4770605468749999,0.0,0.0084375,0.3203125,0.390625,0.0
Workflow reversal,Window 8,Repeated discovery,5,0.47893554687499984,0.0,0.0065625000000000015,0.3203125,0.390625,0.0
Workflow reversal,Window 8,Repeated discovery,6,0.47893554687499984,0.0,0.006562500000000001,0.3203125,0.390625,0.0
Workflow reversal,Window 8,Repeated discovery,7,0.47893554687499984,0.0,0.006562500000000001,0.3203125,0.390625,0.0
Workflow reversal,Window 8,Repeated discovery,8,0.47893554687499984,0.0,0.006562500000000001,0.3203125,0.390625,0.0
Workflow reversal,Window 8,Repeated discovery,9,0.45583408355712873,0.0,0.0009375000000000002,0.328125,0.3671875,0.0
Workflow reversal,Window 8,Repeated discovery,10,0.48549804687499987,0.0,0.0,0.328125,0.3671875,0.0
Workflow reversal,Window 8,Repeated discovery,11,0.48549804687499987,0.0,0.0,0.328125,0.3671875,0.0
Workflow reversal,Window 8,Repeated discovery,12,0.48549804687499987,0.0,0.0,0.328125,0.3671875,0.0
Workflow reversal,Window 8,Repeated discovery,13,0.48456054687499983,0.0,0.0009375000000000002,0.328125,0.3671875,0.0
Workflow reversal,Window 8,Repeated discovery,14,0.48456054687499983,0.0,0.0009375000000000002,0.328125,0.3671875,0.0
Workflow reversal,Window 8,Repeated discovery,15,0.48268554687499987,0.0,0.0028125000000000008,0.328125,0.3671875,0.0
Workflow reversal,Window 8,Repeated discovery,16,0.48174804687499984,0.0,0.0037500000000000007,0.328125,0.3671875,0.0
Workflow reversal,Window 8,Repeated discovery,17,0.45582359313964826,0.0,0.0009375000000000002,0.34375,0.296875,0.0
Workflow reversal,Window 8,Repeated discovery,18,0.48174804687499984,0.0,0.0037500000000000007,0.34375,0.296875,0.0
Workflow reversal,Window 8,Repeated discovery,19,0.48362304687499985,0.0,0.0018750000000000004,0.34375,0.296875,0.0
Workflow reversal,Window 8,Repeated discovery,20,0.48268554687499987,0.0,0.0028125000000000008,0.34375,0.296875,0.0
Workflow reversal,Window 8,Repeated discovery,21,0.48081054687499986,0.0,0.004687500000000001,0.34375,0.296875,0.0
Workflow reversal,Window 8,Repeated discovery,22,0.48174804687499984,0.0,0.0037500000000000007,0.34375,0.296875,0.0
Workflow reversal,Window 8,Repeated discovery,23,0.48456054687499983,0.0,0.0009375000000000002,0.34375,0.296875,0.0
Workflow reversal,Window 8,Repeated discovery,24,0.48456054687499983,0.0,0.0009375000000000002,0.34375,0.296875,0.0
Workflow reversal,Window 8,Repeated discovery,25,0.46988418579101543,0.0,0.2268750000000001,0.375,0.2421875,0.0546875
Workflow reversal,Window 8,Repeated discovery,26,0.5614355468749999,0.0,0.16406250000000003,0.375,0.2421875,0.3203125
Workflow reversal,Window 8,Repeated discovery,27,0.565185546875,0.0,0.16031250000000002,0.375,0.2421875,0.3359375
Workflow reversal,Window 8,Repeated discovery,28,0.5933105468749998,0.0,0.1321875,0.375,0.2421875,0.453125
Workflow reversal,Window 8,Repeated discovery,29,0.6364355468749999,0.0,0.0890625,0.375,0.2421875,0.6328125
Workflow reversal,Window 8,Repeated discovery,30,0.6786230468749999,0.0,0.046875,0.375,0.2421875,0.8046875
Workflow reversal,Window 8,Repeated discovery,31,0.6954980468749999,0.0,0.03,0.375,0.2421875,0.875
Workflow reversal,Window 8,Repeated discovery,32,0.716123046875,0.0,0.009375,0.375,0.2421875,0.9609375
Workflow reversal,Window 8,Repeated discovery,33,0.6967744445800783,0.0,0.0,0.3203125,0.2578125,1.0
Workflow reversal,Window 8,Repeated discovery,34,0.725498046875,0.0,0.0,0.3203125,0.2578125,1.0
Workflow reversal,Window 8,Repeated discovery,35,0.725498046875,0.0,0.0,0.3203125,0.2578125,1.0
Workflow reversal,Window 8,Repeated discovery,36,0.725498046875,0.0,0.0,0.3203125,0.2578125,1.0
Workflow reversal,Window 8,Repeated discovery,37,0.725498046875,0.0,0.0,0.3203125,0.2578125,1.0
Workflow reversal,Window 8,Repeated discovery,38,0.725498046875,0.0,0.0,0.3203125,0.2578125,1.0
Workflow reversal,Window 8,Repeated discovery,39,0.725498046875,0.0,0.0,0.3203125,0.2578125,1.0
Workflow reversal,Window 8,Repeated discovery,40,0.725498046875,0.0,0.0,0.3203125,0.2578125,1.0
Workflow reversal,Window 8,Repeated discovery,41,0.6967591857910158,0.0,0.0,0.25,0.359375,1.0
Workflow reversal,Window 8,Repeated discovery,42,0.725498046875,0.0,0.0,0.25,0.359375,1.0
Workflow reversal,Window 8,Repeated discovery,43,0.725498046875,0.0,0.0,0.25,0.359375,1.0
Workflow reversal,Window 8,Repeated discovery,44,0.725498046875,0.0,0.0,0.25,0.359375,1.0
Workflow reversal,Window 8,Repeated discovery,45,0.725498046875,0.0,0.0,0.25,0.359375,1.0
Workflow reversal,Window 8,Repeated discovery,46,0.725498046875,0.0,0.0,0.25,0.359375,1.0
Workflow reversal,Window 8,Repeated discovery,47,0.725498046875,0.0,0.0,0.25,0.359375,1.0
Workflow reversal,Window 8,Repeated discovery,48,0.725498046875,0.0,0.0,0.25,0.359375,1.0
Workflow reversal,Window 8,Trial-matched Balanced,1,0.4436058044433594,0.0,0.013125000000000003,1.0,0.0,0.0
Workflow reversal,Window 8,Trial-matched Balanced,2,0.4751855468749998,0.0,0.010312500000000002,1.0,0.0,0.0
Workflow reversal,Window 8,Trial-matched Balanced,3,0.4751855468749998,0.0,0.010312500000000002,1.0,0.0,0.0
Workflow reversal,Window 8,Trial-matched Balanced,4,0.4798730468749999,0.0,0.0056250000000000015,1.0,0.0,0.0
Workflow reversal,Window 8,Trial-matched Balanced,5,0.48081054687499986,0.0,0.004687500000000001,1.0,0.0,0.0
Workflow reversal,Window 8,Trial-matched Balanced,6,0.48174804687499984,0.0,0.0037500000000000007,1.0,0.0,0.0
Workflow reversal,Window 8,Trial-matched Balanced,7,0.48081054687499986,0.0,0.004687500000000001,1.0,0.0,0.0
Workflow reversal,Window 8,Trial-matched Balanced,8,0.48174804687499984,0.0,0.0037500000000000007,1.0,0.0,0.0
Workflow reversal,Window 8,Trial-matched Balanced,9,0.4549414062499998,0.0,0.0018750000000000004,1.0,0.0,0.0
Workflow reversal,Window 8,Trial-matched Balanced,10,0.48456054687499983,0.0,0.0009375000000000002,1.0,0.0,0.0
Workflow reversal,Window 8,Trial-matched Balanced,11,0.48456054687499983,0.0,0.0009375000000000002,1.0,0.0,0.0
Workflow reversal,Window 8,Trial-matched Balanced,12,0.48456054687499983,0.0,0.0009375000000000002,1.0,0.0,0.0
Workflow reversal,Window 8,Trial-matched Balanced,13,0.48456054687499983,0.0,0.0009375000000000002,1.0,0.0,0.0
Workflow reversal,Window 8,Trial-matched Balanced,14,0.48456054687499983,0.0,0.0009375000000000002,1.0,0.0,0.0
Workflow reversal,Window 8,Trial-matched Balanced,15,0.48456054687499983,0.0,0.0009375000000000002,1.0,0.0,0.0
Workflow reversal,Window 8,Trial-matched Balanced,16,0.48362304687499985,0.0,0.0018750000000000004,1.0,0.0,0.0
Workflow reversal,Window 8,Trial-matched Balanced,17,0.4568164062499998,0.0,0.0,1.0,0.0,0.0
Workflow reversal,Window 8,Trial-matched Balanced,18,0.48456054687499983,0.0,0.0009375000000000002,1.0,0.0,0.0
Workflow reversal,Window 8,Trial-matched Balanced,19,0.48456054687499983,0.0,0.0009375000000000002,1.0,0.0,0.0
Workflow reversal,Window 8,Trial-matched Balanced,20,0.48456054687499983,0.0,0.0009375000000000002,1.0,0.0,0.0
Workflow reversal,Window 8,Trial-matched Balanced,21,0.48362304687499985,0.0,0.0018750000000000004,1.0,0.0,0.0
Workflow reversal,Window 8,Trial-matched Balanced,22,0.48456054687499983,0.0,0.0009375000000000002,1.0,0.0,0.0
Workflow reversal,Window 8,Trial-matched Balanced,23,0.48549804687499987,0.0,0.0,1.0,0.0,0.0
Workflow reversal,Window 8,Trial-matched Balanced,24,0.48549804687499987,0.0,0.0,1.0,0.0,0.0
Workflow reversal,Window 8,Trial-matched Balanced,25,0.45681682586669903,0.0,0.2400000000000001,1.0,0.0,0.0
Workflow reversal,Window 8,Trial-matched Balanced,26,0.48549804687499987,0.0,0.2400000000000001,1.0,0.0,0.0
Workflow reversal,Window 8,Trial-matched Balanced,27,0.49112304687499986,0.0,0.2343750000000001,1.0,0.0,0.0234375
Workflow reversal,Window 8,Trial-matched Balanced,28,0.5417480468749999,0.0,0.18375000000000005,1.0,0.0,0.234375
Workflow reversal,Window 8,Trial-matched Balanced,29,0.6448730468749999,0.0,0.080625,1.0,0.0,0.6640625
Workflow reversal,Window 8,Trial-matched Balanced,30,0.725498046875,0.0,0.0,1.0,0.0,1.0
Workflow reversal,Window 8,Trial-matched Balanced,31,0.725498046875,0.0,0.0,1.0,0.0,1.0
Workflow reversal,Window 8,Trial-matched Balanced,32,0.725498046875,0.0,0.0,1.0,0.0,1.0
Workflow reversal,Window 8,Trial-matched Balanced,33,0.6968164062500002,0.0,0.0,1.0,0.0,1.0
Workflow reversal,Window 8,Trial-matched Balanced,34,0.725498046875,0.0,0.0,1.0,0.0,1.0
Workflow reversal,Window 8,Trial-matched Balanced,35,0.725498046875,0.0,0.0,1.0,0.0,1.0
Workflow reversal,Window 8,Trial-matched Balanced,36,0.725498046875,0.0,0.0,1.0,0.0,1.0
Workflow reversal,Window 8,Trial-matched Balanced,37,0.725498046875,0.0,0.0,1.0,0.0,1.0
Workflow reversal,Window 8,Trial-matched Balanced,38,0.725498046875,0.0,0.0,1.0,0.0,1.0
Workflow reversal,Window 8,Trial-matched Balanced,39,0.725498046875,0.0,0.0,1.0,0.0,1.0
Workflow reversal,Window 8,Trial-matched Balanced,40,0.725498046875,0.0,0.0,1.0,0.0,1.0
Workflow reversal,Window 8,Trial-matched Balanced,41,0.6968168258666994,0.0,0.0,1.0,0.0,1.0
Workflow reversal,Window 8,Trial-matched Balanced,42,0.725498046875,0.0,0.0,1.0,0.0,1.0
Workflow reversal,Window 8,Trial-matched Balanced,43,0.725498046875,0.0,0.0,1.0,0.0,1.0
Workflow reversal,Window 8,Trial-matched Balanced,44,0.725498046875,0.0,0.0,1.0,0.0,1.0
Workflow reversal,Window 8,Trial-matched Balanced,45,0.725498046875,0.0,0.0,1.0,0.0,1.0
Workflow reversal,Window 8,Trial-matched Balanced,46,0.725498046875,0.0,0.0,1.0,0.0,1.0
Workflow reversal,Window 8,Trial-matched Balanced,47,0.725498046875,0.0,0.0,1.0,0.0,1.0
Workflow reversal,Window 8,Trial-matched Balanced,48,0.725498046875,0.0,0.0,1.0,0.0,1.0
Workflow reversal 20,Reset,Balanced,1,0.4488183593749998,0.0,0.03281250000000001,1.0,0.0,0.0
Workflow reversal 20,Reset,Balanced,2,0.4567871093749998,0.015625,0.024843750000000005,1.0,0.0,0.015625
Workflow reversal 20,Reset,Balanced,3,0.4455371093749998,0.015625,0.03609375000000001,1.0,0.0,0.015625
Workflow reversal 20,Reset,Balanced,4,0.46405273437499983,0.0078125,0.017578125000000003,1.0,0.0,0.0078125
Workflow reversal 20,Reset,Balanced,5,0.4396777343749998,0.0390625,0.04195312500000001,1.0,0.0,0.0390625
Workflow reversal 20,Reset,Balanced,6,0.45256835937499984,0.0,0.029062500000000005,1.0,0.0,0.0
Workflow reversal 20,Reset,Balanced,7,0.45069335937499977,0.0,0.030937500000000003,1.0,0.0,0.0
Workflow reversal 20,Reset,Balanced,8,0.4455371093749998,0.015625,0.03609375,1.0,0.0,0.015625
Workflow reversal 20,Reset,Balanced,9,0.4572558593749998,0.0,0.024375000000000004,1.0,0.0,0.0
Workflow reversal 20,Reset,Balanced,10,0.4361621093749998,0.015625,0.04546875,1.0,0.0,0.015625
Workflow reversal 20,Reset,Balanced,11,0.4441308593749998,0.0,0.037500000000000006,1.0,0.0,0.0
Workflow reversal 20,Reset,Balanced,12,0.4434277343749998,0.0078125,0.038203125000000004,1.0,0.0,0.0078125
Workflow reversal 20,Reset,Balanced,13,0.4509277343749998,0.0078125,0.030703125000000005,1.0,0.0,0.0078125
Workflow reversal 20,Reset,Balanced,14,0.45819335937499983,0.0,0.023437500000000007,1.0,0.0,0.0
Workflow reversal 20,Reset,Balanced,15,0.4518652343749998,0.0078125,0.029765625000000004,1.0,0.0,0.0078125
Workflow reversal 20,Reset,Balanced,16,0.4563183593749998,0.0,0.0253125,1.0,0.0,0.0
Workflow reversal 20,Reset,Balanced,17,0.45256835937499984,0.0,0.029062500000000005,1.0,0.0,0.0
Workflow reversal 20,Reset,Balanced,18,0.4455371093749998,0.015625,0.03609375,1.0,0.0,0.015625
Workflow reversal 20,Reset,Balanced,19,0.4591308593749998,0.0,0.022500000000000006,1.0,0.0,0.0
Workflow reversal 20,Reset,Balanced,20,0.4506933593749998,0.0,0.030937500000000007,1.0,0.0,0.0
Workflow reversal 20,Reset,Balanced,21,0.7178808593750001,0.0,0.00375,1.0,0.0,0.984375
Workflow reversal 20,Reset,Balanced,22,0.7131933593750002,0.0,0.0084375,1.0,0.0,0.96875
Workflow reversal 20,Reset,Balanced,23,0.7178808593750001,0.0,0.00375,1.0,0.0,0.984375
Workflow reversal 20,Reset,Balanced,24,0.7141308593750001,0.0,0.0075,1.0,0.0,0.96875
Workflow reversal 20,Reset,Balanced,25,0.7103808593750001,0.0,0.011250000000000001,1.0,0.0,0.9609375
Workflow reversal 20,Reset,Balanced,26,0.7160058593750002,0.0,0.005625,1.0,0.0,0.9765625
Workflow reversal 20,Reset,Balanced,27,0.7160058593750002,0.0,0.005625,1.0,0.0,0.9765625
Workflow reversal 20,Reset,Balanced,28,0.7113183593750001,0.0,0.0103125,1.0,0.0,0.9609375
Workflow reversal 20,Reset,Balanced,29,0.709443359375,0.0,0.0121875,1.0,0.0,0.953125
Workflow reversal 20,Reset,Balanced,30,0.7122558593750001,0.0,0.009375,1.0,0.0,0.9609375
Workflow reversal 20,Reset,Balanced,31,0.7160058593750002,0.0,0.005625,1.0,0.0,0.9765625
Workflow reversal 20,Reset,Balanced,32,0.7131933593750002,0.0,0.0084375,1.0,0.0,0.96875
Workflow reversal 20,Reset,Balanced,33,0.7160058593750002,0.0,0.005625,1.0,0.0,0.9765625
Workflow reversal 20,Reset,Balanced,34,0.7178808593750001,0.0,0.00375,1.0,0.0,0.984375
Workflow reversal 20,Reset,Balanced,35,0.7160058593750002,0.0,0.005625,1.0,0.0,0.9765625
Workflow reversal 20,Reset,Balanced,36,0.7197558593750002,0.0,0.001875,1.0,0.0,0.9921875
Workflow reversal 20,Reset,Balanced,37,0.7178808593750001,0.0,0.00375,1.0,0.0,0.984375
Workflow reversal 20,Reset,Balanced,38,0.7169433593750001,0.0,0.004687500000000001,1.0,0.0,0.984375
Workflow reversal 20,Reset,Balanced,39,0.7150683593750001,0.0,0.006562500000000001,1.0,0.0,0.9765625
Workflow reversal 20,Reset,Balanced,40,0.7113183593750001,0.0,0.0103125,1.0,0.0,0.9609375
Workflow reversal 20,Reset,Balanced,41,0.7131933593750002,0.0,0.0084375,1.0,0.0,0.96875
Workflow reversal 20,Reset,Balanced,42,0.7075683593750002,0.0,0.0140625,1.0,0.0,0.9453125
Workflow reversal 20,Reset,Balanced,43,0.7150683593750001,0.0,0.006562500000000001,1.0,0.0,0.9765625
Workflow reversal 20,Reset,Balanced,44,0.7178808593750001,0.0,0.00375,1.0,0.0,0.984375
Workflow reversal 20,Reset,Balanced,45,0.7197558593750002,0.0,0.001875,1.0,0.0,0.9921875
Workflow reversal 20,Reset,Balanced,46,0.7141308593750002,0.0,0.0075,1.0,0.0,0.96875
Workflow reversal 20,Reset,Balanced,47,0.7160058593750002,0.0,0.005625,1.0,0.0,0.9765625
Workflow reversal 20,Reset,Balanced,48,0.7085058593750002,0.0,0.013125000000000001,1.0,0.0,0.953125
Workflow reversal 20,Reset,Discover once,1,0.4425815200805664,0.0,0.014062500000000002,0.3203125,0.390625,0.0
Workflow reversal 20,Reset,Discover once,2,0.43862304687499987,0.0625,0.046875000000000014,0.3203125,0.390625,0.0625
Workflow reversal 20,Reset,Discover once,3,0.42948242187499985,0.0703125,0.05601562500000001,0.3203125,0.390625,0.0703125
Workflow reversal 20,Reset,Discover once,4,0.44096679687499984,0.078125,0.04453125000000001,0.3203125,0.390625,0.078125
Workflow reversal 20,Reset,Discover once,5,0.4273730468749999,0.0625,0.05812500000000001,0.3203125,0.390625,0.0625
Workflow reversal 20,Reset,Discover once,6,0.43581054687499987,0.0625,0.04968750000000001,0.3203125,0.390625,0.0625
Workflow reversal 20,Reset,Discover once,7,0.42338867187499984,0.0546875,0.06210937500000001,0.3203125,0.390625,0.0546875
Workflow reversal 20,Reset,Discover once,8,0.42198242187499985,0.0703125,0.06351562500000002,0.3203125,0.390625,0.0703125
Workflow reversal 20,Reset,Discover once,9,0.4280345153808593,0.0859375,0.05367187500000001,0.3203125,0.390625,0.0859375
Workflow reversal 20,Reset,Discover once,10,0.4163161849975585,0.0703125,0.06539062500000001,0.3203125,0.390625,0.0703125
Workflow reversal 20,Reset,Discover once,11,0.42193908691406246,0.0703125,0.05976562500000002,0.3203125,0.390625,0.0703125
Workflow reversal 20,Reset,Discover once,12,0.4348292922973632,0.03125,0.04687500000000001,0.3203125,0.390625,0.03125
Workflow reversal 20,Reset,Discover once,13,0.44139305114746086,0.03125,0.0403125,0.3203125,0.390625,0.03125
Workflow reversal 20,Reset,Discover once,14,0.44444160461425775,0.0390625,0.037265625000000004,0.3203125,0.390625,0.0390625
Workflow reversal 20,Reset,Discover once,15,0.42334197998046863,0.0859375,0.05835937500000002,0.3203125,0.390625,0.0859375
Workflow reversal 20,Reset,Discover once,16,0.43130863189697255,0.0703125,0.05039062500000001,0.3203125,0.390625,0.0703125
Workflow reversal 20,Reset,Discover once,17,0.44233097076416006,0.03125,0.03937500000000001,0.3203125,0.390625,0.03125
Workflow reversal 20,Reset,Discover once,18,0.4360041046142577,0.0390625,0.04570312500000001,0.3203125,0.390625,0.0390625
Workflow reversal 20,Reset,Discover once,19,0.4409213638305663,0.046875,0.040781250000000005,0.3203125,0.390625,0.046875
Workflow reversal 20,Reset,Discover once,20,0.4292051315307617,0.0625,0.052500000000000005,0.3203125,0.390625,0.0625
Workflow reversal 20,Reset,Discover once,21,0.6982634353637696,0.0,0.0234375,0.3203125,0.390625,0.9140625
Workflow reversal 20,Reset,Discover once,22,0.698262596130371,0.0,0.0234375,0.3203125,0.390625,0.9140625
Workflow reversal 20,Reset,Discover once,23,0.6982609176635741,0.0,0.023437500000000003,0.3203125,0.390625,0.9140625
Workflow reversal 20,Reset,Discover once,24,0.7020079803466797,0.0,0.0196875,0.3203125,0.390625,0.9296875
Workflow reversal 20,Reset,Discover once,25,0.6935759353637695,0.0,0.028125000000000004,0.3203125,0.390625,0.90625
Workflow reversal 20,Reset,Discover once,26,0.698260498046875,0.0,0.0234375,0.3203125,0.390625,0.9140625
Workflow reversal 20,Reset,Discover once,27,0.7104505157470702,0.0,0.01125,0.3203125,0.390625,0.953125
Workflow reversal 20,Reset,Discover once,28,0.695453872680664,0.0,0.026250000000000002,0.3203125,0.390625,0.90625
Workflow reversal 20,Reset,Discover once,29,0.6945134353637694,0.0,0.027187500000000003,0.3203125,0.390625,0.8984375
Workflow reversal 20,Reset,Discover once,30,0.7010784530639647,0.0,0.020625000000000004,0.3203125,0.390625,0.921875
Workflow reversal 20,Reset,Discover once,31,0.6982621765136718,0.0,0.0234375,0.3203125,0.390625,0.921875
Workflow reversal 20,Reset,Discover once,32,0.6898267745971679,0.0,0.031875,0.3203125,0.390625,0.875
Workflow reversal 20,Reset,Discover once,33,0.6991996765136719,0.0,0.022500000000000006,0.3203125,0.390625,0.921875
Workflow reversal 20,Reset,Discover once,34,0.7048234176635741,0.0,0.016875,0.3203125,0.390625,0.9375
Workflow reversal 20,Reset,Discover once,35,0.7048246765136719,0.0,0.016875,0.3203125,0.390625,0.9375
Workflow reversal 20,Reset,Discover once,36,0.7142026138305664,0.0,0.0075,0.3203125,0.390625,0.96875
Workflow reversal 20,Reset,Discover once,37,0.7020146942138671,0.0,0.0196875,0.3203125,0.390625,0.921875
Workflow reversal 20,Reset,Discover once,38,0.7188888549804687,0.0,0.0028125000000000003,0.3203125,0.390625,0.9921875
Workflow reversal 20,Reset,Discover once,39,0.7029467391967773,0.0,0.018750000000000003,0.3203125,0.390625,0.9375
Workflow reversal 20,Reset,Discover once,40,0.7010759353637694,0.0,0.020625000000000004,0.3203125,0.390625,0.9296875
Workflow reversal 20,Reset,Discover once,41,0.695447998046875,0.0,0.026250000000000002,0.3203125,0.390625,0.90625
Workflow reversal 20,Reset,Discover once,42,0.6991992568969726,0.0,0.0225,0.3203125,0.390625,0.9140625
Workflow reversal 20,Reset,Discover once,43,0.7066975784301757,0.0,0.015000000000000001,0.3203125,0.390625,0.9453125
Workflow reversal 20,Reset,Discover once,44,0.6926367568969726,0.0,0.0290625,0.3203125,0.390625,0.8984375
Workflow reversal 20,Reset,Discover once,45,0.7029517745971678,0.0,0.01875,0.3203125,0.390625,0.9375
Workflow reversal 20,Reset,Discover once,46,0.6982642745971679,0.0,0.0234375,0.3203125,0.390625,0.90625
Workflow reversal 20,Reset,Discover once,47,0.7020146942138672,0.0,0.019687500000000004,0.3203125,0.390625,0.9296875
Workflow reversal 20,Reset,Discover once,48,0.6907680511474608,0.0,0.030937500000000007,0.3203125,0.390625,0.890625
Workflow reversal 20,Reset,Repeated discovery,1,0.4425815200805664,0.0,0.014062500000000002,0.3203125,0.390625,0.0
Workflow reversal 20,Reset,Repeated discovery,2,0.43862304687499987,0.0625,0.046875000000000014,0.3203125,0.390625,0.0625
Workflow reversal 20,Reset,Repeated discovery,3,0.42948242187499985,0.0703125,0.05601562500000001,0.3203125,0.390625,0.0703125
Workflow reversal 20,Reset,Repeated discovery,4,0.44096679687499984,0.078125,0.04453125000000001,0.3203125,0.390625,0.078125
Workflow reversal 20,Reset,Repeated discovery,5,0.4273730468749999,0.0625,0.05812500000000001,0.3203125,0.390625,0.0625
Workflow reversal 20,Reset,Repeated discovery,6,0.43581054687499987,0.0625,0.04968750000000001,0.3203125,0.390625,0.0625
Workflow reversal 20,Reset,Repeated discovery,7,0.42338867187499984,0.0546875,0.06210937500000001,0.3203125,0.390625,0.0546875
Workflow reversal 20,Reset,Repeated discovery,8,0.42198242187499985,0.0703125,0.06351562500000002,0.3203125,0.390625,0.0703125
Workflow reversal 20,Reset,Repeated discovery,9,0.43977561950683597,0.0,0.016875,0.3125,0.4296875,0.0
Workflow reversal 20,Reset,Repeated discovery,10,0.4308886718749998,0.0546875,0.054609375,0.3125,0.4296875,0.0546875
Workflow reversal 20,Reset,Repeated discovery,11,0.43206054687499984,0.0625,0.05343750000000001,0.3125,0.4296875,0.0625
Workflow reversal 20,Reset,Repeated discovery,12,0.4344042968749998,0.046875,0.05109375000000001,0.3125,0.4296875,0.046875
Workflow reversal 20,Reset,Repeated discovery,13,0.4390917968749999,0.046875,0.04640625,0.3125,0.4296875,0.046875
Workflow reversal 20,Reset,Repeated discovery,14,0.4428417968749998,0.046875,0.04265625000000001,0.3125,0.4296875,0.046875
Workflow reversal 20,Reset,Repeated discovery,15,0.4332324218749999,0.0703125,0.05226562500000001,0.3125,0.4296875,0.0703125
Workflow reversal 20,Reset,Repeated discovery,16,0.43815429687499985,0.046875,0.047343750000000004,0.3125,0.4296875,0.046875
Workflow reversal 20,Reset,Repeated discovery,17,0.4444553756713867,0.0,0.012187500000000004,0.40625,0.34375,0.0
Workflow reversal 20,Reset,Repeated discovery,18,0.42315429687499984,0.078125,0.06234375000000002,0.40625,0.34375,0.078125
Workflow reversal 20,Reset,Repeated discovery,19,0.4339355468749998,0.0625,0.05156250000000001,0.40625,0.34375,0.0625
Workflow reversal 20,Reset,Repeated discovery,20,0.4404980468749998,0.03125,0.04500000000000001,0.40625,0.34375,0.03125
Workflow reversal 20,Reset,Repeated discovery,21,0.706748046875,0.0,0.018750000000000003,0.40625,0.34375,0.9375
Workflow reversal 20,Reset,Repeated discovery,22,0.704873046875,0.0,0.020625,0.40625,0.34375,0.921875
Workflow reversal 20,Reset,Repeated discovery,23,0.6917480468749999,0.0,0.03375,0.40625,0.34375,0.890625
Workflow reversal 20,Reset,Repeated discovery,24,0.7039355468749999,0.0,0.0215625,0.40625,0.34375,0.9140625
Workflow reversal 20,Reset,Repeated discovery,25,0.6966204452514649,0.0,0.0,0.2421875,0.3203125,1.0
Workflow reversal 20,Reset,Repeated discovery,26,0.699248046875,0.0,0.026250000000000002,0.2421875,0.3203125,0.90625
Workflow reversal 20,Reset,Repeated discovery,27,0.694560546875,0.0,0.0309375,0.2421875,0.3203125,0.875
Workflow reversal 20,Reset,Repeated discovery,28,0.6833105468749998,0.0,0.0421875,0.2421875,0.3203125,0.8515625
Workflow reversal 20,Reset,Repeated discovery,29,0.6748730468749999,0.0,0.050625,0.2421875,0.3203125,0.828125
Workflow reversal 20,Reset,Repeated discovery,30,0.693623046875,0.0,0.031875,0.2421875,0.3203125,0.8828125
Workflow reversal 20,Reset,Repeated discovery,31,0.692685546875,0.0,0.03281250000000001,0.2421875,0.3203125,0.8828125
Workflow reversal 20,Reset,Repeated discovery,32,0.6851855468749999,0.0,0.0403125,0.2421875,0.3203125,0.8515625
Workflow reversal 20,Reset,Repeated discovery,33,0.6947488784790039,0.0,0.001875,0.359375,0.265625,0.9921875
Workflow reversal 20,Reset,Repeated discovery,34,0.706748046875,0.0,0.018750000000000003,0.359375,0.265625,0.9296875
Workflow reversal 20,Reset,Repeated discovery,35,0.6983105468749999,0.0,0.027187500000000003,0.359375,0.265625,0.8984375
Workflow reversal 20,Reset,Repeated discovery,36,0.6889355468749999,0.0,0.036562500000000005,0.359375,0.265625,0.8671875
Workflow reversal 20,Reset,Repeated discovery,37,0.699248046875,0.0,0.026250000000000002,0.359375,0.265625,0.90625
Workflow reversal 20,Reset,Repeated discovery,38,0.7001855468749999,0.0,0.0253125,0.359375,0.265625,0.90625
Workflow reversal 20,Reset,Repeated discovery,39,0.692685546875,0.0,0.0328125,0.359375,0.265625,0.8828125
Workflow reversal 20,Reset,Repeated discovery,40,0.693623046875,0.0,0.031875,0.359375,0.265625,0.8828125
Workflow reversal 20,Reset,Repeated discovery,41,0.6928747940063478,0.0,0.00375,0.234375,0.3671875,0.984375
Workflow reversal 20,Reset,Repeated discovery,42,0.6983105468749999,0.0,0.027187500000000003,0.234375,0.3671875,0.890625
Workflow reversal 20,Reset,Repeated discovery,43,0.6954980468749999,0.0,0.030000000000000002,0.234375,0.3671875,0.8984375
Workflow reversal 20,Reset,Repeated discovery,44,0.701123046875,0.0,0.024375,0.234375,0.3671875,0.9140625
Workflow reversal 20,Reset,Repeated discovery,45,0.6954980468749998,0.0,0.030000000000000002,0.234375,0.3671875,0.8984375
Workflow reversal 20,Reset,Repeated discovery,46,0.682373046875,0.0,0.043125000000000004,0.234375,0.3671875,0.8359375
Workflow reversal 20,Reset,Repeated discovery,47,0.6945605468749999,0.0,0.030937500000000007,0.234375,0.3671875,0.890625
Workflow reversal 20,Reset,Repeated discovery,48,0.693623046875,0.0,0.03187500000000001,0.234375,0.3671875,0.8984375
Workflow reversal 20,Reset,Trial-matched Balanced,1,0.4436058044433594,0.0,0.013125000000000003,1.0,0.0,0.0
Workflow reversal 20,Reset,Trial-matched Balanced,2,0.4543261718749998,0.0234375,0.03117187500000001,1.0,0.0,0.0234375
Workflow reversal 20,Reset,Trial-matched Balanced,3,0.44823242187499984,0.0078125,0.03726562500000001,1.0,0.0,0.0078125
Workflow reversal 20,Reset,Trial-matched Balanced,4,0.4608886718749998,0.0234375,0.024609375000000003,1.0,0.0,0.0234375
Workflow reversal 20,Reset,Trial-matched Balanced,5,0.44659179687499984,0.015625,0.03890625,1.0,0.0,0.015625
Workflow reversal 20,Reset,Trial-matched Balanced,6,0.45081054687499983,0.0,0.0346875,1.0,0.0,0.0
Workflow reversal 20,Reset,Trial-matched Balanced,7,0.44823242187499984,0.0078125,0.03726562500000001,1.0,0.0,0.0078125
Workflow reversal 20,Reset,Trial-matched Balanced,8,0.4447167968749998,0.015625,0.040781250000000005,1.0,0.0,0.015625
Workflow reversal 20,Reset,Trial-matched Balanced,9,0.43891536712646484,0.0,0.017812500000000005,1.0,0.0,0.0
Workflow reversal 20,Reset,Trial-matched Balanced,10,0.44541992187499985,0.0078125,0.040078125000000006,1.0,0.0,0.0078125
Workflow reversal 20,Reset,Trial-matched Balanced,11,0.4419042968749999,0.015625,0.04359375000000001,1.0,0.0,0.015625
Workflow reversal 20,Reset,Trial-matched Balanced,12,0.44541992187499985,0.0078125,0.040078125000000006,1.0,0.0,0.0078125
Workflow reversal 20,Reset,Trial-matched Balanced,13,0.4536230468749998,0.0,0.031875,1.0,0.0,0.0
Workflow reversal 20,Reset,Trial-matched Balanced,14,0.45291992187499985,0.0078125,0.032578125000000006,1.0,0.0,0.0078125
Workflow reversal 20,Reset,Trial-matched Balanced,15,0.4512792968749998,0.015625,0.034218750000000006,1.0,0.0,0.015625
Workflow reversal 20,Reset,Trial-matched Balanced,16,0.44706054687499985,0.03125,0.0384375,1.0,0.0,0.03125
Workflow reversal 20,Reset,Trial-matched Balanced,17,0.44641620635986334,0.0,0.010312500000000002,1.0,0.0,0.0
Workflow reversal 20,Reset,Trial-matched Balanced,18,0.4402636718749998,0.0234375,0.04523437500000001,1.0,0.0,0.0234375
Workflow reversal 20,Reset,Trial-matched Balanced,19,0.45104492187499984,0.0078125,0.034453125,1.0,0.0,0.0078125
Workflow reversal 20,Reset,Trial-matched Balanced,20,0.4489355468749998,0.0,0.036562500000000005,1.0,0.0,0.0
Workflow reversal 20,Reset,Trial-matched Balanced,21,0.7208105468749999,0.0,0.004687500000000001,1.0,0.0,0.984375
Workflow reversal 20,Reset,Trial-matched Balanced,22,0.7151855468749999,0.0,0.0103125,1.0,0.0,0.9609375
Workflow reversal 20,Reset,Trial-matched Balanced,23,0.717060546875,0.0,0.0084375,1.0,0.0,0.96875
Workflow reversal 20,Reset,Trial-matched Balanced,24,0.716123046875,0.0,0.009375,1.0,0.0,0.9609375
Workflow reversal 20,Reset,Trial-matched Balanced,25,0.6967148590087892,0.0,0.0,1.0,0.0,1.0
Workflow reversal 20,Reset,Trial-matched Balanced,26,0.723623046875,0.0,0.001875,1.0,0.0,0.9921875
Workflow reversal 20,Reset,Trial-matched Balanced,27,0.717060546875,0.0,0.0084375,1.0,0.0,0.96875
Workflow reversal 20,Reset,Trial-matched Balanced,28,0.712373046875,0.0,0.013125000000000001,1.0,0.0,0.953125
Workflow reversal 20,Reset,Trial-matched Balanced,29,0.705810546875,0.0,0.019687500000000004,1.0,0.0,0.9296875
Workflow reversal 20,Reset,Trial-matched Balanced,30,0.7086230468749999,0.0,0.016875,1.0,0.0,0.9375
Workflow reversal 20,Reset,Trial-matched Balanced,31,0.7151855468749999,0.0,0.0103125,1.0,0.0,0.9609375
Workflow reversal 20,Reset,Trial-matched Balanced,32,0.7189355468749999,0.0,0.006562500000000001,1.0,0.0,0.9765625
Workflow reversal 20,Reset,Trial-matched Balanced,33,0.696710662841797,0.0,0.0,1.0,0.0,1.0
Workflow reversal 20,Reset,Trial-matched Balanced,34,0.711435546875,0.0,0.0140625,1.0,0.0,0.9453125
Workflow reversal 20,Reset,Trial-matched Balanced,35,0.711435546875,0.0,0.0140625,1.0,0.0,0.9453125
Workflow reversal 20,Reset,Trial-matched Balanced,36,0.719873046875,0.0,0.005625,1.0,0.0,0.9765625
Workflow reversal 20,Reset,Trial-matched Balanced,37,0.7189355468749999,0.0,0.006562500000000001,1.0,0.0,0.9765625
Workflow reversal 20,Reset,Trial-matched Balanced,38,0.717060546875,0.0,0.0084375,1.0,0.0,0.96875
Workflow reversal 20,Reset,Trial-matched Balanced,39,0.717060546875,0.0,0.0084375,1.0,0.0,0.96875
Workflow reversal 20,Reset,Trial-matched Balanced,40,0.714248046875,0.0,0.01125,1.0,0.0,0.953125
Workflow reversal 20,Reset,Trial-matched Balanced,41,0.6948394393920898,0.0,0.001875,1.0,0.0,0.9921875
Workflow reversal 20,Reset,Trial-matched Balanced,42,0.714248046875,0.0,0.01125,1.0,0.0,0.953125
Workflow reversal 20,Reset,Trial-matched Balanced,43,0.704873046875,0.0,0.020625000000000004,1.0,0.0,0.9296875
Workflow reversal 20,Reset,Trial-matched Balanced,44,0.713310546875,0.0,0.0121875,1.0,0.0,0.953125
Workflow reversal 20,Reset,Trial-matched Balanced,45,0.7095605468749999,0.0,0.0159375,1.0,0.0,0.9375
Workflow reversal 20,Reset,Trial-matched Balanced,46,0.710498046875,0.0,0.015000000000000001,1.0,0.0,0.9453125
Workflow reversal 20,Reset,Trial-matched Balanced,47,0.7133105468749998,0.0,0.012187500000000002,1.0,0.0,0.9609375
Workflow reversal 20,Reset,Trial-matched Balanced,48,0.714248046875,0.0,0.011250000000000001,1.0,0.0,0.9609375
Workflow reversal 20,Cumulative,Balanced,1,0.4488183593749998,0.0,0.03281250000000001,1.0,0.0,0.0
Workflow reversal 20,Cumulative,Balanced,2,0.4628808593749998,0.0,0.018750000000000003,1.0,0.0,0.0
Workflow reversal 20,Cumulative,Balanced,3,0.4694433593749998,0.0,0.012187500000000002,1.0,0.0,0.0
Workflow reversal 20,Cumulative,Balanced,4,0.4741308593749998,0.0,0.0075000000000000015,1.0,0.0,0.0
Workflow reversal 20,Cumulative,Balanced,5,0.4741308593749998,0.0,0.0075000000000000015,1.0,0.0,0.0
Workflow reversal 20,Cumulative,Balanced,6,0.4769433593749998,0.0,0.004687500000000001,1.0,0.0,0.0
Workflow reversal 20,Cumulative,Balanced,7,0.4769433593749998,0.0,0.004687500000000001,1.0,0.0,0.0
Workflow reversal 20,Cumulative,Balanced,8,0.47881835937499984,0.0,0.0028125000000000008,1.0,0.0,0.0
Workflow reversal 20,Cumulative,Balanced,9,0.47881835937499984,0.0,0.0028125000000000008,1.0,0.0,0.0
Workflow reversal 20,Cumulative,Balanced,10,0.4797558593749998,0.0,0.0018750000000000004,1.0,0.0,0.0
Workflow reversal 20,Cumulative,Balanced,11,0.4806933593749998,0.0,0.0009375000000000002,1.0,0.0,0.0
Workflow reversal 20,Cumulative,Balanced,12,0.4797558593749998,0.0,0.0018750000000000004,1.0,0.0,0.0
Workflow reversal 20,Cumulative,Balanced,13,0.4806933593749998,0.0,0.0009375000000000002,1.0,0.0,0.0
Workflow reversal 20,Cumulative,Balanced,14,0.48163085937499983,0.0,0.0,1.0,0.0,0.0
Workflow reversal 20,Cumulative,Balanced,15,0.48163085937499983,0.0,0.0,1.0,0.0,0.0
Workflow reversal 20,Cumulative,Balanced,16,0.48163085937499983,0.0,0.0,1.0,0.0,0.0
Workflow reversal 20,Cumulative,Balanced,17,0.48163085937499983,0.0,0.0,1.0,0.0,0.0
Workflow reversal 20,Cumulative,Balanced,18,0.48163085937499983,0.0,0.0,1.0,0.0,0.0
Workflow reversal 20,Cumulative,Balanced,19,0.48163085937499983,0.0,0.0,1.0,0.0,0.0
Workflow reversal 20,Cumulative,Balanced,20,0.48163085937499983,0.0,0.0,1.0,0.0,0.0
Workflow reversal 20,Cumulative,Balanced,21,0.48163085937499983,0.0,0.2400000000000001,1.0,0.0,0.0
Workflow reversal 20,Cumulative,Balanced,22,0.48163085937499983,0.0,0.2400000000000001,1.0,0.0,0.0
Workflow reversal 20,Cumulative,Balanced,23,0.48163085937499983,0.0,0.2400000000000001,1.0,0.0,0.0
Workflow reversal 20,Cumulative,Balanced,24,0.48163085937499983,0.0,0.2400000000000001,1.0,0.0,0.0
Workflow reversal 20,Cumulative,Balanced,25,0.48163085937499983,0.0,0.2400000000000001,1.0,0.0,0.0
Workflow reversal 20,Cumulative,Balanced,26,0.48163085937499983,0.0,0.2400000000000001,1.0,0.0,0.0
Workflow reversal 20,Cumulative,Balanced,27,0.48163085937499983,0.0,0.2400000000000001,1.0,0.0,0.0
Workflow reversal 20,Cumulative,Balanced,28,0.48163085937499983,0.0,0.2400000000000001,1.0,0.0,0.0
Workflow reversal 20,Cumulative,Balanced,29,0.48163085937499983,0.0,0.2400000000000001,1.0,0.0,0.0
Workflow reversal 20,Cumulative,Balanced,30,0.48163085937499983,0.0,0.2400000000000001,1.0,0.0,0.0
Workflow reversal 20,Cumulative,Balanced,31,0.48163085937499983,0.0,0.2400000000000001,1.0,0.0,0.0
Workflow reversal 20,Cumulative,Balanced,32,0.48163085937499983,0.0,0.2400000000000001,1.0,0.0,0.0
Workflow reversal 20,Cumulative,Balanced,33,0.48163085937499983,0.0,0.2400000000000001,1.0,0.0,0.0
Workflow reversal 20,Cumulative,Balanced,34,0.48163085937499983,0.0,0.2400000000000001,1.0,0.0,0.0
Workflow reversal 20,Cumulative,Balanced,35,0.48163085937499983,0.0,0.2400000000000001,1.0,0.0,0.0
Workflow reversal 20,Cumulative,Balanced,36,0.48163085937499983,0.0,0.2400000000000001,1.0,0.0,0.0
Workflow reversal 20,Cumulative,Balanced,37,0.4835058593749998,0.0,0.2381250000000001,1.0,0.0,0.0078125
Workflow reversal 20,Cumulative,Balanced,38,0.4835058593749998,0.0,0.2381250000000001,1.0,0.0,0.0078125
Workflow reversal 20,Cumulative,Balanced,39,0.4872558593749998,0.0,0.2343750000000001,1.0,0.0,0.0234375
Workflow reversal 20,Cumulative,Balanced,40,0.4872558593749998,0.0,0.2343750000000001,1.0,0.0,0.0234375
Workflow reversal 20,Cumulative,Balanced,41,0.4891308593749998,0.0,0.2325000000000001,1.0,0.0,0.03125
Workflow reversal 20,Cumulative,Balanced,42,0.5060058593749999,0.0,0.21562500000000007,1.0,0.0,0.1015625
Workflow reversal 20,Cumulative,Balanced,43,0.5247558593749999,0.0,0.19687500000000008,1.0,0.0,0.1796875
Workflow reversal 20,Cumulative,Balanced,44,0.5397558593749999,0.0,0.18187500000000006,1.0,0.0,0.2421875
Workflow reversal 20,Cumulative,Balanced,45,0.5528808593749999,0.0,0.16875000000000004,1.0,0.0,0.296875
Workflow reversal 20,Cumulative,Balanced,46,0.575380859375,0.0,0.14625000000000002,1.0,0.0,0.390625
Workflow reversal 20,Cumulative,Balanced,47,0.5941308593749999,0.0,0.1275,1.0,0.0,0.46875
Workflow reversal 20,Cumulative,Balanced,48,0.6128808593749999,0.0,0.10875000000000001,1.0,0.0,0.546875
Workflow reversal 20,Cumulative,Discover once,1,0.4425815200805664,0.0,0.014062500000000002,0.3203125,0.390625,0.0
Workflow reversal 20,Cumulative,Discover once,2,0.4751855468749998,0.0,0.010312500000000002,0.3203125,0.390625,0.0
Workflow reversal 20,Cumulative,Discover once,3,0.47424804687499983,0.0,0.011250000000000003,0.3203125,0.390625,0.0
Workflow reversal 20,Cumulative,Discover once,4,0.4770605468749999,0.0,0.0084375,0.3203125,0.390625,0.0
Workflow reversal 20,Cumulative,Discover once,5,0.47893554687499984,0.0,0.0065625000000000015,0.3203125,0.390625,0.0
Workflow reversal 20,Cumulative,Discover once,6,0.47893554687499984,0.0,0.006562500000000001,0.3203125,0.390625,0.0
Workflow reversal 20,Cumulative,Discover once,7,0.47893554687499984,0.0,0.006562500000000001,0.3203125,0.390625,0.0
Workflow reversal 20,Cumulative,Discover once,8,0.47893554687499984,0.0,0.006562500000000001,0.3203125,0.390625,0.0
Workflow reversal 20,Cumulative,Discover once,9,0.47705287933349594,0.0,0.004687500000000001,0.3203125,0.390625,0.0
Workflow reversal 20,Cumulative,Discover once,10,0.47611537933349596,0.0,0.005625000000000001,0.3203125,0.390625,0.0
Workflow reversal 20,Cumulative,Discover once,11,0.477990379333496,0.0,0.0037500000000000007,0.3203125,0.390625,0.0
Workflow reversal 20,Cumulative,Discover once,12,0.478927879333496,0.0,0.0028125000000000008,0.3203125,0.390625,0.0
Workflow reversal 20,Cumulative,Discover once,13,0.478927879333496,0.0,0.0028125000000000008,0.3203125,0.390625,0.0
Workflow reversal 20,Cumulative,Discover once,14,0.478927879333496,0.0,0.0028125000000000008,0.3203125,0.390625,0.0
Workflow reversal 20,Cumulative,Discover once,15,0.478927879333496,0.0,0.0028125000000000008,0.3203125,0.390625,0.0
Workflow reversal 20,Cumulative,Discover once,16,0.48080287933349597,0.0,0.0009375000000000002,0.3203125,0.390625,0.0
Workflow reversal 20,Cumulative,Discover once,17,0.48080287933349597,0.0,0.0009375000000000002,0.3203125,0.390625,0.0
Workflow reversal 20,Cumulative,Discover once,18,0.48080287933349597,0.0,0.0009375000000000002,0.3203125,0.390625,0.0
Workflow reversal 20,Cumulative,Discover once,19,0.481740379333496,0.0,0.0,0.3203125,0.390625,0.0
Workflow reversal 20,Cumulative,Discover once,20,0.48080287933349597,0.0,0.0009375000000000002,0.3203125,0.390625,0.0
Workflow reversal 20,Cumulative,Discover once,21,0.48080287933349597,0.0,0.24093750000000008,0.3203125,0.390625,0.0
Workflow reversal 20,Cumulative,Discover once,22,0.48080287933349597,0.0,0.24093750000000008,0.3203125,0.390625,0.0
Workflow reversal 20,Cumulative,Discover once,23,0.48080287933349597,0.0,0.24093750000000008,0.3203125,0.390625,0.0
Workflow reversal 20,Cumulative,Discover once,24,0.48080287933349597,0.0,0.24093750000000008,0.3203125,0.390625,0.0
Workflow reversal 20,Cumulative,Discover once,25,0.48080287933349597,0.0,0.24093750000000008,0.3203125,0.390625,0.0
Workflow reversal 20,Cumulative,Discover once,26,0.48080287933349597,0.0,0.24093750000000008,0.3203125,0.390625,0.0
Workflow reversal 20,Cumulative,Discover once,27,0.48080287933349597,0.0,0.24093750000000008,0.3203125,0.390625,0.0
Workflow reversal 20,Cumulative,Discover once,28,0.48080287933349597,0.0,0.24093750000000008,0.3203125,0.390625,0.0
Workflow reversal 20,Cumulative,Discover once,29,0.48080287933349597,0.0,0.24093750000000008,0.3203125,0.390625,0.0
Workflow reversal 20,Cumulative,Discover once,30,0.48080287933349597,0.0,0.24093750000000008,0.3203125,0.390625,0.0
Workflow reversal 20,Cumulative,Discover once,31,0.48080287933349597,0.0,0.24093750000000008,0.3203125,0.390625,0.0
Workflow reversal 20,Cumulative,Discover once,32,0.48080287933349597,0.0,0.24093750000000008,0.3203125,0.390625,0.0
Workflow reversal 20,Cumulative,Discover once,33,0.48080287933349597,0.0,0.24093750000000008,0.3203125,0.390625,0.0
Workflow reversal 20,Cumulative,Discover once,34,0.48267787933349604,0.0,0.2390625000000001,0.3203125,0.390625,0.0078125
Workflow reversal 20,Cumulative,Discover once,35,0.48267787933349604,0.0,0.2390625000000001,0.3203125,0.390625,0.0078125
Workflow reversal 20,Cumulative,Discover once,36,0.48267787933349604,0.0,0.2390625000000001,0.3203125,0.390625,0.0078125
Workflow reversal 20,Cumulative,Discover once,37,0.484552879333496,0.0,0.2371875000000001,0.3203125,0.390625,0.015625
Workflow reversal 20,Cumulative,Discover once,38,0.484552879333496,0.0,0.2371875000000001,0.3203125,0.390625,0.015625
Workflow reversal 20,Cumulative,Discover once,39,0.484552879333496,0.0,0.2371875000000001,0.3203125,0.390625,0.015625
Workflow reversal 20,Cumulative,Discover once,40,0.49111537933349597,0.0,0.23062500000000008,0.3203125,0.390625,0.0390625
Workflow reversal 20,Cumulative,Discover once,41,0.492990379333496,0.0,0.2287500000000001,0.3203125,0.390625,0.046875
Workflow reversal 20,Cumulative,Discover once,42,0.5079903793334961,0.0,0.21375000000000008,0.3203125,0.390625,0.109375
Workflow reversal 20,Cumulative,Discover once,43,0.5248653793334961,0.0,0.19687500000000008,0.3203125,0.390625,0.1796875
Workflow reversal 20,Cumulative,Discover once,44,0.534240379333496,0.0,0.18750000000000006,0.3203125,0.390625,0.21875
Workflow reversal 20,Cumulative,Discover once,45,0.545490379333496,0.0,0.17625000000000005,0.3203125,0.390625,0.265625
Workflow reversal 20,Cumulative,Discover once,46,0.569865379333496,0.0,0.15187500000000004,0.3203125,0.390625,0.3671875
Workflow reversal 20,Cumulative,Discover once,47,0.594240379333496,0.0,0.1275,0.3203125,0.390625,0.46875
Workflow reversal 20,Cumulative,Discover once,48,0.6017403793334961,0.0,0.12,0.3203125,0.390625,0.5
Workflow reversal 20,Cumulative,Repeated discovery,1,0.4425815200805664,0.0,0.014062500000000002,0.3203125,0.390625,0.0
Workflow reversal 20,Cumulative,Repeated discovery,2,0.4751855468749998,0.0,0.010312500000000002,0.3203125,0.390625,0.0
Workflow reversal 20,Cumulative,Repeated discovery,3,0.47424804687499983,0.0,0.011250000000000003,0.3203125,0.390625,0.0
Workflow reversal 20,Cumulative,Repeated discovery,4,0.4770605468749999,0.0,0.0084375,0.3203125,0.390625,0.0
Workflow reversal 20,Cumulative,Repeated discovery,5,0.47893554687499984,0.0,0.0065625000000000015,0.3203125,0.390625,0.0
Workflow reversal 20,Cumulative,Repeated discovery,6,0.47893554687499984,0.0,0.006562500000000001,0.3203125,0.390625,0.0
Workflow reversal 20,Cumulative,Repeated discovery,7,0.47893554687499984,0.0,0.006562500000000001,0.3203125,0.390625,0.0
Workflow reversal 20,Cumulative,Repeated discovery,8,0.47893554687499984,0.0,0.006562500000000001,0.3203125,0.390625,0.0
Workflow reversal 20,Cumulative,Repeated discovery,9,0.45583408355712873,0.0,0.0009375000000000002,0.328125,0.3671875,0.0
Workflow reversal 20,Cumulative,Repeated discovery,10,0.48362304687499985,0.0,0.0018750000000000004,0.328125,0.3671875,0.0
Workflow reversal 20,Cumulative,Repeated discovery,11,0.48456054687499983,0.0,0.0009375000000000002,0.328125,0.3671875,0.0
Workflow reversal 20,Cumulative,Repeated discovery,12,0.48456054687499983,0.0,0.0009375000000000002,0.328125,0.3671875,0.0
Workflow reversal 20,Cumulative,Repeated discovery,13,0.48549804687499987,0.0,0.0,0.328125,0.3671875,0.0
Workflow reversal 20,Cumulative,Repeated discovery,14,0.48549804687499987,0.0,0.0,0.328125,0.3671875,0.0
Workflow reversal 20,Cumulative,Repeated discovery,15,0.48549804687499987,0.0,0.0,0.328125,0.3671875,0.0
Workflow reversal 20,Cumulative,Repeated discovery,16,0.48549804687499987,0.0,0.0,0.328125,0.3671875,0.0
Workflow reversal 20,Cumulative,Repeated discovery,17,0.456783981323242,0.0,0.0,0.3984375,0.3203125,0.0
Workflow reversal 20,Cumulative,Repeated discovery,18,0.48549804687499987,0.0,0.0,0.3984375,0.3203125,0.0
Workflow reversal 20,Cumulative,Repeated discovery,19,0.48549804687499987,0.0,0.0,0.3984375,0.3203125,0.0
Workflow reversal 20,Cumulative,Repeated discovery,20,0.48549804687499987,0.0,0.0,0.3984375,0.3203125,0.0
Workflow reversal 20,Cumulative,Repeated discovery,21,0.48549804687499987,0.0,0.2400000000000001,0.3984375,0.3203125,0.0
Workflow reversal 20,Cumulative,Repeated discovery,22,0.48549804687499987,0.0,0.2400000000000001,0.3984375,0.3203125,0.0
Workflow reversal 20,Cumulative,Repeated discovery,23,0.48549804687499987,0.0,0.2400000000000001,0.3984375,0.3203125,0.0
Workflow reversal 20,Cumulative,Repeated discovery,24,0.48549804687499987,0.0,0.2400000000000001,0.3984375,0.3203125,0.0
Workflow reversal 20,Cumulative,Repeated discovery,25,0.45679351806640606,0.0,0.2400000000000001,0.4453125,0.2734375,0.0
Workflow reversal 20,Cumulative,Repeated discovery,26,0.48549804687499987,0.0,0.2400000000000001,0.4453125,0.2734375,0.0
Workflow reversal 20,Cumulative,Repeated discovery,27,0.48549804687499987,0.0,0.2400000000000001,0.4453125,0.2734375,0.0
Workflow reversal 20,Cumulative,Repeated discovery,28,0.4892480468749999,0.0,0.2362500000000001,0.4453125,0.2734375,0.015625
Workflow reversal 20,Cumulative,Repeated discovery,29,0.4929980468749999,0.0,0.2325000000000001,0.4453125,0.2734375,0.03125
Workflow reversal 20,Cumulative,Repeated discovery,30,0.4948730468749999,0.0,0.23062500000000008,0.4453125,0.2734375,0.0390625
Workflow reversal 20,Cumulative,Repeated discovery,31,0.49674804687499985,0.0,0.2287500000000001,0.4453125,0.2734375,0.046875
Workflow reversal 20,Cumulative,Repeated discovery,32,0.49862304687499986,0.0,0.2268750000000001,0.4453125,0.2734375,0.0546875
Workflow reversal 20,Cumulative,Repeated discovery,33,0.4736713790893553,0.0,0.22312500000000007,0.3828125,0.34375,0.0703125
Workflow reversal 20,Cumulative,Repeated discovery,34,0.5061230468749999,0.0,0.2193750000000001,0.3828125,0.34375,0.0859375
Workflow reversal 20,Cumulative,Repeated discovery,35,0.5098730468749999,0.0,0.21562500000000007,0.3828125,0.34375,0.1015625
Workflow reversal 20,Cumulative,Repeated discovery,36,0.517373046875,0.0,0.20812500000000006,0.3828125,0.34375,0.1328125
Workflow reversal 20,Cumulative,Repeated discovery,37,0.5248730468749998,0.0,0.20062500000000005,0.3828125,0.34375,0.1640625
Workflow reversal 20,Cumulative,Repeated discovery,38,0.528623046875,0.0,0.19687500000000008,0.3828125,0.34375,0.1796875
Workflow reversal 20,Cumulative,Repeated discovery,39,0.5342480468749999,0.0,0.19125000000000006,0.3828125,0.34375,0.203125
Workflow reversal 20,Cumulative,Repeated discovery,40,0.5361230468749999,0.0,0.18937500000000007,0.3828125,0.34375,0.2109375
Workflow reversal 20,Cumulative,Repeated discovery,41,0.5130530548095702,0.0,0.18375000000000005,0.3828125,0.328125,0.234375
Workflow reversal 20,Cumulative,Repeated discovery,42,0.5436230468749998,0.0,0.18187500000000006,0.3828125,0.328125,0.2421875
Workflow reversal 20,Cumulative,Repeated discovery,43,0.5511230468749999,0.0,0.17437500000000006,0.3828125,0.328125,0.2734375
Workflow reversal 20,Cumulative,Repeated discovery,44,0.552998046875,0.0,0.17250000000000004,0.3828125,0.328125,0.28125
Workflow reversal 20,Cumulative,Repeated discovery,45,0.5604980468749998,0.0,0.16500000000000004,0.3828125,0.328125,0.3125
Workflow reversal 20,Cumulative,Repeated discovery,46,0.5698730468749998,0.0,0.155625,0.3828125,0.328125,0.3515625
Workflow reversal 20,Cumulative,Repeated discovery,47,0.5792480468749999,0.0,0.14625000000000002,0.3828125,0.328125,0.390625
Workflow reversal 20,Cumulative,Repeated discovery,48,0.5867480468749999,0.0,0.13875,0.3828125,0.328125,0.421875
Workflow reversal 20,Cumulative,Trial-matched Balanced,1,0.4436058044433594,0.0,0.013125000000000003,1.0,0.0,0.0
Workflow reversal 20,Cumulative,Trial-matched Balanced,2,0.4751855468749998,0.0,0.010312500000000002,1.0,0.0,0.0
Workflow reversal 20,Cumulative,Trial-matched Balanced,3,0.4751855468749998,0.0,0.010312500000000002,1.0,0.0,0.0
Workflow reversal 20,Cumulative,Trial-matched Balanced,4,0.4798730468749999,0.0,0.0056250000000000015,1.0,0.0,0.0
Workflow reversal 20,Cumulative,Trial-matched Balanced,5,0.48081054687499986,0.0,0.004687500000000001,1.0,0.0,0.0
Workflow reversal 20,Cumulative,Trial-matched Balanced,6,0.48174804687499984,0.0,0.0037500000000000007,1.0,0.0,0.0
Workflow reversal 20,Cumulative,Trial-matched Balanced,7,0.48081054687499986,0.0,0.004687500000000001,1.0,0.0,0.0
Workflow reversal 20,Cumulative,Trial-matched Balanced,8,0.48174804687499984,0.0,0.0037500000000000007,1.0,0.0,0.0
Workflow reversal 20,Cumulative,Trial-matched Balanced,9,0.4549414062499998,0.0,0.0018750000000000004,1.0,0.0,0.0
Workflow reversal 20,Cumulative,Trial-matched Balanced,10,0.48268554687499987,0.0,0.0028125000000000008,1.0,0.0,0.0
Workflow reversal 20,Cumulative,Trial-matched Balanced,11,0.48362304687499985,0.0,0.0018750000000000004,1.0,0.0,0.0
Workflow reversal 20,Cumulative,Trial-matched Balanced,12,0.48362304687499985,0.0,0.0018750000000000004,1.0,0.0,0.0
Workflow reversal 20,Cumulative,Trial-matched Balanced,13,0.48456054687499983,0.0,0.0009375000000000002,1.0,0.0,0.0
Workflow reversal 20,Cumulative,Trial-matched Balanced,14,0.48456054687499983,0.0,0.0009375000000000002,1.0,0.0,0.0
Workflow reversal 20,Cumulative,Trial-matched Balanced,15,0.48456054687499983,0.0,0.0009375000000000002,1.0,0.0,0.0
Workflow reversal 20,Cumulative,Trial-matched Balanced,16,0.48549804687499987,0.0,0.0,1.0,0.0,0.0
Workflow reversal 20,Cumulative,Trial-matched Balanced,17,0.4568164062499998,0.0,0.0,1.0,0.0,0.0
Workflow reversal 20,Cumulative,Trial-matched Balanced,18,0.48549804687499987,0.0,0.0,1.0,0.0,0.0
Workflow reversal 20,Cumulative,Trial-matched Balanced,19,0.48549804687499987,0.0,0.0,1.0,0.0,0.0
Workflow reversal 20,Cumulative,Trial-matched Balanced,20,0.48549804687499987,0.0,0.0,1.0,0.0,0.0
Workflow reversal 20,Cumulative,Trial-matched Balanced,21,0.48549804687499987,0.0,0.2400000000000001,1.0,0.0,0.0
Workflow reversal 20,Cumulative,Trial-matched Balanced,22,0.48549804687499987,0.0,0.2400000000000001,1.0,0.0,0.0
Workflow reversal 20,Cumulative,Trial-matched Balanced,23,0.48549804687499987,0.0,0.2400000000000001,1.0,0.0,0.0
Workflow reversal 20,Cumulative,Trial-matched Balanced,24,0.48549804687499987,0.0,0.2400000000000001,1.0,0.0,0.0
Workflow reversal 20,Cumulative,Trial-matched Balanced,25,0.4568164062499998,0.0,0.2400000000000001,1.0,0.0,0.0
Workflow reversal 20,Cumulative,Trial-matched Balanced,26,0.48549804687499987,0.0,0.2400000000000001,1.0,0.0,0.0
Workflow reversal 20,Cumulative,Trial-matched Balanced,27,0.48549804687499987,0.0,0.2400000000000001,1.0,0.0,0.0
Workflow reversal 20,Cumulative,Trial-matched Balanced,28,0.48549804687499987,0.0,0.2400000000000001,1.0,0.0,0.0
Workflow reversal 20,Cumulative,Trial-matched Balanced,29,0.48549804687499987,0.0,0.2400000000000001,1.0,0.0,0.0
Workflow reversal 20,Cumulative,Trial-matched Balanced,30,0.48549804687499987,0.0,0.2400000000000001,1.0,0.0,0.0
Workflow reversal 20,Cumulative,Trial-matched Balanced,31,0.48549804687499987,0.0,0.2400000000000001,1.0,0.0,0.0
Workflow reversal 20,Cumulative,Trial-matched Balanced,32,0.48549804687499987,0.0,0.2400000000000001,1.0,0.0,0.0
Workflow reversal 20,Cumulative,Trial-matched Balanced,33,0.4568164062499998,0.0,0.2400000000000001,1.0,0.0,0.0
Workflow reversal 20,Cumulative,Trial-matched Balanced,34,0.48549804687499987,0.0,0.2400000000000001,1.0,0.0,0.0
Workflow reversal 20,Cumulative,Trial-matched Balanced,35,0.48549804687499987,0.0,0.2400000000000001,1.0,0.0,0.0
Workflow reversal 20,Cumulative,Trial-matched Balanced,36,0.48549804687499987,0.0,0.2400000000000001,1.0,0.0,0.0
Workflow reversal 20,Cumulative,Trial-matched Balanced,37,0.48549804687499987,0.0,0.2400000000000001,1.0,0.0,0.0
Workflow reversal 20,Cumulative,Trial-matched Balanced,38,0.4873730468749999,0.0,0.2381250000000001,1.0,0.0,0.0078125
Workflow reversal 20,Cumulative,Trial-matched Balanced,39,0.4873730468749999,0.0,0.2381250000000001,1.0,0.0,0.0078125
Workflow reversal 20,Cumulative,Trial-matched Balanced,40,0.4873730468749999,0.0,0.2381250000000001,1.0,0.0,0.0078125
Workflow reversal 20,Cumulative,Trial-matched Balanced,41,0.4605664062499998,0.0,0.2362500000000001,1.0,0.0,0.015625
Workflow reversal 20,Cumulative,Trial-matched Balanced,42,0.49674804687499985,0.0,0.2287500000000001,1.0,0.0,0.046875
Workflow reversal 20,Cumulative,Trial-matched Balanced,43,0.506123046875,0.0,0.2193750000000001,1.0,0.0,0.0859375
Workflow reversal 20,Cumulative,Trial-matched Balanced,44,0.5192480468749998,0.0,0.20625000000000007,1.0,0.0,0.140625
Workflow reversal 20,Cumulative,Trial-matched Balanced,45,0.5323730468749999,0.0,0.19312500000000005,1.0,0.0,0.1953125
Workflow reversal 20,Cumulative,Trial-matched Balanced,46,0.5548730468749998,0.0,0.17062500000000003,1.0,0.0,0.2890625
Workflow reversal 20,Cumulative,Trial-matched Balanced,47,0.5679980468749999,0.0,0.15750000000000003,1.0,0.0,0.34375
Workflow reversal 20,Cumulative,Trial-matched Balanced,48,0.5829980468749999,0.0,0.14250000000000002,1.0,0.0,0.40625
Workflow reversal 20,Window 8,Balanced,1,0.4488183593749998,0.0,0.03281250000000001,1.0,0.0,0.0
Workflow reversal 20,Window 8,Balanced,2,0.4628808593749998,0.0,0.018750000000000003,1.0,0.0,0.0
Workflow reversal 20,Window 8,Balanced,3,0.4694433593749998,0.0,0.012187500000000002,1.0,0.0,0.0
Workflow reversal 20,Window 8,Balanced,4,0.4741308593749998,0.0,0.0075000000000000015,1.0,0.0,0.0
Workflow reversal 20,Window 8,Balanced,5,0.4741308593749998,0.0,0.0075000000000000015,1.0,0.0,0.0
Workflow reversal 20,Window 8,Balanced,6,0.4769433593749998,0.0,0.004687500000000001,1.0,0.0,0.0
Workflow reversal 20,Window 8,Balanced,7,0.4769433593749998,0.0,0.004687500000000001,1.0,0.0,0.0
Workflow reversal 20,Window 8,Balanced,8,0.47881835937499984,0.0,0.0028125000000000008,1.0,0.0,0.0
Workflow reversal 20,Window 8,Balanced,9,0.47881835937499984,0.0,0.0028125000000000008,1.0,0.0,0.0
Workflow reversal 20,Window 8,Balanced,10,0.4806933593749998,0.0,0.0009375000000000002,1.0,0.0,0.0
Workflow reversal 20,Window 8,Balanced,11,0.48163085937499983,0.0,0.0,1.0,0.0,0.0
Workflow reversal 20,Window 8,Balanced,12,0.48163085937499983,0.0,0.0,1.0,0.0,0.0
Workflow reversal 20,Window 8,Balanced,13,0.4797558593749998,0.0,0.0018750000000000004,1.0,0.0,0.0
Workflow reversal 20,Window 8,Balanced,14,0.4806933593749998,0.0,0.0009375000000000002,1.0,0.0,0.0
Workflow reversal 20,Window 8,Balanced,15,0.48163085937499983,0.0,0.0,1.0,0.0,0.0
Workflow reversal 20,Window 8,Balanced,16,0.4806933593749998,0.0,0.0009375000000000002,1.0,0.0,0.0
Workflow reversal 20,Window 8,Balanced,17,0.4806933593749998,0.0,0.0009375000000000002,1.0,0.0,0.0
Workflow reversal 20,Window 8,Balanced,18,0.4806933593749998,0.0,0.0009375000000000002,1.0,0.0,0.0
Workflow reversal 20,Window 8,Balanced,19,0.47881835937499984,0.0,0.0028125000000000008,1.0,0.0,0.0
Workflow reversal 20,Window 8,Balanced,20,0.4797558593749998,0.0,0.0018750000000000004,1.0,0.0,0.0
Workflow reversal 20,Window 8,Balanced,21,0.4797558593749998,0.0,0.24187500000000012,1.0,0.0,0.0
Workflow reversal 20,Window 8,Balanced,22,0.47881835937499984,0.0,0.2428125000000001,1.0,0.0,0.0
Workflow reversal 20,Window 8,Balanced,23,0.4806933593749998,0.0,0.2409375000000001,1.0,0.0,0.0
Workflow reversal 20,Window 8,Balanced,24,0.49663085937499984,0.0,0.2250000000000001,1.0,0.0,0.0625
Workflow reversal 20,Window 8,Balanced,25,0.586630859375,0.0,0.135,1.0,0.0,0.4375
Workflow reversal 20,Window 8,Balanced,26,0.6953808593750002,0.0,0.026250000000000002,1.0,0.0,0.890625
Workflow reversal 20,Window 8,Balanced,27,0.7197558593750002,0.0,0.001875,1.0,0.0,0.9921875
Workflow reversal 20,Window 8,Balanced,28,0.7216308593750002,0.0,0.0,1.0,0.0,1.0
Workflow reversal 20,Window 8,Balanced,29,0.7216308593750002,0.0,0.0,1.0,0.0,1.0
Workflow reversal 20,Window 8,Balanced,30,0.7216308593750002,0.0,0.0,1.0,0.0,1.0
Workflow reversal 20,Window 8,Balanced,31,0.7216308593750002,0.0,0.0,1.0,0.0,1.0
Workflow reversal 20,Window 8,Balanced,32,0.7216308593750002,0.0,0.0,1.0,0.0,1.0
Workflow reversal 20,Window 8,Balanced,33,0.7216308593750002,0.0,0.0,1.0,0.0,1.0
Workflow reversal 20,Window 8,Balanced,34,0.7216308593750002,0.0,0.0,1.0,0.0,1.0
Workflow reversal 20,Window 8,Balanced,35,0.7216308593750002,0.0,0.0,1.0,0.0,1.0
Workflow reversal 20,Window 8,Balanced,36,0.7216308593750002,0.0,0.0,1.0,0.0,1.0
Workflow reversal 20,Window 8,Balanced,37,0.7216308593750002,0.0,0.0,1.0,0.0,1.0
Workflow reversal 20,Window 8,Balanced,38,0.7216308593750002,0.0,0.0,1.0,0.0,1.0
Workflow reversal 20,Window 8,Balanced,39,0.7216308593750002,0.0,0.0,1.0,0.0,1.0
Workflow reversal 20,Window 8,Balanced,40,0.7216308593750002,0.0,0.0,1.0,0.0,1.0
Workflow reversal 20,Window 8,Balanced,41,0.7216308593750002,0.0,0.0,1.0,0.0,1.0
Workflow reversal 20,Window 8,Balanced,42,0.7216308593750002,0.0,0.0,1.0,0.0,1.0
Workflow reversal 20,Window 8,Balanced,43,0.7216308593750002,0.0,0.0,1.0,0.0,1.0
Workflow reversal 20,Window 8,Balanced,44,0.7216308593750002,0.0,0.0,1.0,0.0,1.0
Workflow reversal 20,Window 8,Balanced,45,0.7216308593750002,0.0,0.0,1.0,0.0,1.0
Workflow reversal 20,Window 8,Balanced,46,0.7216308593750002,0.0,0.0,1.0,0.0,1.0
Workflow reversal 20,Window 8,Balanced,47,0.7216308593750002,0.0,0.0,1.0,0.0,1.0
Workflow reversal 20,Window 8,Balanced,48,0.7216308593750002,0.0,0.0,1.0,0.0,1.0
Workflow reversal 20,Window 8,Discover once,1,0.4425815200805664,0.0,0.014062500000000002,0.3203125,0.390625,0.0
Workflow reversal 20,Window 8,Discover once,2,0.4751855468749998,0.0,0.010312500000000002,0.3203125,0.390625,0.0
Workflow reversal 20,Window 8,Discover once,3,0.47424804687499983,0.0,0.011250000000000003,0.3203125,0.390625,0.0
Workflow reversal 20,Window 8,Discover once,4,0.4770605468749999,0.0,0.0084375,0.3203125,0.390625,0.0
Workflow reversal 20,Window 8,Discover once,5,0.47893554687499984,0.0,0.0065625000000000015,0.3203125,0.390625,0.0
Workflow reversal 20,Window 8,Discover once,6,0.47893554687499984,0.0,0.006562500000000001,0.3203125,0.390625,0.0
Workflow reversal 20,Window 8,Discover once,7,0.47893554687499984,0.0,0.006562500000000001,0.3203125,0.390625,0.0
Workflow reversal 20,Window 8,Discover once,8,0.47893554687499984,0.0,0.006562500000000001,0.3203125,0.390625,0.0
Workflow reversal 20,Window 8,Discover once,9,0.47705287933349594,0.0,0.004687500000000001,0.3203125,0.390625,0.0
Workflow reversal 20,Window 8,Discover once,10,0.474240379333496,0.0,0.0075000000000000015,0.3203125,0.390625,0.0
Workflow reversal 20,Window 8,Discover once,11,0.475177879333496,0.0,0.0065625000000000015,0.3203125,0.390625,0.0
Workflow reversal 20,Window 8,Discover once,12,0.47424037933349594,0.0,0.0075000000000000015,0.3203125,0.390625,0.0
Workflow reversal 20,Window 8,Discover once,13,0.47424037933349594,0.0,0.0075000000000000015,0.3203125,0.390625,0.0
Workflow reversal 20,Window 8,Discover once,14,0.472365379333496,0.0,0.009375000000000001,0.3203125,0.390625,0.0
Workflow reversal 20,Window 8,Discover once,15,0.469552879333496,0.0,0.012187500000000002,0.3203125,0.390625,0.0
Workflow reversal 20,Window 8,Discover once,16,0.472365379333496,0.0,0.009375000000000001,0.3203125,0.390625,0.0
Workflow reversal 20,Window 8,Discover once,17,0.47072433471679676,0.0078125,0.011015625000000003,0.3203125,0.390625,0.0078125
Workflow reversal 20,Window 8,Discover once,18,0.47259933471679677,0.0078125,0.009140625000000003,0.3203125,0.390625,0.0078125
Workflow reversal 20,Window 8,Discover once,19,0.474240379333496,0.0,0.0075000000000000015,0.3203125,0.390625,0.0
Workflow reversal 20,Window 8,Discover once,20,0.4770524597167968,0.0,0.004687500000000001,0.3203125,0.390625,0.0
Workflow reversal 20,Window 8,Discover once,21,0.476115379333496,0.0,0.2456250000000001,0.3203125,0.390625,0.0
Workflow reversal 20,Window 8,Discover once,22,0.47705287933349594,0.0,0.24468750000000009,0.3203125,0.390625,0.015625
Workflow reversal 20,Window 8,Discover once,23,0.481740379333496,0.0,0.2400000000000001,0.3203125,0.390625,0.03125
Workflow reversal 20,Window 8,Discover once,24,0.504240379333496,0.0,0.21750000000000008,0.3203125,0.390625,0.1171875
Workflow reversal 20,Window 8,Discover once,25,0.5773653793334961,0.0,0.14437500000000003,0.3203125,0.390625,0.4140625
Workflow reversal 20,Window 8,Discover once,26,0.663615379333496,0.0,0.058125,0.3203125,0.390625,0.7734375
Workflow reversal 20,Window 8,Discover once,27,0.7133028793334961,0.0,0.0084375,0.3203125,0.390625,0.96875
Workflow reversal 20,Window 8,Discover once,28,0.721740379333496,0.0,0.0,0.3203125,0.390625,1.0
Workflow reversal 20,Window 8,Discover once,29,0.721740379333496,0.0,0.0,0.3203125,0.390625,1.0
Workflow reversal 20,Window 8,Discover once,30,0.721740379333496,0.0,0.0,0.3203125,0.390625,1.0
Workflow reversal 20,Window 8,Discover once,31,0.721740379333496,0.0,0.0,0.3203125,0.390625,1.0
Workflow reversal 20,Window 8,Discover once,32,0.721740379333496,0.0,0.0,0.3203125,0.390625,1.0
Workflow reversal 20,Window 8,Discover once,33,0.719865379333496,0.0,0.001875,0.3203125,0.390625,0.9921875
Workflow reversal 20,Window 8,Discover once,34,0.721740379333496,0.0,0.0,0.3203125,0.390625,1.0
Workflow reversal 20,Window 8,Discover once,35,0.719865379333496,0.0,0.001875,0.3203125,0.390625,0.9921875
Workflow reversal 20,Window 8,Discover once,36,0.721740379333496,0.0,0.0,0.3203125,0.390625,1.0
Workflow reversal 20,Window 8,Discover once,37,0.7217399597167968,0.0,0.0,0.3203125,0.390625,1.0
Workflow reversal 20,Window 8,Discover once,38,0.721740379333496,0.0,0.0,0.3203125,0.390625,1.0
Workflow reversal 20,Window 8,Discover once,39,0.7217399597167968,0.0,0.0,0.3203125,0.390625,1.0
Workflow reversal 20,Window 8,Discover once,40,0.721740379333496,0.0,0.0,0.3203125,0.390625,1.0
Workflow reversal 20,Window 8,Discover once,41,0.721740379333496,0.0,0.0,0.3203125,0.390625,1.0
Workflow reversal 20,Window 8,Discover once,42,0.721740379333496,0.0,0.0,0.3203125,0.390625,1.0
Workflow reversal 20,Window 8,Discover once,43,0.7217399597167968,0.0,0.0,0.3203125,0.390625,1.0
Workflow reversal 20,Window 8,Discover once,44,0.7217399597167968,0.0,0.0,0.3203125,0.390625,1.0
Workflow reversal 20,Window 8,Discover once,45,0.7198649597167968,0.0,0.001875,0.3203125,0.390625,0.9921875
Workflow reversal 20,Window 8,Discover once,46,0.719865379333496,0.0,0.001875,0.3203125,0.390625,0.9921875
Workflow reversal 20,Window 8,Discover once,47,0.7217399597167968,0.0,0.0,0.3203125,0.390625,1.0
Workflow reversal 20,Window 8,Discover once,48,0.721740379333496,0.0,0.0,0.3203125,0.390625,1.0
Workflow reversal 20,Window 8,Repeated discovery,1,0.4425815200805664,0.0,0.014062500000000002,0.3203125,0.390625,0.0
Workflow reversal 20,Window 8,Repeated discovery,2,0.4751855468749998,0.0,0.010312500000000002,0.3203125,0.390625,0.0
Workflow reversal 20,Window 8,Repeated discovery,3,0.47424804687499983,0.0,0.011250000000000003,0.3203125,0.390625,0.0
Workflow reversal 20,Window 8,Repeated discovery,4,0.4770605468749999,0.0,0.0084375,0.3203125,0.390625,0.0
Workflow reversal 20,Window 8,Repeated discovery,5,0.47893554687499984,0.0,0.0065625000000000015,0.3203125,0.390625,0.0
Workflow reversal 20,Window 8,Repeated discovery,6,0.47893554687499984,0.0,0.006562500000000001,0.3203125,0.390625,0.0
Workflow reversal 20,Window 8,Repeated discovery,7,0.47893554687499984,0.0,0.006562500000000001,0.3203125,0.390625,0.0
Workflow reversal 20,Window 8,Repeated discovery,8,0.47893554687499984,0.0,0.006562500000000001,0.3203125,0.390625,0.0
Workflow reversal 20,Window 8,Repeated discovery,9,0.45583408355712873,0.0,0.0009375000000000002,0.328125,0.3671875,0.0
Workflow reversal 20,Window 8,Repeated discovery,10,0.48549804687499987,0.0,0.0,0.328125,0.3671875,0.0
Workflow reversal 20,Window 8,Repeated discovery,11,0.48549804687499987,0.0,0.0,0.328125,0.3671875,0.0
Workflow reversal 20,Window 8,Repeated discovery,12,0.48549804687499987,0.0,0.0,0.328125,0.3671875,0.0
Workflow reversal 20,Window 8,Repeated discovery,13,0.48456054687499983,0.0,0.0009375000000000002,0.328125,0.3671875,0.0
Workflow reversal 20,Window 8,Repeated discovery,14,0.48456054687499983,0.0,0.0009375000000000002,0.328125,0.3671875,0.0
Workflow reversal 20,Window 8,Repeated discovery,15,0.48268554687499987,0.0,0.0028125000000000008,0.328125,0.3671875,0.0
Workflow reversal 20,Window 8,Repeated discovery,16,0.48174804687499984,0.0,0.0037500000000000007,0.328125,0.3671875,0.0
Workflow reversal 20,Window 8,Repeated discovery,17,0.45582359313964826,0.0,0.0009375000000000002,0.34375,0.296875,0.0
Workflow reversal 20,Window 8,Repeated discovery,18,0.48174804687499984,0.0,0.0037500000000000007,0.34375,0.296875,0.0
Workflow reversal 20,Window 8,Repeated discovery,19,0.48362304687499985,0.0,0.0018750000000000004,0.34375,0.296875,0.0
Workflow reversal 20,Window 8,Repeated discovery,20,0.48268554687499987,0.0,0.0028125000000000008,0.34375,0.296875,0.0
Workflow reversal 20,Window 8,Repeated discovery,21,0.48081054687499986,0.0,0.24468750000000009,0.34375,0.296875,0.0
Workflow reversal 20,Window 8,Repeated discovery,22,0.48174804687499984,0.0,0.24375000000000008,0.34375,0.296875,0.0
Workflow reversal 20,Window 8,Repeated discovery,23,0.48456054687499983,0.0,0.24093750000000008,0.34375,0.296875,0.0
Workflow reversal 20,Window 8,Repeated discovery,24,0.48643554687499985,0.0,0.2390625000000001,0.34375,0.296875,0.0078125
Workflow reversal 20,Window 8,Repeated discovery,25,0.5467572784423828,0.0,0.15000000000000002,0.390625,0.25,0.375
Workflow reversal 20,Window 8,Repeated discovery,26,0.716123046875,0.0,0.009375,0.390625,0.25,0.9609375
Workflow reversal 20,Window 8,Repeated discovery,27,0.725498046875,0.0,0.0,0.390625,0.25,1.0
Workflow reversal 20,Window 8,Repeated discovery,28,0.725498046875,0.0,0.0,0.390625,0.25,1.0
Workflow reversal 20,Window 8,Repeated discovery,29,0.725498046875,0.0,0.0,0.390625,0.25,1.0
Workflow reversal 20,Window 8,Repeated discovery,30,0.725498046875,0.0,0.0,0.390625,0.25,1.0
Workflow reversal 20,Window 8,Repeated discovery,31,0.725498046875,0.0,0.0,0.390625,0.25,1.0
Workflow reversal 20,Window 8,Repeated discovery,32,0.725498046875,0.0,0.0,0.390625,0.25,1.0
Workflow reversal 20,Window 8,Repeated discovery,33,0.6967753982543947,0.0,0.0,0.34375,0.2578125,1.0
Workflow reversal 20,Window 8,Repeated discovery,34,0.725498046875,0.0,0.0,0.34375,0.2578125,1.0
Workflow reversal 20,Window 8,Repeated discovery,35,0.725498046875,0.0,0.0,0.34375,0.2578125,1.0
Workflow reversal 20,Window 8,Repeated discovery,36,0.725498046875,0.0,0.0,0.34375,0.2578125,1.0
Workflow reversal 20,Window 8,Repeated discovery,37,0.725498046875,0.0,0.0,0.34375,0.2578125,1.0
Workflow reversal 20,Window 8,Repeated discovery,38,0.725498046875,0.0,0.0,0.34375,0.2578125,1.0
Workflow reversal 20,Window 8,Repeated discovery,39,0.725498046875,0.0,0.0,0.34375,0.2578125,1.0
Workflow reversal 20,Window 8,Repeated discovery,40,0.725498046875,0.0,0.0,0.34375,0.2578125,1.0
Workflow reversal 20,Window 8,Repeated discovery,41,0.6967610931396486,0.0,0.0,0.25,0.359375,1.0
Workflow reversal 20,Window 8,Repeated discovery,42,0.725498046875,0.0,0.0,0.25,0.359375,1.0
Workflow reversal 20,Window 8,Repeated discovery,43,0.725498046875,0.0,0.0,0.25,0.359375,1.0
Workflow reversal 20,Window 8,Repeated discovery,44,0.725498046875,0.0,0.0,0.25,0.359375,1.0
Workflow reversal 20,Window 8,Repeated discovery,45,0.725498046875,0.0,0.0,0.25,0.359375,1.0
Workflow reversal 20,Window 8,Repeated discovery,46,0.725498046875,0.0,0.0,0.25,0.359375,1.0
Workflow reversal 20,Window 8,Repeated discovery,47,0.725498046875,0.0,0.0,0.25,0.359375,1.0
Workflow reversal 20,Window 8,Repeated discovery,48,0.725498046875,0.0,0.0,0.25,0.359375,1.0
Workflow reversal 20,Window 8,Trial-matched Balanced,1,0.4436058044433594,0.0,0.013125000000000003,1.0,0.0,0.0
Workflow reversal 20,Window 8,Trial-matched Balanced,2,0.4751855468749998,0.0,0.010312500000000002,1.0,0.0,0.0
Workflow reversal 20,Window 8,Trial-matched Balanced,3,0.4751855468749998,0.0,0.010312500000000002,1.0,0.0,0.0
Workflow reversal 20,Window 8,Trial-matched Balanced,4,0.4798730468749999,0.0,0.0056250000000000015,1.0,0.0,0.0
Workflow reversal 20,Window 8,Trial-matched Balanced,5,0.48081054687499986,0.0,0.004687500000000001,1.0,0.0,0.0
Workflow reversal 20,Window 8,Trial-matched Balanced,6,0.48174804687499984,0.0,0.0037500000000000007,1.0,0.0,0.0
Workflow reversal 20,Window 8,Trial-matched Balanced,7,0.48081054687499986,0.0,0.004687500000000001,1.0,0.0,0.0
Workflow reversal 20,Window 8,Trial-matched Balanced,8,0.48174804687499984,0.0,0.0037500000000000007,1.0,0.0,0.0
Workflow reversal 20,Window 8,Trial-matched Balanced,9,0.4549414062499998,0.0,0.0018750000000000004,1.0,0.0,0.0
Workflow reversal 20,Window 8,Trial-matched Balanced,10,0.48456054687499983,0.0,0.0009375000000000002,1.0,0.0,0.0
Workflow reversal 20,Window 8,Trial-matched Balanced,11,0.48456054687499983,0.0,0.0009375000000000002,1.0,0.0,0.0
Workflow reversal 20,Window 8,Trial-matched Balanced,12,0.48456054687499983,0.0,0.0009375000000000002,1.0,0.0,0.0
Workflow reversal 20,Window 8,Trial-matched Balanced,13,0.48456054687499983,0.0,0.0009375000000000002,1.0,0.0,0.0
Workflow reversal 20,Window 8,Trial-matched Balanced,14,0.48456054687499983,0.0,0.0009375000000000002,1.0,0.0,0.0
Workflow reversal 20,Window 8,Trial-matched Balanced,15,0.48456054687499983,0.0,0.0009375000000000002,1.0,0.0,0.0
Workflow reversal 20,Window 8,Trial-matched Balanced,16,0.48362304687499985,0.0,0.0018750000000000004,1.0,0.0,0.0
Workflow reversal 20,Window 8,Trial-matched Balanced,17,0.4568164062499998,0.0,0.0,1.0,0.0,0.0
Workflow reversal 20,Window 8,Trial-matched Balanced,18,0.48456054687499983,0.0,0.0009375000000000002,1.0,0.0,0.0
Workflow reversal 20,Window 8,Trial-matched Balanced,19,0.48456054687499983,0.0,0.0009375000000000002,1.0,0.0,0.0
Workflow reversal 20,Window 8,Trial-matched Balanced,20,0.48456054687499983,0.0,0.0009375000000000002,1.0,0.0,0.0
Workflow reversal 20,Window 8,Trial-matched Balanced,21,0.48362304687499985,0.0,0.2418750000000001,1.0,0.0,0.0
Workflow reversal 20,Window 8,Trial-matched Balanced,22,0.48456054687499983,0.0,0.24093750000000008,1.0,0.0,0.0
Workflow reversal 20,Window 8,Trial-matched Balanced,23,0.48549804687499987,0.0,0.2400000000000001,1.0,0.0,0.0
Workflow reversal 20,Window 8,Trial-matched Balanced,24,0.48549804687499987,0.0,0.2400000000000001,1.0,0.0,0.0
Workflow reversal 20,Window 8,Trial-matched Balanced,25,0.5468168258666991,0.0,0.15000000000000002,1.0,0.0,0.375
Workflow reversal 20,Window 8,Trial-matched Balanced,26,0.719873046875,0.0,0.005625,1.0,0.0,0.9765625
Workflow reversal 20,Window 8,Trial-matched Balanced,27,0.725498046875,0.0,0.0,1.0,0.0,1.0
Workflow reversal 20,Window 8,Trial-matched Balanced,28,0.725498046875,0.0,0.0,1.0,0.0,1.0
Workflow reversal 20,Window 8,Trial-matched Balanced,29,0.725498046875,0.0,0.0,1.0,0.0,1.0
Workflow reversal 20,Window 8,Trial-matched Balanced,30,0.725498046875,0.0,0.0,1.0,0.0,1.0
Workflow reversal 20,Window 8,Trial-matched Balanced,31,0.725498046875,0.0,0.0,1.0,0.0,1.0
Workflow reversal 20,Window 8,Trial-matched Balanced,32,0.725498046875,0.0,0.0,1.0,0.0,1.0
Workflow reversal 20,Window 8,Trial-matched Balanced,33,0.6968164062500002,0.0,0.0,1.0,0.0,1.0
Workflow reversal 20,Window 8,Trial-matched Balanced,34,0.725498046875,0.0,0.0,1.0,0.0,1.0
Workflow reversal 20,Window 8,Trial-matched Balanced,35,0.725498046875,0.0,0.0,1.0,0.0,1.0
Workflow reversal 20,Window 8,Trial-matched Balanced,36,0.725498046875,0.0,0.0,1.0,0.0,1.0
Workflow reversal 20,Window 8,Trial-matched Balanced,37,0.725498046875,0.0,0.0,1.0,0.0,1.0
Workflow reversal 20,Window 8,Trial-matched Balanced,38,0.725498046875,0.0,0.0,1.0,0.0,1.0
Workflow reversal 20,Window 8,Trial-matched Balanced,39,0.725498046875,0.0,0.0,1.0,0.0,1.0
Workflow reversal 20,Window 8,Trial-matched Balanced,40,0.725498046875,0.0,0.0,1.0,0.0,1.0
Workflow reversal 20,Window 8,Trial-matched Balanced,41,0.6968168258666994,0.0,0.0,1.0,0.0,1.0
Workflow reversal 20,Window 8,Trial-matched Balanced,42,0.725498046875,0.0,0.0,1.0,0.0,1.0
Workflow reversal 20,Window 8,Trial-matched Balanced,43,0.725498046875,0.0,0.0,1.0,0.0,1.0
Workflow reversal 20,Window 8,Trial-matched Balanced,44,0.725498046875,0.0,0.0,1.0,0.0,1.0
Workflow reversal 20,Window 8,Trial-matched Balanced,45,0.725498046875,0.0,0.0,1.0,0.0,1.0
Workflow reversal 20,Window 8,Trial-matched Balanced,46,0.725498046875,0.0,0.0,1.0,0.0,1.0
Workflow reversal 20,Window 8,Trial-matched Balanced,47,0.725498046875,0.0,0.0,1.0,0.0,1.0
Workflow reversal 20,Window 8,Trial-matched Balanced,48,0.725498046875,0.0,0.0,1.0,0.0,1.0
Workflow reversal 28,Reset,Balanced,1,0.4488183593749998,0.0,0.03281250000000001,1.0,0.0,0.0
Workflow reversal 28,Reset,Balanced,2,0.4567871093749998,0.015625,0.024843750000000005,1.0,0.0,0.015625
Workflow reversal 28,Reset,Balanced,3,0.4455371093749998,0.015625,0.03609375000000001,1.0,0.0,0.015625
Workflow reversal 28,Reset,Balanced,4,0.46405273437499983,0.0078125,0.017578125000000003,1.0,0.0,0.0078125
Workflow reversal 28,Reset,Balanced,5,0.4396777343749998,0.0390625,0.04195312500000001,1.0,0.0,0.0390625
Workflow reversal 28,Reset,Balanced,6,0.45256835937499984,0.0,0.029062500000000005,1.0,0.0,0.0
Workflow reversal 28,Reset,Balanced,7,0.45069335937499977,0.0,0.030937500000000003,1.0,0.0,0.0
Workflow reversal 28,Reset,Balanced,8,0.4455371093749998,0.015625,0.03609375,1.0,0.0,0.015625
Workflow reversal 28,Reset,Balanced,9,0.4572558593749998,0.0,0.024375000000000004,1.0,0.0,0.0
Workflow reversal 28,Reset,Balanced,10,0.4361621093749998,0.015625,0.04546875,1.0,0.0,0.015625
Workflow reversal 28,Reset,Balanced,11,0.4441308593749998,0.0,0.037500000000000006,1.0,0.0,0.0
Workflow reversal 28,Reset,Balanced,12,0.4434277343749998,0.0078125,0.038203125000000004,1.0,0.0,0.0078125
Workflow reversal 28,Reset,Balanced,13,0.4509277343749998,0.0078125,0.030703125000000005,1.0,0.0,0.0078125
Workflow reversal 28,Reset,Balanced,14,0.45819335937499983,0.0,0.023437500000000007,1.0,0.0,0.0
Workflow reversal 28,Reset,Balanced,15,0.4518652343749998,0.0078125,0.029765625000000004,1.0,0.0,0.0078125
Workflow reversal 28,Reset,Balanced,16,0.4563183593749998,0.0,0.0253125,1.0,0.0,0.0
Workflow reversal 28,Reset,Balanced,17,0.45256835937499984,0.0,0.029062500000000005,1.0,0.0,0.0
Workflow reversal 28,Reset,Balanced,18,0.4455371093749998,0.015625,0.03609375,1.0,0.0,0.015625
Workflow reversal 28,Reset,Balanced,19,0.4591308593749998,0.0,0.022500000000000006,1.0,0.0,0.0
Workflow reversal 28,Reset,Balanced,20,0.4506933593749998,0.0,0.030937500000000007,1.0,0.0,0.0
Workflow reversal 28,Reset,Balanced,21,0.44741210937499976,0.015625,0.034218750000000006,1.0,0.0,0.015625
Workflow reversal 28,Reset,Balanced,22,0.45538085937499984,0.0,0.026250000000000006,1.0,0.0,0.0
Workflow reversal 28,Reset,Balanced,23,0.46124023437499984,0.0078125,0.020390625000000002,1.0,0.0,0.0078125
Workflow reversal 28,Reset,Balanced,24,0.45092773437499983,0.0078125,0.030703125000000005,1.0,0.0,0.0078125
Workflow reversal 28,Reset,Balanced,25,0.4530371093749998,0.015625,0.028593750000000005,1.0,0.0,0.015625
Workflow reversal 28,Reset,Balanced,26,0.4563183593749998,0.0,0.0253125,1.0,0.0,0.0
Workflow reversal 28,Reset,Balanced,27,0.45561523437499984,0.0078125,0.026015625000000004,1.0,0.0,0.0078125
Workflow reversal 28,Reset,Balanced,28,0.4553808593749998,0.0,0.026250000000000002,1.0,0.0,0.0
Workflow reversal 28,Reset,Balanced,29,0.709443359375,0.0,0.0121875,1.0,0.0,0.953125
Workflow reversal 28,Reset,Balanced,30,0.7122558593750001,0.0,0.009375,1.0,0.0,0.9609375
Workflow reversal 28,Reset,Balanced,31,0.7160058593750002,0.0,0.005625,1.0,0.0,0.9765625
Workflow reversal 28,Reset,Balanced,32,0.7131933593750002,0.0,0.0084375,1.0,0.0,0.96875
Workflow reversal 28,Reset,Balanced,33,0.7160058593750002,0.0,0.005625,1.0,0.0,0.9765625
Workflow reversal 28,Reset,Balanced,34,0.7178808593750001,0.0,0.00375,1.0,0.0,0.984375
Workflow reversal 28,Reset,Balanced,35,0.7160058593750002,0.0,0.005625,1.0,0.0,0.9765625
Workflow reversal 28,Reset,Balanced,36,0.7197558593750002,0.0,0.001875,1.0,0.0,0.9921875
Workflow reversal 28,Reset,Balanced,37,0.7178808593750001,0.0,0.00375,1.0,0.0,0.984375
Workflow reversal 28,Reset,Balanced,38,0.7169433593750001,0.0,0.004687500000000001,1.0,0.0,0.984375
Workflow reversal 28,Reset,Balanced,39,0.7150683593750001,0.0,0.006562500000000001,1.0,0.0,0.9765625
Workflow reversal 28,Reset,Balanced,40,0.7113183593750001,0.0,0.0103125,1.0,0.0,0.9609375
Workflow reversal 28,Reset,Balanced,41,0.7131933593750002,0.0,0.0084375,1.0,0.0,0.96875
Workflow reversal 28,Reset,Balanced,42,0.7075683593750002,0.0,0.0140625,1.0,0.0,0.9453125
Workflow reversal 28,Reset,Balanced,43,0.7150683593750001,0.0,0.006562500000000001,1.0,0.0,0.9765625
Workflow reversal 28,Reset,Balanced,44,0.7178808593750001,0.0,0.00375,1.0,0.0,0.984375
Workflow reversal 28,Reset,Balanced,45,0.7197558593750002,0.0,0.001875,1.0,0.0,0.9921875
Workflow reversal 28,Reset,Balanced,46,0.7141308593750002,0.0,0.0075,1.0,0.0,0.96875
Workflow reversal 28,Reset,Balanced,47,0.7160058593750002,0.0,0.005625,1.0,0.0,0.9765625
Workflow reversal 28,Reset,Balanced,48,0.7085058593750002,0.0,0.013125000000000001,1.0,0.0,0.953125
Workflow reversal 28,Reset,Discover once,1,0.4425815200805664,0.0,0.014062500000000002,0.3203125,0.390625,0.0
Workflow reversal 28,Reset,Discover once,2,0.43862304687499987,0.0625,0.046875000000000014,0.3203125,0.390625,0.0625
Workflow reversal 28,Reset,Discover once,3,0.42948242187499985,0.0703125,0.05601562500000001,0.3203125,0.390625,0.0703125
Workflow reversal 28,Reset,Discover once,4,0.44096679687499984,0.078125,0.04453125000000001,0.3203125,0.390625,0.078125
Workflow reversal 28,Reset,Discover once,5,0.4273730468749999,0.0625,0.05812500000000001,0.3203125,0.390625,0.0625
Workflow reversal 28,Reset,Discover once,6,0.43581054687499987,0.0625,0.04968750000000001,0.3203125,0.390625,0.0625
Workflow reversal 28,Reset,Discover once,7,0.42338867187499984,0.0546875,0.06210937500000001,0.3203125,0.390625,0.0546875
Workflow reversal 28,Reset,Discover once,8,0.42198242187499985,0.0703125,0.06351562500000002,0.3203125,0.390625,0.0703125
Workflow reversal 28,Reset,Discover once,9,0.4280345153808593,0.0859375,0.05367187500000001,0.3203125,0.390625,0.0859375
Workflow reversal 28,Reset,Discover once,10,0.4163161849975585,0.0703125,0.06539062500000001,0.3203125,0.390625,0.0703125
Workflow reversal 28,Reset,Discover once,11,0.42193908691406246,0.0703125,0.05976562500000002,0.3203125,0.390625,0.0703125
Workflow reversal 28,Reset,Discover once,12,0.4348292922973632,0.03125,0.04687500000000001,0.3203125,0.390625,0.03125
Workflow reversal 28,Reset,Discover once,13,0.44139305114746086,0.03125,0.0403125,0.3203125,0.390625,0.03125
Workflow reversal 28,Reset,Discover once,14,0.44444160461425775,0.0390625,0.037265625000000004,0.3203125,0.390625,0.0390625
Workflow reversal 28,Reset,Discover once,15,0.42334197998046863,0.0859375,0.05835937500000002,0.3203125,0.390625,0.0859375
Workflow reversal 28,Reset,Discover once,16,0.43130863189697255,0.0703125,0.05039062500000001,0.3203125,0.390625,0.0703125
Workflow reversal 28,Reset,Discover once,17,0.44233097076416006,0.03125,0.03937500000000001,0.3203125,0.390625,0.03125
Workflow reversal 28,Reset,Discover once,18,0.4360041046142577,0.0390625,0.04570312500000001,0.3203125,0.390625,0.0390625
Workflow reversal 28,Reset,Discover once,19,0.4409213638305663,0.046875,0.040781250000000005,0.3203125,0.390625,0.046875
Workflow reversal 28,Reset,Discover once,20,0.4292051315307617,0.0625,0.052500000000000005,0.3203125,0.390625,0.0625
Workflow reversal 28,Reset,Discover once,21,0.4336595153808593,0.0546875,0.04804687500000001,0.3203125,0.390625,0.0546875
Workflow reversal 28,Reset,Discover once,22,0.4374090957641601,0.0546875,0.04429687500000001,0.3203125,0.390625,0.0546875
Workflow reversal 28,Reset,Discover once,23,0.44185970306396477,0.046875,0.03984375000000001,0.3203125,0.390625,0.046875
Workflow reversal 28,Reset,Discover once,24,0.43107677459716787,0.0625,0.050625,0.3203125,0.390625,0.0625
Workflow reversal 28,Reset,Discover once,25,0.45053493499755853,0.0234375,0.03117187500000001,0.3203125,0.390625,0.0234375
Workflow reversal 28,Reset,Discover once,26,0.4413922119140624,0.03125,0.04031250000000001,0.3203125,0.390625,0.03125
Workflow reversal 28,Reset,Discover once,27,0.4392807388305663,0.0546875,0.04242187500000001,0.3203125,0.390625,0.0546875
Workflow reversal 28,Reset,Discover once,28,0.43342765808105455,0.046875,0.04828125000000001,0.3203125,0.390625,0.046875
Workflow reversal 28,Reset,Discover once,29,0.6945134353637694,0.0,0.027187500000000003,0.3203125,0.390625,0.8984375
Workflow reversal 28,Reset,Discover once,30,0.7010784530639647,0.0,0.020625000000000004,0.3203125,0.390625,0.921875
Workflow reversal 28,Reset,Discover once,31,0.6982621765136718,0.0,0.0234375,0.3203125,0.390625,0.921875
Workflow reversal 28,Reset,Discover once,32,0.6898267745971679,0.0,0.031875,0.3203125,0.390625,0.875
Workflow reversal 28,Reset,Discover once,33,0.6991996765136719,0.0,0.022500000000000006,0.3203125,0.390625,0.921875
Workflow reversal 28,Reset,Discover once,34,0.7048234176635741,0.0,0.016875,0.3203125,0.390625,0.9375
Workflow reversal 28,Reset,Discover once,35,0.7048246765136719,0.0,0.016875,0.3203125,0.390625,0.9375
Workflow reversal 28,Reset,Discover once,36,0.7142026138305664,0.0,0.0075,0.3203125,0.390625,0.96875
Workflow reversal 28,Reset,Discover once,37,0.7020146942138671,0.0,0.0196875,0.3203125,0.390625,0.921875
Workflow reversal 28,Reset,Discover once,38,0.7188888549804687,0.0,0.0028125000000000003,0.3203125,0.390625,0.9921875
Workflow reversal 28,Reset,Discover once,39,0.7029467391967773,0.0,0.018750000000000003,0.3203125,0.390625,0.9375
Workflow reversal 28,Reset,Discover once,40,0.7010759353637694,0.0,0.020625000000000004,0.3203125,0.390625,0.9296875
Workflow reversal 28,Reset,Discover once,41,0.695447998046875,0.0,0.026250000000000002,0.3203125,0.390625,0.90625
Workflow reversal 28,Reset,Discover once,42,0.6991992568969726,0.0,0.0225,0.3203125,0.390625,0.9140625
Workflow reversal 28,Reset,Discover once,43,0.7066975784301757,0.0,0.015000000000000001,0.3203125,0.390625,0.9453125
Workflow reversal 28,Reset,Discover once,44,0.6926367568969726,0.0,0.0290625,0.3203125,0.390625,0.8984375
Workflow reversal 28,Reset,Discover once,45,0.7029517745971678,0.0,0.01875,0.3203125,0.390625,0.9375
Workflow reversal 28,Reset,Discover once,46,0.6982642745971679,0.0,0.0234375,0.3203125,0.390625,0.90625
Workflow reversal 28,Reset,Discover once,47,0.7020146942138672,0.0,0.019687500000000004,0.3203125,0.390625,0.9296875
Workflow reversal 28,Reset,Discover once,48,0.6907680511474608,0.0,0.030937500000000007,0.3203125,0.390625,0.890625
Workflow reversal 28,Reset,Repeated discovery,1,0.4425815200805664,0.0,0.014062500000000002,0.3203125,0.390625,0.0
Workflow reversal 28,Reset,Repeated discovery,2,0.43862304687499987,0.0625,0.046875000000000014,0.3203125,0.390625,0.0625
Workflow reversal 28,Reset,Repeated discovery,3,0.42948242187499985,0.0703125,0.05601562500000001,0.3203125,0.390625,0.0703125
Workflow reversal 28,Reset,Repeated discovery,4,0.44096679687499984,0.078125,0.04453125000000001,0.3203125,0.390625,0.078125
Workflow reversal 28,Reset,Repeated discovery,5,0.4273730468749999,0.0625,0.05812500000000001,0.3203125,0.390625,0.0625
Workflow reversal 28,Reset,Repeated discovery,6,0.43581054687499987,0.0625,0.04968750000000001,0.3203125,0.390625,0.0625
Workflow reversal 28,Reset,Repeated discovery,7,0.42338867187499984,0.0546875,0.06210937500000001,0.3203125,0.390625,0.0546875
Workflow reversal 28,Reset,Repeated discovery,8,0.42198242187499985,0.0703125,0.06351562500000002,0.3203125,0.390625,0.0703125
Workflow reversal 28,Reset,Repeated discovery,9,0.43977561950683597,0.0,0.016875,0.3125,0.4296875,0.0
Workflow reversal 28,Reset,Repeated discovery,10,0.4308886718749998,0.0546875,0.054609375,0.3125,0.4296875,0.0546875
Workflow reversal 28,Reset,Repeated discovery,11,0.43206054687499984,0.0625,0.05343750000000001,0.3125,0.4296875,0.0625
Workflow reversal 28,Reset,Repeated discovery,12,0.4344042968749998,0.046875,0.05109375000000001,0.3125,0.4296875,0.046875
Workflow reversal 28,Reset,Repeated discovery,13,0.4390917968749999,0.046875,0.04640625,0.3125,0.4296875,0.046875
Workflow reversal 28,Reset,Repeated discovery,14,0.4428417968749998,0.046875,0.04265625000000001,0.3125,0.4296875,0.046875
Workflow reversal 28,Reset,Repeated discovery,15,0.4332324218749999,0.0703125,0.05226562500000001,0.3125,0.4296875,0.0703125
Workflow reversal 28,Reset,Repeated discovery,16,0.43815429687499985,0.046875,0.047343750000000004,0.3125,0.4296875,0.046875
Workflow reversal 28,Reset,Repeated discovery,17,0.4444553756713867,0.0,0.012187500000000004,0.40625,0.34375,0.0
Workflow reversal 28,Reset,Repeated discovery,18,0.42315429687499984,0.078125,0.06234375000000002,0.40625,0.34375,0.078125
Workflow reversal 28,Reset,Repeated discovery,19,0.4339355468749998,0.0625,0.05156250000000001,0.40625,0.34375,0.0625
Workflow reversal 28,Reset,Repeated discovery,20,0.4404980468749998,0.03125,0.04500000000000001,0.40625,0.34375,0.03125
Workflow reversal 28,Reset,Repeated discovery,21,0.43791992187499984,0.0390625,0.047578125000000006,0.40625,0.34375,0.0390625
Workflow reversal 28,Reset,Repeated discovery,22,0.44073242187499984,0.0390625,0.04476562500000001,0.40625,0.34375,0.0390625
Workflow reversal 28,Reset,Repeated discovery,23,0.44424804687499986,0.03125,0.04125,0.40625,0.34375,0.03125
Workflow reversal 28,Reset,Repeated discovery,24,0.44073242187499984,0.0390625,0.044765625,0.40625,0.34375,0.0390625
Workflow reversal 28,Reset,Repeated discovery,25,0.4388287353515625,0.0,0.017812500000000002,0.375,0.328125,0.0
Workflow reversal 28,Reset,Repeated discovery,26,0.43909179687499983,0.046875,0.04640625000000001,0.375,0.328125,0.046875
Workflow reversal 28,Reset,Repeated discovery,27,0.44307617187499987,0.0546875,0.04242187500000001,0.375,0.328125,0.0546875
Workflow reversal 28,Reset,Repeated discovery,28,0.42690429687499987,0.078125,0.058593750000000014,0.375,0.328125,0.078125
Workflow reversal 28,Reset,Repeated discovery,29,0.6945605468749999,0.0,0.030937500000000007,0.375,0.328125,0.8984375
Workflow reversal 28,Reset,Repeated discovery,30,0.6973730468749999,0.0,0.028125000000000004,0.375,0.328125,0.8984375
Workflow reversal 28,Reset,Repeated discovery,31,0.7020605468749999,0.0,0.0234375,0.375,0.328125,0.9140625
Workflow reversal 28,Reset,Repeated discovery,32,0.696435546875,0.0,0.029062500000000005,0.375,0.328125,0.890625
Workflow reversal 28,Reset,Repeated discovery,33,0.6947498321533203,0.0,0.001875,0.359375,0.265625,0.9921875
Workflow reversal 28,Reset,Repeated discovery,34,0.706748046875,0.0,0.018750000000000003,0.359375,0.265625,0.9296875
Workflow reversal 28,Reset,Repeated discovery,35,0.6983105468749999,0.0,0.027187500000000003,0.359375,0.265625,0.8984375
Workflow reversal 28,Reset,Repeated discovery,36,0.6889355468749999,0.0,0.036562500000000005,0.359375,0.265625,0.8671875
Workflow reversal 28,Reset,Repeated discovery,37,0.699248046875,0.0,0.026250000000000002,0.359375,0.265625,0.90625
Workflow reversal 28,Reset,Repeated discovery,38,0.7001855468749999,0.0,0.0253125,0.359375,0.265625,0.90625
Workflow reversal 28,Reset,Repeated discovery,39,0.692685546875,0.0,0.0328125,0.359375,0.265625,0.8828125
Workflow reversal 28,Reset,Repeated discovery,40,0.693623046875,0.0,0.031875,0.359375,0.265625,0.8828125
Workflow reversal 28,Reset,Repeated discovery,41,0.6928747940063478,0.0,0.00375,0.234375,0.3671875,0.984375
Workflow reversal 28,Reset,Repeated discovery,42,0.6983105468749999,0.0,0.027187500000000003,0.234375,0.3671875,0.890625
Workflow reversal 28,Reset,Repeated discovery,43,0.6954980468749999,0.0,0.030000000000000002,0.234375,0.3671875,0.8984375
Workflow reversal 28,Reset,Repeated discovery,44,0.701123046875,0.0,0.024375,0.234375,0.3671875,0.9140625
Workflow reversal 28,Reset,Repeated discovery,45,0.6954980468749998,0.0,0.030000000000000002,0.234375,0.3671875,0.8984375
Workflow reversal 28,Reset,Repeated discovery,46,0.682373046875,0.0,0.043125000000000004,0.234375,0.3671875,0.8359375
Workflow reversal 28,Reset,Repeated discovery,47,0.6945605468749999,0.0,0.030937500000000007,0.234375,0.3671875,0.890625
Workflow reversal 28,Reset,Repeated discovery,48,0.693623046875,0.0,0.03187500000000001,0.234375,0.3671875,0.8984375
Workflow reversal 28,Reset,Trial-matched Balanced,1,0.4436058044433594,0.0,0.013125000000000003,1.0,0.0,0.0
Workflow reversal 28,Reset,Trial-matched Balanced,2,0.4543261718749998,0.0234375,0.03117187500000001,1.0,0.0,0.0234375
Workflow reversal 28,Reset,Trial-matched Balanced,3,0.44823242187499984,0.0078125,0.03726562500000001,1.0,0.0,0.0078125
Workflow reversal 28,Reset,Trial-matched Balanced,4,0.4608886718749998,0.0234375,0.024609375000000003,1.0,0.0,0.0234375
Workflow reversal 28,Reset,Trial-matched Balanced,5,0.44659179687499984,0.015625,0.03890625,1.0,0.0,0.015625
Workflow reversal 28,Reset,Trial-matched Balanced,6,0.45081054687499983,0.0,0.0346875,1.0,0.0,0.0
Workflow reversal 28,Reset,Trial-matched Balanced,7,0.44823242187499984,0.0078125,0.03726562500000001,1.0,0.0,0.0078125
Workflow reversal 28,Reset,Trial-matched Balanced,8,0.4447167968749998,0.015625,0.040781250000000005,1.0,0.0,0.015625
Workflow reversal 28,Reset,Trial-matched Balanced,9,0.43891536712646484,0.0,0.017812500000000005,1.0,0.0,0.0
Workflow reversal 28,Reset,Trial-matched Balanced,10,0.44541992187499985,0.0078125,0.040078125000000006,1.0,0.0,0.0078125
Workflow reversal 28,Reset,Trial-matched Balanced,11,0.4419042968749999,0.015625,0.04359375000000001,1.0,0.0,0.015625
Workflow reversal 28,Reset,Trial-matched Balanced,12,0.44541992187499985,0.0078125,0.040078125000000006,1.0,0.0,0.0078125
Workflow reversal 28,Reset,Trial-matched Balanced,13,0.4536230468749998,0.0,0.031875,1.0,0.0,0.0
Workflow reversal 28,Reset,Trial-matched Balanced,14,0.45291992187499985,0.0078125,0.032578125000000006,1.0,0.0,0.0078125
Workflow reversal 28,Reset,Trial-matched Balanced,15,0.4512792968749998,0.015625,0.034218750000000006,1.0,0.0,0.015625
Workflow reversal 28,Reset,Trial-matched Balanced,16,0.44706054687499985,0.03125,0.0384375,1.0,0.0,0.03125
Workflow reversal 28,Reset,Trial-matched Balanced,17,0.44641620635986334,0.0,0.010312500000000002,1.0,0.0,0.0
Workflow reversal 28,Reset,Trial-matched Balanced,18,0.4402636718749998,0.0234375,0.04523437500000001,1.0,0.0,0.0234375
Workflow reversal 28,Reset,Trial-matched Balanced,19,0.45104492187499984,0.0078125,0.034453125,1.0,0.0,0.0078125
Workflow reversal 28,Reset,Trial-matched Balanced,20,0.4489355468749998,0.0,0.036562500000000005,1.0,0.0,0.0
Workflow reversal 28,Reset,Trial-matched Balanced,21,0.4456542968749998,0.015625,0.03984375000000001,1.0,0.0,0.015625
Workflow reversal 28,Reset,Trial-matched Balanced,22,0.4475292968749998,0.015625,0.03796875000000001,1.0,0.0,0.015625
Workflow reversal 28,Reset,Trial-matched Balanced,23,0.45666992187499983,0.0078125,0.028828125000000003,1.0,0.0,0.0078125
Workflow reversal 28,Reset,Trial-matched Balanced,24,0.44659179687499984,0.015625,0.03890625,1.0,0.0,0.015625
Workflow reversal 28,Reset,Trial-matched Balanced,25,0.4426607513427735,0.0,0.014062500000000002,1.0,0.0,0.0
Workflow reversal 28,Reset,Trial-matched Balanced,26,0.45385742187499983,0.0078125,0.031640625000000006,1.0,0.0,0.0078125
Workflow reversal 28,Reset,Trial-matched Balanced,27,0.4550292968749998,0.015625,0.030468750000000006,1.0,0.0,0.015625
Workflow reversal 28,Reset,Trial-matched Balanced,28,0.45573242187499985,0.0078125,0.029765625000000004,1.0,0.0,0.0078125
Workflow reversal 28,Reset,Trial-matched Balanced,29,0.705810546875,0.0,0.019687500000000004,1.0,0.0,0.9296875
Workflow reversal 28,Reset,Trial-matched Balanced,30,0.7086230468749999,0.0,0.016875,1.0,0.0,0.9375
Workflow reversal 28,Reset,Trial-matched Balanced,31,0.7151855468749999,0.0,0.0103125,1.0,0.0,0.9609375
Workflow reversal 28,Reset,Trial-matched Balanced,32,0.7189355468749999,0.0,0.006562500000000001,1.0,0.0,0.9765625
Workflow reversal 28,Reset,Trial-matched Balanced,33,0.696710662841797,0.0,0.0,1.0,0.0,1.0
Workflow reversal 28,Reset,Trial-matched Balanced,34,0.711435546875,0.0,0.0140625,1.0,0.0,0.9453125
Workflow reversal 28,Reset,Trial-matched Balanced,35,0.711435546875,0.0,0.0140625,1.0,0.0,0.9453125
Workflow reversal 28,Reset,Trial-matched Balanced,36,0.719873046875,0.0,0.005625,1.0,0.0,0.9765625
Workflow reversal 28,Reset,Trial-matched Balanced,37,0.7189355468749999,0.0,0.006562500000000001,1.0,0.0,0.9765625
Workflow reversal 28,Reset,Trial-matched Balanced,38,0.717060546875,0.0,0.0084375,1.0,0.0,0.96875
Workflow reversal 28,Reset,Trial-matched Balanced,39,0.717060546875,0.0,0.0084375,1.0,0.0,0.96875
Workflow reversal 28,Reset,Trial-matched Balanced,40,0.714248046875,0.0,0.01125,1.0,0.0,0.953125
Workflow reversal 28,Reset,Trial-matched Balanced,41,0.6948394393920898,0.0,0.001875,1.0,0.0,0.9921875
Workflow reversal 28,Reset,Trial-matched Balanced,42,0.714248046875,0.0,0.01125,1.0,0.0,0.953125
Workflow reversal 28,Reset,Trial-matched Balanced,43,0.704873046875,0.0,0.020625000000000004,1.0,0.0,0.9296875
Workflow reversal 28,Reset,Trial-matched Balanced,44,0.713310546875,0.0,0.0121875,1.0,0.0,0.953125
Workflow reversal 28,Reset,Trial-matched Balanced,45,0.7095605468749999,0.0,0.0159375,1.0,0.0,0.9375
Workflow reversal 28,Reset,Trial-matched Balanced,46,0.710498046875,0.0,0.015000000000000001,1.0,0.0,0.9453125
Workflow reversal 28,Reset,Trial-matched Balanced,47,0.7133105468749998,0.0,0.012187500000000002,1.0,0.0,0.9609375
Workflow reversal 28,Reset,Trial-matched Balanced,48,0.714248046875,0.0,0.011250000000000001,1.0,0.0,0.9609375
Workflow reversal 28,Cumulative,Balanced,1,0.4488183593749998,0.0,0.03281250000000001,1.0,0.0,0.0
Workflow reversal 28,Cumulative,Balanced,2,0.4628808593749998,0.0,0.018750000000000003,1.0,0.0,0.0
Workflow reversal 28,Cumulative,Balanced,3,0.4694433593749998,0.0,0.012187500000000002,1.0,0.0,0.0
Workflow reversal 28,Cumulative,Balanced,4,0.4741308593749998,0.0,0.0075000000000000015,1.0,0.0,0.0
Workflow reversal 28,Cumulative,Balanced,5,0.4741308593749998,0.0,0.0075000000000000015,1.0,0.0,0.0
Workflow reversal 28,Cumulative,Balanced,6,0.4769433593749998,0.0,0.004687500000000001,1.0,0.0,0.0
Workflow reversal 28,Cumulative,Balanced,7,0.4769433593749998,0.0,0.004687500000000001,1.0,0.0,0.0
Workflow reversal 28,Cumulative,Balanced,8,0.47881835937499984,0.0,0.0028125000000000008,1.0,0.0,0.0
Workflow reversal 28,Cumulative,Balanced,9,0.47881835937499984,0.0,0.0028125000000000008,1.0,0.0,0.0
Workflow reversal 28,Cumulative,Balanced,10,0.4797558593749998,0.0,0.0018750000000000004,1.0,0.0,0.0
Workflow reversal 28,Cumulative,Balanced,11,0.4806933593749998,0.0,0.0009375000000000002,1.0,0.0,0.0
Workflow reversal 28,Cumulative,Balanced,12,0.4797558593749998,0.0,0.0018750000000000004,1.0,0.0,0.0
Workflow reversal 28,Cumulative,Balanced,13,0.4806933593749998,0.0,0.0009375000000000002,1.0,0.0,0.0
Workflow reversal 28,Cumulative,Balanced,14,0.48163085937499983,0.0,0.0,1.0,0.0,0.0
Workflow reversal 28,Cumulative,Balanced,15,0.48163085937499983,0.0,0.0,1.0,0.0,0.0
Workflow reversal 28,Cumulative,Balanced,16,0.48163085937499983,0.0,0.0,1.0,0.0,0.0
Workflow reversal 28,Cumulative,Balanced,17,0.48163085937499983,0.0,0.0,1.0,0.0,0.0
Workflow reversal 28,Cumulative,Balanced,18,0.48163085937499983,0.0,0.0,1.0,0.0,0.0
Workflow reversal 28,Cumulative,Balanced,19,0.48163085937499983,0.0,0.0,1.0,0.0,0.0
Workflow reversal 28,Cumulative,Balanced,20,0.48163085937499983,0.0,0.0,1.0,0.0,0.0
Workflow reversal 28,Cumulative,Balanced,21,0.48163085937499983,0.0,0.0,1.0,0.0,0.0
Workflow reversal 28,Cumulative,Balanced,22,0.48163085937499983,0.0,0.0,1.0,0.0,0.0
Workflow reversal 28,Cumulative,Balanced,23,0.48163085937499983,0.0,0.0,1.0,0.0,0.0
Workflow reversal 28,Cumulative,Balanced,24,0.48163085937499983,0.0,0.0,1.0,0.0,0.0
Workflow reversal 28,Cumulative,Balanced,25,0.48163085937499983,0.0,0.0,1.0,0.0,0.0
Workflow reversal 28,Cumulative,Balanced,26,0.48163085937499983,0.0,0.0,1.0,0.0,0.0
Workflow reversal 28,Cumulative,Balanced,27,0.48163085937499983,0.0,0.0,1.0,0.0,0.0
Workflow reversal 28,Cumulative,Balanced,28,0.48163085937499983,0.0,0.0,1.0,0.0,0.0
Workflow reversal 28,Cumulative,Balanced,29,0.48163085937499983,0.0,0.2400000000000001,1.0,0.0,0.0
Workflow reversal 28,Cumulative,Balanced,30,0.48163085937499983,0.0,0.2400000000000001,1.0,0.0,0.0
Workflow reversal 28,Cumulative,Balanced,31,0.48163085937499983,0.0,0.2400000000000001,1.0,0.0,0.0
Workflow reversal 28,Cumulative,Balanced,32,0.48163085937499983,0.0,0.2400000000000001,1.0,0.0,0.0
Workflow reversal 28,Cumulative,Balanced,33,0.48163085937499983,0.0,0.2400000000000001,1.0,0.0,0.0
Workflow reversal 28,Cumulative,Balanced,34,0.48163085937499983,0.0,0.2400000000000001,1.0,0.0,0.0
Workflow reversal 28,Cumulative,Balanced,35,0.48163085937499983,0.0,0.2400000000000001,1.0,0.0,0.0
Workflow reversal 28,Cumulative,Balanced,36,0.48163085937499983,0.0,0.2400000000000001,1.0,0.0,0.0
Workflow reversal 28,Cumulative,Balanced,37,0.48163085937499983,0.0,0.2400000000000001,1.0,0.0,0.0
Workflow reversal 28,Cumulative,Balanced,38,0.48163085937499983,0.0,0.2400000000000001,1.0,0.0,0.0
Workflow reversal 28,Cumulative,Balanced,39,0.48163085937499983,0.0,0.2400000000000001,1.0,0.0,0.0
Workflow reversal 28,Cumulative,Balanced,40,0.48163085937499983,0.0,0.2400000000000001,1.0,0.0,0.0
Workflow reversal 28,Cumulative,Balanced,41,0.48163085937499983,0.0,0.2400000000000001,1.0,0.0,0.0
Workflow reversal 28,Cumulative,Balanced,42,0.48163085937499983,0.0,0.2400000000000001,1.0,0.0,0.0
Workflow reversal 28,Cumulative,Balanced,43,0.48163085937499983,0.0,0.2400000000000001,1.0,0.0,0.0
Workflow reversal 28,Cumulative,Balanced,44,0.48163085937499983,0.0,0.2400000000000001,1.0,0.0,0.0
Workflow reversal 28,Cumulative,Balanced,45,0.48163085937499983,0.0,0.2400000000000001,1.0,0.0,0.0
Workflow reversal 28,Cumulative,Balanced,46,0.48163085937499983,0.0,0.2400000000000001,1.0,0.0,0.0
Workflow reversal 28,Cumulative,Balanced,47,0.48163085937499983,0.0,0.2400000000000001,1.0,0.0,0.0
Workflow reversal 28,Cumulative,Balanced,48,0.48163085937499983,0.0,0.2400000000000001,1.0,0.0,0.0
Workflow reversal 28,Cumulative,Discover once,1,0.4425815200805664,0.0,0.014062500000000002,0.3203125,0.390625,0.0
Workflow reversal 28,Cumulative,Discover once,2,0.4751855468749998,0.0,0.010312500000000002,0.3203125,0.390625,0.0
Workflow reversal 28,Cumulative,Discover once,3,0.47424804687499983,0.0,0.011250000000000003,0.3203125,0.390625,0.0
Workflow reversal 28,Cumulative,Discover once,4,0.4770605468749999,0.0,0.0084375,0.3203125,0.390625,0.0
Workflow reversal 28,Cumulative,Discover once,5,0.47893554687499984,0.0,0.0065625000000000015,0.3203125,0.390625,0.0
Workflow reversal 28,Cumulative,Discover once,6,0.47893554687499984,0.0,0.006562500000000001,0.3203125,0.390625,0.0
Workflow reversal 28,Cumulative,Discover once,7,0.47893554687499984,0.0,0.006562500000000001,0.3203125,0.390625,0.0
Workflow reversal 28,Cumulative,Discover once,8,0.47893554687499984,0.0,0.006562500000000001,0.3203125,0.390625,0.0
Workflow reversal 28,Cumulative,Discover once,9,0.47705287933349594,0.0,0.004687500000000001,0.3203125,0.390625,0.0
Workflow reversal 28,Cumulative,Discover once,10,0.47611537933349596,0.0,0.005625000000000001,0.3203125,0.390625,0.0
Workflow reversal 28,Cumulative,Discover once,11,0.477990379333496,0.0,0.0037500000000000007,0.3203125,0.390625,0.0
Workflow reversal 28,Cumulative,Discover once,12,0.478927879333496,0.0,0.0028125000000000008,0.3203125,0.390625,0.0
Workflow reversal 28,Cumulative,Discover once,13,0.478927879333496,0.0,0.0028125000000000008,0.3203125,0.390625,0.0
Workflow reversal 28,Cumulative,Discover once,14,0.478927879333496,0.0,0.0028125000000000008,0.3203125,0.390625,0.0
Workflow reversal 28,Cumulative,Discover once,15,0.478927879333496,0.0,0.0028125000000000008,0.3203125,0.390625,0.0
Workflow reversal 28,Cumulative,Discover once,16,0.48080287933349597,0.0,0.0009375000000000002,0.3203125,0.390625,0.0
Workflow reversal 28,Cumulative,Discover once,17,0.48080287933349597,0.0,0.0009375000000000002,0.3203125,0.390625,0.0
Workflow reversal 28,Cumulative,Discover once,18,0.48080287933349597,0.0,0.0009375000000000002,0.3203125,0.390625,0.0
Workflow reversal 28,Cumulative,Discover once,19,0.481740379333496,0.0,0.0,0.3203125,0.390625,0.0
Workflow reversal 28,Cumulative,Discover once,20,0.48080287933349597,0.0,0.0009375000000000002,0.3203125,0.390625,0.0
Workflow reversal 28,Cumulative,Discover once,21,0.48080287933349597,0.0,0.0009375000000000002,0.3203125,0.390625,0.0
Workflow reversal 28,Cumulative,Discover once,22,0.48080287933349597,0.0,0.0009375000000000002,0.3203125,0.390625,0.0
Workflow reversal 28,Cumulative,Discover once,23,0.48080287933349597,0.0,0.0009375000000000002,0.3203125,0.390625,0.0
Workflow reversal 28,Cumulative,Discover once,24,0.48080287933349597,0.0,0.0009375000000000002,0.3203125,0.390625,0.0
Workflow reversal 28,Cumulative,Discover once,25,0.48080287933349597,0.0,0.0009375000000000002,0.3203125,0.390625,0.0
Workflow reversal 28,Cumulative,Discover once,26,0.48080287933349597,0.0,0.0009375000000000002,0.3203125,0.390625,0.0
Workflow reversal 28,Cumulative,Discover once,27,0.48080287933349597,0.0,0.0009375000000000002,0.3203125,0.390625,0.0
Workflow reversal 28,Cumulative,Discover once,28,0.48080287933349597,0.0,0.0009375000000000002,0.3203125,0.390625,0.0
Workflow reversal 28,Cumulative,Discover once,29,0.48080287933349597,0.0,0.24093750000000008,0.3203125,0.390625,0.0
Workflow reversal 28,Cumulative,Discover once,30,0.48080287933349597,0.0,0.24093750000000008,0.3203125,0.390625,0.0
Workflow reversal 28,Cumulative,Discover once,31,0.48080287933349597,0.0,0.24093750000000008,0.3203125,0.390625,0.0
Workflow reversal 28,Cumulative,Discover once,32,0.48080287933349597,0.0,0.24093750000000008,0.3203125,0.390625,0.0
Workflow reversal 28,Cumulative,Discover once,33,0.48080287933349597,0.0,0.24093750000000008,0.3203125,0.390625,0.0
Workflow reversal 28,Cumulative,Discover once,34,0.48080287933349597,0.0,0.24093750000000008,0.3203125,0.390625,0.0
Workflow reversal 28,Cumulative,Discover once,35,0.48080287933349597,0.0,0.24093750000000008,0.3203125,0.390625,0.0
Workflow reversal 28,Cumulative,Discover once,36,0.48080287933349597,0.0,0.24093750000000008,0.3203125,0.390625,0.0
Workflow reversal 28,Cumulative,Discover once,37,0.48080287933349597,0.0,0.24093750000000008,0.3203125,0.390625,0.0
Workflow reversal 28,Cumulative,Discover once,38,0.48080287933349597,0.0,0.24093750000000008,0.3203125,0.390625,0.0
Workflow reversal 28,Cumulative,Discover once,39,0.48080287933349597,0.0,0.24093750000000008,0.3203125,0.390625,0.0
Workflow reversal 28,Cumulative,Discover once,40,0.48080287933349597,0.0,0.24093750000000008,0.3203125,0.390625,0.0
Workflow reversal 28,Cumulative,Discover once,41,0.48080287933349597,0.0,0.24093750000000008,0.3203125,0.390625,0.0
Workflow reversal 28,Cumulative,Discover once,42,0.48080287933349597,0.0,0.24093750000000008,0.3203125,0.390625,0.0
Workflow reversal 28,Cumulative,Discover once,43,0.48080287933349597,0.0,0.24093750000000008,0.3203125,0.390625,0.0
Workflow reversal 28,Cumulative,Discover once,44,0.481740379333496,0.0,0.2400000000000001,0.3203125,0.390625,0.0
Workflow reversal 28,Cumulative,Discover once,45,0.481740379333496,0.0,0.2400000000000001,0.3203125,0.390625,0.0
Workflow reversal 28,Cumulative,Discover once,46,0.481740379333496,0.0,0.2400000000000001,0.3203125,0.390625,0.0
Workflow reversal 28,Cumulative,Discover once,47,0.481740379333496,0.0,0.2400000000000001,0.3203125,0.390625,0.0
Workflow reversal 28,Cumulative,Discover once,48,0.481740379333496,0.0,0.2400000000000001,0.3203125,0.390625,0.0
Workflow reversal 28,Cumulative,Repeated discovery,1,0.4425815200805664,0.0,0.014062500000000002,0.3203125,0.390625,0.0
Workflow reversal 28,Cumulative,Repeated discovery,2,0.4751855468749998,0.0,0.010312500000000002,0.3203125,0.390625,0.0
Workflow reversal 28,Cumulative,Repeated discovery,3,0.47424804687499983,0.0,0.011250000000000003,0.3203125,0.390625,0.0
Workflow reversal 28,Cumulative,Repeated discovery,4,0.4770605468749999,0.0,0.0084375,0.3203125,0.390625,0.0
Workflow reversal 28,Cumulative,Repeated discovery,5,0.47893554687499984,0.0,0.0065625000000000015,0.3203125,0.390625,0.0
Workflow reversal 28,Cumulative,Repeated discovery,6,0.47893554687499984,0.0,0.006562500000000001,0.3203125,0.390625,0.0
Workflow reversal 28,Cumulative,Repeated discovery,7,0.47893554687499984,0.0,0.006562500000000001,0.3203125,0.390625,0.0
Workflow reversal 28,Cumulative,Repeated discovery,8,0.47893554687499984,0.0,0.006562500000000001,0.3203125,0.390625,0.0
Workflow reversal 28,Cumulative,Repeated discovery,9,0.45583408355712873,0.0,0.0009375000000000002,0.328125,0.3671875,0.0
Workflow reversal 28,Cumulative,Repeated discovery,10,0.48362304687499985,0.0,0.0018750000000000004,0.328125,0.3671875,0.0
Workflow reversal 28,Cumulative,Repeated discovery,11,0.48456054687499983,0.0,0.0009375000000000002,0.328125,0.3671875,0.0
Workflow reversal 28,Cumulative,Repeated discovery,12,0.48456054687499983,0.0,0.0009375000000000002,0.328125,0.3671875,0.0
Workflow reversal 28,Cumulative,Repeated discovery,13,0.48549804687499987,0.0,0.0,0.328125,0.3671875,0.0
Workflow reversal 28,Cumulative,Repeated discovery,14,0.48549804687499987,0.0,0.0,0.328125,0.3671875,0.0
Workflow reversal 28,Cumulative,Repeated discovery,15,0.48549804687499987,0.0,0.0,0.328125,0.3671875,0.0
Workflow reversal 28,Cumulative,Repeated discovery,16,0.48549804687499987,0.0,0.0,0.328125,0.3671875,0.0
Workflow reversal 28,Cumulative,Repeated discovery,17,0.456783981323242,0.0,0.0,0.3984375,0.3203125,0.0
Workflow reversal 28,Cumulative,Repeated discovery,18,0.48549804687499987,0.0,0.0,0.3984375,0.3203125,0.0
Workflow reversal 28,Cumulative,Repeated discovery,19,0.48549804687499987,0.0,0.0,0.3984375,0.3203125,0.0
Workflow reversal 28,Cumulative,Repeated discovery,20,0.48549804687499987,0.0,0.0,0.3984375,0.3203125,0.0
Workflow reversal 28,Cumulative,Repeated discovery,21,0.48549804687499987,0.0,0.0,0.3984375,0.3203125,0.0
Workflow reversal 28,Cumulative,Repeated discovery,22,0.48549804687499987,0.0,0.0,0.3984375,0.3203125,0.0
Workflow reversal 28,Cumulative,Repeated discovery,23,0.48549804687499987,0.0,0.0,0.3984375,0.3203125,0.0
Workflow reversal 28,Cumulative,Repeated discovery,24,0.48549804687499987,0.0,0.0,0.3984375,0.3203125,0.0
Workflow reversal 28,Cumulative,Repeated discovery,25,0.45679351806640606,0.0,0.0,0.4453125,0.2734375,0.0
Workflow reversal 28,Cumulative,Repeated discovery,26,0.48549804687499987,0.0,0.0,0.4453125,0.2734375,0.0
Workflow reversal 28,Cumulative,Repeated discovery,27,0.48549804687499987,0.0,0.0,0.4453125,0.2734375,0.0
Workflow reversal 28,Cumulative,Repeated discovery,28,0.48549804687499987,0.0,0.0,0.4453125,0.2734375,0.0
Workflow reversal 28,Cumulative,Repeated discovery,29,0.48549804687499987,0.0,0.2400000000000001,0.4453125,0.2734375,0.0
Workflow reversal 28,Cumulative,Repeated discovery,30,0.48549804687499987,0.0,0.2400000000000001,0.4453125,0.2734375,0.0
Workflow reversal 28,Cumulative,Repeated discovery,31,0.48549804687499987,0.0,0.2400000000000001,0.4453125,0.2734375,0.0
Workflow reversal 28,Cumulative,Repeated discovery,32,0.48549804687499987,0.0,0.2400000000000001,0.4453125,0.2734375,0.0
Workflow reversal 28,Cumulative,Repeated discovery,33,0.45679447174072246,0.0,0.2400000000000001,0.3671875,0.34375,0.0
Workflow reversal 28,Cumulative,Repeated discovery,34,0.48549804687499987,0.0,0.2400000000000001,0.3671875,0.34375,0.0
Workflow reversal 28,Cumulative,Repeated discovery,35,0.48549804687499987,0.0,0.2400000000000001,0.3671875,0.34375,0.0
Workflow reversal 28,Cumulative,Repeated discovery,36,0.48549804687499987,0.0,0.2400000000000001,0.3671875,0.34375,0.0
Workflow reversal 28,Cumulative,Repeated discovery,37,0.48549804687499987,0.0,0.2400000000000001,0.3671875,0.34375,0.0
Workflow reversal 28,Cumulative,Repeated discovery,38,0.48549804687499987,0.0,0.2400000000000001,0.3671875,0.34375,0.0
Workflow reversal 28,Cumulative,Repeated discovery,39,0.4873730468749999,0.0,0.2381250000000001,0.3671875,0.34375,0.0078125
Workflow reversal 28,Cumulative,Repeated discovery,40,0.4892480468749999,0.0,0.2362500000000001,0.3671875,0.34375,0.015625
Workflow reversal 28,Cumulative,Repeated discovery,41,0.4643011474609373,0.0,0.2325000000000001,0.3828125,0.3125,0.03125
Workflow reversal 28,Cumulative,Repeated discovery,42,0.4929980468749999,0.0,0.2325000000000001,0.3828125,0.3125,0.03125
Workflow reversal 28,Cumulative,Repeated discovery,43,0.4948730468749999,0.0,0.23062500000000008,0.3828125,0.3125,0.0390625
Workflow reversal 28,Cumulative,Repeated discovery,44,0.4948730468749999,0.0,0.23062500000000008,0.3828125,0.3125,0.0390625
Workflow reversal 28,Cumulative,Repeated discovery,45,0.49674804687499985,0.0,0.2287500000000001,0.3828125,0.3125,0.046875
Workflow reversal 28,Cumulative,Repeated discovery,46,0.49674804687499985,0.0,0.2287500000000001,0.3828125,0.3125,0.046875
Workflow reversal 28,Cumulative,Repeated discovery,47,0.4986230468749999,0.0,0.2268750000000001,0.3828125,0.3125,0.0546875
Workflow reversal 28,Cumulative,Repeated discovery,48,0.4986230468749999,0.0,0.2268750000000001,0.3828125,0.3125,0.0546875
Workflow reversal 28,Cumulative,Trial-matched Balanced,1,0.4436058044433594,0.0,0.013125000000000003,1.0,0.0,0.0
Workflow reversal 28,Cumulative,Trial-matched Balanced,2,0.4751855468749998,0.0,0.010312500000000002,1.0,0.0,0.0
Workflow reversal 28,Cumulative,Trial-matched Balanced,3,0.4751855468749998,0.0,0.010312500000000002,1.0,0.0,0.0
Workflow reversal 28,Cumulative,Trial-matched Balanced,4,0.4798730468749999,0.0,0.0056250000000000015,1.0,0.0,0.0
Workflow reversal 28,Cumulative,Trial-matched Balanced,5,0.48081054687499986,0.0,0.004687500000000001,1.0,0.0,0.0
Workflow reversal 28,Cumulative,Trial-matched Balanced,6,0.48174804687499984,0.0,0.0037500000000000007,1.0,0.0,0.0
Workflow reversal 28,Cumulative,Trial-matched Balanced,7,0.48081054687499986,0.0,0.004687500000000001,1.0,0.0,0.0
Workflow reversal 28,Cumulative,Trial-matched Balanced,8,0.48174804687499984,0.0,0.0037500000000000007,1.0,0.0,0.0
Workflow reversal 28,Cumulative,Trial-matched Balanced,9,0.4549414062499998,0.0,0.0018750000000000004,1.0,0.0,0.0
Workflow reversal 28,Cumulative,Trial-matched Balanced,10,0.48268554687499987,0.0,0.0028125000000000008,1.0,0.0,0.0
Workflow reversal 28,Cumulative,Trial-matched Balanced,11,0.48362304687499985,0.0,0.0018750000000000004,1.0,0.0,0.0
Workflow reversal 28,Cumulative,Trial-matched Balanced,12,0.48362304687499985,0.0,0.0018750000000000004,1.0,0.0,0.0
Workflow reversal 28,Cumulative,Trial-matched Balanced,13,0.48456054687499983,0.0,0.0009375000000000002,1.0,0.0,0.0
Workflow reversal 28,Cumulative,Trial-matched Balanced,14,0.48456054687499983,0.0,0.0009375000000000002,1.0,0.0,0.0
Workflow reversal 28,Cumulative,Trial-matched Balanced,15,0.48456054687499983,0.0,0.0009375000000000002,1.0,0.0,0.0
Workflow reversal 28,Cumulative,Trial-matched Balanced,16,0.48549804687499987,0.0,0.0,1.0,0.0,0.0
Workflow reversal 28,Cumulative,Trial-matched Balanced,17,0.4568164062499998,0.0,0.0,1.0,0.0,0.0
Workflow reversal 28,Cumulative,Trial-matched Balanced,18,0.48549804687499987,0.0,0.0,1.0,0.0,0.0
Workflow reversal 28,Cumulative,Trial-matched Balanced,19,0.48549804687499987,0.0,0.0,1.0,0.0,0.0
Workflow reversal 28,Cumulative,Trial-matched Balanced,20,0.48549804687499987,0.0,0.0,1.0,0.0,0.0
Workflow reversal 28,Cumulative,Trial-matched Balanced,21,0.48549804687499987,0.0,0.0,1.0,0.0,0.0
Workflow reversal 28,Cumulative,Trial-matched Balanced,22,0.48549804687499987,0.0,0.0,1.0,0.0,0.0
Workflow reversal 28,Cumulative,Trial-matched Balanced,23,0.48549804687499987,0.0,0.0,1.0,0.0,0.0
Workflow reversal 28,Cumulative,Trial-matched Balanced,24,0.48549804687499987,0.0,0.0,1.0,0.0,0.0
Workflow reversal 28,Cumulative,Trial-matched Balanced,25,0.4568164062499998,0.0,0.0,1.0,0.0,0.0
Workflow reversal 28,Cumulative,Trial-matched Balanced,26,0.48549804687499987,0.0,0.0,1.0,0.0,0.0
Workflow reversal 28,Cumulative,Trial-matched Balanced,27,0.48549804687499987,0.0,0.0,1.0,0.0,0.0
Workflow reversal 28,Cumulative,Trial-matched Balanced,28,0.48549804687499987,0.0,0.0,1.0,0.0,0.0
Workflow reversal 28,Cumulative,Trial-matched Balanced,29,0.48549804687499987,0.0,0.2400000000000001,1.0,0.0,0.0
Workflow reversal 28,Cumulative,Trial-matched Balanced,30,0.48549804687499987,0.0,0.2400000000000001,1.0,0.0,0.0
Workflow reversal 28,Cumulative,Trial-matched Balanced,31,0.48549804687499987,0.0,0.2400000000000001,1.0,0.0,0.0
Workflow reversal 28,Cumulative,Trial-matched Balanced,32,0.48549804687499987,0.0,0.2400000000000001,1.0,0.0,0.0
Workflow reversal 28,Cumulative,Trial-matched Balanced,33,0.4568164062499998,0.0,0.2400000000000001,1.0,0.0,0.0
Workflow reversal 28,Cumulative,Trial-matched Balanced,34,0.48549804687499987,0.0,0.2400000000000001,1.0,0.0,0.0
Workflow reversal 28,Cumulative,Trial-matched Balanced,35,0.48549804687499987,0.0,0.2400000000000001,1.0,0.0,0.0
Workflow reversal 28,Cumulative,Trial-matched Balanced,36,0.48549804687499987,0.0,0.2400000000000001,1.0,0.0,0.0
Workflow reversal 28,Cumulative,Trial-matched Balanced,37,0.48549804687499987,0.0,0.2400000000000001,1.0,0.0,0.0
Workflow reversal 28,Cumulative,Trial-matched Balanced,38,0.48549804687499987,0.0,0.2400000000000001,1.0,0.0,0.0
Workflow reversal 28,Cumulative,Trial-matched Balanced,39,0.48549804687499987,0.0,0.2400000000000001,1.0,0.0,0.0
Workflow reversal 28,Cumulative,Trial-matched Balanced,40,0.48549804687499987,0.0,0.2400000000000001,1.0,0.0,0.0
Workflow reversal 28,Cumulative,Trial-matched Balanced,41,0.4568164062499998,0.0,0.2400000000000001,1.0,0.0,0.0
Workflow reversal 28,Cumulative,Trial-matched Balanced,42,0.48549804687499987,0.0,0.2400000000000001,1.0,0.0,0.0
Workflow reversal 28,Cumulative,Trial-matched Balanced,43,0.48549804687499987,0.0,0.2400000000000001,1.0,0.0,0.0
Workflow reversal 28,Cumulative,Trial-matched Balanced,44,0.48549804687499987,0.0,0.2400000000000001,1.0,0.0,0.0
Workflow reversal 28,Cumulative,Trial-matched Balanced,45,0.48549804687499987,0.0,0.2400000000000001,1.0,0.0,0.0
Workflow reversal 28,Cumulative,Trial-matched Balanced,46,0.48549804687499987,0.0,0.2400000000000001,1.0,0.0,0.0
Workflow reversal 28,Cumulative,Trial-matched Balanced,47,0.48549804687499987,0.0,0.2400000000000001,1.0,0.0,0.0
Workflow reversal 28,Cumulative,Trial-matched Balanced,48,0.48549804687499987,0.0,0.2400000000000001,1.0,0.0,0.0
Workflow reversal 28,Window 8,Balanced,1,0.4488183593749998,0.0,0.03281250000000001,1.0,0.0,0.0
Workflow reversal 28,Window 8,Balanced,2,0.4628808593749998,0.0,0.018750000000000003,1.0,0.0,0.0
Workflow reversal 28,Window 8,Balanced,3,0.4694433593749998,0.0,0.012187500000000002,1.0,0.0,0.0
Workflow reversal 28,Window 8,Balanced,4,0.4741308593749998,0.0,0.0075000000000000015,1.0,0.0,0.0
Workflow reversal 28,Window 8,Balanced,5,0.4741308593749998,0.0,0.0075000000000000015,1.0,0.0,0.0
Workflow reversal 28,Window 8,Balanced,6,0.4769433593749998,0.0,0.004687500000000001,1.0,0.0,0.0
Workflow reversal 28,Window 8,Balanced,7,0.4769433593749998,0.0,0.004687500000000001,1.0,0.0,0.0
Workflow reversal 28,Window 8,Balanced,8,0.47881835937499984,0.0,0.0028125000000000008,1.0,0.0,0.0
Workflow reversal 28,Window 8,Balanced,9,0.47881835937499984,0.0,0.0028125000000000008,1.0,0.0,0.0
Workflow reversal 28,Window 8,Balanced,10,0.4806933593749998,0.0,0.0009375000000000002,1.0,0.0,0.0
Workflow reversal 28,Window 8,Balanced,11,0.48163085937499983,0.0,0.0,1.0,0.0,0.0
Workflow reversal 28,Window 8,Balanced,12,0.48163085937499983,0.0,0.0,1.0,0.0,0.0
Workflow reversal 28,Window 8,Balanced,13,0.4797558593749998,0.0,0.0018750000000000004,1.0,0.0,0.0
Workflow reversal 28,Window 8,Balanced,14,0.4806933593749998,0.0,0.0009375000000000002,1.0,0.0,0.0
Workflow reversal 28,Window 8,Balanced,15,0.48163085937499983,0.0,0.0,1.0,0.0,0.0
Workflow reversal 28,Window 8,Balanced,16,0.4806933593749998,0.0,0.0009375000000000002,1.0,0.0,0.0
Workflow reversal 28,Window 8,Balanced,17,0.4806933593749998,0.0,0.0009375000000000002,1.0,0.0,0.0
Workflow reversal 28,Window 8,Balanced,18,0.4806933593749998,0.0,0.0009375000000000002,1.0,0.0,0.0
Workflow reversal 28,Window 8,Balanced,19,0.47881835937499984,0.0,0.0028125000000000008,1.0,0.0,0.0
Workflow reversal 28,Window 8,Balanced,20,0.4797558593749998,0.0,0.0018750000000000004,1.0,0.0,0.0
Workflow reversal 28,Window 8,Balanced,21,0.4797558593749998,0.0,0.0018750000000000004,1.0,0.0,0.0
Workflow reversal 28,Window 8,Balanced,22,0.47881835937499984,0.0,0.0028125000000000008,1.0,0.0,0.0
Workflow reversal 28,Window 8,Balanced,23,0.4806933593749998,0.0,0.0009375000000000002,1.0,0.0,0.0
Workflow reversal 28,Window 8,Balanced,24,0.4806933593749998,0.0,0.0009375000000000002,1.0,0.0,0.0
Workflow reversal 28,Window 8,Balanced,25,0.4806933593749998,0.0,0.0009375000000000002,1.0,0.0,0.0
Workflow reversal 28,Window 8,Balanced,26,0.48163085937499983,0.0,0.0,1.0,0.0,0.0
Workflow reversal 28,Window 8,Balanced,27,0.4806933593749998,0.0,0.0009375000000000002,1.0,0.0,0.0
Workflow reversal 28,Window 8,Balanced,28,0.48163085937499983,0.0,0.0,1.0,0.0,0.0
Workflow reversal 28,Window 8,Balanced,29,0.48163085937499983,0.0,0.2400000000000001,1.0,0.0,0.0
Workflow reversal 28,Window 8,Balanced,30,0.48163085937499983,0.0,0.2400000000000001,1.0,0.0,0.0
Workflow reversal 28,Window 8,Balanced,31,0.4806933593749998,0.0,0.24093750000000008,1.0,0.0,0.0
Workflow reversal 28,Window 8,Balanced,32,0.49850585937499986,0.0,0.22312500000000007,1.0,0.0,0.0703125
Workflow reversal 28,Window 8,Balanced,33,0.576318359375,0.0,0.1453125,1.0,0.0,0.3984375
Workflow reversal 28,Window 8,Balanced,34,0.6991308593750001,0.0,0.0225,1.0,0.0,0.90625
Workflow reversal 28,Window 8,Balanced,35,0.7216308593750002,0.0,0.0,1.0,0.0,1.0
Workflow reversal 28,Window 8,Balanced,36,0.7216308593750002,0.0,0.0,1.0,0.0,1.0
Workflow reversal 28,Window 8,Balanced,37,0.7216308593750002,0.0,0.0,1.0,0.0,1.0
Workflow reversal 28,Window 8,Balanced,38,0.7216308593750002,0.0,0.0,1.0,0.0,1.0
Workflow reversal 28,Window 8,Balanced,39,0.7216308593750002,0.0,0.0,1.0,0.0,1.0
Workflow reversal 28,Window 8,Balanced,40,0.7216308593750002,0.0,0.0,1.0,0.0,1.0
Workflow reversal 28,Window 8,Balanced,41,0.7216308593750002,0.0,0.0,1.0,0.0,1.0
Workflow reversal 28,Window 8,Balanced,42,0.7216308593750002,0.0,0.0,1.0,0.0,1.0
Workflow reversal 28,Window 8,Balanced,43,0.7216308593750002,0.0,0.0,1.0,0.0,1.0
Workflow reversal 28,Window 8,Balanced,44,0.7216308593750002,0.0,0.0,1.0,0.0,1.0
Workflow reversal 28,Window 8,Balanced,45,0.7216308593750002,0.0,0.0,1.0,0.0,1.0
Workflow reversal 28,Window 8,Balanced,46,0.7216308593750002,0.0,0.0,1.0,0.0,1.0
Workflow reversal 28,Window 8,Balanced,47,0.7216308593750002,0.0,0.0,1.0,0.0,1.0
Workflow reversal 28,Window 8,Balanced,48,0.7216308593750002,0.0,0.0,1.0,0.0,1.0
Workflow reversal 28,Window 8,Discover once,1,0.4425815200805664,0.0,0.014062500000000002,0.3203125,0.390625,0.0
Workflow reversal 28,Window 8,Discover once,2,0.4751855468749998,0.0,0.010312500000000002,0.3203125,0.390625,0.0
Workflow reversal 28,Window 8,Discover once,3,0.47424804687499983,0.0,0.011250000000000003,0.3203125,0.390625,0.0
Workflow reversal 28,Window 8,Discover once,4,0.4770605468749999,0.0,0.0084375,0.3203125,0.390625,0.0
Workflow reversal 28,Window 8,Discover once,5,0.47893554687499984,0.0,0.0065625000000000015,0.3203125,0.390625,0.0
Workflow reversal 28,Window 8,Discover once,6,0.47893554687499984,0.0,0.006562500000000001,0.3203125,0.390625,0.0
Workflow reversal 28,Window 8,Discover once,7,0.47893554687499984,0.0,0.006562500000000001,0.3203125,0.390625,0.0
Workflow reversal 28,Window 8,Discover once,8,0.47893554687499984,0.0,0.006562500000000001,0.3203125,0.390625,0.0
Workflow reversal 28,Window 8,Discover once,9,0.47705287933349594,0.0,0.004687500000000001,0.3203125,0.390625,0.0
Workflow reversal 28,Window 8,Discover once,10,0.474240379333496,0.0,0.0075000000000000015,0.3203125,0.390625,0.0
Workflow reversal 28,Window 8,Discover once,11,0.475177879333496,0.0,0.0065625000000000015,0.3203125,0.390625,0.0
Workflow reversal 28,Window 8,Discover once,12,0.47424037933349594,0.0,0.0075000000000000015,0.3203125,0.390625,0.0
Workflow reversal 28,Window 8,Discover once,13,0.47424037933349594,0.0,0.0075000000000000015,0.3203125,0.390625,0.0
Workflow reversal 28,Window 8,Discover once,14,0.472365379333496,0.0,0.009375000000000001,0.3203125,0.390625,0.0
Workflow reversal 28,Window 8,Discover once,15,0.469552879333496,0.0,0.012187500000000002,0.3203125,0.390625,0.0
Workflow reversal 28,Window 8,Discover once,16,0.472365379333496,0.0,0.009375000000000001,0.3203125,0.390625,0.0
Workflow reversal 28,Window 8,Discover once,17,0.47072433471679676,0.0078125,0.011015625000000003,0.3203125,0.390625,0.0078125
Workflow reversal 28,Window 8,Discover once,18,0.47259933471679677,0.0078125,0.009140625000000003,0.3203125,0.390625,0.0078125
Workflow reversal 28,Window 8,Discover once,19,0.474240379333496,0.0,0.0075000000000000015,0.3203125,0.390625,0.0
Workflow reversal 28,Window 8,Discover once,20,0.4770524597167968,0.0,0.004687500000000001,0.3203125,0.390625,0.0
Workflow reversal 28,Window 8,Discover once,21,0.476115379333496,0.0,0.005625000000000001,0.3203125,0.390625,0.0
Workflow reversal 28,Window 8,Discover once,22,0.470724754333496,0.0078125,0.011015625000000001,0.3203125,0.390625,0.0078125
Workflow reversal 28,Window 8,Discover once,23,0.47424037933349594,0.0,0.0075000000000000015,0.3203125,0.390625,0.0
Workflow reversal 28,Window 8,Discover once,24,0.47611537933349596,0.0,0.005625000000000001,0.3203125,0.390625,0.0
Workflow reversal 28,Window 8,Discover once,25,0.47705287933349594,0.0,0.004687500000000001,0.3203125,0.390625,0.0
Workflow reversal 28,Window 8,Discover once,26,0.47142787933349595,0.0,0.010312500000000002,0.3203125,0.390625,0.0
Workflow reversal 28,Window 8,Discover once,27,0.474240379333496,0.0,0.0075000000000000015,0.3203125,0.390625,0.0
Workflow reversal 28,Window 8,Discover once,28,0.474240379333496,0.0,0.0075000000000000015,0.3203125,0.390625,0.0
Workflow reversal 28,Window 8,Discover once,29,0.475177879333496,0.0,0.2465625000000001,0.3203125,0.390625,0.0
Workflow reversal 28,Window 8,Discover once,30,0.48080287933349597,0.0,0.24093750000000008,0.3203125,0.390625,0.0234375
Workflow reversal 28,Window 8,Discover once,31,0.48455287933349594,0.0,0.2371875000000001,0.3203125,0.390625,0.03125
Workflow reversal 28,Window 8,Discover once,32,0.500490379333496,0.0,0.22125000000000006,0.3203125,0.390625,0.1015625
Workflow reversal 28,Window 8,Discover once,33,0.5670528793334961,0.0,0.15468750000000003,0.3203125,0.390625,0.3671875
Workflow reversal 28,Window 8,Discover once,34,0.668302879333496,0.0,0.0534375,0.3203125,0.390625,0.7890625
Workflow reversal 28,Window 8,Discover once,35,0.716115379333496,0.0,0.005625,0.3203125,0.390625,0.9765625
Workflow reversal 28,Window 8,Discover once,36,0.7179903793334961,0.0,0.00375,0.3203125,0.390625,0.984375
Workflow reversal 28,Window 8,Discover once,37,0.7217399597167968,0.0,0.0,0.3203125,0.390625,1.0
Workflow reversal 28,Window 8,Discover once,38,0.721740379333496,0.0,0.0,0.3203125,0.390625,1.0
Workflow reversal 28,Window 8,Discover once,39,0.7217399597167968,0.0,0.0,0.3203125,0.390625,1.0
Workflow reversal 28,Window 8,Discover once,40,0.721740379333496,0.0,0.0,0.3203125,0.390625,1.0
Workflow reversal 28,Window 8,Discover once,41,0.721740379333496,0.0,0.0,0.3203125,0.390625,1.0
Workflow reversal 28,Window 8,Discover once,42,0.721740379333496,0.0,0.0,0.3203125,0.390625,1.0
Workflow reversal 28,Window 8,Discover once,43,0.7217399597167968,0.0,0.0,0.3203125,0.390625,1.0
Workflow reversal 28,Window 8,Discover once,44,0.7217399597167968,0.0,0.0,0.3203125,0.390625,1.0
Workflow reversal 28,Window 8,Discover once,45,0.7198649597167968,0.0,0.001875,0.3203125,0.390625,0.9921875
Workflow reversal 28,Window 8,Discover once,46,0.719865379333496,0.0,0.001875,0.3203125,0.390625,0.9921875
Workflow reversal 28,Window 8,Discover once,47,0.721740379333496,0.0,0.0,0.3203125,0.390625,1.0
Workflow reversal 28,Window 8,Discover once,48,0.721740379333496,0.0,0.0,0.3203125,0.390625,1.0
Workflow reversal 28,Window 8,Repeated discovery,1,0.4425815200805664,0.0,0.014062500000000002,0.3203125,0.390625,0.0
Workflow reversal 28,Window 8,Repeated discovery,2,0.4751855468749998,0.0,0.010312500000000002,0.3203125,0.390625,0.0
Workflow reversal 28,Window 8,Repeated discovery,3,0.47424804687499983,0.0,0.011250000000000003,0.3203125,0.390625,0.0
Workflow reversal 28,Window 8,Repeated discovery,4,0.4770605468749999,0.0,0.0084375,0.3203125,0.390625,0.0
Workflow reversal 28,Window 8,Repeated discovery,5,0.47893554687499984,0.0,0.0065625000000000015,0.3203125,0.390625,0.0
Workflow reversal 28,Window 8,Repeated discovery,6,0.47893554687499984,0.0,0.006562500000000001,0.3203125,0.390625,0.0
Workflow reversal 28,Window 8,Repeated discovery,7,0.47893554687499984,0.0,0.006562500000000001,0.3203125,0.390625,0.0
Workflow reversal 28,Window 8,Repeated discovery,8,0.47893554687499984,0.0,0.006562500000000001,0.3203125,0.390625,0.0
Workflow reversal 28,Window 8,Repeated discovery,9,0.45583408355712873,0.0,0.0009375000000000002,0.328125,0.3671875,0.0
Workflow reversal 28,Window 8,Repeated discovery,10,0.48549804687499987,0.0,0.0,0.328125,0.3671875,0.0
Workflow reversal 28,Window 8,Repeated discovery,11,0.48549804687499987,0.0,0.0,0.328125,0.3671875,0.0
Workflow reversal 28,Window 8,Repeated discovery,12,0.48549804687499987,0.0,0.0,0.328125,0.3671875,0.0
Workflow reversal 28,Window 8,Repeated discovery,13,0.48456054687499983,0.0,0.0009375000000000002,0.328125,0.3671875,0.0
Workflow reversal 28,Window 8,Repeated discovery,14,0.48456054687499983,0.0,0.0009375000000000002,0.328125,0.3671875,0.0
Workflow reversal 28,Window 8,Repeated discovery,15,0.48268554687499987,0.0,0.0028125000000000008,0.328125,0.3671875,0.0
Workflow reversal 28,Window 8,Repeated discovery,16,0.48174804687499984,0.0,0.0037500000000000007,0.328125,0.3671875,0.0
Workflow reversal 28,Window 8,Repeated discovery,17,0.45582359313964826,0.0,0.0009375000000000002,0.34375,0.296875,0.0
Workflow reversal 28,Window 8,Repeated discovery,18,0.48174804687499984,0.0,0.0037500000000000007,0.34375,0.296875,0.0
Workflow reversal 28,Window 8,Repeated discovery,19,0.48362304687499985,0.0,0.0018750000000000004,0.34375,0.296875,0.0
Workflow reversal 28,Window 8,Repeated discovery,20,0.48268554687499987,0.0,0.0028125000000000008,0.34375,0.296875,0.0
Workflow reversal 28,Window 8,Repeated discovery,21,0.48081054687499986,0.0,0.004687500000000001,0.34375,0.296875,0.0
Workflow reversal 28,Window 8,Repeated discovery,22,0.48174804687499984,0.0,0.0037500000000000007,0.34375,0.296875,0.0
Workflow reversal 28,Window 8,Repeated discovery,23,0.48456054687499983,0.0,0.0009375000000000002,0.34375,0.296875,0.0
Workflow reversal 28,Window 8,Repeated discovery,24,0.48456054687499983,0.0,0.0009375000000000002,0.34375,0.296875,0.0
Workflow reversal 28,Window 8,Repeated discovery,25,0.45675918579101543,0.0,0.0,0.375,0.2421875,0.0
Workflow reversal 28,Window 8,Repeated discovery,26,0.48362304687499985,0.0,0.0018750000000000004,0.375,0.2421875,0.0
Workflow reversal 28,Window 8,Repeated discovery,27,0.48268554687499987,0.0,0.0028125000000000008,0.375,0.2421875,0.0
Workflow reversal 28,Window 8,Repeated discovery,28,0.48268554687499987,0.0,0.0028125000000000008,0.375,0.2421875,0.0
Workflow reversal 28,Window 8,Repeated discovery,29,0.48456054687499983,0.0,0.24093750000000008,0.375,0.2421875,0.0
Workflow reversal 28,Window 8,Repeated discovery,30,0.48362304687499985,0.0,0.2418750000000001,0.375,0.2421875,0.0
Workflow reversal 28,Window 8,Repeated discovery,31,0.48456054687499983,0.0,0.24093750000000008,0.375,0.2421875,0.0
Workflow reversal 28,Window 8,Repeated discovery,32,0.48268554687499987,0.0,0.2428125000000001,0.375,0.2421875,0.0
Workflow reversal 28,Window 8,Repeated discovery,33,0.5486389541625976,0.0,0.14812500000000003,0.3046875,0.3046875,0.3828125
Workflow reversal 28,Window 8,Repeated discovery,34,0.710498046875,0.0,0.015,0.3046875,0.3046875,0.9375
Workflow reversal 28,Window 8,Repeated discovery,35,0.725498046875,0.0,0.0,0.3046875,0.3046875,1.0
Workflow reversal 28,Window 8,Repeated discovery,36,0.725498046875,0.0,0.0,0.3046875,0.3046875,1.0
Workflow reversal 28,Window 8,Repeated discovery,37,0.725498046875,0.0,0.0,0.3046875,0.3046875,1.0
Workflow reversal 28,Window 8,Repeated discovery,38,0.725498046875,0.0,0.0,0.3046875,0.3046875,1.0
Workflow reversal 28,Window 8,Repeated discovery,39,0.725498046875,0.0,0.0,0.3046875,0.3046875,1.0
Workflow reversal 28,Window 8,Repeated discovery,40,0.725498046875,0.0,0.0,0.3046875,0.3046875,1.0
Workflow reversal 28,Window 8,Repeated discovery,41,0.6967567443847658,0.0,0.0,0.3046875,0.328125,1.0
Workflow reversal 28,Window 8,Repeated discovery,42,0.725498046875,0.0,0.0,0.3046875,0.328125,1.0
Workflow reversal 28,Window 8,Repeated discovery,43,0.725498046875,0.0,0.0,0.3046875,0.328125,1.0
Workflow reversal 28,Window 8,Repeated discovery,44,0.725498046875,0.0,0.0,0.3046875,0.328125,1.0
Workflow reversal 28,Window 8,Repeated discovery,45,0.725498046875,0.0,0.0,0.3046875,0.328125,1.0
Workflow reversal 28,Window 8,Repeated discovery,46,0.725498046875,0.0,0.0,0.3046875,0.328125,1.0
Workflow reversal 28,Window 8,Repeated discovery,47,0.725498046875,0.0,0.0,0.3046875,0.328125,1.0
Workflow reversal 28,Window 8,Repeated discovery,48,0.725498046875,0.0,0.0,0.3046875,0.328125,1.0
Workflow reversal 28,Window 8,Trial-matched Balanced,1,0.4436058044433594,0.0,0.013125000000000003,1.0,0.0,0.0
Workflow reversal 28,Window 8,Trial-matched Balanced,2,0.4751855468749998,0.0,0.010312500000000002,1.0,0.0,0.0
Workflow reversal 28,Window 8,Trial-matched Balanced,3,0.4751855468749998,0.0,0.010312500000000002,1.0,0.0,0.0
Workflow reversal 28,Window 8,Trial-matched Balanced,4,0.4798730468749999,0.0,0.0056250000000000015,1.0,0.0,0.0
Workflow reversal 28,Window 8,Trial-matched Balanced,5,0.48081054687499986,0.0,0.004687500000000001,1.0,0.0,0.0
Workflow reversal 28,Window 8,Trial-matched Balanced,6,0.48174804687499984,0.0,0.0037500000000000007,1.0,0.0,0.0
Workflow reversal 28,Window 8,Trial-matched Balanced,7,0.48081054687499986,0.0,0.004687500000000001,1.0,0.0,0.0
Workflow reversal 28,Window 8,Trial-matched Balanced,8,0.48174804687499984,0.0,0.0037500000000000007,1.0,0.0,0.0
Workflow reversal 28,Window 8,Trial-matched Balanced,9,0.4549414062499998,0.0,0.0018750000000000004,1.0,0.0,0.0
Workflow reversal 28,Window 8,Trial-matched Balanced,10,0.48456054687499983,0.0,0.0009375000000000002,1.0,0.0,0.0
Workflow reversal 28,Window 8,Trial-matched Balanced,11,0.48456054687499983,0.0,0.0009375000000000002,1.0,0.0,0.0
Workflow reversal 28,Window 8,Trial-matched Balanced,12,0.48456054687499983,0.0,0.0009375000000000002,1.0,0.0,0.0
Workflow reversal 28,Window 8,Trial-matched Balanced,13,0.48456054687499983,0.0,0.0009375000000000002,1.0,0.0,0.0
Workflow reversal 28,Window 8,Trial-matched Balanced,14,0.48456054687499983,0.0,0.0009375000000000002,1.0,0.0,0.0
Workflow reversal 28,Window 8,Trial-matched Balanced,15,0.48456054687499983,0.0,0.0009375000000000002,1.0,0.0,0.0
Workflow reversal 28,Window 8,Trial-matched Balanced,16,0.48362304687499985,0.0,0.0018750000000000004,1.0,0.0,0.0
Workflow reversal 28,Window 8,Trial-matched Balanced,17,0.4568164062499998,0.0,0.0,1.0,0.0,0.0
Workflow reversal 28,Window 8,Trial-matched Balanced,18,0.48456054687499983,0.0,0.0009375000000000002,1.0,0.0,0.0
Workflow reversal 28,Window 8,Trial-matched Balanced,19,0.48456054687499983,0.0,0.0009375000000000002,1.0,0.0,0.0
Workflow reversal 28,Window 8,Trial-matched Balanced,20,0.48456054687499983,0.0,0.0009375000000000002,1.0,0.0,0.0
Workflow reversal 28,Window 8,Trial-matched Balanced,21,0.48362304687499985,0.0,0.0018750000000000004,1.0,0.0,0.0
Workflow reversal 28,Window 8,Trial-matched Balanced,22,0.48456054687499983,0.0,0.0009375000000000002,1.0,0.0,0.0
Workflow reversal 28,Window 8,Trial-matched Balanced,23,0.48549804687499987,0.0,0.0,1.0,0.0,0.0
Workflow reversal 28,Window 8,Trial-matched Balanced,24,0.48549804687499987,0.0,0.0,1.0,0.0,0.0
Workflow reversal 28,Window 8,Trial-matched Balanced,25,0.45681682586669903,0.0,0.0,1.0,0.0,0.0
Workflow reversal 28,Window 8,Trial-matched Balanced,26,0.48549804687499987,0.0,0.0,1.0,0.0,0.0
Workflow reversal 28,Window 8,Trial-matched Balanced,27,0.48549804687499987,0.0,0.0,1.0,0.0,0.0
Workflow reversal 28,Window 8,Trial-matched Balanced,28,0.48549804687499987,0.0,0.0,1.0,0.0,0.0
Workflow reversal 28,Window 8,Trial-matched Balanced,29,0.48549804687499987,0.0,0.2400000000000001,1.0,0.0,0.0
Workflow reversal 28,Window 8,Trial-matched Balanced,30,0.48549804687499987,0.0,0.2400000000000001,1.0,0.0,0.0
Workflow reversal 28,Window 8,Trial-matched Balanced,31,0.48549804687499987,0.0,0.2400000000000001,1.0,0.0,0.0
Workflow reversal 28,Window 8,Trial-matched Balanced,32,0.4873730468749999,0.0,0.2381250000000001,1.0,0.0,0.0078125
Workflow reversal 28,Window 8,Trial-matched Balanced,33,0.52806640625,0.0,0.16875000000000004,1.0,0.0,0.296875
Workflow reversal 28,Window 8,Trial-matched Balanced,34,0.7142480468749999,0.0,0.01125,1.0,0.0,0.953125
Workflow reversal 28,Window 8,Trial-matched Balanced,35,0.725498046875,0.0,0.0,1.0,0.0,1.0
Workflow reversal 28,Window 8,Trial-matched Balanced,36,0.725498046875,0.0,0.0,1.0,0.0,1.0
Workflow reversal 28,Window 8,Trial-matched Balanced,37,0.725498046875,0.0,0.0,1.0,0.0,1.0
Workflow reversal 28,Window 8,Trial-matched Balanced,38,0.725498046875,0.0,0.0,1.0,0.0,1.0
Workflow reversal 28,Window 8,Trial-matched Balanced,39,0.725498046875,0.0,0.0,1.0,0.0,1.0
Workflow reversal 28,Window 8,Trial-matched Balanced,40,0.725498046875,0.0,0.0,1.0,0.0,1.0
Workflow reversal 28,Window 8,Trial-matched Balanced,41,0.6968168258666994,0.0,0.0,1.0,0.0,1.0
Workflow reversal 28,Window 8,Trial-matched Balanced,42,0.725498046875,0.0,0.0,1.0,0.0,1.0
Workflow reversal 28,Window 8,Trial-matched Balanced,43,0.725498046875,0.0,0.0,1.0,0.0,1.0
Workflow reversal 28,Window 8,Trial-matched Balanced,44,0.725498046875,0.0,0.0,1.0,0.0,1.0
Workflow reversal 28,Window 8,Trial-matched Balanced,45,0.725498046875,0.0,0.0,1.0,0.0,1.0
Workflow reversal 28,Window 8,Trial-matched Balanced,46,0.725498046875,0.0,0.0,1.0,0.0,1.0
Workflow reversal 28,Window 8,Trial-matched Balanced,47,0.725498046875,0.0,0.0,1.0,0.0,1.0
Workflow reversal 28,Window 8,Trial-matched Balanced,48,0.725498046875,0.0,0.0,1.0,0.0,1.0
