scenario,policy,period,value,se,audit_rate,safe_route_share
Stationary,Fixed sparse,0,0.8740312500000001,0.005031629428087659,0.025,0.0
Stationary,Fixed sparse,1,0.85710625,0.00584988558858998,0.025,0.0225
Stationary,Fixed sparse,2,0.868109375,0.006256293774602802,0.025,0.0625
Stationary,Fixed sparse,3,0.8468437500000001,0.006832109998560094,0.025,0.075
Stationary,Fixed sparse,4,0.855159375,0.0069010006867369815,0.025,0.0775
Stationary,Fixed sparse,5,0.854671875,0.007008366541018607,0.025,0.0625
Stationary,Fixed sparse,6,0.8523531250000002,0.006142628362452751,0.025,0.07
Stationary,Fixed sparse,7,0.855928125,0.006712748840775609,0.025,0.0675
Stationary,Fixed sparse,8,0.858396875,0.006020168852386039,0.025,0.055
Stationary,Fixed sparse,9,0.870671875,0.005809626210963466,0.025,0.05
Stationary,Fixed sparse,10,0.8582906250000001,0.006200167074889176,0.025,0.045
Stationary,Fixed sparse,11,0.85638125,0.0063765444143174576,0.025,0.0425
Stationary,Fixed sparse,12,0.8560500000000002,0.006716164559085176,0.025,0.04
Stationary,Fixed sparse,13,0.84904375,0.006819186974436511,0.025,0.06
Stationary,Fixed sparse,14,0.8538125000000001,0.006529735309904879,0.025,0.05
Stationary,Fixed sparse,15,0.856878125,0.006275176420197079,0.025,0.0525
Stationary,Fixed sparse,16,0.8567500000000001,0.0064029958037748165,0.025,0.05
Stationary,Fixed sparse,17,0.858021875,0.0065290787869615894,0.025,0.055
Stationary,Fixed sparse,18,0.8536218750000001,0.006809691223229233,0.025,0.06
Stationary,Fixed sparse,19,0.856878125,0.006443032544171189,0.025,0.065
Stationary,Fixed sparse,20,0.8538625000000001,0.006598200541935962,0.025,0.0525
Stationary,Fixed sparse,21,0.85711875,0.006284744271148038,0.025,0.0575
Stationary,Fixed sparse,22,0.8683312500000001,0.006218207917709363,0.025,0.0525
Stationary,Fixed sparse,23,0.8636156250000002,0.006022137310040006,0.025,0.0425
Stationary,Fixed sparse,24,0.855584375,0.006351928539976332,0.025,0.055
Stationary,Fixed sparse,25,0.8622062500000002,0.006396301386321269,0.025,0.0525
Stationary,Fixed sparse,26,0.85580625,0.0064632234422348726,0.025,0.045
Stationary,Fixed sparse,27,0.868228125,0.006100718195987508,0.025,0.045
Stationary,Fixed sparse,28,0.8598125000000002,0.006305759261105878,0.025,0.05
Stationary,Fixed sparse,29,0.8649000000000001,0.005927696397966597,0.025,0.045
Stationary,Fixed sparse,30,0.86456875,0.005753072751151672,0.025,0.0425
Stationary,Fixed sparse,31,0.866075,0.0056364077444685245,0.025,0.035
Stationary,Fixed sparse,32,0.8695812500000001,0.005671149718104491,0.025,0.0275
Stationary,Fixed sparse,33,0.867275,0.0062040613087765055,0.025,0.0325
Stationary,Fixed sparse,34,0.8612093749999999,0.006123437042845519,0.025,0.0425
Stationary,Fixed sparse,35,0.8495343750000001,0.006173082061305558,0.025,0.0525
Stationary,Fixed sparse,36,0.8621593750000001,0.006227466661770024,0.025,0.0525
Stationary,Fixed sparse,37,0.85419375,0.0062495845648271745,0.025,0.0425
Stationary,Fixed sparse,38,0.8688218750000002,0.006160465895080262,0.025,0.045
Stationary,Fixed sparse,39,0.8628312500000002,0.0061478318428747234,0.025,0.04
Stationary,Fixed sparse,40,0.865790625,0.006392762505523611,0.025,0.0325
Stationary,Fixed sparse,41,0.8584,0.0064465223474319735,0.025,0.045
Stationary,Fixed sparse,42,0.858540625,0.006334995199294642,0.025,0.045
Stationary,Fixed sparse,43,0.859890625,0.006143239122763093,0.025,0.05
Stationary,Fixed sparse,44,0.8629343750000001,0.006265832622857684,0.025,0.06
Stationary,Fixed sparse,45,0.8451156250000001,0.006424391550743666,0.025,0.0675
Stationary,Fixed sparse,46,0.8479875,0.006097488498808979,0.025,0.0525
Stationary,Fixed sparse,47,0.8568937500000001,0.006176985723446583,0.025,0.04
Stationary,Fixed sparse,48,0.848590625,0.006368488751725214,0.025,0.06
Stationary,Fixed sparse,49,0.85335,0.006495091830641902,0.025,0.055
Stationary,Fixed sparse,50,0.856684375,0.0062714003119283155,0.025,0.06
Stationary,Fixed sparse,51,0.8583875000000001,0.006164511166075268,0.025,0.06
Stationary,Fixed sparse,52,0.857359375,0.006063879692032739,0.025,0.0625
Stationary,Fixed sparse,53,0.8545687500000001,0.006509387492588332,0.025,0.055
Stationary,Fixed sparse,54,0.8566281250000002,0.0059389420797734,0.025,0.0525
Stationary,Fixed sparse,55,0.85388125,0.006327500067768691,0.025,0.0425
Stationary,Fixed sparse,56,0.8646375000000001,0.005891698892209798,0.025,0.0475
Stationary,Fixed sparse,57,0.8566625000000001,0.006179702119040625,0.025,0.0425
Stationary,Fixed sparse,58,0.8583968750000001,0.006027417415898341,0.025,0.0425
Stationary,Fixed sparse,59,0.8579812500000001,0.006262875764430865,0.025,0.035
Stationary,Fixed sparse,60,0.865709375,0.005763854754522056,0.025,0.03
Stationary,Fixed sparse,61,0.8699875,0.005419531209496053,0.025,0.0275
Stationary,Fixed sparse,62,0.8593906250000001,0.006510321067593851,0.025,0.0375
Stationary,Fixed sparse,63,0.8682125000000002,0.005840973592595544,0.025,0.0325
Stationary,Fixed sparse,64,0.86385625,0.006127858130334572,0.025,0.035
Stationary,Fixed sparse,65,0.8708843749999999,0.005722043684523251,0.025,0.0325
Stationary,Fixed sparse,66,0.8705531250000001,0.00543777337548825,0.025,0.0425
Stationary,Fixed sparse,67,0.8687062500000002,0.005580946531531483,0.025,0.04
Stationary,Fixed sparse,68,0.8585625,0.00630666744614902,0.025,0.0375
Stationary,Fixed sparse,69,0.8586562499999999,0.0066229409881997815,0.025,0.05
Stationary,Fixed sparse,70,0.8666843750000001,0.00636518752656938,0.025,0.0475
Stationary,Fixed sparse,71,0.8589031250000002,0.006365518433602425,0.025,0.06
Stationary,Fixed sparse,72,0.860925,0.005888488155983494,0.025,0.0525
Stationary,Fixed sparse,73,0.852834375,0.00618545175199144,0.025,0.0425
Stationary,Fixed sparse,74,0.8701125000000001,0.00577847805761004,0.025,0.04
Stationary,Fixed sparse,75,0.8725562499999999,0.005555217725800346,0.025,0.0325
Stationary,Fixed sparse,76,0.8642062500000001,0.005973939847000696,0.025,0.0525
Stationary,Fixed sparse,77,0.855184375,0.007107083435659596,0.025,0.0475
Stationary,Fixed sparse,78,0.8651062500000001,0.005901727508964551,0.025,0.0475
Stationary,Fixed sparse,79,0.873371875,0.005917585814673159,0.025,0.035
Stationary,Fixed sparse,80,0.8637281250000001,0.005608010821719878,0.025,0.0325
Stationary,Fixed sparse,81,0.8759718750000002,0.005338846468772891,0.025,0.0275
Stationary,Fixed sparse,82,0.8579281250000002,0.006006973089341764,0.025,0.03
Stationary,Fixed sparse,83,0.8651875000000001,0.0060278022905749535,0.025,0.0375
Stationary,Fixed sparse,84,0.8770937500000001,0.00580072036316809,0.025,0.0375
Stationary,Fixed sparse,85,0.8702125,0.0056889555822811555,0.025,0.0325
Stationary,Fixed sparse,86,0.860378125,0.005751815051381537,0.025,0.0275
Stationary,Fixed sparse,87,0.8641562500000001,0.005769896305787705,0.025,0.0375
Stationary,Fixed sparse,88,0.8613906250000002,0.006480666629158931,0.025,0.05
Stationary,Fixed sparse,89,0.8597156250000001,0.00690820210754362,0.025,0.0475
Stationary,Fixed sparse,90,0.864465625,0.0060032999043966445,0.025,0.0475
Stationary,Fixed sparse,91,0.8633812500000001,0.005910726628917822,0.025,0.0425
Stationary,Fixed sparse,92,0.8620812500000001,0.005592963551357257,0.025,0.04
Stationary,Fixed sparse,93,0.859440625,0.005961409695684229,0.025,0.04
Stationary,Fixed sparse,94,0.8652781250000001,0.005946329832596828,0.025,0.035
Stationary,Fixed sparse,95,0.857971875,0.005987151419363125,0.025,0.04
Stationary,Fixed sparse,96,0.87233125,0.006157526027699619,0.025,0.04
Stationary,Fixed sparse,97,0.8457718750000001,0.0066886340750605495,0.025,0.0425
Stationary,Fixed sparse,98,0.861925,0.005849747560583823,0.025,0.04
Stationary,Fixed sparse,99,0.8711281250000001,0.005501465825455756,0.025,0.04
Stationary,Fixed sparse,100,0.8635593750000001,0.005946032236440567,0.025,0.035
Stationary,Fixed sparse,101,0.8623312500000001,0.00580434867674633,0.025,0.04
Stationary,Fixed sparse,102,0.86486875,0.005993786261033265,0.025,0.0325
Stationary,Fixed sparse,103,0.868940625,0.005904229016908872,0.025,0.04
Stationary,Fixed sparse,104,0.8563625000000001,0.0062835664736235666,0.025,0.04
Stationary,Fixed sparse,105,0.866278125,0.006324264916170946,0.025,0.0475
Stationary,Fixed sparse,106,0.857984375,0.006382588713797653,0.025,0.05
Stationary,Fixed sparse,107,0.8628093750000001,0.006196003038150511,0.025,0.0475
Stationary,Fixed sparse,108,0.8694500000000001,0.0057347434352523945,0.025,0.0475
Stationary,Fixed sparse,109,0.8593968750000002,0.006159703199524025,0.025,0.055
Stationary,Fixed sparse,110,0.857571875,0.006153504523980833,0.025,0.0575
Stationary,Fixed sparse,111,0.8625218750000001,0.006447078334755374,0.025,0.055
Stationary,Fixed sparse,112,0.8677187500000001,0.006278691778824427,0.025,0.05
Stationary,Fixed sparse,113,0.86405625,0.006271827478566035,0.025,0.0575
Stationary,Fixed sparse,114,0.855221875,0.006583274640181441,0.025,0.0525
Stationary,Fixed sparse,115,0.8576937499999999,0.006410416564852169,0.025,0.055
Stationary,Fixed sparse,116,0.8432375000000002,0.006444892706291862,0.025,0.0525
Stationary,Fixed sparse,117,0.85625,0.0062591568260375405,0.025,0.05
Stationary,Fixed sparse,118,0.85814375,0.006260007581536622,0.025,0.0525
Stationary,Fixed sparse,119,0.8601562500000002,0.0058968971410457835,0.025,0.05
Stationary,Fixed sparse,120,0.8582843750000001,0.006444932761559737,0.025,0.065
Stationary,Fixed sparse,121,0.8561093750000001,0.0064055975640473824,0.025,0.0625
Stationary,Fixed sparse,122,0.8643937500000001,0.006734449847739833,0.025,0.0525
Stationary,Fixed sparse,123,0.86421875,0.006044987973631306,0.025,0.05
Stationary,Fixed sparse,124,0.867709375,0.006090789981800756,0.025,0.0425
Stationary,Fixed sparse,125,0.8600031250000001,0.006105684242275953,0.025,0.0525
Stationary,Fixed sparse,126,0.8598937499999999,0.006534065464439248,0.025,0.0525
Stationary,Fixed sparse,127,0.8585531250000001,0.006947258595748501,0.025,0.055
Stationary,Fixed sparse,128,0.8648093750000001,0.00615470402161083,0.025,0.06
Stationary,Fixed sparse,129,0.8614625000000001,0.006296080471820871,0.025,0.045
Stationary,Fixed sparse,130,0.863065625,0.0061724822319536,0.025,0.04
Stationary,Fixed sparse,131,0.85275,0.00621295726949586,0.025,0.05
Stationary,Fixed sparse,132,0.860140625,0.006650122851741656,0.025,0.05
Stationary,Fixed sparse,133,0.8624218750000001,0.0061694713721570675,0.025,0.0375
Stationary,Fixed sparse,134,0.8565593750000001,0.0057627542715383735,0.025,0.0475
Stationary,Fixed sparse,135,0.8683500000000001,0.005984950908293795,0.025,0.03
Stationary,Fixed sparse,136,0.8580281250000001,0.005827293572731077,0.025,0.035
Stationary,Fixed sparse,137,0.8506093749999999,0.006578171508625377,0.025,0.05
Stationary,Fixed sparse,138,0.86431875,0.00632541065235262,0.025,0.055
Stationary,Fixed sparse,139,0.86021875,0.006232398264123562,0.025,0.0375
Stationary,Fixed sparse,140,0.8664125000000001,0.00602176734349834,0.025,0.03
Stationary,Fixed sparse,141,0.8618750000000002,0.006259672965826389,0.025,0.0375
Stationary,Fixed sparse,142,0.8711125000000002,0.005616619662368484,0.025,0.04
Stationary,Fixed sparse,143,0.854459375,0.006357007030975988,0.025,0.0425
Stationary,Fixed sparse,144,0.862925,0.0058571221211962555,0.025,0.04
Stationary,Fixed sparse,145,0.8647687500000001,0.005520398836758624,0.025,0.04
Stationary,Fixed sparse,146,0.867353125,0.005896058448066682,0.025,0.045
Stationary,Fixed sparse,147,0.8532531250000001,0.006368266842627451,0.025,0.0525
Stationary,Fixed sparse,148,0.8576937500000003,0.006262056346185393,0.025,0.0425
Stationary,Fixed sparse,149,0.8566750000000001,0.006390931246147345,0.025,0.0525
Stationary,Fixed sparse,150,0.8655625,0.0062039492371567685,0.025,0.05
Stationary,Fixed sparse,151,0.8636437499999999,0.006266809405223462,0.025,0.04
Stationary,Fixed sparse,152,0.8562718750000002,0.006315700165820675,0.025,0.0425
Stationary,Fixed sparse,153,0.8648875000000001,0.0059653824939288,0.025,0.0475
Stationary,Fixed sparse,154,0.869978125,0.005742308245431432,0.025,0.045
Stationary,Fixed sparse,155,0.862221875,0.005543699570268887,0.025,0.04
Stationary,Fixed sparse,156,0.8594093750000001,0.006497146461235524,0.025,0.0525
Stationary,Fixed sparse,157,0.8572,0.006276138138304295,0.025,0.0475
Stationary,Fixed sparse,158,0.8487874999999999,0.00660444335813413,0.025,0.055
Stationary,Fixed sparse,159,0.8604250000000002,0.006182470203186038,0.025,0.0525
Stationary,Fixed dense,0,0.799609375,0.005088104109535507,0.4,0.0
Stationary,Fixed dense,1,0.7872968749999998,0.005633621245438281,0.4,0.0125
Stationary,Fixed dense,2,0.807571875,0.005215961529265037,0.4,0.0075
Stationary,Fixed dense,3,0.79570625,0.005235670403709964,0.4,0.0025
Stationary,Fixed dense,4,0.80301875,0.00521208177455567,0.4,0.0025
Stationary,Fixed dense,5,0.80003125,0.00544516351145767,0.4,0.0
Stationary,Fixed dense,6,0.7919687500000001,0.005411743246960383,0.4,0.0
Stationary,Fixed dense,7,0.8015625,0.005300461814005392,0.4,0.0
Stationary,Fixed dense,8,0.79915625,0.005042861160124725,0.4,0.0
Stationary,Fixed dense,9,0.80903125,0.005364531017824088,0.4,0.0
Stationary,Fixed dense,10,0.794875,0.005406031104772188,0.4,0.0
Stationary,Fixed dense,11,0.7932968749999999,0.005545086791251984,0.4,0.0
Stationary,Fixed dense,12,0.7948906250000002,0.005352035676788083,0.4,0.0
Stationary,Fixed dense,13,0.7936406250000002,0.005277227865390747,0.4,0.0
Stationary,Fixed dense,14,0.79309375,0.005630644750213026,0.4,0.0
Stationary,Fixed dense,15,0.799515625,0.005246521905442132,0.4,0.0
Stationary,Fixed dense,16,0.7964375,0.00539490489491594,0.4,0.0
Stationary,Fixed dense,17,0.8011562499999999,0.0050269556035630785,0.4,0.0
Stationary,Fixed dense,18,0.799125,0.005227490457663448,0.4,0.0
Stationary,Fixed dense,19,0.8006718749999999,0.005312623872118413,0.4,0.0
Stationary,Fixed dense,20,0.79803125,0.005379054532070783,0.4,0.0
Stationary,Fixed dense,21,0.7994843750000001,0.005023594215287808,0.4,0.0
Stationary,Fixed dense,22,0.811984375,0.005067253038003068,0.4,0.0
Stationary,Fixed dense,23,0.801703125,0.00523916230317964,0.4,0.0
Stationary,Fixed dense,24,0.798359375,0.005366324833061568,0.4,0.0
Stationary,Fixed dense,25,0.8048906250000001,0.005295497391293988,0.4,0.0
Stationary,Fixed dense,26,0.797109375,0.005210543958336099,0.4,0.0
Stationary,Fixed dense,27,0.80778125,0.005005185819108343,0.4,0.0
Stationary,Fixed dense,28,0.8030625,0.005172699846296389,0.4,0.0
Stationary,Fixed dense,29,0.7992031249999999,0.005143768773642794,0.4,0.0
Stationary,Fixed dense,30,0.79925,0.004928218688568507,0.4,0.0
Stationary,Fixed dense,31,0.7984531250000001,0.005136054651643868,0.4,0.0
Stationary,Fixed dense,32,0.8016562500000001,0.005372307047827226,0.4,0.0
Stationary,Fixed dense,33,0.8005625,0.005536425822368749,0.4,0.0
Stationary,Fixed dense,34,0.8019375,0.005000087131133047,0.4,0.0
Stationary,Fixed dense,35,0.789109375,0.0053865153371257714,0.4,0.0
Stationary,Fixed dense,36,0.800625,0.005352454611055429,0.4,0.0
Stationary,Fixed dense,37,0.7938437500000001,0.005396988441523531,0.4,0.0
Stationary,Fixed dense,38,0.80509375,0.005298136588638824,0.4,0.0
Stationary,Fixed dense,39,0.799796875,0.005236014570397457,0.4,0.0
Stationary,Fixed dense,40,0.8024374999999999,0.004999881538383652,0.4,0.0
Stationary,Fixed dense,41,0.7954062500000001,0.0055588192445273,0.4,0.0
Stationary,Fixed dense,42,0.797546875,0.00540449921262916,0.4,0.0
Stationary,Fixed dense,43,0.79915625,0.005193589171256544,0.4,0.0
Stationary,Fixed dense,44,0.8052031249999999,0.005135036665653415,0.4,0.0
Stationary,Fixed dense,45,0.7903593749999999,0.005460363859634029,0.4,0.0
Stationary,Fixed dense,46,0.78796875,0.005119139542710092,0.4,0.0
Stationary,Fixed dense,47,0.794734375,0.005366681483294054,0.4,0.0
Stationary,Fixed dense,48,0.7931718749999999,0.005339809319818076,0.4,0.0
Stationary,Fixed dense,49,0.7939687500000001,0.005328612185941491,0.4,0.0
Stationary,Fixed dense,50,0.7989687499999999,0.005461166869248567,0.4,0.0
Stationary,Fixed dense,51,0.79878125,0.005192931252175239,0.4,0.0
Stationary,Fixed dense,52,0.8030625,0.0050147602857648355,0.4,0.0
Stationary,Fixed dense,53,0.7958125000000001,0.00556798151530354,0.4,0.0
Stationary,Fixed dense,54,0.7970625,0.005342056215977295,0.4,0.0
Stationary,Fixed dense,55,0.7935000000000001,0.005291088171169303,0.4,0.0
Stationary,Fixed dense,56,0.802265625,0.005038193079272917,0.4,0.0
Stationary,Fixed dense,57,0.79546875,0.00524295549242817,0.4,0.0
Stationary,Fixed dense,58,0.7958750000000001,0.00526094418122307,0.4,0.0
Stationary,Fixed dense,59,0.7939218749999999,0.005552757192980477,0.4,0.0
Stationary,Fixed dense,60,0.797546875,0.005311863662961962,0.4,0.0
Stationary,Fixed dense,61,0.800796875,0.005065036028117299,0.4,0.0
Stationary,Fixed dense,62,0.7987187499999999,0.005360478056674047,0.4,0.0
Stationary,Fixed dense,63,0.80453125,0.005239780143739867,0.4,0.0
Stationary,Fixed dense,64,0.80009375,0.005666226454986751,0.4,0.0
Stationary,Fixed dense,65,0.804015625,0.005345038874432667,0.4,0.0
Stationary,Fixed dense,66,0.80359375,0.004996860063186824,0.4,0.0
Stationary,Fixed dense,67,0.80390625,0.004941399381446632,0.4,0.0
Stationary,Fixed dense,68,0.799296875,0.005406277785704453,0.4,0.0
Stationary,Fixed dense,69,0.7996562499999998,0.005597406692527141,0.4,0.0
Stationary,Fixed dense,70,0.8048124999999999,0.005262876372874952,0.4,0.0
Stationary,Fixed dense,71,0.798671875,0.00536102016935457,0.4,0.0
Stationary,Fixed dense,72,0.7986093750000001,0.005291223183522222,0.4,0.0
Stationary,Fixed dense,73,0.79025,0.005439734834431022,0.4,0.0
Stationary,Fixed dense,74,0.803703125,0.005034600321620087,0.4,0.0
Stationary,Fixed dense,75,0.80596875,0.005025759683578839,0.4,0.0
Stationary,Fixed dense,76,0.8025625,0.005265199273208136,0.4,0.0
Stationary,Fixed dense,77,0.8004062500000001,0.005193579746070212,0.4,0.0
Stationary,Fixed dense,78,0.80325,0.0052511672231527525,0.4,0.0
Stationary,Fixed dense,79,0.81096875,0.005140377236051459,0.4,0.0
Stationary,Fixed dense,80,0.7980781250000001,0.0049743127735909125,0.4,0.0
Stationary,Fixed dense,81,0.807109375,0.0051073090208528255,0.4,0.0
Stationary,Fixed dense,82,0.7915937500000001,0.005320174272339573,0.4,0.0
Stationary,Fixed dense,83,0.7993437499999999,0.005539802921776556,0.4,0.0
Stationary,Fixed dense,84,0.813875,0.0049148012157130975,0.4,0.0
Stationary,Fixed dense,85,0.8019843749999999,0.0051613958976039565,0.4,0.0
Stationary,Fixed dense,86,0.7910624999999999,0.005207410005876073,0.4,0.0
Stationary,Fixed dense,87,0.7994374999999999,0.005085248943159987,0.4,0.0
Stationary,Fixed dense,88,0.8044843749999999,0.005228307817124001,0.4,0.0
Stationary,Fixed dense,89,0.8051406249999999,0.005269233492634216,0.4,0.0
Stationary,Fixed dense,90,0.801921875,0.00531443871957295,0.4,0.0
Stationary,Fixed dense,91,0.798734375,0.005429828095288506,0.4,0.0
Stationary,Fixed dense,92,0.7989375000000001,0.00480643394342482,0.4,0.0
Stationary,Fixed dense,93,0.7955781250000001,0.005468012112320816,0.4,0.0
Stationary,Fixed dense,94,0.8010468749999999,0.005479615224743343,0.4,0.0
Stationary,Fixed dense,95,0.79621875,0.005161085584775474,0.4,0.0
Stationary,Fixed dense,96,0.8090625,0.005334430629502783,0.4,0.0
Stationary,Fixed dense,97,0.785703125,0.006040301384201861,0.4,0.0
Stationary,Fixed dense,98,0.801359375,0.005030502917318637,0.4,0.0
Stationary,Fixed dense,99,0.80378125,0.005080164606305749,0.4,0.0
Stationary,Fixed dense,100,0.79809375,0.005367267772521567,0.4,0.0
Stationary,Fixed dense,101,0.8006875,0.004955332870405003,0.4,0.0
Stationary,Fixed dense,102,0.7986406249999999,0.0054023861700617645,0.4,0.0
Stationary,Fixed dense,103,0.8035781249999999,0.005373354499008601,0.4,0.0
Stationary,Fixed dense,104,0.794125,0.005494931732912925,0.4,0.0
Stationary,Fixed dense,105,0.8049062499999999,0.005327325941578315,0.4,0.0
Stationary,Fixed dense,106,0.801125,0.005204565679866101,0.4,0.0
Stationary,Fixed dense,107,0.8028125,0.005390433451157094,0.4,0.0
Stationary,Fixed dense,108,0.80784375,0.00476463760622362,0.4,0.0
Stationary,Fixed dense,109,0.799109375,0.00524792776106549,0.4,0.0
Stationary,Fixed dense,110,0.7975937500000001,0.005153518966122003,0.4,0.0
Stationary,Fixed dense,111,0.8046718749999999,0.005014748999267069,0.4,0.0
Stationary,Fixed dense,112,0.8099531250000002,0.00487032706671769,0.4,0.0
Stationary,Fixed dense,113,0.801640625,0.005763010317703181,0.4,0.0
Stationary,Fixed dense,114,0.7999062499999999,0.005161425119990303,0.4,0.0
Stationary,Fixed dense,115,0.80209375,0.004933849049520302,0.4,0.0
Stationary,Fixed dense,116,0.785609375,0.0056796547091294,0.4,0.0
Stationary,Fixed dense,117,0.7982343750000002,0.005438666528483205,0.4,0.0
Stationary,Fixed dense,118,0.8006406250000001,0.0051762671449644615,0.4,0.0
Stationary,Fixed dense,119,0.800234375,0.0052707670272373035,0.4,0.0
Stationary,Fixed dense,120,0.7990468749999999,0.005442099570528805,0.4,0.0
Stationary,Fixed dense,121,0.7990312500000002,0.005303586756484015,0.4,0.0
Stationary,Fixed dense,122,0.8062812500000001,0.005516612519160663,0.4,0.0
Stationary,Fixed dense,123,0.801796875,0.005222894842546774,0.4,0.0
Stationary,Fixed dense,124,0.8038125,0.005409156821717209,0.4,0.0
Stationary,Fixed dense,125,0.8006875,0.005173721775293427,0.4,0.0
Stationary,Fixed dense,126,0.8010625,0.005496398734124574,0.4,0.0
Stationary,Fixed dense,127,0.80303125,0.005523350330031982,0.4,0.0
Stationary,Fixed dense,128,0.8086250000000001,0.004914542253751592,0.4,0.0
Stationary,Fixed dense,129,0.8041874999999998,0.005228573766425446,0.4,0.0
Stationary,Fixed dense,130,0.8011875,0.005515848697867757,0.4,0.0
Stationary,Fixed dense,131,0.792875,0.0054309450089718445,0.4,0.0
Stationary,Fixed dense,132,0.80378125,0.005222043124542367,0.4,0.0
Stationary,Fixed dense,133,0.8005781249999999,0.0051937509872567065,0.4,0.0
Stationary,Fixed dense,134,0.7947812500000001,0.00489585274685534,0.4,0.0
Stationary,Fixed dense,135,0.804859375,0.005125147028481948,0.4,0.0
Stationary,Fixed dense,136,0.7917500000000001,0.005372970561676437,0.4,0.0
Stationary,Fixed dense,137,0.7938906250000001,0.005575061969234104,0.4,0.0
Stationary,Fixed dense,138,0.807046875,0.005207326755019777,0.4,0.0
Stationary,Fixed dense,139,0.7986249999999998,0.005402489520006907,0.4,0.0
Stationary,Fixed dense,140,0.8015312500000001,0.005123494252410161,0.4,0.0
Stationary,Fixed dense,141,0.795203125,0.005478087434480255,0.4,0.0
Stationary,Fixed dense,142,0.8086875,0.004828755137176872,0.4,0.0
Stationary,Fixed dense,143,0.7944999999999999,0.005442426577260568,0.4,0.0
Stationary,Fixed dense,144,0.7976406250000001,0.005347422201411519,0.4,0.0
Stationary,Fixed dense,145,0.79921875,0.005009188133243682,0.4,0.0
Stationary,Fixed dense,146,0.8044218750000001,0.005025749639275481,0.4,0.0
Stationary,Fixed dense,147,0.796078125,0.005237578392648054,0.4,0.0
Stationary,Fixed dense,148,0.7945468750000001,0.005520836972293925,0.4,0.0
Stationary,Fixed dense,149,0.798875,0.005290063005674887,0.4,0.0
Stationary,Fixed dense,150,0.8063749999999998,0.004759134140725974,0.4,0.0
Stationary,Fixed dense,151,0.8018593749999999,0.005250602231447422,0.4,0.0
Stationary,Fixed dense,152,0.793359375,0.005386718895538109,0.4,0.0
Stationary,Fixed dense,153,0.8021875,0.004987084862843021,0.4,0.0
Stationary,Fixed dense,154,0.808125,0.0050333221557495094,0.4,0.0
Stationary,Fixed dense,155,0.799359375,0.004905683450978206,0.4,0.0
Stationary,Fixed dense,156,0.799875,0.005255360373622499,0.4,0.0
Stationary,Fixed dense,157,0.796359375,0.0052924275609940435,0.4,0.0
Stationary,Fixed dense,158,0.7903593749999999,0.005420730537811056,0.4,0.0
Stationary,Fixed dense,159,0.800203125,0.005278612096742916,0.4,0.0
Stationary,Periodic dense,0,0.799609375,0.005088104109535507,0.4,0.0
Stationary,Periodic dense,1,0.7872968749999998,0.005633621245438281,0.4,0.0125
Stationary,Periodic dense,2,0.807571875,0.005215961529265037,0.4,0.0075
Stationary,Periodic dense,3,0.8555187500000002,0.005132686017498959,0.025,0.0025
Stationary,Periodic dense,4,0.877565625,0.005169118565784818,0.025,0.0025
Stationary,Periodic dense,5,0.8734406250000001,0.005539660434898821,0.025,0.0025
Stationary,Periodic dense,6,0.8659093750000001,0.005337238121004082,0.025,0.0025
Stationary,Periodic dense,7,0.8753625,0.0052243416515725585,0.025,0.0025
Stationary,Periodic dense,8,0.8732375000000002,0.0048732573117414085,0.025,0.0025
Stationary,Periodic dense,9,0.881565625,0.005345834252824354,0.025,0.0025
Stationary,Periodic dense,10,0.86945625,0.005376287867728575,0.025,0.0025
Stationary,Periodic dense,11,0.8668625,0.00550453536090683,0.025,0.0025
Stationary,Periodic dense,12,0.77764375,0.0055704563760915135,0.4,0.0025
Stationary,Periodic dense,13,0.7936406250000002,0.005277227865390747,0.4,0.0
Stationary,Periodic dense,14,0.79309375,0.005630644750213026,0.4,0.0
Stationary,Periodic dense,15,0.8582031250000002,0.005154141730738231,0.025,0.0
Stationary,Periodic dense,16,0.8720781250000001,0.005277568739969067,0.025,0.0
Stationary,Periodic dense,17,0.8756562500000001,0.004921940950646185,0.025,0.0
Stationary,Periodic dense,18,0.8745000000000002,0.005151588754743044,0.025,0.0
Stationary,Periodic dense,19,0.8742031250000001,0.005260263454213132,0.025,0.0
Stationary,Periodic dense,20,0.8724531250000002,0.005284821599596323,0.025,0.0
Stationary,Periodic dense,21,0.874753125,0.005050841333297484,0.025,0.0025
Stationary,Periodic dense,22,0.885534375,0.005081554013858639,0.025,0.0025
Stationary,Periodic dense,23,0.8761875,0.005171176040174147,0.025,0.0
Stationary,Periodic dense,24,0.782734375,0.005366324833061568,0.4,0.0
Stationary,Periodic dense,25,0.8048906250000001,0.005295497391293988,0.4,0.0
Stationary,Periodic dense,26,0.797109375,0.005210543958336099,0.4,0.0
Stationary,Periodic dense,27,0.866796875,0.004910324668768627,0.025,0.0
Stationary,Periodic dense,28,0.87678125,0.005060806391963249,0.025,0.0
Stationary,Periodic dense,29,0.8748750000000001,0.005132129874513327,0.025,0.0
Stationary,Periodic dense,30,0.8740937500000001,0.00492706015164607,0.025,0.0
Stationary,Periodic dense,31,0.8742500000000001,0.005032306733387507,0.025,0.0
Stationary,Periodic dense,32,0.876875,0.005278830537947863,0.025,0.0
Stationary,Periodic dense,33,0.8766406250000002,0.005510296611709844,0.025,0.0
Stationary,Periodic dense,34,0.8763593750000002,0.005028605065588526,0.025,0.0
Stationary,Periodic dense,35,0.864375,0.005315148425794011,0.025,0.0
Stationary,Periodic dense,36,0.785,0.005352454611055429,0.4,0.0
Stationary,Periodic dense,37,0.7938437500000001,0.005396988441523531,0.4,0.0
Stationary,Periodic dense,38,0.80509375,0.005298136588638824,0.4,0.0
Stationary,Periodic dense,39,0.8586437500000001,0.005287724283431174,0.025,0.0025
Stationary,Periodic dense,40,0.875878125,0.0052857747699967105,0.025,0.0025
Stationary,Periodic dense,41,0.871421875,0.0054498789943648275,0.025,0.0
Stationary,Periodic dense,42,0.87296875,0.005332199167298902,0.025,0.0
Stationary,Periodic dense,43,0.8742812500000001,0.005135964406472765,0.025,0.0
Stationary,Periodic dense,44,0.8798281250000001,0.005114273569966421,0.025,0.0
Stationary,Periodic dense,45,0.8659375,0.005436234116467724,0.025,0.0
Stationary,Periodic dense,46,0.8642343750000001,0.005067251105969667,0.025,0.0
Stationary,Periodic dense,47,0.8697187500000001,0.0052939329364786614,0.025,0.0
Stationary,Periodic dense,48,0.7775468749999999,0.005339809319818076,0.4,0.0
Stationary,Periodic dense,49,0.7939687500000001,0.005328612185941491,0.4,0.0
Stationary,Periodic dense,50,0.7973468750000001,0.005597196145431838,0.4,0.0025
Stationary,Periodic dense,51,0.8587375,0.00520828504990151,0.025,0.0025
Stationary,Periodic dense,52,0.87638125,0.005078501072926247,0.025,0.005
Stationary,Periodic dense,53,0.870365625,0.005537459988621806,0.025,0.005
Stationary,Periodic dense,54,0.8710375,0.005219842334243526,0.025,0.005
Stationary,Periodic dense,55,0.8655718750000001,0.005582123272210254,0.025,0.0075
Stationary,Periodic dense,56,0.8755687500000002,0.005043600227439653,0.025,0.005
Stationary,Periodic dense,57,0.8697218750000002,0.005262744479401847,0.025,0.0025
Stationary,Periodic dense,58,0.8702843750000001,0.005208920672553559,0.025,0.0025
Stationary,Periodic dense,59,0.8699250000000001,0.005548766839564412,0.025,0.0025
Stationary,Periodic dense,60,0.781471875,0.0053488532070236,0.4,0.0025
Stationary,Periodic dense,61,0.800796875,0.005065036028117299,0.4,0.0
Stationary,Periodic dense,62,0.798034375,0.005397627063122723,0.4,0.0025
Stationary,Periodic dense,63,0.86265625,0.005221625035357136,0.025,0.0
Stationary,Periodic dense,64,0.8743750000000001,0.0055994878844113204,0.025,0.0
Stationary,Periodic dense,65,0.8811875,0.005280266727510945,0.025,0.0
Stationary,Periodic dense,66,0.877734375,0.005034256608280758,0.025,0.0
Stationary,Periodic dense,67,0.877096875,0.005116051579403665,0.025,0.0025
Stationary,Periodic dense,68,0.872128125,0.005447320480210545,0.025,0.0025
Stationary,Periodic dense,69,0.8751750000000001,0.0055222250456575216,0.025,0.0025
Stationary,Periodic dense,70,0.8801750000000002,0.005213346734986845,0.025,0.0025
Stationary,Periodic dense,71,0.874175,0.00550805381221404,0.025,0.0025
Stationary,Periodic dense,72,0.78276875,0.005302484394529542,0.4,0.0025
Stationary,Periodic dense,73,0.79025,0.005439734834431022,0.4,0.0
Stationary,Periodic dense,74,0.8037218749999999,0.005033900580137904,0.4,0.0025
Stationary,Periodic dense,75,0.8665312500000002,0.005000234712144529,0.025,0.0
Stationary,Periodic dense,76,0.8776406250000001,0.005197190402380399,0.025,0.0
Stationary,Periodic dense,77,0.8740468749999999,0.005150169373077881,0.025,0.0
Stationary,Periodic dense,78,0.8783437500000001,0.005108221194729086,0.025,0.0
Stationary,Periodic dense,79,0.8855312500000001,0.005037266888189555,0.025,0.0
Stationary,Periodic dense,80,0.87309375,0.004895294806541392,0.025,0.0
Stationary,Periodic dense,81,0.8816250000000001,0.004935819286610399,0.025,0.0
Stationary,Periodic dense,82,0.8670781250000001,0.005330560886200406,0.025,0.0
Stationary,Periodic dense,83,0.875453125,0.005400184374807561,0.025,0.0
Stationary,Periodic dense,84,0.79825,0.0049148012157130975,0.4,0.0
Stationary,Periodic dense,85,0.8019843749999999,0.0051613958976039565,0.4,0.0
Stationary,Periodic dense,86,0.7910624999999999,0.005207410005876073,0.4,0.0
Stationary,Periodic dense,87,0.859753125,0.005010576217928944,0.025,0.0025
Stationary,Periodic dense,88,0.8800187500000001,0.005195021751503088,0.025,0.0025
Stationary,Periodic dense,89,0.8795343750000001,0.005254607248511892,0.025,0.0025
Stationary,Periodic dense,90,0.877253125,0.005225183954619202,0.025,0.0025
Stationary,Periodic dense,91,0.8724562500000002,0.0055003413168045415,0.025,0.0025
Stationary,Periodic dense,92,0.8737343750000001,0.004799711568351984,0.025,0.0
Stationary,Periodic dense,93,0.8706250000000001,0.005378091871700514,0.025,0.0
Stationary,Periodic dense,94,0.873940625,0.005352750638165802,0.025,0.0025
Stationary,Periodic dense,95,0.8703468750000001,0.005130319422038095,0.025,0.0025
Stationary,Periodic dense,96,0.792753125,0.005337032950514089,0.4,0.0025
Stationary,Periodic dense,97,0.7854875000000001,0.006055712294529048,0.4,0.0025
Stationary,Periodic dense,98,0.7997562500000001,0.005061791959444352,0.4,0.005
Stationary,Periodic dense,99,0.863425,0.005100682880961169,0.025,0.0025
Stationary,Periodic dense,100,0.873140625,0.0053316448282716205,0.025,0.0
Stationary,Periodic dense,101,0.8740031250000001,0.005056247490151674,0.025,0.0025
Stationary,Periodic dense,102,0.874234375,0.005365128832796534,0.025,0.0
Stationary,Periodic dense,103,0.8787187500000002,0.005312117366067031,0.025,0.0
Stationary,Periodic dense,104,0.8687187500000002,0.005403471387444471,0.025,0.0
Stationary,Periodic dense,105,0.87834375,0.005311267686573503,0.025,0.0
Stationary,Periodic dense,106,0.8745218750000001,0.005290157830255016,0.025,0.005
Stationary,Periodic dense,107,0.8749125000000001,0.005617345495018177,0.025,0.005
Stationary,Periodic dense,108,0.790146875,0.00490986113324045,0.4,0.005
Stationary,Periodic dense,109,0.799109375,0.00524792776106549,0.4,0.0
Stationary,Periodic dense,110,0.7975937500000001,0.005153518966122003,0.4,0.0
Stationary,Periodic dense,111,0.8624593750000001,0.005065025532575086,0.025,0.005
Stationary,Periodic dense,112,0.8835531250000002,0.0050436874667117906,0.025,0.005
Stationary,Periodic dense,113,0.8756156250000001,0.005769134605533602,0.025,0.005
Stationary,Periodic dense,114,0.8724437500000002,0.005222305060047166,0.025,0.005
Stationary,Periodic dense,115,0.875834375,0.004892833338206207,0.025,0.005
Stationary,Periodic dense,116,0.8599906250000001,0.005676641754256107,0.025,0.005
Stationary,Periodic dense,117,0.8704437500000001,0.005452752595433914,0.025,0.005
Stationary,Periodic dense,118,0.873959375,0.005107811065476085,0.025,0.005
Stationary,Periodic dense,119,0.8731968750000001,0.005186574861548521,0.025,0.0075
Stationary,Periodic dense,120,0.7815843749999999,0.005551625110548136,0.4,0.005
Stationary,Periodic dense,121,0.7990312500000002,0.005303586756484015,0.4,0.0
Stationary,Periodic dense,122,0.8062812500000001,0.005516612519160663,0.4,0.0
Stationary,Periodic dense,123,0.85950625,0.0052729459525620356,0.025,0.005
Stationary,Periodic dense,124,0.8796156250000001,0.005355904232657351,0.025,0.005
Stationary,Periodic dense,125,0.873709375,0.005145527249231111,0.025,0.005
Stationary,Periodic dense,126,0.8745375,0.005573680928669269,0.025,0.005
Stationary,Periodic dense,127,0.8764406250000002,0.005533295650902741,0.025,0.0025
Stationary,Periodic dense,128,0.88289375,0.004830888879985823,0.025,0.0025
Stationary,Periodic dense,129,0.878253125,0.005082122231499424,0.025,0.0025
Stationary,Periodic dense,130,0.8761250000000002,0.005405578346082784,0.025,0.0
Stationary,Periodic dense,131,0.8683125000000002,0.005361821395857726,0.025,0.0
Stationary,Periodic dense,132,0.78815625,0.005222043124542367,0.4,0.0
Stationary,Periodic dense,133,0.8005781249999999,0.0051937509872567065,0.4,0.0
Stationary,Periodic dense,134,0.7947812500000001,0.00489585274685534,0.4,0.0
Stationary,Periodic dense,135,0.8614437500000001,0.00517885428452516,0.025,0.005
Stationary,Periodic dense,136,0.8667093750000001,0.0053497020226809956,0.025,0.005
Stationary,Periodic dense,137,0.8673812500000001,0.005459091130148122,0.025,0.005
Stationary,Periodic dense,138,0.8784750000000001,0.005234889042110446,0.025,0.005
Stationary,Periodic dense,139,0.870990625,0.00547100340926222,0.025,0.005
Stationary,Periodic dense,140,0.87464375,0.005083067719369178,0.025,0.0025
Stationary,Periodic dense,141,0.8709874999999999,0.005515294332086808,0.025,0.0025
Stationary,Periodic dense,142,0.8811625000000001,0.00484924075362231,0.025,0.005
Stationary,Periodic dense,143,0.8666187500000001,0.0054296930945816006,0.025,0.0075
Stationary,Periodic dense,144,0.7787906250000001,0.00573111545020097,0.4,0.0075
Stationary,Periodic dense,145,0.79876875,0.0050417837354880994,0.4,0.0025
Stationary,Periodic dense,146,0.803503125,0.005096931471338392,0.4,0.0025
Stationary,Periodic dense,147,0.8545781249999999,0.005176942783406786,0.025,0.0
Stationary,Periodic dense,148,0.8697968750000001,0.005475012693587871,0.025,0.0
Stationary,Periodic dense,149,0.8731562500000001,0.005343328608310059,0.025,0.0
Stationary,Periodic dense,150,0.8813593750000002,0.004768665445118487,0.025,0.0
Stationary,Periodic dense,151,0.8776406250000001,0.005113969670581505,0.025,0.0
Stationary,Periodic dense,152,0.8700156250000001,0.0054003135437862716,0.025,0.0
Stationary,Periodic dense,153,0.8779093750000001,0.004970980260625388,0.025,0.0025
Stationary,Periodic dense,154,0.8816124999999999,0.00505524612584364,0.025,0.0025
Stationary,Periodic dense,155,0.87295625,0.004924403761712139,0.025,0.0025
Stationary,Periodic dense,156,0.7835656249999999,0.0053259250036975705,0.4,0.0025
Stationary,Periodic dense,157,0.7956749999999999,0.005327279640178621,0.4,0.0025
Stationary,Periodic dense,158,0.7903593749999999,0.005420730537811056,0.4,0.0
Stationary,Periodic dense,159,0.8584875000000001,0.005269339788592506,0.025,0.0025
Stationary,Adaptive audit,0,0.799609375,0.005088104109535507,0.4,0.0
Stationary,Adaptive audit,1,0.823109375,0.00584062025633045,0.17312499999999997,0.0125
Stationary,Adaptive audit,2,0.8648734375000001,0.00546562961405159,0.09906249999999998,0.005
Stationary,Adaptive audit,3,0.8618312500000002,0.005276142088751543,0.05968750000000001,0.0025
Stationary,Adaptive audit,4,0.8720812500000001,0.005265000416148974,0.0465625,0.0025
Stationary,Adaptive audit,5,0.8721562500000001,0.005443043772115854,0.0334375,0.0
Stationary,Adaptive audit,6,0.8652265625000001,0.005341425848636434,0.030625,0.0
Stationary,Adaptive audit,7,0.873609375,0.005197063249091845,0.034375,0.0
Stationary,Adaptive audit,8,0.8717578125,0.004899400863555704,0.03156250000000001,0.0
Stationary,Adaptive audit,9,0.8810468750000001,0.005316301287723738,0.0296875,0.0
Stationary,Adaptive audit,10,0.8690859375000001,0.005332975853625006,0.02875,0.0
Stationary,Adaptive audit,11,0.8667578125,0.005455595514973674,0.0296875,0.0
Stationary,Adaptive audit,12,0.8681171875000001,0.005408070524792895,0.0325,0.0
Stationary,Adaptive audit,13,0.844003125,0.005793574166286438,0.12437499999999999,0.0025
Stationary,Adaptive audit,14,0.8467218750000001,0.005841366171991502,0.11125,0.0025
Stationary,Adaptive audit,15,0.8565734375000001,0.005456548973956956,0.0896875,0.0025
Stationary,Adaptive audit,16,0.8565375000000001,0.005714372708454343,0.0765625,0.005
Stationary,Adaptive audit,17,0.8652734375,0.005180430844559736,0.064375,0.0
Stationary,Adaptive audit,18,0.8670781250000001,0.005247414718718542,0.055,0.0
Stationary,Adaptive audit,19,0.8658984375,0.00552330766540481,0.0596875,0.0
Stationary,Adaptive audit,20,0.8641015625,0.00545749904186617,0.05875,0.0
Stationary,Adaptive audit,21,0.8685,0.005143860666197923,0.05125,0.0
Stationary,Adaptive audit,22,0.8790421875000001,0.0053231174256502655,0.0503125,0.0025
Stationary,Adaptive audit,23,0.8700187500000002,0.005251556777405108,0.0484375,0.0025
Stationary,Adaptive audit,24,0.8664687500000001,0.005435462151980066,0.0484375,0.0
Stationary,Adaptive audit,25,0.8741484375000002,0.005234313906495489,0.045625,0.0
Stationary,Adaptive audit,26,0.8612734375000002,0.005273097750821097,0.0671875,0.0
Stationary,Adaptive audit,27,0.8704406250000001,0.005079904002052954,0.0671875,0.0025
Stationary,Adaptive audit,28,0.8645109375000001,0.0056675970984578295,0.064375,0.0025
Stationary,Adaptive audit,29,0.8643828125000002,0.0055230410074800845,0.0653125,0.0
Stationary,Adaptive audit,30,0.866053125,0.005230573672062235,0.0521875,0.005
Stationary,Adaptive audit,31,0.8649640625,0.005100818155800385,0.0625,0.0025
Stationary,Adaptive audit,32,0.8684921875,0.005441095927302341,0.0578125,0.0
Stationary,Adaptive audit,33,0.868171875,0.005691249502087478,0.0596875,0.0
Stationary,Adaptive audit,34,0.864878125,0.005398811602613322,0.0671875,0.0025
Stationary,Adaptive audit,35,0.8555390625000001,0.005391082121545694,0.056875,0.0
Stationary,Adaptive audit,36,0.8679406250000001,0.005519518685538708,0.05125,0.0025
Stationary,Adaptive audit,37,0.8625468750000002,0.005484921210188747,0.0475,0.0
Stationary,Adaptive audit,38,0.8741484375,0.005403501607898033,0.0521875,0.0
Stationary,Adaptive audit,39,0.8656593750000002,0.005455521906634632,0.0615625,0.0025
Stationary,Adaptive audit,40,0.8651328125000001,0.005315189163819697,0.075625,0.0
Stationary,Adaptive audit,41,0.8590390625000001,0.005688486119184468,0.0746875,0.0
Stationary,Adaptive audit,42,0.8631671875000001,0.005510429734861927,0.064375,0.0025
Stationary,Adaptive audit,43,0.8655625,0.0052629024158702045,0.05875,0.0
Stationary,Adaptive audit,44,0.8719765625000002,0.005263732105568083,0.0540625,0.0
Stationary,Adaptive audit,45,0.8583437500000001,0.005570676973645619,0.0559375,0.0
Stationary,Adaptive audit,46,0.8558156250000001,0.005248476436999148,0.0559375,0.0025
Stationary,Adaptive audit,47,0.8602968750000001,0.005483589504367048,0.0634375,0.0
Stationary,Adaptive audit,48,0.85946875,0.005389364284944314,0.0578125,0.0
Stationary,Adaptive audit,49,0.8623125,0.00543639484419062,0.0521875,0.0
Stationary,Adaptive audit,50,0.8665109375,0.005657441189679589,0.056875,0.0025
Stationary,Adaptive audit,51,0.8668625,0.005374640222265766,0.05500000000000001,0.0025
Stationary,Adaptive audit,52,0.8684765625,0.005167895597527595,0.0615625,0.0
Stationary,Adaptive audit,53,0.8620703125,0.0056569632665999575,0.060625,0.0
Stationary,Adaptive audit,54,0.8576000000000001,0.005697899361609072,0.068125,0.005
Stationary,Adaptive audit,55,0.8588906250000002,0.005326236697670313,0.064375,0.0
Stationary,Adaptive audit,56,0.8663125,0.005234462028884113,0.064375,0.0
Stationary,Adaptive audit,57,0.8618125000000001,0.00534901619661191,0.05875,0.0
Stationary,Adaptive audit,58,0.8633859375000001,0.0053759059126264955,0.0503125,0.0025
Stationary,Adaptive audit,59,0.8621015625000001,0.0057116199537636265,0.05875,0.0
Stationary,Adaptive audit,60,0.8626875000000002,0.0054675725997141884,0.068125,0.0
Stationary,Adaptive audit,61,0.869128125,0.0052404930345590186,0.05125,0.0025
Stationary,Adaptive audit,62,0.8668984375000001,0.0054568410965902545,0.0521875,0.0
Stationary,Adaptive audit,63,0.8702968750000001,0.005356819716979842,0.0559375,0.0
Stationary,Adaptive audit,64,0.8653750000000001,0.005685941977240567,0.0615625,0.0
Stationary,Adaptive audit,65,0.8743281250000001,0.0054124864317632235,0.0503125,0.0
Stationary,Adaptive audit,66,0.8717421875,0.005234822271575302,0.0475,0.0
Stationary,Adaptive audit,67,0.8727734375,0.004891135606832661,0.0521875,0.0
Stationary,Adaptive audit,68,0.86555,0.00553559294019723,0.0521875,0.0025
Stationary,Adaptive audit,69,0.86669375,0.006144424398311053,0.0484375,0.005
Stationary,Adaptive audit,70,0.8712921875,0.005630940797652959,0.056875,0.0025
Stationary,Adaptive audit,71,0.8660546875,0.005521709408526051,0.0634375,0.0
Stationary,Adaptive audit,72,0.8648078125,0.005273740735503275,0.05875,0.0025
Stationary,Adaptive audit,73,0.8544843750000001,0.005412852701175462,0.06625,0.0
Stationary,Adaptive audit,74,0.870796875,0.005134162447339889,0.05875,0.0
Stationary,Adaptive audit,75,0.8739609375,0.005155097472559365,0.0578125,0.0
Stationary,Adaptive audit,76,0.8688125000000001,0.005431684045734039,0.0596875,0.0
Stationary,Adaptive audit,77,0.8641093750000002,0.005253255772213474,0.0653125,0.0
Stationary,Adaptive audit,78,0.8706640625,0.0052008538331526424,0.055,0.0
Stationary,Adaptive audit,79,0.8800859375000002,0.005106001466205353,0.0465625,0.0
Stationary,Adaptive audit,80,0.8652578125000001,0.005083494531398431,0.055,0.0
Stationary,Adaptive audit,81,0.8739062500000001,0.0051336297518462855,0.055,0.0
Stationary,Adaptive audit,82,0.8600312500000001,0.005426728097033154,0.05125,0.0
Stationary,Adaptive audit,83,0.8683359375,0.005494752102455586,0.0521875,0.0
Stationary,Adaptive audit,84,0.8806125,0.005044546683826085,0.0540625,0.0025
Stationary,Adaptive audit,85,0.8720234375000001,0.005371273105202053,0.0475,0.0
Stationary,Adaptive audit,86,0.8593359375,0.005352357082725234,0.0521875,0.0
Stationary,Adaptive audit,87,0.8660343750000001,0.005305862171012397,0.0578125,0.0025
Stationary,Adaptive audit,88,0.867096875,0.005347142043921042,0.0728125,0.0025
Stationary,Adaptive audit,89,0.8701796875000001,0.005341865603030388,0.064375,0.0
Stationary,Adaptive audit,90,0.8674250000000001,0.005368475432523793,0.0625,0.0025
Stationary,Adaptive audit,91,0.8659453125000001,0.005441919714072474,0.0559375,0.0
Stationary,Adaptive audit,92,0.867984375,0.004973299574859903,0.0465625,0.0
Stationary,Adaptive audit,93,0.8608906250000001,0.005575823165929648,0.0615625,0.0
Stationary,Adaptive audit,94,0.8659171875000001,0.005488334645713507,0.055,0.0025
Stationary,Adaptive audit,95,0.8618812500000002,0.005560499811103265,0.055,0.005
Stationary,Adaptive audit,96,0.8774953125,0.0055352247856665,0.0521875,0.0025
Stationary,Adaptive audit,97,0.8505859375,0.006089299841369634,0.053125,0.0
Stationary,Adaptive audit,98,0.8670468750000001,0.004948577340966012,0.05875,0.0
Stationary,Adaptive audit,99,0.8716046875000001,0.005244325243023276,0.0540625,0.0025
Stationary,Adaptive audit,100,0.8653828125000002,0.005408692771368697,0.055,0.0
Stationary,Adaptive audit,101,0.867890625,0.005020113384364753,0.055,0.0
Stationary,Adaptive audit,102,0.8677656250000001,0.005484599916665586,0.0475,0.0
Stationary,Adaptive audit,103,0.8706125000000001,0.00553903475127907,0.05125,0.0025
Stationary,Adaptive audit,104,0.8610656250000001,0.00559116310674613,0.05500000000000001,0.0025
Stationary,Adaptive audit,105,0.8673546875000001,0.005426670903206115,0.0671875,0.0025
Stationary,Adaptive audit,106,0.8672109375000001,0.005393190970486008,0.060625,0.0
Stationary,Adaptive audit,107,0.86890625,0.005502336000344122,0.05875,0.0
Stationary,Adaptive audit,108,0.8738750000000001,0.00489370087670637,0.056875,0.0
Stationary,Adaptive audit,109,0.8660000000000001,0.005473487698976964,0.056875,0.0
Stationary,Adaptive audit,110,0.8637812500000002,0.0052951533375592075,0.060625,0.0
Stationary,Adaptive audit,111,0.8718359375,0.005050609178296091,0.0578125,0.0
Stationary,Adaptive audit,112,0.87808125,0.004925664837112109,0.0503125,0.0025
Stationary,Adaptive audit,113,0.8692531250000002,0.005792267872283199,0.0521875,0.0025
Stationary,Adaptive audit,114,0.865765625,0.005374650220211776,0.0596875,0.0
Stationary,Adaptive audit,115,0.8673234375,0.00512560195492843,0.053125,0.0025
Stationary,Adaptive audit,116,0.8527656250000001,0.005743286403531816,0.056875,0.0
Stationary,Adaptive audit,117,0.8628593750000002,0.005517359765922009,0.05875,0.0
Stationary,Adaptive audit,118,0.8679015625000001,0.005208732412068128,0.0559375,0.0025
Stationary,Adaptive audit,119,0.867984375,0.005222697083418567,0.0540625,0.0
Stationary,Adaptive audit,120,0.8644250000000001,0.005736033302438123,0.0653125,0.0025
Stationary,Adaptive audit,121,0.8650109374999999,0.005360063431597462,0.05875,0.0025
Stationary,Adaptive audit,122,0.8720156250000001,0.005733628449590697,0.060625,0.0
Stationary,Adaptive audit,123,0.8671015625000001,0.005264482528234893,0.0596875,0.0
Stationary,Adaptive audit,124,0.8719140625,0.005472932619438482,0.056875,0.0
Stationary,Adaptive audit,125,0.8654140625000001,0.005228745894826564,0.0615625,0.0
Stationary,Adaptive audit,126,0.8674453125000001,0.005600762303549783,0.055,0.0
Stationary,Adaptive audit,127,0.8679453125000001,0.005662180003260487,0.0596875,0.0
Stationary,Adaptive audit,128,0.8743703125000001,0.004980030654690165,0.056875,0.0025
Stationary,Adaptive audit,129,0.8718,0.00520654141480433,0.049375,0.0025
Stationary,Adaptive audit,130,0.8672921875,0.005649104398549174,0.0578125,0.0025
Stationary,Adaptive audit,131,0.8579250000000002,0.005481065179438494,0.061562500000000006,0.0025
Stationary,Adaptive audit,132,0.8714453125,0.005308729113159228,0.049375,0.0
Stationary,Adaptive audit,133,0.8685078125000001,0.005274299886553818,0.0540625,0.0
Stationary,Adaptive audit,134,0.86234375,0.0049535937290567265,0.0540625,0.0
Stationary,Adaptive audit,135,0.8723203125000001,0.005143048371318698,0.05125,0.0
Stationary,Adaptive audit,136,0.8614296875,0.005354489525486624,0.0503125,0.0
Stationary,Adaptive audit,137,0.8592265625000002,0.005641727607361676,0.060625,0.0
Stationary,Adaptive audit,138,0.8719296875000001,0.005310627327662939,0.0559375,0.0
Stationary,Adaptive audit,139,0.865,0.005347799849319668,0.0559375,0.0
Stationary,Adaptive audit,140,0.8684640625,0.00516967055146997,0.0475,0.0025
Stationary,Adaptive audit,141,0.8623703125,0.0056818804555525525,0.0615625,0.0025
Stationary,Adaptive audit,142,0.8729953125000001,0.005034985823268363,0.05875,0.0025
Stationary,Adaptive audit,143,0.8595703125000002,0.005603974195995694,0.0634375,0.0
Stationary,Adaptive audit,144,0.86328125,0.005393196770839279,0.0634375,0.0
Stationary,Adaptive audit,145,0.8654609375000001,0.005147097909276467,0.056875,0.0
Stationary,Adaptive audit,146,0.8709015625000001,0.005176106124687293,0.0578125,0.0025
Stationary,Adaptive audit,147,0.8634140625000001,0.005379097402398958,0.05125,0.0
Stationary,Adaptive audit,148,0.8623234375000002,0.005636483395825697,0.0540625,0.0025
Stationary,Adaptive audit,149,0.8654718750000001,0.005366919139660348,0.0540625,0.0025
Stationary,Adaptive audit,150,0.8735234375,0.004899720943602624,0.055,0.0
Stationary,Adaptive audit,151,0.8706093749999999,0.005288618311585506,0.05125,0.0
Stationary,Adaptive audit,152,0.8617890625000001,0.005596428988226299,0.0578125,0.0
Stationary,Adaptive audit,153,0.8690062500000001,0.005132696584500209,0.0559375,0.005
Stationary,Adaptive audit,154,0.8744015625,0.005202747383012541,0.055,0.0025
Stationary,Adaptive audit,155,0.8640625,0.00512459309772915,0.06625,0.0
Stationary,Adaptive audit,156,0.8651734375000001,0.00559652755435519,0.0540625,0.0075
Stationary,Adaptive audit,157,0.86214375,0.00545569042165826,0.0653125,0.0025
Stationary,Adaptive audit,158,0.8553906250000002,0.005475318010324506,0.0653125,0.0
Stationary,Adaptive audit,159,0.8641328125000001,0.005425157428280069,0.06625,0.0
Stationary,No audit,0,0.87953125,0.005030397641805313,0.0,0.0
Stationary,No audit,1,0.87109375,0.005235527766958191,0.0,0.0
Stationary,No audit,2,0.89125,0.0047849365670955156,0.0,0.0
Stationary,No audit,3,0.87671875,0.00507833736542645,0.0,0.0
Stationary,No audit,4,0.8828125,0.0051466824256603885,0.0,0.0
Stationary,No audit,5,0.879296875,0.005412340821482018,0.0,0.0
Stationary,No audit,6,0.87109375,0.005319009308240268,0.0,0.0
Stationary,No audit,7,0.880703125,0.005169622845733406,0.0,0.0
Stationary,No audit,8,0.878359375,0.004875220837067165,0.0,0.0
Stationary,No audit,9,0.8865625,0.0052492363166364246,0.0,0.0
Stationary,No audit,10,0.87484375,0.005336374510459649,0.0,0.0
Stationary,No audit,11,0.87296875,0.0054207412047723265,0.0,0.0
Stationary,No audit,12,0.87484375,0.005336374510459649,0.0,0.0
Stationary,No audit,13,0.873671875,0.005271939401868954,0.0,0.0
Stationary,No audit,14,0.874140625,0.005563562014494063,0.0,0.0
Stationary,No audit,15,0.8790625,0.00511103509538338,0.0,0.0
Stationary,No audit,16,0.877421875,0.005274445783933613,0.0,0.0
Stationary,No audit,17,0.880703125,0.004907308152078855,0.0,0.0
Stationary,No audit,18,0.879296875,0.0051195265004620565,0.0,0.0
Stationary,No audit,19,0.8790625,0.0052492363166364246,0.0,0.0
Stationary,No audit,20,0.87765625,0.005272422495259181,0.0,0.0
Stationary,No audit,21,0.880234375,0.005034159372526204,0.0,0.0
Stationary,No audit,22,0.89125,0.005042698324407027,0.0,0.0
Stationary,No audit,23,0.88140625,0.005172884139616746,0.0,0.0
Stationary,No audit,24,0.8771875,0.005359286460227887,0.0,0.0
Stationary,No audit,25,0.884453125,0.005137994747835277,0.0,0.0
Stationary,No audit,26,0.87671875,0.0051536861363322565,0.0,0.0
Stationary,No audit,27,0.887734375,0.004874091130394663,0.0,0.0
Stationary,No audit,28,0.881640625,0.005073604480120636,0.0,0.0
Stationary,No audit,29,0.88,0.005101760532043404,0.0,0.0
Stationary,No audit,30,0.8790625,0.0049020450648345915,0.0,0.0
Stationary,No audit,31,0.8790625,0.005035048098231412,0.0,0.0
Stationary,No audit,32,0.882109375,0.005249852621957986,0.0,0.0
Stationary,No audit,33,0.881875,0.005488233954205143,0.0,0.0
Stationary,No audit,34,0.881640625,0.005019040673435756,0.0,0.0
Stationary,No audit,35,0.869453125,0.005337754580097733,0.0,0.0
Stationary,No audit,36,0.880703125,0.00528550142116562,0.0,0.0
Stationary,No audit,37,0.8734375,0.005335806901617916,0.0,0.0
Stationary,No audit,38,0.885859375,0.00519501989289911,0.0,0.0
Stationary,No audit,39,0.88046875,0.005172032408219513,0.0,0.0
Stationary,No audit,40,0.883046875,0.004947542052333659,0.0,0.0
Stationary,No audit,41,0.876484375,0.00543640154107595,0.0,0.0
Stationary,No audit,42,0.877890625,0.005312003273161985,0.0,0.0
Stationary,No audit,43,0.878828125,0.005113283796622082,0.0,0.0
Stationary,No audit,44,0.884921875,0.005121462344090874,0.0,0.0
Stationary,No audit,45,0.870859375,0.005453190977583072,0.0,0.0
Stationary,No audit,46,0.8696875,0.005082943961319048,0.0,0.0
Stationary,No audit,47,0.87484375,0.005274093395927508,0.0,0.0
Stationary,No audit,48,0.8725,0.005279572324400096,0.0,0.0
Stationary,No audit,49,0.87484375,0.005168624079072754,0.0,0.0
Stationary,No audit,50,0.880234375,0.005393280442722971,0.0,0.0
Stationary,No audit,51,0.8790625,0.005185908805694276,0.0,0.0
Stationary,No audit,52,0.88234375,0.004955841332268447,0.0,0.0
Stationary,No audit,53,0.876015625,0.005480389231898242,0.0,0.0
Stationary,No audit,54,0.87625,0.005273727931643088,0.0,0.0
Stationary,No audit,55,0.873671875,0.005240508484252242,0.0,0.0
Stationary,No audit,56,0.88140625,0.004977573206005776,0.0,0.0
Stationary,No audit,57,0.87578125,0.005246035610478619,0.0,0.0
Stationary,No audit,58,0.876015625,0.005191414504175027,0.0,0.0
Stationary,No audit,59,0.875078125,0.005497344851300602,0.0,0.0
Stationary,No audit,60,0.87765625,0.005251491379872573,0.0,0.0
Stationary,No audit,61,0.882578125,0.005030329220663056,0.0,0.0
Stationary,No audit,62,0.878828125,0.005313972630092233,0.0,0.0
Stationary,No audit,63,0.88328125,0.005215715711030412,0.0,0.0
Stationary,No audit,64,0.879296875,0.005582632877130017,0.0,0.0
Stationary,No audit,65,0.88609375,0.0052761812776410625,0.0,0.0
Stationary,No audit,66,0.882578125,0.005008386448010725,0.0,0.0
Stationary,No audit,67,0.88421875,0.0048769854798605536,0.0,0.0
Stationary,No audit,68,0.87765625,0.005334723117035442,0.0,0.0
Stationary,No audit,69,0.88,0.005516657107261402,0.0,0.0
Stationary,No audit,70,0.885390625,0.005200952731874846,0.0,0.0
Stationary,No audit,71,0.880234375,0.005341982852346152,0.0,0.0
Stationary,No audit,72,0.8790625,0.005153953264972316,0.0,0.0
Stationary,No audit,73,0.86921875,0.005379951737500843,0.0,0.0
Stationary,No audit,74,0.884921875,0.004990762768165424,0.0,0.0
Stationary,No audit,75,0.886796875,0.004976840196053473,0.0,0.0
Stationary,No audit,76,0.882578125,0.005202540736348862,0.0,0.0
Stationary,No audit,77,0.879296875,0.005130271943742633,0.0,0.0
Stationary,No audit,78,0.883046875,0.0050901841343181375,0.0,0.0
Stationary,No audit,79,0.8903125,0.005046409963968057,0.0,0.0
Stationary,No audit,80,0.878125,0.004877493578573175,0.0,0.0
Stationary,No audit,81,0.88609375,0.004964279269719136,0.0,0.0
Stationary,No audit,82,0.87203125,0.005303248938797885,0.0,0.0
Stationary,No audit,83,0.880234375,0.005393280442722971,0.0,0.0
Stationary,No audit,84,0.89359375,0.0048018821754767845,0.0,0.0
Stationary,No audit,85,0.883515625,0.005149236408244762,0.0,0.0
Stationary,No audit,86,0.871796875,0.005157251163057514,0.0,0.0
Stationary,No audit,87,0.88046875,0.0049877412281252725,0.0,0.0
Stationary,No audit,88,0.884921875,0.005174946345715918,0.0,0.0
Stationary,No audit,89,0.88515625,0.005172032408219513,0.0,0.0
Stationary,No audit,90,0.8828125,0.005199907030870768,0.0,0.0
Stationary,No audit,91,0.878828125,0.005416612538438101,0.0,0.0
Stationary,No audit,92,0.878828125,0.004790788137460371,0.0,0.0
Stationary,No audit,93,0.876015625,0.0053687187696033365,0.0,0.0
Stationary,No audit,94,0.879765625,0.005315526870174047,0.0,0.0
Stationary,No audit,95,0.87625,0.005093117868659644,0.0,0.0
Stationary,No audit,96,0.8903125,0.005343232645448209,0.0,0.0
Stationary,No audit,97,0.863125,0.005989152553431134,0.0,0.0
Stationary,No audit,98,0.880703125,0.004884812795166309,0.0,0.0
Stationary,No audit,99,0.884453125,0.005094942150555264,0.0,0.0
Stationary,No audit,100,0.877890625,0.00532236013455527,0.0,0.0
Stationary,No audit,101,0.880234375,0.004855980080568766,0.0,0.0
Stationary,No audit,102,0.879296875,0.00538172995275887,0.0,0.0
Stationary,No audit,103,0.88375,0.00529415507966274,0.0,0.0
Stationary,No audit,104,0.873671875,0.0054060287844805745,0.0,0.0
Stationary,No audit,105,0.88328125,0.0052891077482904725,0.0,0.0
Stationary,No audit,106,0.881171875,0.005111129372187132,0.0,0.0
Stationary,No audit,107,0.882578125,0.005410101909369207,0.0,0.0
Stationary,No audit,108,0.887265625,0.004731917725661501,0.0,0.0
Stationary,No audit,109,0.8790625,0.005217668638811408,0.0,0.0
Stationary,No audit,110,0.878125,0.005065797102328013,0.0,0.0
Stationary,No audit,111,0.884921875,0.004924112228736152,0.0,0.0
Stationary,No audit,112,0.890078125,0.004849738786530661,0.0,0.0
Stationary,No audit,113,0.882109375,0.0056343784403802685,0.0,0.0
Stationary,No audit,114,0.878828125,0.005113283796622081,0.0,0.0
Stationary,No audit,115,0.881640625,0.00485166877108374,0.0,0.0
Stationary,No audit,116,0.865234375,0.005634182960897312,0.0,0.0
Stationary,No audit,117,0.876953125,0.005309618337478237,0.0,0.0
Stationary,No audit,118,0.880703125,0.005072844637553255,0.0,0.0
Stationary,No audit,119,0.880234375,0.005110159584859388,0.0,0.0
Stationary,No audit,120,0.88,0.0053955390931085985,0.0,0.0
Stationary,No audit,121,0.8790625,0.005175278882645639,0.0,0.0
Stationary,No audit,122,0.885859375,0.005443487738140562,0.0,0.0
Stationary,No audit,123,0.88046875,0.005235527766958191,0.0,0.0
Stationary,No audit,124,0.884921875,0.00535279612482774,0.0,0.0
Stationary,No audit,125,0.88,0.005025633306517592,0.0,0.0
Stationary,No audit,126,0.88046875,0.005492195981033355,0.0,0.0
Stationary,No audit,127,0.882109375,0.005495842030112247,0.0,0.0
Stationary,No audit,128,0.888203125,0.004821724304970557,0.0,0.0
Stationary,No audit,129,0.883515625,0.005073821557096443,0.0,0.0
Stationary,No audit,130,0.88140625,0.0053815892520973265,0.0,0.0
Stationary,No audit,131,0.87296875,0.005359440590416061,0.0,0.0
Stationary,No audit,132,0.882578125,0.0051813273258625794,0.0,0.0
Stationary,No audit,133,0.880703125,0.005137566007719035,0.0,0.0
Stationary,No audit,134,0.875078125,0.004836548923489683,0.0,0.0
Stationary,No audit,135,0.88421875,0.005087005140487093,0.0,0.0
Stationary,No audit,136,0.8734375,0.005263066111746701,0.0,0.0
Stationary,No audit,137,0.873203125,0.005409083915690196,0.0,0.0
Stationary,No audit,138,0.885390625,0.005158425613296972,0.0,0.0
Stationary,No audit,139,0.87765625,0.005324390303838815,0.0,0.0
Stationary,No audit,140,0.879765625,0.005028029729070272,0.0,0.0
Stationary,No audit,141,0.876015625,0.0054602553857367436,0.0,0.0
Stationary,No audit,142,0.887265625,0.004743541292141247,0.0,0.0
Stationary,No audit,143,0.873671875,0.0053445594254077885,0.0,0.0
Stationary,No audit,144,0.878125,0.005289159807206189,0.0,0.0
Stationary,No audit,145,0.878359375,0.004953660122062344,0.0,0.0
Stationary,No audit,146,0.883984375,0.004958327019126,0.0,0.0
Stationary,No audit,147,0.875078125,0.005177499681479007,0.0,0.0
Stationary,No audit,148,0.874609375,0.005470532906202379,0.0,0.0
Stationary,No audit,149,0.878125,0.005320303313686547,0.0,0.0
Stationary,No audit,150,0.886328125,0.004733895745488998,0.0,0.0
Stationary,No audit,151,0.88234375,0.0051090414071618155,0.0,0.0
Stationary,No audit,152,0.87484375,0.005367244059975482,0.0,0.0
Stationary,No audit,153,0.88375,0.004905414091186904,0.0,0.0
Stationary,No audit,154,0.88796875,0.004926865421166837,0.0,0.0
Stationary,No audit,155,0.88,0.00486980999034924,0.0,0.0
Stationary,No audit,156,0.87953125,0.0052237338882673125,0.0,0.0
Stationary,No audit,157,0.8771875,0.005202871509607817,0.0,0.0
Stationary,No audit,158,0.870859375,0.0053922592733543625,0.0,0.0
Stationary,No audit,159,0.88,0.00522968680325604,0.0,0.0
Stationary,Fixed 0.05,0,0.8691875,0.005026072568794842,0.05,0.0
Stationary,Fixed 0.05,1,0.8478125,0.006118154292901936,0.05,0.0375
Stationary,Fixed 0.05,2,0.863109375,0.006315446762436634,0.05,0.075
Stationary,Fixed 0.05,3,0.841603125,0.006802637429239866,0.05,0.07
Stationary,Fixed 0.05,4,0.8595843750000001,0.005956921291843336,0.05,0.055
Stationary,Fixed 0.05,5,0.8529343750000001,0.0067159451272814225,0.05,0.0475
Stationary,Fixed 0.05,6,0.8515781250000001,0.006288437130814496,0.05,0.0375
Stationary,Fixed 0.05,7,0.8596250000000001,0.006050338388183658,0.05,0.0375
Stationary,Fixed 0.05,8,0.857990625,0.005984566762241672,0.05,0.03
Stationary,Fixed 0.05,9,0.8729187500000001,0.005503753765373995,0.05,0.0225
Stationary,Fixed 0.05,10,0.860784375,0.005717671166146571,0.05,0.015
Stationary,Fixed 0.05,11,0.8586656250000001,0.005821998680811588,0.05,0.02
Stationary,Fixed 0.05,12,0.8580625000000001,0.006024738350842739,0.05,0.025
Stationary,Fixed 0.05,13,0.85294375,0.006187187175644511,0.05,0.03
Stationary,Fixed 0.05,14,0.860415625,0.005792624561439998,0.05,0.02
Stationary,Fixed 0.05,15,0.8618125000000001,0.005576983692116226,0.05,0.025
Stationary,Fixed 0.05,16,0.8577125000000001,0.00604249068574734,0.05,0.0325
Stationary,Fixed 0.05,17,0.8628781250000002,0.005558420011739235,0.05,0.0275
Stationary,Fixed 0.05,18,0.856821875,0.006248127286399788,0.05,0.0325
Stationary,Fixed 0.05,19,0.8615312499999999,0.005916253330742994,0.05,0.025
Stationary,Fixed 0.05,20,0.858275,0.0060625865882765655,0.05,0.02
Stationary,Fixed 0.05,21,0.8648093750000001,0.005442775270600845,0.05,0.0225
Stationary,Fixed 0.05,22,0.8757093750000001,0.005447292245618126,0.05,0.0175
Stationary,Fixed 0.05,23,0.8634499999999999,0.00583336658601335,0.05,0.0225
Stationary,Fixed 0.05,24,0.855090625,0.006176767781592387,0.05,0.035
Stationary,Fixed 0.05,25,0.8632531250000001,0.006050461199303043,0.05,0.0275
Stationary,Fixed 0.05,26,0.8584312500000002,0.005674714165002493,0.05,0.0325
Stationary,Fixed 0.05,27,0.8681468750000002,0.005658857894742823,0.05,0.03
Stationary,Fixed 0.05,28,0.8625187500000001,0.005795171935261443,0.05,0.0275
Stationary,Fixed 0.05,29,0.8674906250000001,0.005307269260259997,0.05,0.0175
Stationary,Fixed 0.05,30,0.8648218750000001,0.005247816705643024,0.05,0.02
Stationary,Fixed 0.05,31,0.863540625,0.0055260066827722484,0.05,0.02
Stationary,Fixed 0.05,32,0.86809375,0.005538194509916378,0.05,0.0125
Stationary,Fixed 0.05,33,0.8681593750000002,0.00582584191929114,0.05,0.015
Stationary,Fixed 0.05,34,0.8665843750000001,0.005454259469894678,0.05,0.0175
Stationary,Fixed 0.05,35,0.8543000000000001,0.005749971532020626,0.05,0.015
Stationary,Fixed 0.05,36,0.8675312500000001,0.00554311548572316,0.05,0.0125
Stationary,Fixed 0.05,37,0.8595000000000002,0.005720006632617919,0.05,0.0125
Stationary,Fixed 0.05,38,0.8735437500000001,0.005394768890977759,0.05,0.01
Stationary,Fixed 0.05,39,0.8683250000000001,0.005351784904160574,0.05,0.01
Stationary,Fixed 0.05,40,0.8676343750000001,0.00583231874805989,0.05,0.0075
Stationary,Fixed 0.05,41,0.8627968750000001,0.005659462133924411,0.05,0.0125
Stationary,Fixed 0.05,42,0.8621937500000001,0.005845785349782618,0.05,0.0175
Stationary,Fixed 0.05,43,0.8608000000000001,0.005609232076896196,0.05,0.0275
Stationary,Fixed 0.05,44,0.8688281250000002,0.00567025570742227,0.05,0.025
Stationary,Fixed 0.05,45,0.8548625000000001,0.005809570366881217,0.05,0.0275
Stationary,Fixed 0.05,46,0.8521875,0.005512977931532005,0.05,0.025
Stationary,Fixed 0.05,47,0.8542031250000001,0.0061572396151120925,0.05,0.025
Stationary,Fixed 0.05,48,0.857228125,0.005749414332761237,0.05,0.02
Stationary,Fixed 0.05,49,0.8622468750000002,0.00538078770320651,0.05,0.01
Stationary,Fixed 0.05,50,0.8620593750000001,0.006086520555360469,0.05,0.0225
Stationary,Fixed 0.05,51,0.8634437500000002,0.005739799022779325,0.05,0.0175
Stationary,Fixed 0.05,52,0.8687062500000002,0.005188598743364422,0.05,0.015
Stationary,Fixed 0.05,53,0.861803125,0.005685394138270418,0.05,0.0175
Stationary,Fixed 0.05,54,0.864403125,0.005393589805262309,0.05,0.01
Stationary,Fixed 0.05,55,0.8595031250000001,0.005651862374426645,0.05,0.015
Stationary,Fixed 0.05,56,0.8676718750000001,0.0054158569836873765,0.05,0.0125
Stationary,Fixed 0.05,57,0.8612937500000001,0.005599174485103168,0.05,0.01
Stationary,Fixed 0.05,58,0.8625218750000001,0.0053725522613874395,0.05,0.0175
Stationary,Fixed 0.05,59,0.8595687500000001,0.006062153917142947,0.05,0.0175
Stationary,Fixed 0.05,60,0.8645656250000002,0.005429236455432378,0.05,0.015
Stationary,Fixed 0.05,61,0.8714437500000001,0.005121415464693208,0.05,0.005
Stationary,Fixed 0.05,62,0.863640625,0.005819049098277902,0.05,0.0125
Stationary,Fixed 0.05,63,0.8694875000000001,0.005554457732748285,0.05,0.015
Stationary,Fixed 0.05,64,0.8647562500000001,0.005874829016535509,0.05,0.0175
Stationary,Fixed 0.05,65,0.872303125,0.005421392540450753,0.05,0.0175
Stationary,Fixed 0.05,66,0.8706625000000001,0.005184852118851694,0.05,0.0175
Stationary,Fixed 0.05,67,0.87035625,0.0051963460203784066,0.05,0.01
Stationary,Fixed 0.05,68,0.86423125,0.005576999236579271,0.05,0.01
Stationary,Fixed 0.05,69,0.8646,0.0060139176510644425,0.05,0.0175
Stationary,Fixed 0.05,70,0.8689000000000001,0.005733551443511122,0.05,0.02
Stationary,Fixed 0.05,71,0.8659468750000002,0.00566688620037326,0.05,0.02
Stationary,Fixed 0.05,72,0.86014375,0.005984479513392061,0.05,0.0275
Stationary,Fixed 0.05,73,0.8515593750000001,0.00586987566599447,0.05,0.0225
Stationary,Fixed 0.05,74,0.86918125,0.005469776255300702,0.05,0.02
Stationary,Fixed 0.05,75,0.8736937499999999,0.005246792706535788,0.05,0.0175
Stationary,Fixed 0.05,76,0.8673343750000001,0.005708997572997792,0.05,0.0175
Stationary,Fixed 0.05,77,0.8612281249999999,0.005994976291335113,0.05,0.02
Stationary,Fixed 0.05,78,0.8670531250000002,0.005651297721524164,0.05,0.0175
Stationary,Fixed 0.05,79,0.87464375,0.005721801351879465,0.05,0.015
Stationary,Fixed 0.05,80,0.8627656250000001,0.005483055660163827,0.05,0.0125
Stationary,Fixed 0.05,81,0.872721875,0.005238321310995443,0.05,0.015
Stationary,Fixed 0.05,82,0.8563187500000001,0.005607691266751563,0.05,0.0175
Stationary,Fixed 0.05,83,0.865034375,0.005747309815192056,0.05,0.015
Stationary,Fixed 0.05,84,0.8786343750000001,0.0051692091720042885,0.05,0.02
Stationary,Fixed 0.05,85,0.8716093750000001,0.005252272617879784,0.05,0.0125
Stationary,Fixed 0.05,86,0.85805625,0.005379832579765799,0.05,0.0075
Stationary,Fixed 0.05,87,0.86704375,0.005337131191659637,0.05,0.01
Stationary,Fixed 0.05,88,0.8715187500000002,0.005458060856832395,0.05,0.015
Stationary,Fixed 0.05,89,0.8666499999999999,0.005831819061421823,0.05,0.02
Stationary,Fixed 0.05,90,0.8669875,0.005574158251242941,0.05,0.0275
Stationary,Fixed 0.05,91,0.8634812500000001,0.005729439367513087,0.05,0.0225
Stationary,Fixed 0.05,92,0.8637218750000001,0.005199110377977363,0.05,0.015
Stationary,Fixed 0.05,93,0.85911875,0.005795885880103378,0.05,0.02
Stationary,Fixed 0.05,94,0.8634499999999999,0.005761113334102267,0.05,0.0225
Stationary,Fixed 0.05,95,0.8601468750000001,0.005695911525403463,0.05,0.0175
Stationary,Fixed 0.05,96,0.8759531250000001,0.005579935079590268,0.05,0.0125
Stationary,Fixed 0.05,97,0.848159375,0.006350271540354714,0.05,0.015
Stationary,Fixed 0.05,98,0.8662687500000001,0.0051562653413609405,0.05,0.015
Stationary,Fixed 0.05,99,0.8714875000000001,0.005194785851889613,0.05,0.015
Stationary,Fixed 0.05,100,0.8631343749999999,0.005710545876669524,0.05,0.02
Stationary,Fixed 0.05,101,0.8632093750000002,0.005514259200106879,0.05,0.0175
Stationary,Fixed 0.05,102,0.866546875,0.005572148356174573,0.05,0.0125
Stationary,Fixed 0.05,103,0.871078125,0.00547867983881853,0.05,0.0125
Stationary,Fixed 0.05,104,0.8606218750000001,0.005722616155088697,0.05,0.01
Stationary,Fixed 0.05,105,0.8694843750000001,0.005597395487714636,0.05,0.0125
Stationary,Fixed 0.05,106,0.86734375,0.005375118162934423,0.05,0.0125
Stationary,Fixed 0.05,107,0.8675312500000001,0.005619113940362902,0.05,0.0125
Stationary,Fixed 0.05,108,0.8750718750000002,0.004963429146423353,0.05,0.0075
Stationary,Fixed 0.05,109,0.86609375,0.005482892115340672,0.05,0.0125
Stationary,Fixed 0.05,110,0.8659062500000002,0.005187866820907456,0.05,0.0125
Stationary,Fixed 0.05,111,0.8707500000000001,0.005284054206135992,0.05,0.0125
Stationary,Fixed 0.05,112,0.8769843750000001,0.0050031288548887075,0.05,0.0125
Stationary,Fixed 0.05,113,0.8671562500000002,0.00600450644486788,0.05,0.0125
Stationary,Fixed 0.05,114,0.865809375,0.005317215857555346,0.05,0.01
Stationary,Fixed 0.05,115,0.8632906250000001,0.005360152251339722,0.05,0.02
Stationary,Fixed 0.05,116,0.8496156250000001,0.006074686561653142,0.05,0.0175
Stationary,Fixed 0.05,117,0.8614750000000001,0.005713907715802888,0.05,0.0175
Stationary,Fixed 0.05,118,0.8651937500000001,0.005528184143179023,0.05,0.0175
Stationary,Fixed 0.05,119,0.8611562500000001,0.005793264204786444,0.05,0.025
Stationary,Fixed 0.05,120,0.8647593750000001,0.005968000720185847,0.05,0.02
Stationary,Fixed 0.05,121,0.8626718750000001,0.005612347784771451,0.05,0.025
Stationary,Fixed 0.05,122,0.87043125,0.005719046704027768,0.05,0.02
Stationary,Fixed 0.05,123,0.8675625000000001,0.005584956500583377,0.05,0.025
Stationary,Fixed 0.05,124,0.8691656249999999,0.005758092656894895,0.05,0.02
Stationary,Fixed 0.05,125,0.861884375,0.006005628281175299,0.05,0.02
Stationary,Fixed 0.05,126,0.865321875,0.00578207186759565,0.05,0.02
Stationary,Fixed 0.05,127,0.865246875,0.0058275857247800395,0.05,0.0225
Stationary,Fixed 0.05,128,0.87199375,0.005364708620820848,0.05,0.02
Stationary,Fixed 0.05,129,0.8696531250000001,0.005371316018270687,0.05,0.01
Stationary,Fixed 0.05,130,0.868665625,0.005490865529192335,0.05,0.0075
Stationary,Fixed 0.05,131,0.8606843750000002,0.005621844611969123,0.05,0.01
Stationary,Fixed 0.05,132,0.8681874999999999,0.0056506992644555325,0.05,0.0125
Stationary,Fixed 0.05,133,0.869071875,0.005307864590455607,0.05,0.0075
Stationary,Fixed 0.05,134,0.86135625,0.0050267426960881375,0.05,0.01
Stationary,Fixed 0.05,135,0.8704093750000002,0.0054087016978234745,0.05,0.015
Stationary,Fixed 0.05,136,0.85768125,0.005590777255054331,0.05,0.02
Stationary,Fixed 0.05,137,0.8564125000000001,0.0059009479042393155,0.05,0.0175
Stationary,Fixed 0.05,138,0.866690625,0.005807473755813244,0.05,0.0275
Stationary,Fixed 0.05,139,0.8631031250000001,0.005510335645496198,0.05,0.02
Stationary,Fixed 0.05,140,0.8651750000000001,0.005634906828748074,0.05,0.015
Stationary,Fixed 0.05,141,0.8593218750000001,0.006024891322813651,0.05,0.02
Stationary,Fixed 0.05,142,0.8703875000000001,0.005509054228550285,0.05,0.0225
Stationary,Fixed 0.05,143,0.855275,0.005847842098202874,0.05,0.02
Stationary,Fixed 0.05,144,0.8641031250000001,0.005511637087192264,0.05,0.02
Stationary,Fixed 0.05,145,0.8640562500000002,0.005184656071529128,0.05,0.02
Stationary,Fixed 0.05,146,0.8634125,0.00607123643824697,0.05,0.03
Stationary,Fixed 0.05,147,0.85771875,0.00578825145030636,0.05,0.025
Stationary,Fixed 0.05,148,0.857890625,0.006007258181612458,0.05,0.025
Stationary,Fixed 0.05,149,0.861646875,0.005780874833302197,0.05,0.0175
Stationary,Fixed 0.05,150,0.87385625,0.004975424321254931,0.05,0.01
Stationary,Fixed 0.05,151,0.8704031249999999,0.005182353183159021,0.05,0.01
Stationary,Fixed 0.05,152,0.862246875,0.0056562091929841084,0.05,0.01
Stationary,Fixed 0.05,153,0.8680031250000002,0.005490524095847193,0.05,0.015
Stationary,Fixed 0.05,154,0.872853125,0.005302315977171235,0.05,0.02
Stationary,Fixed 0.05,155,0.8602343750000001,0.005528065973515719,0.05,0.025
Stationary,Fixed 0.05,156,0.8626531249999999,0.005970154891397637,0.05,0.0225
Stationary,Fixed 0.05,157,0.8597468750000001,0.005856293705268448,0.05,0.0225
Stationary,Fixed 0.05,158,0.8541656250000002,0.006068713854156622,0.05,0.02
Stationary,Fixed 0.05,159,0.8619343750000001,0.005895471965161351,0.05,0.0225
Stationary,Fixed 0.10,0,0.8595,0.005067870345331729,0.1,0.0
Stationary,Fixed 0.10,1,0.824915625,0.006965098821751588,0.1,0.07
Stationary,Fixed 0.10,2,0.861796875,0.005661629238704379,0.1,0.0375
Stationary,Fixed 0.10,3,0.8432843750000001,0.006252110778829044,0.1,0.04
Stationary,Fixed 0.10,4,0.8530625000000001,0.0059630715010127525,0.1,0.0375
Stationary,Fixed 0.10,5,0.8559375,0.005917415906618763,0.1,0.0125
Stationary,Fixed 0.10,6,0.8473656249999999,0.005780434243994677,0.1,0.0175
Stationary,Fixed 0.10,7,0.858275,0.005364912869772502,0.1,0.0075
Stationary,Fixed 0.10,8,0.8573656249999999,0.004966837055018132,0.1,0.005
Stationary,Fixed 0.10,9,0.8658812499999999,0.005393120928387781,0.1,0.005
Stationary,Fixed 0.10,10,0.8540843749999999,0.00541505155109589,0.1,0.005
Stationary,Fixed 0.10,11,0.85138125,0.0055570893523515345,0.1,0.005
Stationary,Fixed 0.10,12,0.8555625,0.005363581265755269,0.1,0.0
Stationary,Fixed 0.10,13,0.8523000000000001,0.005485675125173507,0.1,0.0025
Stationary,Fixed 0.10,14,0.8534875,0.005615369052508006,0.1,0.0025
Stationary,Fixed 0.10,15,0.8564937499999999,0.005297882541724431,0.1,0.0075
Stationary,Fixed 0.10,16,0.85608125,0.005363398468805175,0.1,0.0025
Stationary,Fixed 0.10,17,0.8607250000000001,0.004977112638799552,0.1,0.005
Stationary,Fixed 0.10,18,0.85945625,0.00523440620899311,0.1,0.0025
Stationary,Fixed 0.10,19,0.8575437499999999,0.005451386021116263,0.1,0.01
Stationary,Fixed 0.10,20,0.8568000000000001,0.005353806647053579,0.1,0.0025
Stationary,Fixed 0.10,21,0.8586781250000002,0.005242398943809129,0.1,0.005
Stationary,Fixed 0.10,22,0.8720937499999999,0.005057419894181113,0.1,0.0
Stationary,Fixed 0.10,23,0.86184375,0.005173590024024464,0.1,0.0
Stationary,Fixed 0.10,24,0.856521875,0.005362914150889465,0.1,0.005
Stationary,Fixed 0.10,25,0.860990625,0.005432251573476904,0.1,0.005
Stationary,Fixed 0.10,26,0.856953125,0.005163464410209456,0.1,0.0
Stationary,Fixed 0.10,27,0.8663031250000001,0.005153905090235834,0.1,0.005
Stationary,Fixed 0.10,28,0.8600343749999999,0.005388044345232221,0.1,0.0025
Stationary,Fixed 0.10,29,0.85990625,0.005119028619387572,0.1,0.0
Stationary,Fixed 0.10,30,0.8593125,0.004945860359544666,0.1,0.0
Stationary,Fixed 0.10,31,0.85896875,0.0051032549470883,0.1,0.0
Stationary,Fixed 0.10,32,0.86175,0.0053067204666845625,0.1,0.0
Stationary,Fixed 0.10,33,0.8603624999999999,0.005655797027999664,0.1,0.0025
Stationary,Fixed 0.10,34,0.8623125,0.005019386952514488,0.1,0.0
Stationary,Fixed 0.10,35,0.8487062499999999,0.005492939039172373,0.1,0.0025
Stationary,Fixed 0.10,36,0.86020625,0.005403307741672855,0.1,0.0025
Stationary,Fixed 0.10,37,0.8523468750000001,0.0055010100653706505,0.1,0.0025
Stationary,Fixed 0.10,38,0.864925,0.0052484674484695164,0.1,0.0025
Stationary,Fixed 0.10,39,0.860109375,0.005248571325087883,0.1,0.0
Stationary,Fixed 0.10,40,0.860925,0.005284660914140434,0.1,0.0025
Stationary,Fixed 0.10,41,0.855534375,0.005565289718820528,0.1,0.0025
Stationary,Fixed 0.10,42,0.85705,0.00536796305988414,0.1,0.0025
Stationary,Fixed 0.10,43,0.8579593750000001,0.005178818922130701,0.1,0.005
Stationary,Fixed 0.10,44,0.8631968749999999,0.0052805816147879995,0.1,0.0075
Stationary,Fixed 0.10,45,0.84910625,0.005578098737240114,0.1,0.01
Stationary,Fixed 0.10,46,0.8456343749999999,0.005333227456172446,0.1,0.0075
Stationary,Fixed 0.10,47,0.851725,0.005629080113109024,0.1,0.005
Stationary,Fixed 0.10,48,0.8525812500000001,0.00537411318054309,0.1,0.0025
Stationary,Fixed 0.10,49,0.85478125,0.00526610913741937,0.1,0.0
Stationary,Fixed 0.10,50,0.860284375,0.00545171716230932,0.1,0.0025
Stationary,Fixed 0.10,51,0.857365625,0.0055326309530077,0.1,0.005
Stationary,Fixed 0.10,52,0.8622218749999999,0.005020060007787796,0.1,0.0025
Stationary,Fixed 0.10,53,0.854415625,0.005566109134306564,0.1,0.0075
Stationary,Fixed 0.10,54,0.8531531250000001,0.005492169285091383,0.1,0.01
Stationary,Fixed 0.10,55,0.8525375,0.005287487779718899,0.1,0.005
Stationary,Fixed 0.10,56,0.861425,0.005071582055815737,0.1,0.0025
Stationary,Fixed 0.10,57,0.8551625000000002,0.005320679829706973,0.1,0.005
Stationary,Fixed 0.10,58,0.8544125,0.005268218664583853,0.1,0.005
Stationary,Fixed 0.10,59,0.8536125,0.0056450970351017244,0.1,0.0025
Stationary,Fixed 0.10,60,0.8569249999999999,0.005265934018787699,0.1,0.0025
Stationary,Fixed 0.10,61,0.8611156249999999,0.005139183542790592,0.1,0.005
Stationary,Fixed 0.10,62,0.8546843749999999,0.005715944954430425,0.1,0.01
Stationary,Fixed 0.10,63,0.8610249999999999,0.005460398913723473,0.1,0.0075
Stationary,Fixed 0.10,64,0.85713125,0.0057123484549500905,0.1,0.005
Stationary,Fixed 0.10,65,0.8642687499999999,0.005376102853212031,0.1,0.0025
Stationary,Fixed 0.10,66,0.862003125,0.005090414313163526,0.1,0.0025
Stationary,Fixed 0.10,67,0.8610374999999999,0.005216476503796566,0.1,0.005
Stationary,Fixed 0.10,68,0.857503125,0.005488045754224549,0.1,0.0025
Stationary,Fixed 0.10,69,0.8603312500000001,0.005555334672470384,0.1,0.0025
Stationary,Fixed 0.10,70,0.8650656250000001,0.005232340564314967,0.1,0.0025
Stationary,Fixed 0.10,71,0.85875625,0.005603196735367395,0.1,0.005
Stationary,Fixed 0.10,72,0.858115625,0.005290840204347821,0.1,0.005
Stationary,Fixed 0.10,73,0.8480374999999999,0.005621627748546952,0.1,0.005
Stationary,Fixed 0.10,74,0.864175,0.005034214624543227,0.1,0.0025
Stationary,Fixed 0.10,75,0.86485625,0.005251164156268966,0.1,0.01
Stationary,Fixed 0.10,76,0.8603343749999999,0.005322691626013809,0.1,0.005
Stationary,Fixed 0.10,77,0.8553562500000002,0.005572128214667668,0.1,0.01
Stationary,Fixed 0.10,78,0.8605281249999999,0.005439716474817594,0.1,0.01
Stationary,Fixed 0.10,79,0.8681156250000001,0.005412770894112721,0.1,0.005
Stationary,Fixed 0.10,80,0.8570093750000001,0.00500138547680715,0.1,0.0075
Stationary,Fixed 0.10,81,0.865290625,0.005056337311450489,0.1,0.0075
Stationary,Fixed 0.10,82,0.851146875,0.0053205703825294475,0.1,0.005
Stationary,Fixed 0.10,83,0.8584906250000001,0.005483738435841945,0.1,0.005
Stationary,Fixed 0.10,84,0.873878125,0.004865303476699773,0.1,0.0025
Stationary,Fixed 0.10,85,0.863096875,0.005216331387966416,0.1,0.0025
Stationary,Fixed 0.10,86,0.8518906249999999,0.005145336372567454,0.1,0.0
Stationary,Fixed 0.10,87,0.859971875,0.00505679754554476,0.1,0.0025
Stationary,Fixed 0.10,88,0.865015625,0.005187730180202117,0.1,0.0
Stationary,Fixed 0.10,89,0.8654062499999999,0.005213738814628294,0.1,0.0
Stationary,Fixed 0.10,90,0.8633125000000001,0.005242616802391416,0.1,0.0
Stationary,Fixed 0.10,91,0.85939375,0.005410484148196765,0.1,0.0025
Stationary,Fixed 0.10,92,0.8561187499999999,0.004911491042748755,0.1,0.0075
Stationary,Fixed 0.10,93,0.854128125,0.005587155480788251,0.1,0.0025
Stationary,Fixed 0.10,94,0.860534375,0.005347341608661517,0.1,0.0025
Stationary,Fixed 0.10,95,0.8553187500000001,0.0051958057262764135,0.1,0.005
Stationary,Fixed 0.10,96,0.868425,0.0054869217514939604,0.1,0.0025
Stationary,Fixed 0.10,97,0.8441249999999999,0.006018068163751463,0.1,0.0
Stationary,Fixed 0.10,98,0.8600187499999999,0.0049631315273209785,0.1,0.0025
Stationary,Fixed 0.10,99,0.8645781249999999,0.005089242577547147,0.1,0.0
Stationary,Fixed 0.10,100,0.8583124999999999,0.005346974607477345,0.1,0.0
Stationary,Fixed 0.10,101,0.85919375,0.004997330104443341,0.1,0.005
Stationary,Fixed 0.10,102,0.8594875000000001,0.0053772205371257755,0.1,0.0025
Stationary,Fixed 0.10,103,0.864015625,0.005331917500731793,0.1,0.0
Stationary,Fixed 0.10,104,0.8525343749999998,0.005459238459177143,0.1,0.0025
Stationary,Fixed 0.10,105,0.8622718749999998,0.005391839621069443,0.1,0.005
Stationary,Fixed 0.10,106,0.8603468749999998,0.005182442726794209,0.1,0.0025
Stationary,Fixed 0.10,107,0.8614562499999999,0.005508431811086274,0.1,0.0025
Stationary,Fixed 0.10,108,0.8671937499999999,0.004891355658484488,0.1,0.005
Stationary,Fixed 0.10,109,0.8583,0.005335967590354469,0.1,0.0025
Stationary,Fixed 0.10,110,0.8573625000000001,0.005172917647648025,0.1,0.0025
Stationary,Fixed 0.10,111,0.8645031249999999,0.004933180351549416,0.1,0.0025
Stationary,Fixed 0.10,112,0.868784375,0.004894995759854744,0.1,0.0025
Stationary,Fixed 0.10,113,0.86108125,0.005716329640380046,0.1,0.0025
Stationary,Fixed 0.10,114,0.859203125,0.005073851947131929,0.1,0.0
Stationary,Fixed 0.10,115,0.8615,0.004857323682687411,0.1,0.0
Stationary,Fixed 0.10,116,0.84506875,0.005699843897290298,0.1,0.005
Stationary,Fixed 0.10,117,0.8553999999999999,0.005560884103948207,0.1,0.0075
Stationary,Fixed 0.10,118,0.8593531249999999,0.005185411223698472,0.1,0.0075
Stationary,Fixed 0.10,119,0.8571375,0.005332895538794496,0.1,0.01
Stationary,Fixed 0.10,120,0.8592,0.005511842314667064,0.1,0.01
Stationary,Fixed 0.10,121,0.857896875,0.005312239855693829,0.1,0.005
Stationary,Fixed 0.10,122,0.8651125000000001,0.0055640835796047375,0.1,0.0025
Stationary,Fixed 0.10,123,0.8589625000000001,0.005285645897452661,0.1,0.0075
Stationary,Fixed 0.10,124,0.864846875,0.005366147009893636,0.1,0.0025
Stationary,Fixed 0.10,125,0.8585999999999998,0.0052948746023997436,0.1,0.005
Stationary,Fixed 0.10,126,0.8583187500000001,0.0056259192283575985,0.1,0.005
Stationary,Fixed 0.10,127,0.862409375,0.00549161229717235,0.1,0.0025
Stationary,Fixed 0.10,128,0.8685468750000002,0.004810509464389233,0.1,0.0
Stationary,Fixed 0.10,129,0.86328125,0.005085417154366844,0.1,0.0
Stationary,Fixed 0.10,130,0.859675,0.00542237471560118,0.1,0.0025
Stationary,Fixed 0.10,131,0.8524406250000002,0.005461102644028951,0.1,0.0025
Stationary,Fixed 0.10,132,0.86101875,0.005317205742409402,0.1,0.0025
Stationary,Fixed 0.10,133,0.861640625,0.005163642160267952,0.1,0.0
Stationary,Fixed 0.10,134,0.8530812499999999,0.00494618350465772,0.1,0.0025
Stationary,Fixed 0.10,135,0.863784375,0.005135631716311772,0.1,0.0025
Stationary,Fixed 0.10,136,0.852753125,0.005318012396524184,0.1,0.0025
Stationary,Fixed 0.10,137,0.85359375,0.005451402399626208,0.1,0.0
Stationary,Fixed 0.10,138,0.865328125,0.00518397572321023,0.1,0.0
Stationary,Fixed 0.10,139,0.855271875,0.005597452453841701,0.1,0.005
Stationary,Fixed 0.10,140,0.861015625,0.0050733873938566725,0.1,0.0
Stationary,Fixed 0.10,141,0.8540968749999999,0.005754364045455415,0.1,0.0025
Stationary,Fixed 0.10,142,0.8657093750000001,0.005047287915594443,0.1,0.005
Stationary,Fixed 0.10,143,0.852240625,0.005470180199219059,0.1,0.005
Stationary,Fixed 0.10,144,0.85574375,0.005353096938401505,0.1,0.0075
Stationary,Fixed 0.10,145,0.857721875,0.0050274119332119034,0.1,0.0025
Stationary,Fixed 0.10,146,0.8632843750000001,0.004992341700736812,0.1,0.0025
Stationary,Fixed 0.10,147,0.85389375,0.005283626858327417,0.1,0.0025
Stationary,Fixed 0.10,148,0.8531187500000001,0.005651937024832764,0.1,0.0075
Stationary,Fixed 0.10,149,0.8560843750000001,0.005472782014796234,0.1,0.005
Stationary,Fixed 0.10,150,0.86545625,0.0048608744709826,0.1,0.0025
Stationary,Fixed 0.10,151,0.861034375,0.005179047770323389,0.1,0.0025
Stationary,Fixed 0.10,152,0.8533499999999999,0.005495043121169185,0.1,0.005
Stationary,Fixed 0.10,153,0.8634843750000002,0.004926997746829869,0.1,0.0
Stationary,Fixed 0.10,154,0.866940625,0.005103048856072917,0.1,0.0025
Stationary,Fixed 0.10,155,0.8588125,0.004891492770047153,0.1,0.0
Stationary,Fixed 0.10,156,0.859703125,0.005249047418409622,0.1,0.0
Stationary,Fixed 0.10,157,0.857828125,0.005177985618292509,0.1,0.0
Stationary,Fixed 0.10,158,0.8472437500000001,0.005635331633666048,0.1,0.0075
Stationary,Fixed 0.10,159,0.8576218750000001,0.005491851446129239,0.1,0.01
Stationary,Fixed 0.20,0,0.838859375,0.005029870379640851,0.2,0.0
Stationary,Fixed 0.20,1,0.818175,0.00611374932135846,0.2,0.04
Stationary,Fixed 0.20,2,0.844309375,0.005539342669842088,0.2,0.0225
Stationary,Fixed 0.20,3,0.834340625,0.0053543507608133966,0.2,0.01
Stationary,Fixed 0.20,4,0.8394093749999999,0.005683900146848711,0.2,0.015
Stationary,Fixed 0.20,5,0.8355906249999999,0.006002635974511923,0.2,0.01
Stationary,Fixed 0.20,6,0.832315625,0.005488483950665724,0.2,0.0025
Stationary,Fixed 0.20,7,0.8414218749999999,0.005214583440504226,0.2,0.0
Stationary,Fixed 0.20,8,0.83934375,0.004959974261049086,0.2,0.0
Stationary,Fixed 0.20,9,0.8470468750000001,0.005319928314544348,0.2,0.0
Stationary,Fixed 0.20,10,0.8357968750000001,0.005372794213476062,0.2,0.0
Stationary,Fixed 0.20,11,0.83234375,0.005511413871185186,0.2,0.0
Stationary,Fixed 0.20,12,0.8351093749999999,0.005360187830649973,0.2,0.0
Stationary,Fixed 0.20,13,0.8342343750000001,0.005252890488959,0.2,0.0
Stationary,Fixed 0.20,14,0.8338625,0.005613212342668387,0.2,0.0025
Stationary,Fixed 0.20,15,0.839284375,0.005246634760950153,0.2,0.0025
Stationary,Fixed 0.20,16,0.8364875,0.005403067165055442,0.2,0.0025
Stationary,Fixed 0.20,17,0.8415656250000001,0.0049973358910316325,0.2,0.0025
Stationary,Fixed 0.20,18,0.838159375,0.00521799201297944,0.2,0.0025
Stationary,Fixed 0.20,19,0.840375,0.005273016886015111,0.2,0.0
Stationary,Fixed 0.20,20,0.8384218750000001,0.00532100016337931,0.2,0.0
Stationary,Fixed 0.20,21,0.8400343749999999,0.0050257177506099,0.2,0.0025
Stationary,Fixed 0.20,22,0.8496124999999999,0.005491174316944662,0.2,0.0025
Stationary,Fixed 0.20,23,0.8418437499999999,0.005216725460109929,0.2,0.0
Stationary,Fixed 0.20,24,0.8379218750000001,0.005365041699551902,0.2,0.0
Stationary,Fixed 0.20,25,0.8446250000000001,0.005244271997566598,0.2,0.0
Stationary,Fixed 0.20,26,0.837078125,0.005172113506187597,0.2,0.0
Stationary,Fixed 0.20,27,0.8477187500000001,0.004947462220259594,0.2,0.0
Stationary,Fixed 0.20,28,0.8431093749999999,0.005136395364992089,0.2,0.0
Stationary,Fixed 0.20,29,0.8387968749999999,0.005116892577809607,0.2,0.0
Stationary,Fixed 0.20,30,0.83934375,0.0049445049905270716,0.2,0.0
Stationary,Fixed 0.20,31,0.8393906250000001,0.005111738927023127,0.2,0.0
Stationary,Fixed 0.20,32,0.8425468749999999,0.005371037362286604,0.2,0.0
Stationary,Fixed 0.20,33,0.8415,0.005550585117274599,0.2,0.0
Stationary,Fixed 0.20,34,0.8410625,0.004998336385206,0.2,0.0
Stationary,Fixed 0.20,35,0.830140625,0.005385922792960159,0.2,0.0
Stationary,Fixed 0.20,36,0.8414375,0.0053648150210328545,0.2,0.0
Stationary,Fixed 0.20,37,0.8337812499999999,0.005326381272942789,0.2,0.0
Stationary,Fixed 0.20,38,0.8454375000000001,0.005270172672990215,0.2,0.0
Stationary,Fixed 0.20,39,0.8404531249999999,0.005265314031669067,0.2,0.0
Stationary,Fixed 0.20,40,0.8425625,0.004956873653111129,0.2,0.0
Stationary,Fixed 0.20,41,0.836,0.005508197994272743,0.2,0.0
Stationary,Fixed 0.20,42,0.837140625,0.005364870622310829,0.2,0.0
Stationary,Fixed 0.20,43,0.8395781250000001,0.005156749033628212,0.2,0.0
Stationary,Fixed 0.20,44,0.8444687500000001,0.005173190728590982,0.2,0.0
Stationary,Fixed 0.20,45,0.8309687499999999,0.005471466833204867,0.2,0.0
Stationary,Fixed 0.20,46,0.826878125,0.0052172680233196584,0.2,0.0025
Stationary,Fixed 0.20,47,0.8346406250000001,0.005326769257505453,0.2,0.0
Stationary,Fixed 0.20,48,0.833890625,0.005354639865679694,0.2,0.0
Stationary,Fixed 0.20,49,0.835171875,0.005264891010883049,0.2,0.0
Stationary,Fixed 0.20,50,0.8408437499999999,0.005477196752835059,0.2,0.0
Stationary,Fixed 0.20,51,0.839515625,0.005212938068622307,0.2,0.0
Stationary,Fixed 0.20,52,0.8437187499999999,0.005038425101393254,0.2,0.0
Stationary,Fixed 0.20,53,0.835546875,0.0054940715135225705,0.2,0.0
Stationary,Fixed 0.20,54,0.8358281249999999,0.005314834771392611,0.2,0.0
Stationary,Fixed 0.20,55,0.834375,0.005256528268958125,0.2,0.0
Stationary,Fixed 0.20,56,0.84265625,0.005022801773186511,0.2,0.0
Stationary,Fixed 0.20,57,0.8361875000000001,0.0052998928989155,0.2,0.0
Stationary,Fixed 0.20,58,0.8360781249999999,0.005223840421323624,0.2,0.0
Stationary,Fixed 0.20,59,0.834078125,0.005536610110041385,0.2,0.0
Stationary,Fixed 0.20,60,0.83771875,0.005281554005724281,0.2,0.0
Stationary,Fixed 0.20,61,0.84234375,0.005016755827342176,0.2,0.0
Stationary,Fixed 0.20,62,0.83903125,0.0053636002031230015,0.2,0.0
Stationary,Fixed 0.20,63,0.8439687499999999,0.00519991903335787,0.2,0.0
Stationary,Fixed 0.20,64,0.8384062499999999,0.005668422062093544,0.2,0.0
Stationary,Fixed 0.20,65,0.8445031249999999,0.005376795429919102,0.2,0.0025
Stationary,Fixed 0.20,66,0.8430312499999999,0.005024822615838828,0.2,0.0
Stationary,Fixed 0.20,67,0.843796875,0.004893849352879862,0.2,0.0
Stationary,Fixed 0.20,68,0.83865625,0.005418495826324265,0.2,0.0
Stationary,Fixed 0.20,69,0.8397031249999999,0.00558827158840956,0.2,0.0
Stationary,Fixed 0.20,70,0.8448750000000002,0.005232565184354735,0.2,0.0
Stationary,Fixed 0.20,71,0.83971875,0.005404911589871714,0.2,0.0
Stationary,Fixed 0.20,72,0.83934375,0.0052374777467511045,0.2,0.0
Stationary,Fixed 0.20,73,0.8297031250000001,0.005385606954827902,0.2,0.0
Stationary,Fixed 0.20,74,0.8429843749999999,0.005053825004832688,0.2,0.0
Stationary,Fixed 0.20,75,0.8479062500000001,0.004938063828011699,0.2,0.0
Stationary,Fixed 0.20,76,0.84234375,0.0052320204627514955,0.2,0.0
Stationary,Fixed 0.20,77,0.839484375,0.005216769737731839,0.2,0.0
Stationary,Fixed 0.20,78,0.843859375,0.005179341556805611,0.2,0.0
Stationary,Fixed 0.20,79,0.8506562500000001,0.005149976722320681,0.2,0.0
Stationary,Fixed 0.20,80,0.8378749999999999,0.004929418412293549,0.2,0.0
Stationary,Fixed 0.20,81,0.846515625,0.005053671966365894,0.2,0.0
Stationary,Fixed 0.20,82,0.8324843749999999,0.005319691374607753,0.2,0.0
Stationary,Fixed 0.20,83,0.8395,0.005468823621058336,0.2,0.0
Stationary,Fixed 0.20,84,0.85346875,0.0049135598172340995,0.2,0.0
Stationary,Fixed 0.20,85,0.843109375,0.0051450604717333415,0.2,0.0
Stationary,Fixed 0.20,86,0.8314687500000001,0.0051600877151375575,0.2,0.0
Stationary,Fixed 0.20,87,0.8396562499999999,0.005020429119977249,0.2,0.0
Stationary,Fixed 0.20,88,0.8454531249999999,0.005227938449910353,0.2,0.0
Stationary,Fixed 0.20,89,0.845390625,0.005264378226931354,0.2,0.0
Stationary,Fixed 0.20,90,0.8428281249999999,0.005288981590059272,0.2,0.0
Stationary,Fixed 0.20,91,0.83909375,0.005416229634022629,0.2,0.0
Stationary,Fixed 0.20,92,0.83821875,0.0048403370424025104,0.2,0.0
Stationary,Fixed 0.20,93,0.8362031249999999,0.005476487712061613,0.2,0.0
Stationary,Fixed 0.20,94,0.8405781250000001,0.005431121158949957,0.2,0.0
Stationary,Fixed 0.20,95,0.8363468749999998,0.005131800417375014,0.2,0.0025
Stationary,Fixed 0.20,96,0.8494375,0.005318940515850208,0.2,0.0
Stationary,Fixed 0.20,97,0.824921875,0.006064746210029412,0.2,0.0
Stationary,Fixed 0.20,98,0.83990625,0.00490867385411875,0.2,0.0
Stationary,Fixed 0.20,99,0.8447187500000001,0.005159539373817073,0.2,0.0
Stationary,Fixed 0.20,100,0.8385468750000001,0.0053918584682663435,0.2,0.0
Stationary,Fixed 0.20,101,0.8407968750000001,0.004920401851185919,0.2,0.0
Stationary,Fixed 0.20,102,0.8388437500000001,0.0053753039398678325,0.2,0.0
Stationary,Fixed 0.20,103,0.84403125,0.005347907171748388,0.2,0.0
Stationary,Fixed 0.20,104,0.832578125,0.005489458810019727,0.2,0.0
Stationary,Fixed 0.20,105,0.8431093749999999,0.005331764181569559,0.2,0.0
Stationary,Fixed 0.20,106,0.8408281249999999,0.005185544855215271,0.2,0.0
Stationary,Fixed 0.20,107,0.8420468750000001,0.005422040216004569,0.2,0.0
Stationary,Fixed 0.20,108,0.847140625,0.004791205509470805,0.2,0.0
Stationary,Fixed 0.20,109,0.83875,0.005235440112988757,0.2,0.0
Stationary,Fixed 0.20,110,0.83821875,0.005193023629798237,0.2,0.0
Stationary,Fixed 0.20,111,0.8448750000000002,0.004975539321656838,0.2,0.0
Stationary,Fixed 0.20,112,0.84953125,0.00491393239422678,0.2,0.0
Stationary,Fixed 0.20,113,0.842140625,0.005704852945736607,0.2,0.0
Stationary,Fixed 0.20,114,0.838796875,0.005116940409840199,0.2,0.0
Stationary,Fixed 0.20,115,0.841234375,0.004909558499567463,0.2,0.0
Stationary,Fixed 0.20,116,0.8257187500000001,0.005708246222214606,0.2,0.0
Stationary,Fixed 0.20,117,0.837734375,0.005370861007574125,0.2,0.0
Stationary,Fixed 0.20,118,0.8408437499999999,0.005146456770372899,0.2,0.0
Stationary,Fixed 0.20,119,0.84003125,0.0052089220375310325,0.2,0.0
Stationary,Fixed 0.20,120,0.84028125,0.005452188941193246,0.2,0.0
Stationary,Fixed 0.20,121,0.8391249999999999,0.005275745442583194,0.2,0.0
Stationary,Fixed 0.20,122,0.84625,0.005505465500385944,0.2,0.0
Stationary,Fixed 0.20,123,0.8406562499999999,0.0052825381969133335,0.2,0.0
Stationary,Fixed 0.20,124,0.845140625,0.005405581911705606,0.2,0.0
Stationary,Fixed 0.20,125,0.841,0.005112891818787736,0.2,0.0
Stationary,Fixed 0.20,126,0.8400468749999999,0.005530229246378915,0.2,0.0
Stationary,Fixed 0.20,127,0.842421875,0.005525809725927398,0.2,0.0
Stationary,Fixed 0.20,128,0.8495625,0.004872273070941278,0.2,0.0
Stationary,Fixed 0.20,129,0.8437656250000001,0.005118117415243028,0.2,0.0
Stationary,Fixed 0.20,130,0.8413593750000001,0.005473150474011872,0.2,0.0
Stationary,Fixed 0.20,131,0.8323124999999999,0.0054428357998828345,0.2,0.0
Stationary,Fixed 0.20,132,0.8426406249999999,0.005224779739180957,0.2,0.0
Stationary,Fixed 0.20,133,0.8413437500000001,0.005158645585377288,0.2,0.0
Stationary,Fixed 0.20,134,0.834859375,0.004861399334772732,0.2,0.0
Stationary,Fixed 0.20,135,0.8447968750000001,0.005077663247755305,0.2,0.0
Stationary,Fixed 0.20,136,0.833625,0.005326837317020767,0.2,0.0
Stationary,Fixed 0.20,137,0.8338125,0.005486600610809149,0.2,0.0
Stationary,Fixed 0.20,138,0.84646875,0.005207134338808607,0.2,0.0
Stationary,Fixed 0.20,139,0.8371437500000001,0.005440868110705218,0.2,0.0025
Stationary,Fixed 0.20,140,0.8410781249999999,0.005102237792313213,0.2,0.0
Stationary,Fixed 0.20,141,0.8357656250000001,0.005466074074552472,0.2,0.0
Stationary,Fixed 0.20,142,0.847628125,0.004961623161105445,0.2,0.0025
Stationary,Fixed 0.20,143,0.8338125,0.005369774555329363,0.2,0.0
Stationary,Fixed 0.20,144,0.83770625,0.005314397890017957,0.2,0.0025
Stationary,Fixed 0.20,145,0.838,0.005035010182471728,0.2,0.0
Stationary,Fixed 0.20,146,0.8427031249999999,0.004983618250667068,0.2,0.0
Stationary,Fixed 0.20,147,0.8350156249999999,0.005244636889411685,0.2,0.0
Stationary,Fixed 0.20,148,0.834890625,0.005495660327885739,0.2,0.0
Stationary,Fixed 0.20,149,0.8385312500000001,0.005336772603305506,0.2,0.0
Stationary,Fixed 0.20,150,0.846796875,0.004763249104738847,0.2,0.0
Stationary,Fixed 0.20,151,0.84171875,0.005201148317862582,0.2,0.0
Stationary,Fixed 0.20,152,0.8349375000000001,0.005447292984733685,0.2,0.0
Stationary,Fixed 0.20,153,0.8428749999999999,0.0049457168470888975,0.2,0.0
Stationary,Fixed 0.20,154,0.8487343749999999,0.004975331669177366,0.2,0.0
Stationary,Fixed 0.20,155,0.838421875,0.004863581348597141,0.2,0.0
Stationary,Fixed 0.20,156,0.839609375,0.0052629367714993915,0.2,0.0
Stationary,Fixed 0.20,157,0.836625,0.0051961203928114945,0.2,0.0
Stationary,Fixed 0.20,158,0.8303281250000001,0.005371951397549127,0.2,0.0
Stationary,Fixed 0.20,159,0.83920625,0.005361839389981168,0.2,0.0025
Stationary,Fixed 0.60,0,0.759140625,0.005085746521785969,0.5999999999999999,0.0
Stationary,Fixed 0.60,1,0.7462031250000001,0.005722640482236611,0.5999999999999999,0.0125
Stationary,Fixed 0.60,2,0.770921875,0.0048049635410597254,0.5999999999999999,0.0
Stationary,Fixed 0.60,3,0.7557187500000001,0.005215982243716005,0.5999999999999999,0.0
Stationary,Fixed 0.60,4,0.7642656249999998,0.005214855193771295,0.5999999999999999,0.0
Stationary,Fixed 0.60,5,0.761171875,0.005475843222562269,0.5999999999999999,0.0
Stationary,Fixed 0.60,6,0.7521406250000001,0.0054257129408899615,0.5999999999999999,0.0
Stationary,Fixed 0.60,7,0.760875,0.005314525818965519,0.5999999999999999,0.0
Stationary,Fixed 0.60,8,0.759640625,0.00498488270899673,0.5999999999999999,0.0
Stationary,Fixed 0.60,9,0.7684218749999999,0.0053739921512960375,0.5999999999999999,0.0
Stationary,Fixed 0.60,10,0.7542500000000001,0.005413812627707002,0.5999999999999999,0.0
Stationary,Fixed 0.60,11,0.753125,0.005535834292093994,0.5999999999999999,0.0
Stationary,Fixed 0.60,12,0.754921875,0.005310655397638516,0.5999999999999999,0.0
Stationary,Fixed 0.60,13,0.7553125,0.0052872390723463,0.5999999999999999,0.0
Stationary,Fixed 0.60,14,0.75359375,0.005646708449897082,0.5999999999999999,0.0
Stationary,Fixed 0.60,15,0.7586875000000001,0.005253621088304112,0.5999999999999999,0.0
Stationary,Fixed 0.60,16,0.7577656250000001,0.005339761192389865,0.5999999999999999,0.0
Stationary,Fixed 0.60,17,0.7611250000000002,0.00501609447585737,0.5999999999999999,0.0
Stationary,Fixed 0.60,18,0.759921875,0.005158318856142962,0.5999999999999999,0.0
Stationary,Fixed 0.60,19,0.760734375,0.005323271493287898,0.5999999999999999,0.0
Stationary,Fixed 0.60,20,0.7569687500000001,0.00536220185235106,0.5999999999999999,0.0
Stationary,Fixed 0.60,21,0.757703125,0.005027760534641162,0.5999999999999999,0.0
Stationary,Fixed 0.60,22,0.771125,0.005110633785963889,0.5999999999999999,0.0
Stationary,Fixed 0.60,23,0.7608125,0.005246900751573939,0.5999999999999999,0.0
Stationary,Fixed 0.60,24,0.7576093749999999,0.005387233209755185,0.5999999999999999,0.0
Stationary,Fixed 0.60,25,0.764953125,0.005277378594960505,0.5999999999999999,0.0
Stationary,Fixed 0.60,26,0.7571406250000001,0.0052421881565640595,0.5999999999999999,0.0
Stationary,Fixed 0.60,27,0.767921875,0.004955896336368226,0.5999999999999999,0.0
Stationary,Fixed 0.60,28,0.763953125,0.005186436839506136,0.5999999999999999,0.0
Stationary,Fixed 0.60,29,0.7595468750000001,0.005149979276787362,0.5999999999999999,0.0
Stationary,Fixed 0.60,30,0.7585312500000001,0.004999038274911367,0.5999999999999999,0.0
Stationary,Fixed 0.60,31,0.758515625,0.005147049480762448,0.5999999999999999,0.0
Stationary,Fixed 0.60,32,0.761734375,0.005352294506469482,0.5999999999999999,0.0
Stationary,Fixed 0.60,33,0.7599062499999999,0.005556731850263523,0.5999999999999999,0.0
Stationary,Fixed 0.60,34,0.761015625,0.005045765777955653,0.5999999999999999,0.0
Stationary,Fixed 0.60,35,0.7494375,0.005351420162912371,0.5999999999999999,0.0
Stationary,Fixed 0.60,36,0.759015625,0.00530945100612951,0.5999999999999999,0.0
Stationary,Fixed 0.60,37,0.7537187499999999,0.005370449775561011,0.5999999999999999,0.0
Stationary,Fixed 0.60,38,0.7658749999999999,0.005310388604455028,0.5999999999999999,0.0
Stationary,Fixed 0.60,39,0.7589375000000002,0.005237030278432428,0.5999999999999999,0.0
Stationary,Fixed 0.60,40,0.76178125,0.005048488017391753,0.5999999999999999,0.0
Stationary,Fixed 0.60,41,0.7558125,0.005511420310384547,0.5999999999999999,0.0
Stationary,Fixed 0.60,42,0.7569999999999999,0.005427746163444544,0.5999999999999999,0.0
Stationary,Fixed 0.60,43,0.7591562499999999,0.0052192283446528594,0.5999999999999999,0.0
Stationary,Fixed 0.60,44,0.76434375,0.005185158104026639,0.5999999999999999,0.0
Stationary,Fixed 0.60,45,0.74984375,0.005468570978093808,0.5999999999999999,0.0
Stationary,Fixed 0.60,46,0.7495937500000001,0.005146523350411867,0.5999999999999999,0.0
Stationary,Fixed 0.60,47,0.755453125,0.005370497798875842,0.5999999999999999,0.0
Stationary,Fixed 0.60,48,0.753375,0.005388443437738236,0.5999999999999999,0.0
Stationary,Fixed 0.60,49,0.7552187499999999,0.005305402850005442,0.5999999999999999,0.0
Stationary,Fixed 0.60,50,0.759421875,0.005471708103921685,0.5999999999999999,0.0
Stationary,Fixed 0.60,51,0.7600156250000001,0.005175392324578563,0.5999999999999999,0.0
Stationary,Fixed 0.60,52,0.7636875000000001,0.00491596936296077,0.5999999999999999,0.0
Stationary,Fixed 0.60,53,0.754453125,0.005543079003094517,0.5999999999999999,0.0
Stationary,Fixed 0.60,54,0.7565312499999999,0.005330349960165687,0.5999999999999999,0.0
Stationary,Fixed 0.60,55,0.7540468750000001,0.005268975692397777,0.5999999999999999,0.0
Stationary,Fixed 0.60,56,0.7634531250000001,0.0050458448429533415,0.5999999999999999,0.0
Stationary,Fixed 0.60,57,0.7554843750000001,0.005294825324627739,0.5999999999999999,0.0
Stationary,Fixed 0.60,58,0.7571562500000002,0.005250648670616744,0.5999999999999999,0.0
Stationary,Fixed 0.60,59,0.7545000000000001,0.005540886348099587,0.5999999999999999,0.0
Stationary,Fixed 0.60,60,0.75875,0.005285595480189578,0.5999999999999999,0.0
Stationary,Fixed 0.60,61,0.761484375,0.0051100158970097806,0.5999999999999999,0.0
Stationary,Fixed 0.60,62,0.759265625,0.005336652616753613,0.5999999999999999,0.0
Stationary,Fixed 0.60,63,0.764578125,0.005253099691277731,0.5999999999999999,0.0
Stationary,Fixed 0.60,64,0.75953125,0.00570796837245496,0.5999999999999999,0.0
Stationary,Fixed 0.60,65,0.7650156249999999,0.005347518317937314,0.5999999999999999,0.0
Stationary,Fixed 0.60,66,0.76378125,0.005041222370722346,0.5999999999999999,0.0
Stationary,Fixed 0.60,67,0.76315625,0.005008255784061975,0.5999999999999999,0.0
Stationary,Fixed 0.60,68,0.759953125,0.005403484692957731,0.5999999999999999,0.0
Stationary,Fixed 0.60,69,0.7591718750000002,0.005575825360694895,0.5999999999999999,0.0
Stationary,Fixed 0.60,70,0.76603125,0.005360047021133832,0.5999999999999999,0.0
Stationary,Fixed 0.60,71,0.7591249999999999,0.005361760228167696,0.5999999999999999,0.0
Stationary,Fixed 0.60,72,0.758140625,0.005276289071099398,0.5999999999999999,0.0
Stationary,Fixed 0.60,73,0.7505937500000001,0.0054685853000619716,0.5999999999999999,0.0
Stationary,Fixed 0.60,74,0.763234375,0.004986213113004114,0.5999999999999999,0.0
Stationary,Fixed 0.60,75,0.765703125,0.005044298242507012,0.5999999999999999,0.0
Stationary,Fixed 0.60,76,0.762828125,0.005294661223867373,0.5999999999999999,0.0
Stationary,Fixed 0.60,77,0.7596406250000001,0.005212888300355033,0.5999999999999999,0.0
Stationary,Fixed 0.60,78,0.7635625,0.005205209903040585,0.5999999999999999,0.0
Stationary,Fixed 0.60,79,0.770703125,0.0051666392898420226,0.5999999999999999,0.0
Stationary,Fixed 0.60,80,0.7586562499999999,0.004990168661153715,0.5999999999999999,0.0
Stationary,Fixed 0.60,81,0.76825,0.005088777565538586,0.5999999999999999,0.0
Stationary,Fixed 0.60,82,0.751609375,0.005331665026709859,0.5999999999999999,0.0
Stationary,Fixed 0.60,83,0.7583125000000002,0.0054823986055878285,0.5999999999999999,0.0
Stationary,Fixed 0.60,84,0.7736875000000001,0.0048637842110340135,0.5999999999999999,0.0
Stationary,Fixed 0.60,85,0.7626875,0.005229912377307174,0.5999999999999999,0.0
Stationary,Fixed 0.60,86,0.7500312500000001,0.005300854062017816,0.5999999999999999,0.0
Stationary,Fixed 0.60,87,0.759453125,0.005142375374273623,0.5999999999999999,0.0
Stationary,Fixed 0.60,88,0.76521875,0.005214133127305719,0.5999999999999999,0.0
Stationary,Fixed 0.60,89,0.7649531249999998,0.005234163178858511,0.5999999999999999,0.0
Stationary,Fixed 0.60,90,0.7630625000000001,0.005327584363809622,0.5999999999999999,0.0
Stationary,Fixed 0.60,91,0.757578125,0.0054919550533125226,0.5999999999999999,0.0
Stationary,Fixed 0.60,92,0.758359375,0.004834790087493329,0.5999999999999999,0.0
Stationary,Fixed 0.60,93,0.7551406249999999,0.005484584744006049,0.5999999999999999,0.0
Stationary,Fixed 0.60,94,0.7602500000000001,0.005472964496706105,0.5999999999999999,0.0
Stationary,Fixed 0.60,95,0.7554062500000001,0.005164762378091476,0.5999999999999999,0.0
Stationary,Fixed 0.60,96,0.769203125,0.005309732654486121,0.5999999999999999,0.0
Stationary,Fixed 0.60,97,0.7449843749999999,0.006076487894899948,0.5999999999999999,0.0
Stationary,Fixed 0.60,98,0.7610624999999999,0.005017416603847682,0.5999999999999999,0.0
Stationary,Fixed 0.60,99,0.764171875,0.005121831266318477,0.5999999999999999,0.0
Stationary,Fixed 0.60,100,0.759109375,0.005401960290797854,0.5999999999999999,0.0
Stationary,Fixed 0.60,101,0.760703125,0.004928608469418421,0.5999999999999999,0.0
Stationary,Fixed 0.60,102,0.7589218750000001,0.005334497100136465,0.5999999999999999,0.0
Stationary,Fixed 0.60,103,0.76484375,0.005357202413255001,0.5999999999999999,0.0
Stationary,Fixed 0.60,104,0.75453125,0.00545306334165614,0.5999999999999999,0.0
Stationary,Fixed 0.60,105,0.7644687499999999,0.005345644020117529,0.5999999999999999,0.0
Stationary,Fixed 0.60,106,0.761390625,0.005217419959710777,0.5999999999999999,0.0
Stationary,Fixed 0.60,107,0.7621718749999999,0.005413515540580465,0.5999999999999999,0.0
Stationary,Fixed 0.60,108,0.766078125,0.004815628191787628,0.5999999999999999,0.0
Stationary,Fixed 0.60,109,0.75834375,0.005282378811161243,0.5999999999999999,0.0
Stationary,Fixed 0.60,110,0.7580781249999999,0.0051167251621812935,0.5999999999999999,0.0
Stationary,Fixed 0.60,111,0.7647812500000001,0.0050490212731663115,0.5999999999999999,0.0
Stationary,Fixed 0.60,112,0.7701718750000001,0.00488447106856362,0.5999999999999999,0.0
Stationary,Fixed 0.60,113,0.7617343750000001,0.00581828606956048,0.5999999999999999,0.0
Stationary,Fixed 0.60,114,0.760703125,0.0051754429263271865,0.5999999999999999,0.0
Stationary,Fixed 0.60,115,0.7614687499999999,0.004884190767258296,0.5999999999999999,0.0
Stationary,Fixed 0.60,116,0.74553125,0.005656663657176357,0.5999999999999999,0.0
Stationary,Fixed 0.60,117,0.7581874999999999,0.005455078462378131,0.5999999999999999,0.0
Stationary,Fixed 0.60,118,0.7611249999999999,0.00521132370294171,0.5999999999999999,0.0
Stationary,Fixed 0.60,119,0.759765625,0.005225811154579906,0.5999999999999999,0.0
Stationary,Fixed 0.60,120,0.7586875000000001,0.005437858283359336,0.5999999999999999,0.0
Stationary,Fixed 0.60,121,0.7579531249999999,0.005268929240563599,0.5999999999999999,0.0
Stationary,Fixed 0.60,122,0.765078125,0.005546544057161271,0.5999999999999999,0.0
Stationary,Fixed 0.60,123,0.76021875,0.005300270412295242,0.5999999999999999,0.0
Stationary,Fixed 0.60,124,0.7646406250000001,0.0054259835925863234,0.5999999999999999,0.0
Stationary,Fixed 0.60,125,0.7615781250000001,0.005207557057594876,0.5999999999999999,0.0
Stationary,Fixed 0.60,126,0.7612812500000001,0.005583835163009642,0.5999999999999999,0.0
Stationary,Fixed 0.60,127,0.7630624999999999,0.005514721518848539,0.5999999999999999,0.0
Stationary,Fixed 0.60,128,0.768265625,0.004837096942236627,0.5999999999999999,0.0
Stationary,Fixed 0.60,129,0.7634062500000001,0.005201003379057369,0.5999999999999999,0.0
Stationary,Fixed 0.60,130,0.7607656249999999,0.005464013960260188,0.5999999999999999,0.0
Stationary,Fixed 0.60,131,0.75390625,0.0053928563972534295,0.5999999999999999,0.0
Stationary,Fixed 0.60,132,0.76375,0.005238851691220751,0.5999999999999999,0.0
Stationary,Fixed 0.60,133,0.7617031249999999,0.005166652553902072,0.5999999999999999,0.0
Stationary,Fixed 0.60,134,0.7552187499999999,0.0048879476600011814,0.5999999999999999,0.0
Stationary,Fixed 0.60,135,0.764171875,0.005181691985869771,0.5999999999999999,0.0
Stationary,Fixed 0.60,136,0.753125,0.005339635657973281,0.5999999999999999,0.0
Stationary,Fixed 0.60,137,0.7539374999999998,0.005491560688923078,0.5999999999999999,0.0
Stationary,Fixed 0.60,138,0.766546875,0.005193932884335182,0.5999999999999999,0.0
Stationary,Fixed 0.60,139,0.758203125,0.00543035410151867,0.5999999999999999,0.0
Stationary,Fixed 0.60,140,0.7618593749999999,0.005102787015122489,0.5999999999999999,0.0
Stationary,Fixed 0.60,141,0.7552656249999999,0.005465198173026259,0.5999999999999999,0.0
Stationary,Fixed 0.60,142,0.76828125,0.004798669983586304,0.5999999999999999,0.0
Stationary,Fixed 0.60,143,0.754328125,0.005422353480616865,0.5999999999999999,0.0
Stationary,Fixed 0.60,144,0.7580156250000001,0.005353393707218314,0.5999999999999999,0.0
Stationary,Fixed 0.60,145,0.75921875,0.00499632124026604,0.5999999999999999,0.0
Stationary,Fixed 0.60,146,0.7643906250000001,0.0050657100747132245,0.5999999999999999,0.0
Stationary,Fixed 0.60,147,0.7559843749999999,0.005227352745735101,0.5999999999999999,0.0
Stationary,Fixed 0.60,148,0.7530781250000002,0.005539016172886181,0.5999999999999999,0.0
Stationary,Fixed 0.60,149,0.759703125,0.005379977839298159,0.5999999999999999,0.0
Stationary,Fixed 0.60,150,0.76625,0.004761811755044102,0.5999999999999999,0.0
Stationary,Fixed 0.60,151,0.7623124999999998,0.005232392114508902,0.5999999999999999,0.0
Stationary,Fixed 0.60,152,0.75390625,0.0054285918138405834,0.5999999999999999,0.0
Stationary,Fixed 0.60,153,0.76234375,0.004976835585586352,0.5999999999999999,0.0
Stationary,Fixed 0.60,154,0.7676249999999999,0.004945194228606862,0.5999999999999999,0.0
Stationary,Fixed 0.60,155,0.760109375,0.004936511410720009,0.5999999999999999,0.0
Stationary,Fixed 0.60,156,0.7608437499999999,0.005271497702614069,0.5999999999999999,0.0
Stationary,Fixed 0.60,157,0.757109375,0.005274271768107715,0.5999999999999999,0.0
Stationary,Fixed 0.60,158,0.7507343750000001,0.0055164680490204145,0.5999999999999999,0.0
Stationary,Fixed 0.60,159,0.760265625,0.005259132223178613,0.5999999999999999,0.0
Regime shifts,Fixed sparse,0,0.8740312500000001,0.005031629428087659,0.025,0.0
Regime shifts,Fixed sparse,1,0.85710625,0.00584988558858998,0.025,0.0225
Regime shifts,Fixed sparse,2,0.868109375,0.006256293774602802,0.025,0.0625
Regime shifts,Fixed sparse,3,0.8468437500000001,0.006832109998560094,0.025,0.075
Regime shifts,Fixed sparse,4,0.855159375,0.0069010006867369815,0.025,0.0775
Regime shifts,Fixed sparse,5,0.854671875,0.007008366541018607,0.025,0.0625
Regime shifts,Fixed sparse,6,0.8523531250000002,0.006142628362452751,0.025,0.07
Regime shifts,Fixed sparse,7,0.855928125,0.006712748840775609,0.025,0.0675
Regime shifts,Fixed sparse,8,0.858396875,0.006020168852386039,0.025,0.055
Regime shifts,Fixed sparse,9,0.870671875,0.005809626210963466,0.025,0.05
Regime shifts,Fixed sparse,10,0.8582906250000001,0.006200167074889176,0.025,0.045
Regime shifts,Fixed sparse,11,0.85638125,0.0063765444143174576,0.025,0.0425
Regime shifts,Fixed sparse,12,0.8560500000000002,0.006716164559085176,0.025,0.04
Regime shifts,Fixed sparse,13,0.84904375,0.006819186974436511,0.025,0.06
Regime shifts,Fixed sparse,14,0.8538125000000001,0.006529735309904879,0.025,0.05
Regime shifts,Fixed sparse,15,0.856878125,0.006275176420197079,0.025,0.0525
Regime shifts,Fixed sparse,16,0.8567500000000001,0.0064029958037748165,0.025,0.05
Regime shifts,Fixed sparse,17,0.858021875,0.0065290787869615894,0.025,0.055
Regime shifts,Fixed sparse,18,0.8536218750000001,0.006809691223229233,0.025,0.06
Regime shifts,Fixed sparse,19,0.856878125,0.006443032544171189,0.025,0.065
Regime shifts,Fixed sparse,20,0.8538625000000001,0.006598200541935962,0.025,0.0525
Regime shifts,Fixed sparse,21,0.85711875,0.006284744271148038,0.025,0.0575
Regime shifts,Fixed sparse,22,0.8683312500000001,0.006218207917709363,0.025,0.0525
Regime shifts,Fixed sparse,23,0.8636156250000002,0.006022137310040006,0.025,0.0425
Regime shifts,Fixed sparse,24,0.855584375,0.006351928539976332,0.025,0.055
Regime shifts,Fixed sparse,25,0.8622062500000002,0.006396301386321269,0.025,0.0525
Regime shifts,Fixed sparse,26,0.85580625,0.0064632234422348726,0.025,0.045
Regime shifts,Fixed sparse,27,0.868228125,0.006100718195987508,0.025,0.045
Regime shifts,Fixed sparse,28,0.8598125000000002,0.006305759261105878,0.025,0.05
Regime shifts,Fixed sparse,29,0.8649000000000001,0.005927696397966597,0.025,0.045
Regime shifts,Fixed sparse,30,0.86456875,0.005753072751151672,0.025,0.0425
Regime shifts,Fixed sparse,31,0.866075,0.0056364077444685245,0.025,0.035
Regime shifts,Fixed sparse,32,0.8695812500000001,0.005671149718104491,0.025,0.0275
Regime shifts,Fixed sparse,33,0.867275,0.0062040613087765055,0.025,0.0325
Regime shifts,Fixed sparse,34,0.8612093749999999,0.006123437042845519,0.025,0.0425
Regime shifts,Fixed sparse,35,0.8495343750000001,0.006173082061305558,0.025,0.0525
Regime shifts,Fixed sparse,36,0.8621593750000001,0.006227466661770024,0.025,0.0525
Regime shifts,Fixed sparse,37,0.85419375,0.0062495845648271745,0.025,0.0425
Regime shifts,Fixed sparse,38,0.8688218750000002,0.006160465895080262,0.025,0.045
Regime shifts,Fixed sparse,39,0.8628312500000002,0.0061478318428747234,0.025,0.04
Regime shifts,Fixed sparse,40,0.24165,0.01135189903432301,0.025,0.0325
Regime shifts,Fixed sparse,41,0.262271875,0.012655851593214088,0.025,0.0925
Regime shifts,Fixed sparse,42,0.29655624999999997,0.012630266553169178,0.025,0.145
Regime shifts,Fixed sparse,43,0.30915624999999997,0.012733212844051715,0.025,0.2125
Regime shifts,Fixed sparse,44,0.3241343749999999,0.012865277393240924,0.025,0.2825
Regime shifts,Fixed sparse,45,0.34749062499999994,0.013018328071331992,0.025,0.3425
Regime shifts,Fixed sparse,46,0.3559125,0.013463040308153743,0.025,0.38
Regime shifts,Fixed sparse,47,0.375815625,0.01299459349688927,0.025,0.4275
Regime shifts,Fixed sparse,48,0.406625,0.012941654875673845,0.025,0.475
Regime shifts,Fixed sparse,49,0.41185312499999993,0.013024940784791664,0.025,0.5325
Regime shifts,Fixed sparse,50,0.444775,0.012902419218084568,0.025,0.6075
Regime shifts,Fixed sparse,51,0.4754375,0.011983690439279805,0.025,0.6875
Regime shifts,Fixed sparse,52,0.46864374999999997,0.011948314079062517,0.025,0.7025
Regime shifts,Fixed sparse,53,0.47563125,0.011497848526373634,0.025,0.7175
Regime shifts,Fixed sparse,54,0.47741874999999995,0.011352678320112114,0.025,0.71
Regime shifts,Fixed sparse,55,0.45604374999999997,0.011324075219196435,0.025,0.685
Regime shifts,Fixed sparse,56,0.469696875,0.011174722683756322,0.025,0.67
Regime shifts,Fixed sparse,57,0.44500625000000005,0.011611413924644029,0.025,0.655
Regime shifts,Fixed sparse,58,0.46222812500000005,0.011778751084297967,0.025,0.6575
Regime shifts,Fixed sparse,59,0.46709062500000004,0.012141460457653368,0.025,0.6975
Regime shifts,Fixed sparse,60,0.4549250000000001,0.012347168996852764,0.025,0.665
Regime shifts,Fixed sparse,61,0.4562125,0.011619315568594454,0.025,0.67
Regime shifts,Fixed sparse,62,0.466925,0.012221255051398292,0.025,0.6775
Regime shifts,Fixed sparse,63,0.46496562500000005,0.011764079601000246,0.025,0.6725
Regime shifts,Fixed sparse,64,0.4517125,0.011719636971445882,0.025,0.645
Regime shifts,Fixed sparse,65,0.46492812499999997,0.011738446866768438,0.025,0.655
Regime shifts,Fixed sparse,66,0.467746875,0.011512281038764631,0.025,0.6475
Regime shifts,Fixed sparse,67,0.47259375,0.010835752460584425,0.025,0.6625
Regime shifts,Fixed sparse,68,0.45034687500000004,0.011760786737733026,0.025,0.64
Regime shifts,Fixed sparse,69,0.4348406249999999,0.011830400558066882,0.025,0.635
Regime shifts,Fixed sparse,70,0.441134375,0.012308102347438088,0.025,0.62
Regime shifts,Fixed sparse,71,0.453528125,0.012321112831400262,0.025,0.635
Regime shifts,Fixed sparse,72,0.453871875,0.01123584601018086,0.025,0.6225
Regime shifts,Fixed sparse,73,0.4543125,0.011754603778012688,0.025,0.625
Regime shifts,Fixed sparse,74,0.45317812500000004,0.012214635573249994,0.025,0.605
Regime shifts,Fixed sparse,75,0.44272187499999993,0.01215887543546787,0.025,0.6275
Regime shifts,Fixed sparse,76,0.44361562499999996,0.013256081905543948,0.025,0.63
Regime shifts,Fixed sparse,77,0.45787187500000004,0.012417012113433278,0.025,0.635
Regime shifts,Fixed sparse,78,0.45674062500000007,0.012320621366403732,0.025,0.63
Regime shifts,Fixed sparse,79,0.461875,0.011453524851166593,0.025,0.6375
Regime shifts,Fixed sparse,80,0.677915625,0.009923351682486578,0.025,0.6325
Regime shifts,Fixed sparse,81,0.695090625,0.009917451273907236,0.025,0.5975
Regime shifts,Fixed sparse,82,0.7086031250000001,0.00972655161340243,0.025,0.5575
Regime shifts,Fixed sparse,83,0.7280687499999999,0.009632553056149892,0.025,0.505
Regime shifts,Fixed sparse,84,0.7410249999999999,0.010205817346335713,0.025,0.4575
Regime shifts,Fixed sparse,85,0.7511500000000001,0.010154425896534997,0.025,0.4075
Regime shifts,Fixed sparse,86,0.7663750000000001,0.009476268009531557,0.025,0.3375
Regime shifts,Fixed sparse,87,0.7909562500000001,0.008860196002931859,0.025,0.2775
Regime shifts,Fixed sparse,88,0.7981843750000002,0.009256908224332124,0.025,0.2475
Regime shifts,Fixed sparse,89,0.8221406250000001,0.008450338868256668,0.025,0.1625
Regime shifts,Fixed sparse,90,0.8450125000000002,0.007050405340157851,0.025,0.11
Regime shifts,Fixed sparse,91,0.8534718750000002,0.007005151331862266,0.025,0.065
Regime shifts,Fixed sparse,92,0.8620812500000001,0.005592963551357257,0.025,0.04
Regime shifts,Fixed sparse,93,0.859440625,0.005961409695684229,0.025,0.04
Regime shifts,Fixed sparse,94,0.8652781250000001,0.005946329832596828,0.025,0.035
Regime shifts,Fixed sparse,95,0.857971875,0.005987151419363125,0.025,0.04
Regime shifts,Fixed sparse,96,0.87233125,0.006157526027699619,0.025,0.04
Regime shifts,Fixed sparse,97,0.8457718750000001,0.0066886340750605495,0.025,0.0425
Regime shifts,Fixed sparse,98,0.861925,0.005849747560583823,0.025,0.04
Regime shifts,Fixed sparse,99,0.8711281250000001,0.005501465825455756,0.025,0.04
Regime shifts,Fixed sparse,100,0.8635593750000001,0.005946032236440567,0.025,0.035
Regime shifts,Fixed sparse,101,0.8623312500000001,0.00580434867674633,0.025,0.04
Regime shifts,Fixed sparse,102,0.86486875,0.005993786261033265,0.025,0.0325
Regime shifts,Fixed sparse,103,0.868940625,0.005904229016908872,0.025,0.04
Regime shifts,Fixed sparse,104,0.8563625000000001,0.0062835664736235666,0.025,0.04
Regime shifts,Fixed sparse,105,0.866278125,0.006324264916170946,0.025,0.0475
Regime shifts,Fixed sparse,106,0.857984375,0.006382588713797653,0.025,0.05
Regime shifts,Fixed sparse,107,0.8628093750000001,0.006196003038150511,0.025,0.0475
Regime shifts,Fixed sparse,108,0.8694500000000001,0.0057347434352523945,0.025,0.0475
Regime shifts,Fixed sparse,109,0.8593968750000002,0.006159703199524025,0.025,0.055
Regime shifts,Fixed sparse,110,0.857571875,0.006153504523980833,0.025,0.0575
Regime shifts,Fixed sparse,111,0.8625218750000001,0.006447078334755374,0.025,0.055
Regime shifts,Fixed sparse,112,0.8677187500000001,0.006278691778824427,0.025,0.05
Regime shifts,Fixed sparse,113,0.86405625,0.006271827478566035,0.025,0.0575
Regime shifts,Fixed sparse,114,0.855221875,0.006583274640181441,0.025,0.0525
Regime shifts,Fixed sparse,115,0.8576937499999999,0.006410416564852169,0.025,0.055
Regime shifts,Fixed sparse,116,0.8432375000000002,0.006444892706291862,0.025,0.0525
Regime shifts,Fixed sparse,117,0.85625,0.0062591568260375405,0.025,0.05
Regime shifts,Fixed sparse,118,0.85814375,0.006260007581536622,0.025,0.0525
Regime shifts,Fixed sparse,119,0.8601562500000002,0.0058968971410457835,0.025,0.05
Regime shifts,Fixed sparse,120,0.274221875,0.011819615931896,0.025,0.065
Regime shifts,Fixed sparse,121,0.2757875,0.012097665604552554,0.025,0.0925
Regime shifts,Fixed sparse,122,0.27194999999999997,0.012465441168589619,0.025,0.1225
Regime shifts,Fixed sparse,123,0.29839999999999994,0.012946271846774129,0.025,0.17
Regime shifts,Fixed sparse,124,0.30870625,0.012992024461959118,0.025,0.2275
Regime shifts,Fixed sparse,125,0.330240625,0.013013552291659947,0.025,0.2925
Regime shifts,Fixed sparse,126,0.37181249999999993,0.01260427178439565,0.025,0.35
Regime shifts,Fixed sparse,127,0.37721249999999995,0.013275624855496809,0.025,0.4075
Regime shifts,Fixed sparse,128,0.417115625,0.01252130983434611,0.025,0.4925
Regime shifts,Fixed sparse,129,0.42314375,0.01227916372332433,0.025,0.54
Regime shifts,Fixed sparse,130,0.45125,0.01156099487257083,0.025,0.6
Regime shifts,Fixed sparse,131,0.44956874999999996,0.012392052056166912,0.025,0.6675
Regime shifts,Fixed sparse,132,0.458703125,0.012029862802681469,0.025,0.7125
Regime shifts,Fixed sparse,133,0.4702374999999999,0.01181738909046383,0.025,0.715
Regime shifts,Fixed sparse,134,0.49675624999999995,0.010642763231727475,0.025,0.73
Regime shifts,Fixed sparse,135,0.48260625000000007,0.01097962176945748,0.025,0.7225
Regime shifts,Fixed sparse,136,0.4914,0.011404524876409434,0.025,0.745
Regime shifts,Fixed sparse,137,0.475225,0.011063636274708582,0.025,0.7175
Regime shifts,Fixed sparse,138,0.479409375,0.011320551930213477,0.025,0.7025
Regime shifts,Fixed sparse,139,0.48260312499999997,0.011415923571372994,0.025,0.72
Regime shifts,Fixed sparse,140,0.46845312499999997,0.011371934075124749,0.025,0.6875
Regime shifts,Fixed sparse,141,0.4820375,0.01156619032757152,0.025,0.705
Regime shifts,Fixed sparse,142,0.4685125,0.01132752266893176,0.025,0.6725
Regime shifts,Fixed sparse,143,0.45674375,0.011495807195616613,0.025,0.67
Regime shifts,Fixed sparse,144,0.46773124999999993,0.01179587488810318,0.025,0.66
Regime shifts,Fixed sparse,145,0.454284375,0.011734694936636111,0.025,0.6525
Regime shifts,Fixed sparse,146,0.4657937499999999,0.011762450040211219,0.025,0.66
Regime shifts,Fixed sparse,147,0.469253125,0.011763269631719416,0.025,0.665
Regime shifts,Fixed sparse,148,0.47230625000000004,0.01145724692531381,0.025,0.6575
Regime shifts,Fixed sparse,149,0.454665625,0.011498321248789944,0.025,0.67
Regime shifts,Fixed sparse,150,0.45232187500000004,0.012198266514518939,0.025,0.67
Regime shifts,Fixed sparse,151,0.46295625,0.011549291255521088,0.025,0.6775
Regime shifts,Fixed sparse,152,0.486184375,0.011681414898905628,0.025,0.6975
Regime shifts,Fixed sparse,153,0.47456875,0.011315738551615401,0.025,0.6925
Regime shifts,Fixed sparse,154,0.4665625,0.011913785838184279,0.025,0.6625
Regime shifts,Fixed sparse,155,0.46532187499999994,0.01206384455830326,0.025,0.6825
Regime shifts,Fixed sparse,156,0.47052499999999997,0.011329243258909612,0.025,0.67
Regime shifts,Fixed sparse,157,0.45915625,0.012268524746826836,0.025,0.6625
Regime shifts,Fixed sparse,158,0.468125,0.011586228024018921,0.025,0.675
Regime shifts,Fixed sparse,159,0.47731562499999997,0.011656031853527577,0.025,0.69
Regime shifts,Fixed dense,0,0.799609375,0.005088104109535507,0.4,0.0
Regime shifts,Fixed dense,1,0.7872968749999998,0.005633621245438281,0.4,0.0125
Regime shifts,Fixed dense,2,0.807571875,0.005215961529265037,0.4,0.0075
Regime shifts,Fixed dense,3,0.79570625,0.005235670403709964,0.4,0.0025
Regime shifts,Fixed dense,4,0.80301875,0.00521208177455567,0.4,0.0025
Regime shifts,Fixed dense,5,0.80003125,0.00544516351145767,0.4,0.0
Regime shifts,Fixed dense,6,0.7919687500000001,0.005411743246960383,0.4,0.0
Regime shifts,Fixed dense,7,0.8015625,0.005300461814005392,0.4,0.0
Regime shifts,Fixed dense,8,0.79915625,0.005042861160124725,0.4,0.0
Regime shifts,Fixed dense,9,0.80903125,0.005364531017824088,0.4,0.0
Regime shifts,Fixed dense,10,0.794875,0.005406031104772188,0.4,0.0
Regime shifts,Fixed dense,11,0.7932968749999999,0.005545086791251984,0.4,0.0
Regime shifts,Fixed dense,12,0.7948906250000002,0.005352035676788083,0.4,0.0
Regime shifts,Fixed dense,13,0.7936406250000002,0.005277227865390747,0.4,0.0
Regime shifts,Fixed dense,14,0.79309375,0.005630644750213026,0.4,0.0
Regime shifts,Fixed dense,15,0.799515625,0.005246521905442132,0.4,0.0
Regime shifts,Fixed dense,16,0.7964375,0.00539490489491594,0.4,0.0
Regime shifts,Fixed dense,17,0.8011562499999999,0.0050269556035630785,0.4,0.0
Regime shifts,Fixed dense,18,0.799125,0.005227490457663448,0.4,0.0
Regime shifts,Fixed dense,19,0.8006718749999999,0.005312623872118413,0.4,0.0
Regime shifts,Fixed dense,20,0.79803125,0.005379054532070783,0.4,0.0
Regime shifts,Fixed dense,21,0.7994843750000001,0.005023594215287808,0.4,0.0
Regime shifts,Fixed dense,22,0.811984375,0.005067253038003068,0.4,0.0
Regime shifts,Fixed dense,23,0.801703125,0.00523916230317964,0.4,0.0
Regime shifts,Fixed dense,24,0.798359375,0.005366324833061568,0.4,0.0
Regime shifts,Fixed dense,25,0.8048906250000001,0.005295497391293988,0.4,0.0
Regime shifts,Fixed dense,26,0.797109375,0.005210543958336099,0.4,0.0
Regime shifts,Fixed dense,27,0.80778125,0.005005185819108343,0.4,0.0
Regime shifts,Fixed dense,28,0.8030625,0.005172699846296389,0.4,0.0
Regime shifts,Fixed dense,29,0.7992031249999999,0.005143768773642794,0.4,0.0
Regime shifts,Fixed dense,30,0.79925,0.004928218688568507,0.4,0.0
Regime shifts,Fixed dense,31,0.7984531250000001,0.005136054651643868,0.4,0.0
Regime shifts,Fixed dense,32,0.8016562500000001,0.005372307047827226,0.4,0.0
Regime shifts,Fixed dense,33,0.8005625,0.005536425822368749,0.4,0.0
Regime shifts,Fixed dense,34,0.8019375,0.005000087131133047,0.4,0.0
Regime shifts,Fixed dense,35,0.789109375,0.0053865153371257714,0.4,0.0
Regime shifts,Fixed dense,36,0.800625,0.005352454611055429,0.4,0.0
Regime shifts,Fixed dense,37,0.7938437500000001,0.005396988441523531,0.4,0.0
Regime shifts,Fixed dense,38,0.80509375,0.005298136588638824,0.4,0.0
Regime shifts,Fixed dense,39,0.799796875,0.005236014570397457,0.4,0.0
Regime shifts,Fixed dense,40,0.15743749999999998,0.011163816799349972,0.4,0.0
Regime shifts,Fixed dense,41,0.157203125,0.012119236979793401,0.4,0.0
Regime shifts,Fixed dense,42,0.16733125000000001,0.011944117179980968,0.4,0.0025
Regime shifts,Fixed dense,43,0.157371875,0.011747971315056246,0.4,0.0225
Regime shifts,Fixed dense,44,0.194975,0.012359706854941999,0.4,0.105
Regime shifts,Fixed dense,45,0.26463749999999997,0.013509877266513773,0.4,0.31
Regime shifts,Fixed dense,46,0.3459562499999999,0.012996796702501704,0.4,0.565
Regime shifts,Fixed dense,47,0.42497499999999994,0.010705495354991254,0.4,0.7925
Regime shifts,Fixed dense,48,0.47322187499999996,0.008527171665747603,0.4,0.9025
Regime shifts,Fixed dense,49,0.48521249999999994,0.008456932185452851,0.4,0.9575
Regime shifts,Fixed dense,50,0.4927437499999999,0.007965103433673447,0.4,0.9825
Regime shifts,Fixed dense,51,0.5013593749999999,0.007187736278057627,0.4,1.0
Regime shifts,Fixed dense,52,0.4988437499999999,0.00781590950038056,0.4,1.0
Regime shifts,Fixed dense,53,0.48901562499999995,0.007698912317737744,0.4,1.0
Regime shifts,Fixed dense,54,0.4970624999999999,0.0071655270539246665,0.4,1.0
Regime shifts,Fixed dense,55,0.4829531249999999,0.007474517091799304,0.4,1.0
Regime shifts,Fixed dense,56,0.49476562499999993,0.007520342958073191,0.4,1.0
Regime shifts,Fixed dense,57,0.49873124999999985,0.007018483020719224,0.4,0.9975
Regime shifts,Fixed dense,58,0.5045281249999999,0.007279375604133301,0.4,0.9975
Regime shifts,Fixed dense,59,0.4960312499999999,0.007330095488516548,0.4,1.0
Regime shifts,Fixed dense,60,0.49871874999999993,0.0071721154613070435,0.4,1.0
Regime shifts,Fixed dense,61,0.48509374999999993,0.007431994939064439,0.4,1.0
Regime shifts,Fixed dense,62,0.502,0.007330414857715457,0.4,1.0
Regime shifts,Fixed dense,63,0.49021562499999993,0.007564326464890449,0.4,0.9975
Regime shifts,Fixed dense,64,0.5010312499999999,0.007172066320322303,0.4,1.0
Regime shifts,Fixed dense,65,0.507296875,0.007266806284841674,0.4,1.0
Regime shifts,Fixed dense,66,0.5010156249999999,0.007251260408045393,0.4,1.0
Regime shifts,Fixed dense,67,0.50015625,0.007228023194091837,0.4,1.0
Regime shifts,Fixed dense,68,0.4903906249999999,0.007379618112467819,0.4,1.0
Regime shifts,Fixed dense,69,0.4841874999999999,0.007213737932533533,0.4,1.0
Regime shifts,Fixed dense,70,0.4961218749999999,0.007507383842740528,0.4,0.9975
Regime shifts,Fixed dense,71,0.5021687499999999,0.00762372487566237,0.4,0.9975
Regime shifts,Fixed dense,72,0.5004656249999999,0.007188282142185474,0.4,0.9975
Regime shifts,Fixed dense,73,0.5031218749999999,0.006899750388720781,0.4,0.9975
Regime shifts,Fixed dense,74,0.5060281249999999,0.007333579682049439,0.4,0.9975
Regime shifts,Fixed dense,75,0.496575,0.007152015463348071,0.4,0.9975
Regime shifts,Fixed dense,76,0.50678125,0.007018340627616822,0.4,1.0
Regime shifts,Fixed dense,77,0.5062656249999999,0.007695209738048393,0.4,1.0
Regime shifts,Fixed dense,78,0.50325,0.007385910380523365,0.4,1.0
Regime shifts,Fixed dense,79,0.5062625,0.006673448217068123,0.4,0.9975
Regime shifts,Fixed dense,80,0.492903125,0.00779990864872995,0.4,0.9975
Regime shifts,Fixed dense,81,0.5026375,0.007317767793910174,0.4,0.9975
Regime shifts,Fixed dense,82,0.4942937499999999,0.007572183126125695,0.4,0.985
Regime shifts,Fixed dense,83,0.5098625,0.007150211216581599,0.4,0.965
Regime shifts,Fixed dense,84,0.51605,0.00870312799362583,0.4,0.915
Regime shifts,Fixed dense,85,0.570871875,0.009489214666890077,0.4,0.7475
Regime shifts,Fixed dense,86,0.6339656249999999,0.010157612617045817,0.4,0.5225
Regime shifts,Fixed dense,87,0.712203125,0.00905837638310287,0.4,0.275
Regime shifts,Fixed dense,88,0.7766031250000001,0.006950770851930818,0.4,0.095
Regime shifts,Fixed dense,89,0.798746875,0.00562164599732668,0.4,0.0225
Regime shifts,Fixed dense,90,0.801921875,0.00531443871957295,0.4,0.0
Regime shifts,Fixed dense,91,0.798734375,0.005429828095288506,0.4,0.0
Regime shifts,Fixed dense,92,0.7989375000000001,0.00480643394342482,0.4,0.0
Regime shifts,Fixed dense,93,0.7955781250000001,0.005468012112320816,0.4,0.0
Regime shifts,Fixed dense,94,0.8010468749999999,0.005479615224743343,0.4,0.0
Regime shifts,Fixed dense,95,0.79621875,0.005161085584775474,0.4,0.0
Regime shifts,Fixed dense,96,0.8090625,0.005334430629502783,0.4,0.0
Regime shifts,Fixed dense,97,0.785703125,0.006040301384201861,0.4,0.0
Regime shifts,Fixed dense,98,0.801359375,0.005030502917318637,0.4,0.0
Regime shifts,Fixed dense,99,0.80378125,0.005080164606305749,0.4,0.0
Regime shifts,Fixed dense,100,0.79809375,0.005367267772521567,0.4,0.0
Regime shifts,Fixed dense,101,0.8006875,0.004955332870405003,0.4,0.0
Regime shifts,Fixed dense,102,0.7986406249999999,0.0054023861700617645,0.4,0.0
Regime shifts,Fixed dense,103,0.8035781249999999,0.005373354499008601,0.4,0.0
Regime shifts,Fixed dense,104,0.794125,0.005494931732912925,0.4,0.0
Regime shifts,Fixed dense,105,0.8049062499999999,0.005327325941578315,0.4,0.0
Regime shifts,Fixed dense,106,0.801125,0.005204565679866101,0.4,0.0
Regime shifts,Fixed dense,107,0.8028125,0.005390433451157094,0.4,0.0
Regime shifts,Fixed dense,108,0.80784375,0.00476463760622362,0.4,0.0
Regime shifts,Fixed dense,109,0.799109375,0.00524792776106549,0.4,0.0
Regime shifts,Fixed dense,110,0.7975937500000001,0.005153518966122003,0.4,0.0
Regime shifts,Fixed dense,111,0.8046718749999999,0.005014748999267069,0.4,0.0
Regime shifts,Fixed dense,112,0.8099531250000002,0.00487032706671769,0.4,0.0
Regime shifts,Fixed dense,113,0.801640625,0.005763010317703181,0.4,0.0
Regime shifts,Fixed dense,114,0.7999062499999999,0.005161425119990303,0.4,0.0
Regime shifts,Fixed dense,115,0.80209375,0.004933849049520302,0.4,0.0
Regime shifts,Fixed dense,116,0.785609375,0.0056796547091294,0.4,0.0
Regime shifts,Fixed dense,117,0.7982343750000002,0.005438666528483205,0.4,0.0
Regime shifts,Fixed dense,118,0.8006406250000001,0.0051762671449644615,0.4,0.0
Regime shifts,Fixed dense,119,0.800234375,0.0052707670272373035,0.4,0.0
Regime shifts,Fixed dense,120,0.17514062499999997,0.011313681646656987,0.4,0.0
Regime shifts,Fixed dense,121,0.16434374999999998,0.012051204646150619,0.4,0.0
Regime shifts,Fixed dense,122,0.1613,0.011462128000047533,0.4,0.0025
Regime shifts,Fixed dense,123,0.17614687499999998,0.01195647516199735,0.4,0.0175
Regime shifts,Fixed dense,124,0.180975,0.012112554590041767,0.4,0.08
Regime shifts,Fixed dense,125,0.26223437499999996,0.013242154860516404,0.4,0.3
Regime shifts,Fixed dense,126,0.35791562499999996,0.011709150841921484,0.4,0.57
Regime shifts,Fixed dense,127,0.4228375,0.011218728659197383,0.4,0.745
Regime shifts,Fixed dense,128,0.479571875,0.009456243667815391,0.4,0.9075
Regime shifts,Fixed dense,129,0.4887656249999999,0.008142125133572336,0.4,0.975
Regime shifts,Fixed dense,130,0.48308437499999995,0.00740242076033618,0.4,0.9925
Regime shifts,Fixed dense,131,0.49098125,0.007720331322093696,0.4,0.9975
Regime shifts,Fixed dense,132,0.49674999999999997,0.007678003308527836,0.4,1.0
Regime shifts,Fixed dense,133,0.503859375,0.007335171819986238,0.4,1.0
Regime shifts,Fixed dense,134,0.4999374999999999,0.007305902010178539,0.4,1.0
Regime shifts,Fixed dense,135,0.502046875,0.0072983963110393926,0.4,1.0
Regime shifts,Fixed dense,136,0.4962031249999999,0.007448164673846354,0.4,1.0
Regime shifts,Fixed dense,137,0.49176249999999994,0.0073496926510253704,0.4,0.9975
Regime shifts,Fixed dense,138,0.5049374999999999,0.007433438055937079,0.4,1.0
Regime shifts,Fixed dense,139,0.499796875,0.006763075928340015,0.4,1.0
Regime shifts,Fixed dense,140,0.4916874999999999,0.007702048808124487,0.4,1.0
Regime shifts,Fixed dense,141,0.503875,0.007495943190622685,0.4,1.0
Regime shifts,Fixed dense,142,0.5049374999999999,0.0068515127678963434,0.4,1.0
Regime shifts,Fixed dense,143,0.49332812499999995,0.007552233937332478,0.4,1.0
Regime shifts,Fixed dense,144,0.49881249999999994,0.007177859394823407,0.4,1.0
Regime shifts,Fixed dense,145,0.49546875,0.007654235771565344,0.4,1.0
Regime shifts,Fixed dense,146,0.5018437499999999,0.007314640957229321,0.4,1.0
Regime shifts,Fixed dense,147,0.5049843749999999,0.0070987077942851725,0.4,1.0
Regime shifts,Fixed dense,148,0.4997031249999999,0.00707059182064673,0.4,1.0
Regime shifts,Fixed dense,149,0.49301562499999996,0.007349395717851049,0.4,1.0
Regime shifts,Fixed dense,150,0.49184374999999997,0.007788952451425683,0.4,1.0
Regime shifts,Fixed dense,151,0.4969374999999999,0.0071917648347238055,0.4,1.0
Regime shifts,Fixed dense,152,0.4971093749999999,0.00745692119646064,0.4,1.0
Regime shifts,Fixed dense,153,0.4993562499999999,0.007016422447086813,0.4,0.9975
Regime shifts,Fixed dense,154,0.5071687499999998,0.0073515806781441154,0.4,0.9975
Regime shifts,Fixed dense,155,0.503578125,0.007020864780691751,0.4,1.0
Regime shifts,Fixed dense,156,0.4977468749999999,0.007453325288392922,0.4,0.9975
Regime shifts,Fixed dense,157,0.50690625,0.007208571291090945,0.4,1.0
Regime shifts,Fixed dense,158,0.497625,0.007529141380317681,0.4,1.0
Regime shifts,Fixed dense,159,0.5112,0.007334036869590395,0.4,0.9975
Regime shifts,Periodic dense,0,0.799609375,0.005088104109535507,0.4,0.0
Regime shifts,Periodic dense,1,0.7872968749999998,0.005633621245438281,0.4,0.0125
Regime shifts,Periodic dense,2,0.807571875,0.005215961529265037,0.4,0.0075
Regime shifts,Periodic dense,3,0.8555187500000002,0.005132686017498959,0.025,0.0025
Regime shifts,Periodic dense,4,0.877565625,0.005169118565784818,0.025,0.0025
Regime shifts,Periodic dense,5,0.8734406250000001,0.005539660434898821,0.025,0.0025
Regime shifts,Periodic dense,6,0.8659093750000001,0.005337238121004082,0.025,0.0025
Regime shifts,Periodic dense,7,0.8753625,0.0052243416515725585,0.025,0.0025
Regime shifts,Periodic dense,8,0.8732375000000002,0.0048732573117414085,0.025,0.0025
Regime shifts,Periodic dense,9,0.881565625,0.005345834252824354,0.025,0.0025
Regime shifts,Periodic dense,10,0.86945625,0.005376287867728575,0.025,0.0025
Regime shifts,Periodic dense,11,0.8668625,0.00550453536090683,0.025,0.0025
Regime shifts,Periodic dense,12,0.77764375,0.0055704563760915135,0.4,0.0025
Regime shifts,Periodic dense,13,0.7936406250000002,0.005277227865390747,0.4,0.0
Regime shifts,Periodic dense,14,0.79309375,0.005630644750213026,0.4,0.0
Regime shifts,Periodic dense,15,0.8582031250000002,0.005154141730738231,0.025,0.0
Regime shifts,Periodic dense,16,0.8720781250000001,0.005277568739969067,0.025,0.0
Regime shifts,Periodic dense,17,0.8756562500000001,0.004921940950646185,0.025,0.0
Regime shifts,Periodic dense,18,0.8745000000000002,0.005151588754743044,0.025,0.0
Regime shifts,Periodic dense,19,0.8742031250000001,0.005260263454213132,0.025,0.0
Regime shifts,Periodic dense,20,0.8724531250000002,0.005284821599596323,0.025,0.0
Regime shifts,Periodic dense,21,0.874753125,0.005050841333297484,0.025,0.0025
Regime shifts,Periodic dense,22,0.885534375,0.005081554013858639,0.025,0.0025
Regime shifts,Periodic dense,23,0.8761875,0.005171176040174147,0.025,0.0
Regime shifts,Periodic dense,24,0.782734375,0.005366324833061568,0.4,0.0
Regime shifts,Periodic dense,25,0.8048906250000001,0.005295497391293988,0.4,0.0
Regime shifts,Periodic dense,26,0.797109375,0.005210543958336099,0.4,0.0
Regime shifts,Periodic dense,27,0.866796875,0.004910324668768627,0.025,0.0
Regime shifts,Periodic dense,28,0.87678125,0.005060806391963249,0.025,0.0
Regime shifts,Periodic dense,29,0.8748750000000001,0.005132129874513327,0.025,0.0
Regime shifts,Periodic dense,30,0.8740937500000001,0.00492706015164607,0.025,0.0
Regime shifts,Periodic dense,31,0.8742500000000001,0.005032306733387507,0.025,0.0
Regime shifts,Periodic dense,32,0.876875,0.005278830537947863,0.025,0.0
Regime shifts,Periodic dense,33,0.8766406250000002,0.005510296611709844,0.025,0.0
Regime shifts,Periodic dense,34,0.8763593750000002,0.005028605065588526,0.025,0.0
Regime shifts,Periodic dense,35,0.864375,0.005315148425794011,0.025,0.0
Regime shifts,Periodic dense,36,0.785,0.005352454611055429,0.4,0.0
Regime shifts,Periodic dense,37,0.7938437500000001,0.005396988441523531,0.4,0.0
Regime shifts,Periodic dense,38,0.80509375,0.005298136588638824,0.4,0.0
Regime shifts,Periodic dense,39,0.8586437500000001,0.005287724283431174,0.025,0.0025
Regime shifts,Periodic dense,40,0.23275312499999998,0.011119378224927121,0.025,0.0025
Regime shifts,Periodic dense,41,0.23321874999999997,0.012083181180713904,0.025,0.0
Regime shifts,Periodic dense,42,0.24203125,0.01176924688363123,0.025,0.0
Regime shifts,Periodic dense,43,0.22697499999999998,0.011645421030761802,0.025,0.005
Regime shifts,Periodic dense,44,0.24310624999999997,0.01211439133203596,0.025,0.01
Regime shifts,Periodic dense,45,0.24284687499999996,0.011797648331886661,0.025,0.015
Regime shifts,Periodic dense,46,0.23651250000000001,0.012031103777225553,0.025,0.0225
Regime shifts,Periodic dense,47,0.24361874999999997,0.011742510306759567,0.025,0.02
Regime shifts,Periodic dense,48,0.16671875,0.012464577688683915,0.4,0.025
Regime shifts,Periodic dense,49,0.26685937499999995,0.013177355572700156,0.4,0.3125
Regime shifts,Periodic dense,50,0.41804375,0.011424809830540015,0.4,0.7725
Regime shifts,Periodic dense,51,0.53906875,0.008640364428569547,0.025,0.9425
Regime shifts,Periodic dense,52,0.559778125,0.008496698596333063,0.025,0.9475
Regime shifts,Periodic dense,53,0.546440625,0.008806159120441486,0.025,0.94
Regime shifts,Periodic dense,54,0.553965625,0.008117371043365124,0.025,0.9475
Regime shifts,Periodic dense,55,0.5447500000000001,0.008254441729800792,0.025,0.95
Regime shifts,Periodic dense,56,0.556640625,0.008072970543619232,0.025,0.95
Regime shifts,Periodic dense,57,0.557571875,0.007747335167645422,0.025,0.945
Regime shifts,Periodic dense,58,0.563253125,0.00817545412678457,0.025,0.94
Regime shifts,Periodic dense,59,0.552346875,0.008397872923189898,0.025,0.94
Regime shifts,Periodic dense,60,0.4694812499999999,0.007890470635168404,0.4,0.935
Regime shifts,Periodic dense,61,0.4658937499999999,0.008657177223396028,0.4,0.94
Regime shifts,Periodic dense,62,0.48287499999999994,0.00874258659276991,0.4,0.95
Regime shifts,Periodic dense,63,0.53798125,0.008324459586565644,0.025,0.96
Regime shifts,Periodic dense,64,0.5651875,0.007813744261818257,0.025,0.9625
Regime shifts,Periodic dense,65,0.569834375,0.007977714825287217,0.025,0.955
Regime shifts,Periodic dense,66,0.562884375,0.007991569449563172,0.025,0.9575
Regime shifts,Periodic dense,67,0.56293125,0.008314725302557278,0.025,0.9575
Regime shifts,Periodic dense,68,0.553725,0.008065323207401526,0.025,0.955
Regime shifts,Periodic dense,69,0.54811875,0.008174350073179579,0.025,0.9575
Regime shifts,Periodic dense,70,0.5553874999999999,0.008177368561744757,0.025,0.9475
Regime shifts,Periodic dense,71,0.55641875,0.00903597888309746,0.025,0.9475
Regime shifts,Periodic dense,72,0.46977499999999994,0.008117983668041371,0.4,0.9575
Regime shifts,Periodic dense,73,0.48733437499999993,0.008202666424107857,0.4,0.955
Regime shifts,Periodic dense,74,0.48544062499999996,0.00846968953595627,0.4,0.94
Regime shifts,Periodic dense,75,0.536840625,0.008249321605678142,0.025,0.9475
Regime shifts,Periodic dense,76,0.5591812500000001,0.008425989660002553,0.025,0.945
Regime shifts,Periodic dense,77,0.555315625,0.009412850438760815,0.025,0.94
Regime shifts,Periodic dense,78,0.5643375,0.00832107708512043,0.025,0.945
Regime shifts,Periodic dense,79,0.5640625,0.0076757518173648275,0.025,0.95
Regime shifts,Periodic dense,80,0.5816625,0.008387197729949985,0.025,0.955
Regime shifts,Periodic dense,81,0.593615625,0.007847788333958172,0.025,0.9425
Regime shifts,Periodic dense,82,0.5870000000000001,0.00804844282211797,0.025,0.9375
Regime shifts,Periodic dense,83,0.596528125,0.0075058803685579545,0.025,0.935
Regime shifts,Periodic dense,84,0.49415312499999997,0.008355079550718413,0.4,0.9225
Regime shifts,Periodic dense,85,0.5932593749999999,0.00977691193101972,0.4,0.67
Regime shifts,Periodic dense,86,0.717553125,0.00921185865969112,0.4,0.23
Regime shifts,Periodic dense,87,0.8591062500000001,0.005034338841523476,0.025,0.01
Regime shifts,Periodic dense,88,0.8777125000000001,0.005490966500617379,0.025,0.0075
Regime shifts,Periodic dense,89,0.87838125,0.005317933781234752,0.025,0.005
Regime shifts,Periodic dense,90,0.875865625,0.005391614012466211,0.025,0.005
Regime shifts,Periodic dense,91,0.8724562500000002,0.0055003413168045415,0.025,0.0025
Regime shifts,Periodic dense,92,0.8737343750000001,0.004799711568351984,0.025,0.0
Regime shifts,Periodic dense,93,0.8706250000000001,0.005378091871700514,0.025,0.0
Regime shifts,Periodic dense,94,0.873940625,0.005352750638165802,0.025,0.0025
Regime shifts,Periodic dense,95,0.8703468750000001,0.005130319422038095,0.025,0.0025
Regime shifts,Periodic dense,96,0.792753125,0.005337032950514089,0.4,0.0025
Regime shifts,Periodic dense,97,0.7854875000000001,0.006055712294529048,0.4,0.0025
Regime shifts,Periodic dense,98,0.7997562500000001,0.005061791959444352,0.4,0.005
Regime shifts,Periodic dense,99,0.863425,0.005100682880961169,0.025,0.0025
Regime shifts,Periodic dense,100,0.873140625,0.0053316448282716205,0.025,0.0
Regime shifts,Periodic dense,101,0.8740031250000001,0.005056247490151674,0.025,0.0025
Regime shifts,Periodic dense,102,0.874234375,0.005365128832796534,0.025,0.0
Regime shifts,Periodic dense,103,0.8787187500000002,0.005312117366067031,0.025,0.0
Regime shifts,Periodic dense,104,0.8687187500000002,0.005403471387444471,0.025,0.0
Regime shifts,Periodic dense,105,0.87834375,0.005311267686573503,0.025,0.0
Regime shifts,Periodic dense,106,0.8745218750000001,0.005290157830255016,0.025,0.005
Regime shifts,Periodic dense,107,0.8749125000000001,0.005617345495018177,0.025,0.005
Regime shifts,Periodic dense,108,0.790146875,0.00490986113324045,0.4,0.005
Regime shifts,Periodic dense,109,0.799109375,0.00524792776106549,0.4,0.0
Regime shifts,Periodic dense,110,0.7975937500000001,0.005153518966122003,0.4,0.0
Regime shifts,Periodic dense,111,0.8624593750000001,0.005065025532575086,0.025,0.005
Regime shifts,Periodic dense,112,0.8835531250000002,0.0050436874667117906,0.025,0.005
Regime shifts,Periodic dense,113,0.8756156250000001,0.005769134605533602,0.025,0.005
Regime shifts,Periodic dense,114,0.8724437500000002,0.005222305060047166,0.025,0.005
Regime shifts,Periodic dense,115,0.875834375,0.004892833338206207,0.025,0.005
Regime shifts,Periodic dense,116,0.8599906250000001,0.005676641754256107,0.025,0.005
Regime shifts,Periodic dense,117,0.8704437500000001,0.005452752595433914,0.025,0.005
Regime shifts,Periodic dense,118,0.873959375,0.005107811065476085,0.025,0.005
Regime shifts,Periodic dense,119,0.8731968750000001,0.005186574861548521,0.025,0.0075
Regime shifts,Periodic dense,120,0.161428125,0.011380623884093038,0.4,0.005
Regime shifts,Periodic dense,121,0.2107875,0.012718632033315224,0.4,0.13
Regime shifts,Periodic dense,122,0.36036875,0.012626860637198058,0.4,0.545
Regime shifts,Periodic dense,123,0.52875625,0.00921278838500652,0.025,0.905
Regime shifts,Periodic dense,124,0.54769375,0.009391052667451657,0.025,0.905
Regime shifts,Periodic dense,125,0.5578375,0.009219662771812201,0.025,0.92
Regime shifts,Periodic dense,126,0.5490937499999999,0.008633261583696226,0.025,0.925
Regime shifts,Periodic dense,127,0.55873125,0.008505897301628934,0.025,0.9225
Regime shifts,Periodic dense,128,0.56174375,0.008945504082600562,0.025,0.9325
Regime shifts,Periodic dense,129,0.5503625,0.00849644508166146,0.025,0.94
Regime shifts,Periodic dense,130,0.548328125,0.007964433930853672,0.025,0.95
Regime shifts,Periodic dense,131,0.55111875,0.008712773022936887,0.025,0.9575
Regime shifts,Periodic dense,132,0.46984687499999994,0.00846198931300551,0.4,0.965
Regime shifts,Periodic dense,133,0.4835437499999999,0.00872143739855053,0.4,0.9475
Regime shifts,Periodic dense,134,0.4890531249999999,0.007933557373837467,0.4,0.955
Regime shifts,Periodic dense,135,0.54835625,0.007927812718593729,0.025,0.9475
Regime shifts,Periodic dense,136,0.5595187500000001,0.008610796751991305,0.025,0.9525
Regime shifts,Periodic dense,137,0.553825,0.008428493266703556,0.025,0.9475
Regime shifts,Periodic dense,138,0.558121875,0.008878196235529904,0.025,0.9475
Regime shifts,Periodic dense,139,0.5579781249999999,0.00817054451028647,0.025,0.9575
Regime shifts,Periodic dense,140,0.556728125,0.00827224899038849,0.025,0.9575
Regime shifts,Periodic dense,141,0.56500625,0.008356047124985664,0.025,0.955
Regime shifts,Periodic dense,142,0.5658249999999999,0.007733680570265834,0.025,0.96
Regime shifts,Periodic dense,143,0.55079375,0.008488496743815608,0.025,0.96
Regime shifts,Periodic dense,144,0.46691249999999995,0.008482540509739605,0.4,0.955
Regime shifts,Periodic dense,145,0.48597187499999994,0.008208663624295249,0.4,0.9525
Regime shifts,Periodic dense,146,0.4937718749999999,0.007701728405554056,0.4,0.955
Regime shifts,Periodic dense,147,0.539165625,0.008603873922517978,0.025,0.945
Regime shifts,Periodic dense,148,0.559015625,0.007920285252611188,0.025,0.9375
Regime shifts,Periodic dense,149,0.551828125,0.008136047433039436,0.025,0.9375
Regime shifts,Periodic dense,150,0.5537593749999999,0.008521390930953925,0.025,0.945
Regime shifts,Periodic dense,151,0.5512125,0.008858744931635885,0.025,0.945
Regime shifts,Periodic dense,152,0.5596,0.008141478277706445,0.025,0.955
Regime shifts,Periodic dense,153,0.559159375,0.00791558500156121,0.025,0.94
Regime shifts,Periodic dense,154,0.56513125,0.008263507344352588,0.025,0.93
Regime shifts,Periodic dense,155,0.5494437499999999,0.008857176137894513,0.025,0.93
Regime shifts,Periodic dense,156,0.46809687499999997,0.008193469215711251,0.4,0.94
Regime shifts,Periodic dense,157,0.49777499999999997,0.007830377815234926,0.4,0.97
Regime shifts,Periodic dense,158,0.4851187499999999,0.00831604157764658,0.4,0.9575
Regime shifts,Periodic dense,159,0.554521875,0.008338221552005965,0.025,0.9425
Regime shifts,Adaptive audit,0,0.799609375,0.005088104109535507,0.4,0.0
Regime shifts,Adaptive audit,1,0.823109375,0.00584062025633045,0.17312499999999997,0.0125
Regime shifts,Adaptive audit,2,0.8648734375000001,0.00546562961405159,0.09906249999999998,0.005
Regime shifts,Adaptive audit,3,0.8618312500000002,0.005276142088751543,0.05968750000000001,0.0025
Regime shifts,Adaptive audit,4,0.8720812500000001,0.005265000416148974,0.0465625,0.0025
Regime shifts,Adaptive audit,5,0.8721562500000001,0.005443043772115854,0.0334375,0.0
Regime shifts,Adaptive audit,6,0.8652265625000001,0.005341425848636434,0.030625,0.0
Regime shifts,Adaptive audit,7,0.873609375,0.005197063249091845,0.034375,0.0
Regime shifts,Adaptive audit,8,0.8717578125,0.004899400863555704,0.03156250000000001,0.0
Regime shifts,Adaptive audit,9,0.8810468750000001,0.005316301287723738,0.0296875,0.0
Regime shifts,Adaptive audit,10,0.8690859375000001,0.005332975853625006,0.02875,0.0
Regime shifts,Adaptive audit,11,0.8667578125,0.005455595514973674,0.0296875,0.0
Regime shifts,Adaptive audit,12,0.8681171875000001,0.005408070524792895,0.0325,0.0
Regime shifts,Adaptive audit,13,0.844003125,0.005793574166286438,0.12437499999999999,0.0025
Regime shifts,Adaptive audit,14,0.8467218750000001,0.005841366171991502,0.11125,0.0025
Regime shifts,Adaptive audit,15,0.8565734375000001,0.005456548973956956,0.0896875,0.0025
Regime shifts,Adaptive audit,16,0.8565375000000001,0.005714372708454343,0.0765625,0.005
Regime shifts,Adaptive audit,17,0.8652734375,0.005180430844559736,0.064375,0.0
Regime shifts,Adaptive audit,18,0.8670781250000001,0.005247414718718542,0.055,0.0
Regime shifts,Adaptive audit,19,0.8658984375,0.00552330766540481,0.0596875,0.0
Regime shifts,Adaptive audit,20,0.8641015625,0.00545749904186617,0.05875,0.0
Regime shifts,Adaptive audit,21,0.8685,0.005143860666197923,0.05125,0.0
Regime shifts,Adaptive audit,22,0.8790421875000001,0.0053231174256502655,0.0503125,0.0025
Regime shifts,Adaptive audit,23,0.8700187500000002,0.005251556777405108,0.0484375,0.0025
Regime shifts,Adaptive audit,24,0.8664687500000001,0.005435462151980066,0.0484375,0.0
Regime shifts,Adaptive audit,25,0.8741484375000002,0.005234313906495489,0.045625,0.0
Regime shifts,Adaptive audit,26,0.8612734375000002,0.005273097750821097,0.0671875,0.0
Regime shifts,Adaptive audit,27,0.8704406250000001,0.005079904002052954,0.0671875,0.0025
Regime shifts,Adaptive audit,28,0.8645109375000001,0.0056675970984578295,0.064375,0.0025
Regime shifts,Adaptive audit,29,0.8643828125000002,0.0055230410074800845,0.0653125,0.0
Regime shifts,Adaptive audit,30,0.866053125,0.005230573672062235,0.0521875,0.005
Regime shifts,Adaptive audit,31,0.8649640625,0.005100818155800385,0.0625,0.0025
Regime shifts,Adaptive audit,32,0.8684921875,0.005441095927302341,0.0578125,0.0
Regime shifts,Adaptive audit,33,0.868171875,0.005691249502087478,0.0596875,0.0
Regime shifts,Adaptive audit,34,0.864878125,0.005398811602613322,0.0671875,0.0025
Regime shifts,Adaptive audit,35,0.8555390625000001,0.005391082121545694,0.056875,0.0
Regime shifts,Adaptive audit,36,0.8679406250000001,0.005519518685538708,0.05125,0.0025
Regime shifts,Adaptive audit,37,0.8625468750000002,0.005484921210188747,0.0475,0.0
Regime shifts,Adaptive audit,38,0.8741484375,0.005403501607898033,0.0521875,0.0
Regime shifts,Adaptive audit,39,0.8656593750000002,0.005455521906634632,0.0615625,0.0025
Regime shifts,Adaptive audit,40,0.2201328125,0.011322497812401997,0.075625,0.0
Regime shifts,Adaptive audit,41,0.23065625,0.012581831824898106,0.12999999999999998,0.075
Regime shifts,Adaptive audit,42,0.29317343749999997,0.012597170541225796,0.1628125,0.22
Regime shifts,Adaptive audit,43,0.31542656249999995,0.012651826100872038,0.180625,0.335
Regime shifts,Adaptive audit,44,0.3530546875,0.012413212968715183,0.1796875,0.4375
Regime shifts,Adaptive audit,45,0.3764921875,0.012480425515678012,0.16562499999999997,0.5125
Regime shifts,Adaptive audit,46,0.3994453125,0.01311964698109035,0.15906249999999997,0.5875
Regime shifts,Adaptive audit,47,0.4269578125,0.012279592294861152,0.158125,0.685
Regime shifts,Adaptive audit,48,0.47492031249999994,0.011071031520200716,0.15343749999999998,0.755
Regime shifts,Adaptive audit,49,0.47830468749999994,0.01191261910141881,0.13374999999999998,0.8125
Regime shifts,Adaptive audit,50,0.5166890625,0.009730456895049946,0.1140625,0.895
Regime shifts,Adaptive audit,51,0.5355484374999999,0.009202407884283576,0.090625,0.9325
Regime shifts,Adaptive audit,52,0.5508234375,0.008698687132543476,0.0765625,0.9525
Regime shifts,Adaptive audit,53,0.5460046875,0.008350972390154778,0.071875,0.9725
Regime shifts,Adaptive audit,54,0.54904375,0.008033652388801996,0.083125,0.9725
Regime shifts,Adaptive audit,55,0.5296984375,0.008164085050363984,0.10093749999999999,0.965
Regime shifts,Adaptive audit,56,0.5360453125,0.008315322028588848,0.12437499999999999,0.9675
Regime shifts,Adaptive audit,57,0.5356015625,0.008372247862958445,0.13093749999999998,0.9625
Regime shifts,Adaptive audit,58,0.548965625,0.0078144719300202,0.13468749999999996,0.9725
Regime shifts,Adaptive audit,59,0.5349140625,0.008490778112976808,0.12249999999999998,0.9625
Regime shifts,Adaptive audit,60,0.53139375,0.008782122890730262,0.135625,0.965
Regime shifts,Adaptive audit,61,0.519971875,0.008846809543375812,0.135625,0.965
Regime shifts,Adaptive audit,62,0.539415625,0.00843001041251425,0.14125,0.97
Regime shifts,Adaptive audit,63,0.5360015625,0.008278282557764818,0.12156249999999998,0.9825
Regime shifts,Adaptive audit,64,0.5464125,0.008165840903887764,0.1140625,0.98
Regime shifts,Adaptive audit,65,0.55954375,0.00796576892738422,0.1065625,0.985
Regime shifts,Adaptive audit,66,0.5531671875,0.007658519716490619,0.10375,0.99
Regime shifts,Adaptive audit,67,0.55944375,0.007295227127058464,0.09062499999999998,0.9925
Regime shifts,Adaptive audit,68,0.54214375,0.007986864062476269,0.1,0.9775
Regime shifts,Adaptive audit,69,0.53059375,0.007957544396673595,0.105625,0.975
Regime shifts,Adaptive audit,70,0.545278125,0.008254789942395178,0.116875,0.9725
Regime shifts,Adaptive audit,71,0.5373671875,0.00938024432180328,0.11218749999999998,0.95
Regime shifts,Adaptive audit,72,0.5490156249999999,0.00773920628011289,0.11406249999999998,0.975
Regime shifts,Adaptive audit,73,0.5464140624999999,0.00818602783078888,0.11312499999999996,0.975
Regime shifts,Adaptive audit,74,0.5502953125,0.00817945436848954,0.1215625,0.9675
Regime shifts,Adaptive audit,75,0.53730625,0.007900665358003345,0.13656249999999998,0.97
Regime shifts,Adaptive audit,76,0.5513750000000001,0.007822993266330359,0.1253125,0.975
Regime shifts,Adaptive audit,77,0.54735625,0.008283271883975159,0.1290625,0.9725
Regime shifts,Adaptive audit,78,0.540984375,0.008768992845551693,0.11968749999999999,0.9625
Regime shifts,Adaptive audit,79,0.5500296875,0.0075924237643451575,0.116875,0.9675
Regime shifts,Adaptive audit,80,0.5507249999999999,0.008133481294908354,0.12249999999999998,0.98
Regime shifts,Adaptive audit,81,0.5783921875,0.00843679274765732,0.16281249999999997,0.895
Regime shifts,Adaptive audit,82,0.5993749999999999,0.00867104324258546,0.19281249999999997,0.7875
Regime shifts,Adaptive audit,83,0.63359375,0.009197830539990789,0.20968749999999997,0.6625
Regime shifts,Adaptive audit,84,0.6792328125,0.010282356584516327,0.19749999999999995,0.5425
Regime shifts,Adaptive audit,85,0.7076453125000001,0.009800691568447439,0.18718749999999995,0.4225
Regime shifts,Adaptive audit,86,0.7396734375,0.009542080979523792,0.16187499999999996,0.345
Regime shifts,Adaptive audit,87,0.768575,0.00941021667687316,0.145,0.2475
Regime shifts,Adaptive audit,88,0.8056796875000001,0.008821623807698246,0.12343749999999998,0.175
Regime shifts,Adaptive audit,89,0.8263640625,0.007955109073506628,0.090625,0.1225
Regime shifts,Adaptive audit,90,0.8518531250000001,0.006353473716401008,0.07,0.0575
Regime shifts,Adaptive audit,91,0.8611515625000001,0.006095262423469159,0.0559375,0.015
Regime shifts,Adaptive audit,92,0.8686156250000002,0.0051683931095213055,0.035312500000000004,0.005
Regime shifts,Adaptive audit,93,0.8680234375000001,0.00541507390795007,0.036250000000000004,0.0
Regime shifts,Adaptive audit,94,0.8708671875,0.005377064389778396,0.0409375,0.0
Regime shifts,Adaptive audit,95,0.8663515625000001,0.005242584224788404,0.045625,0.0
Regime shifts,Adaptive audit,96,0.8778046875000001,0.005445055844436739,0.0540625,0.0
Regime shifts,Adaptive audit,97,0.850078125,0.006159102432809755,0.0578125,0.0
Regime shifts,Adaptive audit,98,0.8646937500000001,0.005045274919094286,0.0671875,0.005
Regime shifts,Adaptive audit,99,0.867771875,0.005255822419479057,0.0671875,0.005
Regime shifts,Adaptive audit,100,0.8613468750000002,0.005468360035774031,0.0709375,0.0025
Regime shifts,Adaptive audit,101,0.8631375,0.005216054702589018,0.0653125,0.01
Regime shifts,Adaptive audit,102,0.8640890625000002,0.005580223148218965,0.064375,0.0025
Regime shifts,Adaptive audit,103,0.868725,0.00559394434597491,0.056875,0.005
Regime shifts,Adaptive audit,104,0.8587421875000001,0.00562096610646189,0.0671875,0.0
Regime shifts,Adaptive audit,105,0.8680578125000001,0.005479342895501666,0.064375,0.0025
Regime shifts,Adaptive audit,106,0.8677656250000001,0.0053448488400884096,0.05875,0.0
Regime shifts,Adaptive audit,107,0.8712343750000001,0.005447024234357014,0.0475,0.0
Regime shifts,Adaptive audit,108,0.8754453125,0.004908973246080993,0.0503125,0.0
Regime shifts,Adaptive audit,109,0.8663625000000001,0.005516674197052838,0.0521875,0.0025
Regime shifts,Adaptive audit,110,0.8645937499999999,0.005341207862399164,0.0578125,0.0
Regime shifts,Adaptive audit,111,0.8718125000000001,0.005028310165171588,0.0578125,0.0
Regime shifts,Adaptive audit,112,0.8771468750000001,0.00500596554122787,0.0540625,0.005
Regime shifts,Adaptive audit,113,0.8694796875,0.005869562473599786,0.05125,0.0025
Regime shifts,Adaptive audit,114,0.8645578125,0.005404412041051925,0.0596875,0.0025
Regime shifts,Adaptive audit,115,0.8680781250000001,0.0049578565777788994,0.0559375,0.0
Regime shifts,Adaptive audit,116,0.8530625000000001,0.005715428961255041,0.0540625,0.0
Regime shifts,Adaptive audit,117,0.8629609375000001,0.005467179428407531,0.05875,0.0
Regime shifts,Adaptive audit,118,0.8677265625000001,0.005220178206579625,0.0559375,0.0
Regime shifts,Adaptive audit,119,0.8681953125000001,0.005238573692791926,0.053125,0.0
Regime shifts,Adaptive audit,120,0.24261249999999998,0.011293463390772083,0.0625,0.0025
Regime shifts,Adaptive audit,121,0.23273281249999997,0.012023266410324085,0.1065625,0.0425
Regime shifts,Adaptive audit,122,0.25327812499999997,0.012230092537270473,0.14593749999999997,0.135
Regime shifts,Adaptive audit,123,0.2828328125,0.012801644682567262,0.176875,0.235
Regime shifts,Adaptive audit,124,0.33723437500000003,0.013005826039879107,0.18624999999999997,0.375
Regime shifts,Adaptive audit,125,0.36451093749999997,0.013055767180023603,0.18343749999999998,0.4775
Regime shifts,Adaptive audit,126,0.4093234375,0.011972705802114562,0.16749999999999995,0.5775
Regime shifts,Adaptive audit,127,0.43822343750000003,0.012215314827202959,0.15906249999999997,0.6475
Regime shifts,Adaptive audit,128,0.4765906249999999,0.011141605607979953,0.1496875,0.735
Regime shifts,Adaptive audit,129,0.47899843750000004,0.011311974870362913,0.128125,0.7925
Regime shifts,Adaptive audit,130,0.4989593749999999,0.010383000394264857,0.115,0.855
Regime shifts,Adaptive audit,131,0.5157515625,0.010142030917517577,0.0971875,0.895
Regime shifts,Adaptive audit,132,0.5345765625,0.009290435675050895,0.08499999999999998,0.93
Regime shifts,Adaptive audit,133,0.545103125,0.008828918341601513,0.08124999999999999,0.945
Regime shifts,Adaptive audit,134,0.54936875,0.008437551337679148,0.07749999999999999,0.9575
Regime shifts,Adaptive audit,135,0.5471218749999999,0.008323504677790566,0.094375,0.9475
Regime shifts,Adaptive audit,136,0.5321984375000001,0.00907323950414703,0.1140625,0.9525
Regime shifts,Adaptive audit,137,0.53064375,0.008521571552468526,0.1215625,0.9525
Regime shifts,Adaptive audit,138,0.530978125,0.009007990383940602,0.1384375,0.945
Regime shifts,Adaptive audit,139,0.546971875,0.0072591999611804296,0.1253125,0.9775
Regime shifts,Adaptive audit,140,0.5283765625,0.008471328008971154,0.14125,0.97
Regime shifts,Adaptive audit,141,0.5420625,0.008706036057325608,0.145,0.975
Regime shifts,Adaptive audit,142,0.544734375,0.007571587479943656,0.14312499999999997,0.9625
Regime shifts,Adaptive audit,143,0.52386875,0.00892043902272973,0.13374999999999998,0.9575
Regime shifts,Adaptive audit,144,0.536165625,0.008799139606988238,0.11874999999999998,0.9575
Regime shifts,Adaptive audit,145,0.543471875,0.008298427264536964,0.101875,0.965
Regime shifts,Adaptive audit,146,0.5522796875,0.008007861457610597,0.1028125,0.98
Regime shifts,Adaptive audit,147,0.5555625,0.007827137915883471,0.0971875,0.9875
Regime shifts,Adaptive audit,148,0.55113125,0.007962371605719155,0.1028125,0.98
Regime shifts,Adaptive audit,149,0.5416015625,0.008295441013571209,0.0925,0.975
Regime shifts,Adaptive audit,150,0.5410390624999999,0.008209395083656158,0.10843749999999998,0.975
Regime shifts,Adaptive audit,151,0.5393906249999999,0.008256155935943796,0.1196875,0.975
Regime shifts,Adaptive audit,152,0.5445359375,0.008168409090284937,0.120625,0.9725
Regime shifts,Adaptive audit,153,0.5514828125,0.007381189640593641,0.1121875,0.98
Regime shifts,Adaptive audit,154,0.5510187499999999,0.008131233336494844,0.11968749999999999,0.9775
Regime shifts,Adaptive audit,155,0.544971875,0.008258902880683813,0.12156249999999998,0.9775
Regime shifts,Adaptive audit,156,0.5424640624999999,0.008258817011000999,0.11874999999999998,0.9775
Regime shifts,Adaptive audit,157,0.5524,0.007913102849242782,0.128125,0.9825
Regime shifts,Adaptive audit,158,0.5346687499999999,0.00882082690525383,0.1225,0.96
Regime shifts,Adaptive audit,159,0.5564828125,0.007929115168025554,0.1159375,0.9675
Regime shifts,No audit,0,0.87953125,0.005030397641805313,0.0,0.0
Regime shifts,No audit,1,0.87109375,0.005235527766958191,0.0,0.0
Regime shifts,No audit,2,0.89125,0.0047849365670955156,0.0,0.0
Regime shifts,No audit,3,0.87671875,0.00507833736542645,0.0,0.0
Regime shifts,No audit,4,0.8828125,0.0051466824256603885,0.0,0.0
Regime shifts,No audit,5,0.879296875,0.005412340821482018,0.0,0.0
Regime shifts,No audit,6,0.87109375,0.005319009308240268,0.0,0.0
Regime shifts,No audit,7,0.880703125,0.005169622845733406,0.0,0.0
Regime shifts,No audit,8,0.878359375,0.004875220837067165,0.0,0.0
Regime shifts,No audit,9,0.8865625,0.0052492363166364246,0.0,0.0
Regime shifts,No audit,10,0.87484375,0.005336374510459649,0.0,0.0
Regime shifts,No audit,11,0.87296875,0.0054207412047723265,0.0,0.0
Regime shifts,No audit,12,0.87484375,0.005336374510459649,0.0,0.0
Regime shifts,No audit,13,0.873671875,0.005271939401868954,0.0,0.0
Regime shifts,No audit,14,0.874140625,0.005563562014494063,0.0,0.0
Regime shifts,No audit,15,0.8790625,0.00511103509538338,0.0,0.0
Regime shifts,No audit,16,0.877421875,0.005274445783933613,0.0,0.0
Regime shifts,No audit,17,0.880703125,0.004907308152078855,0.0,0.0
Regime shifts,No audit,18,0.879296875,0.0051195265004620565,0.0,0.0
Regime shifts,No audit,19,0.8790625,0.0052492363166364246,0.0,0.0
Regime shifts,No audit,20,0.87765625,0.005272422495259181,0.0,0.0
Regime shifts,No audit,21,0.880234375,0.005034159372526204,0.0,0.0
Regime shifts,No audit,22,0.89125,0.005042698324407027,0.0,0.0
Regime shifts,No audit,23,0.88140625,0.005172884139616746,0.0,0.0
Regime shifts,No audit,24,0.8771875,0.005359286460227887,0.0,0.0
Regime shifts,No audit,25,0.884453125,0.005137994747835277,0.0,0.0
Regime shifts,No audit,26,0.87671875,0.0051536861363322565,0.0,0.0
Regime shifts,No audit,27,0.887734375,0.004874091130394663,0.0,0.0
Regime shifts,No audit,28,0.881640625,0.005073604480120636,0.0,0.0
Regime shifts,No audit,29,0.88,0.005101760532043404,0.0,0.0
Regime shifts,No audit,30,0.8790625,0.0049020450648345915,0.0,0.0
Regime shifts,No audit,31,0.8790625,0.005035048098231412,0.0,0.0
Regime shifts,No audit,32,0.882109375,0.005249852621957986,0.0,0.0
Regime shifts,No audit,33,0.881875,0.005488233954205143,0.0,0.0
Regime shifts,No audit,34,0.881640625,0.005019040673435756,0.0,0.0
Regime shifts,No audit,35,0.869453125,0.005337754580097733,0.0,0.0
Regime shifts,No audit,36,0.880703125,0.00528550142116562,0.0,0.0
Regime shifts,No audit,37,0.8734375,0.005335806901617916,0.0,0.0
Regime shifts,No audit,38,0.885859375,0.00519501989289911,0.0,0.0
Regime shifts,No audit,39,0.88046875,0.005172032408219513,0.0,0.0
Regime shifts,No audit,40,0.238046875,0.01113748139879399,0.0,0.0
Regime shifts,No audit,41,0.23828125,0.012097953093135343,0.0,0.0
Regime shifts,No audit,42,0.246953125,0.01175822182314642,0.0,0.0
Regime shifts,No audit,43,0.23125,0.011610757100685891,0.0,0.0
Regime shifts,No audit,44,0.24296875,0.011979017685953833,0.0,0.0
Regime shifts,No audit,45,0.243671875,0.01174088018503657,0.0,0.0
Regime shifts,No audit,46,0.232421875,0.011759064818059481,0.0,0.0
Regime shifts,No audit,47,0.244140625,0.011595183831168651,0.0,0.0
Regime shifts,No audit,48,0.253984375,0.012216919514758975,0.0,0.0
Regime shifts,No audit,49,0.2321875,0.011432861440762948,0.0,0.0
Regime shifts,No audit,50,0.251640625,0.011880063365142373,0.0,0.0
Regime shifts,No audit,51,0.238984375,0.011413379122503925,0.0,0.0
Regime shifts,No audit,52,0.239453125,0.011016774756026535,0.0,0.0
Regime shifts,No audit,53,0.242734375,0.011048371080802873,0.0,0.0
Regime shifts,No audit,54,0.265,0.01105126787371211,0.0,0.0
Regime shifts,No audit,55,0.234765625,0.011097706011923867,0.0,0.0
Regime shifts,No audit,56,0.251640625,0.011276005490718565,0.0,0.0
Regime shifts,No audit,57,0.22234375,0.011320634109345994,0.0,0.0
Regime shifts,No audit,58,0.250234375,0.011188047767310994,0.0,0.0
Regime shifts,No audit,59,0.246953125,0.011338588148186547,0.0,0.0
Regime shifts,No audit,60,0.253984375,0.011578168758098188,0.0,0.0
Regime shifts,No audit,61,0.248828125,0.011503395998272362,0.0,0.0
Regime shifts,No audit,62,0.24953125,0.011615475383547944,0.0,0.0
Regime shifts,No audit,63,0.261015625,0.011282352593447904,0.0,0.0
Regime shifts,No audit,64,0.2378125,0.010736539975639092,0.0,0.0
Regime shifts,No audit,65,0.258671875,0.01180729588154807,0.0,0.0
Regime shifts,No audit,66,0.255625,0.011767544093181143,0.0,0.0
Regime shifts,No audit,67,0.264765625,0.01076685532789882,0.0,0.0
Regime shifts,No audit,68,0.24390625,0.011328220199885173,0.0,0.0
Regime shifts,No audit,69,0.243203125,0.011088919395317587,0.0,0.0
Regime shifts,No audit,70,0.259375,0.011970394930545653,0.0,0.0
Regime shifts,No audit,71,0.253984375,0.01128918394401597,0.0,0.0
Regime shifts,No audit,72,0.24203125,0.010838307256858838,0.0,0.0
Regime shifts,No audit,73,0.24296875,0.011355992508284526,0.0,0.0
Regime shifts,No audit,74,0.250234375,0.011445949507055698,0.0,0.0
Regime shifts,No audit,75,0.242734375,0.011137728621216855,0.0,0.0
Regime shifts,No audit,76,0.24484375,0.01146948239348795,0.0,0.0
Regime shifts,No audit,77,0.248125,0.011380431240755506,0.0,0.0
Regime shifts,No audit,78,0.25,0.011896559870320508,0.0,0.0
Regime shifts,No audit,79,0.256796875,0.011148353999119563,0.0,0.0
Regime shifts,No audit,80,0.878125,0.004877493578573175,0.0,0.0
Regime shifts,No audit,81,0.88609375,0.004964279269719136,0.0,0.0
Regime shifts,No audit,82,0.87203125,0.005303248938797885,0.0,0.0
Regime shifts,No audit,83,0.880234375,0.005393280442722971,0.0,0.0
Regime shifts,No audit,84,0.89359375,0.0048018821754767845,0.0,0.0
Regime shifts,No audit,85,0.883515625,0.005149236408244762,0.0,0.0
Regime shifts,No audit,86,0.871796875,0.005157251163057514,0.0,0.0
Regime shifts,No audit,87,0.88046875,0.0049877412281252725,0.0,0.0
Regime shifts,No audit,88,0.884921875,0.005174946345715918,0.0,0.0
Regime shifts,No audit,89,0.88515625,0.005172032408219513,0.0,0.0
Regime shifts,No audit,90,0.8828125,0.005199907030870768,0.0,0.0
Regime shifts,No audit,91,0.878828125,0.005416612538438101,0.0,0.0
Regime shifts,No audit,92,0.878828125,0.004790788137460371,0.0,0.0
Regime shifts,No audit,93,0.876015625,0.0053687187696033365,0.0,0.0
Regime shifts,No audit,94,0.879765625,0.005315526870174047,0.0,0.0
Regime shifts,No audit,95,0.87625,0.005093117868659644,0.0,0.0
Regime shifts,No audit,96,0.8903125,0.005343232645448209,0.0,0.0
Regime shifts,No audit,97,0.863125,0.005989152553431134,0.0,0.0
Regime shifts,No audit,98,0.880703125,0.004884812795166309,0.0,0.0
Regime shifts,No audit,99,0.884453125,0.005094942150555264,0.0,0.0
Regime shifts,No audit,100,0.877890625,0.00532236013455527,0.0,0.0
Regime shifts,No audit,101,0.880234375,0.004855980080568766,0.0,0.0
Regime shifts,No audit,102,0.879296875,0.00538172995275887,0.0,0.0
Regime shifts,No audit,103,0.88375,0.00529415507966274,0.0,0.0
Regime shifts,No audit,104,0.873671875,0.0054060287844805745,0.0,0.0
Regime shifts,No audit,105,0.88328125,0.0052891077482904725,0.0,0.0
Regime shifts,No audit,106,0.881171875,0.005111129372187132,0.0,0.0
Regime shifts,No audit,107,0.882578125,0.005410101909369207,0.0,0.0
Regime shifts,No audit,108,0.887265625,0.004731917725661501,0.0,0.0
Regime shifts,No audit,109,0.8790625,0.005217668638811408,0.0,0.0
Regime shifts,No audit,110,0.878125,0.005065797102328013,0.0,0.0
Regime shifts,No audit,111,0.884921875,0.004924112228736152,0.0,0.0
Regime shifts,No audit,112,0.890078125,0.004849738786530661,0.0,0.0
Regime shifts,No audit,113,0.882109375,0.0056343784403802685,0.0,0.0
Regime shifts,No audit,114,0.878828125,0.005113283796622081,0.0,0.0
Regime shifts,No audit,115,0.881640625,0.00485166877108374,0.0,0.0
Regime shifts,No audit,116,0.865234375,0.005634182960897312,0.0,0.0
Regime shifts,No audit,117,0.876953125,0.005309618337478237,0.0,0.0
Regime shifts,No audit,118,0.880703125,0.005072844637553255,0.0,0.0
Regime shifts,No audit,119,0.880234375,0.005110159584859388,0.0,0.0
Regime shifts,No audit,120,0.25609375,0.01130875848118653,0.0,0.0
Regime shifts,No audit,121,0.244375,0.011962479523634866,0.0,0.0
Regime shifts,No audit,122,0.240859375,0.01142717023018264,0.0,0.0
Regime shifts,No audit,123,0.248359375,0.011740176605367207,0.0,0.0
Regime shifts,No audit,124,0.2396875,0.01140295844205367,0.0,0.0
Regime shifts,No audit,125,0.233828125,0.01150377896968184,0.0,0.0
Regime shifts,No audit,126,0.26171875,0.011567396659243358,0.0,0.0
Regime shifts,No audit,127,0.261953125,0.012095102096635274,0.0,0.0
Regime shifts,No audit,128,0.251875,0.011648260744997883,0.0,0.0
Regime shifts,No audit,129,0.265,0.010971248952212714,0.0,0.0
Regime shifts,No audit,130,0.2584375,0.01159832389814324,0.0,0.0
Regime shifts,No audit,131,0.240625,0.011244516207327113,0.0,0.0
Regime shifts,No audit,132,0.250234375,0.011118924051101296,0.0,0.0
Regime shifts,No audit,133,0.227734375,0.011630749235850696,0.0,0.0
Regime shifts,No audit,134,0.249765625,0.010663864006559698,0.0,0.0
Regime shifts,No audit,135,0.25421875,0.011412685510705154,0.0,0.0
Regime shifts,No audit,136,0.25046875,0.011878006210795777,0.0,0.0
Regime shifts,No audit,137,0.2396875,0.011594524843389872,0.0,0.0
Regime shifts,No audit,138,0.258671875,0.010768133928813204,0.0,0.0
Regime shifts,No audit,139,0.270390625,0.011878209044661157,0.0,0.0
Regime shifts,No audit,140,0.265703125,0.011534089018369423,0.0,0.0
Regime shifts,No audit,141,0.244609375,0.012102339242735849,0.0,0.0
Regime shifts,No audit,142,0.244375,0.010968236886333959,0.0,0.0
Regime shifts,No audit,143,0.241328125,0.01101587495717049,0.0,0.0
Regime shifts,No audit,144,0.248359375,0.011373261290549257,0.0,0.0
Regime shifts,No audit,145,0.234296875,0.011872876260059211,0.0,0.0
Regime shifts,No audit,146,0.246484375,0.011483032279186343,0.0,0.0
Regime shifts,No audit,147,0.263359375,0.011212336851212645,0.0,0.0
Regime shifts,No audit,148,0.25140625,0.011346677913944715,0.0,0.0
Regime shifts,No audit,149,0.235,0.011115859111116672,0.0,0.0
Regime shifts,No audit,150,0.246953125,0.011314278061595387,0.0,0.0
Regime shifts,No audit,151,0.246484375,0.011948378738513895,0.0,0.0
Regime shifts,No audit,152,0.2575,0.011825617045847444,0.0,0.0
Regime shifts,No audit,153,0.246953125,0.01128991562926849,0.0,0.0
Regime shifts,No audit,154,0.254453125,0.011332564109489969,0.0,0.0
Regime shifts,No audit,155,0.252578125,0.011319436160895447,0.0,0.0
Regime shifts,No audit,156,0.264765625,0.010746377023938113,0.0,0.0
Regime shifts,No audit,157,0.242734375,0.011635861700161558,0.0,0.0
Regime shifts,No audit,158,0.238984375,0.011060526289060613,0.0,0.0
Regime shifts,No audit,159,0.246953125,0.011211600103057908,0.0,0.0
Regime shifts,Fixed 0.05,0,0.8691875,0.005026072568794842,0.05,0.0
Regime shifts,Fixed 0.05,1,0.8478125,0.006118154292901936,0.05,0.0375
Regime shifts,Fixed 0.05,2,0.863109375,0.006315446762436634,0.05,0.075
Regime shifts,Fixed 0.05,3,0.841603125,0.006802637429239866,0.05,0.07
Regime shifts,Fixed 0.05,4,0.8595843750000001,0.005956921291843336,0.05,0.055
Regime shifts,Fixed 0.05,5,0.8529343750000001,0.0067159451272814225,0.05,0.0475
Regime shifts,Fixed 0.05,6,0.8515781250000001,0.006288437130814496,0.05,0.0375
Regime shifts,Fixed 0.05,7,0.8596250000000001,0.006050338388183658,0.05,0.0375
Regime shifts,Fixed 0.05,8,0.857990625,0.005984566762241672,0.05,0.03
Regime shifts,Fixed 0.05,9,0.8729187500000001,0.005503753765373995,0.05,0.0225
Regime shifts,Fixed 0.05,10,0.860784375,0.005717671166146571,0.05,0.015
Regime shifts,Fixed 0.05,11,0.8586656250000001,0.005821998680811588,0.05,0.02
Regime shifts,Fixed 0.05,12,0.8580625000000001,0.006024738350842739,0.05,0.025
Regime shifts,Fixed 0.05,13,0.85294375,0.006187187175644511,0.05,0.03
Regime shifts,Fixed 0.05,14,0.860415625,0.005792624561439998,0.05,0.02
Regime shifts,Fixed 0.05,15,0.8618125000000001,0.005576983692116226,0.05,0.025
Regime shifts,Fixed 0.05,16,0.8577125000000001,0.00604249068574734,0.05,0.0325
Regime shifts,Fixed 0.05,17,0.8628781250000002,0.005558420011739235,0.05,0.0275
Regime shifts,Fixed 0.05,18,0.856821875,0.006248127286399788,0.05,0.0325
Regime shifts,Fixed 0.05,19,0.8615312499999999,0.005916253330742994,0.05,0.025
Regime shifts,Fixed 0.05,20,0.858275,0.0060625865882765655,0.05,0.02
Regime shifts,Fixed 0.05,21,0.8648093750000001,0.005442775270600845,0.05,0.0225
Regime shifts,Fixed 0.05,22,0.8757093750000001,0.005447292245618126,0.05,0.0175
Regime shifts,Fixed 0.05,23,0.8634499999999999,0.00583336658601335,0.05,0.0225
Regime shifts,Fixed 0.05,24,0.855090625,0.006176767781592387,0.05,0.035
Regime shifts,Fixed 0.05,25,0.8632531250000001,0.006050461199303043,0.05,0.0275
Regime shifts,Fixed 0.05,26,0.8584312500000002,0.005674714165002493,0.05,0.0325
Regime shifts,Fixed 0.05,27,0.8681468750000002,0.005658857894742823,0.05,0.03
Regime shifts,Fixed 0.05,28,0.8625187500000001,0.005795171935261443,0.05,0.0275
Regime shifts,Fixed 0.05,29,0.8674906250000001,0.005307269260259997,0.05,0.0175
Regime shifts,Fixed 0.05,30,0.8648218750000001,0.005247816705643024,0.05,0.02
Regime shifts,Fixed 0.05,31,0.863540625,0.0055260066827722484,0.05,0.02
Regime shifts,Fixed 0.05,32,0.86809375,0.005538194509916378,0.05,0.0125
Regime shifts,Fixed 0.05,33,0.8681593750000002,0.00582584191929114,0.05,0.015
Regime shifts,Fixed 0.05,34,0.8665843750000001,0.005454259469894678,0.05,0.0175
Regime shifts,Fixed 0.05,35,0.8543000000000001,0.005749971532020626,0.05,0.015
Regime shifts,Fixed 0.05,36,0.8675312500000001,0.00554311548572316,0.05,0.0125
Regime shifts,Fixed 0.05,37,0.8595000000000002,0.005720006632617919,0.05,0.0125
Regime shifts,Fixed 0.05,38,0.8735437500000001,0.005394768890977759,0.05,0.01
Regime shifts,Fixed 0.05,39,0.8683250000000001,0.005351784904160574,0.05,0.01
Regime shifts,Fixed 0.05,40,0.22732187499999998,0.011117885878635462,0.05,0.0075
Regime shifts,Fixed 0.05,41,0.24068124999999999,0.012355991098903568,0.05,0.0325
Regime shifts,Fixed 0.05,42,0.262915625,0.012338750346695106,0.05,0.0825
Regime shifts,Fixed 0.05,43,0.27954999999999997,0.012739503824983409,0.05,0.1525
Regime shifts,Fixed 0.05,44,0.307021875,0.013341723676909719,0.05,0.2425
Regime shifts,Fixed 0.05,45,0.3500749999999999,0.012883380092692364,0.05,0.3475
Regime shifts,Fixed 0.05,46,0.358546875,0.01379636763507941,0.05,0.425
Regime shifts,Fixed 0.05,47,0.39588749999999995,0.012952558856716954,0.05,0.51
Regime shifts,Fixed 0.05,48,0.42559374999999994,0.012631746096927252,0.05,0.5625
Regime shifts,Fixed 0.05,49,0.45276562499999995,0.012417895665870466,0.05,0.6625
Regime shifts,Fixed 0.05,50,0.48003749999999995,0.012043373196669637,0.05,0.7425
Regime shifts,Fixed 0.05,51,0.49340312500000005,0.011304019653624757,0.05,0.7725
Regime shifts,Fixed 0.05,52,0.510815625,0.01083097051247619,0.05,0.8275
Regime shifts,Fixed 0.05,53,0.49233437499999994,0.010782153592360228,0.05,0.8175
Regime shifts,Fixed 0.05,54,0.5096531249999999,0.01037926911399897,0.05,0.835
Regime shifts,Fixed 0.05,55,0.49562187499999993,0.01040219640180815,0.05,0.81
Regime shifts,Fixed 0.05,56,0.50546875,0.010462903531494839,0.05,0.8125
Regime shifts,Fixed 0.05,57,0.49641874999999996,0.010674870389291111,0.05,0.7975
Regime shifts,Fixed 0.05,58,0.50624375,0.010920790579534472,0.05,0.795
Regime shifts,Fixed 0.05,59,0.5019781249999999,0.010389327191549442,0.05,0.8075
Regime shifts,Fixed 0.05,60,0.49547187499999995,0.01054783270273558,0.05,0.8025
Regime shifts,Fixed 0.05,61,0.4872937499999999,0.01061889987333403,0.05,0.785
Regime shifts,Fixed 0.05,62,0.49254062499999995,0.011240583890757692,0.05,0.7825
Regime shifts,Fixed 0.05,63,0.492115625,0.01078136324787966,0.05,0.7925
Regime shifts,Fixed 0.05,64,0.505703125,0.010544113104909951,0.05,0.8
Regime shifts,Fixed 0.05,65,0.5119562499999999,0.01061604937291005,0.05,0.815
Regime shifts,Fixed 0.05,66,0.5050093749999999,0.010599293028436145,0.05,0.795
Regime shifts,Fixed 0.05,67,0.5102812499999999,0.009883301366045353,0.05,0.8125
Regime shifts,Fixed 0.05,68,0.49840937499999993,0.010582124208852274,0.05,0.8275
Regime shifts,Fixed 0.05,69,0.485390625,0.010564301195904673,0.05,0.8
Regime shifts,Fixed 0.05,70,0.49762187499999994,0.010529006322044834,0.05,0.7975
Regime shifts,Fixed 0.05,71,0.51540625,0.010442571681194529,0.05,0.8125
Regime shifts,Fixed 0.05,72,0.5036499999999999,0.010594571384714651,0.05,0.8075
Regime shifts,Fixed 0.05,73,0.502621875,0.010227254661644111,0.05,0.81
Regime shifts,Fixed 0.05,74,0.511065625,0.010607342090898964,0.05,0.8025
Regime shifts,Fixed 0.05,75,0.5180437499999999,0.009999043613218284,0.05,0.8475
Regime shifts,Fixed 0.05,76,0.51596875,0.010234187895274504,0.05,0.825
Regime shifts,Fixed 0.05,77,0.512421875,0.011009340879377464,0.05,0.825
Regime shifts,Fixed 0.05,78,0.5053187499999999,0.011055262467390857,0.05,0.8175
Regime shifts,Fixed 0.05,79,0.5140437499999999,0.009844679939763644,0.05,0.81
Regime shifts,Fixed 0.05,80,0.6371,0.009540452637523131,0.05,0.7675
Regime shifts,Fixed 0.05,81,0.6555312499999999,0.009610516919486856,0.05,0.7125
Regime shifts,Fixed 0.05,82,0.661778125,0.009622121838361152,0.05,0.6725
Regime shifts,Fixed 0.05,83,0.6885781249999999,0.009671976221831562,0.05,0.6125
Regime shifts,Fixed 0.05,84,0.703153125,0.009954206609293994,0.05,0.56
Regime shifts,Fixed 0.05,85,0.72855625,0.010226714368531693,0.05,0.47
Regime shifts,Fixed 0.05,86,0.747178125,0.009457603133162067,0.05,0.38
Regime shifts,Fixed 0.05,87,0.7791624999999999,0.009087965172720263,0.05,0.2925
Regime shifts,Fixed 0.05,88,0.8120437500000002,0.008544163422994721,0.05,0.21
Regime shifts,Fixed 0.05,89,0.8357218750000002,0.007462148372967829,0.05,0.115
Regime shifts,Fixed 0.05,90,0.851875,0.006378073734396893,0.05,0.075
Regime shifts,Fixed 0.05,91,0.8579875000000001,0.006349569621858798,0.05,0.04
Regime shifts,Fixed 0.05,92,0.8637218750000001,0.005199110377977363,0.05,0.015
Regime shifts,Fixed 0.05,93,0.85911875,0.005795885880103378,0.05,0.02
Regime shifts,Fixed 0.05,94,0.8634499999999999,0.005761113334102267,0.05,0.0225
Regime shifts,Fixed 0.05,95,0.8601468750000001,0.005695911525403463,0.05,0.0175
Regime shifts,Fixed 0.05,96,0.8759531250000001,0.005579935079590268,0.05,0.0125
Regime shifts,Fixed 0.05,97,0.848159375,0.006350271540354714,0.05,0.015
Regime shifts,Fixed 0.05,98,0.8662687500000001,0.0051562653413609405,0.05,0.015
Regime shifts,Fixed 0.05,99,0.8714875000000001,0.005194785851889613,0.05,0.015
Regime shifts,Fixed 0.05,100,0.8631343749999999,0.005710545876669524,0.05,0.02
Regime shifts,Fixed 0.05,101,0.8632093750000002,0.005514259200106879,0.05,0.0175
Regime shifts,Fixed 0.05,102,0.866546875,0.005572148356174573,0.05,0.0125
Regime shifts,Fixed 0.05,103,0.871078125,0.00547867983881853,0.05,0.0125
Regime shifts,Fixed 0.05,104,0.8606218750000001,0.005722616155088697,0.05,0.01
Regime shifts,Fixed 0.05,105,0.8694843750000001,0.005597395487714636,0.05,0.0125
Regime shifts,Fixed 0.05,106,0.86734375,0.005375118162934423,0.05,0.0125
Regime shifts,Fixed 0.05,107,0.8675312500000001,0.005619113940362902,0.05,0.0125
Regime shifts,Fixed 0.05,108,0.8750718750000002,0.004963429146423353,0.05,0.0075
Regime shifts,Fixed 0.05,109,0.86609375,0.005482892115340672,0.05,0.0125
Regime shifts,Fixed 0.05,110,0.8659062500000002,0.005187866820907456,0.05,0.0125
Regime shifts,Fixed 0.05,111,0.8707500000000001,0.005284054206135992,0.05,0.0125
Regime shifts,Fixed 0.05,112,0.8769843750000001,0.0050031288548887075,0.05,0.0125
Regime shifts,Fixed 0.05,113,0.8671562500000002,0.00600450644486788,0.05,0.0125
Regime shifts,Fixed 0.05,114,0.865809375,0.005317215857555346,0.05,0.01
Regime shifts,Fixed 0.05,115,0.8632906250000001,0.005360152251339722,0.05,0.02
Regime shifts,Fixed 0.05,116,0.8496156250000001,0.006074686561653142,0.05,0.0175
Regime shifts,Fixed 0.05,117,0.8614750000000001,0.005713907715802888,0.05,0.0175
Regime shifts,Fixed 0.05,118,0.8651937500000001,0.005528184143179023,0.05,0.0175
Regime shifts,Fixed 0.05,119,0.8611562500000001,0.005793264204786444,0.05,0.025
Regime shifts,Fixed 0.05,120,0.24999375000000001,0.011371798720362352,0.05,0.02
Regime shifts,Fixed 0.05,121,0.254909375,0.012281115736884632,0.05,0.0525
Regime shifts,Fixed 0.05,122,0.257540625,0.012227923441866522,0.05,0.0825
Regime shifts,Fixed 0.05,123,0.29119687499999997,0.012954372721603949,0.05,0.145
Regime shifts,Fixed 0.05,124,0.30753749999999996,0.01294830400166074,0.05,0.23
Regime shifts,Fixed 0.05,125,0.3345125,0.013290971272693125,0.05,0.2975
Regime shifts,Fixed 0.05,126,0.38278124999999996,0.012480714191068618,0.05,0.4
Regime shifts,Fixed 0.05,127,0.4120125,0.0129728746460482,0.05,0.4975
Regime shifts,Fixed 0.05,128,0.44155,0.012352440831115748,0.05,0.565
Regime shifts,Fixed 0.05,129,0.44943749999999993,0.011555552339256146,0.05,0.6375
Regime shifts,Fixed 0.05,130,0.467903125,0.01132042294341317,0.05,0.6975
Regime shifts,Fixed 0.05,131,0.48778437499999994,0.011047998623698619,0.05,0.79
Regime shifts,Fixed 0.05,132,0.5016625,0.0109706932057259,0.05,0.83
Regime shifts,Fixed 0.05,133,0.5187375,0.009865234793681352,0.05,0.8275
Regime shifts,Fixed 0.05,134,0.51729375,0.009849122762984762,0.05,0.8225
Regime shifts,Fixed 0.05,135,0.51705625,0.009905190433361018,0.05,0.8075
Regime shifts,Fixed 0.05,136,0.5067468749999999,0.010573874396802685,0.05,0.8225
Regime shifts,Fixed 0.05,137,0.49802499999999994,0.010585318351329708,0.05,0.795
Regime shifts,Fixed 0.05,138,0.5168531249999999,0.010051569467967893,0.05,0.82
Regime shifts,Fixed 0.05,139,0.5037968749999999,0.010591025604827713,0.05,0.8
Regime shifts,Fixed 0.05,140,0.48985625,0.01103964907590552,0.05,0.785
Regime shifts,Fixed 0.05,141,0.5210812499999999,0.010362428363144277,0.05,0.8275
Regime shifts,Fixed 0.05,142,0.514746875,0.009897988947469152,0.05,0.8225
Regime shifts,Fixed 0.05,143,0.4943656249999999,0.01118096157412584,0.05,0.805
Regime shifts,Fixed 0.05,144,0.5046562499999999,0.01058003613836297,0.05,0.8125
Regime shifts,Fixed 0.05,145,0.503925,0.010156615527449637,0.05,0.815
Regime shifts,Fixed 0.05,146,0.50410625,0.010449342941825741,0.05,0.81
Regime shifts,Fixed 0.05,147,0.519075,0.01017002185124925,0.05,0.81
Regime shifts,Fixed 0.05,148,0.508053125,0.010190105720572875,0.05,0.8175
Regime shifts,Fixed 0.05,149,0.508715625,0.010182632231066597,0.05,0.835
Regime shifts,Fixed 0.05,150,0.512271875,0.010136469762320709,0.05,0.83
Regime shifts,Fixed 0.05,151,0.50079375,0.010240247625162947,0.05,0.8225
Regime shifts,Fixed 0.05,152,0.5146125,0.00990048955224236,0.05,0.815
Regime shifts,Fixed 0.05,153,0.5186062499999999,0.009581778050556121,0.05,0.835
Regime shifts,Fixed 0.05,154,0.5154124999999999,0.010753534983715354,0.05,0.83
Regime shifts,Fixed 0.05,155,0.509928125,0.010113892502925752,0.05,0.8175
Regime shifts,Fixed 0.05,156,0.50114375,0.010791799921582237,0.05,0.79
Regime shifts,Fixed 0.05,157,0.512375,0.010883113529120208,0.05,0.8
Regime shifts,Fixed 0.05,158,0.5016562499999999,0.010867423536683286,0.05,0.8
Regime shifts,Fixed 0.05,159,0.5165124999999999,0.010552950444286845,0.05,0.81
Regime shifts,Fixed 0.10,0,0.8595,0.005067870345331729,0.1,0.0
Regime shifts,Fixed 0.10,1,0.824915625,0.006965098821751588,0.1,0.07
Regime shifts,Fixed 0.10,2,0.861796875,0.005661629238704379,0.1,0.0375
Regime shifts,Fixed 0.10,3,0.8432843750000001,0.006252110778829044,0.1,0.04
Regime shifts,Fixed 0.10,4,0.8530625000000001,0.0059630715010127525,0.1,0.0375
Regime shifts,Fixed 0.10,5,0.8559375,0.005917415906618763,0.1,0.0125
Regime shifts,Fixed 0.10,6,0.8473656249999999,0.005780434243994677,0.1,0.0175
Regime shifts,Fixed 0.10,7,0.858275,0.005364912869772502,0.1,0.0075
Regime shifts,Fixed 0.10,8,0.8573656249999999,0.004966837055018132,0.1,0.005
Regime shifts,Fixed 0.10,9,0.8658812499999999,0.005393120928387781,0.1,0.005
Regime shifts,Fixed 0.10,10,0.8540843749999999,0.00541505155109589,0.1,0.005
Regime shifts,Fixed 0.10,11,0.85138125,0.0055570893523515345,0.1,0.005
Regime shifts,Fixed 0.10,12,0.8555625,0.005363581265755269,0.1,0.0
Regime shifts,Fixed 0.10,13,0.8523000000000001,0.005485675125173507,0.1,0.0025
Regime shifts,Fixed 0.10,14,0.8534875,0.005615369052508006,0.1,0.0025
Regime shifts,Fixed 0.10,15,0.8564937499999999,0.005297882541724431,0.1,0.0075
Regime shifts,Fixed 0.10,16,0.85608125,0.005363398468805175,0.1,0.0025
Regime shifts,Fixed 0.10,17,0.8607250000000001,0.004977112638799552,0.1,0.005
Regime shifts,Fixed 0.10,18,0.85945625,0.00523440620899311,0.1,0.0025
Regime shifts,Fixed 0.10,19,0.8575437499999999,0.005451386021116263,0.1,0.01
Regime shifts,Fixed 0.10,20,0.8568000000000001,0.005353806647053579,0.1,0.0025
Regime shifts,Fixed 0.10,21,0.8586781250000002,0.005242398943809129,0.1,0.005
Regime shifts,Fixed 0.10,22,0.8720937499999999,0.005057419894181113,0.1,0.0
Regime shifts,Fixed 0.10,23,0.86184375,0.005173590024024464,0.1,0.0
Regime shifts,Fixed 0.10,24,0.856521875,0.005362914150889465,0.1,0.005
Regime shifts,Fixed 0.10,25,0.860990625,0.005432251573476904,0.1,0.005
Regime shifts,Fixed 0.10,26,0.856953125,0.005163464410209456,0.1,0.0
Regime shifts,Fixed 0.10,27,0.8663031250000001,0.005153905090235834,0.1,0.005
Regime shifts,Fixed 0.10,28,0.8600343749999999,0.005388044345232221,0.1,0.0025
Regime shifts,Fixed 0.10,29,0.85990625,0.005119028619387572,0.1,0.0
Regime shifts,Fixed 0.10,30,0.8593125,0.004945860359544666,0.1,0.0
Regime shifts,Fixed 0.10,31,0.85896875,0.0051032549470883,0.1,0.0
Regime shifts,Fixed 0.10,32,0.86175,0.0053067204666845625,0.1,0.0
Regime shifts,Fixed 0.10,33,0.8603624999999999,0.005655797027999664,0.1,0.0025
Regime shifts,Fixed 0.10,34,0.8623125,0.005019386952514488,0.1,0.0
Regime shifts,Fixed 0.10,35,0.8487062499999999,0.005492939039172373,0.1,0.0025
Regime shifts,Fixed 0.10,36,0.86020625,0.005403307741672855,0.1,0.0025
Regime shifts,Fixed 0.10,37,0.8523468750000001,0.0055010100653706505,0.1,0.0025
Regime shifts,Fixed 0.10,38,0.864925,0.0052484674484695164,0.1,0.0025
Regime shifts,Fixed 0.10,39,0.860109375,0.005248571325087883,0.1,0.0
Regime shifts,Fixed 0.10,40,0.21780000000000002,0.011117521352128703,0.1,0.0025
Regime shifts,Fixed 0.10,41,0.223715625,0.012093126229558408,0.1,0.01
Regime shifts,Fixed 0.10,42,0.23998750000000002,0.012179033174920518,0.1,0.04
Regime shifts,Fixed 0.10,43,0.243709375,0.012428404210424307,0.1,0.105
Regime shifts,Fixed 0.10,44,0.29517499999999997,0.013011761686998732,0.1,0.24
Regime shifts,Fixed 0.10,45,0.3474499999999999,0.013077462455669625,0.1,0.3725
Regime shifts,Fixed 0.10,46,0.372459375,0.013029276552329803,0.1,0.48
Regime shifts,Fixed 0.10,47,0.417071875,0.012879728064895238,0.1,0.5825
Regime shifts,Fixed 0.10,48,0.45239062500000005,0.012101148420341197,0.1,0.675
Regime shifts,Fixed 0.10,49,0.480990625,0.011443245838832983,0.1,0.755
Regime shifts,Fixed 0.10,50,0.49451874999999995,0.011045443762457795,0.1,0.8275
Regime shifts,Fixed 0.10,51,0.522790625,0.009625284482123266,0.1,0.895
Regime shifts,Fixed 0.10,52,0.5333374999999999,0.009451314517019528,0.1,0.9325
Regime shifts,Fixed 0.10,53,0.5268999999999999,0.0090783009990208,0.1,0.9325
Regime shifts,Fixed 0.10,54,0.5355374999999999,0.008281517344481164,0.1,0.9425
Regime shifts,Fixed 0.10,55,0.5298031249999999,0.00808296619270376,0.1,0.9425
Regime shifts,Fixed 0.10,56,0.5261,0.008848107487424785,0.1,0.9175
Regime shifts,Fixed 0.10,57,0.5324562499999999,0.008708218761238012,0.1,0.915
Regime shifts,Fixed 0.10,58,0.540453125,0.008870275467234515,0.1,0.925
Regime shifts,Fixed 0.10,59,0.53626875,0.008445138859692745,0.1,0.94
Regime shifts,Fixed 0.10,60,0.5315375,0.0090385593811232,0.1,0.93
Regime shifts,Fixed 0.10,61,0.5218062499999999,0.008812526545712698,0.1,0.92
Regime shifts,Fixed 0.10,62,0.5352406249999999,0.008876778132912346,0.1,0.9175
Regime shifts,Fixed 0.10,63,0.5307718749999999,0.008601467386649497,0.1,0.9425
Regime shifts,Fixed 0.10,64,0.53691875,0.0087626103578959,0.1,0.935
Regime shifts,Fixed 0.10,65,0.5435499999999999,0.008889521460235075,0.1,0.9275
Regime shifts,Fixed 0.10,66,0.5375156249999999,0.008435863770557937,0.1,0.925
Regime shifts,Fixed 0.10,67,0.54076875,0.00814861297312667,0.1,0.9275
Regime shifts,Fixed 0.10,68,0.5217468749999999,0.008891880169490723,0.1,0.9225
Regime shifts,Fixed 0.10,69,0.5149843749999999,0.00892093537522528,0.1,0.925
Regime shifts,Fixed 0.10,70,0.539246875,0.008257473757806505,0.1,0.935
Regime shifts,Fixed 0.10,71,0.545659375,0.008613449423987897,0.1,0.915
Regime shifts,Fixed 0.10,72,0.537790625,0.008430277690458603,0.1,0.92
Regime shifts,Fixed 0.10,73,0.53283125,0.008696266892149324,0.1,0.915
Regime shifts,Fixed 0.10,74,0.540409375,0.009068390563279068,0.1,0.9275
Regime shifts,Fixed 0.10,75,0.5399562499999999,0.008545636137150068,0.1,0.94
Regime shifts,Fixed 0.10,76,0.55070625,0.008318808796295119,0.1,0.94
Regime shifts,Fixed 0.10,77,0.5444625,0.008935060790234612,0.1,0.9325
Regime shifts,Fixed 0.10,78,0.5361812499999999,0.009358121183030515,0.1,0.92
Regime shifts,Fixed 0.10,79,0.5395687499999999,0.008436021283911051,0.1,0.9175
Regime shifts,Fixed 0.10,80,0.576453125,0.00859127794673797,0.1,0.9125
Regime shifts,Fixed 0.10,81,0.6006437499999999,0.008533746811641811,0.1,0.8775
Regime shifts,Fixed 0.10,82,0.617325,0.009284670385461548,0.1,0.7975
Regime shifts,Fixed 0.10,83,0.641346875,0.00918925890485801,0.1,0.74
Regime shifts,Fixed 0.10,84,0.6619749999999999,0.010219072710140479,0.1,0.655
Regime shifts,Fixed 0.10,85,0.695190625,0.010016981048159993,0.1,0.5525
Regime shifts,Fixed 0.10,86,0.7228625,0.0096460992617765,0.1,0.4525
Regime shifts,Fixed 0.10,87,0.7614124999999998,0.009465364017992535,0.1,0.33
Regime shifts,Fixed 0.10,88,0.7954343749999999,0.008687164001487788,0.1,0.2225
Regime shifts,Fixed 0.10,89,0.8324812499999998,0.007240360071744709,0.1,0.11
Regime shifts,Fixed 0.10,90,0.84593125,0.0063053625605426905,0.1,0.0575
Regime shifts,Fixed 0.10,91,0.855521875,0.005612229025723993,0.1,0.0175
Regime shifts,Fixed 0.10,92,0.8561187499999999,0.004911491042748755,0.1,0.0075
Regime shifts,Fixed 0.10,93,0.854128125,0.005587155480788251,0.1,0.0025
Regime shifts,Fixed 0.10,94,0.860534375,0.005347341608661517,0.1,0.0025
Regime shifts,Fixed 0.10,95,0.8553187500000001,0.0051958057262764135,0.1,0.005
Regime shifts,Fixed 0.10,96,0.868425,0.0054869217514939604,0.1,0.0025
Regime shifts,Fixed 0.10,97,0.8441249999999999,0.006018068163751463,0.1,0.0
Regime shifts,Fixed 0.10,98,0.8600187499999999,0.0049631315273209785,0.1,0.0025
Regime shifts,Fixed 0.10,99,0.8645781249999999,0.005089242577547147,0.1,0.0
Regime shifts,Fixed 0.10,100,0.8583124999999999,0.005346974607477345,0.1,0.0
Regime shifts,Fixed 0.10,101,0.85919375,0.004997330104443341,0.1,0.005
Regime shifts,Fixed 0.10,102,0.8594875000000001,0.0053772205371257755,0.1,0.0025
Regime shifts,Fixed 0.10,103,0.864015625,0.005331917500731793,0.1,0.0
Regime shifts,Fixed 0.10,104,0.8525343749999998,0.005459238459177143,0.1,0.0025
Regime shifts,Fixed 0.10,105,0.8622718749999998,0.005391839621069443,0.1,0.005
Regime shifts,Fixed 0.10,106,0.8603468749999998,0.005182442726794209,0.1,0.0025
Regime shifts,Fixed 0.10,107,0.8614562499999999,0.005508431811086274,0.1,0.0025
Regime shifts,Fixed 0.10,108,0.8671937499999999,0.004891355658484488,0.1,0.005
Regime shifts,Fixed 0.10,109,0.8583,0.005335967590354469,0.1,0.0025
Regime shifts,Fixed 0.10,110,0.8573625000000001,0.005172917647648025,0.1,0.0025
Regime shifts,Fixed 0.10,111,0.8645031249999999,0.004933180351549416,0.1,0.0025
Regime shifts,Fixed 0.10,112,0.868784375,0.004894995759854744,0.1,0.0025
Regime shifts,Fixed 0.10,113,0.86108125,0.005716329640380046,0.1,0.0025
Regime shifts,Fixed 0.10,114,0.859203125,0.005073851947131929,0.1,0.0
Regime shifts,Fixed 0.10,115,0.8615,0.004857323682687411,0.1,0.0
Regime shifts,Fixed 0.10,116,0.84506875,0.005699843897290298,0.1,0.005
Regime shifts,Fixed 0.10,117,0.8553999999999999,0.005560884103948207,0.1,0.0075
Regime shifts,Fixed 0.10,118,0.8593531249999999,0.005185411223698472,0.1,0.0075
Regime shifts,Fixed 0.10,119,0.8571375,0.005332895538794496,0.1,0.01
Regime shifts,Fixed 0.10,120,0.23951250000000002,0.011475022233530752,0.1,0.01
Regime shifts,Fixed 0.10,121,0.231290625,0.012142133117011464,0.1,0.02
Regime shifts,Fixed 0.10,122,0.2398,0.01195506733015005,0.1,0.065
Regime shifts,Fixed 0.10,123,0.26775625,0.01266863813251746,0.1,0.1175
Regime shifts,Fixed 0.10,124,0.290440625,0.01266718835136554,0.1,0.2275
Regime shifts,Fixed 0.10,125,0.33407812500000006,0.01327335058736579,0.1,0.35
Regime shifts,Fixed 0.10,126,0.39483749999999995,0.012417165717839386,0.1,0.4575
Regime shifts,Fixed 0.10,127,0.42914375,0.012652419072733637,0.1,0.5775
Regime shifts,Fixed 0.10,128,0.46026562499999996,0.01211630607487379,0.1,0.6875
Regime shifts,Fixed 0.10,129,0.47979687499999996,0.010682362311720104,0.1,0.775
Regime shifts,Fixed 0.10,130,0.4952499999999999,0.010045754115639089,0.1,0.85
Regime shifts,Fixed 0.10,131,0.5196,0.009784296925280586,0.1,0.905
Regime shifts,Fixed 0.10,132,0.527896875,0.00911962039164351,0.1,0.93
Regime shifts,Fixed 0.10,133,0.542778125,0.008718018664980207,0.1,0.9225
Regime shifts,Fixed 0.10,134,0.537771875,0.008657511143066276,0.1,0.93
Regime shifts,Fixed 0.10,135,0.541171875,0.008311459055781106,0.1,0.925
Regime shifts,Fixed 0.10,136,0.5365437499999999,0.008671652861014942,0.1,0.935
Regime shifts,Fixed 0.10,137,0.5284218749999999,0.008819633991339376,0.1,0.925
Regime shifts,Fixed 0.10,138,0.5465968749999999,0.008372610405585599,0.1,0.94
Regime shifts,Fixed 0.10,139,0.54279375,0.007984825583259877,0.1,0.935
Regime shifts,Fixed 0.10,140,0.5346624999999999,0.008682625748966525,0.1,0.955
Regime shifts,Fixed 0.10,141,0.5457718749999999,0.008743704366397192,0.1,0.955
Regime shifts,Fixed 0.10,142,0.5418031249999999,0.008788152298664507,0.1,0.9425
Regime shifts,Fixed 0.10,143,0.5261499999999999,0.009302334003883084,0.1,0.9325
Regime shifts,Fixed 0.10,144,0.5295218749999999,0.008529445118494489,0.1,0.9175
Regime shifts,Fixed 0.10,145,0.528903125,0.00887687122727795,0.1,0.91
Regime shifts,Fixed 0.10,146,0.5277249999999999,0.00885346048341146,0.1,0.9175
Regime shifts,Fixed 0.10,147,0.5282999999999999,0.009372038045046258,0.1,0.9025
Regime shifts,Fixed 0.10,148,0.5294187499999999,0.00887714501925173,0.1,0.91
Regime shifts,Fixed 0.10,149,0.5210781250000001,0.009456396560482683,0.1,0.9
Regime shifts,Fixed 0.10,150,0.5213656249999999,0.009532889114728424,0.1,0.905
Regime shifts,Fixed 0.10,151,0.5259062499999999,0.00930798402616927,0.1,0.9125
Regime shifts,Fixed 0.10,152,0.536034375,0.008858026265615227,0.1,0.915
Regime shifts,Fixed 0.10,153,0.529490625,0.009254110176161172,0.1,0.905
Regime shifts,Fixed 0.10,154,0.543840625,0.008406778225186335,0.1,0.9225
Regime shifts,Fixed 0.10,155,0.534015625,0.008623848344834815,0.1,0.9125
Regime shifts,Fixed 0.10,156,0.529984375,0.009242301744715672,0.1,0.9125
Regime shifts,Fixed 0.10,157,0.540240625,0.008680078992609645,0.1,0.905
Regime shifts,Fixed 0.10,158,0.535590625,0.008711429095266347,0.1,0.9225
Regime shifts,Fixed 0.10,159,0.548978125,0.008714142692787488,0.1,0.92
Regime shifts,Fixed 0.20,0,0.838859375,0.005029870379640851,0.2,0.0
Regime shifts,Fixed 0.20,1,0.818175,0.00611374932135846,0.2,0.04
Regime shifts,Fixed 0.20,2,0.844309375,0.005539342669842088,0.2,0.0225
Regime shifts,Fixed 0.20,3,0.834340625,0.0053543507608133966,0.2,0.01
Regime shifts,Fixed 0.20,4,0.8394093749999999,0.005683900146848711,0.2,0.015
Regime shifts,Fixed 0.20,5,0.8355906249999999,0.006002635974511923,0.2,0.01
Regime shifts,Fixed 0.20,6,0.832315625,0.005488483950665724,0.2,0.0025
Regime shifts,Fixed 0.20,7,0.8414218749999999,0.005214583440504226,0.2,0.0
Regime shifts,Fixed 0.20,8,0.83934375,0.004959974261049086,0.2,0.0
Regime shifts,Fixed 0.20,9,0.8470468750000001,0.005319928314544348,0.2,0.0
Regime shifts,Fixed 0.20,10,0.8357968750000001,0.005372794213476062,0.2,0.0
Regime shifts,Fixed 0.20,11,0.83234375,0.005511413871185186,0.2,0.0
Regime shifts,Fixed 0.20,12,0.8351093749999999,0.005360187830649973,0.2,0.0
Regime shifts,Fixed 0.20,13,0.8342343750000001,0.005252890488959,0.2,0.0
Regime shifts,Fixed 0.20,14,0.8338625,0.005613212342668387,0.2,0.0025
Regime shifts,Fixed 0.20,15,0.839284375,0.005246634760950153,0.2,0.0025
Regime shifts,Fixed 0.20,16,0.8364875,0.005403067165055442,0.2,0.0025
Regime shifts,Fixed 0.20,17,0.8415656250000001,0.0049973358910316325,0.2,0.0025
Regime shifts,Fixed 0.20,18,0.838159375,0.00521799201297944,0.2,0.0025
Regime shifts,Fixed 0.20,19,0.840375,0.005273016886015111,0.2,0.0
Regime shifts,Fixed 0.20,20,0.8384218750000001,0.00532100016337931,0.2,0.0
Regime shifts,Fixed 0.20,21,0.8400343749999999,0.0050257177506099,0.2,0.0025
Regime shifts,Fixed 0.20,22,0.8496124999999999,0.005491174316944662,0.2,0.0025
Regime shifts,Fixed 0.20,23,0.8418437499999999,0.005216725460109929,0.2,0.0
Regime shifts,Fixed 0.20,24,0.8379218750000001,0.005365041699551902,0.2,0.0
Regime shifts,Fixed 0.20,25,0.8446250000000001,0.005244271997566598,0.2,0.0
Regime shifts,Fixed 0.20,26,0.837078125,0.005172113506187597,0.2,0.0
Regime shifts,Fixed 0.20,27,0.8477187500000001,0.004947462220259594,0.2,0.0
Regime shifts,Fixed 0.20,28,0.8431093749999999,0.005136395364992089,0.2,0.0
Regime shifts,Fixed 0.20,29,0.8387968749999999,0.005116892577809607,0.2,0.0
Regime shifts,Fixed 0.20,30,0.83934375,0.0049445049905270716,0.2,0.0
Regime shifts,Fixed 0.20,31,0.8393906250000001,0.005111738927023127,0.2,0.0
Regime shifts,Fixed 0.20,32,0.8425468749999999,0.005371037362286604,0.2,0.0
Regime shifts,Fixed 0.20,33,0.8415,0.005550585117274599,0.2,0.0
Regime shifts,Fixed 0.20,34,0.8410625,0.004998336385206,0.2,0.0
Regime shifts,Fixed 0.20,35,0.830140625,0.005385922792960159,0.2,0.0
Regime shifts,Fixed 0.20,36,0.8414375,0.0053648150210328545,0.2,0.0
Regime shifts,Fixed 0.20,37,0.8337812499999999,0.005326381272942789,0.2,0.0
Regime shifts,Fixed 0.20,38,0.8454375000000001,0.005270172672990215,0.2,0.0
Regime shifts,Fixed 0.20,39,0.8404531249999999,0.005265314031669067,0.2,0.0
Regime shifts,Fixed 0.20,40,0.1975625,0.011136330066622348,0.2,0.0
Regime shifts,Fixed 0.20,41,0.19779687499999998,0.012100315300836589,0.2,0.0
Regime shifts,Fixed 0.20,42,0.21053437500000002,0.011946592779549087,0.2,0.015
Regime shifts,Fixed 0.20,43,0.21211875,0.012162156265024756,0.2,0.0575
Regime shifts,Fixed 0.20,44,0.251471875,0.012804987175344526,0.2,0.1525
Regime shifts,Fixed 0.20,45,0.323359375,0.012900907979921975,0.2,0.35
Regime shifts,Fixed 0.20,46,0.36730625000000006,0.012886792294008468,0.2,0.5075
Regime shifts,Fixed 0.20,47,0.41800624999999997,0.0122914663721946,0.2,0.6675
Regime shifts,Fixed 0.20,48,0.47110625,0.01074101061877444,0.2,0.785
Regime shifts,Fixed 0.20,49,0.510928125,0.009152441013774,0.2,0.8925
Regime shifts,Fixed 0.20,50,0.5167031249999999,0.00898896764767168,0.2,0.9375
Regime shifts,Fixed 0.20,51,0.5320625,0.007945907324995588,0.2,0.975
Regime shifts,Fixed 0.20,52,0.53374375,0.00826213672449381,0.2,0.9825
Regime shifts,Fixed 0.20,53,0.5220375,0.008075116316464803,0.2,0.98
Regime shifts,Fixed 0.20,54,0.5290968749999999,0.007496817018223317,0.2,0.9775
Regime shifts,Fixed 0.20,55,0.5197687499999999,0.007550231425346143,0.2,0.99
Regime shifts,Fixed 0.20,56,0.5327187499999999,0.007532314567695014,0.2,0.9875
Regime shifts,Fixed 0.20,57,0.535859375,0.007203168152763818,0.2,0.9875
Regime shifts,Fixed 0.20,58,0.5435031249999999,0.007241955094287739,0.2,0.99
Regime shifts,Fixed 0.20,59,0.5318937499999999,0.007661373445572606,0.2,0.99
Regime shifts,Fixed 0.20,60,0.537465625,0.007257190265982083,0.2,0.9975
Regime shifts,Fixed 0.20,61,0.525196875,0.007551711269570516,0.2,0.995
Regime shifts,Fixed 0.20,62,0.542059375,0.007348203635076727,0.2,0.9975
Regime shifts,Fixed 0.20,63,0.52893125,0.007631542494687053,0.2,0.995
Regime shifts,Fixed 0.20,64,0.5388375,0.007205549038883462,0.2,0.995
Regime shifts,Fixed 0.20,65,0.54655625,0.007308670643062639,0.2,0.995
Regime shifts,Fixed 0.20,66,0.539225,0.007283859658781329,0.2,0.9925
Regime shifts,Fixed 0.20,67,0.537646875,0.007344961524538664,0.2,0.9925
Regime shifts,Fixed 0.20,68,0.524734375,0.007739965243232008,0.2,0.9875
Regime shifts,Fixed 0.20,69,0.51779375,0.0075909403483378655,0.2,0.985
Regime shifts,Fixed 0.20,70,0.5356406249999999,0.007454488018549308,0.2,0.9875
Regime shifts,Fixed 0.20,71,0.535584375,0.008133693523307919,0.2,0.98
Regime shifts,Fixed 0.20,72,0.5385656249999999,0.007275313046018525,0.2,0.99
Regime shifts,Fixed 0.20,73,0.5356656249999999,0.00764834211802855,0.2,0.9825
Regime shifts,Fixed 0.20,74,0.5398062499999999,0.0079361711424401,0.2,0.9825
Regime shifts,Fixed 0.20,75,0.537771875,0.007195976176110773,0.2,0.9925
Regime shifts,Fixed 0.20,76,0.5455687499999999,0.007147314783285551,0.2,0.9925
Regime shifts,Fixed 0.20,77,0.53964375,0.00822624617643016,0.2,0.99
Regime shifts,Fixed 0.20,78,0.54169375,0.007551138567644164,0.2,0.9925
Regime shifts,Fixed 0.20,79,0.5423781249999999,0.006898150528120378,0.2,0.99
Regime shifts,Fixed 0.20,80,0.536159375,0.007930608414662473,0.2,0.99
Regime shifts,Fixed 0.20,81,0.5488874999999999,0.007646873516481599,0.2,0.9725
Regime shifts,Fixed 0.20,82,0.55750625,0.008371038596422832,0.2,0.93
Regime shifts,Fixed 0.20,83,0.5788749999999999,0.00820331449685649,0.2,0.875
Regime shifts,Fixed 0.20,84,0.59965,0.009864520588825816,0.2,0.7825
Regime shifts,Fixed 0.20,85,0.6466187499999999,0.009718030449473083,0.2,0.645
Regime shifts,Fixed 0.20,86,0.6884250000000001,0.00979652649621168,0.2,0.49
Regime shifts,Fixed 0.20,87,0.73709375,0.009417488176191969,0.2,0.325
Regime shifts,Fixed 0.20,88,0.793778125,0.00837265285109794,0.2,0.1725
Regime shifts,Fixed 0.20,89,0.8250375,0.0066838908819211425,0.2,0.0675
Regime shifts,Fixed 0.20,90,0.838525,0.005585938096442999,0.2,0.02
Regime shifts,Fixed 0.20,91,0.836571875,0.0055925883928343145,0.2,0.0075
Regime shifts,Fixed 0.20,92,0.83821875,0.0048403370424025104,0.2,0.0
Regime shifts,Fixed 0.20,93,0.8362031249999999,0.005476487712061613,0.2,0.0
Regime shifts,Fixed 0.20,94,0.8405781250000001,0.005431121158949957,0.2,0.0
Regime shifts,Fixed 0.20,95,0.8363468749999998,0.005131800417375014,0.2,0.0025
Regime shifts,Fixed 0.20,96,0.8494375,0.005318940515850208,0.2,0.0
Regime shifts,Fixed 0.20,97,0.824921875,0.006064746210029412,0.2,0.0
Regime shifts,Fixed 0.20,98,0.83990625,0.00490867385411875,0.2,0.0
Regime shifts,Fixed 0.20,99,0.8447187500000001,0.005159539373817073,0.2,0.0
Regime shifts,Fixed 0.20,100,0.8385468750000001,0.0053918584682663435,0.2,0.0
Regime shifts,Fixed 0.20,101,0.8407968750000001,0.004920401851185919,0.2,0.0
Regime shifts,Fixed 0.20,102,0.8388437500000001,0.0053753039398678325,0.2,0.0
Regime shifts,Fixed 0.20,103,0.84403125,0.005347907171748388,0.2,0.0
Regime shifts,Fixed 0.20,104,0.832578125,0.005489458810019727,0.2,0.0
Regime shifts,Fixed 0.20,105,0.8431093749999999,0.005331764181569559,0.2,0.0
Regime shifts,Fixed 0.20,106,0.8408281249999999,0.005185544855215271,0.2,0.0
Regime shifts,Fixed 0.20,107,0.8420468750000001,0.005422040216004569,0.2,0.0
Regime shifts,Fixed 0.20,108,0.847140625,0.004791205509470805,0.2,0.0
Regime shifts,Fixed 0.20,109,0.83875,0.005235440112988757,0.2,0.0
Regime shifts,Fixed 0.20,110,0.83821875,0.005193023629798237,0.2,0.0
Regime shifts,Fixed 0.20,111,0.8448750000000002,0.004975539321656838,0.2,0.0
Regime shifts,Fixed 0.20,112,0.84953125,0.00491393239422678,0.2,0.0
Regime shifts,Fixed 0.20,113,0.842140625,0.005704852945736607,0.2,0.0
Regime shifts,Fixed 0.20,114,0.838796875,0.005116940409840199,0.2,0.0
Regime shifts,Fixed 0.20,115,0.841234375,0.004909558499567463,0.2,0.0
Regime shifts,Fixed 0.20,116,0.8257187500000001,0.005708246222214606,0.2,0.0
Regime shifts,Fixed 0.20,117,0.837734375,0.005370861007574125,0.2,0.0
Regime shifts,Fixed 0.20,118,0.8408437499999999,0.005146456770372899,0.2,0.0
Regime shifts,Fixed 0.20,119,0.84003125,0.0052089220375310325,0.2,0.0
Regime shifts,Fixed 0.20,120,0.21637499999999996,0.011359187141639889,0.2,0.0
Regime shifts,Fixed 0.20,121,0.203771875,0.012003870086850778,0.2,0.005
Regime shifts,Fixed 0.20,122,0.20632187500000002,0.011608320726727548,0.2,0.02
Regime shifts,Fixed 0.20,123,0.23294062499999998,0.012273846770716424,0.2,0.065
Regime shifts,Fixed 0.20,124,0.24872187499999998,0.012396328704811365,0.2,0.165
Regime shifts,Fixed 0.20,125,0.32044374999999997,0.013025328518549314,0.2,0.3425
Regime shifts,Fixed 0.20,126,0.3826593749999999,0.012374049234974472,0.2,0.515
Regime shifts,Fixed 0.20,127,0.43717812500000003,0.01231067482206082,0.2,0.655
Regime shifts,Fixed 0.20,128,0.46379999999999993,0.011727543530323776,0.2,0.7525
Regime shifts,Fixed 0.20,129,0.4968718749999999,0.009664947168311452,0.2,0.8725
Regime shifts,Fixed 0.20,130,0.51166875,0.008362923524523964,0.2,0.9475
Regime shifts,Fixed 0.20,131,0.521540625,0.008489348248990026,0.2,0.97
Regime shifts,Fixed 0.20,132,0.532253125,0.007800905178742418,0.2,0.99
Regime shifts,Fixed 0.20,133,0.5386531250000001,0.007662484257566509,0.2,0.985
Regime shifts,Fixed 0.20,134,0.5373625,0.007422816585503786,0.2,0.99
Regime shifts,Fixed 0.20,135,0.5395468749999999,0.0073701441295225545,0.2,0.9875
Regime shifts,Fixed 0.20,136,0.536128125,0.007540006081220895,0.2,0.99
Regime shifts,Fixed 0.20,137,0.529734375,0.007518439462674964,0.2,0.9875
Regime shifts,Fixed 0.20,138,0.5402999999999999,0.007730524786272788,0.2,0.99
Regime shifts,Fixed 0.20,139,0.53755625,0.0071084118488150844,0.2,0.995
Regime shifts,Fixed 0.20,140,0.5264531250000001,0.00787311040049655,0.2,0.9875
Regime shifts,Fixed 0.20,141,0.539440625,0.008080165300698678,0.2,0.99
Regime shifts,Fixed 0.20,142,0.54446875,0.006798329135709549,0.2,0.9875
Regime shifts,Fixed 0.20,143,0.5240531249999999,0.008025170814082336,0.2,0.98
Regime shifts,Fixed 0.20,144,0.5364218749999999,0.007306698235495799,0.2,0.9875
Regime shifts,Fixed 0.20,145,0.5313625,0.00792421242914275,0.2,0.99
Regime shifts,Fixed 0.20,146,0.532765625,0.007599993235488577,0.2,0.9875
Regime shifts,Fixed 0.20,147,0.53650625,0.007642661551535699,0.2,0.98
Regime shifts,Fixed 0.20,148,0.5388,0.00712168733174434,0.2,0.99
Regime shifts,Fixed 0.20,149,0.527890625,0.007629024073673524,0.2,0.9875
Regime shifts,Fixed 0.20,150,0.52531875,0.008149925612917209,0.2,0.98
Regime shifts,Fixed 0.20,151,0.53410625,0.007525583916168364,0.2,0.985
Regime shifts,Fixed 0.20,152,0.5329312499999999,0.007812624930078813,0.2,0.9825
Regime shifts,Fixed 0.20,153,0.5330968749999999,0.007399002637435865,0.2,0.9775
Regime shifts,Fixed 0.20,154,0.5471968749999999,0.007427207499326788,0.2,0.9825
Regime shifts,Fixed 0.20,155,0.5363781249999999,0.007486600915720304,0.2,0.9775
Regime shifts,Fixed 0.20,156,0.53268125,0.007774763869269665,0.2,0.9825
Regime shifts,Fixed 0.20,157,0.5414343749999999,0.007575497396692291,0.2,0.985
Regime shifts,Fixed 0.20,158,0.5375187499999999,0.00739203826392505,0.2,0.99
Regime shifts,Fixed 0.20,159,0.544465625,0.007752004435932052,0.2,0.985
Regime shifts,Fixed 0.60,0,0.759140625,0.005085746521785969,0.5999999999999999,0.0
Regime shifts,Fixed 0.60,1,0.7462031250000001,0.005722640482236611,0.5999999999999999,0.0125
Regime shifts,Fixed 0.60,2,0.770921875,0.0048049635410597254,0.5999999999999999,0.0
Regime shifts,Fixed 0.60,3,0.7557187500000001,0.005215982243716005,0.5999999999999999,0.0
Regime shifts,Fixed 0.60,4,0.7642656249999998,0.005214855193771295,0.5999999999999999,0.0
Regime shifts,Fixed 0.60,5,0.761171875,0.005475843222562269,0.5999999999999999,0.0
Regime shifts,Fixed 0.60,6,0.7521406250000001,0.0054257129408899615,0.5999999999999999,0.0
Regime shifts,Fixed 0.60,7,0.760875,0.005314525818965519,0.5999999999999999,0.0
Regime shifts,Fixed 0.60,8,0.759640625,0.00498488270899673,0.5999999999999999,0.0
Regime shifts,Fixed 0.60,9,0.7684218749999999,0.0053739921512960375,0.5999999999999999,0.0
Regime shifts,Fixed 0.60,10,0.7542500000000001,0.005413812627707002,0.5999999999999999,0.0
Regime shifts,Fixed 0.60,11,0.753125,0.005535834292093994,0.5999999999999999,0.0
Regime shifts,Fixed 0.60,12,0.754921875,0.005310655397638516,0.5999999999999999,0.0
Regime shifts,Fixed 0.60,13,0.7553125,0.0052872390723463,0.5999999999999999,0.0
Regime shifts,Fixed 0.60,14,0.75359375,0.005646708449897082,0.5999999999999999,0.0
Regime shifts,Fixed 0.60,15,0.7586875000000001,0.005253621088304112,0.5999999999999999,0.0
Regime shifts,Fixed 0.60,16,0.7577656250000001,0.005339761192389865,0.5999999999999999,0.0
Regime shifts,Fixed 0.60,17,0.7611250000000002,0.00501609447585737,0.5999999999999999,0.0
Regime shifts,Fixed 0.60,18,0.759921875,0.005158318856142962,0.5999999999999999,0.0
Regime shifts,Fixed 0.60,19,0.760734375,0.005323271493287898,0.5999999999999999,0.0
Regime shifts,Fixed 0.60,20,0.7569687500000001,0.00536220185235106,0.5999999999999999,0.0
Regime shifts,Fixed 0.60,21,0.757703125,0.005027760534641162,0.5999999999999999,0.0
Regime shifts,Fixed 0.60,22,0.771125,0.005110633785963889,0.5999999999999999,0.0
Regime shifts,Fixed 0.60,23,0.7608125,0.005246900751573939,0.5999999999999999,0.0
Regime shifts,Fixed 0.60,24,0.7576093749999999,0.005387233209755185,0.5999999999999999,0.0
Regime shifts,Fixed 0.60,25,0.764953125,0.005277378594960505,0.5999999999999999,0.0
Regime shifts,Fixed 0.60,26,0.7571406250000001,0.0052421881565640595,0.5999999999999999,0.0
Regime shifts,Fixed 0.60,27,0.767921875,0.004955896336368226,0.5999999999999999,0.0
Regime shifts,Fixed 0.60,28,0.763953125,0.005186436839506136,0.5999999999999999,0.0
Regime shifts,Fixed 0.60,29,0.7595468750000001,0.005149979276787362,0.5999999999999999,0.0
Regime shifts,Fixed 0.60,30,0.7585312500000001,0.004999038274911367,0.5999999999999999,0.0
Regime shifts,Fixed 0.60,31,0.758515625,0.005147049480762448,0.5999999999999999,0.0
Regime shifts,Fixed 0.60,32,0.761734375,0.005352294506469482,0.5999999999999999,0.0
Regime shifts,Fixed 0.60,33,0.7599062499999999,0.005556731850263523,0.5999999999999999,0.0
Regime shifts,Fixed 0.60,34,0.761015625,0.005045765777955653,0.5999999999999999,0.0
Regime shifts,Fixed 0.60,35,0.7494375,0.005351420162912371,0.5999999999999999,0.0
Regime shifts,Fixed 0.60,36,0.759015625,0.00530945100612951,0.5999999999999999,0.0
Regime shifts,Fixed 0.60,37,0.7537187499999999,0.005370449775561011,0.5999999999999999,0.0
Regime shifts,Fixed 0.60,38,0.7658749999999999,0.005310388604455028,0.5999999999999999,0.0
Regime shifts,Fixed 0.60,39,0.7589375000000002,0.005237030278432428,0.5999999999999999,0.0
Regime shifts,Fixed 0.60,40,0.11678124999999998,0.011083867911441812,0.5999999999999999,0.0
Regime shifts,Fixed 0.60,41,0.117609375,0.012105091762087964,0.5999999999999999,0.0
Regime shifts,Fixed 0.60,42,0.1260625,0.011938644823006495,0.5999999999999999,0.0
Regime shifts,Fixed 0.60,43,0.112571875,0.011651026292391623,0.5999999999999999,0.0075
Regime shifts,Fixed 0.60,44,0.144984375,0.012462178423953398,0.5999999999999999,0.075
Regime shifts,Fixed 0.60,45,0.21462499999999998,0.0131720104812837,0.5999999999999999,0.2625
Regime shifts,Fixed 0.60,46,0.3250375,0.012485710676594427,0.5999999999999999,0.58
Regime shifts,Fixed 0.60,47,0.39449687499999997,0.010491614553110429,0.5999999999999999,0.81
Regime shifts,Fixed 0.60,48,0.442434375,0.008264624659940564,0.5999999999999999,0.9475
Regime shifts,Fixed 0.60,49,0.457975,0.007747786641250897,0.5999999999999999,0.9925
Regime shifts,Fixed 0.60,50,0.4577437499999999,0.007503802026855408,0.5999999999999999,0.995
Regime shifts,Fixed 0.60,51,0.4625937499999999,0.007213118198824922,0.5999999999999999,1.0
Regime shifts,Fixed 0.60,52,0.4594687499999999,0.00785404539313578,0.5999999999999999,1.0
Regime shifts,Fixed 0.60,53,0.4476562499999999,0.007663662911780976,0.5999999999999999,1.0
Regime shifts,Fixed 0.60,54,0.45653124999999994,0.007160229915719092,0.5999999999999999,1.0
Regime shifts,Fixed 0.60,55,0.44349999999999995,0.007501549286513753,0.5999999999999999,1.0
Regime shifts,Fixed 0.60,56,0.4559531249999999,0.0075579699127288945,0.5999999999999999,1.0
Regime shifts,Fixed 0.60,57,0.4589999999999999,0.0069815969938985326,0.5999999999999999,1.0
Regime shifts,Fixed 0.60,58,0.46676562499999996,0.007269421135526371,0.5999999999999999,1.0
Regime shifts,Fixed 0.60,59,0.4566093749999999,0.0073871668159935806,0.5999999999999999,1.0
Regime shifts,Fixed 0.60,60,0.4599218749999999,0.007082428051140718,0.5999999999999999,1.0
Regime shifts,Fixed 0.60,61,0.4457812499999999,0.007473581387912232,0.5999999999999999,1.0
Regime shifts,Fixed 0.60,62,0.46254687499999997,0.007368710704973762,0.5999999999999999,1.0
Regime shifts,Fixed 0.60,63,0.45121875,0.00741166240217086,0.5999999999999999,1.0
Regime shifts,Fixed 0.60,64,0.4604687499999999,0.007178585480517488,0.5999999999999999,1.0
Regime shifts,Fixed 0.60,65,0.4682968749999999,0.007260281387851844,0.5999999999999999,1.0
Regime shifts,Fixed 0.60,66,0.4612031249999999,0.007248798376608549,0.5999999999999999,1.0
Regime shifts,Fixed 0.60,67,0.4594062499999999,0.007223468049368277,0.5999999999999999,1.0
Regime shifts,Fixed 0.60,68,0.45104687499999996,0.007340530267561288,0.5999999999999999,1.0
Regime shifts,Fixed 0.60,69,0.443703125,0.007301334736354146,0.5999999999999999,1.0
Regime shifts,Fixed 0.60,70,0.4578281249999999,0.007466834458467747,0.5999999999999999,1.0
Regime shifts,Fixed 0.60,71,0.46404687499999986,0.0074383643991671935,0.5999999999999999,1.0
Regime shifts,Fixed 0.60,72,0.4604843749999999,0.00712468460579861,0.5999999999999999,1.0
Regime shifts,Fixed 0.60,73,0.46418749999999986,0.006886809889510574,0.5999999999999999,1.0
Regime shifts,Fixed 0.60,74,0.46698437499999995,0.0072777662018469165,0.5999999999999999,1.0
Regime shifts,Fixed 0.60,75,0.45679687499999994,0.007209785814341688,0.5999999999999999,1.0
Regime shifts,Fixed 0.60,76,0.4670468749999999,0.007060982934671364,0.5999999999999999,1.0
Regime shifts,Fixed 0.60,77,0.46549999999999997,0.007697074009535745,0.5999999999999999,1.0
Regime shifts,Fixed 0.60,78,0.46356249999999993,0.007383103078960865,0.5999999999999999,1.0
Regime shifts,Fixed 0.60,79,0.46599687499999987,0.00665490469324327,0.5999999999999999,0.9975
Regime shifts,Fixed 0.60,80,0.45303124999999994,0.007721977283881099,0.5999999999999999,1.0
Regime shifts,Fixed 0.60,81,0.46377812499999993,0.00731622082942404,0.5999999999999999,0.9975
Regime shifts,Fixed 0.60,82,0.4525281249999999,0.007501378839875658,0.5999999999999999,0.9975
Regime shifts,Fixed 0.60,83,0.46106874999999997,0.006765068340487954,0.5999999999999999,0.9925
Regime shifts,Fixed 0.60,84,0.46419062499999997,0.00812669233477919,0.5999999999999999,0.9525
Regime shifts,Fixed 0.60,85,0.5091312499999999,0.009114975218929452,0.5999999999999999,0.8175
Regime shifts,Fixed 0.60,86,0.5864375,0.010020626538229618,0.5999999999999999,0.5625
Regime shifts,Fixed 0.60,87,0.6866,0.008548976775967995,0.5999999999999999,0.255
Regime shifts,Fixed 0.60,88,0.748503125,0.006474762884344271,0.5999999999999999,0.0525
Regime shifts,Fixed 0.60,89,0.7645218749999999,0.0052390109786506454,0.5999999999999999,0.005
Regime shifts,Fixed 0.60,90,0.7630625000000001,0.005327584363809622,0.5999999999999999,0.0
Regime shifts,Fixed 0.60,91,0.757578125,0.0054919550533125226,0.5999999999999999,0.0
Regime shifts,Fixed 0.60,92,0.758359375,0.004834790087493329,0.5999999999999999,0.0
Regime shifts,Fixed 0.60,93,0.7551406249999999,0.005484584744006049,0.5999999999999999,0.0
Regime shifts,Fixed 0.60,94,0.7602500000000001,0.005472964496706105,0.5999999999999999,0.0
Regime shifts,Fixed 0.60,95,0.7554062500000001,0.005164762378091476,0.5999999999999999,0.0
Regime shifts,Fixed 0.60,96,0.769203125,0.005309732654486121,0.5999999999999999,0.0
Regime shifts,Fixed 0.60,97,0.7449843749999999,0.006076487894899948,0.5999999999999999,0.0
Regime shifts,Fixed 0.60,98,0.7610624999999999,0.005017416603847682,0.5999999999999999,0.0
Regime shifts,Fixed 0.60,99,0.764171875,0.005121831266318477,0.5999999999999999,0.0
Regime shifts,Fixed 0.60,100,0.759109375,0.005401960290797854,0.5999999999999999,0.0
Regime shifts,Fixed 0.60,101,0.760703125,0.004928608469418421,0.5999999999999999,0.0
Regime shifts,Fixed 0.60,102,0.7589218750000001,0.005334497100136465,0.5999999999999999,0.0
Regime shifts,Fixed 0.60,103,0.76484375,0.005357202413255001,0.5999999999999999,0.0
Regime shifts,Fixed 0.60,104,0.75453125,0.00545306334165614,0.5999999999999999,0.0
Regime shifts,Fixed 0.60,105,0.7644687499999999,0.005345644020117529,0.5999999999999999,0.0
Regime shifts,Fixed 0.60,106,0.761390625,0.005217419959710777,0.5999999999999999,0.0
Regime shifts,Fixed 0.60,107,0.7621718749999999,0.005413515540580465,0.5999999999999999,0.0
Regime shifts,Fixed 0.60,108,0.766078125,0.004815628191787628,0.5999999999999999,0.0
Regime shifts,Fixed 0.60,109,0.75834375,0.005282378811161243,0.5999999999999999,0.0
Regime shifts,Fixed 0.60,110,0.7580781249999999,0.0051167251621812935,0.5999999999999999,0.0
Regime shifts,Fixed 0.60,111,0.7647812500000001,0.0050490212731663115,0.5999999999999999,0.0
Regime shifts,Fixed 0.60,112,0.7701718750000001,0.00488447106856362,0.5999999999999999,0.0
Regime shifts,Fixed 0.60,113,0.7617343750000001,0.00581828606956048,0.5999999999999999,0.0
Regime shifts,Fixed 0.60,114,0.760703125,0.0051754429263271865,0.5999999999999999,0.0
Regime shifts,Fixed 0.60,115,0.7614687499999999,0.004884190767258296,0.5999999999999999,0.0
Regime shifts,Fixed 0.60,116,0.74553125,0.005656663657176357,0.5999999999999999,0.0
Regime shifts,Fixed 0.60,117,0.7581874999999999,0.005455078462378131,0.5999999999999999,0.0
Regime shifts,Fixed 0.60,118,0.7611249999999999,0.00521132370294171,0.5999999999999999,0.0
Regime shifts,Fixed 0.60,119,0.759765625,0.005225811154579906,0.5999999999999999,0.0
Regime shifts,Fixed 0.60,120,0.13478125,0.011325309125220302,0.5999999999999999,0.0
Regime shifts,Fixed 0.60,121,0.12326562499999999,0.012009936483642462,0.5999999999999999,0.0
Regime shifts,Fixed 0.60,122,0.120078125,0.011440928669316005,0.5999999999999999,0.0
Regime shifts,Fixed 0.60,123,0.13025625,0.011908350473190003,0.5999999999999999,0.005
Regime shifts,Fixed 0.60,124,0.13314062499999998,0.012096535304295549,0.5999999999999999,0.05
Regime shifts,Fixed 0.60,125,0.21464062499999997,0.01352555985094896,0.5999999999999999,0.2625
Regime shifts,Fixed 0.60,126,0.32418125,0.011769713801363598,0.5999999999999999,0.595
Regime shifts,Fixed 0.60,127,0.41184687499999995,0.010245723841684446,0.5999999999999999,0.8275
Regime shifts,Fixed 0.60,128,0.45308749999999987,0.008368769214603377,0.5999999999999999,0.945
Regime shifts,Fixed 0.60,129,0.45635624999999996,0.0075908314961604505,0.5999999999999999,0.9975
Regime shifts,Fixed 0.60,130,0.44482812499999996,0.007352093050188668,0.5999999999999999,1.0
Regime shifts,Fixed 0.60,131,0.45343749999999994,0.007578707337196905,0.5999999999999999,1.0
Regime shifts,Fixed 0.60,132,0.45671874999999984,0.007636981212819377,0.5999999999999999,1.0
Regime shifts,Fixed 0.60,133,0.46498437499999995,0.007349774023363556,0.5999999999999999,1.0
Regime shifts,Fixed 0.60,134,0.4603749999999999,0.007338375726412829,0.5999999999999999,1.0
Regime shifts,Fixed 0.60,135,0.46135937499999996,0.00725203736274677,0.5999999999999999,1.0
Regime shifts,Fixed 0.60,136,0.45757812499999995,0.007432189689758147,0.5999999999999999,1.0
Regime shifts,Fixed 0.60,137,0.4525312499999999,0.007322479928829714,0.5999999999999999,1.0
Regime shifts,Fixed 0.60,138,0.46443749999999995,0.007391808534564065,0.5999999999999999,1.0
Regime shifts,Fixed 0.60,139,0.45937499999999987,0.006779930508992471,0.5999999999999999,1.0
Regime shifts,Fixed 0.60,140,0.4520156249999999,0.007653104493929962,0.5999999999999999,1.0
Regime shifts,Fixed 0.60,141,0.46393749999999995,0.007521143572770737,0.5999999999999999,1.0
Regime shifts,Fixed 0.60,142,0.46453124999999995,0.006795575155502215,0.5999999999999999,1.0
Regime shifts,Fixed 0.60,143,0.45315625,0.0075285131493838045,0.5999999999999999,1.0
Regime shifts,Fixed 0.60,144,0.45918749999999986,0.007171884256864415,0.5999999999999999,1.0
Regime shifts,Fixed 0.60,145,0.4554687499999999,0.0076168604032172595,0.5999999999999999,1.0
Regime shifts,Fixed 0.60,146,0.46181249999999996,0.007265846021310145,0.5999999999999999,1.0
Regime shifts,Fixed 0.60,147,0.46489062499999995,0.007093387153216153,0.5999999999999999,1.0
Regime shifts,Fixed 0.60,148,0.45823437499999997,0.0071234766607228455,0.5999999999999999,1.0
Regime shifts,Fixed 0.60,149,0.45384374999999993,0.007390748068607657,0.5999999999999999,1.0
Regime shifts,Fixed 0.60,150,0.45171874999999995,0.007843153366259032,0.5999999999999999,1.0
Regime shifts,Fixed 0.60,151,0.45739062499999994,0.007257037312397689,0.5999999999999999,1.0
Regime shifts,Fixed 0.60,152,0.45765624999999993,0.007482810914040389,0.5999999999999999,1.0
Regime shifts,Fixed 0.60,153,0.4604687499999999,0.007031876538501338,0.5999999999999999,1.0
Regime shifts,Fixed 0.60,154,0.46785937499999997,0.007313765700218504,0.5999999999999999,1.0
Regime shifts,Fixed 0.60,155,0.464328125,0.006964689964660706,0.5999999999999999,1.0
Regime shifts,Fixed 0.60,156,0.45967187499999995,0.007439361325858397,0.5999999999999999,1.0
Regime shifts,Fixed 0.60,157,0.46765624999999994,0.007167769277266397,0.5999999999999999,1.0
Regime shifts,Fixed 0.60,158,0.4579999999999999,0.007488593038029444,0.5999999999999999,1.0
Regime shifts,Fixed 0.60,159,0.4717499999999999,0.007339997808297664,0.5999999999999999,1.0
