scenario,policy,seed,value,audit_rate,safe_route_share,audited,switches,errors
Stationary,Fixed sparse,20260928,0.8684375000000001,0.024999999999999998,0.0,128,0.0,216
Stationary,Fixed sparse,20260929,0.8641640625000001,0.024999999999999998,0.05,127,0.0,208
Stationary,Fixed sparse,20260930,0.8626015625000001,0.024999999999999998,0.05,122,0.0,211
Stationary,Fixed sparse,20260931,0.8670156249999998,0.024999999999999998,0.01875,138,0.0,212
Stationary,Fixed sparse,20260932,0.8644765625000002,0.024999999999999998,0.05,134,0.0,207
Stationary,Fixed sparse,20260933,0.8467109374999999,0.024999999999999998,0.05625,140,0.0,235
Stationary,Fixed sparse,20260934,0.8631562500000001,0.024999999999999998,0.05625,139,0.0,207
Stationary,Fixed sparse,20260935,0.8733046874999999,0.024999999999999998,0.05,103,0.0,194
Stationary,Fixed sparse,20260936,0.8530234374999999,0.024999999999999998,0.075,132,0.0,219
Stationary,Fixed sparse,20260937,0.8717578125000001,0.024999999999999998,0.0,103,0.0,212
Stationary,Fixed sparse,20260938,0.8655859375,0.024999999999999998,0.0,141,0.0,220
Stationary,Fixed sparse,20260939,0.8553437500000001,0.024999999999999998,0.0875,135,0.0,211
Stationary,Fixed sparse,20260940,0.85540625,0.024999999999999998,0.075,131,0.0,215
Stationary,Fixed sparse,20260941,0.8701953124999999,0.024999999999999998,0.03125,149,0.0,202
Stationary,Fixed sparse,20260942,0.8716406250000001,0.024999999999999998,0.03125,127,0.0,201
Stationary,Fixed sparse,20260943,0.8491562500000001,0.024999999999999998,0.04375,135,0.0,235
Stationary,Fixed sparse,20260944,0.8466250000000002,0.024999999999999998,0.08125,117,0.0,229
Stationary,Fixed sparse,20260945,0.8140781250000002,0.024999999999999998,0.16875,127,0.0,257
Stationary,Fixed sparse,20260946,0.8783203125,0.024999999999999998,0.0,115,0.0,200
Stationary,Fixed sparse,20260947,0.8846875000000001,0.024999999999999998,0.0,117,0.0,189
Stationary,Fixed sparse,20260948,0.877734375,0.024999999999999998,0.0,115,0.0,201
Stationary,Fixed sparse,20260949,0.8708984375,0.024999999999999998,0.0,125,0.0,212
Stationary,Fixed sparse,20260950,0.8622265625000001,0.024999999999999998,0.0625,104,0.0,209
Stationary,Fixed sparse,20260951,0.8787109375,0.024999999999999998,0.0,120,0.0,199
Stationary,Fixed sparse,20260952,0.8643124999999999,0.024999999999999998,0.0125,146,0.0,218
Stationary,Fixed sparse,20260953,0.871875,0.024999999999999998,0.0,130,0.0,210
Stationary,Fixed sparse,20260954,0.8573046874999999,0.024999999999999998,0.0625,140,0.0,215
Stationary,Fixed sparse,20260955,0.8696093749999999,0.024999999999999998,0.03125,134,0.0,204
Stationary,Fixed sparse,20260956,0.8607656250000002,0.024999999999999998,0.05,124,0.0,214
Stationary,Fixed sparse,20260957,0.8541093750000002,0.024999999999999998,0.1,124,0.0,210
Stationary,Fixed sparse,20260958,0.8768515625,0.024999999999999998,0.0125,125,0.0,198
Stationary,Fixed sparse,20260959,0.868359375,0.024999999999999998,0.0,115,0.0,217
Stationary,Fixed sparse,20260960,0.8558749999999999,0.024999999999999998,0.10625,125,0.0,205
Stationary,Fixed sparse,20260961,0.8768437500000001,0.024999999999999998,0.00625,124,0.0,200
Stationary,Fixed sparse,20260962,0.8498203125,0.024999999999999998,0.075,139,0.0,224
Stationary,Fixed sparse,20260963,0.8847343750000001,0.024999999999999998,0.00625,117,0.0,187
Stationary,Fixed sparse,20260964,0.8766015625000001,0.024999999999999998,0.0,114,0.0,203
Stationary,Fixed sparse,20260965,0.8563828125,0.024999999999999998,0.04375,130,0.0,223
Stationary,Fixed sparse,20260966,0.8896875000000002,0.024999999999999998,0.0,139,0.0,179
Stationary,Fixed sparse,20260967,0.8653515625000001,0.024999999999999998,0.0625,114,0.0,203
Stationary,Fixed sparse,20260968,0.8524765625,0.024999999999999998,0.04375,125,0.0,230
Stationary,Fixed sparse,20260969,0.8160546875000001,0.024999999999999998,0.15625,149,0.0,256
Stationary,Fixed sparse,20260970,0.8930078124999999,0.024999999999999998,0.0,114,0.0,175
Stationary,Fixed sparse,20260971,0.8573281250000001,0.024999999999999998,0.05,107,0.0,221
Stationary,Fixed sparse,20260972,0.8808203125,0.024999999999999998,0.0,141,0.0,194
Stationary,Fixed sparse,20260973,0.884140625,0.024999999999999998,0.0,131,0.0,189
Stationary,Fixed sparse,20260974,0.8532421875,0.024999999999999998,0.0625,139,0.0,222
Stationary,Fixed sparse,20260975,0.8481328125,0.024999999999999998,0.06875,121,0.0,230
Stationary,Fixed sparse,20260976,0.8193125,0.024999999999999998,0.16875,143,0.0,247
Stationary,Fixed sparse,20260977,0.8694062500000002,0.024999999999999998,0.025,138,0.0,206
Stationary,Fixed sparse,20260978,0.8472500000000001,0.024999999999999998,0.08125,131,0.0,227
Stationary,Fixed sparse,20260979,0.8584843750000001,0.024999999999999998,0.06875,126,0.0,212
Stationary,Fixed sparse,20260980,0.873984375,0.024999999999999998,0.0,151,0.0,205
Stationary,Fixed sparse,20260981,0.8666406250000002,0.024999999999999998,0.03125,120,0.0,210
Stationary,Fixed sparse,20260982,0.8093359375,0.024999999999999998,0.1875,132,0.0,259
Stationary,Fixed sparse,20260983,0.8033359375,0.024999999999999998,0.29375,126,0.0,237
Stationary,Fixed sparse,20260984,0.8540859375000001,0.024999999999999998,0.05,130,0.0,225
Stationary,Fixed sparse,20260985,0.8514843750000001,0.024999999999999998,0.0,142,0.0,244
Stationary,Fixed sparse,20260986,0.8116640625,0.024999999999999998,0.14375,124,0.0,269
Stationary,Fixed sparse,20260987,0.8621718750000001,0.024999999999999998,0.05,118,0.0,212
Stationary,Fixed sparse,20260988,0.8529765625000001,0.024999999999999998,0.0375,126,0.0,231
Stationary,Fixed sparse,20260989,0.8723203125000001,0.024999999999999998,0.04375,127,0.0,196
Stationary,Fixed sparse,20260990,0.8736015625,0.024999999999999998,0.00625,162,0.0,203
Stationary,Fixed sparse,20260991,0.8873046875,0.024999999999999998,0.0,125,0.0,184
Stationary,Fixed sparse,20260992,0.8764843750000001,0.024999999999999998,0.0,117,0.0,203
Stationary,Fixed sparse,20260993,0.8770312499999999,0.024999999999999998,0.0,133,0.0,201
Stationary,Fixed sparse,20260994,0.8600390625,0.024999999999999998,0.03125,124,0.0,221
Stationary,Fixed sparse,20260995,0.871921875,0.024999999999999998,0.00625,130,0.0,208
Stationary,Fixed sparse,20260996,0.8561406250000001,0.024999999999999998,0.1,132,0.0,206
Stationary,Fixed sparse,20260997,0.8771093750000001,0.024999999999999998,0.0,131,0.0,201
Stationary,Fixed sparse,20260998,0.8412109375,0.024999999999999998,0.09375,138,0.0,233
Stationary,Fixed sparse,20260999,0.85578125,0.024999999999999998,0.09375,125,0.0,209
Stationary,Fixed sparse,20261000,0.8547343750000002,0.024999999999999998,0.06875,117,0.0,219
Stationary,Fixed sparse,20261001,0.8727578125000001,0.024999999999999998,0.01875,141,0.0,202
Stationary,Fixed sparse,20261002,0.8677656250000002,0.024999999999999998,0.05625,126,0.0,200
Stationary,Fixed sparse,20261003,0.8540468749999999,0.024999999999999998,0.05,131,0.0,225
Stationary,Fixed sparse,20261004,0.8700390624999998,0.024999999999999998,0.0,117,0.0,214
Stationary,Fixed sparse,20261005,0.8714453125,0.024999999999999998,0.0,126,0.0,211
Stationary,Fixed sparse,20261006,0.887890625,0.024999999999999998,0.0,110,0.0,184
Stationary,Fixed sparse,20261007,0.879671875,0.024999999999999998,0.01875,129,0.0,191
Stationary,Fixed sparse,20261008,0.8695703125000002,0.024999999999999998,0.03125,120,0.0,205
Stationary,Fixed sparse,20261009,0.8587109375,0.024999999999999998,0.03125,128,0.0,223
Stationary,Fixed sparse,20261010,0.8719453125,0.024999999999999998,0.025,133,0.0,202
Stationary,Fixed sparse,20261011,0.8605390625,0.024999999999999998,0.05625,131,0.0,212
Stationary,Fixed sparse,20261012,0.8641562500000001,0.024999999999999998,0.04375,141,0.0,209
Stationary,Fixed sparse,20261013,0.8750078125000001,0.024999999999999998,0.00625,111,0.0,204
Stationary,Fixed sparse,20261014,0.8605078124999999,0.024999999999999998,0.03125,127,0.0,220
Stationary,Fixed sparse,20261015,0.8632031250000001,0.024999999999999998,0.0,127,0.0,225
Stationary,Fixed sparse,20261016,0.8617968750000001,0.024999999999999998,0.0625,130,0.0,208
Stationary,Fixed sparse,20261017,0.8707578125000002,0.024999999999999998,0.04375,92,0.0,201
Stationary,Fixed sparse,20261018,0.8594140625000002,0.024999999999999998,0.0625,131,0.0,212
Stationary,Fixed sparse,20261019,0.85859375,0.024999999999999998,0.03125,116,0.0,224
Stationary,Fixed sparse,20261020,0.860765625,0.024999999999999998,0.05,139,0.0,213
Stationary,Fixed sparse,20261021,0.8530625000000001,0.024999999999999998,0.04375,125,0.0,229
Stationary,Fixed sparse,20261022,0.849546875,0.024999999999999998,0.04375,140,0.0,234
Stationary,Fixed sparse,20261023,0.8664453125000001,0.024999999999999998,0.0,134,0.0,219
Stationary,Fixed sparse,20261024,0.869390625,0.024999999999999998,0.04375,112,0.0,202
Stationary,Fixed sparse,20261025,0.8691953125000002,0.024999999999999998,0.0125,111,0.0,212
Stationary,Fixed sparse,20261026,0.8850390625000001,0.024999999999999998,0.0,138,0.0,187
Stationary,Fixed sparse,20261027,0.8501875,0.024999999999999998,0.05625,111,0.0,231
Stationary,Fixed sparse,20261028,0.8657187499999999,0.024999999999999998,0.04375,101,0.0,209
Stationary,Fixed sparse,20261029,0.8765859375,0.024999999999999998,0.01875,118,0.0,197
Stationary,Fixed sparse,20261030,0.8361875000000001,0.024999999999999998,0.1375,125,0.0,229
Stationary,Fixed sparse,20261031,0.8647734374999999,0.024999999999999998,0.06875,130,0.0,201
Stationary,Fixed sparse,20261032,0.8677343749999998,0.024999999999999998,0.0,116,0.0,218
Stationary,Fixed sparse,20261033,0.8561250000000001,0.024999999999999998,0.0875,130,0.0,210
Stationary,Fixed sparse,20261034,0.8496015625,0.024999999999999998,0.0875,132,0.0,221
Stationary,Fixed sparse,20261035,0.8604140625,0.024999999999999998,0.05,133,0.0,214
Stationary,Fixed sparse,20261036,0.8552031249999998,0.024999999999999998,0.06875,135,0.0,217
Stationary,Fixed sparse,20261037,0.8717578125000001,0.024999999999999998,0.03125,124,0.0,201
Stationary,Fixed sparse,20261038,0.8653906250000001,0.024999999999999998,0.0,146,0.0,220
Stationary,Fixed sparse,20261039,0.8666718750000001,0.024999999999999998,0.025,133,0.0,211
Stationary,Fixed sparse,20261040,0.863984375,0.024999999999999998,0.0,122,0.0,224
Stationary,Fixed sparse,20261041,0.8612500000000001,0.024999999999999998,0.0625,129,0.0,209
Stationary,Fixed sparse,20261042,0.8791718750000002,0.024999999999999998,0.025,128,0.0,190
Stationary,Fixed sparse,20261043,0.8779062500000002,0.024999999999999998,0.0125,158,0.0,194
Stationary,Fixed sparse,20261044,0.8494687500000001,0.024999999999999998,0.0125,136,0.0,244
Stationary,Fixed sparse,20261045,0.8698437499999999,0.024999999999999998,0.03125,143,0.0,203
Stationary,Fixed sparse,20261046,0.8652734375000002,0.024999999999999998,0.03125,140,0.0,211
Stationary,Fixed sparse,20261047,0.87053125,0.024999999999999998,0.05,129,0.0,197
Stationary,Fixed sparse,20261048,0.8616484375000001,0.024999999999999998,0.0375,114,0.0,217
Stationary,Fixed sparse,20261049,0.8624375000000001,0.024999999999999998,0.075,116,0.0,204
Stationary,Fixed sparse,20261050,0.8622343749999999,0.024999999999999998,0.00625,123,0.0,225
Stationary,Fixed sparse,20261051,0.8736328125,0.024999999999999998,0.0,145,0.0,206
Stationary,Fixed sparse,20261052,0.851890625,0.024999999999999998,0.075,146,0.0,220
Stationary,Fixed sparse,20261053,0.8543046875000002,0.024999999999999998,0.06875,128,0.0,219
Stationary,Fixed sparse,20261054,0.835328125,0.024999999999999998,0.04375,114,0.0,260
Stationary,Fixed sparse,20261055,0.8750781250000002,0.024999999999999998,0.03125,129,0.0,195
Stationary,Fixed sparse,20261056,0.8691015625,0.024999999999999998,0.0,141,0.0,214
Stationary,Fixed sparse,20261057,0.8675625,0.024999999999999998,0.05,130,0.0,202
Stationary,Fixed sparse,20261058,0.8064296875,0.024999999999999998,0.2375,126,0.0,249
Stationary,Fixed sparse,20261059,0.8622265625000001,0.024999999999999998,0.0,122,0.0,227
Stationary,Fixed sparse,20261060,0.8735390625000001,0.024999999999999998,0.01875,121,0.0,202
Stationary,Fixed sparse,20261061,0.8841015625,0.024999999999999998,0.0,117,0.0,190
Stationary,Fixed sparse,20261062,0.8391718750000001,0.024999999999999998,0.0875,129,0.0,239
Stationary,Fixed sparse,20261063,0.86359375,0.024999999999999998,0.0625,114,0.0,206
Stationary,Fixed sparse,20261064,0.8609453125,0.024999999999999998,0.0375,132,0.0,217
Stationary,Fixed sparse,20261065,0.8576875000000002,0.024999999999999998,0.025,123,0.0,227
Stationary,Fixed sparse,20261066,0.86928125,0.024999999999999998,0.01875,125,0.0,209
Stationary,Fixed sparse,20261067,0.865984375,0.024999999999999998,0.00625,132,0.0,218
Stationary,Fixed sparse,20261068,0.8649765625000001,0.024999999999999998,0.0125,129,0.0,218
Stationary,Fixed sparse,20261069,0.8719140624999999,0.024999999999999998,0.0,129,0.0,210
Stationary,Fixed sparse,20261070,0.8740703125000001,0.024999999999999998,0.00625,120,0.0,205
Stationary,Fixed sparse,20261071,0.8468125000000001,0.024999999999999998,0.04375,120,0.0,240
Stationary,Fixed sparse,20261072,0.87859375,0.024999999999999998,0.0,138,0.0,198
Stationary,Fixed sparse,20261073,0.869125,0.024999999999999998,0.05,135,0.0,199
Stationary,Fixed sparse,20261074,0.8563515625000001,0.024999999999999998,0.08125,123,0.0,212
Stationary,Fixed sparse,20261075,0.8636015625000001,0.024999999999999998,0.06875,115,0.0,204
Stationary,Fixed sparse,20261076,0.8516328124999999,0.024999999999999998,0.0875,140,0.0,217
Stationary,Fixed sparse,20261077,0.8360234375000001,0.024999999999999998,0.13125,128,0.0,231
Stationary,Fixed sparse,20261078,0.8839218750000001,0.024999999999999998,0.0125,124,0.0,186
Stationary,Fixed sparse,20261079,0.8483359375000001,0.024999999999999998,0.04375,111,0.0,238
Stationary,Fixed sparse,20261080,0.8719531249999999,0.024999999999999998,0.0,143,0.0,209
Stationary,Fixed sparse,20261081,0.8102890624999999,0.024999999999999998,0.16875,119,0.0,264
Stationary,Fixed sparse,20261082,0.8559921875000001,0.024999999999999998,0.04375,110,0.0,225
Stationary,Fixed sparse,20261083,0.8609765625000001,0.024999999999999998,0.0625,106,0.0,211
Stationary,Fixed sparse,20261084,0.828140625,0.024999999999999998,0.1375,121,0.0,243
Stationary,Fixed sparse,20261085,0.837828125,0.024999999999999998,0.10625,137,0.0,235
Stationary,Fixed sparse,20261086,0.8723828125,0.024999999999999998,0.0,132,0.0,209
Stationary,Fixed sparse,20261087,0.876953125,0.024999999999999998,0.0,135,0.0,201
Stationary,Fixed sparse,20261088,0.8282265625,0.024999999999999998,0.08125,123,0.0,260
Stationary,Fixed sparse,20261089,0.8502500000000002,0.024999999999999998,0.0125,131,0.0,243
Stationary,Fixed sparse,20261090,0.8500781249999999,0.024999999999999998,0.03125,124,0.0,238
Stationary,Fixed sparse,20261091,0.8657421875000001,0.024999999999999998,0.0,137,0.0,220
Stationary,Fixed sparse,20261092,0.86115625,0.024999999999999998,0.05,129,0.0,213
Stationary,Fixed sparse,20261093,0.8508437499999999,0.024999999999999998,0.01875,117,0.0,241
Stationary,Fixed sparse,20261094,0.854328125,0.024999999999999998,0.05625,125,0.0,223
Stationary,Fixed sparse,20261095,0.8600000000000001,0.024999999999999998,0.03125,125,0.0,221
Stationary,Fixed sparse,20261096,0.865109375,0.024999999999999998,0.025,128,0.0,214
Stationary,Fixed sparse,20261097,0.8606328125000001,0.024999999999999998,0.0375,140,0.0,217
Stationary,Fixed sparse,20261098,0.8428671874999999,0.024999999999999998,0.075,137,0.0,236
Stationary,Fixed sparse,20261099,0.8102265625000001,0.024999999999999998,0.11875,126,0.0,279
Stationary,Fixed sparse,20261100,0.8634140625000001,0.024999999999999998,0.0125,124,0.0,221
Stationary,Fixed sparse,20261101,0.8603515625,0.024999999999999998,0.09375,98,0.0,203
Stationary,Fixed sparse,20261102,0.8748203125,0.024999999999999998,0.0125,132,0.0,201
Stationary,Fixed sparse,20261103,0.8635546875,0.024999999999999998,0.03125,124,0.0,215
Stationary,Fixed sparse,20261104,0.8533906250000001,0.024999999999999998,0.05625,134,0.0,224
Stationary,Fixed sparse,20261105,0.8460078124999999,0.024999999999999998,0.0875,119,0.0,228
Stationary,Fixed sparse,20261106,0.8748437500000001,0.024999999999999998,0.0,114,0.0,206
Stationary,Fixed sparse,20261107,0.863140625,0.024999999999999998,0.04375,107,0.0,213
Stationary,Fixed sparse,20261108,0.853703125,0.024999999999999998,0.025,135,0.0,233
Stationary,Fixed sparse,20261109,0.8375781250000001,0.024999999999999998,0.09375,126,0.0,240
Stationary,Fixed sparse,20261110,0.8723437500000001,0.024999999999999998,0.0,148,0.0,208
Stationary,Fixed sparse,20261111,0.8682578124999999,0.024999999999999998,0.04375,126,0.0,203
Stationary,Fixed sparse,20261112,0.8657265625000001,0.024999999999999998,0.05,132,0.0,205
Stationary,Fixed sparse,20261113,0.8637500000000001,0.024999999999999998,0.0,113,0.0,225
Stationary,Fixed sparse,20261114,0.8680156250000002,0.024999999999999998,0.00625,125,0.0,215
Stationary,Fixed sparse,20261115,0.8723124999999999,0.024999999999999998,0.0375,126,0.0,198
Stationary,Fixed sparse,20261116,0.8477734375000001,0.024999999999999998,0.125,111,0.0,214
Stationary,Fixed sparse,20261117,0.8797656249999999,0.024999999999999998,0.0,138,0.0,196
Stationary,Fixed sparse,20261118,0.8715546875000001,0.024999999999999998,0.025,128,0.0,203
Stationary,Fixed sparse,20261119,0.857625,0.024999999999999998,0.06875,118,0.0,214
Stationary,Fixed sparse,20261120,0.86421875,0.024999999999999998,0.0625,128,0.0,204
Stationary,Fixed sparse,20261121,0.8470625,0.024999999999999998,0.0875,107,0.0,227
Stationary,Fixed sparse,20261122,0.8372343749999999,0.024999999999999998,0.1,136,0.0,238
Stationary,Fixed sparse,20261123,0.876953125,0.024999999999999998,0.0,135,0.0,201
Stationary,Fixed sparse,20261124,0.8733203125000001,0.024999999999999998,0.0,123,0.0,208
Stationary,Fixed sparse,20261125,0.851328125,0.024999999999999998,0.0625,98,0.0,228
Stationary,Fixed sparse,20261126,0.8547812499999999,0.024999999999999998,0.10625,123,0.0,207
Stationary,Fixed sparse,20261127,0.8674609375000001,0.024999999999999998,0.0,123,0.0,218
Stationary,Fixed sparse,20261128,0.8528125,0.024999999999999998,0.09375,126,0.0,214
Stationary,Fixed sparse,20261129,0.8657265625000001,0.024999999999999998,0.05,117,0.0,206
Stationary,Fixed sparse,20261130,0.8557421875000001,0.024999999999999998,0.0625,120,0.0,219
Stationary,Fixed sparse,20261131,0.8580390625,0.024999999999999998,0.05625,135,0.0,216
Stationary,Fixed sparse,20261132,0.8649140625000001,0.024999999999999998,0.025,133,0.0,214
Stationary,Fixed sparse,20261133,0.851125,0.024999999999999998,0.05625,132,0.0,228
Stationary,Fixed sparse,20261134,0.867578125,0.024999999999999998,0.0,135,0.0,217
Stationary,Fixed sparse,20261135,0.879296875,0.024999999999999998,0.0,135,0.0,197
Stationary,Fixed sparse,20261136,0.8725234374999999,0.024999999999999998,0.05,123,0.0,194
Stationary,Fixed sparse,20261137,0.852171875,0.024999999999999998,0.01875,143,0.0,237
Stationary,Fixed sparse,20261138,0.872171875,0.024999999999999998,0.01875,126,0.0,204
Stationary,Fixed sparse,20261139,0.8593046874999999,0.024999999999999998,0.00625,153,0.0,228
Stationary,Fixed sparse,20261140,0.8826953124999999,0.024999999999999998,0.0,138,0.0,191
Stationary,Fixed sparse,20261141,0.8710156250000001,0.024999999999999998,0.0,122,0.0,212
Stationary,Fixed sparse,20261142,0.8786484375000001,0.024999999999999998,0.04375,130,0.0,185
Stationary,Fixed sparse,20261143,0.8242265625,0.024999999999999998,0.13125,115,0.0,252
Stationary,Fixed sparse,20261144,0.8241796875,0.024999999999999998,0.15625,121,0.0,244
Stationary,Fixed sparse,20261145,0.8924218750000001,0.024999999999999998,0.0,129,0.0,175
Stationary,Fixed sparse,20261146,0.8696484375000001,0.024999999999999998,0.0,127,0.0,214
Stationary,Fixed sparse,20261147,0.8670703125000001,0.024999999999999998,0.03125,124,0.0,209
Stationary,Fixed sparse,20261148,0.830890625,0.024999999999999998,0.18125,149,0.0,223
Stationary,Fixed sparse,20261149,0.862140625,0.024999999999999998,0.025,114,0.0,220
Stationary,Fixed sparse,20261150,0.8768750000000001,0.024999999999999998,0.0,122,0.0,202
Stationary,Fixed sparse,20261151,0.817859375,0.024999999999999998,0.19375,110,0.0,244
Stationary,Fixed sparse,20261152,0.8688984375000001,0.024999999999999998,0.025,121,0.0,208
Stationary,Fixed sparse,20261153,0.8608437500000001,0.024999999999999998,0.05,122,0.0,214
Stationary,Fixed sparse,20261154,0.8527812499999999,0.024999999999999998,0.06875,122,0.0,222
Stationary,Fixed sparse,20261155,0.8520156250000002,0.024999999999999998,0.05,123,0.0,229
Stationary,Fixed sparse,20261156,0.86215625,0.024999999999999998,0.00625,140,0.0,224
Stationary,Fixed sparse,20261157,0.8249765625000002,0.024999999999999998,0.1375,142,0.0,247
Stationary,Fixed sparse,20261158,0.8426406249999999,0.024999999999999998,0.1125,120,0.0,226
Stationary,Fixed sparse,20261159,0.8484921875,0.024999999999999998,0.04375,137,0.0,236
Stationary,Fixed sparse,20261160,0.835765625,0.024999999999999998,0.08125,140,0.0,246
Stationary,Fixed sparse,20261161,0.8629609375000001,0.024999999999999998,0.025,138,0.0,217
Stationary,Fixed sparse,20261162,0.870859375,0.024999999999999998,0.0,111,0.0,213
Stationary,Fixed sparse,20261163,0.8366328124999999,0.024999999999999998,0.11875,125,0.0,234
Stationary,Fixed sparse,20261164,0.8686640625000001,0.024999999999999998,0.0875,109,0.0,190
Stationary,Fixed sparse,20261165,0.8692499999999999,0.024999999999999998,0.025,127,0.0,207
Stationary,Fixed sparse,20261166,0.869890625,0.024999999999999998,0.00625,122,0.0,212
Stationary,Fixed sparse,20261167,0.8642890624999999,0.024999999999999998,0.025,134,0.0,215
Stationary,Fixed sparse,20261168,0.8514140625000002,0.024999999999999998,0.06875,127,0.0,224
Stationary,Fixed sparse,20261169,0.8672656249999999,0.024999999999999998,0.0,143,0.0,217
Stationary,Fixed sparse,20261170,0.8351953125000001,0.024999999999999998,0.09375,142,0.0,243
Stationary,Fixed sparse,20261171,0.8623906250000001,0.024999999999999998,0.0375,125,0.0,215
Stationary,Fixed sparse,20261172,0.8790234375000001,0.024999999999999998,0.0,127,0.0,198
Stationary,Fixed sparse,20261173,0.8709453125,0.024999999999999998,0.00625,125,0.0,210
Stationary,Fixed sparse,20261174,0.878515625,0.024999999999999998,0.03125,116,0.0,190
Stationary,Fixed sparse,20261175,0.8744531250000002,0.024999999999999998,0.0,109,0.0,207
Stationary,Fixed sparse,20261176,0.8842968750000001,0.024999999999999998,0.0,127,0.0,189
Stationary,Fixed sparse,20261177,0.851515625,0.024999999999999998,0.11875,119,0.0,209
Stationary,Fixed sparse,20261178,0.8680468749999999,0.024999999999999998,0.0,123,0.0,217
Stationary,Fixed sparse,20261179,0.8392109375000001,0.024999999999999998,0.0875,128,0.0,239
Stationary,Fixed sparse,20261180,0.8736328125,0.024999999999999998,0.0,130,0.0,207
Stationary,Fixed sparse,20261181,0.8645703125,0.024999999999999998,0.0625,119,0.0,204
Stationary,Fixed sparse,20261182,0.857359375,0.024999999999999998,0.075,111,0.0,213
Stationary,Fixed sparse,20261183,0.8744609375,0.024999999999999998,0.00625,125,0.0,204
Stationary,Fixed sparse,20261184,0.8620859375000001,0.024999999999999998,0.04375,134,0.0,213
Stationary,Fixed sparse,20261185,0.8650390625,0.024999999999999998,0.0,140,0.0,221
Stationary,Fixed sparse,20261186,0.8640234375,0.024999999999999998,0.03125,112,0.0,215
Stationary,Fixed sparse,20261187,0.8611640625,0.024999999999999998,0.0875,121,0.0,202
Stationary,Fixed sparse,20261188,0.8545,0.024999999999999998,0.1,114,0.0,210
Stationary,Fixed sparse,20261189,0.8762109375000001,0.024999999999999998,0.0,124,0.0,203
Stationary,Fixed sparse,20261190,0.8651093750000001,0.024999999999999998,0.025,128,0.0,214
Stationary,Fixed sparse,20261191,0.8347031250000001,0.024999999999999998,0.075,121,0.0,251
Stationary,Fixed sparse,20261192,0.8282421875000001,0.024999999999999998,0.09375,125,0.0,256
Stationary,Fixed sparse,20261193,0.8755859375,0.024999999999999998,0.0,140,0.0,203
Stationary,Fixed sparse,20261194,0.8652265625000002,0.024999999999999998,0.05625,116,0.0,205
Stationary,Fixed sparse,20261195,0.856359375,0.024999999999999998,0.025,127,0.0,229
Stationary,Fixed sparse,20261196,0.8690078125000001,0.024999999999999998,0.01875,132,0.0,209
Stationary,Fixed sparse,20261197,0.8728906250000001,0.024999999999999998,0.03125,125,0.0,199
Stationary,Fixed sparse,20261198,0.8343359375,0.024999999999999998,0.15625,116,0.0,227
Stationary,Fixed sparse,20261199,0.8230390625000001,0.024999999999999998,0.15,119,0.0,248
Stationary,Fixed sparse,20261200,0.8719140625000001,0.024999999999999998,0.03125,135,0.0,200
Stationary,Fixed sparse,20261201,0.8492109375000002,0.024999999999999998,0.05625,136,0.0,231
Stationary,Fixed sparse,20261202,0.8628125000000001,0.024999999999999998,0.0,137,0.0,225
Stationary,Fixed sparse,20261203,0.8361562499999999,0.024999999999999998,0.1125,121,0.0,237
Stationary,Fixed sparse,20261204,0.8778515625000001,0.024999999999999998,0.0,127,0.0,200
Stationary,Fixed sparse,20261205,0.843046875,0.024999999999999998,0.0625,130,0.0,240
Stationary,Fixed sparse,20261206,0.880234375,0.024999999999999998,0.0,111,0.0,197
Stationary,Fixed sparse,20261207,0.8599140625,0.024999999999999998,0.0875,123,0.0,204
Stationary,Fixed sparse,20261208,0.8683984375000001,0.024999999999999998,0.03125,120,0.0,207
Stationary,Fixed sparse,20261209,0.869578125,0.024999999999999998,0.00625,130,0.0,212
Stationary,Fixed sparse,20261210,0.87184375,0.024999999999999998,0.00625,117,0.0,209
Stationary,Fixed sparse,20261211,0.8585078124999999,0.024999999999999998,0.0875,129,0.0,206
Stationary,Fixed sparse,20261212,0.85271875,0.024999999999999998,0.05,120,0.0,228
Stationary,Fixed sparse,20261213,0.8637890625000001,0.024999999999999998,0.03125,118,0.0,215
Stationary,Fixed sparse,20261214,0.8768359374999999,0.024999999999999998,0.03125,129,0.0,192
Stationary,Fixed sparse,20261215,0.8523984375000001,0.024999999999999998,0.075,133,0.0,220
Stationary,Fixed sparse,20261216,0.8764453124999999,0.024999999999999998,0.0,133,0.0,202
Stationary,Fixed sparse,20261217,0.8594296875000002,0.024999999999999998,0.04375,127,0.0,218
Stationary,Fixed sparse,20261218,0.8506484375,0.024999999999999998,0.08125,134,0.0,221
Stationary,Fixed sparse,20261219,0.8945000000000001,0.024999999999999998,0.00625,137,0.0,169
Stationary,Fixed sparse,20261220,0.84796875,0.024999999999999998,0.0625,139,0.0,231
Stationary,Fixed sparse,20261221,0.8845312500000002,0.024999999999999998,0.0,136,0.0,188
Stationary,Fixed sparse,20261222,0.841359375,0.024999999999999998,0.0875,133,0.0,235
Stationary,Fixed sparse,20261223,0.8819921875000001,0.024999999999999998,0.0,126,0.0,193
Stationary,Fixed sparse,20261224,0.829828125,0.024999999999999998,0.14375,124,0.0,238
Stationary,Fixed sparse,20261225,0.8749140624999999,0.024999999999999998,0.025,117,0.0,198
Stationary,Fixed sparse,20261226,0.8422500000000002,0.024999999999999998,0.1125,145,0.0,225
Stationary,Fixed sparse,20261227,0.8729296874999999,0.024999999999999998,0.0,133,0.0,208
Stationary,Fixed sparse,20261228,0.8736328125,0.024999999999999998,0.0,130,0.0,207
Stationary,Fixed sparse,20261229,0.8720859375,0.024999999999999998,0.0125,112,0.0,207
Stationary,Fixed sparse,20261230,0.8589140625,0.024999999999999998,0.06875,130,0.0,211
Stationary,Fixed sparse,20261231,0.8724375,0.024999999999999998,0.0125,118,0.0,206
Stationary,Fixed sparse,20261232,0.8644921875,0.024999999999999998,0.0,124,0.0,223
Stationary,Fixed sparse,20261233,0.8633671875000001,0.024999999999999998,0.0375,130,0.0,213
Stationary,Fixed sparse,20261234,0.8714609375,0.024999999999999998,0.0125,128,0.0,207
Stationary,Fixed sparse,20261235,0.8464609375000001,0.024999999999999998,0.10625,156,0.0,219
Stationary,Fixed sparse,20261236,0.8698281250000001,0.024999999999999998,0.01875,156,0.0,206
Stationary,Fixed sparse,20261237,0.8804531250000001,0.024999999999999998,0.01875,139,0.0,189
Stationary,Fixed sparse,20261238,0.8346718750000001,0.024999999999999998,0.1125,144,0.0,238
Stationary,Fixed sparse,20261239,0.8600312500000001,0.024999999999999998,0.025,123,0.0,223
Stationary,Fixed sparse,20261240,0.8708984375,0.024999999999999998,0.0,125,0.0,212
Stationary,Fixed sparse,20261241,0.8848828125000001,0.024999999999999998,0.0,127,0.0,188
Stationary,Fixed sparse,20261242,0.8384765625,0.024999999999999998,0.125,124,0.0,229
Stationary,Fixed sparse,20261243,0.8393906250000001,0.024999999999999998,0.1375,133,0.0,223
Stationary,Fixed sparse,20261244,0.8585625,0.024999999999999998,0.06875,139,0.0,211
Stationary,Fixed sparse,20261245,0.8642578125,0.024999999999999998,0.0625,127,0.0,204
Stationary,Fixed sparse,20261246,0.8617421875000002,0.024999999999999998,0.01875,123,0.0,222
Stationary,Fixed sparse,20261247,0.8692265625000001,0.024999999999999998,0.0375,115,0.0,204
Stationary,Fixed sparse,20261248,0.8512812500000001,0.024999999999999998,0.0875,119,0.0,219
Stationary,Fixed sparse,20261249,0.8739062500000001,0.024999999999999998,0.0,123,0.0,207
Stationary,Fixed sparse,20261250,0.8030546874999999,0.024999999999999998,0.225,120,0.0,259
Stationary,Fixed sparse,20261251,0.8713984374999999,0.024999999999999998,0.05625,123,0.0,194
Stationary,Fixed sparse,20261252,0.8534218750000001,0.024999999999999998,0.05,132,0.0,226
Stationary,Fixed sparse,20261253,0.8253203124999999,0.024999999999999998,0.1,126,0.0,259
Stationary,Fixed sparse,20261254,0.8744140625,0.024999999999999998,0.0,125,0.0,206
Stationary,Fixed sparse,20261255,0.8208359375000001,0.024999999999999998,0.16875,119,0.0,246
Stationary,Fixed sparse,20261256,0.8799296875,0.024999999999999998,0.0375,126,0.0,185
Stationary,Fixed sparse,20261257,0.883984375,0.024999999999999998,0.0,135,0.0,189
Stationary,Fixed sparse,20261258,0.8639218750000002,0.024999999999999998,0.04375,132,0.0,210
Stationary,Fixed sparse,20261259,0.8621015625000001,0.024999999999999998,0.05625,121,0.0,210
Stationary,Fixed sparse,20261260,0.8753984375000001,0.024999999999999998,0.0375,122,0.0,193
Stationary,Fixed sparse,20261261,0.8730546875000001,0.024999999999999998,0.0375,122,0.0,197
Stationary,Fixed sparse,20261262,0.8658906250000001,0.024999999999999998,0.025,108,0.0,214
Stationary,Fixed sparse,20261263,0.866875,0.024999999999999998,0.03125,114,0.0,210
Stationary,Fixed sparse,20261264,0.8744375000000002,0.024999999999999998,0.01875,113,0.0,201
Stationary,Fixed sparse,20261265,0.8449765625,0.024999999999999998,0.075,128,0.0,233
Stationary,Fixed sparse,20261266,0.8190234375,0.024999999999999998,0.21875,115,0.0,234
Stationary,Fixed sparse,20261267,0.8350625,0.024999999999999998,0.1125,134,0.0,238
Stationary,Fixed sparse,20261268,0.8808828125000001,0.024999999999999998,0.05,134,0.0,179
Stationary,Fixed sparse,20261269,0.8794609375,0.024999999999999998,0.00625,117,0.0,196
Stationary,Fixed sparse,20261270,0.8268046874999999,0.024999999999999998,0.13125,109,0.0,248
Stationary,Fixed sparse,20261271,0.8607968750000001,0.024999999999999998,0.04375,152,0.0,214
Stationary,Fixed sparse,20261272,0.8819453124999999,0.024999999999999998,0.025,117,0.0,186
Stationary,Fixed sparse,20261273,0.8797031250000001,0.024999999999999998,0.0125,127,0.0,193
Stationary,Fixed sparse,20261274,0.8676875,0.024999999999999998,0.025,137,0.0,209
Stationary,Fixed sparse,20261275,0.8642968750000002,0.024999999999999998,0.03125,105,0.0,215
Stationary,Fixed sparse,20261276,0.876453125,0.024999999999999998,0.00625,134,0.0,200
Stationary,Fixed sparse,20261277,0.8264140624999999,0.024999999999999998,0.1,128,0.0,257
Stationary,Fixed sparse,20261278,0.8678046875,0.024999999999999998,0.05625,125,0.0,200
Stationary,Fixed sparse,20261279,0.853375,0.024999999999999998,0.04375,117,0.0,229
Stationary,Fixed sparse,20261280,0.8553593750000001,0.024999999999999998,0.1,137,0.0,207
Stationary,Fixed sparse,20261281,0.8695546875000002,0.024999999999999998,0.01875,133,0.0,208
Stationary,Fixed sparse,20261282,0.8633046875000001,0.024999999999999998,0.05,134,0.0,209
Stationary,Fixed sparse,20261283,0.8848828125000001,0.024999999999999998,0.0,127,0.0,188
Stationary,Fixed sparse,20261284,0.8755859375,0.024999999999999998,0.0,140,0.0,203
Stationary,Fixed sparse,20261285,0.874296875,0.024999999999999998,0.0,113,0.0,207
Stationary,Fixed sparse,20261286,0.8749375,0.024999999999999998,0.04375,135,0.0,191
Stationary,Fixed sparse,20261287,0.84315625,0.024999999999999998,0.05625,126,0.0,242
Stationary,Fixed sparse,20261288,0.864734375,0.024999999999999998,0.00625,134,0.0,220
Stationary,Fixed sparse,20261289,0.843765625,0.024999999999999998,0.075,129,0.0,235
Stationary,Fixed sparse,20261290,0.8692265625000001,0.024999999999999998,0.00625,124,0.0,213
Stationary,Fixed sparse,20261291,0.843375,0.024999999999999998,0.1375,106,0.0,218
Stationary,Fixed sparse,20261292,0.8171015624999999,0.024999999999999998,0.15,151,0.0,256
Stationary,Fixed sparse,20261293,0.870125,0.024999999999999998,0.0375,122,0.0,202
Stationary,Fixed sparse,20261294,0.8823125,0.024999999999999998,0.00625,89,0.0,193
Stationary,Fixed sparse,20261295,0.883984375,0.024999999999999998,0.0,120,0.0,190
Stationary,Fixed sparse,20261296,0.86525,0.024999999999999998,0.0125,137,0.0,217
Stationary,Fixed sparse,20261297,0.8673281249999999,0.024999999999999998,0.01875,145,0.0,211
Stationary,Fixed sparse,20261298,0.8617890625000001,0.024999999999999998,0.05625,114,0.0,211
Stationary,Fixed sparse,20261299,0.8517734375,0.024999999999999998,0.0125,137,0.0,240
Stationary,Fixed sparse,20261300,0.8574921875000001,0.024999999999999998,0.05625,119,0.0,218
Stationary,Fixed sparse,20261301,0.8675312500000001,0.024999999999999998,0.025,126,0.0,210
Stationary,Fixed sparse,20261302,0.8740078125,0.024999999999999998,0.05,130,0.0,191
Stationary,Fixed sparse,20261303,0.8810156250000001,0.024999999999999998,0.0,136,0.0,194
Stationary,Fixed sparse,20261304,0.8571015625000001,0.024999999999999998,0.05625,129,0.0,218
Stationary,Fixed sparse,20261305,0.8531718750000001,0.024999999999999998,0.06875,142,0.0,220
Stationary,Fixed sparse,20261306,0.8764453124999999,0.024999999999999998,0.0,118,0.0,203
Stationary,Fixed sparse,20261307,0.861265625,0.024999999999999998,0.0125,119,0.0,225
Stationary,Fixed sparse,20261308,0.8428281249999999,0.024999999999999998,0.075,123,0.0,237
Stationary,Fixed sparse,20261309,0.85415625,0.024999999999999998,0.075,118,0.0,218
Stationary,Fixed sparse,20261310,0.8805703125000001,0.024999999999999998,0.01875,121,0.0,190
Stationary,Fixed sparse,20261311,0.8549921875000001,0.024999999999999998,0.0875,114,0.0,213
Stationary,Fixed sparse,20261312,0.8599531250000002,0.024999999999999998,0.025,125,0.0,223
Stationary,Fixed sparse,20261313,0.8475625000000001,0.024999999999999998,0.1125,144,0.0,216
Stationary,Fixed sparse,20261314,0.810125,0.024999999999999998,0.13125,131,0.0,275
Stationary,Fixed sparse,20261315,0.8561328125,0.024999999999999998,0.03125,119,0.0,228
Stationary,Fixed sparse,20261316,0.8690390625000001,0.024999999999999998,0.075,127,0.0,192
Stationary,Fixed sparse,20261317,0.8663281250000001,0.024999999999999998,0.0,122,0.0,220
Stationary,Fixed sparse,20261318,0.8779687500000002,0.024999999999999998,0.0,124,0.0,200
Stationary,Fixed sparse,20261319,0.8593437500000001,0.024999999999999998,0.06875,119,0.0,211
Stationary,Fixed sparse,20261320,0.8556328125,0.024999999999999998,0.06875,124,0.0,217
Stationary,Fixed sparse,20261321,0.8572421875,0.024999999999999998,0.075,129,0.0,212
Stationary,Fixed sparse,20261322,0.8676015625,0.024999999999999998,0.01875,123,0.0,212
Stationary,Fixed sparse,20261323,0.8599140625,0.024999999999999998,0.025,111,0.0,224
Stationary,Fixed sparse,20261324,0.846890625,0.024999999999999998,0.075,124,0.0,230
Stationary,Fixed sparse,20261325,0.8755312500000001,0.024999999999999998,0.01875,130,0.0,198
Stationary,Fixed sparse,20261326,0.8771328125,0.024999999999999998,0.01875,134,0.0,195
Stationary,Fixed sparse,20261327,0.8731249999999999,0.024999999999999998,0.0,128,0.0,208
Stationary,Fixed dense,20260928,0.7921484375,0.39999999999999997,0.0,2081,0.0,216
Stationary,Fixed dense,20260929,0.8103515625,0.39999999999999997,0.0,2065,0.0,186
Stationary,Fixed dense,20260930,0.798359375,0.39999999999999997,0.0,2057,0.0,207
Stationary,Fixed dense,20260931,0.7998046875,0.39999999999999997,0.0,2020,0.0,207
Stationary,Fixed dense,20260932,0.8013671875,0.39999999999999997,0.0,2055,0.0,202
Stationary,Fixed dense,20260933,0.7881640624999999,0.39999999999999997,0.0,2093,0.0,222
Stationary,Fixed dense,20260934,0.808203125,0.39999999999999997,0.0,2030,0.0,192
Stationary,Fixed dense,20260935,0.8135937500000001,0.39999999999999997,0.0,2027,0.0,183
Stationary,Fixed dense,20260936,0.8019140625000001,0.39999999999999997,0.0,2056,0.0,201
Stationary,Fixed dense,20260937,0.7981640625,0.39999999999999997,0.0,1987,0.0,212
Stationary,Fixed dense,20260938,0.7928124999999999,0.39999999999999997,0.0,2004,0.0,220
Stationary,Fixed dense,20260939,0.7982812499999999,0.39999999999999997,0.0,2089,0.0,205
Stationary,Fixed dense,20260940,0.80375,0.39999999999999997,0.0,2039,0.0,199
Stationary,Fixed dense,20260941,0.8121875,0.39999999999999997,0.0,1988,0.0,188
Stationary,Fixed dense,20260942,0.80828125,0.39999999999999997,0.0,2073,0.0,189
Stationary,Fixed dense,20260943,0.7859765625,0.39999999999999997,0.0,1999,0.0,232
Stationary,Fixed dense,20260944,0.790625,0.39999999999999997,0.0,2015,0.0,223
Stationary,Fixed dense,20260945,0.79859375,0.39999999999999997,0.0,1976,0.0,212
Stationary,Fixed dense,20260946,0.8058984375000001,0.39999999999999997,0.0,1969,0.0,200
Stationary,Fixed dense,20260947,0.8110937500000001,0.39999999999999997,0.0,2001,0.0,189
Stationary,Fixed dense,20260948,0.8016015624999999,0.39999999999999997,0.0,2064,0.0,201
Stationary,Fixed dense,20260949,0.793984375,0.39999999999999997,0.0,2094,0.0,212
Stationary,Fixed dense,20260950,0.8037109375,0.39999999999999997,0.0,2040,0.0,199
Stationary,Fixed dense,20260951,0.8037890624999999,0.39999999999999997,0.0,2038,0.0,199
Stationary,Fixed dense,20260952,0.7928515625,0.39999999999999997,0.0,2033,0.0,218
Stationary,Fixed dense,20260953,0.7990234374999999,0.39999999999999997,0.0,1995,0.0,210
Stationary,Fixed dense,20260954,0.79390625,0.39999999999999997,0.0,2066,0.0,214
Stationary,Fixed dense,20260955,0.8013671875,0.39999999999999997,0.0,2025,0.0,204
Stationary,Fixed dense,20260956,0.7987109374999999,0.39999999999999997,0.0,2063,0.0,206
Stationary,Fixed dense,20260957,0.8096093750000002,0.39999999999999997,0.0,2054,0.0,188
Stationary,Fixed dense,20260958,0.8030859375,0.39999999999999997,0.0,2101,0.0,196
Stationary,Fixed dense,20260959,0.79421875,0.39999999999999997,0.0,2013,0.0,217
Stationary,Fixed dense,20260960,0.8109765624999999,0.39999999999999997,0.0,2049,0.0,186
Stationary,Fixed dense,20260961,0.8038281250000001,0.39999999999999997,0.0,2037,0.0,199
Stationary,Fixed dense,20260962,0.7962109374999999,0.39999999999999997,0.0,2082,0.0,209
Stationary,Fixed dense,20260963,0.8116796874999999,0.39999999999999997,0.0,2061,0.0,184
Stationary,Fixed dense,20260964,0.803046875,0.39999999999999997,0.0,1997,0.0,203
Stationary,Fixed dense,20260965,0.7913281249999999,0.39999999999999997,0.0,2117,0.0,215
Stationary,Fixed dense,20260966,0.8144140624999998,0.39999999999999997,0.0,2066,0.0,179
Stationary,Fixed dense,20260967,0.80828125,0.39999999999999997,0.0,2043,0.0,191
Stationary,Fixed dense,20260968,0.7902734375,0.39999999999999997,0.0,2054,0.0,221
Stationary,Fixed dense,20260969,0.7979687500000001,0.39999999999999997,0.0,2007,0.0,211
Stationary,Fixed dense,20260970,0.8183203124999998,0.39999999999999997,0.0,2026,0.0,175
Stationary,Fixed dense,20260971,0.7982421875,0.39999999999999997,0.0,2015,0.0,210
Stationary,Fixed dense,20260972,0.80390625,0.39999999999999997,0.0,2110,0.0,194
Stationary,Fixed dense,20260973,0.8099999999999999,0.39999999999999997,0.0,2029,0.0,189
Stationary,Fixed dense,20260974,0.8016796875000001,0.39999999999999997,0.0,2032,0.0,203
Stationary,Fixed dense,20260975,0.7937890624999999,0.39999999999999997,0.0,2039,0.0,216
Stationary,Fixed dense,20260976,0.7893046874999999,0.39999999999999997,0.00625,2065,0.0,220
Stationary,Fixed dense,20260977,0.8028125000000002,0.39999999999999997,0.0,2093,0.0,197
Stationary,Fixed dense,20260978,0.7990625,0.39999999999999997,0.0,2009,0.0,209
Stationary,Fixed dense,20260979,0.80796875,0.39999999999999997,0.0,2066,0.0,190
Stationary,Fixed dense,20260980,0.7991796875,0.39999999999999997,0.0,2066,0.0,205
Stationary,Fixed dense,20260981,0.7988671875000001,0.39999999999999997,0.0,2074,0.0,205
Stationary,Fixed dense,20260982,0.796796875,0.39999999999999997,0.0,2022,0.0,212
Stationary,Fixed dense,20260983,0.7999218750000001,0.39999999999999997,0.0,2077,0.0,203
Stationary,Fixed dense,20260984,0.7918359374999999,0.39999999999999997,0.0,2044,0.0,219
Stationary,Fixed dense,20260985,0.778671875,0.39999999999999997,0.0,2006,0.0,244
Stationary,Fixed dense,20260986,0.7815234375000001,0.39999999999999997,0.0,2068,0.0,235
Stationary,Fixed dense,20260987,0.8001171874999999,0.39999999999999997,0.0,2057,0.0,204
Stationary,Fixed dense,20260988,0.788828125,0.39999999999999997,0.0,2121,0.0,219
Stationary,Fixed dense,20260989,0.80734375,0.39999999999999997,0.0,2052,0.0,192
Stationary,Fixed dense,20260990,0.800390625,0.39999999999999997,0.0,2095,0.0,201
Stationary,Fixed dense,20260991,0.8130468750000001,0.39999999999999997,0.0,2026,0.0,184
Stationary,Fixed dense,20260992,0.801796875,0.39999999999999997,0.0,2029,0.0,203
Stationary,Fixed dense,20260993,0.7993750000000001,0.39999999999999997,0.0,2121,0.0,201
Stationary,Fixed dense,20260994,0.7931640625,0.39999999999999997,0.0,2040,0.0,217
Stationary,Fixed dense,20260995,0.797734375,0.39999999999999997,0.0,2118,0.0,204
Stationary,Fixed dense,20260996,0.8150390625,0.39999999999999997,0.0,2020,0.0,181
Stationary,Fixed dense,20260997,0.8015234374999999,0.39999999999999997,0.0,2066,0.0,201
Stationary,Fixed dense,20260998,0.800390625,0.39999999999999997,0.0,2095,0.0,201
Stationary,Fixed dense,20260999,0.8124218750000001,0.39999999999999997,0.0,2042,0.0,184
Stationary,Fixed dense,20261000,0.7975000000000001,0.39999999999999997,0.0,2064,0.0,208
Stationary,Fixed dense,20261001,0.80390625,0.39999999999999997,0.0,2050,0.0,198
Stationary,Fixed dense,20261002,0.8091406250000001,0.39999999999999997,0.0,1991,0.0,193
Stationary,Fixed dense,20261003,0.7951953125,0.39999999999999997,0.0,2018,0.0,215
Stationary,Fixed dense,20261004,0.7944140625,0.39999999999999997,0.0,2053,0.0,214
Stationary,Fixed dense,20261005,0.795703125,0.39999999999999997,0.0,2065,0.0,211
Stationary,Fixed dense,20261006,0.812734375,0.39999999999999997,0.0,2034,0.0,184
Stationary,Fixed dense,20261007,0.808359375,0.39999999999999997,0.0,2086,0.0,188
Stationary,Fixed dense,20261008,0.8022656250000001,0.39999999999999997,0.0,2077,0.0,199
Stationary,Fixed dense,20261009,0.7907421875,0.39999999999999997,0.0,2042,0.0,221
Stationary,Fixed dense,20261010,0.8026640624999999,0.39999999999999997,0.00625,2083,0.0,196
Stationary,Fixed dense,20261011,0.8052343750000001,0.39999999999999997,0.0,2016,0.0,198
Stationary,Fixed dense,20261012,0.7938671875,0.39999999999999997,0.0,2112,0.0,211
Stationary,Fixed dense,20261013,0.8023828125000001,0.39999999999999997,0.0,1984,0.0,205
Stationary,Fixed dense,20261014,0.79390625,0.39999999999999997,0.0,2036,0.0,216
Stationary,Fixed dense,20261015,0.7872265625000001,0.39999999999999997,0.0,2072,0.0,225
Stationary,Fixed dense,20261016,0.808984375,0.39999999999999997,0.0,2085,0.0,187
Stationary,Fixed dense,20261017,0.8062109374999998,0.39999999999999997,0.0,2066,0.0,193
Stationary,Fixed dense,20261018,0.8026171874999999,0.39999999999999997,0.0,2053,0.0,200
Stationary,Fixed dense,20261019,0.7976171875,0.39999999999999997,0.0,2001,0.0,212
Stationary,Fixed dense,20261020,0.8019921875000001,0.39999999999999997,0.0,2069,0.0,200
Stationary,Fixed dense,20261021,0.7920703125,0.39999999999999997,0.0,2023,0.0,220
Stationary,Fixed dense,20261022,0.7862109374999999,0.39999999999999997,0.0,2083,0.0,226
Stationary,Fixed dense,20261023,0.7923828124999999,0.39999999999999997,0.0,2030,0.0,219
Stationary,Fixed dense,20261024,0.8101171874999998,0.39999999999999997,0.0,2011,0.0,190
Stationary,Fixed dense,20261025,0.7967968750000001,0.39999999999999997,0.0,2082,0.0,208
Stationary,Fixed dense,20261026,0.8065234374999999,0.39999999999999997,0.0,2148,0.0,187
Stationary,Fixed dense,20261027,0.789296875,0.39999999999999997,0.0,2064,0.0,222
Stationary,Fixed dense,20261028,0.8051562499999999,0.39999999999999997,0.0,1973,0.0,201
Stationary,Fixed dense,20261029,0.8063671875,0.39999999999999997,0.0,2017,0.0,196
Stationary,Fixed dense,20261030,0.7978125,0.39999999999999997,0.0,2071,0.0,207
Stationary,Fixed dense,20261031,0.8090624999999999,0.39999999999999997,0.0,2038,0.0,190
Stationary,Fixed dense,20261032,0.7937890624999999,0.39999999999999997,0.0,2009,0.0,218
Stationary,Fixed dense,20261033,0.8067187499999999,0.39999999999999997,0.0,2038,0.0,194
Stationary,Fixed dense,20261034,0.797734375,0.39999999999999997,0.0,2043,0.0,209
Stationary,Fixed dense,20261035,0.802109375,0.39999999999999997,0.0,2006,0.0,204
Stationary,Fixed dense,20261036,0.80640625,0.39999999999999997,0.0,2076,0.0,192
Stationary,Fixed dense,20261037,0.8083984375,0.39999999999999997,0.0,2040,0.0,191
Stationary,Fixed dense,20261038,0.7914843749999999,0.39999999999999997,0.0,2038,0.0,220
Stationary,Fixed dense,20261039,0.7949609375,0.39999999999999997,0.0,2114,0.0,209
Stationary,Fixed dense,20261040,0.7882031250000001,0.39999999999999997,0.0,2062,0.0,224
Stationary,Fixed dense,20261041,0.806015625,0.39999999999999997,0.0,2101,0.0,191
Stationary,Fixed dense,20261042,0.8081640625000001,0.39999999999999997,0.0,2046,0.0,191
Stationary,Fixed dense,20261043,0.8042187500000001,0.39999999999999997,0.0,2072,0.0,196
Stationary,Fixed dense,20261044,0.77890625,0.39999999999999997,0.0,2015,0.0,243
Stationary,Fixed dense,20261045,0.8005859375,0.39999999999999997,0.0,2090,0.0,201
Stationary,Fixed dense,20261046,0.801796875,0.39999999999999997,0.0,2044,0.0,202
Stationary,Fixed dense,20261047,0.805078125,0.39999999999999997,0.0,2035,0.0,197
Stationary,Fixed dense,20261048,0.805078125,0.39999999999999997,0.0,1990,0.0,200
Stationary,Fixed dense,20261049,0.8042187500000001,0.39999999999999997,0.0,2072,0.0,196
Stationary,Fixed dense,20261050,0.791484375,0.39999999999999997,0.0,2038,0.0,220
Stationary,Fixed dense,20261051,0.8000390625,0.39999999999999997,0.0,2029,0.0,206
Stationary,Fixed dense,20261052,0.7959765624999999,0.39999999999999997,0.0,2073,0.0,210
Stationary,Fixed dense,20261053,0.805703125,0.39999999999999997,0.0,2034,0.0,196
Stationary,Fixed dense,20261054,0.7726171875000001,0.39999999999999997,0.0,2026,0.0,253
Stationary,Fixed dense,20261055,0.8112109375,0.39999999999999997,0.0,2013,0.0,188
Stationary,Fixed dense,20261056,0.7938671875000001,0.39999999999999997,0.0,2067,0.0,214
Stationary,Fixed dense,20261057,0.8028515625000001,0.39999999999999997,0.0,2047,0.0,200
Stationary,Fixed dense,20261058,0.7955859375000001,0.39999999999999997,0.0,2083,0.0,210
Stationary,Fixed dense,20261059,0.7875,0.39999999999999997,0.0,2035,0.0,227
Stationary,Fixed dense,20261060,0.8021484375,0.39999999999999997,0.0,2125,0.0,196
Stationary,Fixed dense,20261061,0.8098437500000001,0.39999999999999997,0.0,2018,0.0,190
Stationary,Fixed dense,20261062,0.7903125,0.39999999999999997,0.0,2068,0.0,220
Stationary,Fixed dense,20261063,0.8017578125,0.39999999999999997,0.0,2030,0.0,203
Stationary,Fixed dense,20261064,0.7974609375,0.39999999999999997,0.0,2020,0.0,211
Stationary,Fixed dense,20261065,0.79,0.39999999999999997,0.0,1986,0.0,226
Stationary,Fixed dense,20261066,0.8013671875,0.39999999999999997,0.0,1995,0.0,206
Stationary,Fixed dense,20261067,0.7930859375,0.39999999999999997,0.0,2087,0.0,214
Stationary,Fixed dense,20261068,0.7986328125000001,0.39999999999999997,0.0,1990,0.0,211
Stationary,Fixed dense,20261069,0.7992578124999999,0.39999999999999997,0.0,1989,0.0,210
Stationary,Fixed dense,20261070,0.801796875,0.39999999999999997,0.0,2044,0.0,202
Stationary,Fixed dense,20261071,0.7835546875,0.39999999999999997,0.0,2046,0.0,233
Stationary,Fixed dense,20261072,0.804453125,0.39999999999999997,0.0,2036,0.0,198
Stationary,Fixed dense,20261073,0.8101171875000001,0.39999999999999997,0.0,2026,0.0,189
Stationary,Fixed dense,20261074,0.8013281249999998,0.39999999999999997,0.0,2041,0.0,203
Stationary,Fixed dense,20261075,0.8122265625,0.39999999999999997,0.0,2077,0.0,182
Stationary,Fixed dense,20261076,0.8024218750000001,0.39999999999999997,0.0,2043,0.0,201
Stationary,Fixed dense,20261077,0.8081640625000001,0.39999999999999997,0.0,2031,0.0,192
Stationary,Fixed dense,20261078,0.8119531250000002,0.39999999999999997,0.0,2039,0.0,185
Stationary,Fixed dense,20261079,0.78640625,0.39999999999999997,0.0,1958,0.0,234
Stationary,Fixed dense,20261080,0.7973828125,0.39999999999999997,0.0,2052,0.0,209
Stationary,Fixed dense,20261081,0.7932812499999999,0.39999999999999997,0.0,2067,0.0,215
Stationary,Fixed dense,20261082,0.79421875,0.39999999999999997,0.0,2043,0.0,215
Stationary,Fixed dense,20261083,0.8026171874999999,0.39999999999999997,0.0,2008,0.0,203
Stationary,Fixed dense,20261084,0.7974218750000001,0.39999999999999997,0.0,2006,0.0,212
Stationary,Fixed dense,20261085,0.79625,0.39999999999999997,0.0,2051,0.0,211
Stationary,Fixed dense,20261086,0.7979687500000001,0.39999999999999997,0.0,2037,0.0,209
Stationary,Fixed dense,20261087,0.8031640624999999,0.39999999999999997,0.0,2024,0.0,201
Stationary,Fixed dense,20261088,0.779296875,0.39999999999999997,0.0,2020,0.0,242
Stationary,Fixed dense,20261089,0.7815624999999999,0.39999999999999997,0.0,1992,0.0,240
Stationary,Fixed dense,20261090,0.7853515625,0.39999999999999997,0.0,2075,0.0,228
Stationary,Fixed dense,20261091,0.789921875,0.39999999999999997,0.0,2078,0.0,220
Stationary,Fixed dense,20261092,0.7998046874999999,0.39999999999999997,0.0,2110,0.0,201
Stationary,Fixed dense,20261093,0.7823828125000001,0.39999999999999997,0.0,2076,0.0,233
Stationary,Fixed dense,20261094,0.7962109374999999,0.39999999999999997,0.0,2007,0.0,214
Stationary,Fixed dense,20261095,0.7961328125,0.39999999999999997,0.0,2039,0.0,212
Stationary,Fixed dense,20261096,0.792734375,0.39999999999999997,0.0,2096,0.0,214
Stationary,Fixed dense,20261097,0.7966796875,0.39999999999999997,0.0,2025,0.0,212
Stationary,Fixed dense,20261098,0.7908593749999999,0.39999999999999997,0.0,2054,0.0,220
Stationary,Fixed dense,20261099,0.7842578124999999,0.39999999999999997,0.0,2073,0.0,230
Stationary,Fixed dense,20261100,0.79203125,0.39999999999999997,0.0,2039,0.0,219
Stationary,Fixed dense,20261101,0.8196875,0.39999999999999997,0.0,1916,0.0,180
Stationary,Fixed dense,20261102,0.8047265625000002,0.39999999999999997,0.0,2074,0.0,195
Stationary,Fixed dense,20261103,0.7951953125,0.39999999999999997,0.0,2063,0.0,212
Stationary,Fixed dense,20261104,0.79875,0.39999999999999997,0.0,2062,0.0,206
Stationary,Fixed dense,20261105,0.7990625,0.39999999999999997,0.0,2099,0.0,203
Stationary,Fixed dense,20261106,0.8000390625,0.39999999999999997,0.0,2029,0.0,206
Stationary,Fixed dense,20261107,0.8021875000000002,0.39999999999999997,0.0,2019,0.0,203
Stationary,Fixed dense,20261108,0.7891015625000001,0.39999999999999997,0.0,2069,0.0,222
Stationary,Fixed dense,20261109,0.7908203125,0.39999999999999997,0.0,2040,0.0,221
Stationary,Fixed dense,20261110,0.7975390625000001,0.39999999999999997,0.0,2063,0.0,208
Stationary,Fixed dense,20261111,0.80703125,0.39999999999999997,0.0,2015,0.0,195
Stationary,Fixed dense,20261112,0.8104296874999999,0.39999999999999997,0.0,2018,0.0,189
Stationary,Fixed dense,20261113,0.789765625,0.39999999999999997,0.0,2007,0.0,225
Stationary,Fixed dense,20261114,0.7941015625000001,0.39999999999999997,0.0,2061,0.0,214
Stationary,Fixed dense,20261115,0.8100000000000002,0.39999999999999997,0.0,1999,0.0,191
Stationary,Fixed dense,20261116,0.8055468749999999,0.39999999999999997,0.0,2068,0.0,194
Stationary,Fixed dense,20261117,0.8024609375,0.39999999999999997,0.0,2117,0.0,196
Stationary,Fixed dense,20261118,0.8027734375,0.39999999999999997,0.0,2034,0.0,201
Stationary,Fixed dense,20261119,0.8037890625000002,0.39999999999999997,0.0,2038,0.0,199
Stationary,Fixed dense,20261120,0.8065234374999999,0.39999999999999997,0.0,2073,0.0,192
Stationary,Fixed dense,20261121,0.798125,0.39999999999999997,0.0,2048,0.0,208
Stationary,Fixed dense,20261122,0.7992968750000001,0.39999999999999997,0.0,2093,0.0,203
Stationary,Fixed dense,20261123,0.8006249999999999,0.39999999999999997,0.0,2089,0.0,201
Stationary,Fixed dense,20261124,0.7987109374999999,0.39999999999999997,0.0,2033,0.0,208
Stationary,Fixed dense,20261125,0.7963671875,0.39999999999999997,0.0,1973,0.0,216
Stationary,Fixed dense,20261126,0.8051953125000001,0.39999999999999997,0.0,2092,0.0,193
Stationary,Fixed dense,20261127,0.7912109375,0.39999999999999997,0.0,2075,0.0,218
Stationary,Fixed dense,20261128,0.8058984374999998,0.39999999999999997,0.0,2104,0.0,191
Stationary,Fixed dense,20261129,0.805,0.39999999999999997,0.0,2052,0.0,196
Stationary,Fixed dense,20261130,0.7943359375,0.39999999999999997,0.0,2055,0.0,214
Stationary,Fixed dense,20261131,0.8010546875,0.39999999999999997,0.0,2078,0.0,201
Stationary,Fixed dense,20261132,0.794921875,0.39999999999999997,0.0,2055,0.0,213
Stationary,Fixed dense,20261133,0.7956249999999999,0.39999999999999997,0.0,2037,0.0,213
Stationary,Fixed dense,20261134,0.7921484375,0.39999999999999997,0.0,2066,0.0,217
Stationary,Fixed dense,20261135,0.8033203125,0.39999999999999997,0.0,2080,0.0,197
Stationary,Fixed dense,20261136,0.8141796875,0.39999999999999997,0.0,1997,0.0,184
Stationary,Fixed dense,20261137,0.7841015625,0.39999999999999997,0.0,2107,0.0,228
Stationary,Fixed dense,20261138,0.8012499999999999,0.39999999999999997,0.0,2058,0.0,202
Stationary,Fixed dense,20261139,0.7889843750000001,0.39999999999999997,0.0,2042,0.0,224
Stationary,Fixed dense,20261140,0.8095703125,0.39999999999999997,0.0,2010,0.0,191
Stationary,Fixed dense,20261141,0.79640625,0.39999999999999997,0.0,2032,0.0,212
Stationary,Fixed dense,20261142,0.8185156250000001,0.39999999999999997,0.0,2036,0.0,174
Stationary,Fixed dense,20261143,0.783359375,0.39999999999999997,0.0,2051,0.0,233
Stationary,Fixed dense,20261144,0.784140625,0.39999999999999997,0.0,2046,0.0,232
Stationary,Fixed dense,20261145,0.815625,0.39999999999999997,0.0,2095,0.0,175
Stationary,Fixed dense,20261146,0.7926171875000001,0.39999999999999997,0.0,2099,0.0,214
Stationary,Fixed dense,20261147,0.8021171875,0.39999999999999997,0.00625,1992,0.0,203
Stationary,Fixed dense,20261148,0.8047656249999999,0.39999999999999997,0.0,2058,0.0,196
Stationary,Fixed dense,20261149,0.7930078125,0.39999999999999997,0.0,2059,0.0,216
Stationary,Fixed dense,20261150,0.8022265624999999,0.39999999999999997,0.0,2033,0.0,202
Stationary,Fixed dense,20261151,0.8023828125,0.39999999999999997,0.0,2044,0.0,201
Stationary,Fixed dense,20261152,0.8007421875,0.39999999999999997,0.0,2101,0.0,200
Stationary,Fixed dense,20261153,0.8026953125,0.39999999999999997,0.0,2066,0.0,199
Stationary,Fixed dense,20261154,0.7953515624999999,0.39999999999999997,0.0,2074,0.0,211
Stationary,Fixed dense,20261155,0.7980859375,0.39999999999999997,0.0,2019,0.0,210
Stationary,Fixed dense,20261156,0.7882031250000001,0.39999999999999997,0.0,2062,0.0,224
Stationary,Fixed dense,20261157,0.7933203125,0.39999999999999997,0.0,2066,0.0,215
Stationary,Fixed dense,20261158,0.8063281250000001,0.39999999999999997,0.0,2063,0.0,193
Stationary,Fixed dense,20261159,0.7908984374999999,0.39999999999999997,0.0,2038,0.0,221
Stationary,Fixed dense,20261160,0.7903515625,0.39999999999999997,0.0,2067,0.0,220
Stationary,Fixed dense,20261161,0.7960546875,0.39999999999999997,0.0,2071,0.0,210
Stationary,Fixed dense,20261162,0.7946093750000001,0.39999999999999997,0.0,2063,0.0,213
Stationary,Fixed dense,20261163,0.7978515625,0.39999999999999997,0.0,2040,0.0,209
Stationary,Fixed dense,20261164,0.8248046875,0.39999999999999997,0.0,2010,0.0,165
Stationary,Fixed dense,20261165,0.8046875,0.39999999999999997,0.0,2060,0.0,196
Stationary,Fixed dense,20261166,0.7975000000000001,0.39999999999999997,0.0,2064,0.0,208
Stationary,Fixed dense,20261167,0.7985156250000001,0.39999999999999997,0.0,2008,0.0,210
Stationary,Fixed dense,20261168,0.7978125,0.39999999999999997,0.0,2041,0.0,209
Stationary,Fixed dense,20261169,0.7921093750000001,0.39999999999999997,0.0,2067,0.0,217
Stationary,Fixed dense,20261170,0.790390625,0.39999999999999997,0.0,2021,0.0,223
Stationary,Fixed dense,20261171,0.803984375,0.39999999999999997,0.0,2048,0.0,198
Stationary,Fixed dense,20261172,0.8046953125,0.39999999999999997,0.00625,2001,0.0,198
Stationary,Fixed dense,20261173,0.797734375,0.39999999999999997,0.0,2013,0.0,211
Stationary,Fixed dense,20261174,0.8091406249999998,0.39999999999999997,0.0,2066,0.0,188
Stationary,Fixed dense,20261175,0.798671875,0.39999999999999997,0.0,2049,0.0,207
Stationary,Fixed dense,20261176,0.8080546875,0.39999999999999997,0.00625,2035,0.0,190
Stationary,Fixed dense,20261177,0.8036328125000001,0.39999999999999997,0.0,2072,0.0,197
Stationary,Fixed dense,20261178,0.7928515625,0.39999999999999997,0.0,2048,0.0,217
Stationary,Fixed dense,20261179,0.7799609375000001,0.39999999999999997,0.0,2078,0.0,237
Stationary,Fixed dense,20261180,0.799921875,0.39999999999999997,0.0,2017,0.0,207
Stationary,Fixed dense,20261181,0.8099999999999999,0.39999999999999997,0.0,2074,0.0,186
Stationary,Fixed dense,20261182,0.7996484374999999,0.39999999999999997,0.0,2069,0.0,204
Stationary,Fixed dense,20261183,0.8014453125,0.39999999999999997,0.0,2053,0.0,202
Stationary,Fixed dense,20261184,0.7952734374999999,0.39999999999999997,0.0,2166,0.0,205
Stationary,Fixed dense,20261185,0.78734375,0.39999999999999997,0.0,2129,0.0,221
Stationary,Fixed dense,20261186,0.7954687500000001,0.39999999999999997,0.0,2056,0.0,212
Stationary,Fixed dense,20261187,0.8201953124999999,0.39999999999999997,0.0,1978,0.0,175
Stationary,Fixed dense,20261188,0.8069921874999999,0.39999999999999997,0.0,2016,0.0,195
Stationary,Fixed dense,20261189,0.79840625,0.39999999999999997,0.00625,2042,0.0,206
Stationary,Fixed dense,20261190,0.8001171874999999,0.39999999999999997,0.0,2027,0.0,206
Stationary,Fixed dense,20261191,0.7815234375,0.39999999999999997,0.0,2008,0.0,239
Stationary,Fixed dense,20261192,0.7859765625,0.39999999999999997,0.0,2029,0.0,230
Stationary,Fixed dense,20261193,0.7985546875,0.39999999999999997,0.0,2112,0.0,203
Stationary,Fixed dense,20261194,0.8038671875000001,0.39999999999999997,0.0,2081,0.0,196
Stationary,Fixed dense,20261195,0.7912890625,0.39999999999999997,0.0,2013,0.0,222
Stationary,Fixed dense,20261196,0.8023828125000001,0.39999999999999997,0.0,2029,0.0,202
Stationary,Fixed dense,20261197,0.8037500000000002,0.39999999999999997,0.0,2084,0.0,196
Stationary,Fixed dense,20261198,0.793671875,0.39999999999999997,0.0,2057,0.0,215
Stationary,Fixed dense,20261199,0.788828125,0.39999999999999997,0.0,2061,0.0,223
Stationary,Fixed dense,20261200,0.8124609375,0.39999999999999997,0.0,2011,0.0,186
Stationary,Fixed dense,20261201,0.7893359375,0.39999999999999997,0.0,2078,0.0,221
Stationary,Fixed dense,20261202,0.7883984374999999,0.39999999999999997,0.0,2042,0.0,225
Stationary,Fixed dense,20261203,0.8009375000000001,0.39999999999999997,0.0,2006,0.0,206
Stationary,Fixed dense,20261204,0.8046875,0.39999999999999997,0.0,2000,0.0,200
Stationary,Fixed dense,20261205,0.7925000000000001,0.39999999999999997,0.0,2012,0.0,220
Stationary,Fixed dense,20261206,0.80390625,0.39999999999999997,0.0,2065,0.0,197
Stationary,Fixed dense,20261207,0.8102734375,0.39999999999999997,0.0,2037,0.0,188
Stationary,Fixed dense,20261208,0.8067187499999999,0.39999999999999997,0.0,1948,0.0,200
Stationary,Fixed dense,20261209,0.7994140624999999,0.39999999999999997,0.0,1985,0.0,210
Stationary,Fixed dense,20261210,0.7974218750000001,0.39999999999999997,0.0,2036,0.0,210
Stationary,Fixed dense,20261211,0.8069140625,0.39999999999999997,0.0,2018,0.0,195
Stationary,Fixed dense,20261212,0.793984375,0.39999999999999997,0.0,2004,0.0,218
Stationary,Fixed dense,20261213,0.795546875,0.39999999999999997,0.0,2069,0.0,211
Stationary,Fixed dense,20261214,0.8090624999999999,0.39999999999999997,0.0,2053,0.0,189
Stationary,Fixed dense,20261215,0.8080078125,0.39999999999999997,0.0,2035,0.0,192
Stationary,Fixed dense,20261216,0.8021875000000002,0.39999999999999997,0.0,2034,0.0,202
Stationary,Fixed dense,20261217,0.7978124999999999,0.39999999999999997,0.0,2071,0.0,207
Stationary,Fixed dense,20261218,0.8068359375,0.39999999999999997,0.0,2005,0.0,196
Stationary,Fixed dense,20261219,0.8177343749999999,0.39999999999999997,0.0,2131,0.0,169
Stationary,Fixed dense,20261220,0.7914453124999999,0.39999999999999997,0.0,1979,0.0,224
Stationary,Fixed dense,20261221,0.8086328125,0.39999999999999997,0.0,2079,0.0,188
Stationary,Fixed dense,20261222,0.7931640625,0.39999999999999997,0.0,2055,0.0,216
Stationary,Fixed dense,20261223,0.8064062500000002,0.39999999999999997,0.0,2061,0.0,193
Stationary,Fixed dense,20261224,0.7869140625,0.39999999999999997,0.0,2065,0.0,226
Stationary,Fixed dense,20261225,0.8022656250000001,0.39999999999999997,0.0,2047,0.0,201
Stationary,Fixed dense,20261226,0.8014062500000001,0.39999999999999997,0.0,2099,0.0,199
Stationary,Fixed dense,20261227,0.8007421875,0.39999999999999997,0.0,1981,0.0,208
Stationary,Fixed dense,20261228,0.8022265624999999,0.39999999999999997,0.0,1958,0.0,207
Stationary,Fixed dense,20261229,0.7998125,0.39999999999999997,0.00625,2021,0.0,205
Stationary,Fixed dense,20261230,0.8055468750000001,0.39999999999999997,0.0,2053,0.0,195
Stationary,Fixed dense,20261231,0.80015625,0.39999999999999997,0.0,2056,0.0,204
Stationary,Fixed dense,20261232,0.7865234375,0.39999999999999997,0.0,2120,0.0,223
Stationary,Fixed dense,20261233,0.796796875,0.39999999999999997,0.0,2082,0.0,208
Stationary,Fixed dense,20261234,0.8005859375,0.39999999999999997,0.0,2030,0.0,205
Stationary,Fixed dense,20261235,0.8012109374999999,0.39999999999999997,0.0,2059,0.0,202
Stationary,Fixed dense,20261236,0.8025390625,0.39999999999999997,0.0,1980,0.0,205
Stationary,Fixed dense,20261237,0.8123437499999999,0.39999999999999997,0.0,2044,0.0,184
Stationary,Fixed dense,20261238,0.794296875,0.39999999999999997,0.0,2071,0.0,213
Stationary,Fixed dense,20261239,0.7954296875,0.39999999999999997,0.0,1982,0.0,217
Stationary,Fixed dense,20261240,0.796171875,0.39999999999999997,0.0,2038,0.0,212
Stationary,Fixed dense,20261241,0.8105859375,0.39999999999999997,0.0,2029,0.0,188
Stationary,Fixed dense,20261242,0.7977343749999999,0.39999999999999997,0.0,2028,0.0,210
Stationary,Fixed dense,20261243,0.8001171875,0.39999999999999997,0.0,2072,0.0,203
Stationary,Fixed dense,20261244,0.8058984375000001,0.39999999999999997,0.0,2059,0.0,194
Stationary,Fixed dense,20261245,0.8042578125000001,0.39999999999999997,0.0,2041,0.0,198
Stationary,Fixed dense,20261246,0.7962890625,0.39999999999999997,0.0,2035,0.0,212
Stationary,Fixed dense,20261247,0.80765625,0.39999999999999997,0.0,2044,0.0,192
Stationary,Fixed dense,20261248,0.79921875,0.39999999999999997,0.0,2065,0.0,205
Stationary,Fixed dense,20261249,0.7995703125,0.39999999999999997,0.0,2026,0.0,207
Stationary,Fixed dense,20261250,0.8011328125,0.39999999999999997,0.0,2031,0.0,204
Stationary,Fixed dense,20261251,0.8115234375,0.39999999999999997,0.0,2065,0.0,184
Stationary,Fixed dense,20261252,0.7892578125,0.39999999999999997,0.0,2095,0.0,220
Stationary,Fixed dense,20261253,0.7853125000000001,0.39999999999999997,0.0,2046,0.0,230
Stationary,Fixed dense,20261254,0.8009374999999999,0.39999999999999997,0.0,2006,0.0,206
Stationary,Fixed dense,20261255,0.7991406249999999,0.39999999999999997,0.0,2052,0.0,206
Stationary,Fixed dense,20261256,0.8128515625,0.39999999999999997,0.0,2016,0.0,185
Stationary,Fixed dense,20261257,0.8083203125,0.39999999999999997,0.0,2072,0.0,189
Stationary,Fixed dense,20261258,0.8063671875,0.39999999999999997,0.0,2032,0.0,195
Stationary,Fixed dense,20261259,0.8103906250000001,0.39999999999999997,0.0,1944,0.0,194
Stationary,Fixed dense,20261260,0.8097265625000001,0.39999999999999997,0.0,2036,0.0,189
Stationary,Fixed dense,20261261,0.81078125,0.39999999999999997,0.0,1994,0.0,190
Stationary,Fixed dense,20261262,0.7969140625,0.39999999999999997,0.0,2064,0.0,209
Stationary,Fixed dense,20261263,0.7962109374999999,0.39999999999999997,0.0,2082,0.0,209
Stationary,Fixed dense,20261264,0.8016015624999999,0.39999999999999997,0.0,2109,0.0,198
Stationary,Fixed dense,20261265,0.798203125,0.39999999999999997,0.0,2016,0.0,210
Stationary,Fixed dense,20261266,0.8048437499999999,0.39999999999999997,0.0,2056,0.0,196
Stationary,Fixed dense,20261267,0.794453125,0.39999999999999997,0.0,2112,0.0,210
Stationary,Fixed dense,20261268,0.81640625,0.39999999999999997,0.0,2030,0.0,178
Stationary,Fixed dense,20261269,0.8049218750000001,0.39999999999999997,0.0,2054,0.0,196
Stationary,Fixed dense,20261270,0.7992578124999999,0.39999999999999997,0.0,1989,0.0,210
Stationary,Fixed dense,20261271,0.8030078125,0.39999999999999997,0.0,1998,0.0,203
Stationary,Fixed dense,20261272,0.8114453125000001,0.39999999999999997,0.0,2127,0.0,180
Stationary,Fixed dense,20261273,0.8087499999999999,0.39999999999999997,0.0,2046,0.0,190
Stationary,Fixed dense,20261274,0.7987890624999998,0.39999999999999997,0.0,2046,0.0,207
Stationary,Fixed dense,20261275,0.79328125,0.39999999999999997,0.0,2097,0.0,213
Stationary,Fixed dense,20261276,0.8041406249999999,0.39999999999999997,0.0,2089,0.0,195
Stationary,Fixed dense,20261277,0.79140625,0.39999999999999997,0.0,1995,0.0,223
Stationary,Fixed dense,20261278,0.8043203125000001,0.39999999999999997,0.01875,2058,0.0,191
Stationary,Fixed dense,20261279,0.7922265625,0.39999999999999997,0.0,2004,0.0,221
Stationary,Fixed dense,20261280,0.8046093750000001,0.39999999999999997,0.0,2077,0.0,195
Stationary,Fixed dense,20261281,0.8024609375,0.39999999999999997,0.0,1982,0.0,205
Stationary,Fixed dense,20261282,0.8075390625000001,0.39999999999999997,0.0,2032,0.0,193
Stationary,Fixed dense,20261283,0.807890625,0.39999999999999997,0.0,2098,0.0,188
Stationary,Fixed dense,20261284,0.8030859375,0.39999999999999997,0.0,1996,0.0,203
Stationary,Fixed dense,20261285,0.8006249999999999,0.39999999999999997,0.0,1999,0.0,207
Stationary,Fixed dense,20261286,0.816015625,0.39999999999999997,0.0,2010,0.0,180
Stationary,Fixed dense,20261287,0.79359375,0.39999999999999997,0.0,2059,0.0,215
Stationary,Fixed dense,20261288,0.7898046875,0.39999999999999997,0.0,2111,0.0,218
Stationary,Fixed dense,20261289,0.789140625,0.39999999999999997,0.0,2128,0.0,218
Stationary,Fixed dense,20261290,0.794140625,0.39999999999999997,0.0,2075,0.0,213
Stationary,Fixed dense,20261291,0.80296875,0.39999999999999997,0.0,2089,0.0,197
Stationary,Fixed dense,20261292,0.7897265625000001,0.39999999999999997,0.0,2068,0.0,221
Stationary,Fixed dense,20261293,0.8033203125,0.39999999999999997,0.0,2125,0.0,194
Stationary,Fixed dense,20261294,0.8069140625,0.39999999999999997,0.0,2033,0.0,194
Stationary,Fixed dense,20261295,0.8060937500000002,0.39999999999999997,0.0,2114,0.0,190
Stationary,Fixed dense,20261296,0.7909374999999998,0.39999999999999997,0.0,2082,0.0,218
Stationary,Fixed dense,20261297,0.800390625,0.39999999999999997,0.0,2005,0.0,207
Stationary,Fixed dense,20261298,0.807578125,0.39999999999999997,0.0,2001,0.0,195
Stationary,Fixed dense,20261299,0.7826562499999999,0.39999999999999997,0.0,2024,0.0,236
Stationary,Fixed dense,20261300,0.79734375,0.39999999999999997,0.0,2053,0.0,209
Stationary,Fixed dense,20261301,0.8010546875,0.39999999999999997,0.0,2048,0.0,203
Stationary,Fixed dense,20261302,0.8084374999999999,0.39999999999999997,0.0,2069,0.0,189
Stationary,Fixed dense,20261303,0.8071875000000001,0.39999999999999997,0.0,2026,0.0,194
Stationary,Fixed dense,20261304,0.7995703125,0.39999999999999997,0.0,2086,0.0,203
Stationary,Fixed dense,20261305,0.7907031250000001,0.39999999999999997,0.0,2073,0.0,219
Stationary,Fixed dense,20261306,0.8024218750000001,0.39999999999999997,0.0,2013,0.0,203
Stationary,Fixed dense,20261307,0.7938281249999999,0.39999999999999997,0.0,2008,0.0,218
Stationary,Fixed dense,20261308,0.7932812499999999,0.39999999999999997,0.0,2022,0.0,218
Stationary,Fixed dense,20261309,0.8001171875,0.39999999999999997,0.0,2042,0.0,205
Stationary,Fixed dense,20261310,0.8067968749999999,0.39999999999999997,0.0,2081,0.0,191
Stationary,Fixed dense,20261311,0.8029687500000001,0.39999999999999997,0.0,2059,0.0,199
Stationary,Fixed dense,20261312,0.7917578125,0.39999999999999997,0.0,2091,0.0,216
Stationary,Fixed dense,20261313,0.8043359375000001,0.39999999999999997,0.0,2054,0.0,197
Stationary,Fixed dense,20261314,0.7803515625,0.39999999999999997,0.0,2008,0.0,241
Stationary,Fixed dense,20261315,0.7948828124999999,0.39999999999999997,0.0,1981,0.0,218
Stationary,Fixed dense,20261316,0.8144921875,0.39999999999999997,0.0,2019,0.0,182
Stationary,Fixed dense,20261317,0.7924218749999999,0.39999999999999997,0.0,2014,0.0,220
Stationary,Fixed dense,20261318,0.8038671874999999,0.39999999999999997,0.0,2021,0.0,200
Stationary,Fixed dense,20261319,0.8107421875,0.39999999999999997,0.0,2070,0.0,185
Stationary,Fixed dense,20261320,0.805625,0.39999999999999997,0.0,2021,0.0,197
Stationary,Fixed dense,20261321,0.803515625,0.39999999999999997,0.0,2030,0.0,200
Stationary,Fixed dense,20261322,0.793671875,0.39999999999999997,0.0,2087,0.0,213
Stationary,Fixed dense,20261323,0.7919140625000001,0.39999999999999997,0.0,1997,0.0,222
Stationary,Fixed dense,20261324,0.7872656250000001,0.39999999999999997,0.0,2071,0.0,225
Stationary,Fixed dense,20261325,0.8084374999999999,0.39999999999999997,0.0,2054,0.0,190
Stationary,Fixed dense,20261326,0.8052343750000001,0.39999999999999997,0.0,2076,0.0,194
Stationary,Fixed dense,20261327,0.7996875,0.39999999999999997,0.0,2008,0.0,208
Stationary,Periodic dense,20260928,0.84525390625,0.1234375,0.0,654,27.0,216
Stationary,Periodic dense,20260929,0.8635351562500002,0.1234375,0.0,636,27.0,186
Stationary,Periodic dense,20260930,0.8515820312500001,0.1234375,0.0,627,27.0,207
Stationary,Periodic dense,20260931,0.8500585937499998,0.1234375,0.0,666,27.0,207
Stationary,Periodic dense,20260932,0.8531445312500001,0.1234375,0.0,662,27.0,202
Stationary,Periodic dense,20260933,0.8424023437500001,0.1234375,0.0,637,27.0,222
Stationary,Periodic dense,20260934,0.86103515625,0.1234375,0.0,610,27.0,192
Stationary,Periodic dense,20260935,0.8658789062500002,0.1234375,0.0,621,27.0,183
Stationary,Periodic dense,20260936,0.85458984375,0.1234375,0.0,640,27.0,201
Stationary,Periodic dense,20260937,0.85037109375,0.1234375,0.0,583,27.0,212
Stationary,Periodic dense,20260938,0.8431835937500001,0.1234375,0.0,647,27.0,220
Stationary,Periodic dense,20260939,0.8521289062500002,0.1234375,0.0,643,27.0,205
Stationary,Periodic dense,20260940,0.85556640625,0.1234375,0.0,645,27.0,199
Stationary,Periodic dense,20260941,0.86349609375,0.1234375,0.0,607,27.0,188
Stationary,Periodic dense,20260942,0.8616601562500001,0.1234375,0.0,639,27.0,189
Stationary,Periodic dense,20260943,0.83712890625,0.1234375,0.0,622,27.0,232
Stationary,Periodic dense,20260944,0.8417382812499999,0.1234375,0.0,639,27.0,223
Stationary,Periodic dense,20260945,0.84888671875,0.1234375,0.0,621,27.0,212
Stationary,Periodic dense,20260946,0.85724609375,0.1234375,0.0,587,27.0,200
Stationary,Periodic dense,20260947,0.8620117187500002,0.1234375,0.0,630,27.0,189
Stationary,Periodic dense,20260948,0.8556054687500001,0.1234375,0.0,614,27.0,201
Stationary,Periodic dense,20260949,0.84873046875,0.1234375,0.0,625,27.0,212
Stationary,Periodic dense,20260950,0.8566992187499999,0.1234375,0.0,616,27.0,199
Stationary,Periodic dense,20260951,0.8564257812500001,0.1234375,0.0,623,27.0,199
Stationary,Periodic dense,20260952,0.8444726562500001,0.1234375,0.0,644,27.0,218
Stationary,Periodic dense,20260953,0.8505273437500002,0.1234375,0.0,609,27.0,210
Stationary,Periodic dense,20260954,0.8463476562500001,0.1234375,0.0,656,27.0,214
Stationary,Periodic dense,20260955,0.8524804687499999,0.1234375,0.0,649,27.0,204
Stationary,Periodic dense,20260956,0.8518945312500001,0.1234375,0.0,634,27.0,206
Stationary,Periodic dense,20260957,0.86212890625,0.1234375,0.0,642,27.0,188
Stationary,Periodic dense,20260958,0.8574023437500001,0.1234375,0.0,643,27.0,196
Stationary,Periodic dense,20260959,0.84560546875,0.1234375,0.0,630,27.0,217
Stationary,Periodic dense,20260960,0.8640429687500001,0.1234375,0.0,623,27.0,186
Stationary,Periodic dense,20260961,0.85689453125,0.1234375,0.0,611,27.0,199
Stationary,Periodic dense,20260962,0.8486523437500001,0.1234375,0.0,672,27.0,209
Stationary,Periodic dense,20260963,0.86548828125,0.1234375,0.0,616,27.0,184
Stationary,Periodic dense,20260964,0.85435546875,0.1234375,0.0,616,27.0,203
Stationary,Periodic dense,20260965,0.84646484375,0.1234375,0.0,638,27.0,215
Stationary,Periodic dense,20260966,0.86705078125,0.1234375,0.0,651,27.0,179
Stationary,Periodic dense,20260967,0.86119140625,0.1234375,0.0,621,27.0,191
Stationary,Periodic dense,20260968,0.8429492187500001,0.1234375,0.0,638,27.0,221
Stationary,Periodic dense,20260969,0.8492382812500001,0.1234375,0.0,627,27.0,211
Stationary,Periodic dense,20260970,0.8708398437500001,0.1234375,0.0,614,27.0,175
Stationary,Periodic dense,20260971,0.85076171875,0.1234375,0.0,603,27.0,210
Stationary,Periodic dense,20260972,0.85751953125,0.1234375,0.0,670,27.0,194
Stationary,Periodic dense,20260973,0.86201171875,0.1234375,0.0,630,27.0,189
Stationary,Periodic dense,20260974,0.8525195312499999,0.1234375,0.0,663,27.0,203
Stationary,Periodic dense,20260975,0.8460742187499999,0.1234375,0.0,633,27.0,216
Stationary,Periodic dense,20260976,0.8398085937499999,0.1234375,0.01875,662,27.0,219
Stationary,Periodic dense,20260977,0.8570507812500001,0.1234375,0.0,637,27.0,197
Stationary,Periodic dense,20260978,0.8501367187500002,0.1234375,0.0,634,27.0,209
Stationary,Periodic dense,20260979,0.8609570312500001,0.1234375,0.0,642,27.0,190
Stationary,Periodic dense,20260980,0.8518164062499999,0.1234375,0.0,651,27.0,205
Stationary,Periodic dense,20260981,0.85166015625,0.1234375,0.0,655,27.0,205
Stationary,Periodic dense,20260982,0.84748046875,0.1234375,0.0,657,27.0,212
Stationary,Periodic dense,20260983,0.85380859375,0.1234375,0.0,630,27.0,203
Stationary,Periodic dense,20260984,0.8443945312500001,0.1234375,0.0,631,27.0,219
Stationary,Periodic dense,20260985,0.8300195312500002,0.1234375,0.0,624,27.0,244
Stationary,Periodic dense,20260986,0.83388671875,0.1234375,0.0,660,27.0,235
Stationary,Periodic dense,20260987,0.8527929687500002,0.1234375,0.0,641,27.0,204
Stationary,Periodic dense,20260988,0.8207617187499998,0.1234375,0.0625,663,27.0,238
Stationary,Periodic dense,20260989,0.8604882812500001,0.1234375,0.0,624,27.0,192
Stationary,Periodic dense,20260990,0.85369140625,0.1234375,0.0,663,27.0,201
Stationary,Periodic dense,20260991,0.86541015625,0.1234375,0.0,618,27.0,184
Stationary,Periodic dense,20260992,0.85361328125,0.1234375,0.0,635,27.0,203
Stationary,Periodic dense,20260993,0.8546289062500001,0.1234375,0.0,639,27.0,201
Stationary,Periodic dense,20260994,0.8451757812500003,0.1234375,0.0,641,27.0,217
Stationary,Periodic dense,20260995,0.85244140625,0.1234375,0.0,650,27.0,204
Stationary,Periodic dense,20260996,0.86638671875,0.1234375,0.0,638,27.0,181
Stationary,Periodic dense,20260997,0.8550585937499999,0.1234375,0.0,628,27.0,201
Stationary,Periodic dense,20260998,0.85337890625,0.1234375,0.0,671,27.0,201
Stationary,Periodic dense,20260999,0.8658007812500002,0.1234375,0.0,608,27.0,184
Stationary,Periodic dense,20261000,0.8507226562500001,0.1234375,0.0,634,27.0,208
Stationary,Periodic dense,20261001,0.85576171875,0.1234375,0.0,655,27.0,198
Stationary,Periodic dense,20261002,0.86025390625,0.1234375,0.0,615,27.0,193
Stationary,Periodic dense,20261003,0.84650390625,0.1234375,0.0,637,27.0,215
Stationary,Periodic dense,20261004,0.8483789062500001,0.1234375,0.0,604,27.0,214
Stationary,Periodic dense,20261005,0.8493554687500001,0.1234375,0.0,624,27.0,211
Stationary,Periodic dense,20261006,0.86603515625,0.1234375,0.0,602,27.0,184
Stationary,Periodic dense,20261007,0.8626367187499999,0.1234375,0.0,629,27.0,188
Stationary,Periodic dense,20261008,0.85568359375,0.1234375,0.0,642,27.0,199
Stationary,Periodic dense,20261009,0.8429492187500001,0.1234375,0.0,638,27.0,221
Stationary,Periodic dense,20261010,0.85612109375,0.1234375,0.00625,647,27.0,196
Stationary,Periodic dense,20261011,0.85615234375,0.1234375,0.0,645,27.0,198
Stationary,Periodic dense,20261012,0.84873046875,0.1234375,0.0,640,27.0,211
Stationary,Periodic dense,20261013,0.8536523437500001,0.1234375,0.0,604,27.0,205
Stationary,Periodic dense,20261014,0.8460351562500001,0.1234375,0.0,634,27.0,216
Stationary,Periodic dense,20261015,0.8409960937500001,0.1234375,0.0,628,27.0,225
Stationary,Periodic dense,20261016,0.8628320312500002,0.1234375,0.0,639,27.0,187
Stationary,Periodic dense,20261017,0.86009765625,0.1234375,0.0,619,27.0,193
Stationary,Periodic dense,20261018,0.85458984375,0.1234375,0.0,655,27.0,200
Stationary,Periodic dense,20261019,0.8490429687500001,0.1234375,0.0,617,27.0,212
Stationary,Periodic dense,20261020,0.8541210937500001,0.1234375,0.0,667,27.0,200
Stationary,Periodic dense,20261021,0.8384023437500001,0.1234375,0.01875,623,27.0,224
Stationary,Periodic dense,20261022,0.83958984375,0.1234375,0.0,649,27.0,226
Stationary,Periodic dense,20261023,0.8439257812500001,0.1234375,0.0,643,27.0,219
Stationary,Periodic dense,20261024,0.86255859375,0.1234375,0.0,601,27.0,190
Stationary,Periodic dense,20261025,0.8502539062500001,0.1234375,0.0,646,27.0,208
Stationary,Periodic dense,20261026,0.8622851562500001,0.1234375,0.0,653,27.0,187
Stationary,Periodic dense,20261027,0.8436914062499999,0.1234375,0.0,604,27.0,222
Stationary,Periodic dense,20261028,0.8564648437500001,0.1234375,0.0,592,27.0,201
Stationary,Periodic dense,20261029,0.84419921875,0.1234375,0.03125,612,27.0,211
Stationary,Periodic dense,20261030,0.84781640625,0.1234375,0.01875,637,27.0,207
Stationary,Periodic dense,20261031,0.86142578125,0.1234375,0.0,630,27.0,190
Stationary,Periodic dense,20261032,0.84619140625,0.1234375,0.0,600,27.0,218
Stationary,Periodic dense,20261033,0.8588085937499998,0.1234375,0.0,637,27.0,194
Stationary,Periodic dense,20261034,0.84970703125,0.1234375,0.0,645,27.0,209
Stationary,Periodic dense,20261035,0.8540429687500002,0.1234375,0.0,609,27.0,204
Stationary,Periodic dense,20261036,0.85861328125,0.1234375,0.0,672,27.0,192
Stationary,Periodic dense,20261037,0.86111328125,0.1234375,0.0,623,27.0,191
Stationary,Periodic dense,20261038,0.84384765625,0.1234375,0.0,630,27.0,220
Stationary,Periodic dense,20261039,0.84880859375,0.1234375,0.0,668,27.0,209
Stationary,Periodic dense,20261040,0.84169921875,0.1234375,0.0,625,27.0,224
Stationary,Periodic dense,20261041,0.8600195312500002,0.1234375,0.0,651,27.0,191
Stationary,Periodic dense,20261042,0.86103515625,0.1234375,0.0,625,27.0,191
Stationary,Periodic dense,20261043,0.85666015625,0.1234375,0.0,662,27.0,196
Stationary,Periodic dense,20261044,0.83083984375,0.1234375,0.0,618,27.0,243
Stationary,Periodic dense,20261045,0.8535351562500001,0.1234375,0.0,667,27.0,201
Stationary,Periodic dense,20261046,0.85302734375,0.1234375,0.0,665,27.0,202
Stationary,Periodic dense,20261047,0.85732421875,0.1234375,0.0,630,27.0,197
Stationary,Periodic dense,20261048,0.8554101562500002,0.1234375,0.0,634,27.0,200
Stationary,Periodic dense,20261049,0.8580664062499999,0.1234375,0.0,626,27.0,196
Stationary,Periodic dense,20261050,0.8441210937499999,0.1234375,0.0,623,27.0,220
Stationary,Periodic dense,20261051,0.85130859375,0.1234375,0.0,649,27.0,206
Stationary,Periodic dense,20261052,0.84833984375,0.1234375,0.0,665,27.0,210
Stationary,Periodic dense,20261053,0.8584179687500001,0.1234375,0.0,617,27.0,196
Stationary,Periodic dense,20261054,0.8244726562499999,0.1234375,0.0,631,27.0,253
Stationary,Periodic dense,20261055,0.8632617187499999,0.1234375,0.0,613,27.0,188
Stationary,Periodic dense,20261056,0.8466601562499999,0.1234375,0.0,648,27.0,214
Stationary,Periodic dense,20261057,0.8558789062500001,0.1234375,0.0,622,27.0,200
Stationary,Periodic dense,20261058,0.8499804687499999,0.1234375,0.0,623,27.0,210
Stationary,Periodic dense,20261059,0.8408789062500001,0.1234375,0.0,601,27.0,227
Stationary,Periodic dense,20261060,0.85673828125,0.1234375,0.0,660,27.0,196
Stationary,Periodic dense,20261061,0.86177734375,0.1234375,0.0,621,27.0,190
Stationary,Periodic dense,20261062,0.8434179687500001,0.1234375,0.0,641,27.0,220
Stationary,Periodic dense,20261063,0.8550976562500001,0.1234375,0.0,597,27.0,203
Stationary,Periodic dense,20261064,0.8490039062499999,0.1234375,0.0,633,27.0,211
Stationary,Periodic dense,20261065,0.84064453125,0.1234375,0.0,622,27.0,226
Stationary,Periodic dense,20261066,0.8533789062499999,0.1234375,0.0,596,27.0,206
Stationary,Periodic dense,20261067,0.8470117187500001,0.1234375,0.0,639,27.0,214
Stationary,Periodic dense,20261068,0.8499414062499999,0.1234375,0.0,609,27.0,211
Stationary,Periodic dense,20261069,0.8499414062500001,0.1234375,0.0,624,27.0,210
Stationary,Periodic dense,20261070,0.8539257812500001,0.1234375,0.0,642,27.0,202
Stationary,Periodic dense,20261071,0.83611328125,0.1234375,0.0,633,27.0,233
Stationary,Periodic dense,20261072,0.85615234375,0.1234375,0.0,645,27.0,198
Stationary,Periodic dense,20261073,0.8622460937499999,0.1234375,0.0,624,27.0,189
Stationary,Periodic dense,20261074,0.83287109375,0.1234375,0.0625,623,27.0,220
Stationary,Periodic dense,20261075,0.8652929687500001,0.1234375,0.0,651,27.0,182
Stationary,Periodic dense,20261076,0.85287890625,0.1234375,0.00625,655,27.0,201
Stationary,Periodic dense,20261077,0.8606835937500001,0.1234375,0.0,619,27.0,192
Stationary,Periodic dense,20261078,0.86396484375,0.1234375,0.0,640,27.0,185
Stationary,Periodic dense,20261079,0.8373242187500001,0.1234375,0.0,587,27.0,234
Stationary,Periodic dense,20261080,0.8506054687500001,0.1234375,0.0,622,27.0,209
Stationary,Periodic dense,20261081,0.8470507812499999,0.1234375,0.0,623,27.0,215
Stationary,Periodic dense,20261082,0.8485742187500002,0.1234375,0.0,584,27.0,215
Stationary,Periodic dense,20261083,0.8547460937499999,0.1234375,0.0,606,27.0,203
Stationary,Periodic dense,20261084,0.84970703125,0.1234375,0.0,600,27.0,212
Stationary,Periodic dense,20261085,0.8475976562499999,0.1234375,0.0,669,27.0,211
Stationary,Periodic dense,20261086,0.8504492187500002,0.1234375,0.0,626,27.0,209
Stationary,Periodic dense,20261087,0.85556640625,0.1234375,0.0,615,27.0,201
Stationary,Periodic dense,20261088,0.8320898437500001,0.1234375,0.0,601,27.0,242
Stationary,Periodic dense,20261089,0.8324414062500001,0.1234375,0.0,622,27.0,240
Stationary,Periodic dense,20261090,0.8388867187500001,0.1234375,0.0,637,27.0,228
Stationary,Periodic dense,20261091,0.8436914062499999,0.1234375,0.0,634,27.0,220
Stationary,Periodic dense,20261092,0.85494140625,0.1234375,0.0,631,27.0,201
Stationary,Periodic dense,20261093,0.83712890625,0.1234375,0.0,607,27.0,233
Stationary,Periodic dense,20261094,0.84794921875,0.1234375,0.0,615,27.0,214
Stationary,Periodic dense,20261095,0.8490429687500001,0.1234375,0.0,617,27.0,212
Stationary,Periodic dense,20261096,0.8470117187500001,0.1234375,0.0,639,27.0,214
Stationary,Periodic dense,20261097,0.84849609375,0.1234375,0.0,631,27.0,212
Stationary,Periodic dense,20261098,0.8431835937500001,0.1234375,0.0,647,27.0,220
Stationary,Periodic dense,20261099,0.83779296875,0.1234375,0.0,635,27.0,230
Stationary,Periodic dense,20261100,0.8443164062500002,0.1234375,0.0,633,27.0,219
Stationary,Periodic dense,20261101,0.8690039062500002,0.1234375,0.0,586,27.0,180
Stationary,Periodic dense,20261102,0.85787109375,0.1234375,0.0,646,27.0,195
Stationary,Periodic dense,20261103,0.8441523437499999,0.1234375,0.025,627,27.0,212
Stationary,Periodic dense,20261104,0.85103515625,0.1234375,0.0,656,27.0,206
Stationary,Periodic dense,20261105,0.85369140625,0.1234375,0.0,633,27.0,203
Stationary,Periodic dense,20261106,0.8517382812500001,0.1234375,0.0,638,27.0,206
Stationary,Periodic dense,20261107,0.8548632812499999,0.1234375,0.0,603,27.0,203
Stationary,Periodic dense,20261108,0.8413085937500002,0.1234375,0.0,665,27.0,222
Stationary,Periodic dense,20261109,0.84326171875,0.1234375,0.0,630,27.0,221
Stationary,Periodic dense,20261110,0.8503320312500001,0.1234375,0.0,644,27.0,208
Stationary,Periodic dense,20261111,0.8577539062500001,0.1234375,0.0,649,27.0,195
Stationary,Periodic dense,20261112,0.8628710937500002,0.1234375,0.0,608,27.0,189
Stationary,Periodic dense,20261113,0.8419335937500001,0.1234375,0.0,604,27.0,225
Stationary,Periodic dense,20261114,0.8467382812500001,0.1234375,0.0,646,27.0,214
Stationary,Periodic dense,20261115,0.86087890625,0.1234375,0.0,629,27.0,191
Stationary,Periodic dense,20261116,0.8600195312500001,0.1234375,0.0,606,27.0,194
Stationary,Periodic dense,20261117,0.85763671875,0.1234375,0.0,637,27.0,196
Stationary,Periodic dense,20261118,0.85517578125,0.1234375,0.0,625,27.0,201
Stationary,Periodic dense,20261119,0.85654296875,0.1234375,0.0,620,27.0,199
Stationary,Periodic dense,20261120,0.8603320312499999,0.1234375,0.0,628,27.0,192
Stationary,Periodic dense,20261121,0.85126953125,0.1234375,0.0,620,27.0,208
Stationary,Periodic dense,20261122,0.8534570312499999,0.1234375,0.0,639,27.0,203
Stationary,Periodic dense,20261123,0.8540429687500002,0.1234375,0.0,654,27.0,201
Stationary,Periodic dense,20261124,0.85107421875,0.1234375,0.0,625,27.0,208
Stationary,Periodic dense,20261125,0.84744140625,0.1234375,0.0,598,27.0,216
Stationary,Periodic dense,20261126,0.8597460937500001,0.1234375,0.0,628,27.0,193
Stationary,Periodic dense,20261127,0.8460351562499999,0.1234375,0.0,604,27.0,218
Stationary,Periodic dense,20261128,0.8600195312499999,0.1234375,0.0,651,27.0,191
Stationary,Periodic dense,20261129,0.85759765625,0.1234375,0.0,638,27.0,196
Stationary,Periodic dense,20261130,0.84736328125,0.1234375,0.0,630,27.0,214
Stationary,Periodic dense,20261131,0.85404296875,0.1234375,0.0,654,27.0,201
Stationary,Periodic dense,20261132,0.8467382812500001,0.1234375,0.0,661,27.0,213
Stationary,Periodic dense,20261133,0.8486132812499999,0.1234375,0.0,613,27.0,213
Stationary,Periodic dense,20261134,0.8452539062500002,0.1234375,0.0,639,27.0,217
Stationary,Periodic dense,20261135,0.8561132812500001,0.1234375,0.0,661,27.0,197
Stationary,Periodic dense,20261136,0.8663867187500003,0.1234375,0.0,593,27.0,184
Stationary,Periodic dense,20261137,0.83677734375,0.1234375,0.0,691,27.0,228
Stationary,Periodic dense,20261138,0.85376953125,0.1234375,0.0,646,27.0,202
Stationary,Periodic dense,20261139,0.8400195312500001,0.1234375,0.0,668,27.0,224
Stationary,Periodic dense,20261140,0.86021484375,0.1234375,0.0,646,27.0,191
Stationary,Periodic dense,20261141,0.84884765625,0.1234375,0.0,622,27.0,212
Stationary,Periodic dense,20261142,0.87087890625,0.1234375,0.0,628,27.0,174
Stationary,Periodic dense,20261143,0.82940234375,0.1234375,0.0375,632,27.0,233
Stationary,Periodic dense,20261144,0.8303476562500002,0.1234375,0.04375,609,27.0,231
Stationary,Periodic dense,20261145,0.86927734375,0.1234375,0.0,654,27.0,175
Stationary,Periodic dense,20261146,0.8468164062500001,0.1234375,0.0,644,27.0,214
Stationary,Periodic dense,20261147,0.8533476562500001,0.1234375,0.00625,613,27.0,203
Stationary,Periodic dense,20261148,0.8571679687500001,0.1234375,0.0,649,27.0,196
Stationary,Periodic dense,20261149,0.8458398437500001,0.1234375,0.0,639,27.0,216
Stationary,Periodic dense,20261150,0.8543554687499999,0.1234375,0.0,631,27.0,202
Stationary,Periodic dense,20261151,0.85439453125,0.1234375,0.0,645,27.0,201
Stationary,Periodic dense,20261152,0.85458984375,0.1234375,0.0,655,27.0,200
Stationary,Periodic dense,20261153,0.8565820312500001,0.1234375,0.0,619,27.0,199
Stationary,Periodic dense,20261154,0.84892578125,0.1234375,0.0,635,27.0,211
Stationary,Periodic dense,20261155,0.85048828125,0.1234375,0.0,610,27.0,210
Stationary,Periodic dense,20261156,0.84150390625,0.1234375,0.0,630,27.0,224
Stationary,Periodic dense,20261157,0.8476757812500001,0.1234375,0.0,607,27.0,215
Stationary,Periodic dense,20261158,0.8593554687499999,0.1234375,0.0,638,27.0,193
Stationary,Periodic dense,20261159,0.8438085937500001,0.1234375,0.0,616,27.0,221
Stationary,Periodic dense,20261160,0.84361328125,0.1234375,0.0,636,27.0,220
Stationary,Periodic dense,20261161,0.8482226562499999,0.1234375,0.0,668,27.0,210
Stationary,Periodic dense,20261162,0.84841796875,0.1234375,0.0,618,27.0,213
Stationary,Periodic dense,20261163,0.8433945312500001,0.1234375,0.0125,629,27.0,217
Stationary,Periodic dense,20261164,0.8774023437500003,0.1234375,0.0,596,27.0,165
Stationary,Periodic dense,20261165,0.84484765625,0.1234375,0.05,629,27.0,203
Stationary,Periodic dense,20261166,0.8511523437499999,0.1234375,0.0,623,27.0,208
Stationary,Periodic dense,20261167,0.8496679687500002,0.1234375,0.0,631,27.0,210
Stationary,Periodic dense,20261168,0.8508398437500002,0.1234375,0.0,616,27.0,209
Stationary,Periodic dense,20261169,0.8451757812499998,0.1234375,0.0,641,27.0,217
Stationary,Periodic dense,20261170,0.8419335937500001,0.1234375,0.0,634,27.0,223
Stationary,Periodic dense,20261171,0.8560351562500002,0.1234375,0.0,648,27.0,198
Stationary,Periodic dense,20261172,0.8556132812499999,0.1234375,0.00625,630,27.0,198
Stationary,Periodic dense,20261173,0.8488085937500001,0.1234375,0.0,638,27.0,211
Stationary,Periodic dense,20261174,0.8638476562499999,0.1234375,0.0,598,27.0,188
Stationary,Periodic dense,20261175,0.8516210937500001,0.1234375,0.0,626,27.0,207
Stationary,Periodic dense,20261176,0.86026171875,0.1234375,0.00625,631,27.0,190
Stationary,Periodic dense,20261177,0.8503867187499999,0.1234375,0.0125,660,27.0,203
Stationary,Periodic dense,20261178,0.8447070312500001,0.1234375,0.0,653,27.0,217
Stationary,Periodic dense,20261179,0.8224492187500001,0.1234375,0.06875,636,27.0,235
Stationary,Periodic dense,20261180,0.8519335937499999,0.1234375,0.0,618,27.0,207
Stationary,Periodic dense,20261181,0.8632226562500002,0.1234375,0.0,644,27.0,186
Stationary,Periodic dense,20261182,0.8531445312500001,0.1234375,0.0,632,27.0,204
Stationary,Periodic dense,20261183,0.8548242187500001,0.1234375,0.0,619,27.0,202
Stationary,Periodic dense,20261184,0.85224609375,0.1234375,0.0,640,27.0,205
Stationary,Periodic dense,20261185,0.84162109375,0.1234375,0.0,672,27.0,221
Stationary,Periodic dense,20261186,0.8458476562499999,0.1234375,0.00625,640,27.0,214
Stationary,Periodic dense,20261187,0.8704492187500001,0.1234375,0.0,624,27.0,175
Stationary,Periodic dense,20261188,0.85853515625,0.1234375,0.0,629,27.0,195
Stationary,Periodic dense,20261189,0.85155078125,0.1234375,0.00625,614,27.0,206
Stationary,Periodic dense,20261190,0.8526757812500001,0.1234375,0.0,614,27.0,206
Stationary,Periodic dense,20261191,0.8323242187500002,0.1234375,0.0,640,27.0,239
Stationary,Periodic dense,20261192,0.8382617187500001,0.1234375,0.0,623,27.0,230
Stationary,Periodic dense,20261193,0.8517382812500001,0.1234375,0.0,683,27.0,203
Stationary,Periodic dense,20261194,0.85912109375,0.1234375,0.0,599,27.0,196
Stationary,Periodic dense,20261195,0.8434960937500001,0.1234375,0.0,609,27.0,222
Stationary,Periodic dense,20261196,0.8543554687500002,0.1234375,0.0,631,27.0,202
Stationary,Periodic dense,20261197,0.85732421875,0.1234375,0.0,645,27.0,196
Stationary,Periodic dense,20261198,0.83432421875,0.1234375,0.0375,611,27.0,226
Stationary,Periodic dense,20261199,0.84169921875,0.1234375,0.0,640,27.0,223
Stationary,Periodic dense,20261200,0.86279296875,0.1234375,0.0,655,27.0,186
Stationary,Periodic dense,20261201,0.8423242187500002,0.1234375,0.0,654,27.0,221
Stationary,Periodic dense,20261202,0.8406835937499999,0.1234375,0.0,636,27.0,225
Stationary,Periodic dense,20261203,0.8524023437500002,0.1234375,0.0,621,27.0,206
Stationary,Periodic dense,20261204,0.85576171875,0.1234375,0.0,625,27.0,200
Stationary,Periodic dense,20261205,0.84404296875,0.1234375,0.0,625,27.0,220
Stationary,Periodic dense,20261206,0.8577539062499999,0.1234375,0.0,619,27.0,197
Stationary,Periodic dense,20261207,0.8634570312500001,0.1234375,0.0,608,27.0,188
Stationary,Periodic dense,20261208,0.85630859375,0.1234375,0.0,611,27.0,200
Stationary,Periodic dense,20261209,0.8495898437499999,0.1234375,0.0,633,27.0,210
Stationary,Periodic dense,20261210,0.85037109375,0.1234375,0.0,613,27.0,210
Stationary,Periodic dense,20261211,0.8584179687500001,0.1234375,0.0,632,27.0,195
Stationary,Periodic dense,20261212,0.8458398437500001,0.1234375,0.0,609,27.0,218
Stationary,Periodic dense,20261213,0.8483789062500001,0.1234375,0.0,649,27.0,211
Stationary,Periodic dense,20261214,0.8623242187500001,0.1234375,0.0,622,27.0,189
Stationary,Periodic dense,20261215,0.85962890625,0.1234375,0.0,646,27.0,192
Stationary,Periodic dense,20261216,0.8545117187500001,0.1234375,0.0,627,27.0,202
Stationary,Periodic dense,20261217,0.85138671875,0.1234375,0.0,632,27.0,207
Stationary,Periodic dense,20261218,0.85849609375,0.1234375,0.0,615,27.0,196
Stationary,Periodic dense,20261219,0.8736914062500001,0.1234375,0.0,631,27.0,169
Stationary,Periodic dense,20261220,0.8288554687499999,0.1234375,0.0375,631,27.0,234
Stationary,Periodic dense,20261221,0.8618945312500002,0.1234375,0.0,648,27.0,188
Stationary,Periodic dense,20261222,0.84501953125,0.1234375,0.0,660,27.0,216
Stationary,Periodic dense,20261223,0.8599023437500002,0.1234375,0.0,624,27.0,193
Stationary,Periodic dense,20261224,0.8392773437500001,0.1234375,0.0,657,27.0,226
Stationary,Periodic dense,20261225,0.8542382812500001,0.1234375,0.0,649,27.0,201
Stationary,Periodic dense,20261226,0.8538476562499999,0.1234375,0.0,689,27.0,199
Stationary,Periodic dense,20261227,0.8512304687500001,0.1234375,0.0,621,27.0,208
Stationary,Periodic dense,20261228,0.8522851562500001,0.1234375,0.0,609,27.0,207
Stationary,Periodic dense,20261229,0.85182421875,0.1234375,0.00625,622,27.0,205
Stationary,Periodic dense,20261230,0.85923828125,0.1234375,0.0,611,27.0,195
Stationary,Periodic dense,20261231,0.8535351562500001,0.1234375,0.0,622,27.0,204
Stationary,Periodic dense,20261232,0.84005859375,0.1234375,0.0,682,27.0,223
Stationary,Periodic dense,20261233,0.85080078125,0.1234375,0.0,632,27.0,208
Stationary,Periodic dense,20261234,0.8522851562500001,0.1234375,0.0,639,27.0,205
Stationary,Periodic dense,20261235,0.8535742187500002,0.1234375,0.0,651,27.0,202
Stationary,Periodic dense,20261236,0.8525585937500001,0.1234375,0.0,632,27.0,205
Stationary,Periodic dense,20261237,0.8641210937499999,0.1234375,0.0,651,27.0,184
Stationary,Periodic dense,20261238,0.8470117187500001,0.1234375,0.0,654,27.0,213
Stationary,Periodic dense,20261239,0.84646484375,0.1234375,0.0,608,27.0,217
Stationary,Periodic dense,20261240,0.8482226562499999,0.1234375,0.0,638,27.0,212
Stationary,Periodic dense,20261241,0.8623242187500001,0.1234375,0.0,637,27.0,188
Stationary,Periodic dense,20261242,0.84880859375,0.1234375,0.0,653,27.0,210
Stationary,Periodic dense,20261243,0.8501914062499999,0.1234375,0.0125,635,27.0,205
Stationary,Periodic dense,20261244,0.85857421875,0.1234375,0.0,643,27.0,194
Stationary,Periodic dense,20261245,0.8570898437500001,0.1234375,0.0,621,27.0,198
Stationary,Periodic dense,20261246,0.8487695312500001,0.1234375,0.0,624,27.0,212
Stationary,Periodic dense,20261247,0.8600195312500001,0.1234375,0.0,636,27.0,192
Stationary,Periodic dense,20261248,0.8531835937500001,0.1234375,0.0,616,27.0,205
Stationary,Periodic dense,20261249,0.85134765625,0.1234375,0.0,633,27.0,207
Stationary,Periodic dense,20261250,0.85376953125,0.1234375,0.0,616,27.0,204
Stationary,Periodic dense,20261251,0.86509765625,0.1234375,0.0,626,27.0,184
Stationary,Periodic dense,20261252,0.84259765625,0.1234375,0.0,662,27.0,220
Stationary,Periodic dense,20261253,0.83494921875,0.1234375,0.00625,604,27.0,235
Stationary,Periodic dense,20261254,0.8523242187500001,0.1234375,0.0,623,27.0,206
Stationary,Periodic dense,20261255,0.85181640625,0.1234375,0.0,636,27.0,206
Stationary,Periodic dense,20261256,0.8643945312500001,0.1234375,0.0,629,27.0,185
Stationary,Periodic dense,20261257,0.86150390625,0.1234375,0.0,643,27.0,189
Stationary,Periodic dense,20261258,0.85892578125,0.1234375,0.0,619,27.0,195
Stationary,Periodic dense,20261259,0.8610742187500001,0.1234375,0.0,579,27.0,194
Stationary,Periodic dense,20261260,0.86201171875,0.1234375,0.0,630,27.0,189
Stationary,Periodic dense,20261261,0.8619726562500001,0.1234375,0.0,616,27.0,190
Stationary,Periodic dense,20261262,0.85166015625,0.1234375,0.0,595,27.0,209
Stationary,Periodic dense,20261263,0.84951171875,0.1234375,0.0,650,27.0,209
Stationary,Periodic dense,20261264,0.85560546875,0.1234375,0.0,659,27.0,198
Stationary,Periodic dense,20261265,0.8495507812499999,0.1234375,0.0,634,27.0,210
Stationary,Periodic dense,20261266,0.8579882812499999,0.1234375,0.0,628,27.0,196
Stationary,Periodic dense,20261267,0.8482226562500002,0.1234375,0.0,668,27.0,210
Stationary,Periodic dense,20261268,0.8687304687500002,0.1234375,0.0,623,27.0,178
Stationary,Periodic dense,20261269,0.8491601562500002,0.1234375,0.03125,635,27.0,201
Stationary,Periodic dense,20261270,0.8514648437500002,0.1234375,0.0,585,27.0,210
Stationary,Periodic dense,20261271,0.8498398437500001,0.1234375,0.0125,644,27.0,205
Stationary,Periodic dense,20261272,0.86630859375,0.1234375,0.0,655,27.0,180
Stationary,Periodic dense,20261273,0.8615039062500001,0.1234375,0.0,628,27.0,190
Stationary,Periodic dense,20261274,0.85142578125,0.1234375,0.0,631,27.0,207
Stationary,Periodic dense,20261275,0.8490429687500001,0.1234375,0.0,602,27.0,213
Stationary,Periodic dense,20261276,0.8582617187500002,0.1234375,0.0,636,27.0,195
Stationary,Periodic dense,20261277,0.8423632812499999,0.1234375,0.0,623,27.0,223
Stationary,Periodic dense,20261278,0.8390898437500001,0.1234375,0.06875,630,27.0,207
Stationary,Periodic dense,20261279,0.84384765625,0.1234375,0.0,615,27.0,221
Stationary,Periodic dense,20261280,0.8584570312500001,0.1234375,0.0,631,27.0,195
Stationary,Periodic dense,20261281,0.85330078125,0.1234375,0.0,613,27.0,205
Stationary,Periodic dense,20261282,0.8597070312500001,0.1234375,0.0,629,27.0,193
Stationary,Periodic dense,20261283,0.8613867187499998,0.1234375,0.0,661,27.0,188
Stationary,Periodic dense,20261284,0.8534960937500001,0.1234375,0.0,638,27.0,203
Stationary,Periodic dense,20261285,0.8521679687500001,0.1234375,0.0,612,27.0,207
Stationary,Periodic dense,20261286,0.8667773437499999,0.1234375,0.0,643,27.0,180
Stationary,Periodic dense,20261287,0.8474023437500001,0.1234375,0.0,614,27.0,215
Stationary,Periodic dense,20261288,0.8428320312500001,0.1234375,0.0,686,27.0,218
Stationary,Periodic dense,20261289,0.84462890625,0.1234375,0.0,640,27.0,218
Stationary,Periodic dense,20261290,0.8476367187499999,0.1234375,0.0,638,27.0,213
Stationary,Periodic dense,20261291,0.85787109375,0.1234375,0.0,616,27.0,197
Stationary,Periodic dense,20261292,0.8394882812500001,0.1234375,0.0125,654,27.0,222
Stationary,Periodic dense,20261293,0.85888671875,0.1234375,0.0,635,27.0,194
Stationary,Periodic dense,20261294,0.8603710937500001,0.1234375,0.0,597,27.0,194
Stationary,Periodic dense,20261295,0.86056640625,0.1234375,0.0,652,27.0,190
Stationary,Periodic dense,20261296,0.84365234375,0.1234375,0.0,665,27.0,218
Stationary,Periodic dense,20261297,0.85126953125,0.1234375,0.0,635,27.0,207
Stationary,Periodic dense,20261298,0.85923828125,0.1234375,0.0,611,27.0,195
Stationary,Periodic dense,20261299,0.83369140625,0.1234375,0.0,650,27.0,236
Stationary,Periodic dense,20261300,0.85080078125,0.1234375,0.0,617,27.0,209
Stationary,Periodic dense,20261301,0.8546679687500001,0.1234375,0.0,608,27.0,203
Stationary,Periodic dense,20261302,0.86154296875,0.1234375,0.0,642,27.0,189
Stationary,Periodic dense,20261303,0.85927734375,0.1234375,0.0,625,27.0,194
Stationary,Periodic dense,20261304,0.85478515625,0.1234375,0.0,605,27.0,203
Stationary,Periodic dense,20261305,0.84169140625,0.1234375,0.025,645,27.0,215
Stationary,Periodic dense,20261306,0.8545117187500001,0.1234375,0.0,612,27.0,203
Stationary,Periodic dense,20261307,0.8460351562500001,0.1234375,0.0,604,27.0,218
Stationary,Periodic dense,20261308,0.8460351562499999,0.1234375,0.0,604,27.0,218
Stationary,Periodic dense,20261309,0.8522851562500001,0.1234375,0.0,639,27.0,205
Stationary,Periodic dense,20261310,0.8607226562499999,0.1234375,0.0,633,27.0,191
Stationary,Periodic dense,20261311,0.8558789062500001,0.1234375,0.0,637,27.0,199
Stationary,Periodic dense,20261312,0.8467382812500001,0.1234375,0.0,616,27.0,216
Stationary,Periodic dense,20261313,0.85728515625,0.1234375,0.0,631,27.0,197
Stationary,Periodic dense,20261314,0.8257382812500002,0.1234375,0.0125,631,27.0,247
Stationary,Periodic dense,20261315,0.8466992187500001,0.1234375,0.0,587,27.0,218
Stationary,Periodic dense,20261316,0.86650390625,0.1234375,0.0,620,27.0,182
Stationary,Periodic dense,20261317,0.8426367187500002,0.1234375,0.0,661,27.0,220
Stationary,Periodic dense,20261318,0.85568359375,0.1234375,0.0,627,27.0,200
Stationary,Periodic dense,20261319,0.8649804687500001,0.1234375,0.0,614,27.0,185
Stationary,Periodic dense,20261320,0.8582617187500002,0.1234375,0.0,606,27.0,197
Stationary,Periodic dense,20261321,0.85047265625,0.1234375,0.01875,629,27.0,203
Stationary,Periodic dense,20261322,0.8467382812500001,0.1234375,0.0,661,27.0,213
Stationary,Periodic dense,20261323,0.8429101562500001,0.1234375,0.0,624,27.0,222
Stationary,Periodic dense,20261324,0.8408398437499999,0.1234375,0.0,632,27.0,225
Stationary,Periodic dense,20261325,0.8600976562500001,0.1234375,0.0,664,27.0,190
Stationary,Periodic dense,20261326,0.8585742187500001,0.1234375,0.0,643,27.0,194
Stationary,Periodic dense,20261327,0.85138671875,0.1234375,0.0,617,27.0,208
Stationary,Adaptive audit,20260928,0.85986328125,0.0578125,0.0,295,21.0,216
Stationary,Adaptive audit,20260929,0.87935546875,0.05078125,0.0,261,15.0,186
Stationary,Adaptive audit,20260930,0.8638085937500002,0.0625,0.0,339,17.0,207
Stationary,Adaptive audit,20260931,0.86376953125,0.06015625000000001,0.0,335,19.0,207
Stationary,Adaptive audit,20260932,0.86748046875,0.06015625000000001,0.0,320,17.0,202
Stationary,Adaptive audit,20260933,0.8506445312500001,0.07890625,0.0,431,25.0,222
Stationary,Adaptive audit,20260934,0.8768945312500002,0.04609375,0.0,249,9.0,192
Stationary,Adaptive audit,20260935,0.8788671875000003,0.06484375,0.0,301,22.0,183
Stationary,Adaptive audit,20260936,0.86994140625,0.05546875,0.0,272,17.0,201
Stationary,Adaptive audit,20260937,0.8654101562500001,0.0484375,0.0,228,15.0,212
Stationary,Adaptive audit,20260938,0.8617578125000002,0.04140625,0.0,224,6.0,220
Stationary,Adaptive audit,20260939,0.8677148437500002,0.053125,0.0,269,17.0,205
Stationary,Adaptive audit,20260940,0.87083984375,0.0578125,0.0,289,13.0,199
Stationary,Adaptive audit,20260941,0.8713281250000001,0.08125,0.0,414,24.0,188
Stationary,Adaptive audit,20260942,0.8749804687499999,0.05781250000000001,0.0,308,23.0,189
Stationary,Adaptive audit,20260943,0.8501757812500002,0.06015625,0.0,298,23.0,232
Stationary,Adaptive audit,20260944,0.8484335937499999,0.0671875,0.0125,340,25.0,228
Stationary,Adaptive audit,20260945,0.8564257812499999,0.08828125,0.0,413,33.0,212
Stationary,Adaptive audit,20260946,0.8720898437500001,0.0484375,0.0,237,15.0,200
Stationary,Adaptive audit,20260947,0.8789648437500001,0.04375000000000001,0.0,226,15.0,189
Stationary,Adaptive audit,20260948,0.86965625,0.053125,0.00625,263,12.0,201
Stationary,Adaptive audit,20260949,0.8665429687500001,0.04609375,0.0,219,7.0,212
Stationary,Adaptive audit,20260950,0.8675195312499999,0.071875,0.0,349,23.0,199
Stationary,Adaptive audit,20260951,0.8700859375000001,0.05546875,0.00625,292,14.0,198
Stationary,Adaptive audit,20260952,0.8587695312500001,0.0578125,0.0,303,17.0,218
Stationary,Adaptive audit,20260953,0.86744140625,0.04140625,0.0,211,13.0,210
Stationary,Adaptive audit,20260954,0.8604296875000002,0.06015625,0.0,333,12.0,214
Stationary,Adaptive audit,20260955,0.86865234375,0.0578125,0.0,265,15.0,204
Stationary,Adaptive audit,20260956,0.8691601562500001,0.04843750000000001,0.0,232,11.0,206
Stationary,Adaptive audit,20260957,0.8737304687500002,0.0671875,0.0,340,29.0,188
Stationary,Adaptive audit,20260958,0.8734179687499999,0.0484375,0.0,258,17.0,196
Stationary,Adaptive audit,20260959,0.85966796875,0.06015625,0.0,290,19.0,217
Stationary,Adaptive audit,20260960,0.8724492187500001,0.07421875000000003,0.00625,374,23.0,187
Stationary,Adaptive audit,20260961,0.873046875,0.04609375000000001,0.0,230,14.0,199
Stationary,Adaptive audit,20260962,0.8639257812500002,0.053125,0.0,296,21.0,209
Stationary,Adaptive audit,20260963,0.8795117187500001,0.05546875,0.0,272,21.0,184
Stationary,Adaptive audit,20260964,0.86646484375,0.06718750000000001,0.0,321,21.0,203
Stationary,Adaptive audit,20260965,0.8614062499999999,0.05546875,0.0,288,14.0,215
Stationary,Adaptive audit,20260966,0.88310546875,0.053125,0.0,265,17.0,179
Stationary,Adaptive audit,20260967,0.8735546875000001,0.0625,0.0,317,22.0,191
Stationary,Adaptive audit,20260968,0.8560742187500001,0.0625,0.0,322,19.0,221
Stationary,Adaptive audit,20260969,0.8597070312499999,0.07187500000000001,0.0,364,25.0,211
Stationary,Adaptive audit,20260970,0.8876367187500002,0.04375,0.0,214,15.0,175
Stationary,Adaptive audit,20260971,0.8658398437500001,0.05078125,0.0,247,15.0,210
Stationary,Adaptive audit,20260972,0.8729882812500002,0.05546875,0.0,299,17.0,194
Stationary,Adaptive audit,20260973,0.8783007812500001,0.0484375,0.0,248,13.0,189
Stationary,Adaptive audit,20260974,0.8643164062500001,0.06953125,0.0,381,19.0,203
Stationary,Adaptive audit,20260975,0.8575585937500001,0.06953125,0.0,349,23.0,216
Stationary,Adaptive audit,20260976,0.8511796875,0.07890625,0.00625,426,22.0,220
Stationary,Adaptive audit,20260977,0.8717382812500001,0.05078125,0.0,281,19.0,197
Stationary,Adaptive audit,20260978,0.8640039062500001,0.06015625,0.0,309,15.0,209
Stationary,Adaptive audit,20260979,0.8746289062500001,0.0625,0.0,322,15.0,190
Stationary,Adaptive audit,20260980,0.8676757812500002,0.04843750000000001,0.0,285,11.0,205
Stationary,Adaptive audit,20260981,0.86705078125,0.05546875,0.0,281,19.0,205
Stationary,Adaptive audit,20260982,0.8523984375000001,0.09296875,0.0125,491,20.0,212
Stationary,Adaptive audit,20260983,0.8607421875,0.08359375,0.0,425,38.0,203
Stationary,Adaptive audit,20260984,0.8554882812500001,0.06484375,0.0,352,25.0,219
Stationary,Adaptive audit,20260985,0.8418554687500001,0.0671875,0.0,351,15.0,244
Stationary,Adaptive audit,20260986,0.8447851562500001,0.07421875,0.0,381,27.0,235
Stationary,Adaptive audit,20260987,0.86306640625,0.08125,0.0,413,13.0,204
Stationary,Adaptive audit,20260988,0.85470703125,0.07421875,0.0,392,17.0,219
Stationary,Adaptive audit,20260989,0.87568359375,0.05546875,0.0,265,15.0,192
Stationary,Adaptive audit,20260990,0.8707226562500001,0.04609375,0.0,257,15.0,201
Stationary,Adaptive audit,20260991,0.8810351562500001,0.05078125,0.0,243,17.0,184
Stationary,Adaptive audit,20260992,0.87060546875,0.04843750000000001,0.0,240,11.0,203
Stationary,Adaptive audit,20260993,0.8675585937499999,0.06015625,0.0,323,21.0,201
Stationary,Adaptive audit,20260994,0.8602148437500002,0.0578125,0.0,276,19.0,217
Stationary,Adaptive audit,20260995,0.8690820312499999,0.050781250000000014,0.0,254,15.0,204
Stationary,Adaptive audit,20260996,0.8769140625,0.06953125,0.0,376,24.0,181
Stationary,Adaptive audit,20260997,0.86990234375,0.05546875,0.0,283,13.0,201
Stationary,Adaptive audit,20260998,0.86861328125,0.0578125,0.0,311,15.0,201
Stationary,Adaptive audit,20260999,0.87478515625,0.07421875,0.0,383,25.0,184
Stationary,Adaptive audit,20261000,0.8648242187500002,0.0578125,0.0,288,21.0,208
Stationary,Adaptive audit,20261001,0.87486328125,0.0390625,0.0,211,9.0,198
Stationary,Adaptive audit,20261002,0.87431640625,0.05546875,0.0,275,19.0,193
Stationary,Adaptive audit,20261003,0.8570898437500001,0.07421875000000001,0.0,376,23.0,215
Stationary,Adaptive audit,20261004,0.8618359375000001,0.05546875,0.0,267,24.0,214
Stationary,Adaptive audit,20261005,0.86314453125,0.06015625000000001,0.0,301,15.0,211
Stationary,Adaptive audit,20261006,0.88115234375,0.05078125,0.0,240,17.0,184
Stationary,Adaptive audit,20261007,0.87720703125,0.05546875000000001,0.0,291,13.0,188
Stationary,Adaptive audit,20261008,0.8705273437500001,0.06015625,0.0,282,19.0,199
Stationary,Adaptive audit,20261009,0.85466796875,0.06484375,0.0,343,25.0,221
Stationary,Adaptive audit,20261010,0.86487109375,0.08359375,0.00625,443,19.0,196
Stationary,Adaptive audit,20261011,0.8682226562500002,0.0671875,0.0,341,25.0,198
Stationary,Adaptive audit,20261012,0.8636523437499999,0.05078125,0.0,278,19.0,211
Stationary,Adaptive audit,20261013,0.8694726562499999,0.04609375,0.0,224,17.0,205
Stationary,Adaptive audit,20261014,0.8588085937500001,0.06484375,0.0,332,17.0,216
Stationary,Adaptive audit,20261015,0.8559375000000001,0.05078125,0.0,273,16.0,225
Stationary,Adaptive audit,20261016,0.8772851562500001,0.05546875,0.0,289,19.0,187
Stationary,Adaptive audit,20261017,0.8740820312500001,0.0578125,0.0,271,23.0,193
Stationary,Adaptive audit,20261018,0.86513671875,0.071875,0.0,385,27.0,200
Stationary,Adaptive audit,20261019,0.8634179687500001,0.053125,0.0,269,19.0,212
Stationary,Adaptive audit,20261020,0.8710351562499999,0.04843750000000001,0.0,264,15.0,200
Stationary,Adaptive audit,20261021,0.85640625,0.06484375,0.0,321,22.0,220
Stationary,Adaptive audit,20261022,0.8551367187500001,0.05546875,0.0,281,15.0,226
Stationary,Adaptive audit,20261023,0.8594335937500002,0.053125,0.0,276,15.0,219
Stationary,Adaptive audit,20261024,0.8757226562500001,0.0625,0.0,289,17.0,190
Stationary,Adaptive audit,20261025,0.86744140625,0.04609375,0.0,231,17.0,208
Stationary,Adaptive audit,20261026,0.87577734375,0.05546875,0.0125,300,13.0,186
Stationary,Adaptive audit,20261027,0.8553320312499999,0.06484375,0.0,321,21.0,222
Stationary,Adaptive audit,20261028,0.86802734375,0.06953125,0.0,306,23.0,201
Stationary,Adaptive audit,20261029,0.87236328125,0.0578125,0.0,285,17.0,196
Stationary,Adaptive audit,20261030,0.85821875,0.071875,0.0125,372,20.0,210
Stationary,Adaptive audit,20261031,0.8772070312500002,0.053125,0.0,261,13.0,190
Stationary,Adaptive audit,20261032,0.85182421875,0.08125,0.00625,387,25.0,221
Stationary,Adaptive audit,20261033,0.87197265625,0.06250000000000001,0.0,315,21.0,194
Stationary,Adaptive audit,20261034,0.85962890625,0.07421875,0.0,396,25.0,209
Stationary,Adaptive audit,20261035,0.8648242187499999,0.06953125,0.0,348,21.0,204
Stationary,Adaptive audit,20261036,0.8695976562499999,0.06015625,0.00625,317,15.0,197
Stationary,Adaptive audit,20261037,0.8724414062499999,0.0671875,0.0,338,25.0,191
Stationary,Adaptive audit,20261038,0.85572265625,0.0625,0.0,331,25.0,220
Stationary,Adaptive audit,20261039,0.8652539062500001,0.053125,0.0,277,15.0,209
Stationary,Adaptive audit,20261040,0.8554101562499999,0.06015625,0.0,294,19.0,224
Stationary,Adaptive audit,20261041,0.8753710937499999,0.05546875,0.0,293,13.0,191
Stationary,Adaptive audit,20261042,0.8674882812499998,0.0765625,0.00625,381,23.0,195
Stationary,Adaptive audit,20261043,0.8718554687500001,0.053125,0.0,303,15.0,196
Stationary,Adaptive audit,20261044,0.8347929687500001,0.090625,0.00625,473,15.0,246
Stationary,Adaptive audit,20261045,0.8677148437500002,0.0578125,0.0,329,17.0,201
Stationary,Adaptive audit,20261046,0.86530078125,0.053125,0.00625,292,15.0,206
Stationary,Adaptive audit,20261047,0.8736132812499999,0.0484375,0.0,248,13.0,197
Stationary,Adaptive audit,20261048,0.87259765625,0.04609375,0.0,224,15.0,200
Stationary,Adaptive audit,20261049,0.8718554687500001,0.06015625000000001,0.0,288,21.0,196
Stationary,Adaptive audit,20261050,0.85514453125,0.06718750000000002,0.00625,337,17.0,220
Stationary,Adaptive audit,20261051,0.8649804687500001,0.06015625,0.0,329,15.0,206
Stationary,Adaptive audit,20261052,0.86404296875,0.053125,0.0,293,15.0,210
Stationary,Adaptive audit,20261053,0.8729882812500002,0.05078125,0.0,274,15.0,196
Stationary,Adaptive audit,20261054,0.8369726562499998,0.0671875,0.0,331,19.0,253
Stationary,Adaptive audit,20261055,0.8773632812500001,0.0578125,0.0,282,15.0,188
Stationary,Adaptive audit,20261056,0.86404296875,0.04140625,0.0,238,13.0,214
Stationary,Adaptive audit,20261057,0.8723828125,0.04609375,0.0,242,10.0,200
Stationary,Adaptive audit,20261058,0.8602343749999999,0.071875,0.0,358,28.0,210
Stationary,Adaptive audit,20261059,0.85013671875,0.0765625,0.0,389,17.0,227
Stationary,Adaptive audit,20261060,0.87392578125,0.04609375,0.0,250,15.0,196
Stationary,Adaptive audit,20261061,0.8759375,0.0578125,0.0,271,22.0,190
Stationary,Adaptive audit,20261062,0.8542382812500001,0.0671875,0.0,364,27.0,220
Stationary,Adaptive audit,20261063,0.86139453125,0.071875,0.00625,337,25.0,208
Stationary,Adaptive audit,20261064,0.8645898437499999,0.053125,0.0,259,17.0,211
Stationary,Adaptive audit,20261065,0.85146484375,0.071875,0.0,345,27.0,226
Stationary,Adaptive audit,20261066,0.8696679687500002,0.04375,0.0,214,13.0,206
Stationary,Adaptive audit,20261067,0.8605273437500001,0.05781250000000001,0.0,313,19.0,214
Stationary,Adaptive audit,20261068,0.8626757812500001,0.06015625,0.0,303,19.0,211
Stationary,Adaptive audit,20261069,0.8681054687499999,0.04140625000000001,0.0,194,13.0,210
Stationary,Adaptive audit,20261070,0.86923828125,0.05546875,0.0,270,19.0,202
Stationary,Adaptive audit,20261071,0.8469335937499999,0.071875,0.0,371,21.0,233
Stationary,Adaptive audit,20261072,0.8730664062500001,0.04843750000000001,0.0,247,13.0,198
Stationary,Adaptive audit,20261073,0.8776757812500001,0.050781250000000014,0.0,264,13.0,189
Stationary,Adaptive audit,20261074,0.8614804687500002,0.071875,0.0125,376,15.0,205
Stationary,Adaptive audit,20261075,0.87978515625,0.06015625,0.0,290,23.0,182
Stationary,Adaptive audit,20261076,0.8696484375000001,0.053125,0.0,272,20.0,201
Stationary,Adaptive audit,20261077,0.8736914062500001,0.06015625,0.0,301,21.0,192
Stationary,Adaptive audit,20261078,0.8761210937499999,0.0671875,0.00625,340,17.0,184
Stationary,Adaptive audit,20261079,0.8460351562500001,0.07890625,0.0,374,23.0,234
Stationary,Adaptive audit,20261080,0.8675390625,0.043750000000000004,0.0,231,10.0,209
Stationary,Adaptive audit,20261081,0.85849609375,0.06953125,0.0,325,29.0,215
Stationary,Adaptive audit,20261082,0.86310546875,0.04843750000000001,0.0,237,17.0,215
Stationary,Adaptive audit,20261083,0.8677929687500001,0.0625,0.0,282,23.0,203
Stationary,Adaptive audit,20261084,0.8603710937500001,0.06953125,0.0,332,25.0,212
Stationary,Adaptive audit,20261085,0.860703125,0.06484375,0.0,351,20.0,211
Stationary,Adaptive audit,20261086,0.8640039062500001,0.06015625,0.0,309,15.0,209
Stationary,Adaptive audit,20261087,0.8724023437500001,0.041406250000000006,0.0,224,11.0,201
Stationary,Adaptive audit,20261088,0.84357421875,0.0625,0.0,307,27.0,242
Stationary,Adaptive audit,20261089,0.84455078125,0.06953125,0.0,337,17.0,240
Stationary,Adaptive audit,20261090,0.8475742187499999,0.071875,0.0125,372,21.0,228
Stationary,Adaptive audit,20261091,0.8594335937500002,0.05078125,0.0,271,11.0,220
Stationary,Adaptive audit,20261092,0.8657695312500001,0.0625,0.00625,340,15.0,202
Stationary,Adaptive audit,20261093,0.8497265625000001,0.06015625,0.0,302,20.0,233
Stationary,Adaptive audit,20261094,0.8611132812500001,0.0578125,0.0,293,21.0,214
Stationary,Adaptive audit,20261095,0.8620507812500001,0.0578125,0.0,299,21.0,212
Stationary,Adaptive audit,20261096,0.85966796875,0.06484375,0.0,340,17.0,214
Stationary,Adaptive audit,20261097,0.8566679687499998,0.05781250000000001,0.00625,308,19.0,219
Stationary,Adaptive audit,20261098,0.8520195312500001,0.07187500000000001,0.00625,392,21.0,221
Stationary,Adaptive audit,20261099,0.85103515625,0.0578125,0.0,311,21.0,230
Stationary,Adaptive audit,20261100,0.8579960937500001,0.053125,0.00625,269,15.0,220
Stationary,Adaptive audit,20261101,0.8801367187500002,0.06953125,0.0,311,23.0,180
Stationary,Adaptive audit,20261102,0.86841796875,0.06953125,0.0,386,23.0,195
Stationary,Adaptive audit,20261103,0.85830859375,0.06484375,0.00625,326,13.0,216
Stationary,Adaptive audit,20261104,0.86650390625,0.05312500000000001,0.0,285,17.0,206
Stationary,Adaptive audit,20261105,0.8658007812499999,0.0671875,0.0,338,21.0,203
Stationary,Adaptive audit,20261106,0.861765625,0.0671875,0.00625,325,14.0,210
Stationary,Adaptive audit,20261107,0.86806640625,0.06015625,0.0,275,23.0,203
Stationary,Adaptive audit,20261108,0.8574023437500001,0.053125,0.0,288,13.0,222
Stationary,Adaptive audit,20261109,0.8545976562500002,0.06015625000000002,0.00625,306,17.0,223
Stationary,Adaptive audit,20261110,0.86357421875,0.06015625,0.0,325,19.0,208
Stationary,Adaptive audit,20261111,0.8732421875,0.0578125,0.0,280,16.0,195
Stationary,Adaptive audit,20261112,0.8775195312499999,0.050781250000000014,0.0,263,15.0,189
Stationary,Adaptive audit,20261113,0.8575195312500001,0.04843750000000001,0.0,230,17.0,225
Stationary,Adaptive audit,20261114,0.86103515625,0.05781250000000001,0.0,305,17.0,214
Stationary,Adaptive audit,20261115,0.8722929687500001,0.0625,0.00625,303,23.0,192
Stationary,Adaptive audit,20261116,0.8704492187500001,0.06953125,0.0,344,25.0,194
Stationary,Adaptive audit,20261117,0.87521484375,0.043750000000000004,0.0,227,11.0,196
Stationary,Adaptive audit,20261118,0.86669921875,0.06953125,0.0,330,27.0,201
Stationary,Adaptive audit,20261119,0.8692578125000001,0.0625,0.0,312,20.0,199
Stationary,Adaptive audit,20261120,0.8732226562500001,0.06250000000000001,0.0,313,21.0,192
Stationary,Adaptive audit,20261121,0.86349609375,0.06015625,0.0,322,21.0,208
Stationary,Adaptive audit,20261122,0.8641992187500002,0.06484375,0.0,359,29.0,203
Stationary,Adaptive audit,20261123,0.86865234375,0.05546875,0.0,300,19.0,201
Stationary,Adaptive audit,20261124,0.86603515625,0.05546875000000001,0.0,277,13.0,208
Stationary,Adaptive audit,20261125,0.8569726562500002,0.07890625000000001,0.0,369,21.0,216
Stationary,Adaptive audit,20261126,0.87193359375,0.06484375,0.0,311,29.0,193
Stationary,Adaptive audit,20261127,0.86298828125,0.04140625,0.0,210,11.0,218
Stationary,Adaptive audit,20261128,0.8728906249999999,0.06250000000000001,0.0,339,20.0,191
Stationary,Adaptive audit,20261129,0.8711523437500001,0.06015625,0.0,316,17.0,196
Stationary,Adaptive audit,20261130,0.8583398437500002,0.071875,0.0,354,25.0,214
Stationary,Adaptive audit,20261131,0.86837890625,0.0578125,0.0,302,21.0,201
Stationary,Adaptive audit,20261132,0.8659570312500001,0.04140625000000001,0.0,214,9.0,213
Stationary,Adaptive audit,20261133,0.8599804687500001,0.06484375,0.0,337,21.0,213
Stationary,Adaptive audit,20261134,0.85857421875,0.0578125,0.0,328,15.0,217
Stationary,Adaptive audit,20261135,0.87353515625,0.04609375000000001,0.0,250,13.0,197
Stationary,Adaptive audit,20261136,0.8811914062499999,0.0484375,0.0,234,19.0,184
Stationary,Adaptive audit,20261137,0.85126953125,0.06718750000000002,0.0,355,13.0,228
Stationary,Adaptive audit,20261138,0.8652929687499998,0.07421875,0.0,371,19.0,202
Stationary,Adaptive audit,20261139,0.8589648437499999,0.04140625,0.0,223,11.0,224
Stationary,Adaptive audit,20261140,0.87369921875,0.05078125,0.00625,267,11.0,194
Stationary,Adaptive audit,20261141,0.86060546875,0.06953125,0.0,341,19.0,212
Stationary,Adaptive audit,20261142,0.88552734375,0.05546875,0.0,278,17.0,174
Stationary,Adaptive audit,20261143,0.85146484375,0.05546875,0.0,275,13.0,233
Stationary,Adaptive audit,20261144,0.84658203125,0.07421875,0.0,380,27.0,232
Stationary,Adaptive audit,20261145,0.8854101562500001,0.05078125,0.0,271,15.0,175
Stationary,Adaptive audit,20261146,0.8638476562499999,0.04609375,0.0,233,17.0,214
Stationary,Adaptive audit,20261147,0.86669921875,0.06484375,0.0,330,21.0,202
Stationary,Adaptive audit,20261148,0.86748046875,0.0765625,0.0,395,23.0,196
Stationary,Adaptive audit,20261149,0.8549570312500002,0.06953125,0.0125,313,17.0,220
Stationary,Adaptive audit,20261150,0.8725976562500002,0.04140625,0.0,209,9.0,202
Stationary,Adaptive audit,20261151,0.86437109375,0.06953125,0.0125,337,25.0,201
Stationary,Adaptive audit,20261152,0.8739648437499999,0.0390625,0.0,199,11.0,200
Stationary,Adaptive audit,20261153,0.8631914062500001,0.071875,0.00625,361,21.0,204
Stationary,Adaptive audit,20261154,0.8643945312500001,0.053125,0.0,274,13.0,211
Stationary,Adaptive audit,20261155,0.8585351562500001,0.07890625000000001,0.0,404,27.0,210
Stationary,Adaptive audit,20261156,0.85474609375,0.0578125,0.0,311,19.0,224
Stationary,Adaptive audit,20261157,0.8538476562500001,0.08359375000000001,0.0,464,21.0,215
Stationary,Adaptive audit,20261158,0.87333984375,0.06250000000000001,0.0,305,17.0,193
Stationary,Adaptive audit,20261159,0.85767578125,0.05546875,0.0,286,17.0,221
Stationary,Adaptive audit,20261160,0.85283984375,0.07890625000000001,0.00625,401,21.0,219
Stationary,Adaptive audit,20261161,0.86689453125,0.04140625,0.0,230,11.0,210
Stationary,Adaptive audit,20261162,0.8604570312500002,0.0671875,0.00625,336,17.0,211
Stationary,Adaptive audit,20261163,0.8606835937500001,0.06953125,0.0,364,27.0,209
Stationary,Adaptive audit,20261164,0.8897851562500001,0.06015625,0.0,284,25.0,165
Stationary,Adaptive audit,20261165,0.8724023437500001,0.05546875000000001,0.0,279,19.0,196
Stationary,Adaptive audit,20261166,0.8644140625000001,0.05546875,0.0,301,20.0,208
Stationary,Adaptive audit,20261167,0.86408203125,0.053125,0.0,282,19.0,210
Stationary,Adaptive audit,20261168,0.8652148437499999,0.05078125,0.0,263,21.0,209
Stationary,Adaptive audit,20261169,0.85966796875,0.05546875,0.0,295,17.0,217
Stationary,Adaptive audit,20261170,0.8516992187500001,0.071875,0.0,384,27.0,223
Stationary,Adaptive audit,20261171,0.87037109375,0.0578125,0.0,306,17.0,198
Stationary,Adaptive audit,20261172,0.8716679687500001,0.053125,0.00625,264,9.0,198
Stationary,Adaptive audit,20261173,0.86017578125,0.06953125,0.0,362,21.0,211
Stationary,Adaptive audit,20261174,0.87705078125,0.0578125,0.0,280,19.0,188
Stationary,Adaptive audit,20261175,0.8658007812500002,0.05546875,0.0,278,21.0,207
Stationary,Adaptive audit,20261176,0.8734648437499999,0.06484375,0.00625,313,19.0,190
Stationary,Adaptive audit,20261177,0.86982421875,0.06484375,0.0,325,21.0,197
Stationary,Adaptive audit,20261178,0.85869140625,0.06015625,0.0,315,19.0,217
Stationary,Adaptive audit,20261179,0.84244921875,0.08125,0.00625,422,23.0,235
Stationary,Adaptive audit,20261180,0.8656445312500001,0.05546875,0.0,287,19.0,207
Stationary,Adaptive audit,20261181,0.87822265625,0.05546875,0.0,270,23.0,186
Stationary,Adaptive audit,20261182,0.86787109375,0.0578125,0.0,270,21.0,204
Stationary,Adaptive audit,20261183,0.8697070312499999,0.05546875000000001,0.0,263,17.0,202
Stationary,Adaptive audit,20261184,0.86416015625,0.0625,0.0,335,27.0,205
Stationary,Adaptive audit,20261185,0.85666015625,0.05546875,0.0,312,17.0,221
Stationary,Adaptive audit,20261186,0.86056640625,0.06953125,0.0,342,19.0,212
Stationary,Adaptive audit,20261187,0.8816015625,0.071875,0.0,341,26.0,175
Stationary,Adaptive audit,20261188,0.8716210937500002,0.0625,0.0,304,23.0,195
Stationary,Adaptive audit,20261189,0.8674882812500002,0.04843750000000001,0.00625,246,11.0,206
Stationary,Adaptive audit,20261190,0.8687695312500001,0.04609375,0.0,237,13.0,206
Stationary,Adaptive audit,20261191,0.8403984375,0.0765625,0.00625,372,22.0,242
Stationary,Adaptive audit,20261192,0.8515039062500002,0.0625,0.0,304,19.0,230
Stationary,Adaptive audit,20261193,0.87138671875,0.04140625,0.0,225,9.0,203
Stationary,Adaptive audit,20261194,0.8714726562500001,0.053125,0.00625,264,17.0,197
Stationary,Adaptive audit,20261195,0.85498046875,0.0671875,0.0,340,17.0,222
Stationary,Adaptive audit,20261196,0.8684179687500002,0.053125,0.0,286,21.0,202
Stationary,Adaptive audit,20261197,0.8669804687500001,0.0765625,0.00625,389,19.0,196
Stationary,Adaptive audit,20261198,0.8560351562499999,0.0765625,0.0,403,23.0,215
Stationary,Adaptive audit,20261199,0.8537695312499999,0.06953125,0.0,341,23.0,223
Stationary,Adaptive audit,20261200,0.87880859375,0.053125,0.0,265,19.0,186
Stationary,Adaptive audit,20261201,0.8548242187499999,0.0625,0.0,329,29.0,221
Stationary,Adaptive audit,20261202,0.85751953125,0.04375,0.0,235,15.0,225
Stationary,Adaptive audit,20261203,0.8641210937500002,0.06953125,0.0,331,23.0,206
Stationary,Adaptive audit,20261204,0.8677148437500002,0.06718750000000001,0.0,334,21.0,200
Stationary,Adaptive audit,20261205,0.85759765625,0.05781250000000001,0.0,298,19.0,220
Stationary,Adaptive audit,20261206,0.8742773437500002,0.04609375,0.0,226,15.0,197
Stationary,Adaptive audit,20261207,0.8759570312500001,0.0625,0.0,318,15.0,188
Stationary,Adaptive audit,20261208,0.8652031250000001,0.0765625,0.00625,362,24.0,200
Stationary,Adaptive audit,20261209,0.8656445312500001,0.04843750000000001,0.0,257,13.0,210
Stationary,Adaptive audit,20261210,0.86478515625,0.0578125,0.0,264,19.0,210
Stationary,Adaptive audit,20261211,0.8681914062500002,0.06015625,0.00625,323,21.0,198
Stationary,Adaptive audit,20261212,0.85849609375,0.0578125,0.0,310,17.0,218
Stationary,Adaptive audit,20261213,0.8630273437500001,0.06015625,0.0,289,21.0,211
Stationary,Adaptive audit,20261214,0.87869140625,0.04375,0.0,233,15.0,189
Stationary,Adaptive audit,20261215,0.87001953125,0.07187500000000002,0.0,380,27.0,192
Stationary,Adaptive audit,20261216,0.86763671875,0.06484375,0.0,316,17.0,202
Stationary,Adaptive audit,20261217,0.8646679687500001,0.06015625,0.0,317,17.0,207
Stationary,Adaptive audit,20261218,0.8677148437500002,0.0765625,0.0,389,23.0,196
Stationary,Adaptive audit,20261219,0.89080078125,0.04375,0.0,233,11.0,169
Stationary,Adaptive audit,20261220,0.8558789062500001,0.05546875,0.0,292,15.0,224
Stationary,Adaptive audit,20261221,0.8804101562500002,0.03906250000000001,0.0,214,11.0,188
Stationary,Adaptive audit,20261222,0.85458984375,0.07890625,0.0,420,25.0,216
Stationary,Adaptive audit,20261223,0.87104296875,0.0671875,0.00625,330,19.0,193
Stationary,Adaptive audit,20261224,0.8495898437499999,0.08125,0.0,403,23.0,226
Stationary,Adaptive audit,20261225,0.8682695312500002,0.05078125,0.00625,256,11.0,204
Stationary,Adaptive audit,20261226,0.87001953125,0.053125,0.0,295,19.0,199
Stationary,Adaptive audit,20261227,0.86474609375,0.05781250000000001,0.0,295,19.0,208
Stationary,Adaptive audit,20261228,0.86806640625,0.04609375000000001,0.0,240,13.0,207
Stationary,Adaptive audit,20261229,0.8616289062500002,0.07890625,0.00625,366,29.0,205
Stationary,Adaptive audit,20261230,0.8691054687499999,0.05781250000000001,0.01875,317,9.0,195
Stationary,Adaptive audit,20261231,0.8678515625000001,0.053125,0.0,283,16.0,204
Stationary,Adaptive audit,20261232,0.8520585937500001,0.06484375,0.00625,336,19.0,225
Stationary,Adaptive audit,20261233,0.8670703124999999,0.04609375,0.0,248,14.0,208
Stationary,Adaptive audit,20261234,0.86943359375,0.04609375000000001,0.0,235,13.0,205
Stationary,Adaptive audit,20261235,0.8694726562499999,0.0484375,0.0,274,15.0,202
Stationary,Adaptive audit,20261236,0.8668359375000001,0.053125,0.0,299,14.0,205
Stationary,Adaptive audit,20261237,0.88009765625,0.053125,0.0,277,13.0,184
Stationary,Adaptive audit,20261238,0.86220703125,0.05546875,0.0,290,17.0,213
Stationary,Adaptive audit,20261239,0.8624414062500001,0.04609375,0.0,229,15.0,217
Stationary,Adaptive audit,20261240,0.86611328125,0.04375,0.0,215,13.0,212
Stationary,Adaptive audit,20261241,0.8772851562500001,0.050781250000000014,0.0,269,21.0,188
Stationary,Adaptive audit,20261242,0.8587695312499999,0.08125,0.0,408,23.0,210
Stationary,Adaptive audit,20261243,0.8679101562500001,0.05546875,0.0,294,17.0,203
Stationary,Adaptive audit,20261244,0.8729882812500002,0.05546875000000001,0.0,299,17.0,194
Stationary,Adaptive audit,20261245,0.8678320312500001,0.071875,0.0,366,19.0,198
Stationary,Adaptive audit,20261246,0.86203125,0.0625,0.0,307,18.0,212
Stationary,Adaptive audit,20261247,0.8749414062500002,0.05546875,0.0,269,21.0,192
Stationary,Adaptive audit,20261248,0.8658398437500001,0.06015625,0.0,302,23.0,205
Stationary,Adaptive audit,20261249,0.8682226562500001,0.0484375,0.0,231,15.0,207
Stationary,Adaptive audit,20261250,0.86115234375,0.08359375,0.0,427,27.0,204
Stationary,Adaptive audit,20261251,0.87939453125,0.05546875,0.0,280,19.0,184
Stationary,Adaptive audit,20261252,0.8583789062500001,0.05546875000000001,0.0,293,13.0,220
Stationary,Adaptive audit,20261253,0.8485742187499999,0.07421875,0.0,359,27.0,230
Stationary,Adaptive audit,20261254,0.86572265625,0.06015625000000001,0.0,300,19.0,206
Stationary,Adaptive audit,20261255,0.8579882812500002,0.090625,0.0,463,33.0,206
Stationary,Adaptive audit,20261256,0.87935546875,0.05546875,0.0,271,17.0,185
Stationary,Adaptive audit,20261257,0.87615234375,0.05546875,0.0,298,15.0,189
Stationary,Adaptive audit,20261258,0.87623046875,0.043750000000000004,0.0,216,11.0,195
Stationary,Adaptive audit,20261259,0.8740820312500001,0.05546875000000001,0.0,271,17.0,194
Stationary,Adaptive audit,20261260,0.8750585937499998,0.06015625,0.0,301,25.0,189
Stationary,Adaptive audit,20261261,0.8769726562500001,0.05078125,0.0,247,21.0,190
Stationary,Adaptive audit,20261262,0.8609960937500002,0.07890625,0.0,376,19.0,209
Stationary,Adaptive audit,20261263,0.85851171875,0.07421875,0.0125,377,15.0,210
Stationary,Adaptive audit,20261264,0.8682226562500001,0.06953125,0.0,341,25.0,198
Stationary,Adaptive audit,20261265,0.8593164062499999,0.07421875,0.0,404,19.0,210
Stationary,Adaptive audit,20261266,0.86904296875,0.06953125000000002,0.0,350,25.0,196
Stationary,Adaptive audit,20261267,0.8632226562500002,0.05546875,0.0,304,19.0,210
Stationary,Adaptive audit,20261268,0.8800273437499999,0.0625,0.00625,325,13.0,179
Stationary,Adaptive audit,20261269,0.87251953125,0.05546875,0.0,271,21.0,196
Stationary,Adaptive audit,20261270,0.86259765625,0.06484375,0.0,305,25.0,210
Stationary,Adaptive audit,20261271,0.86505859375,0.06484375,0.0,357,21.0,203
Stationary,Adaptive audit,20261272,0.88001953125,0.0625,0.0,324,19.0,180
Stationary,Adaptive audit,20261273,0.8789257812500001,0.043750000000000004,0.0,217,13.0,190
Stationary,Adaptive audit,20261274,0.86634765625,0.05078125,0.0,274,17.0,207
Stationary,Adaptive audit,20261275,0.86107421875,0.0625,0.0,309,21.0,213
Stationary,Adaptive audit,20261276,0.8761132812500001,0.04140625,0.0,219,11.0,195
Stationary,Adaptive audit,20261277,0.8544921875,0.06953125000000002,0.0,330,20.0,223
Stationary,Adaptive audit,20261278,0.8700898437500001,0.06953125,0.025,333,17.0,189
Stationary,Adaptive audit,20261279,0.85763671875,0.06015625,0.0,282,19.0,221
Stationary,Adaptive audit,20261280,0.8698632812500001,0.0671875,0.0,349,23.0,195
Stationary,Adaptive audit,20261281,0.8621484375000001,0.07890625,0.0,389,26.0,205
Stationary,Adaptive audit,20261282,0.8725976562500002,0.06250000000000001,0.0,314,21.0,193
Stationary,Adaptive audit,20261283,0.8783789062500003,0.0484375,0.0,256,15.0,188
Stationary,Adaptive audit,20261284,0.87001953125,0.04609375,0.0,245,15.0,203
Stationary,Adaptive audit,20261285,0.8646679687499998,0.06484375,0.0,307,21.0,207
Stationary,Adaptive audit,20261286,0.8814257812499999,0.05546875,0.0,298,15.0,180
Stationary,Adaptive audit,20261287,0.85662109375,0.071875,0.0,368,31.0,215
Stationary,Adaptive audit,20261288,0.85763671875,0.06015625,0.0,317,23.0,218
Stationary,Adaptive audit,20261289,0.8562304687500001,0.06484375,0.0,343,27.0,218
Stationary,Adaptive audit,20261290,0.86337890625,0.05078125,0.0,260,17.0,213
Stationary,Adaptive audit,20261291,0.86934375,0.0625,0.00625,301,24.0,197
Stationary,Adaptive audit,20261292,0.8503320312500001,0.08125,0.0,444,29.0,221
Stationary,Adaptive audit,20261293,0.8736718750000001,0.05781250000000001,0.0,299,10.0,194
Stationary,Adaptive audit,20261294,0.8716210937500002,0.071875,0.0,324,21.0,194
Stationary,Adaptive audit,20261295,0.8753203125000001,0.05546875,0.00625,278,14.0,190
Stationary,Adaptive audit,20261296,0.85986328125,0.05546875,0.0,285,13.0,218
Stationary,Adaptive audit,20261297,0.8636914062500001,0.06015625,0.0,342,17.0,207
Stationary,Adaptive audit,20261298,0.871875,0.06250000000000001,0.0,305,20.0,195
Stationary,Adaptive audit,20261299,0.8474492187499999,0.05078125,0.00625,269,15.0,238
Stationary,Adaptive audit,20261300,0.86408203125,0.0625,0.0,312,13.0,209
Stationary,Adaptive audit,20261301,0.8685351562499999,0.057812500000000024,0.0,293,11.0,203
Stationary,Adaptive audit,20261302,0.8770117187499998,0.053125,0.0,261,21.0,189
Stationary,Adaptive audit,20261303,0.8753320312500001,0.04609375,0.0,249,13.0,194
Stationary,Adaptive audit,20261304,0.86802734375,0.053125,0.0,296,15.0,203
Stationary,Adaptive audit,20261305,0.8554882812500001,0.06484375,0.0,357,23.0,219
Stationary,Adaptive audit,20261306,0.87029296875,0.0484375,0.0,243,13.0,203
Stationary,Adaptive audit,20261307,0.85697265625,0.06484375,0.0,329,25.0,218
Stationary,Adaptive audit,20261308,0.8544726562499999,0.08359375,0.0,408,19.0,218
Stationary,Adaptive audit,20261309,0.86511328125,0.053125,0.0125,268,15.0,206
Stationary,Adaptive audit,20261310,0.8750585937500001,0.055468750000000025,0.0,286,19.0,191
Stationary,Adaptive audit,20261311,0.86787109375,0.06953125,0.0,340,23.0,199
Stationary,Adaptive audit,20261312,0.8594335937500001,0.0578125,0.0,306,21.0,216
Stationary,Adaptive audit,20261313,0.86740234375,0.06953125,0.0,382,23.0,197
Stationary,Adaptive audit,20261314,0.8431445312499999,0.06484375,0.0,338,25.0,241
Stationary,Adaptive audit,20261315,0.8579687500000001,0.0625,0.0,311,22.0,218
Stationary,Adaptive audit,20261316,0.8802617187500001,0.05078125,0.00625,239,15.0,184
Stationary,Adaptive audit,20261317,0.8504179687500001,0.0765625,0.00625,393,19.0,224
Stationary,Adaptive audit,20261318,0.86861328125,0.06484375,0.0,316,19.0,200
Stationary,Adaptive audit,20261319,0.8808398437499999,0.05078125,0.0,243,13.0,185
Stationary,Adaptive audit,20261320,0.8704492187500001,0.06484375,0.0,314,19.0,197
Stationary,Adaptive audit,20261321,0.87295703125,0.053125,0.00625,251,7.0,197
Stationary,Adaptive audit,20261322,0.8613281250000002,0.0578125,0.0,305,20.0,213
Stationary,Adaptive audit,20261323,0.85826171875,0.05078125,0.0,251,19.0,222
Stationary,Adaptive audit,20261324,0.8524804687500002,0.06484375000000002,0.0,339,25.0,225
Stationary,Adaptive audit,20261325,0.8780664062500001,0.04609375,0.0,234,15.0,190
Stationary,Adaptive audit,20261326,0.86728515625,0.08359375,0.0,420,27.0,194
Stationary,Adaptive audit,20261327,0.86435546875,0.06484375,0.0,305,19.0,208
Stationary,No audit,20260928,0.8734375,0.0,0.0,0,0.0,216
Stationary,No audit,20260929,0.891015625,0.0,0.0,0,0.0,186
Stationary,No audit,20260930,0.8787109375,0.0,0.0,0,0.0,207
Stationary,No audit,20260931,0.8787109375,0.0,0.0,0,0.0,207
Stationary,No audit,20260932,0.881640625,0.0,0.0,0,0.0,202
Stationary,No audit,20260933,0.869921875,0.0,0.0,0,0.0,222
Stationary,No audit,20260934,0.8875,0.0,0.0,0,0.0,192
Stationary,No audit,20260935,0.8927734375,0.0,0.0,0,0.0,183
Stationary,No audit,20260936,0.8822265625,0.0,0.0,0,0.0,201
Stationary,No audit,20260937,0.87578125,0.0,0.0,0,0.0,212
Stationary,No audit,20260938,0.87109375,0.0,0.0,0,0.0,220
Stationary,No audit,20260939,0.8798828125,0.0,0.0,0,0.0,205
Stationary,No audit,20260940,0.8833984375,0.0,0.0,0,0.0,199
Stationary,No audit,20260941,0.88984375,0.0,0.0,0,0.0,188
Stationary,No audit,20260942,0.8892578125,0.0,0.0,0,0.0,189
Stationary,No audit,20260943,0.8640625,0.0,0.0,0,0.0,232
Stationary,No audit,20260944,0.8693359375,0.0,0.0,0,0.0,223
Stationary,No audit,20260945,0.87578125,0.0,0.0,0,0.0,212
Stationary,No audit,20260946,0.8828125,0.0,0.0,0,0.0,200
Stationary,No audit,20260947,0.8892578125,0.0,0.0,0,0.0,189
Stationary,No audit,20260948,0.8822265625,0.0,0.0,0,0.0,201
Stationary,No audit,20260949,0.87578125,0.0,0.0,0,0.0,212
Stationary,No audit,20260950,0.8833984375,0.0,0.0,0,0.0,199
Stationary,No audit,20260951,0.8833984375,0.0,0.0,0,0.0,199
Stationary,No audit,20260952,0.872265625,0.0,0.0,0,0.0,218
Stationary,No audit,20260953,0.876953125,0.0,0.0,0,0.0,210
Stationary,No audit,20260954,0.874609375,0.0,0.0,0,0.0,214
Stationary,No audit,20260955,0.88046875,0.0,0.0,0,0.0,204
Stationary,No audit,20260956,0.879296875,0.0,0.0,0,0.0,206
Stationary,No audit,20260957,0.88984375,0.0,0.0,0,0.0,188
Stationary,No audit,20260958,0.88515625,0.0,0.0,0,0.0,196
Stationary,No audit,20260959,0.8728515625,0.0,0.0,0,0.0,217
Stationary,No audit,20260960,0.891015625,0.0,0.0,0,0.0,186
Stationary,No audit,20260961,0.8833984375,0.0,0.0,0,0.0,199
Stationary,No audit,20260962,0.8775390625,0.0,0.0,0,0.0,209
Stationary,No audit,20260963,0.8921875,0.0,0.0,0,0.0,184
Stationary,No audit,20260964,0.8810546875,0.0,0.0,0,0.0,203
Stationary,No audit,20260965,0.8740234375,0.0,0.0,0,0.0,215
Stationary,No audit,20260966,0.8951171875,0.0,0.0,0,0.0,179
Stationary,No audit,20260967,0.8880859375,0.0,0.0,0,0.0,191
Stationary,No audit,20260968,0.8705078125,0.0,0.0,0,0.0,221
Stationary,No audit,20260969,0.8763671875,0.0,0.0,0,0.0,211
Stationary,No audit,20260970,0.8974609375,0.0,0.0,0,0.0,175
Stationary,No audit,20260971,0.876953125,0.0,0.0,0,0.0,210
Stationary,No audit,20260972,0.886328125,0.0,0.0,0,0.0,194
Stationary,No audit,20260973,0.8892578125,0.0,0.0,0,0.0,189
Stationary,No audit,20260974,0.8810546875,0.0,0.0,0,0.0,203
Stationary,No audit,20260975,0.8734375,0.0,0.0,0,0.0,216
Stationary,No audit,20260976,0.8734375,0.0,0.0,0,0.0,216
Stationary,No audit,20260977,0.8845703125,0.0,0.0,0,0.0,197
Stationary,No audit,20260978,0.8775390625,0.0,0.0,0,0.0,209
Stationary,No audit,20260979,0.888671875,0.0,0.0,0,0.0,190
Stationary,No audit,20260980,0.8798828125,0.0,0.0,0,0.0,205
Stationary,No audit,20260981,0.8798828125,0.0,0.0,0,0.0,205
Stationary,No audit,20260982,0.87578125,0.0,0.0,0,0.0,212
Stationary,No audit,20260983,0.8810546875,0.0,0.0,0,0.0,203
Stationary,No audit,20260984,0.8716796875,0.0,0.0,0,0.0,219
Stationary,No audit,20260985,0.85703125,0.0,0.0,0,0.0,244
Stationary,No audit,20260986,0.8623046875,0.0,0.0,0,0.0,235
Stationary,No audit,20260987,0.88046875,0.0,0.0,0,0.0,204
Stationary,No audit,20260988,0.8716796875,0.0,0.0,0,0.0,219
Stationary,No audit,20260989,0.8875,0.0,0.0,0,0.0,192
Stationary,No audit,20260990,0.8822265625,0.0,0.0,0,0.0,201
Stationary,No audit,20260991,0.8921875,0.0,0.0,0,0.0,184
Stationary,No audit,20260992,0.8810546875,0.0,0.0,0,0.0,203
Stationary,No audit,20260993,0.8822265625,0.0,0.0,0,0.0,201
Stationary,No audit,20260994,0.8728515625,0.0,0.0,0,0.0,217
Stationary,No audit,20260995,0.88046875,0.0,0.0,0,0.0,204
Stationary,No audit,20260996,0.8939453125,0.0,0.0,0,0.0,181
Stationary,No audit,20260997,0.8822265625,0.0,0.0,0,0.0,201
Stationary,No audit,20260998,0.8822265625,0.0,0.0,0,0.0,201
Stationary,No audit,20260999,0.8921875,0.0,0.0,0,0.0,184
Stationary,No audit,20261000,0.878125,0.0,0.0,0,0.0,208
Stationary,No audit,20261001,0.883984375,0.0,0.0,0,0.0,198
Stationary,No audit,20261002,0.8869140625,0.0,0.0,0,0.0,193
Stationary,No audit,20261003,0.8740234375,0.0,0.0,0,0.0,215
Stationary,No audit,20261004,0.874609375,0.0,0.0,0,0.0,214
Stationary,No audit,20261005,0.8763671875,0.0,0.0,0,0.0,211
Stationary,No audit,20261006,0.8921875,0.0,0.0,0,0.0,184
Stationary,No audit,20261007,0.88984375,0.0,0.0,0,0.0,188
Stationary,No audit,20261008,0.8833984375,0.0,0.0,0,0.0,199
Stationary,No audit,20261009,0.8705078125,0.0,0.0,0,0.0,221
Stationary,No audit,20261010,0.886328125,0.0,0.0,0,0.0,194
Stationary,No audit,20261011,0.883984375,0.0,0.0,0,0.0,198
Stationary,No audit,20261012,0.8763671875,0.0,0.0,0,0.0,211
Stationary,No audit,20261013,0.8798828125,0.0,0.0,0,0.0,205
Stationary,No audit,20261014,0.8734375,0.0,0.0,0,0.0,216
Stationary,No audit,20261015,0.8681640625,0.0,0.0,0,0.0,225
Stationary,No audit,20261016,0.8904296875,0.0,0.0,0,0.0,187
Stationary,No audit,20261017,0.8869140625,0.0,0.0,0,0.0,193
Stationary,No audit,20261018,0.8828125,0.0,0.0,0,0.0,200
Stationary,No audit,20261019,0.87578125,0.0,0.0,0,0.0,212
Stationary,No audit,20261020,0.8828125,0.0,0.0,0,0.0,200
Stationary,No audit,20261021,0.87109375,0.0,0.0,0,0.0,220
Stationary,No audit,20261022,0.867578125,0.0,0.0,0,0.0,226
Stationary,No audit,20261023,0.8716796875,0.0,0.0,0,0.0,219
Stationary,No audit,20261024,0.888671875,0.0,0.0,0,0.0,190
Stationary,No audit,20261025,0.878125,0.0,0.0,0,0.0,208
Stationary,No audit,20261026,0.8904296875,0.0,0.0,0,0.0,187
Stationary,No audit,20261027,0.869921875,0.0,0.0,0,0.0,222
Stationary,No audit,20261028,0.8822265625,0.0,0.0,0,0.0,201
Stationary,No audit,20261029,0.88515625,0.0,0.0,0,0.0,196
Stationary,No audit,20261030,0.8787109375,0.0,0.0,0,0.0,207
Stationary,No audit,20261031,0.888671875,0.0,0.0,0,0.0,190
Stationary,No audit,20261032,0.872265625,0.0,0.0,0,0.0,218
Stationary,No audit,20261033,0.886328125,0.0,0.0,0,0.0,194
Stationary,No audit,20261034,0.8775390625,0.0,0.0,0,0.0,209
Stationary,No audit,20261035,0.88046875,0.0,0.0,0,0.0,204
Stationary,No audit,20261036,0.8875,0.0,0.0,0,0.0,192
Stationary,No audit,20261037,0.8880859375,0.0,0.0,0,0.0,191
Stationary,No audit,20261038,0.87109375,0.0,0.0,0,0.0,220
Stationary,No audit,20261039,0.8775390625,0.0,0.0,0,0.0,209
Stationary,No audit,20261040,0.86875,0.0,0.0,0,0.0,224
Stationary,No audit,20261041,0.8880859375,0.0,0.0,0,0.0,191
Stationary,No audit,20261042,0.8880859375,0.0,0.0,0,0.0,191
Stationary,No audit,20261043,0.88515625,0.0,0.0,0,0.0,196
Stationary,No audit,20261044,0.8576171875,0.0,0.0,0,0.0,243
Stationary,No audit,20261045,0.8822265625,0.0,0.0,0,0.0,201
Stationary,No audit,20261046,0.881640625,0.0,0.0,0,0.0,202
Stationary,No audit,20261047,0.8845703125,0.0,0.0,0,0.0,197
Stationary,No audit,20261048,0.8828125,0.0,0.0,0,0.0,200
Stationary,No audit,20261049,0.88515625,0.0,0.0,0,0.0,196
Stationary,No audit,20261050,0.87109375,0.0,0.0,0,0.0,220
Stationary,No audit,20261051,0.879296875,0.0,0.0,0,0.0,206
Stationary,No audit,20261052,0.876953125,0.0,0.0,0,0.0,210
Stationary,No audit,20261053,0.88515625,0.0,0.0,0,0.0,196
Stationary,No audit,20261054,0.8517578125,0.0,0.0,0,0.0,253
Stationary,No audit,20261055,0.88984375,0.0,0.0,0,0.0,188
Stationary,No audit,20261056,0.874609375,0.0,0.0,0,0.0,214
Stationary,No audit,20261057,0.8828125,0.0,0.0,0,0.0,200
Stationary,No audit,20261058,0.876953125,0.0,0.0,0,0.0,210
Stationary,No audit,20261059,0.8669921875,0.0,0.0,0,0.0,227
Stationary,No audit,20261060,0.88515625,0.0,0.0,0,0.0,196
Stationary,No audit,20261061,0.888671875,0.0,0.0,0,0.0,190
Stationary,No audit,20261062,0.87109375,0.0,0.0,0,0.0,220
Stationary,No audit,20261063,0.8810546875,0.0,0.0,0,0.0,203
Stationary,No audit,20261064,0.8763671875,0.0,0.0,0,0.0,211
Stationary,No audit,20261065,0.867578125,0.0,0.0,0,0.0,226
Stationary,No audit,20261066,0.879296875,0.0,0.0,0,0.0,206
Stationary,No audit,20261067,0.874609375,0.0,0.0,0,0.0,214
Stationary,No audit,20261068,0.8763671875,0.0,0.0,0,0.0,211
Stationary,No audit,20261069,0.876953125,0.0,0.0,0,0.0,210
Stationary,No audit,20261070,0.881640625,0.0,0.0,0,0.0,202
Stationary,No audit,20261071,0.8634765625,0.0,0.0,0,0.0,233
Stationary,No audit,20261072,0.883984375,0.0,0.0,0,0.0,198
Stationary,No audit,20261073,0.8892578125,0.0,0.0,0,0.0,189
Stationary,No audit,20261074,0.8810546875,0.0,0.0,0,0.0,203
Stationary,No audit,20261075,0.893359375,0.0,0.0,0,0.0,182
Stationary,No audit,20261076,0.8822265625,0.0,0.0,0,0.0,201
Stationary,No audit,20261077,0.8875,0.0,0.0,0,0.0,192
Stationary,No audit,20261078,0.8916015625,0.0,0.0,0,0.0,185
Stationary,No audit,20261079,0.862890625,0.0,0.0,0,0.0,234
Stationary,No audit,20261080,0.8775390625,0.0,0.0,0,0.0,209
Stationary,No audit,20261081,0.8740234375,0.0,0.0,0,0.0,215
Stationary,No audit,20261082,0.8740234375,0.0,0.0,0,0.0,215
Stationary,No audit,20261083,0.8810546875,0.0,0.0,0,0.0,203
Stationary,No audit,20261084,0.87578125,0.0,0.0,0,0.0,212
Stationary,No audit,20261085,0.8763671875,0.0,0.0,0,0.0,211
Stationary,No audit,20261086,0.8775390625,0.0,0.0,0,0.0,209
Stationary,No audit,20261087,0.8822265625,0.0,0.0,0,0.0,201
Stationary,No audit,20261088,0.858203125,0.0,0.0,0,0.0,242
Stationary,No audit,20261089,0.859375,0.0,0.0,0,0.0,240
Stationary,No audit,20261090,0.86640625,0.0,0.0,0,0.0,228
Stationary,No audit,20261091,0.87109375,0.0,0.0,0,0.0,220
Stationary,No audit,20261092,0.8822265625,0.0,0.0,0,0.0,201
Stationary,No audit,20261093,0.8634765625,0.0,0.0,0,0.0,233
Stationary,No audit,20261094,0.874609375,0.0,0.0,0,0.0,214
Stationary,No audit,20261095,0.87578125,0.0,0.0,0,0.0,212
Stationary,No audit,20261096,0.874609375,0.0,0.0,0,0.0,214
Stationary,No audit,20261097,0.87578125,0.0,0.0,0,0.0,212
Stationary,No audit,20261098,0.87109375,0.0,0.0,0,0.0,220
Stationary,No audit,20261099,0.865234375,0.0,0.0,0,0.0,230
Stationary,No audit,20261100,0.8716796875,0.0,0.0,0,0.0,219
Stationary,No audit,20261101,0.89453125,0.0,0.0,0,0.0,180
Stationary,No audit,20261102,0.8857421875,0.0,0.0,0,0.0,195
Stationary,No audit,20261103,0.87578125,0.0,0.0,0,0.0,212
Stationary,No audit,20261104,0.879296875,0.0,0.0,0,0.0,206
Stationary,No audit,20261105,0.8810546875,0.0,0.0,0,0.0,203
Stationary,No audit,20261106,0.879296875,0.0,0.0,0,0.0,206
Stationary,No audit,20261107,0.8810546875,0.0,0.0,0,0.0,203
Stationary,No audit,20261108,0.869921875,0.0,0.0,0,0.0,222
Stationary,No audit,20261109,0.8705078125,0.0,0.0,0,0.0,221
Stationary,No audit,20261110,0.878125,0.0,0.0,0,0.0,208
Stationary,No audit,20261111,0.8857421875,0.0,0.0,0,0.0,195
Stationary,No audit,20261112,0.8892578125,0.0,0.0,0,0.0,189
Stationary,No audit,20261113,0.8681640625,0.0,0.0,0,0.0,225
Stationary,No audit,20261114,0.874609375,0.0,0.0,0,0.0,214
Stationary,No audit,20261115,0.8880859375,0.0,0.0,0,0.0,191
Stationary,No audit,20261116,0.886328125,0.0,0.0,0,0.0,194
Stationary,No audit,20261117,0.88515625,0.0,0.0,0,0.0,196
Stationary,No audit,20261118,0.8822265625,0.0,0.0,0,0.0,201
Stationary,No audit,20261119,0.8833984375,0.0,0.0,0,0.0,199
Stationary,No audit,20261120,0.8875,0.0,0.0,0,0.0,192
Stationary,No audit,20261121,0.878125,0.0,0.0,0,0.0,208
Stationary,No audit,20261122,0.8810546875,0.0,0.0,0,0.0,203
Stationary,No audit,20261123,0.8822265625,0.0,0.0,0,0.0,201
Stationary,No audit,20261124,0.878125,0.0,0.0,0,0.0,208
Stationary,No audit,20261125,0.8734375,0.0,0.0,0,0.0,216
Stationary,No audit,20261126,0.8869140625,0.0,0.0,0,0.0,193
Stationary,No audit,20261127,0.872265625,0.0,0.0,0,0.0,218
Stationary,No audit,20261128,0.8880859375,0.0,0.0,0,0.0,191
Stationary,No audit,20261129,0.88515625,0.0,0.0,0,0.0,196
Stationary,No audit,20261130,0.874609375,0.0,0.0,0,0.0,214
Stationary,No audit,20261131,0.8822265625,0.0,0.0,0,0.0,201
Stationary,No audit,20261132,0.8751953125,0.0,0.0,0,0.0,213
Stationary,No audit,20261133,0.8751953125,0.0,0.0,0,0.0,213
Stationary,No audit,20261134,0.8728515625,0.0,0.0,0,0.0,217
Stationary,No audit,20261135,0.8845703125,0.0,0.0,0,0.0,197
Stationary,No audit,20261136,0.8921875,0.0,0.0,0,0.0,184
Stationary,No audit,20261137,0.86640625,0.0,0.0,0,0.0,228
Stationary,No audit,20261138,0.881640625,0.0,0.0,0,0.0,202
Stationary,No audit,20261139,0.86875,0.0,0.0,0,0.0,224
Stationary,No audit,20261140,0.8880859375,0.0,0.0,0,0.0,191
Stationary,No audit,20261141,0.87578125,0.0,0.0,0,0.0,212
Stationary,No audit,20261142,0.898046875,0.0,0.0,0,0.0,174
Stationary,No audit,20261143,0.8634765625,0.0,0.0,0,0.0,233
Stationary,No audit,20261144,0.8640625,0.0,0.0,0,0.0,232
Stationary,No audit,20261145,0.8974609375,0.0,0.0,0,0.0,175
Stationary,No audit,20261146,0.874609375,0.0,0.0,0,0.0,214
Stationary,No audit,20261147,0.881640625,0.0,0.0,0,0.0,202
Stationary,No audit,20261148,0.88515625,0.0,0.0,0,0.0,196
Stationary,No audit,20261149,0.8734375,0.0,0.0,0,0.0,216
Stationary,No audit,20261150,0.881640625,0.0,0.0,0,0.0,202
Stationary,No audit,20261151,0.8822265625,0.0,0.0,0,0.0,201
Stationary,No audit,20261152,0.8828125,0.0,0.0,0,0.0,200
Stationary,No audit,20261153,0.8833984375,0.0,0.0,0,0.0,199
Stationary,No audit,20261154,0.8763671875,0.0,0.0,0,0.0,211
Stationary,No audit,20261155,0.876953125,0.0,0.0,0,0.0,210
Stationary,No audit,20261156,0.86875,0.0,0.0,0,0.0,224
Stationary,No audit,20261157,0.8740234375,0.0,0.0,0,0.0,215
Stationary,No audit,20261158,0.8869140625,0.0,0.0,0,0.0,193
Stationary,No audit,20261159,0.8705078125,0.0,0.0,0,0.0,221
Stationary,No audit,20261160,0.87109375,0.0,0.0,0,0.0,220
Stationary,No audit,20261161,0.876953125,0.0,0.0,0,0.0,210
Stationary,No audit,20261162,0.8751953125,0.0,0.0,0,0.0,213
Stationary,No audit,20261163,0.8775390625,0.0,0.0,0,0.0,209
Stationary,No audit,20261164,0.9033203125,0.0,0.0,0,0.0,165
Stationary,No audit,20261165,0.88515625,0.0,0.0,0,0.0,196
Stationary,No audit,20261166,0.878125,0.0,0.0,0,0.0,208
Stationary,No audit,20261167,0.876953125,0.0,0.0,0,0.0,210
Stationary,No audit,20261168,0.8775390625,0.0,0.0,0,0.0,209
Stationary,No audit,20261169,0.8728515625,0.0,0.0,0,0.0,217
Stationary,No audit,20261170,0.8693359375,0.0,0.0,0,0.0,223
Stationary,No audit,20261171,0.883984375,0.0,0.0,0,0.0,198
Stationary,No audit,20261172,0.883984375,0.0,0.0,0,0.0,198
Stationary,No audit,20261173,0.8763671875,0.0,0.0,0,0.0,211
Stationary,No audit,20261174,0.88984375,0.0,0.0,0,0.0,188
Stationary,No audit,20261175,0.8787109375,0.0,0.0,0,0.0,207
Stationary,No audit,20261176,0.8892578125,0.0,0.0,0,0.0,189
Stationary,No audit,20261177,0.8845703125,0.0,0.0,0,0.0,197
Stationary,No audit,20261178,0.8728515625,0.0,0.0,0,0.0,217
Stationary,No audit,20261179,0.8611328125,0.0,0.0,0,0.0,237
Stationary,No audit,20261180,0.8787109375,0.0,0.0,0,0.0,207
Stationary,No audit,20261181,0.891015625,0.0,0.0,0,0.0,186
Stationary,No audit,20261182,0.88046875,0.0,0.0,0,0.0,204
Stationary,No audit,20261183,0.881640625,0.0,0.0,0,0.0,202
Stationary,No audit,20261184,0.8798828125,0.0,0.0,0,0.0,205
Stationary,No audit,20261185,0.8705078125,0.0,0.0,0,0.0,221
Stationary,No audit,20261186,0.87578125,0.0,0.0,0,0.0,212
Stationary,No audit,20261187,0.8974609375,0.0,0.0,0,0.0,175
Stationary,No audit,20261188,0.8857421875,0.0,0.0,0,0.0,195
Stationary,No audit,20261189,0.8810546875,0.0,0.0,0,0.0,203
Stationary,No audit,20261190,0.879296875,0.0,0.0,0,0.0,206
Stationary,No audit,20261191,0.8599609375,0.0,0.0,0,0.0,239
Stationary,No audit,20261192,0.865234375,0.0,0.0,0,0.0,230
Stationary,No audit,20261193,0.8810546875,0.0,0.0,0,0.0,203
Stationary,No audit,20261194,0.88515625,0.0,0.0,0,0.0,196
Stationary,No audit,20261195,0.869921875,0.0,0.0,0,0.0,222
Stationary,No audit,20261196,0.881640625,0.0,0.0,0,0.0,202
Stationary,No audit,20261197,0.88515625,0.0,0.0,0,0.0,196
Stationary,No audit,20261198,0.8740234375,0.0,0.0,0,0.0,215
Stationary,No audit,20261199,0.8693359375,0.0,0.0,0,0.0,223
Stationary,No audit,20261200,0.891015625,0.0,0.0,0,0.0,186
Stationary,No audit,20261201,0.8705078125,0.0,0.0,0,0.0,221
Stationary,No audit,20261202,0.8681640625,0.0,0.0,0,0.0,225
Stationary,No audit,20261203,0.879296875,0.0,0.0,0,0.0,206
Stationary,No audit,20261204,0.8828125,0.0,0.0,0,0.0,200
Stationary,No audit,20261205,0.87109375,0.0,0.0,0,0.0,220
Stationary,No audit,20261206,0.8845703125,0.0,0.0,0,0.0,197
Stationary,No audit,20261207,0.88984375,0.0,0.0,0,0.0,188
Stationary,No audit,20261208,0.8828125,0.0,0.0,0,0.0,200
Stationary,No audit,20261209,0.876953125,0.0,0.0,0,0.0,210
Stationary,No audit,20261210,0.876953125,0.0,0.0,0,0.0,210
Stationary,No audit,20261211,0.8857421875,0.0,0.0,0,0.0,195
Stationary,No audit,20261212,0.872265625,0.0,0.0,0,0.0,218
Stationary,No audit,20261213,0.8763671875,0.0,0.0,0,0.0,211
Stationary,No audit,20261214,0.8892578125,0.0,0.0,0,0.0,189
Stationary,No audit,20261215,0.8875,0.0,0.0,0,0.0,192
Stationary,No audit,20261216,0.881640625,0.0,0.0,0,0.0,202
Stationary,No audit,20261217,0.8787109375,0.0,0.0,0,0.0,207
Stationary,No audit,20261218,0.88515625,0.0,0.0,0,0.0,196
Stationary,No audit,20261219,0.9009765625,0.0,0.0,0,0.0,169
Stationary,No audit,20261220,0.86875,0.0,0.0,0,0.0,224
Stationary,No audit,20261221,0.88984375,0.0,0.0,0,0.0,188
Stationary,No audit,20261222,0.8734375,0.0,0.0,0,0.0,216
Stationary,No audit,20261223,0.8869140625,0.0,0.0,0,0.0,193
Stationary,No audit,20261224,0.867578125,0.0,0.0,0,0.0,226
Stationary,No audit,20261225,0.8822265625,0.0,0.0,0,0.0,201
Stationary,No audit,20261226,0.8833984375,0.0,0.0,0,0.0,199
Stationary,No audit,20261227,0.878125,0.0,0.0,0,0.0,208
Stationary,No audit,20261228,0.8787109375,0.0,0.0,0,0.0,207
Stationary,No audit,20261229,0.8810546875,0.0,0.0,0,0.0,203
Stationary,No audit,20261230,0.8857421875,0.0,0.0,0,0.0,195
Stationary,No audit,20261231,0.88046875,0.0,0.0,0,0.0,204
Stationary,No audit,20261232,0.8693359375,0.0,0.0,0,0.0,223
Stationary,No audit,20261233,0.878125,0.0,0.0,0,0.0,208
Stationary,No audit,20261234,0.8798828125,0.0,0.0,0,0.0,205
Stationary,No audit,20261235,0.881640625,0.0,0.0,0,0.0,202
Stationary,No audit,20261236,0.8798828125,0.0,0.0,0,0.0,205
Stationary,No audit,20261237,0.8921875,0.0,0.0,0,0.0,184
Stationary,No audit,20261238,0.8751953125,0.0,0.0,0,0.0,213
Stationary,No audit,20261239,0.8728515625,0.0,0.0,0,0.0,217
Stationary,No audit,20261240,0.87578125,0.0,0.0,0,0.0,212
Stationary,No audit,20261241,0.88984375,0.0,0.0,0,0.0,188
Stationary,No audit,20261242,0.876953125,0.0,0.0,0,0.0,210
Stationary,No audit,20261243,0.8810546875,0.0,0.0,0,0.0,203
Stationary,No audit,20261244,0.886328125,0.0,0.0,0,0.0,194
Stationary,No audit,20261245,0.883984375,0.0,0.0,0,0.0,198
Stationary,No audit,20261246,0.87578125,0.0,0.0,0,0.0,212
Stationary,No audit,20261247,0.8875,0.0,0.0,0,0.0,192
Stationary,No audit,20261248,0.8798828125,0.0,0.0,0,0.0,205
Stationary,No audit,20261249,0.8787109375,0.0,0.0,0,0.0,207
Stationary,No audit,20261250,0.88046875,0.0,0.0,0,0.0,204
Stationary,No audit,20261251,0.8921875,0.0,0.0,0,0.0,184
Stationary,No audit,20261252,0.87109375,0.0,0.0,0,0.0,220
Stationary,No audit,20261253,0.865234375,0.0,0.0,0,0.0,230
Stationary,No audit,20261254,0.879296875,0.0,0.0,0,0.0,206
Stationary,No audit,20261255,0.879296875,0.0,0.0,0,0.0,206
Stationary,No audit,20261256,0.8916015625,0.0,0.0,0,0.0,185
Stationary,No audit,20261257,0.8892578125,0.0,0.0,0,0.0,189
Stationary,No audit,20261258,0.8857421875,0.0,0.0,0,0.0,195
Stationary,No audit,20261259,0.886328125,0.0,0.0,0,0.0,194
Stationary,No audit,20261260,0.8892578125,0.0,0.0,0,0.0,189
Stationary,No audit,20261261,0.888671875,0.0,0.0,0,0.0,190
Stationary,No audit,20261262,0.8775390625,0.0,0.0,0,0.0,209
Stationary,No audit,20261263,0.8775390625,0.0,0.0,0,0.0,209
Stationary,No audit,20261264,0.883984375,0.0,0.0,0,0.0,198
Stationary,No audit,20261265,0.876953125,0.0,0.0,0,0.0,210
Stationary,No audit,20261266,0.88515625,0.0,0.0,0,0.0,196
Stationary,No audit,20261267,0.876953125,0.0,0.0,0,0.0,210
Stationary,No audit,20261268,0.895703125,0.0,0.0,0,0.0,178
Stationary,No audit,20261269,0.88515625,0.0,0.0,0,0.0,196
Stationary,No audit,20261270,0.876953125,0.0,0.0,0,0.0,210
Stationary,No audit,20261271,0.8810546875,0.0,0.0,0,0.0,203
Stationary,No audit,20261272,0.89453125,0.0,0.0,0,0.0,180
Stationary,No audit,20261273,0.888671875,0.0,0.0,0,0.0,190
Stationary,No audit,20261274,0.8787109375,0.0,0.0,0,0.0,207
Stationary,No audit,20261275,0.8751953125,0.0,0.0,0,0.0,213
Stationary,No audit,20261276,0.8857421875,0.0,0.0,0,0.0,195
Stationary,No audit,20261277,0.8693359375,0.0,0.0,0,0.0,223
Stationary,No audit,20261278,0.8921875,0.0,0.0,0,0.0,184
Stationary,No audit,20261279,0.8705078125,0.0,0.0,0,0.0,221
Stationary,No audit,20261280,0.8857421875,0.0,0.0,0,0.0,195
Stationary,No audit,20261281,0.8798828125,0.0,0.0,0,0.0,205
Stationary,No audit,20261282,0.8869140625,0.0,0.0,0,0.0,193
Stationary,No audit,20261283,0.88984375,0.0,0.0,0,0.0,188
Stationary,No audit,20261284,0.8810546875,0.0,0.0,0,0.0,203
Stationary,No audit,20261285,0.8787109375,0.0,0.0,0,0.0,207
Stationary,No audit,20261286,0.89453125,0.0,0.0,0,0.0,180
Stationary,No audit,20261287,0.8740234375,0.0,0.0,0,0.0,215
Stationary,No audit,20261288,0.872265625,0.0,0.0,0,0.0,218
Stationary,No audit,20261289,0.872265625,0.0,0.0,0,0.0,218
Stationary,No audit,20261290,0.8751953125,0.0,0.0,0,0.0,213
Stationary,No audit,20261291,0.8845703125,0.0,0.0,0,0.0,197
Stationary,No audit,20261292,0.8705078125,0.0,0.0,0,0.0,221
Stationary,No audit,20261293,0.886328125,0.0,0.0,0,0.0,194
Stationary,No audit,20261294,0.886328125,0.0,0.0,0,0.0,194
Stationary,No audit,20261295,0.888671875,0.0,0.0,0,0.0,190
Stationary,No audit,20261296,0.872265625,0.0,0.0,0,0.0,218
Stationary,No audit,20261297,0.8787109375,0.0,0.0,0,0.0,207
Stationary,No audit,20261298,0.8857421875,0.0,0.0,0,0.0,195
Stationary,No audit,20261299,0.86171875,0.0,0.0,0,0.0,236
Stationary,No audit,20261300,0.8775390625,0.0,0.0,0,0.0,209
Stationary,No audit,20261301,0.8810546875,0.0,0.0,0,0.0,203
Stationary,No audit,20261302,0.8892578125,0.0,0.0,0,0.0,189
Stationary,No audit,20261303,0.886328125,0.0,0.0,0,0.0,194
Stationary,No audit,20261304,0.8810546875,0.0,0.0,0,0.0,203
Stationary,No audit,20261305,0.8716796875,0.0,0.0,0,0.0,219
Stationary,No audit,20261306,0.8810546875,0.0,0.0,0,0.0,203
Stationary,No audit,20261307,0.872265625,0.0,0.0,0,0.0,218
Stationary,No audit,20261308,0.872265625,0.0,0.0,0,0.0,218
Stationary,No audit,20261309,0.8798828125,0.0,0.0,0,0.0,205
Stationary,No audit,20261310,0.8880859375,0.0,0.0,0,0.0,191
Stationary,No audit,20261311,0.8833984375,0.0,0.0,0,0.0,199
Stationary,No audit,20261312,0.8734375,0.0,0.0,0,0.0,216
Stationary,No audit,20261313,0.8845703125,0.0,0.0,0,0.0,197
Stationary,No audit,20261314,0.8587890625,0.0,0.0,0,0.0,241
Stationary,No audit,20261315,0.872265625,0.0,0.0,0,0.0,218
Stationary,No audit,20261316,0.893359375,0.0,0.0,0,0.0,182
Stationary,No audit,20261317,0.87109375,0.0,0.0,0,0.0,220
Stationary,No audit,20261318,0.8828125,0.0,0.0,0,0.0,200
Stationary,No audit,20261319,0.8916015625,0.0,0.0,0,0.0,185
Stationary,No audit,20261320,0.8845703125,0.0,0.0,0,0.0,197
Stationary,No audit,20261321,0.8828125,0.0,0.0,0,0.0,200
Stationary,No audit,20261322,0.8751953125,0.0,0.0,0,0.0,213
Stationary,No audit,20261323,0.869921875,0.0,0.0,0,0.0,222
Stationary,No audit,20261324,0.8681640625,0.0,0.0,0,0.0,225
Stationary,No audit,20261325,0.888671875,0.0,0.0,0,0.0,190
Stationary,No audit,20261326,0.886328125,0.0,0.0,0,0.0,194
Stationary,No audit,20261327,0.878125,0.0,0.0,0,0.0,208
Stationary,Fixed 0.05,20260928,0.86328125,0.049999999999999996,0.0,260,0.0,216
Stationary,Fixed 0.05,20260929,0.8664843750000001,0.049999999999999996,0.03125,244,0.0,202
Stationary,Fixed 0.05,20260930,0.84821875,0.049999999999999996,0.075,240,0.0,220
Stationary,Fixed 0.05,20260931,0.8630703125,0.049999999999999996,0.01875,269,0.0,210
Stationary,Fixed 0.05,20260932,0.8653359375,0.049999999999999996,0.01875,271,0.0,206
Stationary,Fixed 0.05,20260933,0.8598046875000002,0.049999999999999996,0.0,259,0.0,222
Stationary,Fixed 0.05,20260934,0.8729453125000001,0.049999999999999996,0.0125,255,0.0,196
Stationary,Fixed 0.05,20260935,0.8802109375,0.049999999999999996,0.0125,234,0.0,185
Stationary,Fixed 0.05,20260936,0.8703984375000001,0.049999999999999996,0.00625,259,0.0,202
Stationary,Fixed 0.05,20260937,0.8645781250000001,0.049999999999999996,0.00625,228,0.0,214
Stationary,Fixed 0.05,20260938,0.8543671875,0.049999999999999996,0.025,253,0.0,224
Stationary,Fixed 0.05,20260939,0.8602343750000001,0.049999999999999996,0.03125,269,0.0,211
Stationary,Fixed 0.05,20260940,0.8629999999999999,0.049999999999999996,0.025,257,0.0,209
Stationary,Fixed 0.05,20260941,0.865,0.049999999999999996,0.03125,282,0.0,202
Stationary,Fixed 0.05,20260942,0.8787499999999999,0.049999999999999996,0.0,269,0.0,189
Stationary,Fixed 0.05,20260943,0.8488671875,0.049999999999999996,0.03125,245,0.0,232
Stationary,Fixed 0.05,20260944,0.852828125,0.049999999999999996,0.0125,245,0.0,231
Stationary,Fixed 0.05,20260945,0.8362031250000002,0.049999999999999996,0.0875,250,0.0,236
Stationary,Fixed 0.05,20260946,0.8740625,0.049999999999999996,0.0,224,0.0,200
Stationary,Fixed 0.05,20260947,0.87953125,0.049999999999999996,0.0,249,0.0,189
Stationary,Fixed 0.05,20260948,0.8730078125,0.049999999999999996,0.0,236,0.0,201
Stationary,Fixed 0.05,20260949,0.8658593750000001,0.049999999999999996,0.0,254,0.0,212
Stationary,Fixed 0.05,20260950,0.8743359375,0.049999999999999996,0.0,232,0.0,199
Stationary,Fixed 0.05,20260951,0.8721562500000001,0.049999999999999996,0.00625,274,0.0,198
Stationary,Fixed 0.05,20260952,0.8614843750000001,0.049999999999999996,0.0,276,0.0,218
Stationary,Fixed 0.05,20260953,0.8673046875000001,0.049999999999999996,0.0,247,0.0,210
Stationary,Fixed 0.05,20260954,0.8514453124999999,0.049999999999999996,0.03125,269,0.0,226
Stationary,Fixed 0.05,20260955,0.870703125,0.049999999999999996,0.0,250,0.0,204
Stationary,Fixed 0.05,20260956,0.864546875,0.049999999999999996,0.0125,260,0.0,210
Stationary,Fixed 0.05,20260957,0.8549375000000001,0.049999999999999996,0.075,263,0.0,207
Stationary,Fixed 0.05,20260958,0.8748828125000001,0.049999999999999996,0.0,263,0.0,196
Stationary,Fixed 0.05,20260959,0.86359375,0.049999999999999996,0.0,237,0.0,217
Stationary,Fixed 0.05,20260960,0.8812109375,0.049999999999999996,0.0,251,0.0,186
Stationary,Fixed 0.05,20260961,0.8739062499999999,0.049999999999999996,0.0,243,0.0,199
Stationary,Fixed 0.05,20260962,0.8670703124999999,0.049999999999999996,0.0,268,0.0,209
Stationary,Fixed 0.05,20260963,0.8825000000000001,0.049999999999999996,0.0,248,0.0,184
Stationary,Fixed 0.05,20260964,0.8715624999999999,0.049999999999999996,0.0,243,0.0,203
Stationary,Fixed 0.05,20260965,0.8524687500000001,0.049999999999999996,0.0375,274,0.0,222
Stationary,Fixed 0.05,20260966,0.880171875,0.049999999999999996,0.0125,265,0.0,183
Stationary,Fixed 0.05,20260967,0.8756796874999999,0.049999999999999996,0.0125,245,0.0,192
Stationary,Fixed 0.05,20260968,0.8601171874999999,0.049999999999999996,0.0,266,0.0,221
Stationary,Fixed 0.05,20260969,0.8437421875,0.049999999999999996,0.05625,261,0.0,232
Stationary,Fixed 0.05,20260970,0.88828125,0.049999999999999996,0.0,235,0.0,175
Stationary,Fixed 0.05,20260971,0.8648671875,0.049999999999999996,0.01875,238,0.0,209
Stationary,Fixed 0.05,20260972,0.8675937499999999,0.049999999999999996,0.04375,263,0.0,195
Stationary,Fixed 0.05,20260973,0.8795312500000001,0.049999999999999996,0.0,249,0.0,189
Stationary,Fixed 0.05,20260974,0.8571718749999999,0.049999999999999996,0.05,276,0.0,210
Stationary,Fixed 0.05,20260975,0.8563515624999999,0.049999999999999996,0.01875,246,0.0,223
Stationary,Fixed 0.05,20260976,0.8165859375,0.049999999999999996,0.14375,268,0.0,251
Stationary,Fixed 0.05,20260977,0.871609375,0.049999999999999996,0.00625,258,0.0,200
Stationary,Fixed 0.05,20260978,0.8369453124999999,0.049999999999999996,0.0875,261,0.0,234
Stationary,Fixed 0.05,20260979,0.8783984374999999,0.049999999999999996,0.0,263,0.0,190
Stationary,Fixed 0.05,20260980,0.8685546875,0.049999999999999996,0.0,290,0.0,205
Stationary,Fixed 0.05,20260981,0.87046875,0.049999999999999996,0.0,241,0.0,205
Stationary,Fixed 0.05,20260982,0.8398984375000002,0.049999999999999996,0.10625,234,0.0,225
Stationary,Fixed 0.05,20260983,0.8436953125000001,0.049999999999999996,0.1125,243,0.0,216
Stationary,Fixed 0.05,20260984,0.861640625,0.049999999999999996,0.0,257,0.0,219
Stationary,Fixed 0.05,20260985,0.8465234375000001,0.049999999999999996,0.0,269,0.0,244
Stationary,Fixed 0.05,20260986,0.808359375,0.049999999999999996,0.15625,241,0.0,263
Stationary,Fixed 0.05,20260987,0.8641406249999999,0.049999999999999996,0.03125,244,0.0,206
Stationary,Fixed 0.05,20260988,0.8610937500000002,0.049999999999999996,0.0,271,0.0,219
Stationary,Fixed 0.05,20260989,0.8770703125000001,0.049999999999999996,0.0,267,0.0,192
Stationary,Fixed 0.05,20260990,0.8708203125,0.049999999999999996,0.0,292,0.0,201
Stationary,Fixed 0.05,20260991,0.879265625,0.049999999999999996,0.00625,242,0.0,188
Stationary,Fixed 0.05,20260992,0.8709375000000001,0.049999999999999996,0.0,259,0.0,203
Stationary,Fixed 0.05,20260993,0.8713671875,0.049999999999999996,0.0,278,0.0,201
Stationary,Fixed 0.05,20260994,0.854453125,0.049999999999999996,0.03125,267,0.0,221
Stationary,Fixed 0.05,20260995,0.8709765624999999,0.049999999999999996,0.0,243,0.0,204
Stationary,Fixed 0.05,20260996,0.8793515625000001,0.049999999999999996,0.0125,256,0.0,185
Stationary,Fixed 0.05,20260997,0.8717578125,0.049999999999999996,0.0,268,0.0,201
Stationary,Fixed 0.05,20260998,0.858171875,0.049999999999999996,0.0375,278,0.0,212
Stationary,Fixed 0.05,20260999,0.8788359375000001,0.049999999999999996,0.00625,253,0.0,188
Stationary,Fixed 0.05,20261000,0.8678125000000001,0.049999999999999996,0.0,264,0.0,208
Stationary,Fixed 0.05,20261001,0.8735156249999999,0.049999999999999996,0.0,268,0.0,198
Stationary,Fixed 0.05,20261002,0.8771484375,0.049999999999999996,0.0,250,0.0,193
Stationary,Fixed 0.05,20261003,0.8639062500000001,0.049999999999999996,0.0,259,0.0,215
Stationary,Fixed 0.05,20261004,0.8583984375,0.049999999999999996,0.03125,241,0.0,216
Stationary,Fixed 0.05,20261005,0.8662890624999999,0.049999999999999996,0.0,258,0.0,211
Stationary,Fixed 0.05,20261006,0.8818046875000001,0.049999999999999996,0.00625,252,0.0,183
Stationary,Fixed 0.05,20261007,0.8665156250000001,0.049999999999999996,0.05625,248,0.0,194
Stationary,Fixed 0.05,20261008,0.8693906250000001,0.049999999999999996,0.0125,256,0.0,202
Stationary,Fixed 0.05,20261009,0.860625,0.049999999999999996,0.0,253,0.0,221
Stationary,Fixed 0.05,20261010,0.8731484375,0.049999999999999996,0.01875,251,0.0,194
Stationary,Fixed 0.05,20261011,0.869328125,0.049999999999999996,0.025,260,0.0,198
Stationary,Fixed 0.05,20261012,0.8661718750000003,0.049999999999999996,0.0,261,0.0,211
Stationary,Fixed 0.05,20261013,0.8665468749999998,0.049999999999999996,0.01875,225,0.0,207
Stationary,Fixed 0.05,20261014,0.8498359375,0.049999999999999996,0.05625,255,0.0,222
Stationary,Fixed 0.05,20261015,0.8576562500000001,0.049999999999999996,0.0,269,0.0,225
Stationary,Fixed 0.05,20261016,0.8682187500000002,0.049999999999999996,0.04375,262,0.0,194
Stationary,Fixed 0.05,20261017,0.8787890624999999,0.049999999999999996,0.0,208,0.0,193
Stationary,Fixed 0.05,20261018,0.8618515625000001,0.049999999999999996,0.04375,245,0.0,206
Stationary,Fixed 0.05,20261019,0.8541796875000001,0.049999999999999996,0.03125,229,0.0,224
Stationary,Fixed 0.05,20261020,0.8703671875000001,0.049999999999999996,0.0125,261,0.0,200
Stationary,Fixed 0.05,20261021,0.8621874999999999,0.049999999999999996,0.0,228,0.0,220
Stationary,Fixed 0.05,20261022,0.8394140625000002,0.049999999999999996,0.0625,268,0.0,237
Stationary,Fixed 0.05,20261023,0.8617187500000002,0.049999999999999996,0.0,255,0.0,219
Stationary,Fixed 0.05,20261024,0.8791406250000001,0.049999999999999996,0.0,244,0.0,190
Stationary,Fixed 0.05,20261025,0.8682812500000001,0.049999999999999996,0.0,252,0.0,208
Stationary,Fixed 0.05,20261026,0.87921875,0.049999999999999996,0.0,287,0.0,187
Stationary,Fixed 0.05,20261027,0.8605859375000001,0.049999999999999996,0.0,239,0.0,222
Stationary,Fixed 0.05,20261028,0.871921875,0.049999999999999996,0.00625,220,0.0,202
Stationary,Fixed 0.05,20261029,0.8694765624999998,0.049999999999999996,0.01875,225,0.0,202
Stationary,Fixed 0.05,20261030,0.8562734375000002,0.049999999999999996,0.05,239,0.0,214
Stationary,Fixed 0.05,20261031,0.8718359375,0.049999999999999996,0.03125,257,0.0,192
Stationary,Fixed 0.05,20261032,0.8533515625,0.049999999999999996,0.025,234,0.0,227
Stationary,Fixed 0.05,20261033,0.8611484375,0.049999999999999996,0.04375,263,0.0,206
Stationary,Fixed 0.05,20261034,0.850359375,0.049999999999999996,0.06875,244,0.0,218
Stationary,Fixed 0.05,20261035,0.86984375,0.049999999999999996,0.0,272,0.0,204
Stationary,Fixed 0.05,20261036,0.8692265625000001,0.049999999999999996,0.0375,250,0.0,195
Stationary,Fixed 0.05,20261037,0.87765625,0.049999999999999996,0.0,267,0.0,191
Stationary,Fixed 0.05,20261038,0.8608984375000001,0.049999999999999996,0.0,261,0.0,220
Stationary,Fixed 0.05,20261039,0.8678125000000001,0.049999999999999996,0.0,249,0.0,209
Stationary,Fixed 0.05,20261040,0.8546796875,0.049999999999999996,0.025,260,0.0,223
Stationary,Fixed 0.05,20261041,0.8641640625000001,0.049999999999999996,0.05,262,0.0,199
Stationary,Fixed 0.05,20261042,0.8774765625000001,0.049999999999999996,0.0125,259,0.0,188
Stationary,Fixed 0.05,20261043,0.8570546875000001,0.049999999999999996,0.08125,270,0.0,201
Stationary,Fixed 0.05,20261044,0.83475,0.049999999999999996,0.08125,271,0.0,239
Stationary,Fixed 0.05,20261045,0.8706640625000001,0.049999999999999996,0.0,296,0.0,201
Stationary,Fixed 0.05,20261046,0.87140625,0.049999999999999996,0.0,262,0.0,202
Stationary,Fixed 0.05,20261047,0.8740234375,0.049999999999999996,0.0,270,0.0,197
Stationary,Fixed 0.05,20261048,0.8708359375000001,0.049999999999999996,0.0125,219,0.0,202
Stationary,Fixed 0.05,20261049,0.8663671875000001,0.049999999999999996,0.03125,232,0.0,203
Stationary,Fixed 0.05,20261050,0.8500156249999999,0.049999999999999996,0.04375,248,0.0,226
Stationary,Fixed 0.05,20261051,0.8687109375000001,0.049999999999999996,0.0,271,0.0,206
Stationary,Fixed 0.05,20261052,0.8664453125000001,0.049999999999999996,0.0,269,0.0,210
Stationary,Fixed 0.05,20261053,0.8605546875,0.049999999999999996,0.0375,262,0.0,209
Stationary,Fixed 0.05,20261054,0.8361953124999999,0.049999999999999996,0.01875,237,0.0,258
Stationary,Fixed 0.05,20261055,0.8794921875,0.049999999999999996,0.0,265,0.0,188
Stationary,Fixed 0.05,20261056,0.8642187500000003,0.049999999999999996,0.0,266,0.0,214
Stationary,Fixed 0.05,20261057,0.8656484374999998,0.049999999999999996,0.01875,278,0.0,205
Stationary,Fixed 0.05,20261058,0.84778125,0.049999999999999996,0.06875,250,0.0,222
Stationary,Fixed 0.05,20261059,0.8543828125000001,0.049999999999999996,0.00625,264,0.0,229
Stationary,Fixed 0.05,20261060,0.8749218750000001,0.049999999999999996,0.0,262,0.0,196
Stationary,Fixed 0.05,20261061,0.8697578125,0.049999999999999996,0.025,249,0.0,198
Stationary,Fixed 0.05,20261062,0.8581796875000001,0.049999999999999996,0.0125,258,0.0,221
Stationary,Fixed 0.05,20261063,0.8633828125,0.049999999999999996,0.01875,231,0.0,212
Stationary,Fixed 0.05,20261064,0.836140625,0.049999999999999996,0.1,254,0.0,232
Stationary,Fixed 0.05,20261065,0.83878125,0.049999999999999996,0.05625,253,0.0,241
Stationary,Fixed 0.05,20261066,0.8650937500000001,0.049999999999999996,0.0125,246,0.0,210
Stationary,Fixed 0.05,20261067,0.8638281249999998,0.049999999999999996,0.0,276,0.0,214
Stationary,Fixed 0.05,20261068,0.8668359375000001,0.049999999999999996,0.0,244,0.0,211
Stationary,Fixed 0.05,20261069,0.8673046875000001,0.049999999999999996,0.0,247,0.0,210
Stationary,Fixed 0.05,20261070,0.8723046875000001,0.049999999999999996,0.0,239,0.0,202
Stationary,Fixed 0.05,20261071,0.843328125,0.049999999999999996,0.0375,253,0.0,239
Stationary,Fixed 0.05,20261072,0.8745703125000002,0.049999999999999996,0.0,241,0.0,198
Stationary,Fixed 0.05,20261073,0.87921875,0.049999999999999996,0.0,257,0.0,189
Stationary,Fixed 0.05,20261074,0.8716015625000001,0.049999999999999996,0.0,242,0.0,203
Stationary,Fixed 0.05,20261075,0.8637109374999999,0.049999999999999996,0.0625,246,0.0,197
Stationary,Fixed 0.05,20261076,0.8715234375000002,0.049999999999999996,0.0,274,0.0,201
Stationary,Fixed 0.05,20261077,0.8683125,0.049999999999999996,0.025,256,0.0,200
Stationary,Fixed 0.05,20261078,0.882109375,0.049999999999999996,0.0,243,0.0,185
Stationary,Fixed 0.05,20261079,0.8470000000000001,0.049999999999999996,0.0375,234,0.0,234
Stationary,Fixed 0.05,20261080,0.8598593749999999,0.049999999999999996,0.0125,260,0.0,218
Stationary,Fixed 0.05,20261081,0.8447890625,0.049999999999999996,0.05,263,0.0,232
Stationary,Fixed 0.05,20261082,0.8642968750000002,0.049999999999999996,0.0,249,0.0,215
Stationary,Fixed 0.05,20261083,0.8723828125,0.049999999999999996,0.0,222,0.0,203
Stationary,Fixed 0.05,20261084,0.8242109375000002,0.049999999999999996,0.11875,248,0.0,247
Stationary,Fixed 0.05,20261085,0.8382890625,0.049999999999999996,0.06875,253,0.0,238
Stationary,Fixed 0.05,20261086,0.8672656249999999,0.049999999999999996,0.0,263,0.0,209
Stationary,Fixed 0.05,20261087,0.8721484375000002,0.049999999999999996,0.0,258,0.0,201
Stationary,Fixed 0.05,20261088,0.8450078125000001,0.049999999999999996,0.00625,249,0.0,246
Stationary,Fixed 0.05,20261089,0.8436250000000001,0.049999999999999996,0.025,258,0.0,242
Stationary,Fixed 0.05,20261090,0.8349062499999998,0.049999999999999996,0.08125,267,0.0,239
Stationary,Fixed 0.05,20261091,0.8615234375,0.049999999999999996,0.0,245,0.0,220
Stationary,Fixed 0.05,20261092,0.8721093750000002,0.049999999999999996,0.0,259,0.0,201
Stationary,Fixed 0.05,20261093,0.8540625000000002,0.049999999999999996,0.0,241,0.0,233
Stationary,Fixed 0.05,20261094,0.8629765625000001,0.049999999999999996,0.00625,269,0.0,214
Stationary,Fixed 0.05,20261095,0.865234375,0.049999999999999996,0.0,270,0.0,212
Stationary,Fixed 0.05,20261096,0.8646875000000002,0.049999999999999996,0.0,254,0.0,214
Stationary,Fixed 0.05,20261097,0.8609296875000002,0.049999999999999996,0.025,250,0.0,213
Stationary,Fixed 0.05,20261098,0.8521484375,0.049999999999999996,0.03125,281,0.0,224
Stationary,Fixed 0.05,20261099,0.8258984374999999,0.049999999999999996,0.09375,260,0.0,251
Stationary,Fixed 0.05,20261100,0.8628515625000001,0.049999999999999996,0.0,226,0.0,219
Stationary,Fixed 0.05,20261101,0.8804140625000001,0.049999999999999996,0.01875,200,0.0,185
Stationary,Fixed 0.05,20261102,0.8654218749999998,0.049999999999999996,0.025,270,0.0,204
Stationary,Fixed 0.05,20261103,0.8655859375000002,0.049999999999999996,0.0,261,0.0,212
Stationary,Fixed 0.05,20261104,0.8688281250000001,0.049999999999999996,0.0,268,0.0,206
Stationary,Fixed 0.05,20261105,0.85446875,0.049999999999999996,0.04375,254,0.0,218
Stationary,Fixed 0.05,20261106,0.8696875000000001,0.049999999999999996,0.0,246,0.0,206
Stationary,Fixed 0.05,20261107,0.8638125000000001,0.049999999999999996,0.01875,250,0.0,210
Stationary,Fixed 0.05,20261108,0.8572421875,0.049999999999999996,0.0125,237,0.0,224
Stationary,Fixed 0.05,20261109,0.8343203125,0.049999999999999996,0.08125,237,0.0,242
Stationary,Fixed 0.05,20261110,0.8675390625,0.049999999999999996,0.0,271,0.0,208
Stationary,Fixed 0.05,20261111,0.8761718750000002,0.049999999999999996,0.0,245,0.0,195
Stationary,Fixed 0.05,20261112,0.8787890625000001,0.049999999999999996,0.0,268,0.0,189
Stationary,Fixed 0.05,20261113,0.8592968750000001,0.049999999999999996,0.0,227,0.0,225
Stationary,Fixed 0.05,20261114,0.8628984375000002,0.049999999999999996,0.00625,256,0.0,215
Stationary,Fixed 0.05,20261115,0.8730234375,0.049999999999999996,0.0125,253,0.0,196
Stationary,Fixed 0.05,20261116,0.8768750000000001,0.049999999999999996,0.0,242,0.0,194
Stationary,Fixed 0.05,20261117,0.8743750000000002,0.049999999999999996,0.0,276,0.0,196
Stationary,Fixed 0.05,20261118,0.8679765625000002,0.049999999999999996,0.00625,261,0.0,206
Stationary,Fixed 0.05,20261119,0.8552656250000001,0.049999999999999996,0.05625,251,0.0,213
Stationary,Fixed 0.05,20261120,0.8771875000000001,0.049999999999999996,0.0,264,0.0,192
Stationary,Fixed 0.05,20261121,0.8650546875000001,0.049999999999999996,0.0125,232,0.0,211
Stationary,Fixed 0.05,20261122,0.8477031250000001,0.049999999999999996,0.06875,267,0.0,221
Stationary,Fixed 0.05,20261123,0.8728906250000001,0.049999999999999996,0.0,239,0.0,201
Stationary,Fixed 0.05,20261124,0.8659921874999998,0.049999999999999996,0.0125,238,0.0,209
Stationary,Fixed 0.05,20261125,0.865625,0.049999999999999996,0.0,200,0.0,216
Stationary,Fixed 0.05,20261126,0.87559375,0.049999999999999996,0.00625,261,0.0,193
Stationary,Fixed 0.05,20261127,0.862890625,0.049999999999999996,0.0,240,0.0,218
Stationary,Fixed 0.05,20261128,0.8606718750000001,0.049999999999999996,0.0375,244,0.0,210
Stationary,Fixed 0.05,20261129,0.8720078125,0.049999999999999996,0.0125,249,0.0,198
Stationary,Fixed 0.05,20261130,0.863296875,0.049999999999999996,0.0125,232,0.0,214
Stationary,Fixed 0.05,20261131,0.8691093750000001,0.049999999999999996,0.00625,247,0.0,205
Stationary,Fixed 0.05,20261132,0.8630546875,0.049999999999999996,0.00625,267,0.0,214
Stationary,Fixed 0.05,20261133,0.8576953125,0.049999999999999996,0.03125,259,0.0,216
Stationary,Fixed 0.05,20261134,0.8632031250000001,0.049999999999999996,0.0,247,0.0,217
Stationary,Fixed 0.05,20261135,0.8718046875000001,0.049999999999999996,0.00625,268,0.0,199
Stationary,Fixed 0.05,20261136,0.8825390625,0.049999999999999996,0.0,247,0.0,184
Stationary,Fixed 0.05,20261137,0.8543046875,0.049999999999999996,0.00625,281,0.0,228
Stationary,Fixed 0.05,20261138,0.8663437500000001,0.049999999999999996,0.0125,259,0.0,207
Stationary,Fixed 0.05,20261139,0.8579687499999998,0.049999999999999996,0.0,276,0.0,224
Stationary,Fixed 0.05,20261140,0.8779296875,0.049999999999999996,0.0,260,0.0,191
Stationary,Fixed 0.05,20261141,0.866796875,0.049999999999999996,0.0,230,0.0,212
Stationary,Fixed 0.05,20261142,0.8848203124999999,0.049999999999999996,0.0125,266,0.0,175
Stationary,Fixed 0.05,20261143,0.8495546875000001,0.049999999999999996,0.01875,240,0.0,235
Stationary,Fixed 0.05,20261144,0.8258125,0.049999999999999996,0.11875,237,0.0,245
Stationary,Fixed 0.05,20261145,0.878546875,0.049999999999999996,0.025,249,0.0,183
Stationary,Fixed 0.05,20261146,0.863984375,0.049999999999999996,0.0,272,0.0,214
Stationary,Fixed 0.05,20261147,0.8688359375000001,0.049999999999999996,0.00625,254,0.0,205
Stationary,Fixed 0.05,20261148,0.8648828125000001,0.049999999999999996,0.03125,285,0.0,202
Stationary,Fixed 0.05,20261149,0.8499765625000002,0.049999999999999996,0.04375,264,0.0,225
Stationary,Fixed 0.05,20261150,0.8656484375,0.049999999999999996,0.01875,263,0.0,206
Stationary,Fixed 0.05,20261151,0.8680234375000001,0.049999999999999996,0.0125,231,0.0,206
Stationary,Fixed 0.05,20261152,0.873046875,0.049999999999999996,0.0,250,0.0,200
Stationary,Fixed 0.05,20261153,0.8735156250000001,0.049999999999999996,0.0,253,0.0,199
Stationary,Fixed 0.05,20261154,0.8568749999999999,0.049999999999999996,0.03125,265,0.0,217
Stationary,Fixed 0.05,20261155,0.8676171875000002,0.049999999999999996,0.0,239,0.0,210
Stationary,Fixed 0.05,20261156,0.8573906250000001,0.049999999999999996,0.00625,262,0.0,224
Stationary,Fixed 0.05,20261157,0.8506328125,0.049999999999999996,0.0375,276,0.0,225
Stationary,Fixed 0.05,20261158,0.8776171875,0.049999999999999996,0.0,238,0.0,193
Stationary,Fixed 0.05,20261159,0.8474296875,0.049999999999999996,0.0375,253,0.0,232
Stationary,Fixed 0.05,20261160,0.8561562500000001,0.049999999999999996,0.01875,266,0.0,222
Stationary,Fixed 0.05,20261161,0.8663671875000001,0.049999999999999996,0.0,271,0.0,210
Stationary,Fixed 0.05,20261162,0.8659765625,0.049999999999999996,0.0,236,0.0,213
Stationary,Fixed 0.05,20261163,0.8468046874999999,0.049999999999999996,0.06875,260,0.0,223
Stationary,Fixed 0.05,20261164,0.89421875,0.049999999999999996,0.0,233,0.0,165
Stationary,Fixed 0.05,20261165,0.8751171875000001,0.049999999999999996,0.0,257,0.0,196
Stationary,Fixed 0.05,20261166,0.8682812500000001,0.049999999999999996,0.0,252,0.0,208
Stationary,Fixed 0.05,20261167,0.866796875,0.049999999999999996,0.0,260,0.0,210
Stationary,Fixed 0.05,20261168,0.8676171875000002,0.049999999999999996,0.0,254,0.0,209
Stationary,Fixed 0.05,20261169,0.8617265625,0.049999999999999996,0.00625,286,0.0,215
Stationary,Fixed 0.05,20261170,0.8589062500000001,0.049999999999999996,0.0,267,0.0,223
Stationary,Fixed 0.05,20261171,0.8734765625000002,0.049999999999999996,0.0,269,0.0,198
Stationary,Fixed 0.05,20261172,0.8748828125000001,0.049999999999999996,0.0,233,0.0,198
Stationary,Fixed 0.05,20261173,0.8648906249999999,0.049999999999999996,0.00625,250,0.0,212
Stationary,Fixed 0.05,20261174,0.8797656250000001,0.049999999999999996,0.0,258,0.0,188
Stationary,Fixed 0.05,20261175,0.86890625,0.049999999999999996,0.0,251,0.0,207
Stationary,Fixed 0.05,20261176,0.8709765624999999,0.049999999999999996,0.03125,264,0.0,193
Stationary,Fixed 0.05,20261177,0.8701171875,0.049999999999999996,0.03125,256,0.0,195
Stationary,Fixed 0.05,20261178,0.8624218750000001,0.049999999999999996,0.0,267,0.0,217
Stationary,Fixed 0.05,20261179,0.8514531250000001,0.049999999999999996,0.00625,264,0.0,234
Stationary,Fixed 0.05,20261180,0.8685937499999999,0.049999999999999996,0.0,259,0.0,207
Stationary,Fixed 0.05,20261181,0.8638906250000001,0.049999999999999996,0.05,239,0.0,201
Stationary,Fixed 0.05,20261182,0.8639921874999998,0.049999999999999996,0.0375,234,0.0,205
Stationary,Fixed 0.05,20261183,0.8713671875,0.049999999999999996,0.0,263,0.0,202
Stationary,Fixed 0.05,20261184,0.8698046875,0.049999999999999996,0.0,258,0.0,205
Stationary,Fixed 0.05,20261185,0.860078125,0.049999999999999996,0.0,267,0.0,221
Stationary,Fixed 0.05,20261186,0.86290625,0.049999999999999996,0.0125,242,0.0,214
Stationary,Fixed 0.05,20261187,0.8689218750000001,0.049999999999999996,0.04375,244,0.0,194
Stationary,Fixed 0.05,20261188,0.8467031250000001,0.049999999999999996,0.1125,241,0.0,211
Stationary,Fixed 0.05,20261189,0.8700468750000001,0.049999999999999996,0.00625,238,0.0,204
Stationary,Fixed 0.05,20261190,0.8641250000000001,0.049999999999999996,0.01875,242,0.0,210
Stationary,Fixed 0.05,20261191,0.8271250000000002,0.049999999999999996,0.075,240,0.0,256
Stationary,Fixed 0.05,20261192,0.8469062500000002,0.049999999999999996,0.025,234,0.0,238
Stationary,Fixed 0.05,20261193,0.8709765624999999,0.049999999999999996,0.0,258,0.0,203
Stationary,Fixed 0.05,20261194,0.867890625,0.049999999999999996,0.03125,238,0.0,200
Stationary,Fixed 0.05,20261195,0.8593359375,0.049999999999999996,0.0,271,0.0,222
Stationary,Fixed 0.05,20261196,0.8668515625,0.049999999999999996,0.0125,261,0.0,206
Stationary,Fixed 0.05,20261197,0.8736171875000002,0.049999999999999996,0.01875,239,0.0,194
Stationary,Fixed 0.05,20261198,0.8267031249999999,0.049999999999999996,0.14375,249,0.0,235
Stationary,Fixed 0.05,20261199,0.8535390625,0.049999999999999996,0.01875,243,0.0,228
Stationary,Fixed 0.05,20261200,0.8817578125000001,0.049999999999999996,0.0,237,0.0,186
Stationary,Fixed 0.05,20261201,0.8434296875000001,0.049999999999999996,0.05625,284,0.0,231
Stationary,Fixed 0.05,20261202,0.8585156250000001,0.049999999999999996,0.0,247,0.0,225
Stationary,Fixed 0.05,20261203,0.8515625,0.049999999999999996,0.0625,257,0.0,217
Stationary,Fixed 0.05,20261204,0.8733203125000001,0.049999999999999996,0.0,243,0.0,200
Stationary,Fixed 0.05,20261205,0.8610937499999999,0.049999999999999996,0.0,256,0.0,220
Stationary,Fixed 0.05,20261206,0.8750781250000002,0.049999999999999996,0.0,243,0.0,197
Stationary,Fixed 0.05,20261207,0.8728828125,0.049999999999999996,0.025,274,0.0,191
Stationary,Fixed 0.05,20261208,0.8677187500000001,0.049999999999999996,0.01875,225,0.0,205
Stationary,Fixed 0.05,20261209,0.8666796874999999,0.049999999999999996,0.0,263,0.0,210
Stationary,Fixed 0.05,20261210,0.85328125,0.049999999999999996,0.03125,252,0.0,224
Stationary,Fixed 0.05,20261211,0.866796875,0.049999999999999996,0.03125,266,0.0,200
Stationary,Fixed 0.05,20261212,0.8613750000000001,0.049999999999999996,0.00625,235,0.0,219
Stationary,Fixed 0.05,20261213,0.8578203125,0.049999999999999996,0.0375,242,0.0,215
Stationary,Fixed 0.05,20261214,0.8794921875,0.049999999999999996,0.0,250,0.0,189
Stationary,Fixed 0.05,20261215,0.8776171875000001,0.049999999999999996,0.0,253,0.0,192
Stationary,Fixed 0.05,20261216,0.8660703125,0.049999999999999996,0.0125,266,0.0,207
Stationary,Fixed 0.05,20261217,0.85484375,0.049999999999999996,0.03125,272,0.0,220
Stationary,Fixed 0.05,20261218,0.8738359375,0.049999999999999996,0.00625,246,0.0,197
Stationary,Fixed 0.05,20261219,0.8907031249999999,0.049999999999999996,0.0,263,0.0,169
Stationary,Fixed 0.05,20261220,0.8408828125,0.049999999999999996,0.05,258,0.0,239
Stationary,Fixed 0.05,20261221,0.8787499999999999,0.049999999999999996,0.0,284,0.0,188
Stationary,Fixed 0.05,20261222,0.8632031250000001,0.049999999999999996,0.0,262,0.0,216
Stationary,Fixed 0.05,20261223,0.8764453124999999,0.049999999999999996,0.0,268,0.0,193
Stationary,Fixed 0.05,20261224,0.8341640625,0.049999999999999996,0.08125,256,0.0,241
Stationary,Fixed 0.05,20261225,0.8722265625000001,0.049999999999999996,0.0,256,0.0,201
Stationary,Fixed 0.05,20261226,0.8563203125000001,0.049999999999999996,0.05625,269,0.0,210
Stationary,Fixed 0.05,20261227,0.8676562499999999,0.049999999999999996,0.0,268,0.0,208
Stationary,Fixed 0.05,20261228,0.8625624999999999,0.049999999999999996,0.01875,252,0.0,212
Stationary,Fixed 0.05,20261229,0.8686015625,0.049999999999999996,0.00625,245,0.0,206
Stationary,Fixed 0.05,20261230,0.851328125,0.049999999999999996,0.0625,263,0.0,217
Stationary,Fixed 0.05,20261231,0.8706250000000001,0.049999999999999996,0.0,252,0.0,204
Stationary,Fixed 0.05,20261232,0.8470859374999999,0.049999999999999996,0.04375,248,0.0,231
Stationary,Fixed 0.05,20261233,0.858984375,0.049999999999999996,0.03125,256,0.0,214
Stationary,Fixed 0.05,20261234,0.869375,0.049999999999999996,0.0,269,0.0,205
Stationary,Fixed 0.05,20261235,0.8584375,0.049999999999999996,0.03125,270,0.0,214
Stationary,Fixed 0.05,20261236,0.853015625,0.049999999999999996,0.0375,275,0.0,221
Stationary,Fixed 0.05,20261237,0.881171875,0.049999999999999996,0.0,282,0.0,184
Stationary,Fixed 0.05,20261238,0.8451171875,0.049999999999999996,0.0625,272,0.0,227
Stationary,Fixed 0.05,20261239,0.8632031250000001,0.049999999999999996,0.0,247,0.0,217
Stationary,Fixed 0.05,20261240,0.8656640624999999,0.049999999999999996,0.0,259,0.0,212
Stationary,Fixed 0.05,20261241,0.8754843750000001,0.049999999999999996,0.0125,235,0.0,193
Stationary,Fixed 0.05,20261242,0.8549140625,0.049999999999999996,0.05625,260,0.0,213
Stationary,Fixed 0.05,20261243,0.8599218749999998,0.049999999999999996,0.03125,277,0.0,211
Stationary,Fixed 0.05,20261244,0.8760937500000001,0.049999999999999996,0.0,262,0.0,194
Stationary,Fixed 0.05,20261245,0.8740234375,0.049999999999999996,0.0,255,0.0,198
Stationary,Fixed 0.05,20261246,0.8658984375000001,0.049999999999999996,0.0,253,0.0,212
Stationary,Fixed 0.05,20261247,0.877734375,0.049999999999999996,0.0,250,0.0,192
Stationary,Fixed 0.05,20261248,0.8618203125000001,0.049999999999999996,0.01875,271,0.0,212
Stationary,Fixed 0.05,20261249,0.8691406250000002,0.049999999999999996,0.0,245,0.0,207
Stationary,Fixed 0.05,20261250,0.8616953125,0.049999999999999996,0.04375,234,0.0,207
Stationary,Fixed 0.05,20261251,0.880359375,0.049999999999999996,0.00625,259,0.0,185
Stationary,Fixed 0.05,20261252,0.8609375,0.049999999999999996,0.0,260,0.0,220
Stationary,Fixed 0.05,20261253,0.8437578125,0.049999999999999996,0.0375,242,0.0,239
Stationary,Fixed 0.05,20261254,0.8678593750000001,0.049999999999999996,0.00625,249,0.0,207
Stationary,Fixed 0.05,20261255,0.8597265625,0.049999999999999996,0.03125,252,0.0,213
Stationary,Fixed 0.05,20261256,0.8805546875000001,0.049999999999999996,0.00625,239,0.0,186
Stationary,Fixed 0.05,20261257,0.8792578125,0.049999999999999996,0.0,256,0.0,189
Stationary,Fixed 0.05,20261258,0.856546875,0.049999999999999996,0.05,262,0.0,212
Stationary,Fixed 0.05,20261259,0.876640625,0.049999999999999996,0.0,248,0.0,194
Stationary,Fixed 0.05,20261260,0.8787499999999999,0.049999999999999996,0.0,269,0.0,189
Stationary,Fixed 0.05,20261261,0.8790234375000001,0.049999999999999996,0.0,247,0.0,190
Stationary,Fixed 0.05,20261262,0.8658359375,0.049999999999999996,0.0125,227,0.0,210
Stationary,Fixed 0.05,20261263,0.8600000000000001,0.049999999999999996,0.03125,230,0.0,214
Stationary,Fixed 0.05,20261264,0.8729765625000001,0.049999999999999996,0.00625,253,0.0,198
Stationary,Fixed 0.05,20261265,0.848546875,0.049999999999999996,0.05625,243,0.0,225
Stationary,Fixed 0.05,20261266,0.8752734375,0.049999999999999996,0.0,253,0.0,196
Stationary,Fixed 0.05,20261267,0.8492421875000001,0.049999999999999996,0.05,269,0.0,224
Stationary,Fixed 0.05,20261268,0.8840468749999999,0.049999999999999996,0.01875,257,0.0,175
Stationary,Fixed 0.05,20261269,0.8746953125000001,0.049999999999999996,0.00625,239,0.0,196
Stationary,Fixed 0.05,20261270,0.8376015625000001,0.049999999999999996,0.08125,213,0.0,238
Stationary,Fixed 0.05,20261271,0.8670468750000001,0.049999999999999996,0.0125,271,0.0,205
Stationary,Fixed 0.05,20261272,0.8844140625000001,0.049999999999999996,0.0,259,0.0,180
Stationary,Fixed 0.05,20261273,0.8787500000000001,0.049999999999999996,0.0,254,0.0,190
Stationary,Fixed 0.05,20261274,0.8637734375000001,0.049999999999999996,0.01875,266,0.0,209
Stationary,Fixed 0.05,20261275,0.8656640625000002,0.049999999999999996,0.0,244,0.0,213
Stationary,Fixed 0.05,20261276,0.8757421875,0.049999999999999996,0.0,256,0.0,195
Stationary,Fixed 0.05,20261277,0.8283906250000002,0.049999999999999996,0.0875,240,0.0,250
Stationary,Fixed 0.05,20261278,0.869453125,0.049999999999999996,0.03125,273,0.0,195
Stationary,Fixed 0.05,20261279,0.8608984374999998,0.049999999999999996,0.0,246,0.0,221
Stationary,Fixed 0.05,20261280,0.8565625000000001,0.049999999999999996,0.0625,264,0.0,208
Stationary,Fixed 0.05,20261281,0.8702343750000001,0.049999999999999996,0.0,247,0.0,205
Stationary,Fixed 0.05,20261282,0.876640625,0.049999999999999996,0.0,263,0.0,193
Stationary,Fixed 0.05,20261283,0.87953125,0.049999999999999996,0.0,264,0.0,188
Stationary,Fixed 0.05,20261284,0.8708203125,0.049999999999999996,0.0,262,0.0,203
Stationary,Fixed 0.05,20261285,0.86890625,0.049999999999999996,0.0,251,0.0,207
Stationary,Fixed 0.05,20261286,0.8848437499999999,0.049999999999999996,0.0,248,0.0,180
Stationary,Fixed 0.05,20261287,0.8426718750000001,0.049999999999999996,0.04375,241,0.0,239
Stationary,Fixed 0.05,20261288,0.8619140625,0.049999999999999996,0.0,265,0.0,218
Stationary,Fixed 0.05,20261289,0.8318046875,0.049999999999999996,0.1,275,0.0,238
Stationary,Fixed 0.05,20261290,0.8599609375,0.049999999999999996,0.03125,261,0.0,212
Stationary,Fixed 0.05,20261291,0.87146875,0.049999999999999996,0.01875,234,0.0,198
Stationary,Fixed 0.05,20261292,0.83096875,0.049999999999999996,0.0875,279,0.0,243
Stationary,Fixed 0.05,20261293,0.86271875,0.049999999999999996,0.05,254,0.0,202
Stationary,Fixed 0.05,20261294,0.8778515625000001,0.049999999999999996,0.0,217,0.0,194
Stationary,Fixed 0.05,20261295,0.8783203125000002,0.049999999999999996,0.0,265,0.0,190
Stationary,Fixed 0.05,20261296,0.8571640625000001,0.049999999999999996,0.0125,239,0.0,224
Stationary,Fixed 0.05,20261297,0.8687109375000001,0.049999999999999996,0.0,256,0.0,207
Stationary,Fixed 0.05,20261298,0.87625,0.049999999999999996,0.0,243,0.0,195
Stationary,Fixed 0.05,20261299,0.8515234374999998,0.049999999999999996,0.0,261,0.0,236
Stationary,Fixed 0.05,20261300,0.8546015625000001,0.049999999999999996,0.05625,238,0.0,215
Stationary,Fixed 0.05,20261301,0.8703125,0.049999999999999996,0.0,275,0.0,203
Stationary,Fixed 0.05,20261302,0.8757890625,0.049999999999999996,0.00625,256,0.0,193
Stationary,Fixed 0.05,20261303,0.8755859375,0.049999999999999996,0.0,275,0.0,194
Stationary,Fixed 0.05,20261304,0.8427968750000001,0.049999999999999996,0.08125,260,0.0,226
Stationary,Fixed 0.05,20261305,0.8605078125000001,0.049999999999999996,0.0,286,0.0,219
Stationary,Fixed 0.05,20261306,0.87203125,0.049999999999999996,0.0,231,0.0,203
Stationary,Fixed 0.05,20261307,0.862890625,0.049999999999999996,0.0,240,0.0,218
Stationary,Fixed 0.05,20261308,0.8598125,0.049999999999999996,0.00625,245,0.0,221
Stationary,Fixed 0.05,20261309,0.8523359375000001,0.049999999999999996,0.05625,236,0.0,219
Stationary,Fixed 0.05,20261310,0.8778124999999999,0.049999999999999996,0.0,263,0.0,191
Stationary,Fixed 0.05,20261311,0.87184375,0.049999999999999996,0.00625,252,0.0,200
Stationary,Fixed 0.05,20261312,0.8573281250000001,0.049999999999999996,0.01875,251,0.0,221
Stationary,Fixed 0.05,20261313,0.873046875,0.049999999999999996,0.0,295,0.0,197
Stationary,Fixed 0.05,20261314,0.8172734375000001,0.049999999999999996,0.1,227,0.0,266
Stationary,Fixed 0.05,20261315,0.86359375,0.049999999999999996,0.0,222,0.0,218
Stationary,Fixed 0.05,20261316,0.8832421875000002,0.049999999999999996,0.0,259,0.0,182
Stationary,Fixed 0.05,20261317,0.86171875,0.049999999999999996,0.0,240,0.0,220
Stationary,Fixed 0.05,20261318,0.8732031250000002,0.049999999999999996,0.0,246,0.0,200
Stationary,Fixed 0.05,20261319,0.8824609375000001,0.049999999999999996,0.0,234,0.0,185
Stationary,Fixed 0.05,20261320,0.851921875,0.049999999999999996,0.06875,234,0.0,216
Stationary,Fixed 0.05,20261321,0.8585078125000001,0.049999999999999996,0.05625,243,0.0,208
Stationary,Fixed 0.05,20261322,0.8655078125000001,0.049999999999999996,0.0,248,0.0,213
Stationary,Fixed 0.05,20261323,0.8517187500000002,0.049999999999999996,0.03125,247,0.0,227
Stationary,Fixed 0.05,20261324,0.8467343750000002,0.049999999999999996,0.04375,257,0.0,231
Stationary,Fixed 0.05,20261325,0.87921875,0.049999999999999996,0.0,242,0.0,190
Stationary,Fixed 0.05,20261326,0.87671875,0.049999999999999996,0.0,246,0.0,194
Stationary,Fixed 0.05,20261327,0.8685546875,0.049999999999999996,0.0,245,0.0,208
Stationary,Fixed 0.10,20260928,0.8526171875000002,0.09999999999999999,0.0,533,0.0,216
Stationary,Fixed 0.10,20260929,0.8703515625,0.09999999999999999,0.0,529,0.0,186
Stationary,Fixed 0.10,20260930,0.8596484375,0.09999999999999999,0.0,488,0.0,207
Stationary,Fixed 0.10,20260931,0.8588281249999999,0.09999999999999999,0.0,509,0.0,207
Stationary,Fixed 0.10,20260932,0.8606640625,0.09999999999999999,0.0,537,0.0,202
Stationary,Fixed 0.10,20260933,0.8495703125,0.09999999999999999,0.0,521,0.0,222
Stationary,Fixed 0.10,20260934,0.8594062499999999,0.09999999999999999,0.025,499,0.0,199
Stationary,Fixed 0.10,20260935,0.873828125,0.09999999999999999,0.0,485,0.0,183
Stationary,Fixed 0.10,20260936,0.862265625,0.09999999999999999,0.0,511,0.0,201
Stationary,Fixed 0.10,20260937,0.8566015625000001,0.09999999999999999,0.0,491,0.0,212
Stationary,Fixed 0.10,20260938,0.8461484374999999,0.09999999999999999,0.0125,506,0.0,225
Stationary,Fixed 0.10,20260939,0.85875,0.09999999999999999,0.0,541,0.0,205
Stationary,Fixed 0.10,20260940,0.8556953125,0.09999999999999999,0.025,504,0.0,205
Stationary,Fixed 0.10,20260941,0.8691796875000002,0.09999999999999999,0.0,529,0.0,188
Stationary,Fixed 0.10,20260942,0.8694921874999999,0.09999999999999999,0.0,506,0.0,189
Stationary,Fixed 0.10,20260943,0.8452734374999998,0.09999999999999999,0.0,481,0.0,232
Stationary,Fixed 0.10,20260944,0.8485546875000001,0.09999999999999999,0.0,532,0.0,223
Stationary,Fixed 0.10,20260945,0.8566796875,0.09999999999999999,0.0,489,0.0,212
Stationary,Fixed 0.10,20260946,0.8641406249999999,0.09999999999999999,0.0,478,0.0,200
Stationary,Fixed 0.10,20260947,0.870078125,0.09999999999999999,0.0,491,0.0,189
Stationary,Fixed 0.10,20260948,0.8634374999999999,0.09999999999999999,0.0,481,0.0,201
Stationary,Fixed 0.10,20260949,0.85578125,0.09999999999999999,0.0,512,0.0,212
Stationary,Fixed 0.10,20260950,0.8646093749999999,0.09999999999999999,0.0,481,0.0,199
Stationary,Fixed 0.10,20260951,0.861640625,0.09999999999999999,0.0,557,0.0,199
Stationary,Fixed 0.10,20260952,0.8516406249999999,0.09999999999999999,0.0,528,0.0,218
Stationary,Fixed 0.10,20260953,0.8578515624999999,0.09999999999999999,0.0,489,0.0,210
Stationary,Fixed 0.10,20260954,0.8542578125,0.09999999999999999,0.0,521,0.0,214
Stationary,Fixed 0.10,20260955,0.8590703125000001,0.09999999999999999,0.00625,519,0.0,204
Stationary,Fixed 0.10,20260956,0.859609375,0.09999999999999999,0.0,504,0.0,206
Stationary,Fixed 0.10,20260957,0.8556796875,0.09999999999999999,0.04375,538,0.0,197
Stationary,Fixed 0.10,20260958,0.8646093749999999,0.09999999999999999,0.0,526,0.0,196
Stationary,Fixed 0.10,20260959,0.8539453124999999,0.09999999999999999,0.0,484,0.0,217
Stationary,Fixed 0.10,20260960,0.8708203125,0.09999999999999999,0.0,517,0.0,186
Stationary,Fixed 0.10,20260961,0.8584609375,0.09999999999999999,0.01875,507,0.0,202
Stationary,Fixed 0.10,20260962,0.8578906250000001,0.09999999999999999,0.0,503,0.0,209
Stationary,Fixed 0.10,20260963,0.87265625,0.09999999999999999,0.0,500,0.0,184
Stationary,Fixed 0.10,20260964,0.8619531250000001,0.09999999999999999,0.0,489,0.0,203
Stationary,Fixed 0.10,20260965,0.8536328125000001,0.09999999999999999,0.0,522,0.0,215
Stationary,Fixed 0.10,20260966,0.8752734375,0.09999999999999999,0.0,508,0.0,179
Stationary,Fixed 0.10,20260967,0.8677031249999999,0.09999999999999999,0.00625,493,0.0,191
Stationary,Fixed 0.10,20260968,0.8501171875000001,0.09999999999999999,0.0,522,0.0,221
Stationary,Fixed 0.10,20260969,0.8462812499999999,0.09999999999999999,0.025,505,0.0,221
Stationary,Fixed 0.10,20260970,0.8791796875,0.09999999999999999,0.0,468,0.0,175
Stationary,Fixed 0.10,20260971,0.8578125,0.09999999999999999,0.0,490,0.0,210
Stationary,Fixed 0.10,20260972,0.8651171874999999,0.09999999999999999,0.0,543,0.0,194
Stationary,Fixed 0.10,20260973,0.8697656250000001,0.09999999999999999,0.0,499,0.0,189
Stationary,Fixed 0.10,20260974,0.8552187499999999,0.09999999999999999,0.01875,545,0.0,205
Stationary,Fixed 0.10,20260975,0.8482890624999999,0.09999999999999999,0.00625,525,0.0,222
Stationary,Fixed 0.10,20260976,0.8301562499999999,0.09999999999999999,0.0625,505,0.0,237
Stationary,Fixed 0.10,20260977,0.8645703125,0.09999999999999999,0.0,512,0.0,197
Stationary,Fixed 0.10,20260978,0.857421875,0.09999999999999999,0.0,515,0.0,209
Stationary,Fixed 0.10,20260979,0.8679296874999999,0.09999999999999999,0.0,531,0.0,190
Stationary,Fixed 0.10,20260980,0.8586328125000001,0.09999999999999999,0.0,544,0.0,205
Stationary,Fixed 0.10,20260981,0.8614062499999999,0.09999999999999999,0.0,473,0.0,205
Stationary,Fixed 0.10,20260982,0.8553593750000001,0.09999999999999999,0.00625,479,0.0,213
Stationary,Fixed 0.10,20260983,0.8552265625000001,0.09999999999999999,0.025,486,0.0,207
Stationary,Fixed 0.10,20260984,0.8525781249999997,0.09999999999999999,0.0,489,0.0,219
Stationary,Fixed 0.10,20260985,0.8360156249999999,0.09999999999999999,0.0,538,0.0,244
Stationary,Fixed 0.10,20260986,0.8385703124999999,0.09999999999999999,0.0125,505,0.0,238
Stationary,Fixed 0.10,20260987,0.8602734374999998,0.09999999999999999,0.0,517,0.0,204
Stationary,Fixed 0.10,20260988,0.8516406249999999,0.09999999999999999,0.0,513,0.0,219
Stationary,Fixed 0.10,20260989,0.8676953125000001,0.09999999999999999,0.0,507,0.0,192
Stationary,Fixed 0.10,20260990,0.8605859375,0.09999999999999999,0.0,554,0.0,201
Stationary,Fixed 0.10,20260991,0.8723828125,0.09999999999999999,0.0,507,0.0,184
Stationary,Fixed 0.10,20260992,0.8618359374999999,0.09999999999999999,0.0,492,0.0,203
Stationary,Fixed 0.10,20260993,0.862578125,0.09999999999999999,0.0,503,0.0,201
Stationary,Fixed 0.10,20260994,0.8412578125,0.09999999999999999,0.0375,531,0.0,224
Stationary,Fixed 0.10,20260995,0.8596093750000001,0.09999999999999999,0.0,534,0.0,204
Stationary,Fixed 0.10,20260996,0.8744921874999999,0.09999999999999999,0.0,498,0.0,181
Stationary,Fixed 0.10,20260997,0.8608984375000001,0.09999999999999999,0.0,546,0.0,201
Stationary,Fixed 0.10,20260998,0.8614453125000001,0.09999999999999999,0.0,532,0.0,201
Stationary,Fixed 0.10,20260999,0.8730859375,0.09999999999999999,0.0,489,0.0,184
Stationary,Fixed 0.10,20261000,0.8578125,0.09999999999999999,0.0,520,0.0,208
Stationary,Fixed 0.10,20261001,0.8641406249999999,0.09999999999999999,0.0,508,0.0,198
Stationary,Fixed 0.10,20261002,0.8674609375,0.09999999999999999,0.0,498,0.0,193
Stationary,Fixed 0.10,20261003,0.8544921875,0.09999999999999999,0.0,500,0.0,215
Stationary,Fixed 0.10,20261004,0.8560546875,0.09999999999999999,0.0,475,0.0,214
Stationary,Fixed 0.10,20261005,0.8541484374999999,0.09999999999999999,0.00625,510,0.0,213
Stationary,Fixed 0.10,20261006,0.8721171875,0.09999999999999999,0.00625,500,0.0,183
Stationary,Fixed 0.10,20261007,0.868953125,0.09999999999999999,0.00625,491,0.0,189
Stationary,Fixed 0.10,20261008,0.8634374999999999,0.09999999999999999,0.0,511,0.0,199
Stationary,Fixed 0.10,20261009,0.8505859375,0.09999999999999999,0.0,510,0.0,221
Stationary,Fixed 0.10,20261010,0.8656640624999999,0.09999999999999999,0.0,529,0.0,194
Stationary,Fixed 0.10,20261011,0.8639453125000001,0.09999999999999999,0.0,513,0.0,198
Stationary,Fixed 0.10,20261012,0.8562109375,0.09999999999999999,0.0,516,0.0,211
Stationary,Fixed 0.10,20261013,0.86234375,0.09999999999999999,0.0,449,0.0,205
Stationary,Fixed 0.10,20261014,0.8539843749999999,0.09999999999999999,0.0,498,0.0,216
Stationary,Fixed 0.10,20261015,0.8473828125,0.09999999999999999,0.0,532,0.0,225
Stationary,Fixed 0.10,20261016,0.8702343750000001,0.09999999999999999,0.0,517,0.0,187
Stationary,Fixed 0.10,20261017,0.8689453125,0.09999999999999999,0.0,460,0.0,193
Stationary,Fixed 0.10,20261018,0.8564296875,0.09999999999999999,0.01875,514,0.0,205
Stationary,Fixed 0.10,20261019,0.8575781249999999,0.09999999999999999,0.0,466,0.0,212
Stationary,Fixed 0.10,20261020,0.8638671875,0.09999999999999999,0.0,485,0.0,200
Stationary,Fixed 0.10,20261021,0.8515234375,0.09999999999999999,0.0,501,0.0,220
Stationary,Fixed 0.10,20261022,0.8475390624999999,0.09999999999999999,0.0,513,0.0,226
Stationary,Fixed 0.10,20261023,0.851171875,0.09999999999999999,0.0,525,0.0,219
Stationary,Fixed 0.10,20261024,0.8701171875,0.09999999999999999,0.0,475,0.0,190
Stationary,Fixed 0.10,20261025,0.8580859375,0.09999999999999999,0.0,513,0.0,208
Stationary,Fixed 0.10,20261026,0.8668359375000001,0.09999999999999999,0.0,604,0.0,187
Stationary,Fixed 0.10,20261027,0.8503515625,0.09999999999999999,0.0,501,0.0,222
Stationary,Fixed 0.10,20261028,0.8641406249999999,0.09999999999999999,0.0,463,0.0,201
Stationary,Fixed 0.10,20261029,0.8665234375,0.09999999999999999,0.0,477,0.0,196
Stationary,Fixed 0.10,20261030,0.8603125,0.09999999999999999,0.0,471,0.0,207
Stationary,Fixed 0.10,20261031,0.8693359375,0.09999999999999999,0.0,495,0.0,190
Stationary,Fixed 0.10,20261032,0.8499375,0.09999999999999999,0.0125,499,0.0,219
Stationary,Fixed 0.10,20261033,0.8609921875000002,0.09999999999999999,0.0125,501,0.0,200
Stationary,Fixed 0.10,20261034,0.8583203124999998,0.09999999999999999,0.0,492,0.0,209
Stationary,Fixed 0.10,20261035,0.861640625,0.09999999999999999,0.0,482,0.0,204
Stationary,Fixed 0.10,20261036,0.8664140625,0.09999999999999999,0.00625,511,0.0,192
Stationary,Fixed 0.10,20261037,0.8603359375,0.09999999999999999,0.01875,519,0.0,198
Stationary,Fixed 0.10,20261038,0.8513671875,0.09999999999999999,0.0,505,0.0,220
Stationary,Fixed 0.10,20261039,0.8569296874999999,0.09999999999999999,0.0125,500,0.0,207
Stationary,Fixed 0.10,20261040,0.8476171874999998,0.09999999999999999,0.0,541,0.0,224
Stationary,Fixed 0.10,20261041,0.864859375,0.09999999999999999,0.0125,507,0.0,193
Stationary,Fixed 0.10,20261042,0.8680468749999999,0.09999999999999999,0.0,513,0.0,191
Stationary,Fixed 0.10,20261043,0.8533046875,0.09999999999999999,0.05,510,0.0,201
Stationary,Fixed 0.10,20261044,0.8374218749999999,0.09999999999999999,0.0,517,0.0,243
Stationary,Fixed 0.10,20261045,0.8611328125,0.09999999999999999,0.0,540,0.0,201
Stationary,Fixed 0.10,20261046,0.8608203124999999,0.09999999999999999,0.0,533,0.0,202
Stationary,Fixed 0.10,20261047,0.8641406249999999,0.09999999999999999,0.0,523,0.0,197
Stationary,Fixed 0.10,20261048,0.8651953125,0.09999999999999999,0.0,451,0.0,200
Stationary,Fixed 0.10,20261049,0.8659375,0.09999999999999999,0.0,492,0.0,196
Stationary,Fixed 0.10,20261050,0.8505859375,0.09999999999999999,0.0,525,0.0,220
Stationary,Fixed 0.10,20261051,0.8568046875,0.09999999999999999,0.00625,517,0.0,208
Stationary,Fixed 0.10,20261052,0.8569921875000001,0.09999999999999999,0.0,511,0.0,210
Stationary,Fixed 0.10,20261053,0.8645703125,0.09999999999999999,0.0,527,0.0,196
Stationary,Fixed 0.10,20261054,0.8329296875000001,0.09999999999999999,0.0,482,0.0,253
Stationary,Fixed 0.10,20261055,0.8658750000000002,0.09999999999999999,0.0125,556,0.0,188
Stationary,Fixed 0.10,20261056,0.8539843749999999,0.09999999999999999,0.0,528,0.0,214
Stationary,Fixed 0.10,20261057,0.8625390625000001,0.09999999999999999,0.0,519,0.0,200
Stationary,Fixed 0.10,20261058,0.8561328125,0.09999999999999999,0.0,533,0.0,210
Stationary,Fixed 0.10,20261059,0.8475390624999999,0.09999999999999999,0.0,498,0.0,227
Stationary,Fixed 0.10,20261060,0.85671875,0.09999999999999999,0.03125,539,0.0,199
Stationary,Fixed 0.10,20261061,0.8698046875000001,0.09999999999999999,0.0,483,0.0,190
Stationary,Fixed 0.10,20261062,0.8482109375,0.09999999999999999,0.00625,512,0.0,223
Stationary,Fixed 0.10,20261063,0.8535390625,0.09999999999999999,0.01875,498,0.0,211
Stationary,Fixed 0.10,20261064,0.8562109374999999,0.09999999999999999,0.0,516,0.0,211
Stationary,Fixed 0.10,20261065,0.840453125,0.09999999999999999,0.01875,503,0.0,233
Stationary,Fixed 0.10,20261066,0.860078125,0.09999999999999999,0.0,492,0.0,206
Stationary,Fixed 0.10,20261067,0.8538671874999999,0.09999999999999999,0.0,531,0.0,214
Stationary,Fixed 0.10,20261068,0.8569921874999998,0.09999999999999999,0.0,496,0.0,211
Stationary,Fixed 0.10,20261069,0.8579687500000001,0.09999999999999999,0.0,486,0.0,210
Stationary,Fixed 0.10,20261070,0.8609765625000001,0.09999999999999999,0.0,529,0.0,202
Stationary,Fixed 0.10,20261071,0.8440625,0.09999999999999999,0.0,497,0.0,233
Stationary,Fixed 0.10,20261072,0.8655078125000001,0.09999999999999999,0.0,473,0.0,198
Stationary,Fixed 0.10,20261073,0.8683203125000001,0.09999999999999999,0.0,536,0.0,189
Stationary,Fixed 0.10,20261074,0.8619140625,0.09999999999999999,0.0,490,0.0,203
Stationary,Fixed 0.10,20261075,0.8734375,0.09999999999999999,0.0,510,0.0,182
Stationary,Fixed 0.10,20261076,0.8591093749999998,0.09999999999999999,0.00625,533,0.0,203
Stationary,Fixed 0.10,20261077,0.8678515625,0.09999999999999999,0.0,503,0.0,192
Stationary,Fixed 0.10,20261078,0.8716406250000001,0.09999999999999999,0.0,511,0.0,185
Stationary,Fixed 0.10,20261079,0.8446484375000001,0.09999999999999999,0.0,467,0.0,234
Stationary,Fixed 0.10,20261080,0.8471406250000001,0.09999999999999999,0.025,543,0.0,217
Stationary,Fixed 0.10,20261081,0.8536328125000001,0.09999999999999999,0.0,522,0.0,215
Stationary,Fixed 0.10,20261082,0.85375,0.09999999999999999,0.0,519,0.0,215
Stationary,Fixed 0.10,20261083,0.8561328125,0.09999999999999999,0.03125,494,0.0,203
Stationary,Fixed 0.10,20261084,0.8569140624999999,0.09999999999999999,0.0,483,0.0,212
Stationary,Fixed 0.10,20261085,0.848625,0.09999999999999999,0.025,460,0.0,220
Stationary,Fixed 0.10,20261086,0.8570312499999998,0.09999999999999999,0.0,525,0.0,209
Stationary,Fixed 0.10,20261087,0.8626171875,0.09999999999999999,0.0,502,0.0,201
Stationary,Fixed 0.10,20261088,0.8344999999999999,0.09999999999999999,0.00625,518,0.0,246
Stationary,Fixed 0.10,20261089,0.8384062499999999,0.09999999999999999,0.00625,508,0.0,240
Stationary,Fixed 0.10,20261090,0.8418671875000001,0.09999999999999999,0.025,528,0.0,227
Stationary,Fixed 0.10,20261091,0.8466875,0.09999999999999999,0.00625,506,0.0,226
Stationary,Fixed 0.10,20261092,0.8621484374999999,0.09999999999999999,0.0,514,0.0,201
Stationary,Fixed 0.10,20261093,0.8433984375,0.09999999999999999,0.0,514,0.0,233
Stationary,Fixed 0.10,20261094,0.8553515624999999,0.09999999999999999,0.0,493,0.0,214
Stationary,Fixed 0.10,20261095,0.8560546875,0.09999999999999999,0.0,505,0.0,212
Stationary,Fixed 0.10,20261096,0.85453125,0.09999999999999999,0.0,514,0.0,214
Stationary,Fixed 0.10,20261097,0.85609375,0.09999999999999999,0.0,504,0.0,212
Stationary,Fixed 0.10,20261098,0.8512890624999999,0.09999999999999999,0.0,507,0.0,220
Stationary,Fixed 0.10,20261099,0.8380468749999999,0.09999999999999999,0.03125,492,0.0,234
Stationary,Fixed 0.10,20261100,0.8524609375000001,0.09999999999999999,0.0,492,0.0,219
Stationary,Fixed 0.10,20261101,0.8773046875,0.09999999999999999,0.0,441,0.0,180
Stationary,Fixed 0.10,20261102,0.8644140624999999,0.09999999999999999,0.0,546,0.0,195
Stationary,Fixed 0.10,20261103,0.8564062499999998,0.09999999999999999,0.0,496,0.0,212
Stationary,Fixed 0.10,20261104,0.8585546874999999,0.09999999999999999,0.0,531,0.0,206
Stationary,Fixed 0.10,20261105,0.8614453125000001,0.09999999999999999,0.0,502,0.0,203
Stationary,Fixed 0.10,20261106,0.8568828125,0.09999999999999999,0.00625,470,0.0,211
Stationary,Fixed 0.10,20261107,0.8612187500000001,0.09999999999999999,0.00625,494,0.0,202
Stationary,Fixed 0.10,20261108,0.8509374999999999,0.09999999999999999,0.0,486,0.0,222
Stationary,Fixed 0.10,20261109,0.8511328125000001,0.09999999999999999,0.0,496,0.0,221
Stationary,Fixed 0.10,20261110,0.8573828125,0.09999999999999999,0.0,531,0.0,208
Stationary,Fixed 0.10,20261111,0.8648828125,0.09999999999999999,0.0,534,0.0,195
Stationary,Fixed 0.10,20261112,0.8687109374999998,0.09999999999999999,0.0,526,0.0,189
Stationary,Fixed 0.10,20261113,0.8491796875000001,0.09999999999999999,0.0,486,0.0,225
Stationary,Fixed 0.10,20261114,0.8431718750000001,0.09999999999999999,0.0375,497,0.0,223
Stationary,Fixed 0.10,20261115,0.8696093749999999,0.09999999999999999,0.0,473,0.0,191
Stationary,Fixed 0.10,20261116,0.8667578125000002,0.09999999999999999,0.0,501,0.0,194
Stationary,Fixed 0.10,20261117,0.8642578125,0.09999999999999999,0.0,535,0.0,196
Stationary,Fixed 0.10,20261118,0.8614062499999999,0.09999999999999999,0.0,533,0.0,201
Stationary,Fixed 0.10,20261119,0.8633593749999999,0.09999999999999999,0.0,513,0.0,199
Stationary,Fixed 0.10,20261120,0.8669531249999999,0.09999999999999999,0.0,526,0.0,192
Stationary,Fixed 0.10,20261121,0.8590625,0.09999999999999999,0.0,488,0.0,208
Stationary,Fixed 0.10,20261122,0.84828125,0.09999999999999999,0.03125,545,0.0,213
Stationary,Fixed 0.10,20261123,0.8623046875,0.09999999999999999,0.0,510,0.0,201
Stationary,Fixed 0.10,20261124,0.8590234375000001,0.09999999999999999,0.0,489,0.0,208
Stationary,Fixed 0.10,20261125,0.85546875,0.09999999999999999,0.0,460,0.0,216
Stationary,Fixed 0.10,20261126,0.866171875,0.09999999999999999,0.0,531,0.0,193
Stationary,Fixed 0.10,20261127,0.8526562500000001,0.09999999999999999,0.0,502,0.0,218
Stationary,Fixed 0.10,20261128,0.8680078125000001,0.09999999999999999,0.0,514,0.0,191
Stationary,Fixed 0.10,20261129,0.8662890624999999,0.09999999999999999,0.0,483,0.0,196
Stationary,Fixed 0.10,20261130,0.855859375,0.09999999999999999,0.0,480,0.0,214
Stationary,Fixed 0.10,20261131,0.8627343750000002,0.09999999999999999,0.0,499,0.0,201
Stationary,Fixed 0.10,20261132,0.8539453124999999,0.09999999999999999,0.0,544,0.0,213
Stationary,Fixed 0.10,20261133,0.8556250000000001,0.09999999999999999,0.0,501,0.0,213
Stationary,Fixed 0.10,20261134,0.8528515624999999,0.09999999999999999,0.0,512,0.0,217
Stationary,Fixed 0.10,20261135,0.86296875,0.09999999999999999,0.0,553,0.0,197
Stationary,Fixed 0.10,20261136,0.8724218749999999,0.09999999999999999,0.0,506,0.0,184
Stationary,Fixed 0.10,20261137,0.8395390624999999,0.09999999999999999,0.00625,554,0.0,235
Stationary,Fixed 0.10,20261138,0.8612500000000001,0.09999999999999999,0.0,522,0.0,202
Stationary,Fixed 0.10,20261139,0.84796875,0.09999999999999999,0.0,532,0.0,224
Stationary,Fixed 0.10,20261140,0.8681640625,0.09999999999999999,0.0,510,0.0,191
Stationary,Fixed 0.10,20261141,0.8557031249999998,0.09999999999999999,0.0,514,0.0,212
Stationary,Fixed 0.10,20261142,0.87734375,0.09999999999999999,0.0,530,0.0,174
Stationary,Fixed 0.10,20261143,0.837109375,0.09999999999999999,0.03125,516,0.0,234
Stationary,Fixed 0.10,20261144,0.83290625,0.09999999999999999,0.04375,491,0.0,239
Stationary,Fixed 0.10,20261145,0.87734375,0.09999999999999999,0.0,515,0.0,175
Stationary,Fixed 0.10,20261146,0.854296875,0.09999999999999999,0.0,520,0.0,214
Stationary,Fixed 0.10,20261147,0.8596953125000001,0.09999999999999999,0.00625,488,0.0,205
Stationary,Fixed 0.10,20261148,0.861765625,0.09999999999999999,0.00625,540,0.0,198
Stationary,Fixed 0.10,20261149,0.8497812499999998,0.09999999999999999,0.0125,503,0.0,219
Stationary,Fixed 0.10,20261150,0.8622265625000001,0.09999999999999999,0.0,497,0.0,202
Stationary,Fixed 0.10,20261151,0.8492812500000001,0.09999999999999999,0.05,493,0.0,209
Stationary,Fixed 0.10,20261152,0.862890625,0.09999999999999999,0.0,510,0.0,200
Stationary,Fixed 0.10,20261153,0.8637890625000001,0.09999999999999999,0.0,502,0.0,199
Stationary,Fixed 0.10,20261154,0.855859375,0.09999999999999999,0.0,525,0.0,211
Stationary,Fixed 0.10,20261155,0.8564921875000001,0.09999999999999999,0.00625,480,0.0,211
Stationary,Fixed 0.10,20261156,0.847234375,0.09999999999999999,0.00625,522,0.0,224
Stationary,Fixed 0.10,20261157,0.8493203125000001,0.09999999999999999,0.01875,516,0.0,217
Stationary,Fixed 0.10,20261158,0.8656328125,0.09999999999999999,0.00625,501,0.0,194
Stationary,Fixed 0.10,20261159,0.8505078125000001,0.09999999999999999,0.0,512,0.0,221
Stationary,Fixed 0.10,20261160,0.84996875,0.09999999999999999,0.00625,512,0.0,220
Stationary,Fixed 0.10,20261161,0.857109375,0.09999999999999999,0.0,508,0.0,210
Stationary,Fixed 0.10,20261162,0.8554296875,0.09999999999999999,0.0,506,0.0,213
Stationary,Fixed 0.10,20261163,0.8522734375000001,0.09999999999999999,0.00625,528,0.0,215
Stationary,Fixed 0.10,20261164,0.8846093749999999,0.09999999999999999,0.0,479,0.0,165
Stationary,Fixed 0.10,20261165,0.8647656250000001,0.09999999999999999,0.0,522,0.0,196
Stationary,Fixed 0.10,20261166,0.8580859375000001,0.09999999999999999,0.0,513,0.0,208
Stationary,Fixed 0.10,20261167,0.857734375,0.09999999999999999,0.0,492,0.0,210
Stationary,Fixed 0.10,20261168,0.8587109374999999,0.09999999999999999,0.0,482,0.0,209
Stationary,Fixed 0.10,20261169,0.8512890625,0.09999999999999999,0.0,552,0.0,217
Stationary,Fixed 0.10,20261170,0.8339140624999999,0.09999999999999999,0.0375,539,0.0,236
Stationary,Fixed 0.10,20261171,0.8639453125,0.09999999999999999,0.0,513,0.0,198
Stationary,Fixed 0.10,20261172,0.8630937499999998,0.09999999999999999,0.00625,476,0.0,200
Stationary,Fixed 0.10,20261173,0.85546875,0.09999999999999999,0.0,535,0.0,211
Stationary,Fixed 0.10,20261174,0.8694921874999999,0.09999999999999999,0.0,521,0.0,188
Stationary,Fixed 0.10,20261175,0.858125,0.09999999999999999,0.0,527,0.0,207
Stationary,Fixed 0.10,20261176,0.8685546875,0.09999999999999999,0.0,530,0.0,189
Stationary,Fixed 0.10,20261177,0.8650781249999998,0.09999999999999999,0.0,499,0.0,197
Stationary,Fixed 0.10,20261178,0.8517187499999999,0.09999999999999999,0.0,541,0.0,217
Stationary,Fixed 0.10,20261179,0.840546875,0.09999999999999999,0.0,527,0.0,237
Stationary,Fixed 0.10,20261180,0.859140625,0.09999999999999999,0.0,501,0.0,207
Stationary,Fixed 0.10,20261181,0.8612890624999998,0.09999999999999999,0.03125,482,0.0,195
Stationary,Fixed 0.10,20261182,0.8602734375000001,0.09999999999999999,0.0,517,0.0,204
Stationary,Fixed 0.10,20261183,0.8614062499999999,0.09999999999999999,0.0,518,0.0,202
Stationary,Fixed 0.10,20261184,0.8582421874999999,0.09999999999999999,0.0,554,0.0,205
Stationary,Fixed 0.10,20261185,0.8495703124999998,0.09999999999999999,0.0,536,0.0,221
Stationary,Fixed 0.10,20261186,0.8567578125,0.09999999999999999,0.0,487,0.0,212
Stationary,Fixed 0.10,20261187,0.877265625,0.09999999999999999,0.0,517,0.0,175
Stationary,Fixed 0.10,20261188,0.8448593749999999,0.09999999999999999,0.075,491,0.0,209
Stationary,Fixed 0.10,20261189,0.862578125,0.09999999999999999,0.0,473,0.0,203
Stationary,Fixed 0.10,20261190,0.860078125,0.09999999999999999,0.0,492,0.0,206
Stationary,Fixed 0.10,20261191,0.8399687499999999,0.09999999999999999,0.00625,498,0.0,238
Stationary,Fixed 0.10,20261192,0.8466796875,0.09999999999999999,0.0,475,0.0,230
Stationary,Fixed 0.10,20261193,0.8575859375,0.09999999999999999,0.00625,512,0.0,207
Stationary,Fixed 0.10,20261194,0.8653124999999999,0.09999999999999999,0.0,508,0.0,196
Stationary,Fixed 0.10,20261195,0.8501562500000001,0.09999999999999999,0.0,506,0.0,222
Stationary,Fixed 0.10,20261196,0.8616796874999999,0.09999999999999999,0.0,511,0.0,202
Stationary,Fixed 0.10,20261197,0.86371875,0.09999999999999999,0.00625,505,0.0,197
Stationary,Fixed 0.10,20261198,0.8432343750000001,0.09999999999999999,0.05625,514,0.0,216
Stationary,Fixed 0.10,20261199,0.8461484374999999,0.09999999999999999,0.0125,521,0.0,224
Stationary,Fixed 0.10,20261200,0.8726953125,0.09999999999999999,0.0,469,0.0,186
Stationary,Fixed 0.10,20261201,0.8479375000000001,0.09999999999999999,0.00625,564,0.0,220
Stationary,Fixed 0.10,20261202,0.8454453125000001,0.09999999999999999,0.0125,509,0.0,226
Stationary,Fixed 0.10,20261203,0.8523828125000001,0.09999999999999999,0.03125,500,0.0,209
Stationary,Fixed 0.10,20261204,0.8630859375,0.09999999999999999,0.0,505,0.0,200
Stationary,Fixed 0.10,20261205,0.8516015624999997,0.09999999999999999,0.0,499,0.0,220
Stationary,Fixed 0.10,20261206,0.8652421875,0.09999999999999999,0.00625,481,0.0,196
Stationary,Fixed 0.10,20261207,0.87015625,0.09999999999999999,0.0,504,0.0,188
Stationary,Fixed 0.10,20261208,0.8640234375,0.09999999999999999,0.0,481,0.0,200
Stationary,Fixed 0.10,20261209,0.8575781250000001,0.09999999999999999,0.0,496,0.0,210
Stationary,Fixed 0.10,20261210,0.8547734375000001,0.09999999999999999,0.00625,509,0.0,212
Stationary,Fixed 0.10,20261211,0.8646484375,0.09999999999999999,0.0,540,0.0,195
Stationary,Fixed 0.10,20261212,0.8509843750000001,0.09999999999999999,0.00625,501,0.0,219
Stationary,Fixed 0.10,20261213,0.8550859375,0.09999999999999999,0.00625,486,0.0,213
Stationary,Fixed 0.10,20261214,0.8703125,0.09999999999999999,0.0,485,0.0,189
Stationary,Fixed 0.10,20261215,0.8673437499999999,0.09999999999999999,0.0,516,0.0,192
Stationary,Fixed 0.10,20261216,0.8605078125000001,0.09999999999999999,0.0,541,0.0,202
Stationary,Fixed 0.10,20261217,0.8585546875000001,0.09999999999999999,0.0,516,0.0,207
Stationary,Fixed 0.10,20261218,0.8671875,0.09999999999999999,0.0,460,0.0,196
Stationary,Fixed 0.10,20261219,0.879140625,0.09999999999999999,0.0,559,0.0,169
Stationary,Fixed 0.10,20261220,0.8322578125,0.09999999999999999,0.05625,495,0.0,236
Stationary,Fixed 0.10,20261221,0.8689453125,0.09999999999999999,0.0,535,0.0,188
Stationary,Fixed 0.10,20261222,0.85390625,0.09999999999999999,0.0,500,0.0,216
Stationary,Fixed 0.10,20261223,0.8666406249999999,0.09999999999999999,0.0,519,0.0,193
Stationary,Fixed 0.10,20261224,0.8408515624999999,0.09999999999999999,0.025,479,0.0,232
Stationary,Fixed 0.10,20261225,0.8609062499999999,0.09999999999999999,0.00625,487,0.0,203
Stationary,Fixed 0.10,20261226,0.8628515625000001,0.09999999999999999,0.0,526,0.0,199
Stationary,Fixed 0.10,20261227,0.8580859375,0.09999999999999999,0.0,513,0.0,208
Stationary,Fixed 0.10,20261228,0.857546875,0.09999999999999999,0.00625,483,0.0,209
Stationary,Fixed 0.10,20261229,0.8608593750000001,0.09999999999999999,0.0,517,0.0,203
Stationary,Fixed 0.10,20261230,0.864921875,0.09999999999999999,0.0,533,0.0,195
Stationary,Fixed 0.10,20261231,0.860703125,0.09999999999999999,0.0,506,0.0,204
Stationary,Fixed 0.10,20261232,0.8483671874999998,0.09999999999999999,0.00625,523,0.0,222
Stationary,Fixed 0.10,20261233,0.858046875,0.09999999999999999,0.0,514,0.0,208
Stationary,Fixed 0.10,20261234,0.8600781249999999,0.09999999999999999,0.0,507,0.0,205
Stationary,Fixed 0.10,20261235,0.861015625,0.09999999999999999,0.0,528,0.0,202
Stationary,Fixed 0.10,20261236,0.8595312500000002,0.09999999999999999,0.0,521,0.0,205
Stationary,Fixed 0.10,20261237,0.8726171875000001,0.09999999999999999,0.0,501,0.0,184
Stationary,Fixed 0.10,20261238,0.8498281250000002,0.09999999999999999,0.01875,548,0.0,214
Stationary,Fixed 0.10,20261239,0.8494609375,0.09999999999999999,0.00625,540,0.0,219
Stationary,Fixed 0.10,20261240,0.8551171875,0.09999999999999999,0.0,529,0.0,212
Stationary,Fixed 0.10,20261241,0.8708984375,0.09999999999999999,0.0,485,0.0,188
Stationary,Fixed 0.10,20261242,0.8566796875,0.09999999999999999,0.0,519,0.0,210
Stationary,Fixed 0.10,20261243,0.8522109375,0.09999999999999999,0.01875,532,0.0,211
Stationary,Fixed 0.10,20261244,0.8665625,0.09999999999999999,0.0,506,0.0,194
Stationary,Fixed 0.10,20261245,0.8635156250000001,0.09999999999999999,0.0,524,0.0,198
Stationary,Fixed 0.10,20261246,0.8548437499999999,0.09999999999999999,0.0,536,0.0,212
Stationary,Fixed 0.10,20261247,0.8644609375,0.09999999999999999,0.00625,501,0.0,196
Stationary,Fixed 0.10,20261248,0.859140625,0.09999999999999999,0.0,531,0.0,205
Stationary,Fixed 0.10,20261249,0.8587890625,0.09999999999999999,0.0,510,0.0,207
Stationary,Fixed 0.10,20261250,0.860625,0.09999999999999999,0.0,508,0.0,204
Stationary,Fixed 0.10,20261251,0.872109375,0.09999999999999999,0.0,514,0.0,184
Stationary,Fixed 0.10,20261252,0.8393906250000001,0.09999999999999999,0.04375,520,0.0,226
Stationary,Fixed 0.10,20261253,0.84640625,0.09999999999999999,0.0,482,0.0,230
Stationary,Fixed 0.10,20261254,0.8555234375000002,0.09999999999999999,0.0125,506,0.0,209
Stationary,Fixed 0.10,20261255,0.8536171874999999,0.09999999999999999,0.01875,496,0.0,211
Stationary,Fixed 0.10,20261256,0.8726562499999998,0.09999999999999999,0.0,485,0.0,185
Stationary,Fixed 0.10,20261257,0.8690234374999999,0.09999999999999999,0.0,518,0.0,189
Stationary,Fixed 0.10,20261258,0.8648125,0.09999999999999999,0.00625,507,0.0,195
Stationary,Fixed 0.10,20261259,0.8686718750000001,0.09999999999999999,0.0,452,0.0,194
Stationary,Fixed 0.10,20261260,0.8683984375,0.09999999999999999,0.0,534,0.0,189
Stationary,Fixed 0.10,20261261,0.8688671875,0.09999999999999999,0.0,507,0.0,190
Stationary,Fixed 0.10,20261262,0.8585546874999999,0.09999999999999999,0.0,486,0.0,209
Stationary,Fixed 0.10,20261263,0.8578515624999999,0.09999999999999999,0.0,504,0.0,209
Stationary,Fixed 0.10,20261264,0.8630937499999998,0.09999999999999999,0.00625,506,0.0,198
Stationary,Fixed 0.10,20261265,0.8573046874999999,0.09999999999999999,0.0,503,0.0,210
Stationary,Fixed 0.10,20261266,0.8660546875000001,0.09999999999999999,0.0,489,0.0,196
Stationary,Fixed 0.10,20261267,0.8553124999999999,0.09999999999999999,0.0,554,0.0,210
Stationary,Fixed 0.10,20261268,0.8678437499999999,0.09999999999999999,0.025,523,0.0,183
Stationary,Fixed 0.10,20261269,0.8654687500000001,0.09999999999999999,0.0,504,0.0,196
Stationary,Fixed 0.10,20261270,0.8594140625,0.09999999999999999,0.0,449,0.0,210
Stationary,Fixed 0.10,20261271,0.86015625,0.09999999999999999,0.0,535,0.0,203
Stationary,Fixed 0.10,20261272,0.8739453125000001,0.09999999999999999,0.0,527,0.0,180
Stationary,Fixed 0.10,20261273,0.8683984375,0.09999999999999999,0.0,519,0.0,190
Stationary,Fixed 0.10,20261274,0.858171875,0.09999999999999999,0.00625,527,0.0,205
Stationary,Fixed 0.10,20261275,0.8546875,0.09999999999999999,0.0,525,0.0,213
Stationary,Fixed 0.10,20261276,0.8649999999999999,0.09999999999999999,0.0,531,0.0,195
Stationary,Fixed 0.10,20261277,0.8495703125,0.09999999999999999,0.0,506,0.0,223
Stationary,Fixed 0.10,20261278,0.860546875,0.09999999999999999,0.03125,501,0.0,195
Stationary,Fixed 0.10,20261279,0.8516015625000002,0.09999999999999999,0.0,484,0.0,221
Stationary,Fixed 0.10,20261280,0.8559609375000001,0.09999999999999999,0.01875,526,0.0,205
Stationary,Fixed 0.10,20261281,0.8599609375,0.09999999999999999,0.0,510,0.0,205
Stationary,Fixed 0.10,20261282,0.8662890624999999,0.09999999999999999,0.0,528,0.0,193
Stationary,Fixed 0.10,20261283,0.8695703124999999,0.09999999999999999,0.0,519,0.0,188
Stationary,Fixed 0.10,20261284,0.8608203124999999,0.09999999999999999,0.0,518,0.0,203
Stationary,Fixed 0.10,20261285,0.8589453125000001,0.09999999999999999,0.0,506,0.0,207
Stationary,Fixed 0.10,20261286,0.8744140625,0.09999999999999999,0.0,515,0.0,180
Stationary,Fixed 0.10,20261287,0.8432656250000001,0.09999999999999999,0.01875,491,0.0,229
Stationary,Fixed 0.10,20261288,0.851875,0.09999999999999999,0.0,522,0.0,218
Stationary,Fixed 0.10,20261289,0.842171875,0.09999999999999999,0.01875,549,0.0,227
Stationary,Fixed 0.10,20261290,0.8553906250000001,0.09999999999999999,0.0,507,0.0,213
Stationary,Fixed 0.10,20261291,0.8653124999999999,0.09999999999999999,0.0,493,0.0,197
Stationary,Fixed 0.10,20261292,0.8471640624999999,0.09999999999999999,0.0125,510,0.0,223
Stationary,Fixed 0.10,20261293,0.8660937499999999,0.09999999999999999,0.0,518,0.0,194
Stationary,Fixed 0.10,20261294,0.8676953125000001,0.09999999999999999,0.0,477,0.0,194
Stationary,Fixed 0.10,20261295,0.8684375000000001,0.09999999999999999,0.0,518,0.0,190
Stationary,Fixed 0.10,20261296,0.8444375000000001,0.09999999999999999,0.01875,491,0.0,227
Stationary,Fixed 0.10,20261297,0.858359375,0.09999999999999999,0.0,521,0.0,207
Stationary,Fixed 0.10,20261298,0.8649296874999999,0.09999999999999999,0.00625,474,0.0,197
Stationary,Fixed 0.10,20261299,0.8416015625,0.09999999999999999,0.0,515,0.0,236
Stationary,Fixed 0.10,20261300,0.8527968749999999,0.09999999999999999,0.01875,487,0.0,213
Stationary,Fixed 0.10,20261301,0.86015625,0.09999999999999999,0.0,535,0.0,203
Stationary,Fixed 0.10,20261302,0.868515625,0.09999999999999999,0.0,531,0.0,189
Stationary,Fixed 0.10,20261303,0.865234375,0.09999999999999999,0.0,540,0.0,194
Stationary,Fixed 0.10,20261304,0.8542500000000001,0.09999999999999999,0.025,496,0.0,208
Stationary,Fixed 0.10,20261305,0.8496874999999999,0.09999999999999999,0.0,563,0.0,219
Stationary,Fixed 0.10,20261306,0.8611875,0.09999999999999999,0.0125,466,0.0,202
Stationary,Fixed 0.10,20261307,0.853125,0.09999999999999999,0.0,490,0.0,218
Stationary,Fixed 0.10,20261308,0.8523828124999999,0.09999999999999999,0.0,509,0.0,218
Stationary,Fixed 0.10,20261309,0.8616015625,0.09999999999999999,0.0,468,0.0,205
Stationary,Fixed 0.10,20261310,0.867421875,0.09999999999999999,0.0,529,0.0,191
Stationary,Fixed 0.10,20261311,0.86296875,0.09999999999999999,0.0,523,0.0,199
Stationary,Fixed 0.10,20261312,0.8531640625,0.09999999999999999,0.0,519,0.0,216
Stationary,Fixed 0.10,20261313,0.863671875,0.09999999999999999,0.0,535,0.0,197
Stationary,Fixed 0.10,20261314,0.8218593750000001,0.09999999999999999,0.05,490,0.0,256
Stationary,Fixed 0.10,20261315,0.848921875,0.09999999999999999,0.0125,465,0.0,223
Stationary,Fixed 0.10,20261316,0.87375,0.09999999999999999,0.0,502,0.0,182
Stationary,Fixed 0.10,20261317,0.8481015625000001,0.09999999999999999,0.0125,516,0.0,221
Stationary,Fixed 0.10,20261318,0.8630468749999999,0.09999999999999999,0.0,506,0.0,200
Stationary,Fixed 0.10,20261319,0.8719140624999999,0.09999999999999999,0.0,504,0.0,185
Stationary,Fixed 0.10,20261320,0.8620781249999998,0.09999999999999999,0.00625,517,0.0,199
Stationary,Fixed 0.10,20261321,0.8641406249999999,0.09999999999999999,0.0,478,0.0,200
Stationary,Fixed 0.10,20261322,0.8555078125,0.09999999999999999,0.0,504,0.0,213
Stationary,Fixed 0.10,20261323,0.8484453125,0.09999999999999999,0.00625,521,0.0,222
Stationary,Fixed 0.10,20261324,0.8433515625,0.09999999999999999,0.025,520,0.0,225
Stationary,Fixed 0.10,20261325,0.8698828124999999,0.09999999999999999,0.0,481,0.0,190
Stationary,Fixed 0.10,20261326,0.8669921875,0.09999999999999999,0.0,495,0.0,194
Stationary,Fixed 0.10,20261327,0.8590234375,0.09999999999999999,0.0,489,0.0,208
Stationary,Fixed 0.20,20260928,0.8327734375,0.19999999999999998,0.0,1041,0.0,216
Stationary,Fixed 0.20,20260929,0.8509765625,0.19999999999999998,0.0,1025,0.0,186
Stationary,Fixed 0.20,20260930,0.839140625,0.19999999999999998,0.0,1013,0.0,207
Stationary,Fixed 0.20,20260931,0.8409375000000001,0.19999999999999998,0.0,967,0.0,207
Stationary,Fixed 0.20,20260932,0.8416015625,0.19999999999999998,0.0,1025,0.0,202
Stationary,Fixed 0.20,20260933,0.8286328125000001,0.19999999999999998,0.0,1057,0.0,222
Stationary,Fixed 0.20,20260934,0.8474218749999999,0.19999999999999998,0.0,1026,0.0,192
Stationary,Fixed 0.20,20260935,0.85453125,0.19999999999999998,0.0,979,0.0,183
Stationary,Fixed 0.20,20260936,0.8426562499999999,0.19999999999999998,0.0,1013,0.0,201
Stationary,Fixed 0.20,20260937,0.8369531250000002,0.19999999999999998,0.0,994,0.0,212
Stationary,Fixed 0.20,20260938,0.8293437499999999,0.19999999999999998,0.00625,1025,0.0,221
Stationary,Fixed 0.20,20260939,0.83890625,0.19999999999999998,0.0,1049,0.0,205
Stationary,Fixed 0.20,20260940,0.8420781250000001,0.19999999999999998,0.00625,1014,0.0,200
Stationary,Fixed 0.20,20260941,0.8508203125,0.19999999999999998,0.0,999,0.0,188
Stationary,Fixed 0.20,20260942,0.84859375,0.19999999999999998,0.0,1041,0.0,189
Stationary,Fixed 0.20,20260943,0.8255859375,0.19999999999999998,0.0,985,0.0,232
Stationary,Fixed 0.20,20260944,0.8283203125,0.19999999999999998,0.0,1050,0.0,223
Stationary,Fixed 0.20,20260945,0.8367578124999998,0.19999999999999998,0.0,999,0.0,212
Stationary,Fixed 0.20,20260946,0.8443359375,0.19999999999999998,0.0,985,0.0,200
Stationary,Fixed 0.20,20260947,0.8497265625000001,0.19999999999999998,0.0,1012,0.0,189
Stationary,Fixed 0.20,20260948,0.84296875,0.19999999999999998,0.0,1005,0.0,201
Stationary,Fixed 0.20,20260949,0.8353125,0.19999999999999998,0.0,1036,0.0,212
Stationary,Fixed 0.20,20260950,0.8455468750000001,0.19999999999999998,0.0,969,0.0,199
Stationary,Fixed 0.20,20260951,0.8433984375000001,0.19999999999999998,0.0,1024,0.0,199
Stationary,Fixed 0.20,20260952,0.8323046875,0.19999999999999998,0.0,1023,0.0,218
Stationary,Fixed 0.20,20260953,0.8391796875,0.19999999999999998,0.0,967,0.0,210
Stationary,Fixed 0.20,20260954,0.833671875,0.19999999999999998,0.0,1048,0.0,214
Stationary,Fixed 0.20,20260955,0.8399218749999999,0.19999999999999998,0.0,1038,0.0,204
Stationary,Fixed 0.20,20260956,0.84078125,0.19999999999999998,0.0,986,0.0,206
Stationary,Fixed 0.20,20260957,0.847234375,0.19999999999999998,0.00625,1017,0.0,191
Stationary,Fixed 0.20,20260958,0.8437890625,0.19999999999999998,0.0,1059,0.0,196
Stationary,Fixed 0.20,20260959,0.83421875,0.19999999999999998,0.0,989,0.0,217
Stationary,Fixed 0.20,20260960,0.851796875,0.19999999999999998,0.0,1004,0.0,186
Stationary,Fixed 0.20,20260961,0.8430859375,0.19999999999999998,0.0,1032,0.0,199
Stationary,Fixed 0.20,20260962,0.839140625,0.19999999999999998,0.0,983,0.0,209
Stationary,Fixed 0.20,20260963,0.8519140625,0.19999999999999998,0.0,1031,0.0,184
Stationary,Fixed 0.20,20260964,0.8419140625000001,0.19999999999999998,0.0,1002,0.0,203
Stationary,Fixed 0.20,20260965,0.8335156250000001,0.19999999999999998,0.0,1037,0.0,215
Stationary,Fixed 0.20,20260966,0.85515625,0.19999999999999998,0.0,1023,0.0,179
Stationary,Fixed 0.20,20260967,0.8487890625000001,0.19999999999999998,0.0,1006,0.0,191
Stationary,Fixed 0.20,20260968,0.8261015625000001,0.19999999999999998,0.00625,1048,0.0,225
Stationary,Fixed 0.20,20260969,0.8290078124999999,0.19999999999999998,0.01875,1006,0.0,219
Stationary,Fixed 0.20,20260970,0.8588671874999999,0.19999999999999998,0.0,988,0.0,175
Stationary,Fixed 0.20,20260971,0.8380859375,0.19999999999999998,0.0,995,0.0,210
Stationary,Fixed 0.20,20260972,0.8457421875,0.19999999999999998,0.0,1039,0.0,194
Stationary,Fixed 0.20,20260973,0.8487890625000001,0.19999999999999998,0.0,1036,0.0,189
Stationary,Fixed 0.20,20260974,0.83953125,0.19999999999999998,0.0,1063,0.0,203
Stationary,Fixed 0.20,20260975,0.83359375,0.19999999999999998,0.0,1020,0.0,216
Stationary,Fixed 0.20,20260976,0.833203125,0.19999999999999998,0.0,1030,0.0,216
Stationary,Fixed 0.20,20260977,0.8455468750000001,0.19999999999999998,0.0,999,0.0,197
Stationary,Fixed 0.20,20260978,0.8385546875,0.19999999999999998,0.0,998,0.0,209
Stationary,Fixed 0.20,20260979,0.8487890625000001,0.19999999999999998,0.0,1021,0.0,190
Stationary,Fixed 0.20,20260980,0.83859375,0.19999999999999998,0.0,1057,0.0,205
Stationary,Fixed 0.20,20260981,0.8404296875,0.19999999999999998,0.0,1010,0.0,205
Stationary,Fixed 0.20,20260982,0.8358984375,0.19999999999999998,0.0,1021,0.0,212
Stationary,Fixed 0.20,20260983,0.8423828125,0.19999999999999998,0.0,990,0.0,203
Stationary,Fixed 0.20,20260984,0.8325390624999999,0.19999999999999998,0.0,1002,0.0,219
Stationary,Fixed 0.20,20260985,0.8159765624999998,0.19999999999999998,0.0,1051,0.0,244
Stationary,Fixed 0.20,20260986,0.8216015625,0.19999999999999998,0.0,1042,0.0,235
Stationary,Fixed 0.20,20260987,0.8400781250000001,0.19999999999999998,0.0,1034,0.0,204
Stationary,Fixed 0.20,20260988,0.830390625,0.19999999999999998,0.0,1057,0.0,219
Stationary,Fixed 0.20,20260989,0.8473046875000001,0.19999999999999998,0.0,1029,0.0,192
Stationary,Fixed 0.20,20260990,0.8389843750000001,0.19999999999999998,0.0,1107,0.0,201
Stationary,Fixed 0.20,20260991,0.8525781250000002,0.19999999999999998,0.0,1014,0.0,184
Stationary,Fixed 0.20,20260992,0.840625,0.19999999999999998,0.0,1035,0.0,203
Stationary,Fixed 0.20,20260993,0.8424609375,0.19999999999999998,0.0,1018,0.0,201
Stationary,Fixed 0.20,20260994,0.8323828124999999,0.19999999999999998,0.0,1036,0.0,217
Stationary,Fixed 0.20,20260995,0.838828125,0.19999999999999998,0.0,1066,0.0,204
Stationary,Fixed 0.20,20260996,0.8510625,0.19999999999999998,0.00625,1039,0.0,183
Stationary,Fixed 0.20,20260997,0.841796875,0.19999999999999998,0.0,1035,0.0,201
Stationary,Fixed 0.20,20260998,0.84109375,0.19999999999999998,0.0,1053,0.0,201
Stationary,Fixed 0.20,20260999,0.8518749999999999,0.19999999999999998,0.0,1032,0.0,184
Stationary,Fixed 0.20,20261000,0.8381250000000001,0.19999999999999998,0.0,1024,0.0,208
Stationary,Fixed 0.20,20261001,0.8446484375000001,0.19999999999999998,0.0,1007,0.0,198
Stationary,Fixed 0.20,20261002,0.8484375,0.19999999999999998,0.0,985,0.0,193
Stationary,Fixed 0.20,20261003,0.8345703125,0.19999999999999998,0.0,1010,0.0,215
Stationary,Fixed 0.20,20261004,0.835703125,0.19999999999999998,0.0,996,0.0,214
Stationary,Fixed 0.20,20261005,0.8370312500000001,0.19999999999999998,0.0,1007,0.0,211
Stationary,Fixed 0.20,20261006,0.8523046874999999,0.19999999999999998,0.0,1021,0.0,184
Stationary,Fixed 0.20,20261007,0.8499609374999999,0.19999999999999998,0.0,1021,0.0,188
Stationary,Fixed 0.20,20261008,0.8416796875000001,0.19999999999999998,0.0,1068,0.0,199
Stationary,Fixed 0.20,20261009,0.8309765625000001,0.19999999999999998,0.0,1012,0.0,221
Stationary,Fixed 0.20,20261010,0.8458203125000001,0.19999999999999998,0.0,1037,0.0,194
Stationary,Fixed 0.20,20261011,0.84546875,0.19999999999999998,0.0,986,0.0,198
Stationary,Fixed 0.20,20261012,0.8348437499999999,0.19999999999999998,0.0,1063,0.0,211
Stationary,Fixed 0.20,20261013,0.843359375,0.19999999999999998,0.0,935,0.0,205
Stationary,Fixed 0.20,20261014,0.8346875,0.19999999999999998,0.0,992,0.0,216
Stationary,Fixed 0.20,20261015,0.828359375,0.19999999999999998,0.0,1019,0.0,225
Stationary,Fixed 0.20,20261016,0.8514062499999999,0.19999999999999998,0.0,999,0.0,187
Stationary,Fixed 0.20,20261017,0.8494921874999999,0.19999999999999998,0.0,958,0.0,193
Stationary,Fixed 0.20,20261018,0.8394609375,0.19999999999999998,0.00625,1036,0.0,203
Stationary,Fixed 0.20,20261019,0.8369531250000002,0.19999999999999998,0.0,994,0.0,212
Stationary,Fixed 0.20,20261020,0.8431640625,0.19999999999999998,0.0,1015,0.0,200
Stationary,Fixed 0.20,20261021,0.832421875,0.19999999999999998,0.0,990,0.0,220
Stationary,Fixed 0.20,20261022,0.8278125,0.19999999999999998,0.0,1018,0.0,226
Stationary,Fixed 0.20,20261023,0.8308203125,0.19999999999999998,0.0,1046,0.0,219
Stationary,Fixed 0.20,20261024,0.84921875,0.19999999999999998,0.0,1010,0.0,190
Stationary,Fixed 0.20,20261025,0.8382421874999999,0.19999999999999998,0.0,1021,0.0,208
Stationary,Fixed 0.20,20261026,0.846015625,0.19999999999999998,0.0,1137,0.0,187
Stationary,Fixed 0.20,20261027,0.8302734375,0.19999999999999998,0.0,1015,0.0,222
Stationary,Fixed 0.20,20261028,0.844765625,0.19999999999999998,0.0,959,0.0,201
Stationary,Fixed 0.20,20261029,0.8467187500000002,0.19999999999999998,0.0,984,0.0,196
Stationary,Fixed 0.20,20261030,0.8396874999999999,0.19999999999999998,0.0,999,0.0,207
Stationary,Fixed 0.20,20261031,0.8493359375,0.19999999999999998,0.0,1007,0.0,190
Stationary,Fixed 0.20,20261032,0.8336328125000001,0.19999999999999998,0.0,989,0.0,218
Stationary,Fixed 0.20,20261033,0.8466015625000001,0.19999999999999998,0.0,1017,0.0,194
Stationary,Fixed 0.20,20261034,0.8385546875,0.19999999999999998,0.0,998,0.0,209
Stationary,Fixed 0.20,20261035,0.8423046875000001,0.19999999999999998,0.0,977,0.0,204
Stationary,Fixed 0.20,20261036,0.8477343749999999,0.19999999999999998,0.0,1018,0.0,192
Stationary,Fixed 0.20,20261037,0.844890625,0.19999999999999998,0.00625,1047,0.0,193
Stationary,Fixed 0.20,20261038,0.830859375,0.19999999999999998,0.0,1030,0.0,220
Stationary,Fixed 0.20,20261039,0.8359765625000002,0.19999999999999998,0.0,1064,0.0,209
Stationary,Fixed 0.20,20261040,0.8273046875000001,0.19999999999999998,0.0,1061,0.0,224
Stationary,Fixed 0.20,20261041,0.846484375,0.19999999999999998,0.0,1065,0.0,191
Stationary,Fixed 0.20,20261042,0.8485546875000001,0.19999999999999998,0.0,1012,0.0,191
Stationary,Fixed 0.20,20261043,0.8444140625,0.19999999999999998,0.0,1043,0.0,196
Stationary,Fixed 0.20,20261044,0.8178906250000001,0.19999999999999998,0.0,1017,0.0,243
Stationary,Fixed 0.20,20261045,0.8408984374999999,0.19999999999999998,0.0,1058,0.0,201
Stationary,Fixed 0.20,20261046,0.8412109375,0.19999999999999998,0.0,1035,0.0,202
Stationary,Fixed 0.20,20261047,0.8452343750000001,0.19999999999999998,0.0,1007,0.0,197
Stationary,Fixed 0.20,20261048,0.8447265625,0.19999999999999998,0.0,975,0.0,200
Stationary,Fixed 0.20,20261049,0.8446875,0.19999999999999998,0.0,1036,0.0,196
Stationary,Fixed 0.20,20261050,0.8315234374999999,0.19999999999999998,0.0,1013,0.0,220
Stationary,Fixed 0.20,20261051,0.8372343750000001,0.19999999999999998,0.00625,1018,0.0,208
Stationary,Fixed 0.20,20261052,0.8366796874999999,0.19999999999999998,0.0,1031,0.0,210
Stationary,Fixed 0.20,20261053,0.8461328124999999,0.19999999999999998,0.0,999,0.0,196
Stationary,Fixed 0.20,20261054,0.8124218750000001,0.19999999999999998,0.0,1007,0.0,253
Stationary,Fixed 0.20,20261055,0.8491796875000001,0.19999999999999998,0.0,1041,0.0,188
Stationary,Fixed 0.20,20261056,0.8332421875,0.19999999999999998,0.0,1059,0.0,214
Stationary,Fixed 0.20,20261057,0.8433203125000001,0.19999999999999998,0.0,1011,0.0,200
Stationary,Fixed 0.20,20261058,0.8351953125,0.19999999999999998,0.0,1069,0.0,210
Stationary,Fixed 0.20,20261059,0.8276171874999999,0.19999999999999998,0.0,1008,0.0,227
Stationary,Fixed 0.20,20261060,0.843359375,0.19999999999999998,0.0,1070,0.0,196
Stationary,Fixed 0.20,20261061,0.84921875,0.19999999999999998,0.0,1010,0.0,190
Stationary,Fixed 0.20,20261062,0.8307812499999999,0.19999999999999998,0.0,1032,0.0,220
Stationary,Fixed 0.20,20261063,0.8417187500000001,0.19999999999999998,0.0,1007,0.0,203
Stationary,Fixed 0.20,20261064,0.837265625,0.19999999999999998,0.0,1001,0.0,211
Stationary,Fixed 0.20,20261065,0.8292187500000001,0.19999999999999998,0.0,982,0.0,226
Stationary,Fixed 0.20,20261066,0.8409375000000001,0.19999999999999998,0.0,982,0.0,206
Stationary,Fixed 0.20,20261067,0.834765625,0.19999999999999998,0.0,1020,0.0,214
Stationary,Fixed 0.20,20261068,0.8302500000000002,0.19999999999999998,0.0125,1003,0.0,219
Stationary,Fixed 0.20,20261069,0.8390625,0.19999999999999998,0.0,970,0.0,210
Stationary,Fixed 0.20,20261070,0.8415625,0.19999999999999998,0.0,1026,0.0,202
Stationary,Fixed 0.20,20261071,0.8254296875,0.19999999999999998,0.0,974,0.0,233
Stationary,Fixed 0.20,20261072,0.8457812500000002,0.19999999999999998,0.0,978,0.0,198
Stationary,Fixed 0.20,20261073,0.8497656250000001,0.19999999999999998,0.0,1011,0.0,189
Stationary,Fixed 0.20,20261074,0.8416015625,0.19999999999999998,0.0,1010,0.0,203
Stationary,Fixed 0.20,20261075,0.8525781250000002,0.19999999999999998,0.0,1044,0.0,182
Stationary,Fixed 0.20,20261076,0.8418749999999999,0.19999999999999998,0.0,1033,0.0,201
Stationary,Fixed 0.20,20261077,0.8475781250000001,0.19999999999999998,0.0,1022,0.0,192
Stationary,Fixed 0.20,20261078,0.8514453124999999,0.19999999999999998,0.0,1028,0.0,185
Stationary,Fixed 0.20,20261079,0.825,0.19999999999999998,0.0,970,0.0,234
Stationary,Fixed 0.20,20261080,0.8313046875000001,0.19999999999999998,0.0125,1036,0.0,215
Stationary,Fixed 0.20,20261081,0.8335156250000001,0.19999999999999998,0.0,1037,0.0,215
Stationary,Fixed 0.20,20261082,0.8331640624999999,0.19999999999999998,0.0,1046,0.0,215
Stationary,Fixed 0.20,20261083,0.8416406250000001,0.19999999999999998,0.0,1009,0.0,203
Stationary,Fixed 0.20,20261084,0.8367578125000001,0.19999999999999998,0.0,999,0.0,212
Stationary,Fixed 0.20,20261085,0.8377343749999999,0.19999999999999998,0.0,989,0.0,211
Stationary,Fixed 0.20,20261086,0.837265625,0.19999999999999998,0.0,1031,0.0,209
Stationary,Fixed 0.20,20261087,0.842734375,0.19999999999999998,0.0,1011,0.0,201
Stationary,Fixed 0.20,20261088,0.8178124999999999,0.19999999999999998,0.0,1034,0.0,242
Stationary,Fixed 0.20,20261089,0.8197265625,0.19999999999999998,0.0,1015,0.0,240
Stationary,Fixed 0.20,20261090,0.8255078125,0.19999999999999998,0.0,1047,0.0,228
Stationary,Fixed 0.20,20261091,0.8311718750000001,0.19999999999999998,0.0,1022,0.0,220
Stationary,Fixed 0.20,20261092,0.840546875,0.19999999999999998,0.0,1067,0.0,201
Stationary,Fixed 0.20,20261093,0.8231249999999999,0.19999999999999998,0.0,1033,0.0,233
Stationary,Fixed 0.20,20261094,0.8358984375,0.19999999999999998,0.0,991,0.0,214
Stationary,Fixed 0.20,20261095,0.8359375,0.19999999999999998,0.0,1020,0.0,212
Stationary,Fixed 0.20,20261096,0.8337499999999999,0.19999999999999998,0.0,1046,0.0,214
Stationary,Fixed 0.20,20261097,0.8383984375000001,0.19999999999999998,0.0,957,0.0,212
Stationary,Fixed 0.20,20261098,0.8306250000000001,0.19999999999999998,0.0,1036,0.0,220
Stationary,Fixed 0.20,20261099,0.8188671875000001,0.19999999999999998,0.03125,1028,0.0,231
Stationary,Fixed 0.20,20261100,0.83234375,0.19999999999999998,0.0,1007,0.0,219
Stationary,Fixed 0.20,20261101,0.8582812499999999,0.19999999999999998,0.0,928,0.0,180
Stationary,Fixed 0.20,20261102,0.8444140625,0.19999999999999998,0.0,1058,0.0,195
Stationary,Fixed 0.20,20261103,0.8345078125000001,0.19999999999999998,0.0125,1014,0.0,211
Stationary,Fixed 0.20,20261104,0.8371171875000002,0.19999999999999998,0.00625,1036,0.0,207
Stationary,Fixed 0.20,20261105,0.8411718749999999,0.19999999999999998,0.0,1021,0.0,203
Stationary,Fixed 0.20,20261106,0.8409375000000001,0.19999999999999998,0.0,982,0.0,206
Stationary,Fixed 0.20,20261107,0.8419140624999999,0.19999999999999998,0.0,1002,0.0,203
Stationary,Fixed 0.20,20261108,0.8305078125000002,0.19999999999999998,0.0,1009,0.0,222
Stationary,Fixed 0.20,20261109,0.8310546875,0.19999999999999998,0.0,1010,0.0,221
Stationary,Fixed 0.20,20261110,0.8373828124999999,0.19999999999999998,0.0,1043,0.0,208
Stationary,Fixed 0.20,20261111,0.8455078125,0.19999999999999998,0.0,1030,0.0,195
Stationary,Fixed 0.20,20261112,0.850390625,0.19999999999999998,0.0,995,0.0,189
Stationary,Fixed 0.20,20261113,0.82984375,0.19999999999999998,0.0,981,0.0,225
Stationary,Fixed 0.20,20261114,0.8246874999999999,0.19999999999999998,0.03125,1014,0.0,222
Stationary,Fixed 0.20,20261115,0.8502734375,0.19999999999999998,0.0,968,0.0,191
Stationary,Fixed 0.20,20261116,0.844921875,0.19999999999999998,0.0,1060,0.0,194
Stationary,Fixed 0.20,20261117,0.8440234375,0.19999999999999998,0.0,1053,0.0,196
Stationary,Fixed 0.20,20261118,0.8376796875,0.19999999999999998,0.01875,1024,0.0,203
Stationary,Fixed 0.20,20261119,0.8428125,0.19999999999999998,0.0,1039,0.0,199
Stationary,Fixed 0.20,20261120,0.8481249999999999,0.19999999999999998,0.0,1008,0.0,192
Stationary,Fixed 0.20,20261121,0.8392968749999999,0.19999999999999998,0.0,994,0.0,208
Stationary,Fixed 0.20,20261122,0.8392578125,0.19999999999999998,0.0,1070,0.0,203
Stationary,Fixed 0.20,20261123,0.8398828125,0.19999999999999998,0.0,1084,0.0,201
Stationary,Fixed 0.20,20261124,0.839140625,0.19999999999999998,0.0,998,0.0,208
Stationary,Fixed 0.20,20261125,0.8368359375000001,0.19999999999999998,0.0,937,0.0,216
Stationary,Fixed 0.20,20261126,0.8456249999999998,0.19999999999999998,0.0,1057,0.0,193
Stationary,Fixed 0.20,20261127,0.83234375,0.19999999999999998,0.0,1022,0.0,218
Stationary,Fixed 0.20,20261128,0.8469921875,0.19999999999999998,0.0,1052,0.0,191
Stationary,Fixed 0.20,20261129,0.8455468750000001,0.19999999999999998,0.0,1014,0.0,196
Stationary,Fixed 0.20,20261130,0.834921875,0.19999999999999998,0.0,1016,0.0,214
Stationary,Fixed 0.20,20261131,0.8426953125000001,0.19999999999999998,0.0,1012,0.0,201
Stationary,Fixed 0.20,20261132,0.8336328125000001,0.19999999999999998,0.0,1064,0.0,213
Stationary,Fixed 0.20,20261133,0.8354296875000001,0.19999999999999998,0.0,1018,0.0,213
Stationary,Fixed 0.20,20261134,0.8323046875,0.19999999999999998,0.0,1038,0.0,217
Stationary,Fixed 0.20,20261135,0.8436328124999999,0.19999999999999998,0.0,1048,0.0,197
Stationary,Fixed 0.20,20261136,0.8534765624999998,0.19999999999999998,0.0,991,0.0,184
Stationary,Fixed 0.20,20261137,0.8178203125,0.19999999999999998,0.00625,1110,0.0,235
Stationary,Fixed 0.20,20261138,0.8432421874999999,0.19999999999999998,0.0,983,0.0,202
Stationary,Fixed 0.20,20261139,0.8278906250000002,0.19999999999999998,0.0,1046,0.0,224
Stationary,Fixed 0.20,20261140,0.8491796874999998,0.19999999999999998,0.0,996,0.0,191
Stationary,Fixed 0.20,20261141,0.8354296874999999,0.19999999999999998,0.0,1033,0.0,212
Stationary,Fixed 0.20,20261142,0.85703125,0.19999999999999998,0.0,1050,0.0,174
Stationary,Fixed 0.20,20261143,0.8240625000000001,0.19999999999999998,0.0,1009,0.0,233
Stationary,Fixed 0.20,20261144,0.824609375,0.19999999999999998,0.0,1010,0.0,232
Stationary,Fixed 0.20,20261145,0.8562109374999999,0.19999999999999998,0.0,1056,0.0,175
Stationary,Fixed 0.20,20261146,0.83359375,0.19999999999999998,0.0,1050,0.0,214
Stationary,Fixed 0.20,20261147,0.84296875,0.19999999999999998,0.0,990,0.0,202
Stationary,Fixed 0.20,20261148,0.8437890625,0.19999999999999998,0.0,1059,0.0,196
Stationary,Fixed 0.20,20261149,0.8349609375,0.19999999999999998,0.0,985,0.0,216
Stationary,Fixed 0.20,20261150,0.8430859375,0.19999999999999998,0.0,987,0.0,202
Stationary,Fixed 0.20,20261151,0.8397734374999999,0.19999999999999998,0.00625,1013,0.0,204
Stationary,Fixed 0.20,20261152,0.8416015625,0.19999999999999998,0.0,1055,0.0,200
Stationary,Fixed 0.20,20261153,0.8435937500000001,0.19999999999999998,0.0,1019,0.0,199
Stationary,Fixed 0.20,20261154,0.8344140625000002,0.19999999999999998,0.0,1074,0.0,211
Stationary,Fixed 0.20,20261155,0.837578125,0.19999999999999998,0.0,1008,0.0,210
Stationary,Fixed 0.20,20261156,0.8267187500000001,0.19999999999999998,0.0,1076,0.0,224
Stationary,Fixed 0.20,20261157,0.8337109375,0.19999999999999998,0.0,1032,0.0,215
Stationary,Fixed 0.20,20261158,0.848171875,0.19999999999999998,0.00625,978,0.0,192
Stationary,Fixed 0.20,20261159,0.8303515625000001,0.19999999999999998,0.0,1028,0.0,221
Stationary,Fixed 0.20,20261160,0.8316015625000001,0.19999999999999998,0.0,1011,0.0,220
Stationary,Fixed 0.20,20261161,0.8383984375000001,0.19999999999999998,0.0,987,0.0,210
Stationary,Fixed 0.20,20261162,0.8339453124999998,0.19999999999999998,0.0,1056,0.0,213
Stationary,Fixed 0.20,20261163,0.8364843750000001,0.19999999999999998,0.0,1051,0.0,209
Stationary,Fixed 0.20,20261164,0.8646484375,0.19999999999999998,0.0,990,0.0,165
Stationary,Fixed 0.20,20261165,0.84546875,0.19999999999999998,0.0,1016,0.0,196
Stationary,Fixed 0.20,20261166,0.8371875,0.19999999999999998,0.0,1048,0.0,208
Stationary,Fixed 0.20,20261167,0.8390625,0.19999999999999998,0.0,970,0.0,210
Stationary,Fixed 0.20,20261168,0.837265625,0.19999999999999998,0.0,1031,0.0,209
Stationary,Fixed 0.20,20261169,0.8315234374999999,0.19999999999999998,0.0,1058,0.0,217
Stationary,Fixed 0.20,20261170,0.828515625,0.19999999999999998,0.0,1045,0.0,223
Stationary,Fixed 0.20,20261171,0.8440234375000001,0.19999999999999998,0.0,1023,0.0,198
Stationary,Fixed 0.20,20261172,0.844109375,0.19999999999999998,0.00625,992,0.0,198
Stationary,Fixed 0.20,20261173,0.8358203124999999,0.19999999999999998,0.0,1038,0.0,211
Stationary,Fixed 0.20,20261174,0.85,0.19999999999999998,0.0,1020,0.0,188
Stationary,Fixed 0.20,20261175,0.8387499999999999,0.19999999999999998,0.0,1023,0.0,207
Stationary,Fixed 0.20,20261176,0.8469609374999999,0.19999999999999998,0.00625,1039,0.0,190
Stationary,Fixed 0.20,20261177,0.8451562500000002,0.19999999999999998,0.0,1009,0.0,197
Stationary,Fixed 0.20,20261178,0.8330078125,0.19999999999999998,0.0,1020,0.0,217
Stationary,Fixed 0.20,20261179,0.8196874999999999,0.19999999999999998,0.0,1061,0.0,237
Stationary,Fixed 0.20,20261180,0.8409765625000001,0.19999999999999998,0.0,966,0.0,207
Stationary,Fixed 0.20,20261181,0.851796875,0.19999999999999998,0.0,1004,0.0,186
Stationary,Fixed 0.20,20261182,0.8421484374999999,0.19999999999999998,0.0,981,0.0,204
Stationary,Fixed 0.20,20261183,0.84109375,0.19999999999999998,0.0,1038,0.0,202
Stationary,Fixed 0.20,20261184,0.8366015625,0.19999999999999998,0.0,1108,0.0,205
Stationary,Fixed 0.20,20261185,0.8286328125000001,0.19999999999999998,0.0,1072,0.0,221
Stationary,Fixed 0.20,20261186,0.8369921874999999,0.19999999999999998,0.0,993,0.0,212
Stationary,Fixed 0.20,20261187,0.8581640625,0.19999999999999998,0.0,1006,0.0,175
Stationary,Fixed 0.20,20261188,0.8455859374999999,0.19999999999999998,0.0,1028,0.0,195
Stationary,Fixed 0.20,20261189,0.8401250000000001,0.19999999999999998,0.00625,974,0.0,206
Stationary,Fixed 0.20,20261190,0.8399218749999999,0.19999999999999998,0.0,1008,0.0,206
Stationary,Fixed 0.20,20261191,0.8209375,0.19999999999999998,0.0,999,0.0,239
Stationary,Fixed 0.20,20261192,0.82640625,0.19999999999999998,0.0,994,0.0,230
Stationary,Fixed 0.20,20261193,0.8401171875,0.19999999999999998,0.0,1048,0.0,203
Stationary,Fixed 0.20,20261194,0.8453515625000001,0.19999999999999998,0.0,1019,0.0,196
Stationary,Fixed 0.20,20261195,0.830859375,0.19999999999999998,0.0,1000,0.0,222
Stationary,Fixed 0.20,20261196,0.8423437500000001,0.19999999999999998,0.0,1006,0.0,202
Stationary,Fixed 0.20,20261197,0.8455078125,0.19999999999999998,0.0,1015,0.0,196
Stationary,Fixed 0.20,20261198,0.8335156250000001,0.19999999999999998,0.0,1037,0.0,215
Stationary,Fixed 0.20,20261199,0.8287109375,0.19999999999999998,0.0,1040,0.0,223
Stationary,Fixed 0.20,20261200,0.8531640625,0.19999999999999998,0.0,969,0.0,186
Stationary,Fixed 0.20,20261201,0.8282890625,0.19999999999999998,0.00625,1067,0.0,220
Stationary,Fixed 0.20,20261202,0.8292187500000001,0.19999999999999998,0.0,997,0.0,225
Stationary,Fixed 0.20,20261203,0.8398828125000002,0.19999999999999998,0.0,1009,0.0,206
Stationary,Fixed 0.20,20261204,0.8456250000000001,0.19999999999999998,0.0,952,0.0,200
Stationary,Fixed 0.20,20261205,0.83296875,0.19999999999999998,0.0,976,0.0,220
Stationary,Fixed 0.20,20261206,0.8456250000000001,0.19999999999999998,0.0,997,0.0,197
Stationary,Fixed 0.20,20261207,0.8500781249999999,0.19999999999999998,0.0,1018,0.0,188
Stationary,Fixed 0.20,20261208,0.8457421875,0.19999999999999998,0.0,949,0.0,200
Stationary,Fixed 0.20,20261209,0.8384765625,0.19999999999999998,0.0,985,0.0,210
Stationary,Fixed 0.20,20261210,0.8357890625,0.19999999999999998,0.00625,995,0.0,212
Stationary,Fixed 0.20,20261211,0.84453125,0.19999999999999998,0.0,1055,0.0,195
Stationary,Fixed 0.20,20261212,0.8333203124999999,0.19999999999999998,0.0,997,0.0,218
Stationary,Fixed 0.20,20261213,0.8373046875,0.19999999999999998,0.0,1000,0.0,211
Stationary,Fixed 0.20,20261214,0.8491015624999999,0.19999999999999998,0.0,1028,0.0,189
Stationary,Fixed 0.20,20261215,0.8479296875,0.19999999999999998,0.0,1013,0.0,192
Stationary,Fixed 0.20,20261216,0.8388750000000001,0.19999999999999998,0.00625,1021,0.0,205
Stationary,Fixed 0.20,20261217,0.837109375,0.19999999999999998,0.0,1065,0.0,207
Stationary,Fixed 0.20,20261218,0.8475781250000001,0.19999999999999998,0.0,962,0.0,196
Stationary,Fixed 0.20,20261219,0.8592187499999999,0.19999999999999998,0.0,1069,0.0,169
Stationary,Fixed 0.20,20261220,0.8306640625,0.19999999999999998,0.0,975,0.0,224
Stationary,Fixed 0.20,20261221,0.8488671875000001,0.19999999999999998,0.0,1049,0.0,188
Stationary,Fixed 0.20,20261222,0.8330859374999999,0.19999999999999998,0.0,1033,0.0,216
Stationary,Fixed 0.20,20261223,0.8458593749999999,0.19999999999999998,0.0,1051,0.0,193
Stationary,Fixed 0.20,20261224,0.8278125,0.19999999999999998,0.0,1018,0.0,226
Stationary,Fixed 0.20,20261225,0.8426171874999999,0.19999999999999998,0.0,1014,0.0,201
Stationary,Fixed 0.20,20261226,0.84203125,0.19999999999999998,0.0,1059,0.0,199
Stationary,Fixed 0.20,20261227,0.8384374999999998,0.19999999999999998,0.0,1016,0.0,208
Stationary,Fixed 0.20,20261228,0.8384843749999998,0.19999999999999998,0.00625,971,0.0,209
Stationary,Fixed 0.20,20261229,0.8397265624999999,0.19999999999999998,0.0,1058,0.0,203
Stationary,Fixed 0.20,20261230,0.844453125,0.19999999999999998,0.0,1057,0.0,195
Stationary,Fixed 0.20,20261231,0.8407031249999999,0.19999999999999998,0.0,1018,0.0,204
Stationary,Fixed 0.20,20261232,0.8280156250000001,0.19999999999999998,0.00625,1044,0.0,222
Stationary,Fixed 0.20,20261233,0.8367968749999999,0.19999999999999998,0.0,1058,0.0,208
Stationary,Fixed 0.20,20261234,0.8398046874999998,0.19999999999999998,0.0,1026,0.0,205
Stationary,Fixed 0.20,20261235,0.8402734375000002,0.19999999999999998,0.0,1059,0.0,202
Stationary,Fixed 0.20,20261236,0.8412890625000001,0.19999999999999998,0.0,988,0.0,205
Stationary,Fixed 0.20,20261237,0.853515625,0.19999999999999998,0.0,990,0.0,184
Stationary,Fixed 0.20,20261238,0.832734375,0.19999999999999998,0.0,1087,0.0,213
Stationary,Fixed 0.20,20261239,0.8331640625000001,0.19999999999999998,0.0,1016,0.0,217
Stationary,Fixed 0.20,20261240,0.8357812499999999,0.19999999999999998,0.0,1024,0.0,212
Stationary,Fixed 0.20,20261241,0.8501562500000001,0.19999999999999998,0.0,1016,0.0,188
Stationary,Fixed 0.20,20261242,0.8382421874999999,0.19999999999999998,0.0,991,0.0,210
Stationary,Fixed 0.20,20261243,0.83921875,0.19999999999999998,0.0,1071,0.0,203
Stationary,Fixed 0.20,20261244,0.8461328124999999,0.19999999999999998,0.0,1029,0.0,194
Stationary,Fixed 0.20,20261245,0.8428515624999999,0.19999999999999998,0.0,1053,0.0,198
Stationary,Fixed 0.20,20261246,0.8345703125,0.19999999999999998,0.0,1055,0.0,212
Stationary,Fixed 0.20,20261247,0.8485156249999999,0.19999999999999998,0.0,998,0.0,192
Stationary,Fixed 0.20,20261248,0.8394140625000001,0.19999999999999998,0.0,1036,0.0,205
Stationary,Fixed 0.20,20261249,0.8399218749999999,0.19999999999999998,0.0,993,0.0,207
Stationary,Fixed 0.20,20261250,0.8404296875,0.19999999999999998,0.0,1025,0.0,204
Stationary,Fixed 0.20,20261251,0.8532421875,0.19999999999999998,0.0,997,0.0,184
Stationary,Fixed 0.20,20261252,0.82334375,0.19999999999999998,0.01875,1091,0.0,223
Stationary,Fixed 0.20,20261253,0.824734375,0.19999999999999998,0.00625,1008,0.0,230
Stationary,Fixed 0.20,20261254,0.8360234375000001,0.19999999999999998,0.00625,1049,0.0,208
Stationary,Fixed 0.20,20261255,0.8394921875000001,0.19999999999999998,0.0,1019,0.0,206
Stationary,Fixed 0.20,20261256,0.8524218749999999,0.19999999999999998,0.0,1003,0.0,185
Stationary,Fixed 0.20,20261257,0.8490625000000002,0.19999999999999998,0.0,1029,0.0,189
Stationary,Fixed 0.20,20261258,0.84703125,0.19999999999999998,0.0,991,0.0,195
Stationary,Fixed 0.20,20261259,0.8473046875000001,0.19999999999999998,0.0,999,0.0,194
Stationary,Fixed 0.20,20261260,0.8495703125,0.19999999999999998,0.0,1016,0.0,189
Stationary,Fixed 0.20,20261261,0.8495312500000001,0.19999999999999998,0.0,1002,0.0,190
Stationary,Fixed 0.20,20261262,0.8375390625000001,0.19999999999999998,0.0,1024,0.0,209
Stationary,Fixed 0.20,20261263,0.836640625,0.19999999999999998,0.0,1047,0.0,209
Stationary,Fixed 0.20,20261264,0.8432812500000001,0.19999999999999998,0.0,1042,0.0,198
Stationary,Fixed 0.20,20261265,0.8379687499999999,0.19999999999999998,0.0,998,0.0,210
Stationary,Fixed 0.20,20261266,0.846484375,0.19999999999999998,0.0,990,0.0,196
Stationary,Fixed 0.20,20261267,0.834765625,0.19999999999999998,0.0,1080,0.0,210
Stationary,Fixed 0.20,20261268,0.8555078125000002,0.19999999999999998,0.0,1029,0.0,178
Stationary,Fixed 0.20,20261269,0.844921875,0.19999999999999998,0.0,1030,0.0,196
Stationary,Fixed 0.20,20261270,0.83921875,0.19999999999999998,0.0,966,0.0,210
Stationary,Fixed 0.20,20261271,0.8423828125,0.19999999999999998,0.0,990,0.0,203
Stationary,Fixed 0.20,20261272,0.853515625,0.19999999999999998,0.0,1050,0.0,180
Stationary,Fixed 0.20,20261273,0.8490624999999999,0.19999999999999998,0.0,1014,0.0,190
Stationary,Fixed 0.20,20261274,0.8380078125000001,0.19999999999999998,0.0,1042,0.0,207
Stationary,Fixed 0.20,20261275,0.834296875,0.19999999999999998,0.0,1047,0.0,213
Stationary,Fixed 0.20,20261276,0.8438671875000001,0.19999999999999998,0.0,1072,0.0,195
Stationary,Fixed 0.20,20261277,0.8284765625,0.19999999999999998,0.0,1046,0.0,223
Stationary,Fixed 0.20,20261278,0.8401953124999999,0.19999999999999998,0.03125,1037,0.0,194
Stationary,Fixed 0.20,20261279,0.8309765625000001,0.19999999999999998,0.0,1012,0.0,221
Stationary,Fixed 0.20,20261280,0.8451953125000001,0.19999999999999998,0.0,1038,0.0,195
Stationary,Fixed 0.20,20261281,0.8426562499999999,0.19999999999999998,0.0,953,0.0,205
Stationary,Fixed 0.20,20261282,0.8470703125,0.19999999999999998,0.0,1020,0.0,193
Stationary,Fixed 0.20,20261283,0.849609375,0.19999999999999998,0.0,1030,0.0,188
Stationary,Fixed 0.20,20261284,0.840546875,0.19999999999999998,0.0,1037,0.0,203
Stationary,Fixed 0.20,20261285,0.8389453124999999,0.19999999999999998,0.0,1018,0.0,207
Stationary,Fixed 0.20,20261286,0.8556640625,0.19999999999999998,0.0,995,0.0,180
Stationary,Fixed 0.20,20261287,0.8335546874999998,0.19999999999999998,0.0,1036,0.0,215
Stationary,Fixed 0.20,20261288,0.8316796875000001,0.19999999999999998,0.0,1039,0.0,218
Stationary,Fixed 0.20,20261289,0.8301562499999999,0.19999999999999998,0.0,1078,0.0,218
Stationary,Fixed 0.20,20261290,0.8341796875,0.19999999999999998,0.0,1050,0.0,213
Stationary,Fixed 0.20,20261291,0.8432031249999999,0.19999999999999998,0.0,1059,0.0,197
Stationary,Fixed 0.20,20261292,0.8313671875,0.19999999999999998,0.0,1002,0.0,221
Stationary,Fixed 0.20,20261293,0.8456640625,0.19999999999999998,0.0,1041,0.0,194
Stationary,Fixed 0.20,20261294,0.8479296875,0.19999999999999998,0.0,983,0.0,194
Stationary,Fixed 0.20,20261295,0.8482031249999998,0.19999999999999998,0.0,1036,0.0,190
Stationary,Fixed 0.20,20261296,0.8272031250000002,0.19999999999999998,0.0125,1036,0.0,222
Stationary,Fixed 0.20,20261297,0.839140625,0.19999999999999998,0.0,1013,0.0,207
Stationary,Fixed 0.20,20261298,0.845390625,0.19999999999999998,0.0,1033,0.0,195
Stationary,Fixed 0.20,20261299,0.8230078125,0.19999999999999998,0.0,991,0.0,236
Stationary,Fixed 0.20,20261300,0.83828125,0.19999999999999998,0.0,1005,0.0,209
Stationary,Fixed 0.20,20261301,0.84078125,0.19999999999999998,0.0,1031,0.0,203
Stationary,Fixed 0.20,20261302,0.8480859375000002,0.19999999999999998,0.0,1054,0.0,189
Stationary,Fixed 0.20,20261303,0.8451562500000002,0.19999999999999998,0.0,1054,0.0,194
Stationary,Fixed 0.20,20261304,0.8414453125000001,0.19999999999999998,0.0,1014,0.0,203
Stationary,Fixed 0.20,20261305,0.8299609375000001,0.19999999999999998,0.0,1068,0.0,219
Stationary,Fixed 0.20,20261306,0.8431640625,0.19999999999999998,0.0,970,0.0,203
Stationary,Fixed 0.20,20261307,0.8337109375,0.19999999999999998,0.0,987,0.0,218
Stationary,Fixed 0.20,20261308,0.8314062499999999,0.19999999999999998,0.0,1046,0.0,218
Stationary,Fixed 0.20,20261309,0.8415234375,0.19999999999999998,0.0,982,0.0,205
Stationary,Fixed 0.20,20261310,0.8467968749999999,0.19999999999999998,0.0,1057,0.0,191
Stationary,Fixed 0.20,20261311,0.8423437500000001,0.19999999999999998,0.0,1051,0.0,199
Stationary,Fixed 0.20,20261312,0.8334374999999999,0.19999999999999998,0.0,1024,0.0,216
Stationary,Fixed 0.20,20261313,0.8431640625,0.19999999999999998,0.0,1060,0.0,197
Stationary,Fixed 0.20,20261314,0.8202343749999998,0.19999999999999998,0.0,987,0.0,241
Stationary,Fixed 0.20,20261315,0.8356640625,0.19999999999999998,0.0,937,0.0,218
Stationary,Fixed 0.20,20261316,0.854453125,0.19999999999999998,0.0,996,0.0,182
Stationary,Fixed 0.20,20261317,0.8301953125000001,0.19999999999999998,0.0,1047,0.0,220
Stationary,Fixed 0.20,20261318,0.8416796874999999,0.19999999999999998,0.0,1053,0.0,200
Stationary,Fixed 0.20,20261319,0.8529296875,0.19999999999999998,0.0,990,0.0,185
Stationary,Fixed 0.20,20261320,0.8455859375000001,0.19999999999999998,0.0,998,0.0,197
Stationary,Fixed 0.20,20261321,0.8432031249999999,0.19999999999999998,0.0,1014,0.0,200
Stationary,Fixed 0.20,20261322,0.8327734374999999,0.19999999999999998,0.0,1086,0.0,213
Stationary,Fixed 0.20,20261323,0.8297265625,0.19999999999999998,0.0,1029,0.0,222
Stationary,Fixed 0.20,20261324,0.8272265624999999,0.19999999999999998,0.0,1048,0.0,225
Stationary,Fixed 0.20,20261325,0.84984375,0.19999999999999998,0.0,994,0.0,190
Stationary,Fixed 0.20,20261326,0.8474218749999999,0.19999999999999998,0.0,996,0.0,194
Stationary,Fixed 0.20,20261327,0.8397265624999999,0.19999999999999998,0.0,983,0.0,208
Stationary,Fixed 0.60,20260928,0.7527734375,0.5999999999999999,0.0,3089,0.0,216
Stationary,Fixed 0.60,20260929,0.7686718750000001,0.5999999999999999,0.0,3132,0.0,186
Stationary,Fixed 0.60,20260930,0.7577734375,0.5999999999999999,0.0,3096,0.0,207
Stationary,Fixed 0.60,20260931,0.7587890625,0.5999999999999999,0.0,3070,0.0,207
Stationary,Fixed 0.60,20260932,0.7633984375,0.5999999999999999,0.0,3027,0.0,202
Stationary,Fixed 0.60,20260933,0.748984375,0.5999999999999999,0.0,3096,0.0,222
Stationary,Fixed 0.60,20260934,0.7678906249999999,0.5999999999999999,0.0,3062,0.0,192
Stationary,Fixed 0.60,20260935,0.7718359375,0.5999999999999999,0.0,3096,0.0,183
Stationary,Fixed 0.60,20260936,0.7631249999999999,0.5999999999999999,0.0,3049,0.0,201
Stationary,Fixed 0.60,20260937,0.757421875,0.5999999999999999,0.0,3030,0.0,212
Stationary,Fixed 0.60,20260938,0.7526953125,0.5999999999999999,0.0,3031,0.0,220
Stationary,Fixed 0.60,20260939,0.758515625,0.5999999999999999,0.0,3107,0.0,205
Stationary,Fixed 0.60,20260940,0.7625390625,0.5999999999999999,0.0,3094,0.0,199
Stationary,Fixed 0.60,20260941,0.7705078125,0.5999999999999999,0.0,3055,0.0,188
Stationary,Fixed 0.60,20260942,0.7680468749999999,0.5999999999999999,0.0,3103,0.0,189
Stationary,Fixed 0.60,20260943,0.7446875,0.5999999999999999,0.0,3056,0.0,232
Stationary,Fixed 0.60,20260944,0.7512890624999999,0.5999999999999999,0.0,3022,0.0,223
Stationary,Fixed 0.60,20260945,0.7582421874999999,0.5999999999999999,0.0,3009,0.0,212
Stationary,Fixed 0.60,20260946,0.7648046875000001,0.5999999999999999,0.0,3021,0.0,200
Stationary,Fixed 0.60,20260947,0.7692578125,0.5999999999999999,0.0,3072,0.0,189
Stationary,Fixed 0.60,20260948,0.7622265625,0.5999999999999999,0.0,3072,0.0,201
Stationary,Fixed 0.60,20260949,0.7556640625,0.5999999999999999,0.0,3075,0.0,212
Stationary,Fixed 0.60,20260950,0.7651171875,0.5999999999999999,0.0,3028,0.0,199
Stationary,Fixed 0.60,20260951,0.7624609375,0.5999999999999999,0.0,3096,0.0,199
Stationary,Fixed 0.60,20260952,0.7524218749999999,0.5999999999999999,0.0,3068,0.0,218
Stationary,Fixed 0.60,20260953,0.7565625,0.5999999999999999,0.0,3082,0.0,210
Stationary,Fixed 0.60,20260954,0.7534375,0.5999999999999999,0.0,3102,0.0,214
Stationary,Fixed 0.60,20260955,0.7617578125,0.5999999999999999,0.0,3039,0.0,204
Stationary,Fixed 0.60,20260956,0.7616015625,0.5999999999999999,0.0,3013,0.0,206
Stationary,Fixed 0.60,20260957,0.771875,0.5999999999999999,0.0,3020,0.0,188
Stationary,Fixed 0.60,20260958,0.7647265625,0.5999999999999999,0.0,3083,0.0,196
Stationary,Fixed 0.60,20260959,0.7542578125,0.5999999999999999,0.0,3036,0.0,217
Stationary,Fixed 0.60,20260960,0.769296875,0.5999999999999999,0.0,3116,0.0,186
Stationary,Fixed 0.60,20260961,0.7638671875,0.5999999999999999,0.0,3060,0.0,199
Stationary,Fixed 0.60,20260962,0.7574609375,0.5999999999999999,0.0,3074,0.0,209
Stationary,Fixed 0.60,20260963,0.7713671875,0.5999999999999999,0.0,3093,0.0,184
Stationary,Fixed 0.60,20260964,0.7639843749999999,0.5999999999999999,0.0,2997,0.0,203
Stationary,Fixed 0.60,20260965,0.7519921875,0.5999999999999999,0.0,3124,0.0,215
Stationary,Fixed 0.60,20260966,0.775625,0.5999999999999999,0.0,3059,0.0,179
Stationary,Fixed 0.60,20260967,0.766796875,0.5999999999999999,0.0,3105,0.0,191
Stationary,Fixed 0.60,20260968,0.75078125,0.5999999999999999,0.0,3065,0.0,221
Stationary,Fixed 0.60,20260969,0.756484375,0.5999999999999999,0.0,3069,0.0,211
Stationary,Fixed 0.60,20260970,0.77828125,0.5999999999999999,0.0,3051,0.0,175
Stationary,Fixed 0.60,20260971,0.7581249999999999,0.5999999999999999,0.0,3042,0.0,210
Stationary,Fixed 0.60,20260972,0.7658203125,0.5999999999999999,0.0,3085,0.0,194
Stationary,Fixed 0.60,20260973,0.7698437499999999,0.5999999999999999,0.0,3057,0.0,189
Stationary,Fixed 0.60,20260974,0.7621484375,0.5999999999999999,0.0,3044,0.0,203
Stationary,Fixed 0.60,20260975,0.753125,0.5999999999999999,0.0,3080,0.0,216
Stationary,Fixed 0.60,20260976,0.7524218749999999,0.5999999999999999,0.0,3098,0.0,216
Stationary,Fixed 0.60,20260977,0.763671875,0.5999999999999999,0.0,3095,0.0,197
Stationary,Fixed 0.60,20260978,0.7574609375,0.5999999999999999,0.0,3074,0.0,209
Stationary,Fixed 0.60,20260979,0.7676171875,0.5999999999999999,0.0,3099,0.0,190
Stationary,Fixed 0.60,20260980,0.7594531250000001,0.5999999999999999,0.0,3083,0.0,205
Stationary,Fixed 0.60,20260981,0.75953125,0.5999999999999999,0.0,3081,0.0,205
Stationary,Fixed 0.60,20260982,0.7550000000000001,0.5999999999999999,0.0,3092,0.0,212
Stationary,Fixed 0.60,20260983,0.761328125,0.5999999999999999,0.0,3065,0.0,203
Stationary,Fixed 0.60,20260984,0.7528125,0.5999999999999999,0.0,3043,0.0,219
Stationary,Fixed 0.60,20260985,0.7393359375,0.5999999999999999,0.0,3013,0.0,244
Stationary,Fixed 0.60,20260986,0.7408984375000001,0.5999999999999999,0.0,3108,0.0,235
Stationary,Fixed 0.60,20260987,0.760703125,0.5999999999999999,0.0,3066,0.0,204
Stationary,Fixed 0.60,20260988,0.7498437499999999,0.5999999999999999,0.0,3119,0.0,219
Stationary,Fixed 0.60,20260989,0.7676171875,0.5999999999999999,0.0,3069,0.0,192
Stationary,Fixed 0.60,20260990,0.760703125,0.5999999999999999,0.0,3111,0.0,201
Stationary,Fixed 0.60,20260991,0.7730078125000001,0.5999999999999999,0.0,3051,0.0,184
Stationary,Fixed 0.60,20260992,0.7614062500000001,0.5999999999999999,0.0,3063,0.0,203
Stationary,Fixed 0.60,20260993,0.7590625,0.5999999999999999,0.0,3153,0.0,201
Stationary,Fixed 0.60,20260994,0.75296875,0.5999999999999999,0.0,3069,0.0,217
Stationary,Fixed 0.60,20260995,0.7582812499999999,0.5999999999999999,0.0,3128,0.0,204
Stationary,Fixed 0.60,20260996,0.774140625,0.5999999999999999,0.0,3067,0.0,181
Stationary,Fixed 0.60,20260997,0.7625390624999999,0.5999999999999999,0.0,3064,0.0,201
Stationary,Fixed 0.60,20260998,0.7612890625000001,0.5999999999999999,0.0,3096,0.0,201
Stationary,Fixed 0.60,20260999,0.772265625,0.5999999999999999,0.0,3070,0.0,184
Stationary,Fixed 0.60,20261000,0.756640625,0.5999999999999999,0.0,3110,0.0,208
Stationary,Fixed 0.60,20261001,0.7625390624999999,0.5999999999999999,0.0,3109,0.0,198
Stationary,Fixed 0.60,20261002,0.7680468750000001,0.5999999999999999,0.0,3043,0.0,193
Stationary,Fixed 0.60,20261003,0.7540234375,0.5999999999999999,0.0,3072,0.0,215
Stationary,Fixed 0.60,20261004,0.7558203125,0.5999999999999999,0.0,3041,0.0,214
Stationary,Fixed 0.60,20261005,0.7558203125,0.5999999999999999,0.0,3086,0.0,211
Stationary,Fixed 0.60,20261006,0.7725,0.5999999999999999,0.0,3064,0.0,184
Stationary,Fixed 0.60,20261007,0.7688671874999999,0.5999999999999999,0.0,3097,0.0,188
Stationary,Fixed 0.60,20261008,0.7648046875000001,0.5999999999999999,0.0,3036,0.0,199
Stationary,Fixed 0.60,20261009,0.7503515625,0.5999999999999999,0.0,3076,0.0,221
Stationary,Fixed 0.60,20261010,0.76484375,0.5999999999999999,0.0,3110,0.0,194
Stationary,Fixed 0.60,20261011,0.7647656250000001,0.5999999999999999,0.0,3052,0.0,198
Stationary,Fixed 0.60,20261012,0.754140625,0.5999999999999999,0.0,3129,0.0,211
Stationary,Fixed 0.60,20261013,0.7623046875,0.5999999999999999,0.0,3010,0.0,205
Stationary,Fixed 0.60,20261014,0.7534765625000001,0.5999999999999999,0.0,3071,0.0,216
Stationary,Fixed 0.60,20261015,0.749140625,0.5999999999999999,0.0,3047,0.0,225
Stationary,Fixed 0.60,20261016,0.76875,0.5999999999999999,0.0,3115,0.0,187
Stationary,Fixed 0.60,20261017,0.7674609375,0.5999999999999999,0.0,3058,0.0,193
Stationary,Fixed 0.60,20261018,0.7603984375,0.5999999999999999,0.00625,3060,0.0,203
Stationary,Fixed 0.60,20261019,0.7560156250000001,0.5999999999999999,0.0,3066,0.0,212
Stationary,Fixed 0.60,20261020,0.762421875,0.5999999999999999,0.0,3082,0.0,200
Stationary,Fixed 0.60,20261021,0.75234375,0.5999999999999999,0.0,3040,0.0,220
Stationary,Fixed 0.60,20261022,0.74734375,0.5999999999999999,0.0,3078,0.0,226
Stationary,Fixed 0.60,20261023,0.751328125,0.5999999999999999,0.0,3081,0.0,219
Stationary,Fixed 0.60,20261024,0.7683203125,0.5999999999999999,0.0,3081,0.0,190
Stationary,Fixed 0.60,20261025,0.7587109375,0.5999999999999999,0.0,3057,0.0,208
Stationary,Fixed 0.60,20261026,0.7670703124999999,0.5999999999999999,0.0,3158,0.0,187
Stationary,Fixed 0.60,20261027,0.750234375,0.5999999999999999,0.0,3064,0.0,222
Stationary,Fixed 0.60,20261028,0.7634375,0.5999999999999999,0.0,3041,0.0,201
Stationary,Fixed 0.60,20261029,0.7669921875,0.5999999999999999,0.0,3025,0.0,196
Stationary,Fixed 0.60,20261030,0.7579296875,0.5999999999999999,0.0,3092,0.0,207
Stationary,Fixed 0.60,20261031,0.7678125,0.5999999999999999,0.0,3094,0.0,190
Stationary,Fixed 0.60,20261032,0.752890625,0.5999999999999999,0.0,3056,0.0,218
Stationary,Fixed 0.60,20261033,0.765859375,0.5999999999999999,0.0,3084,0.0,194
Stationary,Fixed 0.60,20261034,0.7576562499999999,0.5999999999999999,0.0,3069,0.0,209
Stationary,Fixed 0.60,20261035,0.76234375,0.5999999999999999,0.0,3024,0.0,204
Stationary,Fixed 0.60,20261036,0.7674999999999998,0.5999999999999999,0.0,3072,0.0,192
Stationary,Fixed 0.60,20261037,0.7678125,0.5999999999999999,0.0,3079,0.0,191
Stationary,Fixed 0.60,20261038,0.7496875000000001,0.5999999999999999,0.0,3108,0.0,220
Stationary,Fixed 0.60,20261039,0.7547265625,0.5999999999999999,0.0,3144,0.0,209
Stationary,Fixed 0.60,20261040,0.7498046875,0.5999999999999999,0.0,3045,0.0,224
Stationary,Fixed 0.60,20261041,0.7666796874999999,0.5999999999999999,0.0,3108,0.0,191
Stationary,Fixed 0.60,20261042,0.767578125,0.5999999999999999,0.0,3085,0.0,191
Stationary,Fixed 0.60,20261043,0.765859375,0.5999999999999999,0.0,3054,0.0,196
Stationary,Fixed 0.60,20261044,0.7395703125,0.5999999999999999,0.0,3022,0.0,243
Stationary,Fixed 0.60,20261045,0.7620703125,0.5999999999999999,0.0,3076,0.0,201
Stationary,Fixed 0.60,20261046,0.760703125,0.5999999999999999,0.0,3096,0.0,202
Stationary,Fixed 0.60,20261047,0.7657421875000001,0.5999999999999999,0.0,3042,0.0,197
Stationary,Fixed 0.60,20261048,0.7641796875000001,0.5999999999999999,0.0,3037,0.0,200
Stationary,Fixed 0.60,20261049,0.7631640624999999,0.5999999999999999,0.0,3123,0.0,196
Stationary,Fixed 0.60,20261050,0.751640625,0.5999999999999999,0.0,3058,0.0,220
Stationary,Fixed 0.60,20261051,0.760625,0.5999999999999999,0.0,3038,0.0,206
Stationary,Fixed 0.60,20261052,0.7558984375,0.5999999999999999,0.0,3099,0.0,210
Stationary,Fixed 0.60,20261053,0.7651562500000001,0.5999999999999999,0.0,3072,0.0,196
Stationary,Fixed 0.60,20261054,0.7324609375,0.5999999999999999,0.0,3054,0.0,253
Stationary,Fixed 0.60,20261055,0.7698828124999999,0.5999999999999999,0.0,3071,0.0,188
Stationary,Fixed 0.60,20261056,0.7558203125,0.5999999999999999,0.0,3041,0.0,214
Stationary,Fixed 0.60,20261057,0.7637890625,0.5999999999999999,0.0,3047,0.0,200
Stationary,Fixed 0.60,20261058,0.7569921875000001,0.5999999999999999,0.0,3071,0.0,210
Stationary,Fixed 0.60,20261059,0.747890625,0.5999999999999999,0.0,3049,0.0,227
Stationary,Fixed 0.60,20261060,0.7635546875,0.5999999999999999,0.0,3113,0.0,196
Stationary,Fixed 0.60,20261061,0.7696875,0.5999999999999999,0.0,3046,0.0,190
Stationary,Fixed 0.60,20261062,0.7508984375,0.5999999999999999,0.0,3077,0.0,220
Stationary,Fixed 0.60,20261063,0.761328125,0.5999999999999999,0.0,3065,0.0,203
Stationary,Fixed 0.60,20261064,0.7566015625,0.5999999999999999,0.0,3066,0.0,211
Stationary,Fixed 0.60,20261065,0.74890625,0.5999999999999999,0.0,3038,0.0,226
Stationary,Fixed 0.60,20261066,0.7603515625,0.5999999999999999,0.0,3045,0.0,206
Stationary,Fixed 0.60,20261067,0.7537890625,0.5999999999999999,0.0,3093,0.0,214
Stationary,Fixed 0.60,20261068,0.7578515625,0.5999999999999999,0.0,3034,0.0,211
Stationary,Fixed 0.60,20261069,0.7583593750000001,0.5999999999999999,0.0,3036,0.0,210
Stationary,Fixed 0.60,20261070,0.7623046875,0.5999999999999999,0.0,3055,0.0,202
Stationary,Fixed 0.60,20261071,0.743203125,0.5999999999999999,0.0,3079,0.0,233
Stationary,Fixed 0.60,20261072,0.765,0.5999999999999999,0.0,3046,0.0,198
Stationary,Fixed 0.60,20261073,0.7696484375,0.5999999999999999,0.0,3062,0.0,189
Stationary,Fixed 0.60,20261074,0.7612500000000001,0.5999999999999999,0.0,3067,0.0,203
Stationary,Fixed 0.60,20261075,0.7717578125,0.5999999999999999,0.0,3113,0.0,182
Stationary,Fixed 0.60,20261076,0.7607421875,0.5999999999999999,0.0,3110,0.0,201
Stationary,Fixed 0.60,20261077,0.7683203125,0.5999999999999999,0.0,3051,0.0,192
Stationary,Fixed 0.60,20261078,0.775390625,0.5999999999999999,0.0,2975,0.0,185
Stationary,Fixed 0.60,20261079,0.7455859375,0.5999999999999999,0.0,3003,0.0,234
Stationary,Fixed 0.60,20261080,0.75703125,0.5999999999999999,0.0,3085,0.0,209
Stationary,Fixed 0.60,20261081,0.7518359375,0.5999999999999999,0.0,3128,0.0,215
Stationary,Fixed 0.60,20261082,0.754921875,0.5999999999999999,0.0,3049,0.0,215
Stationary,Fixed 0.60,20261083,0.7615234375,0.5999999999999999,0.0,3060,0.0,203
Stationary,Fixed 0.60,20261084,0.7565625,0.5999999999999999,0.0,3052,0.0,212
Stationary,Fixed 0.60,20261085,0.7556640625,0.5999999999999999,0.0,3090,0.0,211
Stationary,Fixed 0.60,20261086,0.7571484374999999,0.5999999999999999,0.0,3082,0.0,209
Stationary,Fixed 0.60,20261087,0.7628125,0.5999999999999999,0.0,3057,0.0,201
Stationary,Fixed 0.60,20261088,0.7391796875,0.5999999999999999,0.0,3047,0.0,242
Stationary,Fixed 0.60,20261089,0.741015625,0.5999999999999999,0.0,3030,0.0,240
Stationary,Fixed 0.60,20261090,0.7455078125,0.5999999999999999,0.0,3095,0.0,228
Stationary,Fixed 0.60,20261091,0.751328125,0.5999999999999999,0.0,3066,0.0,220
Stationary,Fixed 0.60,20261092,0.7608984375000001,0.5999999999999999,0.0,3106,0.0,201
Stationary,Fixed 0.60,20261093,0.7430078124999999,0.5999999999999999,0.0,3084,0.0,233
Stationary,Fixed 0.60,20261094,0.7556640625,0.5999999999999999,0.0,3045,0.0,214
Stationary,Fixed 0.60,20261095,0.757421875,0.5999999999999999,0.0,3030,0.0,212
Stationary,Fixed 0.60,20261096,0.7547265624999999,0.5999999999999999,0.0,3069,0.0,214
Stationary,Fixed 0.60,20261097,0.75625,0.5999999999999999,0.0,3060,0.0,212
Stationary,Fixed 0.60,20261098,0.7497265625,0.5999999999999999,0.0,3107,0.0,220
Stationary,Fixed 0.60,20261099,0.7444140625,0.5999999999999999,0.0,3093,0.0,230
Stationary,Fixed 0.60,20261100,0.751953125,0.5999999999999999,0.0,3065,0.0,219
Stationary,Fixed 0.60,20261101,0.77734375,0.5999999999999999,0.0,3000,0.0,180
Stationary,Fixed 0.60,20261102,0.763671875,0.5999999999999999,0.0,3125,0.0,195
Stationary,Fixed 0.60,20261103,0.75625,0.5999999999999999,0.0,3060,0.0,212
Stationary,Fixed 0.60,20261104,0.7601171875,0.5999999999999999,0.0,3051,0.0,206
Stationary,Fixed 0.60,20261105,0.75890625,0.5999999999999999,0.0,3127,0.0,203
Stationary,Fixed 0.60,20261106,0.76,0.5999999999999999,0.0,3054,0.0,206
Stationary,Fixed 0.60,20261107,0.7637890625,0.5999999999999999,0.0,3002,0.0,203
Stationary,Fixed 0.60,20261108,0.7502734375,0.5999999999999999,0.0,3063,0.0,222
Stationary,Fixed 0.60,20261109,0.7516796875,0.5999999999999999,0.0,3042,0.0,221
Stationary,Fixed 0.60,20261110,0.7576953124999999,0.5999999999999999,0.0,3083,0.0,208
Stationary,Fixed 0.60,20261111,0.7662890625000001,0.5999999999999999,0.0,3058,0.0,195
Stationary,Fixed 0.60,20261112,0.7701953125000001,0.5999999999999999,0.0,3048,0.0,189
Stationary,Fixed 0.60,20261113,0.7494531249999999,0.5999999999999999,0.0,3039,0.0,225
Stationary,Fixed 0.60,20261114,0.7525000000000001,0.5999999999999999,0.0,3126,0.0,214
Stationary,Fixed 0.60,20261115,0.7701171875,0.5999999999999999,0.0,3020,0.0,191
Stationary,Fixed 0.60,20261116,0.766875,0.5999999999999999,0.0,3058,0.0,194
Stationary,Fixed 0.60,20261117,0.761953125,0.5999999999999999,0.0,3154,0.0,196
Stationary,Fixed 0.60,20261118,0.762421875,0.5999999999999999,0.0,3067,0.0,201
Stationary,Fixed 0.60,20261119,0.7641406249999999,0.5999999999999999,0.0,3053,0.0,199
Stationary,Fixed 0.60,20261120,0.76625,0.5999999999999999,0.0,3104,0.0,192
Stationary,Fixed 0.60,20261121,0.7584765625000001,0.5999999999999999,0.0,3063,0.0,208
Stationary,Fixed 0.60,20261122,0.75984375,0.5999999999999999,0.0,3103,0.0,203
Stationary,Fixed 0.60,20261123,0.76234375,0.5999999999999999,0.0,3069,0.0,201
Stationary,Fixed 0.60,20261124,0.758515625,0.5999999999999999,0.0,3062,0.0,208
Stationary,Fixed 0.60,20261125,0.7511406249999999,0.5999999999999999,0.00625,3012,0.0,222
Stationary,Fixed 0.60,20261126,0.7657421875,0.5999999999999999,0.0,3102,0.0,193
Stationary,Fixed 0.60,20261127,0.7520312499999999,0.5999999999999999,0.0,3078,0.0,218
Stationary,Fixed 0.60,20261128,0.7674609374999999,0.5999999999999999,0.0,3088,0.0,191
Stationary,Fixed 0.60,20261129,0.7651953125000001,0.5999999999999999,0.0,3071,0.0,196
Stationary,Fixed 0.60,20261130,0.7557421874999999,0.5999999999999999,0.0,3043,0.0,214
Stationary,Fixed 0.60,20261131,0.7624609375,0.5999999999999999,0.0,3066,0.0,201
Stationary,Fixed 0.60,20261132,0.7534374999999999,0.5999999999999999,0.0,3117,0.0,213
Stationary,Fixed 0.60,20261133,0.75546875,0.5999999999999999,0.0,3065,0.0,213
Stationary,Fixed 0.60,20261134,0.752890625,0.5999999999999999,0.0,3071,0.0,217
Stationary,Fixed 0.60,20261135,0.763203125,0.5999999999999999,0.0,3107,0.0,197
Stationary,Fixed 0.60,20261136,0.7737499999999999,0.5999999999999999,0.0,3032,0.0,184
Stationary,Fixed 0.60,20261137,0.745078125,0.5999999999999999,0.0,3106,0.0,228
Stationary,Fixed 0.60,20261138,0.760703125,0.5999999999999999,0.0,3096,0.0,202
Stationary,Fixed 0.60,20261139,0.7486328125,0.5999999999999999,0.0,3075,0.0,224
Stationary,Fixed 0.60,20261140,0.7709765625,0.5999999999999999,0.0,2998,0.0,191
Stationary,Fixed 0.60,20261141,0.756796875,0.5999999999999999,0.0,3046,0.0,212
Stationary,Fixed 0.60,20261142,0.7779296875,0.5999999999999999,0.0,3075,0.0,174
Stationary,Fixed 0.60,20261143,0.7427734375,0.5999999999999999,0.0,3090,0.0,233
Stationary,Fixed 0.60,20261144,0.74515625,0.5999999999999999,0.0,3044,0.0,232
Stationary,Fixed 0.60,20261145,0.7758203125,0.5999999999999999,0.0,3114,0.0,175
Stationary,Fixed 0.60,20261146,0.7541796875,0.5999999999999999,0.0,3083,0.0,214
Stationary,Fixed 0.60,20261147,0.7635937500000001,0.5999999999999999,0.0,3022,0.0,202
Stationary,Fixed 0.60,20261148,0.7634765625,0.5999999999999999,0.0,3115,0.0,196
Stationary,Fixed 0.60,20261149,0.7532421875,0.5999999999999999,0.0,3077,0.0,216
Stationary,Fixed 0.60,20261150,0.7616406250000001,0.5999999999999999,0.0,3072,0.0,202
Stationary,Fixed 0.60,20261151,0.7635156249999999,0.5999999999999999,0.0,3039,0.0,201
Stationary,Fixed 0.60,20261152,0.7626171875,0.5999999999999999,0.0,3077,0.0,200
Stationary,Fixed 0.60,20261153,0.7641015624999999,0.5999999999999999,0.0,3054,0.0,199
Stationary,Fixed 0.60,20261154,0.7563281249999999,0.5999999999999999,0.0,3073,0.0,211
Stationary,Fixed 0.60,20261155,0.7583593750000001,0.5999999999999999,0.0,3036,0.0,210
Stationary,Fixed 0.60,20261156,0.747265625,0.5999999999999999,0.0,3110,0.0,224
Stationary,Fixed 0.60,20261157,0.75234375,0.5999999999999999,0.0,3115,0.0,215
Stationary,Fixed 0.60,20261158,0.7660546874999999,0.5999999999999999,0.0,3094,0.0,193
Stationary,Fixed 0.60,20261159,0.7498046875,0.5999999999999999,0.0,3090,0.0,221
Stationary,Fixed 0.60,20261160,0.7526562499999999,0.5999999999999999,0.0,3032,0.0,220
Stationary,Fixed 0.60,20261161,0.75703125,0.5999999999999999,0.0,3070,0.0,210
Stationary,Fixed 0.60,20261162,0.7551953124999999,0.5999999999999999,0.0,3072,0.0,213
Stationary,Fixed 0.60,20261163,0.757265625,0.5999999999999999,0.0,3079,0.0,209
Stationary,Fixed 0.60,20261164,0.7860156250000001,0.5999999999999999,0.0,3003,0.0,165
Stationary,Fixed 0.60,20261165,0.7665234375000001,0.5999999999999999,0.0,3037,0.0,196
Stationary,Fixed 0.60,20261166,0.7571484375,0.5999999999999999,0.0,3097,0.0,208
Stationary,Fixed 0.60,20261167,0.7572656249999999,0.5999999999999999,0.0,3064,0.0,210
Stationary,Fixed 0.60,20261168,0.7564453125,0.5999999999999999,0.0,3100,0.0,209
Stationary,Fixed 0.60,20261169,0.7525000000000001,0.5999999999999999,0.0,3081,0.0,217
Stationary,Fixed 0.60,20261170,0.7503125,0.5999999999999999,0.0,3047,0.0,223
Stationary,Fixed 0.60,20261171,0.7631249999999999,0.5999999999999999,0.0,3094,0.0,198
Stationary,Fixed 0.60,20261172,0.7634453125,0.5999999999999999,0.00625,3057,0.0,198
Stationary,Fixed 0.60,20261173,0.758046875,0.5999999999999999,0.0,3029,0.0,211
Stationary,Fixed 0.60,20261174,0.771484375,0.5999999999999999,0.0,3030,0.0,188
Stationary,Fixed 0.60,20261175,0.7576953124999999,0.5999999999999999,0.0,3098,0.0,207
Stationary,Fixed 0.60,20261176,0.7678203124999999,0.5999999999999999,0.00625,3065,0.0,190
Stationary,Fixed 0.60,20261177,0.7637499999999999,0.5999999999999999,0.0,3093,0.0,197
Stationary,Fixed 0.60,20261178,0.7532031250000001,0.5999999999999999,0.0,3063,0.0,217
Stationary,Fixed 0.60,20261179,0.73953125,0.5999999999999999,0.0,3113,0.0,237
Stationary,Fixed 0.60,20261180,0.7587890625,0.5999999999999999,0.0,3070,0.0,207
Stationary,Fixed 0.60,20261181,0.7716796875,0.5999999999999999,0.0,3055,0.0,186
Stationary,Fixed 0.60,20261182,0.7594921875,0.5999999999999999,0.0,3097,0.0,204
Stationary,Fixed 0.60,20261183,0.7605078125,0.5999999999999999,0.0,3101,0.0,202
Stationary,Fixed 0.60,20261184,0.7559765625,0.5999999999999999,0.0,3172,0.0,205
Stationary,Fixed 0.60,20261185,0.7494531249999999,0.5999999999999999,0.0,3099,0.0,221
Stationary,Fixed 0.60,20261186,0.754609375,0.5999999999999999,0.0,3102,0.0,212
Stationary,Fixed 0.60,20261187,0.77734375,0.5999999999999999,0.0,3075,0.0,175
Stationary,Fixed 0.60,20261188,0.764578125,0.5999999999999999,0.00625,3058,0.0,196
Stationary,Fixed 0.60,20261189,0.7623828125000001,0.5999999999999999,0.0,3038,0.0,203
Stationary,Fixed 0.60,20261190,0.7607421875,0.5999999999999999,0.0,3035,0.0,206
Stationary,Fixed 0.60,20261191,0.7423437500000001,0.5999999999999999,0.0,3011,0.0,239
Stationary,Fixed 0.60,20261192,0.7445703125,0.5999999999999999,0.0,3089,0.0,230
Stationary,Fixed 0.60,20261193,0.7584375,0.5999999999999999,0.0,3139,0.0,203
Stationary,Fixed 0.60,20261194,0.7644921874999999,0.5999999999999999,0.0,3089,0.0,196
Stationary,Fixed 0.60,20261195,0.7521093750000001,0.5999999999999999,0.0,3016,0.0,222
Stationary,Fixed 0.60,20261196,0.7633593750000001,0.5999999999999999,0.0,3028,0.0,202
Stationary,Fixed 0.60,20261197,0.7628125000000001,0.5999999999999999,0.0,3132,0.0,196
Stationary,Fixed 0.60,20261198,0.7539453125,0.5999999999999999,0.0,3074,0.0,215
Stationary,Fixed 0.60,20261199,0.7486328125,0.5999999999999999,0.0,3090,0.0,223
Stationary,Fixed 0.60,20261200,0.77265625,0.5999999999999999,0.0,3030,0.0,186
Stationary,Fixed 0.60,20261201,0.7494921874999999,0.5999999999999999,0.0,3098,0.0,221
Stationary,Fixed 0.60,20261202,0.7479296875,0.5999999999999999,0.0,3078,0.0,225
Stationary,Fixed 0.60,20261203,0.7591015624999999,0.5999999999999999,0.0,3077,0.0,206
Stationary,Fixed 0.60,20261204,0.7630468749999999,0.5999999999999999,0.0,3066,0.0,200
Stationary,Fixed 0.60,20261205,0.7526953125,0.5999999999999999,0.0,3031,0.0,220
Stationary,Fixed 0.60,20261206,0.7646093749999999,0.5999999999999999,0.0,3071,0.0,197
Stationary,Fixed 0.60,20261207,0.769765625,0.5999999999999999,0.0,3074,0.0,188
Stationary,Fixed 0.60,20261208,0.7650781249999999,0.5999999999999999,0.0,3014,0.0,200
Stationary,Fixed 0.60,20261209,0.7583203125,0.5999999999999999,0.0,3037,0.0,210
Stationary,Fixed 0.60,20261210,0.75859375,0.5999999999999999,0.0,3030,0.0,210
Stationary,Fixed 0.60,20261211,0.763203125,0.5999999999999999,0.0,3137,0.0,195
Stationary,Fixed 0.60,20261212,0.7538281250000001,0.5999999999999999,0.0,3032,0.0,218
Stationary,Fixed 0.60,20261213,0.7562109375,0.5999999999999999,0.0,3076,0.0,211
Stationary,Fixed 0.60,20261214,0.77234375,0.5999999999999999,0.0,2993,0.0,189
Stationary,Fixed 0.60,20261215,0.7693359375,0.5999999999999999,0.0,3025,0.0,192
Stationary,Fixed 0.60,20261216,0.76015625,0.5999999999999999,0.0,3110,0.0,202
Stationary,Fixed 0.60,20261217,0.7564453125,0.5999999999999999,0.0,3130,0.0,207
Stationary,Fixed 0.60,20261218,0.7667578125000001,0.5999999999999999,0.0,3031,0.0,196
Stationary,Fixed 0.60,20261219,0.7791406249999999,0.5999999999999999,0.0,3119,0.0,169
Stationary,Fixed 0.60,20261220,0.7516796875,0.5999999999999999,0.0,2997,0.0,224
Stationary,Fixed 0.60,20261221,0.7709765625,0.5999999999999999,0.0,3043,0.0,188
Stationary,Fixed 0.60,20261222,0.7539453125,0.5999999999999999,0.0,3059,0.0,216
Stationary,Fixed 0.60,20261223,0.7666015625,0.5999999999999999,0.0,3080,0.0,193
Stationary,Fixed 0.60,20261224,0.7469921875,0.5999999999999999,0.0,3087,0.0,226
Stationary,Fixed 0.60,20261225,0.761953125,0.5999999999999999,0.0,3079,0.0,201
Stationary,Fixed 0.60,20261226,0.7598046875,0.5999999999999999,0.0,3164,0.0,199
Stationary,Fixed 0.60,20261227,0.7584375,0.5999999999999999,0.0,3064,0.0,208
Stationary,Fixed 0.60,20261228,0.7608203124999999,0.5999999999999999,0.0,3018,0.0,207
Stationary,Fixed 0.60,20261229,0.7644140625,0.5999999999999999,0.0,2986,0.0,203
Stationary,Fixed 0.60,20261230,0.76625,0.5999999999999999,0.0,3059,0.0,195
Stationary,Fixed 0.60,20261231,0.7602734375,0.5999999999999999,0.0,3077,0.0,204
Stationary,Fixed 0.60,20261232,0.7486328125,0.5999999999999999,0.0,3090,0.0,223
Stationary,Fixed 0.60,20261233,0.756875,0.5999999999999999,0.0,3104,0.0,208
Stationary,Fixed 0.60,20261234,0.7596484375,0.5999999999999999,0.0,3078,0.0,205
Stationary,Fixed 0.60,20261235,0.7618750000000001,0.5999999999999999,0.0,3066,0.0,202
Stationary,Fixed 0.60,20261236,0.7639843749999999,0.5999999999999999,0.0,2967,0.0,205
Stationary,Fixed 0.60,20261237,0.7709765624999999,0.5999999999999999,0.0,3103,0.0,184
Stationary,Fixed 0.60,20261238,0.7552734375,0.5999999999999999,0.0,3070,0.0,213
Stationary,Fixed 0.60,20261239,0.7541015625,0.5999999999999999,0.0,3040,0.0,217
Stationary,Fixed 0.60,20261240,0.7554296875000001,0.5999999999999999,0.0,3081,0.0,212
Stationary,Fixed 0.60,20261241,0.7713281249999999,0.5999999999999999,0.0,3034,0.0,188
Stationary,Fixed 0.60,20261242,0.75703125,0.5999999999999999,0.0,3070,0.0,210
Stationary,Fixed 0.60,20261243,0.7611718749999999,0.5999999999999999,0.0,3069,0.0,203
Stationary,Fixed 0.60,20261244,0.7651562499999999,0.5999999999999999,0.0,3102,0.0,194
Stationary,Fixed 0.60,20261245,0.7639453125,0.5999999999999999,0.0,3073,0.0,198
Stationary,Fixed 0.60,20261246,0.7573828125000001,0.5999999999999999,0.0,3031,0.0,212
Stationary,Fixed 0.60,20261247,0.7673046875,0.5999999999999999,0.0,3077,0.0,192
Stationary,Fixed 0.60,20261248,0.758984375,0.5999999999999999,0.0,3095,0.0,205
Stationary,Fixed 0.60,20261249,0.75875,0.5999999999999999,0.0,3071,0.0,207
Stationary,Fixed 0.60,20261250,0.7587109375000001,0.5999999999999999,0.0,3117,0.0,204
Stationary,Fixed 0.60,20261251,0.7716015625000001,0.5999999999999999,0.0,3087,0.0,184
Stationary,Fixed 0.60,20261252,0.750078125,0.5999999999999999,0.0,3098,0.0,220
Stationary,Fixed 0.60,20261253,0.74703125,0.5999999999999999,0.0,3026,0.0,230
Stationary,Fixed 0.60,20261254,0.7599609375,0.5999999999999999,0.0,3055,0.0,206
Stationary,Fixed 0.60,20261255,0.759140625,0.5999999999999999,0.0,3076,0.0,206
Stationary,Fixed 0.60,20261256,0.7727734375,0.5999999999999999,0.0,3042,0.0,185
Stationary,Fixed 0.60,20261257,0.7676953125000001,0.5999999999999999,0.0,3112,0.0,189
Stationary,Fixed 0.60,20261258,0.7647265625,0.5999999999999999,0.0,3098,0.0,195
Stationary,Fixed 0.60,20261259,0.7683984374999999,0.5999999999999999,0.0,3019,0.0,194
Stationary,Fixed 0.60,20261260,0.7699999999999999,0.5999999999999999,0.0,3053,0.0,189
Stationary,Fixed 0.60,20261261,0.7692578125,0.5999999999999999,0.0,3057,0.0,190
Stationary,Fixed 0.60,20261262,0.7584375,0.5999999999999999,0.0,3049,0.0,209
Stationary,Fixed 0.60,20261263,0.756953125,0.5999999999999999,0.0,3087,0.0,209
Stationary,Fixed 0.60,20261264,0.7625,0.5999999999999999,0.0,3110,0.0,198
Stationary,Fixed 0.60,20261265,0.75828125,0.5999999999999999,0.0,3038,0.0,210
Stationary,Fixed 0.60,20261266,0.7652734375,0.5999999999999999,0.0,3069,0.0,196
Stationary,Fixed 0.60,20261267,0.755078125,0.5999999999999999,0.0,3120,0.0,210
Stationary,Fixed 0.60,20261268,0.7765625,0.5999999999999999,0.0,3050,0.0,178
Stationary,Fixed 0.60,20261269,0.7639843749999999,0.5999999999999999,0.0,3102,0.0,196
Stationary,Fixed 0.60,20261270,0.7577734375,0.5999999999999999,0.0,3051,0.0,210
Stationary,Fixed 0.60,20261271,0.7638281250000001,0.5999999999999999,0.0,3001,0.0,203
Stationary,Fixed 0.60,20261272,0.7740234375,0.5999999999999999,0.0,3085,0.0,180
Stationary,Fixed 0.60,20261273,0.769375,0.5999999999999999,0.0,3054,0.0,190
Stationary,Fixed 0.60,20261274,0.7581249999999999,0.5999999999999999,0.0,3087,0.0,207
Stationary,Fixed 0.60,20261275,0.7518359375,0.5999999999999999,0.0,3158,0.0,213
Stationary,Fixed 0.60,20261276,0.765234375,0.5999999999999999,0.0,3085,0.0,195
Stationary,Fixed 0.60,20261277,0.749140625,0.5999999999999999,0.0,3077,0.0,223
Stationary,Fixed 0.60,20261278,0.7735546875000001,0.5999999999999999,0.0,3037,0.0,184
Stationary,Fixed 0.60,20261279,0.7528125,0.5999999999999999,0.0,3013,0.0,221
Stationary,Fixed 0.60,20261280,0.7633984375,0.5999999999999999,0.0,3132,0.0,195
Stationary,Fixed 0.60,20261281,0.7607421875,0.5999999999999999,0.0,3050,0.0,205
Stationary,Fixed 0.60,20261282,0.76640625,0.5999999999999999,0.0,3085,0.0,193
Stationary,Fixed 0.60,20261283,0.76796875,0.5999999999999999,0.0,3120,0.0,188
Stationary,Fixed 0.60,20261284,0.7619140625,0.5999999999999999,0.0,3050,0.0,203
Stationary,Fixed 0.60,20261285,0.7587890625,0.5999999999999999,0.0,3070,0.0,207
Stationary,Fixed 0.60,20261286,0.7748046875,0.5999999999999999,0.0,3065,0.0,180
Stationary,Fixed 0.60,20261287,0.75390625,0.5999999999999999,0.0,3075,0.0,215
Stationary,Fixed 0.60,20261288,0.7511328125000001,0.5999999999999999,0.0,3101,0.0,218
Stationary,Fixed 0.60,20261289,0.74953125,0.5999999999999999,0.0,3142,0.0,218
Stationary,Fixed 0.60,20261290,0.755,0.5999999999999999,0.0,3077,0.0,213
Stationary,Fixed 0.60,20261291,0.7646484375,0.5999999999999999,0.0,3070,0.0,197
Stationary,Fixed 0.60,20261292,0.7491406250000001,0.5999999999999999,0.0,3107,0.0,221
Stationary,Fixed 0.60,20261293,0.7621874999999999,0.5999999999999999,0.0,3178,0.0,194
Stationary,Fixed 0.60,20261294,0.7669531249999999,0.5999999999999999,0.0,3056,0.0,194
Stationary,Fixed 0.60,20261295,0.7667187500000001,0.5999999999999999,0.0,3122,0.0,190
Stationary,Fixed 0.60,20261296,0.7518750000000001,0.5999999999999999,0.0,3082,0.0,218
Stationary,Fixed 0.60,20261297,0.7597265625,0.5999999999999999,0.0,3046,0.0,207
Stationary,Fixed 0.60,20261298,0.7665234375,0.5999999999999999,0.0,3052,0.0,195
Stationary,Fixed 0.60,20261299,0.740703125,0.5999999999999999,0.0,3098,0.0,236
Stationary,Fixed 0.60,20261300,0.7566015625,0.5999999999999999,0.0,3096,0.0,209
Stationary,Fixed 0.60,20261301,0.7626171875,0.5999999999999999,0.0,3032,0.0,203
Stationary,Fixed 0.60,20261302,0.7677734375,0.5999999999999999,0.0,3110,0.0,189
Stationary,Fixed 0.60,20261303,0.7642187500000001,0.5999999999999999,0.0,3126,0.0,194
Stationary,Fixed 0.60,20261304,0.7616796875,0.5999999999999999,0.0,3056,0.0,203
Stationary,Fixed 0.60,20261305,0.752421875,0.5999999999999999,0.0,3053,0.0,219
Stationary,Fixed 0.60,20261306,0.7628125000000001,0.5999999999999999,0.0,3027,0.0,203
Stationary,Fixed 0.60,20261307,0.7546484375,0.5999999999999999,0.0,3011,0.0,218
Stationary,Fixed 0.60,20261308,0.7523828124999999,0.5999999999999999,0.0,3069,0.0,218
Stationary,Fixed 0.60,20261309,0.76109375,0.5999999999999999,0.0,3041,0.0,205
Stationary,Fixed 0.60,20261310,0.767578125,0.5999999999999999,0.0,3085,0.0,191
Stationary,Fixed 0.60,20261311,0.7631640625,0.5999999999999999,0.0,3078,0.0,199
Stationary,Fixed 0.60,20261312,0.75203125,0.5999999999999999,0.0,3108,0.0,216
Stationary,Fixed 0.60,20261313,0.7642578125,0.5999999999999999,0.0,3080,0.0,197
Stationary,Fixed 0.60,20261314,0.7385546875,0.5999999999999999,0.0,3078,0.0,241
Stationary,Fixed 0.60,20261315,0.754609375,0.5999999999999999,0.0,3012,0.0,218
Stationary,Fixed 0.60,20261316,0.7754296875,0.5999999999999999,0.0,3019,0.0,182
Stationary,Fixed 0.60,20261317,0.7544531250000001,0.5999999999999999,0.0,2986,0.0,220
Stationary,Fixed 0.60,20261318,0.7625,0.5999999999999999,0.0,3080,0.0,200
Stationary,Fixed 0.60,20261319,0.77046875,0.5999999999999999,0.0,3101,0.0,185
Stationary,Fixed 0.60,20261320,0.7642578125,0.5999999999999999,0.0,3080,0.0,197
Stationary,Fixed 0.60,20261321,0.7628125,0.5999999999999999,0.0,3072,0.0,200
Stationary,Fixed 0.60,20261322,0.7542578124999999,0.5999999999999999,0.0,3096,0.0,213
Stationary,Fixed 0.60,20261323,0.7514453124999999,0.5999999999999999,0.0,3033,0.0,222
Stationary,Fixed 0.60,20261324,0.7469140624999999,0.5999999999999999,0.0,3104,0.0,225
Stationary,Fixed 0.60,20261325,0.76859375,0.5999999999999999,0.0,3074,0.0,190
Stationary,Fixed 0.60,20261326,0.766875,0.5999999999999999,0.0,3058,0.0,194
Stationary,Fixed 0.60,20261327,0.7590234375,0.5999999999999999,0.0,3049,0.0,208
Regime shifts,Fixed sparse,20260928,0.6273593749999999,0.024999999999999998,0.35625,128,0.0,518
Regime shifts,Fixed sparse,20260929,0.6119765625000001,0.024999999999999998,0.175,127,0.0,600
Regime shifts,Fixed sparse,20260930,0.64596875,0.024999999999999998,0.30625,122,0.0,502
Regime shifts,Fixed sparse,20260931,0.643796875,0.024999999999999998,0.25625,138,0.0,520
Regime shifts,Fixed sparse,20260932,0.6239140625,0.024999999999999998,0.31875,134,0.0,535
Regime shifts,Fixed sparse,20260933,0.6432031250000001,0.024999999999999998,0.34375,140,0.0,494
Regime shifts,Fixed sparse,20260934,0.5984765624999999,0.024999999999999998,0.3125,139,0.0,580
Regime shifts,Fixed sparse,20260935,0.5924531250000001,0.024999999999999998,0.18125,103,0.0,633
Regime shifts,Fixed sparse,20260936,0.6651484375000001,0.024999999999999998,0.49375,132,0.0,411
Regime shifts,Fixed sparse,20260937,0.6596015625,0.024999999999999998,0.30625,103,0.0,480
Regime shifts,Fixed sparse,20260938,0.609296875,0.024999999999999998,0.28125,141,0.0,571
Regime shifts,Fixed sparse,20260939,0.6320078125,0.024999999999999998,0.3875,135,0.0,500
Regime shifts,Fixed sparse,20260940,0.637484375,0.024999999999999998,0.39375,131,0.0,489
Regime shifts,Fixed sparse,20260941,0.6529296875,0.024999999999999998,0.28125,149,0.0,496
Regime shifts,Fixed sparse,20260942,0.62746875,0.024999999999999998,0.2875,127,0.0,539
Regime shifts,Fixed sparse,20260943,0.63503125,0.024999999999999998,0.4,135,0.0,491
Regime shifts,Fixed sparse,20260944,0.5998046875,0.024999999999999998,0.375,117,0.0,560
Regime shifts,Fixed sparse,20260945,0.6209296875000001,0.024999999999999998,0.43125,127,0.0,506
Regime shifts,Fixed sparse,20260946,0.639421875,0.024999999999999998,0.25625,115,0.0,529
Regime shifts,Fixed sparse,20260947,0.695171875,0.024999999999999998,0.35625,117,0.0,403
Regime shifts,Fixed sparse,20260948,0.6099375,0.024999999999999998,0.23125,115,0.0,587
Regime shifts,Fixed sparse,20260949,0.6472109375,0.024999999999999998,0.33125,125,0.0,492
Regime shifts,Fixed sparse,20260950,0.5957890625,0.024999999999999998,0.31875,104,0.0,585
Regime shifts,Fixed sparse,20260951,0.6654296875000001,0.024999999999999998,0.3125,120,0.0,467
Regime shifts,Fixed sparse,20260952,0.6952343750000001,0.024999999999999998,0.4375,146,0.0,376
Regime shifts,Fixed sparse,20260953,0.5959453125,0.024999999999999998,0.1625,130,0.0,631
Regime shifts,Fixed sparse,20260954,0.650703125,0.024999999999999998,0.25,140,0.0,510
Regime shifts,Fixed sparse,20260955,0.6566796875,0.024999999999999998,0.46875,134,0.0,433
Regime shifts,Fixed sparse,20260956,0.6019921875,0.024999999999999998,0.3125,124,0.0,575
Regime shifts,Fixed sparse,20260957,0.655640625,0.024999999999999998,0.35625,124,0.0,470
Regime shifts,Fixed sparse,20260958,0.571390625,0.024999999999999998,0.14375,125,0.0,679
Regime shifts,Fixed sparse,20260959,0.6439453125000001,0.024999999999999998,0.3125,115,0.0,504
Regime shifts,Fixed sparse,20260960,0.66621875,0.024999999999999998,0.44375,125,0.0,425
Regime shifts,Fixed sparse,20260961,0.6574687499999999,0.024999999999999998,0.44375,124,0.0,440
Regime shifts,Fixed sparse,20260962,0.6321562500000001,0.024999999999999998,0.35,139,0.0,511
Regime shifts,Fixed sparse,20260963,0.6895,0.024999999999999998,0.38125,117,0.0,405
Regime shifts,Fixed sparse,20260964,0.6505000000000001,0.024999999999999998,0.24375,114,0.0,514
Regime shifts,Fixed sparse,20260965,0.660140625,0.024999999999999998,0.3625,130,0.0,460
Regime shifts,Fixed sparse,20260966,0.6284765625000001,0.024999999999999998,0.25,139,0.0,548
Regime shifts,Fixed sparse,20260967,0.6483671875000001,0.024999999999999998,0.35,114,0.0,485
Regime shifts,Fixed sparse,20260968,0.6032421875,0.024999999999999998,0.25,125,0.0,592
Regime shifts,Fixed sparse,20260969,0.5969374999999999,0.024999999999999998,0.39375,149,0.0,557
Regime shifts,Fixed sparse,20260970,0.6412421875000001,0.024999999999999998,0.18125,114,0.0,549
Regime shifts,Fixed sparse,20260971,0.6268203125,0.024999999999999998,0.33125,107,0.0,528
Regime shifts,Fixed sparse,20260972,0.6236640625,0.024999999999999998,0.24375,141,0.0,558
Regime shifts,Fixed sparse,20260973,0.653328125,0.024999999999999998,0.31875,131,0.0,485
Regime shifts,Fixed sparse,20260974,0.65184375,0.024999999999999998,0.31875,139,0.0,487
Regime shifts,Fixed sparse,20260975,0.6536484375,0.024999999999999998,0.3875,121,0.0,464
Regime shifts,Fixed sparse,20260976,0.62703125,0.024999999999999998,0.3125,143,0.0,531
Regime shifts,Fixed sparse,20260977,0.637234375,0.024999999999999998,0.31875,138,0.0,512
Regime shifts,Fixed sparse,20260978,0.6561171874999999,0.024999999999999998,0.45625,131,0.0,438
Regime shifts,Fixed sparse,20260979,0.6346328125,0.024999999999999998,0.3,126,0.0,523
Regime shifts,Fixed sparse,20260980,0.6651796875,0.024999999999999998,0.3625,151,0.0,450
Regime shifts,Fixed sparse,20260981,0.6594296875000001,0.024999999999999998,0.29375,120,0.0,483
Regime shifts,Fixed sparse,20260982,0.5357968750000001,0.024999999999999998,0.5125,132,0.0,626
Regime shifts,Fixed sparse,20260983,0.6896640625000001,0.024999999999999998,0.45,126,0.0,383
Regime shifts,Fixed sparse,20260984,0.6713437499999999,0.024999999999999998,0.45,130,0.0,414
Regime shifts,Fixed sparse,20260985,0.5651953125,0.024999999999999998,0.1875,142,0.0,675
Regime shifts,Fixed sparse,20260986,0.588375,0.024999999999999998,0.45,124,0.0,556
Regime shifts,Fixed sparse,20260987,0.5957109375,0.024999999999999998,0.225,118,0.0,613
Regime shifts,Fixed sparse,20260988,0.6092500000000001,0.024999999999999998,0.275,126,0.0,574
Regime shifts,Fixed sparse,20260989,0.668109375,0.024999999999999998,0.39375,127,0.0,437
Regime shifts,Fixed sparse,20260990,0.6104218750000001,0.024999999999999998,0.15,162,0.0,608
Regime shifts,Fixed sparse,20260991,0.6568437500000001,0.024999999999999998,0.2875,125,0.0,489
Regime shifts,Fixed sparse,20260992,0.6120156250000001,0.024999999999999998,0.20625,117,0.0,591
Regime shifts,Fixed sparse,20260993,0.6698671875000001,0.024999999999999998,0.425,133,0.0,424
Regime shifts,Fixed sparse,20260994,0.6016171875,0.024999999999999998,0.2625,124,0.0,591
Regime shifts,Fixed sparse,20260995,0.6305625,0.024999999999999998,0.16875,130,0.0,570
Regime shifts,Fixed sparse,20260996,0.6915390625000001,0.024999999999999998,0.41875,132,0.0,389
Regime shifts,Fixed sparse,20260997,0.6524609375000001,0.024999999999999998,0.28125,131,0.0,498
Regime shifts,Fixed sparse,20260998,0.6613749999999999,0.024999999999999998,0.4125,138,0.0,442
Regime shifts,Fixed sparse,20260999,0.6160859375000001,0.024999999999999998,0.4,125,0.0,524
Regime shifts,Fixed sparse,20261000,0.683359375,0.024999999999999998,0.5,117,0.0,379
Regime shifts,Fixed sparse,20261001,0.620125,0.024999999999999998,0.31875,141,0.0,541
Regime shifts,Fixed sparse,20261002,0.6464921875,0.024999999999999998,0.31875,126,0.0,497
Regime shifts,Fixed sparse,20261003,0.648640625,0.024999999999999998,0.31875,131,0.0,493
Regime shifts,Fixed sparse,20261004,0.6317734375,0.024999999999999998,0.2625,117,0.0,540
Regime shifts,Fixed sparse,20261005,0.663109375,0.024999999999999998,0.425,126,0.0,436
Regime shifts,Fixed sparse,20261006,0.6224140625000001,0.024999999999999998,0.30625,110,0.0,543
Regime shifts,Fixed sparse,20261007,0.6502421875000002,0.024999999999999998,0.2875,129,0.0,500
Regime shifts,Fixed sparse,20261008,0.626171875,0.024999999999999998,0.3125,120,0.0,534
Regime shifts,Fixed sparse,20261009,0.632046875,0.024999999999999998,0.35625,128,0.0,510
Regime shifts,Fixed sparse,20261010,0.6824765625,0.024999999999999998,0.3875,133,0.0,414
Regime shifts,Fixed sparse,20261011,0.6691953125000001,0.024999999999999998,0.325,131,0.0,456
Regime shifts,Fixed sparse,20261012,0.6804062500000001,0.024999999999999998,0.3875,141,0.0,417
Regime shifts,Fixed sparse,20261013,0.66315625,0.024999999999999998,0.275,111,0.0,483
Regime shifts,Fixed sparse,20261014,0.62653125,0.024999999999999998,0.31875,127,0.0,531
Regime shifts,Fixed sparse,20261015,0.6493359375000001,0.024999999999999998,0.3125,127,0.0,494
Regime shifts,Fixed sparse,20261016,0.679125,0.024999999999999998,0.39375,130,0.0,418
Regime shifts,Fixed sparse,20261017,0.6608750000000001,0.024999999999999998,0.2625,92,0.0,492
Regime shifts,Fixed sparse,20261018,0.6811718750000001,0.024999999999999998,0.4375,131,0.0,401
Regime shifts,Fixed sparse,20261019,0.64728125,0.024999999999999998,0.29375,116,0.0,504
Regime shifts,Fixed sparse,20261020,0.639890625,0.024999999999999998,0.2875,139,0.0,517
Regime shifts,Fixed sparse,20261021,0.6600781250000001,0.024999999999999998,0.40625,125,0.0,447
Regime shifts,Fixed sparse,20261022,0.6516640625000001,0.024999999999999998,0.45625,140,0.0,445
Regime shifts,Fixed sparse,20261023,0.6426875000000001,0.024999999999999998,0.4,134,0.0,478
Regime shifts,Fixed sparse,20261024,0.6252656249999999,0.024999999999999998,0.30625,112,0.0,538
Regime shifts,Fixed sparse,20261025,0.6795390625,0.024999999999999998,0.35,111,0.0,432
Regime shifts,Fixed sparse,20261026,0.61646875,0.024999999999999998,0.3625,138,0.0,534
Regime shifts,Fixed sparse,20261027,0.6139140624999999,0.024999999999999998,0.19375,111,0.0,592
Regime shifts,Fixed sparse,20261028,0.6318359375,0.024999999999999998,0.34375,101,0.0,516
Regime shifts,Fixed sparse,20261029,0.6508828125,0.024999999999999998,0.2375,118,0.0,515
Regime shifts,Fixed sparse,20261030,0.6332187499999999,0.024999999999999998,0.41875,125,0.0,489
Regime shifts,Fixed sparse,20261031,0.6247734375,0.024999999999999998,0.25625,130,0.0,553
Regime shifts,Fixed sparse,20261032,0.621921875,0.024999999999999998,0.35,116,0.0,530
Regime shifts,Fixed sparse,20261033,0.6781406249999999,0.024999999999999998,0.575,130,0.0,364
Regime shifts,Fixed sparse,20261034,0.6721328125,0.024999999999999998,0.4875,132,0.0,401
Regime shifts,Fixed sparse,20261035,0.6125390625,0.024999999999999998,0.28125,133,0.0,566
Regime shifts,Fixed sparse,20261036,0.594765625,0.024999999999999998,0.34375,135,0.0,577
Regime shifts,Fixed sparse,20261037,0.6365624999999999,0.024999999999999998,0.3125,124,0.0,516
Regime shifts,Fixed sparse,20261038,0.6437890625,0.024999999999999998,0.375,146,0.0,483
Regime shifts,Fixed sparse,20261039,0.649828125,0.024999999999999998,0.33125,133,0.0,487
Regime shifts,Fixed sparse,20261040,0.6550625,0.024999999999999998,0.26875,122,0.0,498
Regime shifts,Fixed sparse,20261041,0.682515625,0.024999999999999998,0.45,129,0.0,395
Regime shifts,Fixed sparse,20261042,0.6450312500000001,0.024999999999999998,0.36875,128,0.0,484
Regime shifts,Fixed sparse,20261043,0.6690546875,0.024999999999999998,0.36875,158,0.0,441
Regime shifts,Fixed sparse,20261044,0.6041953125000001,0.024999999999999998,0.2,136,0.0,605
Regime shifts,Fixed sparse,20261045,0.6460859375,0.024999999999999998,0.275,143,0.0,510
Regime shifts,Fixed sparse,20261046,0.5799218749999999,0.024999999999999998,0.1875,140,0.0,650
Regime shifts,Fixed sparse,20261047,0.6555390625,0.024999999999999998,0.36875,129,0.0,466
Regime shifts,Fixed sparse,20261048,0.6753203125,0.024999999999999998,0.35,114,0.0,439
Regime shifts,Fixed sparse,20261049,0.615359375,0.024999999999999998,0.4125,116,0.0,522
Regime shifts,Fixed sparse,20261050,0.6064375,0.024999999999999998,0.275,123,0.0,579
Regime shifts,Fixed sparse,20261051,0.698578125,0.024999999999999998,0.33125,145,0.0,403
Regime shifts,Fixed sparse,20261052,0.6414453124999999,0.024999999999999998,0.375,146,0.0,487
Regime shifts,Fixed sparse,20261053,0.6800234375,0.024999999999999998,0.425,128,0.0,407
Regime shifts,Fixed sparse,20261054,0.5743750000000001,0.024999999999999998,0.25,114,0.0,642
Regime shifts,Fixed sparse,20261055,0.664234375,0.024999999999999998,0.35625,129,0.0,455
Regime shifts,Fixed sparse,20261056,0.6620781250000001,0.024999999999999998,0.44375,141,0.0,431
Regime shifts,Fixed sparse,20261057,0.6364921875,0.024999999999999998,0.4125,130,0.0,485
Regime shifts,Fixed sparse,20261058,0.629171875,0.024999999999999998,0.43125,126,0.0,492
Regime shifts,Fixed sparse,20261059,0.645734375,0.024999999999999998,0.43125,122,0.0,464
Regime shifts,Fixed sparse,20261060,0.6666328125000001,0.024999999999999998,0.4,121,0.0,438
Regime shifts,Fixed sparse,20261061,0.644546875,0.024999999999999998,0.325,117,0.0,499
Regime shifts,Fixed sparse,20261062,0.644546875,0.024999999999999998,0.54375,129,0.0,431
Regime shifts,Fixed sparse,20261063,0.6205,0.024999999999999998,0.30625,114,0.0,546
Regime shifts,Fixed sparse,20261064,0.575828125,0.024999999999999998,0.225,132,0.0,646
Regime shifts,Fixed sparse,20261065,0.6762812500000001,0.024999999999999998,0.525,123,0.0,383
Regime shifts,Fixed sparse,20261066,0.616390625,0.024999999999999998,0.3625,125,0.0,535
Regime shifts,Fixed sparse,20261067,0.6569218749999999,0.024999999999999998,0.4125,132,0.0,450
Regime shifts,Fixed sparse,20261068,0.6407734375,0.024999999999999998,0.275,129,0.0,520
Regime shifts,Fixed sparse,20261069,0.6385703125,0.024999999999999998,0.29375,129,0.0,518
Regime shifts,Fixed sparse,20261070,0.6154140625,0.024999999999999998,0.20625,120,0.0,585
Regime shifts,Fixed sparse,20261071,0.5910624999999999,0.024999999999999998,0.31875,120,0.0,592
Regime shifts,Fixed sparse,20261072,0.6806640625,0.024999999999999998,0.40625,138,0.0,411
Regime shifts,Fixed sparse,20261073,0.6704921875000001,0.024999999999999998,0.3625,135,0.0,442
Regime shifts,Fixed sparse,20261074,0.6393906250000001,0.024999999999999998,0.45,123,0.0,469
Regime shifts,Fixed sparse,20261075,0.6581953125,0.024999999999999998,0.49375,115,0.0,424
Regime shifts,Fixed sparse,20261076,0.6059375,0.024999999999999998,0.375,140,0.0,548
Regime shifts,Fixed sparse,20261077,0.6327734375,0.024999999999999998,0.375,128,0.0,503
Regime shifts,Fixed sparse,20261078,0.6826171875,0.024999999999999998,0.4375,124,0.0,399
Regime shifts,Fixed sparse,20261079,0.6416640625000001,0.024999999999999998,0.3,111,0.0,512
Regime shifts,Fixed sparse,20261080,0.6389375,0.024999999999999998,0.3375,143,0.0,503
Regime shifts,Fixed sparse,20261081,0.598625,0.024999999999999998,0.30625,119,0.0,583
Regime shifts,Fixed sparse,20261082,0.635703125,0.024999999999999998,0.4375,110,0.0,480
Regime shifts,Fixed sparse,20261083,0.6322265625,0.024999999999999998,0.34375,106,0.0,515
Regime shifts,Fixed sparse,20261084,0.6087421875000001,0.024999999999999998,0.49375,121,0.0,508
Regime shifts,Fixed sparse,20261085,0.6387734375,0.024999999999999998,0.3625,137,0.0,496
Regime shifts,Fixed sparse,20261086,0.60803125,0.024999999999999998,0.3,132,0.0,568
Regime shifts,Fixed sparse,20261087,0.667421875,0.024999999999999998,0.34375,135,0.0,453
Regime shifts,Fixed sparse,20261088,0.6091093750000001,0.024999999999999998,0.31875,123,0.0,561
Regime shifts,Fixed sparse,20261089,0.63584375,0.024999999999999998,0.33125,131,0.0,511
Regime shifts,Fixed sparse,20261090,0.64696875,0.024999999999999998,0.45,124,0.0,456
Regime shifts,Fixed sparse,20261091,0.6384921875,0.024999999999999998,0.325,137,0.0,508
Regime shifts,Fixed sparse,20261092,0.633765625,0.024999999999999998,0.2,129,0.0,555
Regime shifts,Fixed sparse,20261093,0.6186015625000001,0.024999999999999998,0.225,117,0.0,574
Regime shifts,Fixed sparse,20261094,0.6111875,0.024999999999999998,0.1375,125,0.0,613
Regime shifts,Fixed sparse,20261095,0.63490625,0.024999999999999998,0.33125,125,0.0,513
Regime shifts,Fixed sparse,20261096,0.676625,0.024999999999999998,0.3625,128,0.0,432
Regime shifts,Fixed sparse,20261097,0.6160390625,0.024999999999999998,0.2375,140,0.0,573
Regime shifts,Fixed sparse,20261098,0.6277109375000001,0.024999999999999998,0.45,137,0.0,488
Regime shifts,Fixed sparse,20261099,0.5725468749999999,0.024999999999999998,0.38125,126,0.0,604
Regime shifts,Fixed sparse,20261100,0.672,0.024999999999999998,0.35,124,0.0,444
Regime shifts,Fixed sparse,20261101,0.68459375,0.024999999999999998,0.33125,98,0.0,430
Regime shifts,Fixed sparse,20261102,0.6514140625,0.024999999999999998,0.225,132,0.0,517
Regime shifts,Fixed sparse,20261103,0.6779765625,0.024999999999999998,0.44375,124,0.0,405
Regime shifts,Fixed sparse,20261104,0.6375546875,0.024999999999999998,0.41875,134,0.0,481
Regime shifts,Fixed sparse,20261105,0.5678984375,0.024999999999999998,0.19375,119,0.0,670
Regime shifts,Fixed sparse,20261106,0.6316796875,0.024999999999999998,0.15625,114,0.0,573
Regime shifts,Fixed sparse,20261107,0.6415625,0.024999999999999998,0.34375,107,0.0,499
Regime shifts,Fixed sparse,20261108,0.6206640625000001,0.024999999999999998,0.28125,135,0.0,552
Regime shifts,Fixed sparse,20261109,0.607609375,0.024999999999999998,0.36875,126,0.0,548
Regime shifts,Fixed sparse,20261110,0.6336328125,0.024999999999999998,0.28125,148,0.0,529
Regime shifts,Fixed sparse,20261111,0.6782734375,0.024999999999999998,0.3375,126,0.0,437
Regime shifts,Fixed sparse,20261112,0.5780078125000001,0.024999999999999998,0.28125,132,0.0,625
Regime shifts,Fixed sparse,20261113,0.5844453125,0.024999999999999998,0.18125,113,0.0,646
Regime shifts,Fixed sparse,20261114,0.6237031250000001,0.024999999999999998,0.24375,125,0.0,559
Regime shifts,Fixed sparse,20261115,0.7142265625,0.024999999999999998,0.44375,126,0.0,343
Regime shifts,Fixed sparse,20261116,0.6467265625,0.024999999999999998,0.50625,111,0.0,440
Regime shifts,Fixed sparse,20261117,0.6504062500000001,0.024999999999999998,0.35625,138,0.0,478
Regime shifts,Fixed sparse,20261118,0.6470703125000001,0.024999999999999998,0.25,128,0.0,517
Regime shifts,Fixed sparse,20261119,0.645609375,0.024999999999999998,0.2375,118,0.0,524
Regime shifts,Fixed sparse,20261120,0.5941015625,0.024999999999999998,0.21875,128,0.0,617
Regime shifts,Fixed sparse,20261121,0.6261875,0.024999999999999998,0.48125,107,0.0,483
Regime shifts,Fixed sparse,20261122,0.6576796874999999,0.024999999999999998,0.3,136,0.0,483
Regime shifts,Fixed sparse,20261123,0.6484609375000001,0.024999999999999998,0.39375,135,0.0,470
Regime shifts,Fixed sparse,20261124,0.6132109375000001,0.024999999999999998,0.31875,123,0.0,554
Regime shifts,Fixed sparse,20261125,0.667859375,0.024999999999999998,0.44375,98,0.0,424
Regime shifts,Fixed sparse,20261126,0.6591953125,0.024999999999999998,0.35625,123,0.0,464
Regime shifts,Fixed sparse,20261127,0.6406796875,0.024999999999999998,0.3875,123,0.0,486
Regime shifts,Fixed sparse,20261128,0.6420859375000001,0.024999999999999998,0.35625,126,0.0,493
Regime shifts,Fixed sparse,20261129,0.61571875,0.024999999999999998,0.23125,117,0.0,577
Regime shifts,Fixed sparse,20261130,0.6196796875,0.024999999999999998,0.30625,120,0.0,547
Regime shifts,Fixed sparse,20261131,0.6895234375,0.024999999999999998,0.4,135,0.0,398
Regime shifts,Fixed sparse,20261132,0.6474375,0.024999999999999998,0.325,133,0.0,493
Regime shifts,Fixed sparse,20261133,0.588765625,0.024999999999999998,0.3875,132,0.0,574
Regime shifts,Fixed sparse,20261134,0.6397890625,0.024999999999999998,0.33125,135,0.0,504
Regime shifts,Fixed sparse,20261135,0.619328125,0.024999999999999998,0.18125,135,0.0,585
Regime shifts,Fixed sparse,20261136,0.6644687499999999,0.024999999999999998,0.5125,123,0.0,407
Regime shifts,Fixed sparse,20261137,0.5847265625,0.024999999999999998,0.21875,143,0.0,632
Regime shifts,Fixed sparse,20261138,0.5866796875,0.024999999999999998,0.15625,126,0.0,649
Regime shifts,Fixed sparse,20261139,0.6029453124999999,0.024999999999999998,0.2,153,0.0,606
Regime shifts,Fixed sparse,20261140,0.65865625,0.024999999999999998,0.3625,138,0.0,462
Regime shifts,Fixed sparse,20261141,0.646484375,0.024999999999999998,0.375,122,0.0,480
Regime shifts,Fixed sparse,20261142,0.7363828125,0.024999999999999998,0.45,130,0.0,303
Regime shifts,Fixed sparse,20261143,0.61265625,0.024999999999999998,0.4375,115,0.0,519
Regime shifts,Fixed sparse,20261144,0.6456328125,0.024999999999999998,0.4125,121,0.0,470
Regime shifts,Fixed sparse,20261145,0.635125,0.024999999999999998,0.225,129,0.0,545
Regime shifts,Fixed sparse,20261146,0.6387890625000001,0.024999999999999998,0.3125,127,0.0,512
Regime shifts,Fixed sparse,20261147,0.5713359375,0.024999999999999998,0.13125,124,0.0,683
Regime shifts,Fixed sparse,20261148,0.625578125,0.024999999999999998,0.4625,149,0.0,487
Regime shifts,Fixed sparse,20261149,0.60446875,0.024999999999999998,0.2,114,0.0,606
Regime shifts,Fixed sparse,20261150,0.641890625,0.024999999999999998,0.3875,122,0.0,484
Regime shifts,Fixed sparse,20261151,0.6179140625,0.024999999999999998,0.33125,110,0.0,543
Regime shifts,Fixed sparse,20261152,0.6676875,0.024999999999999998,0.4625,121,0.0,417
Regime shifts,Fixed sparse,20261153,0.6581796875,0.024999999999999998,0.29375,122,0.0,485
Regime shifts,Fixed sparse,20261154,0.6570546875,0.024999999999999998,0.3,122,0.0,485
Regime shifts,Fixed sparse,20261155,0.6431406250000001,0.024999999999999998,0.325,123,0.0,501
Regime shifts,Fixed sparse,20261156,0.6115859375,0.024999999999999998,0.26875,140,0.0,571
Regime shifts,Fixed sparse,20261157,0.56025,0.024999999999999998,0.3875,142,0.0,622
Regime shifts,Fixed sparse,20261158,0.632453125,0.024999999999999998,0.36875,120,0.0,506
Regime shifts,Fixed sparse,20261159,0.6336640625,0.024999999999999998,0.4625,137,0.0,474
Regime shifts,Fixed sparse,20261160,0.601625,0.024999999999999998,0.26875,140,0.0,588
Regime shifts,Fixed sparse,20261161,0.6504765625000001,0.024999999999999998,0.44375,138,0.0,451
Regime shifts,Fixed sparse,20261162,0.6344687500000001,0.024999999999999998,0.35625,111,0.0,507
Regime shifts,Fixed sparse,20261163,0.6498359375,0.024999999999999998,0.36875,125,0.0,476
Regime shifts,Fixed sparse,20261164,0.6329296875000001,0.024999999999999998,0.21875,109,0.0,552
Regime shifts,Fixed sparse,20261165,0.642703125,0.024999999999999998,0.2875,127,0.0,513
Regime shifts,Fixed sparse,20261166,0.66471875,0.024999999999999998,0.30625,122,0.0,470
Regime shifts,Fixed sparse,20261167,0.680890625,0.024999999999999998,0.49375,134,0.0,384
Regime shifts,Fixed sparse,20261168,0.6625546874999999,0.024999999999999998,0.35625,127,0.0,458
Regime shifts,Fixed sparse,20261169,0.6071093750000001,0.024999999999999998,0.15625,143,0.0,613
Regime shifts,Fixed sparse,20261170,0.6444140625,0.024999999999999998,0.4375,142,0.0,463
Regime shifts,Fixed sparse,20261171,0.6496015625,0.024999999999999998,0.3375,125,0.0,486
Regime shifts,Fixed sparse,20261172,0.6506484374999999,0.024999999999999998,0.33125,127,0.0,486
Regime shifts,Fixed sparse,20261173,0.6773984375,0.024999999999999998,0.45,125,0.0,404
Regime shifts,Fixed sparse,20261174,0.6410234375,0.024999999999999998,0.31875,116,0.0,507
Regime shifts,Fixed sparse,20261175,0.6480703125,0.024999999999999998,0.3625,109,0.0,482
Regime shifts,Fixed sparse,20261176,0.6656484375,0.024999999999999998,0.3,127,0.0,470
Regime shifts,Fixed sparse,20261177,0.5910078125,0.024999999999999998,0.15,119,0.0,644
Regime shifts,Fixed sparse,20261178,0.6441484375000001,0.024999999999999998,0.225,123,0.0,530
Regime shifts,Fixed sparse,20261179,0.6716562500000001,0.024999999999999998,0.325,128,0.0,452
Regime shifts,Fixed sparse,20261180,0.64734375,0.024999999999999998,0.375,130,0.0,478
Regime shifts,Fixed sparse,20261181,0.625859375,0.024999999999999998,0.34375,119,0.0,525
Regime shifts,Fixed sparse,20261182,0.5968046875,0.024999999999999998,0.25625,111,0.0,602
Regime shifts,Fixed sparse,20261183,0.6196484375000001,0.024999999999999998,0.25,125,0.0,564
Regime shifts,Fixed sparse,20261184,0.653,0.024999999999999998,0.36875,134,0.0,470
Regime shifts,Fixed sparse,20261185,0.632046875,0.024999999999999998,0.2625,140,0.0,538
Regime shifts,Fixed sparse,20261186,0.6024609375000001,0.024999999999999998,0.3125,112,0.0,575
Regime shifts,Fixed sparse,20261187,0.5845312500000001,0.024999999999999998,0.3125,121,0.0,605
Regime shifts,Fixed sparse,20261188,0.6160234375,0.024999999999999998,0.25625,114,0.0,569
Regime shifts,Fixed sparse,20261189,0.6376171875000001,0.024999999999999998,0.21875,124,0.0,543
Regime shifts,Fixed sparse,20261190,0.5964218750000001,0.024999999999999998,0.1375,128,0.0,638
Regime shifts,Fixed sparse,20261191,0.6469218750000001,0.024999999999999998,0.35,121,0.0,487
Regime shifts,Fixed sparse,20261192,0.6444453125,0.024999999999999998,0.275,125,0.0,514
Regime shifts,Fixed sparse,20261193,0.5991171875,0.024999999999999998,0.16875,140,0.0,623
Regime shifts,Fixed sparse,20261194,0.65571875,0.024999999999999998,0.325,116,0.0,480
Regime shifts,Fixed sparse,20261195,0.6328359375000001,0.024999999999999998,0.3,127,0.0,526
Regime shifts,Fixed sparse,20261196,0.624109375,0.024999999999999998,0.4125,132,0.0,506
Regime shifts,Fixed sparse,20261197,0.622859375,0.024999999999999998,0.2875,125,0.0,547
Regime shifts,Fixed sparse,20261198,0.64690625,0.024999999999999998,0.4,116,0.0,472
Regime shifts,Fixed sparse,20261199,0.6322109375,0.024999999999999998,0.4875,119,0.0,470
Regime shifts,Fixed sparse,20261200,0.6813203125,0.024999999999999998,0.4,135,0.0,412
Regime shifts,Fixed sparse,20261201,0.586640625,0.024999999999999998,0.28125,136,0.0,610
Regime shifts,Fixed sparse,20261202,0.6000078125,0.024999999999999998,0.19375,137,0.0,614
Regime shifts,Fixed sparse,20261203,0.6301640625,0.024999999999999998,0.38125,121,0.0,506
Regime shifts,Fixed sparse,20261204,0.6751875,0.024999999999999998,0.4,127,0.0,423
Regime shifts,Fixed sparse,20261205,0.6266484375,0.024999999999999998,0.35,130,0.0,521
Regime shifts,Fixed sparse,20261206,0.6381953125000001,0.024999999999999998,0.15,111,0.0,564
Regime shifts,Fixed sparse,20261207,0.6745468750000001,0.024999999999999998,0.45,123,0.0,409
Regime shifts,Fixed sparse,20261208,0.639484375,0.024999999999999998,0.36875,120,0.0,494
Regime shifts,Fixed sparse,20261209,0.6257109375,0.024999999999999998,0.38125,130,0.0,513
Regime shifts,Fixed sparse,20261210,0.6557265625,0.024999999999999998,0.33125,117,0.0,478
Regime shifts,Fixed sparse,20261211,0.675203125,0.024999999999999998,0.56875,129,0.0,371
Regime shifts,Fixed sparse,20261212,0.6437734374999999,0.024999999999999998,0.39375,120,0.0,479
Regime shifts,Fixed sparse,20261213,0.6403593750000001,0.024999999999999998,0.31875,118,0.0,508
Regime shifts,Fixed sparse,20261214,0.6002734375000001,0.024999999999999998,0.34375,129,0.0,568
Regime shifts,Fixed sparse,20261215,0.6742734374999999,0.024999999999999998,0.3875,133,0.0,428
Regime shifts,Fixed sparse,20261216,0.6392578125,0.024999999999999998,0.25,133,0.0,530
Regime shifts,Fixed sparse,20261217,0.6568359375,0.024999999999999998,0.375,127,0.0,462
Regime shifts,Fixed sparse,20261218,0.6215234374999999,0.024999999999999998,0.46875,134,0.0,493
Regime shifts,Fixed sparse,20261219,0.7037890625,0.024999999999999998,0.4375,137,0.0,362
Regime shifts,Fixed sparse,20261220,0.5979140624999999,0.024999999999999998,0.2375,139,0.0,604
Regime shifts,Fixed sparse,20261221,0.6600703125,0.024999999999999998,0.30625,136,0.0,477
Regime shifts,Fixed sparse,20261222,0.6575625,0.024999999999999998,0.425,133,0.0,445
Regime shifts,Fixed sparse,20261223,0.633015625,0.024999999999999998,0.31875,126,0.0,520
Regime shifts,Fixed sparse,20261224,0.632859375,0.024999999999999998,0.44375,124,0.0,482
Regime shifts,Fixed sparse,20261225,0.682609375,0.024999999999999998,0.4,117,0.0,411
Regime shifts,Fixed sparse,20261226,0.627046875,0.024999999999999998,0.325,145,0.0,527
Regime shifts,Fixed sparse,20261227,0.6514453124999999,0.024999999999999998,0.3125,133,0.0,490
Regime shifts,Fixed sparse,20261228,0.6435703125000001,0.024999999999999998,0.2625,130,0.0,519
Regime shifts,Fixed sparse,20261229,0.6914765625,0.024999999999999998,0.4625,112,0.0,377
Regime shifts,Fixed sparse,20261230,0.6071015624999999,0.024999999999999998,0.4,130,0.0,539
Regime shifts,Fixed sparse,20261231,0.6361406250000001,0.024999999999999998,0.38125,118,0.0,496
Regime shifts,Fixed sparse,20261232,0.630046875,0.024999999999999998,0.225,124,0.0,554
Regime shifts,Fixed sparse,20261233,0.6556640625,0.024999999999999998,0.3125,130,0.0,483
Regime shifts,Fixed sparse,20261234,0.6500234375,0.024999999999999998,0.33125,128,0.0,487
Regime shifts,Fixed sparse,20261235,0.5737890625000001,0.024999999999999998,0.3125,156,0.0,621
Regime shifts,Fixed sparse,20261236,0.6285390625,0.024999999999999998,0.26875,156,0.0,541
Regime shifts,Fixed sparse,20261237,0.6747421875,0.024999999999999998,0.325,139,0.0,446
Regime shifts,Fixed sparse,20261238,0.6500781250000001,0.024999999999999998,0.34375,144,0.0,482
Regime shifts,Fixed sparse,20261239,0.6299687500000001,0.024999999999999998,0.2875,123,0.0,535
Regime shifts,Fixed sparse,20261240,0.6905,0.024999999999999998,0.4,125,0.0,397
Regime shifts,Fixed sparse,20261241,0.5946796875,0.024999999999999998,0.2125,127,0.0,618
Regime shifts,Fixed sparse,20261242,0.6833203125,0.024999999999999998,0.375,124,0.0,417
Regime shifts,Fixed sparse,20261243,0.6532265625000001,0.024999999999999998,0.39375,133,0.0,462
Regime shifts,Fixed sparse,20261244,0.6341015625,0.024999999999999998,0.375,139,0.0,500
Regime shifts,Fixed sparse,20261245,0.6610781250000001,0.024999999999999998,0.39375,127,0.0,449
Regime shifts,Fixed sparse,20261246,0.6612578125,0.024999999999999998,0.31875,123,0.0,472
Regime shifts,Fixed sparse,20261247,0.6625546875,0.024999999999999998,0.29375,115,0.0,478
Regime shifts,Fixed sparse,20261248,0.691765625,0.024999999999999998,0.38125,119,0.0,401
Regime shifts,Fixed sparse,20261249,0.5876875,0.024999999999999998,0.275,123,0.0,611
Regime shifts,Fixed sparse,20261250,0.6518124999999999,0.024999999999999998,0.45,120,0.0,448
Regime shifts,Fixed sparse,20261251,0.6488828124999999,0.024999999999999998,0.3875,123,0.0,472
Regime shifts,Fixed sparse,20261252,0.632453125,0.024999999999999998,0.43125,132,0.0,486
Regime shifts,Fixed sparse,20261253,0.5938515625,0.024999999999999998,0.175,126,0.0,631
Regime shifts,Fixed sparse,20261254,0.6440234375000001,0.024999999999999998,0.21875,125,0.0,532
Regime shifts,Fixed sparse,20261255,0.62075,0.024999999999999998,0.44375,119,0.0,503
Regime shifts,Fixed sparse,20261256,0.6328281250000001,0.024999999999999998,0.29375,126,0.0,528
Regime shifts,Fixed sparse,20261257,0.63465625,0.024999999999999998,0.19375,135,0.0,555
Regime shifts,Fixed sparse,20261258,0.6526796875,0.024999999999999998,0.39375,132,0.0,463
Regime shifts,Fixed sparse,20261259,0.617578125,0.024999999999999998,0.34375,121,0.0,539
Regime shifts,Fixed sparse,20261260,0.6548046875000001,0.024999999999999998,0.46875,122,0.0,437
Regime shifts,Fixed sparse,20261261,0.6766015624999999,0.024999999999999998,0.40625,122,0.0,419
Regime shifts,Fixed sparse,20261262,0.619890625,0.024999999999999998,0.19375,108,0.0,582
Regime shifts,Fixed sparse,20261263,0.6662734375000001,0.024999999999999998,0.39375,114,0.0,441
Regime shifts,Fixed sparse,20261264,0.6033125000000001,0.024999999999999998,0.275,113,0.0,585
Regime shifts,Fixed sparse,20261265,0.6246875000000001,0.024999999999999998,0.3125,128,0.0,536
Regime shifts,Fixed sparse,20261266,0.6574921875,0.024999999999999998,0.55625,115,0.0,406
Regime shifts,Fixed sparse,20261267,0.6828828125000002,0.024999999999999998,0.36875,134,0.0,419
Regime shifts,Fixed sparse,20261268,0.6678124999999999,0.024999999999999998,0.3125,134,0.0,462
Regime shifts,Fixed sparse,20261269,0.6350078125,0.024999999999999998,0.225,117,0.0,546
Regime shifts,Fixed sparse,20261270,0.624,0.024999999999999998,0.35625,109,0.0,525
Regime shifts,Fixed sparse,20261271,0.6483828125000001,0.024999999999999998,0.39375,152,0.0,469
Regime shifts,Fixed sparse,20261272,0.6056874999999999,0.024999999999999998,0.14375,117,0.0,621
Regime shifts,Fixed sparse,20261273,0.5554687500000001,0.024999999999999998,0.0625,127,0.0,731
Regime shifts,Fixed sparse,20261274,0.6678124999999999,0.024999999999999998,0.40625,137,0.0,433
Regime shifts,Fixed sparse,20261275,0.5941562499999999,0.024999999999999998,0.2625,105,0.0,605
Regime shifts,Fixed sparse,20261276,0.68196875,0.024999999999999998,0.325,134,0.0,434
Regime shifts,Fixed sparse,20261277,0.5778593750000001,0.024999999999999998,0.31875,128,0.0,614
Regime shifts,Fixed sparse,20261278,0.600734375,0.024999999999999998,0.30625,125,0.0,579
Regime shifts,Fixed sparse,20261279,0.6294296875000001,0.024999999999999998,0.41875,117,0.0,496
Regime shifts,Fixed sparse,20261280,0.6859531249999999,0.024999999999999998,0.48125,137,0.0,379
Regime shifts,Fixed sparse,20261281,0.676546875,0.024999999999999998,0.45625,133,0.0,403
Regime shifts,Fixed sparse,20261282,0.6697578125,0.024999999999999998,0.3375,134,0.0,451
Regime shifts,Fixed sparse,20261283,0.6426796875,0.024999999999999998,0.3625,127,0.0,490
Regime shifts,Fixed sparse,20261284,0.6676718750000001,0.024999999999999998,0.325,140,0.0,458
Regime shifts,Fixed sparse,20261285,0.6465546875,0.024999999999999998,0.3375,113,0.0,492
Regime shifts,Fixed sparse,20261286,0.6647031250000001,0.024999999999999998,0.29375,135,0.0,473
Regime shifts,Fixed sparse,20261287,0.663484375,0.024999999999999998,0.475,126,0.0,420
Regime shifts,Fixed sparse,20261288,0.6851328125,0.024999999999999998,0.35625,134,0.0,419
Regime shifts,Fixed sparse,20261289,0.6401640625,0.024999999999999998,0.35,129,0.0,498
Regime shifts,Fixed sparse,20261290,0.65428125,0.024999999999999998,0.33125,124,0.0,480
Regime shifts,Fixed sparse,20261291,0.67284375,0.024999999999999998,0.525,106,0.0,390
Regime shifts,Fixed sparse,20261292,0.638484375,0.024999999999999998,0.475,151,0.0,461
Regime shifts,Fixed sparse,20261293,0.668421875,0.024999999999999998,0.33125,122,0.0,456
Regime shifts,Fixed sparse,20261294,0.649625,0.024999999999999998,0.3875,89,0.0,473
Regime shifts,Fixed sparse,20261295,0.6437265625,0.024999999999999998,0.23125,120,0.0,529
Regime shifts,Fixed sparse,20261296,0.6231406250000001,0.024999999999999998,0.23125,137,0.0,563
Regime shifts,Fixed sparse,20261297,0.631171875,0.024999999999999998,0.25,145,0.0,543
Regime shifts,Fixed sparse,20261298,0.6423203125000001,0.024999999999999998,0.325,114,0.0,503
Regime shifts,Fixed sparse,20261299,0.6109296875,0.024999999999999998,0.24375,137,0.0,580
Regime shifts,Fixed sparse,20261300,0.6768828125,0.024999999999999998,0.35,119,0.0,436
Regime shifts,Fixed sparse,20261301,0.621484375,0.024999999999999998,0.1875,126,0.0,580
Regime shifts,Fixed sparse,20261302,0.6800859375,0.024999999999999998,0.44375,130,0.0,401
Regime shifts,Fixed sparse,20261303,0.657328125,0.024999999999999998,0.33125,136,0.0,474
Regime shifts,Fixed sparse,20261304,0.6209921875,0.024999999999999998,0.29375,129,0.0,548
Regime shifts,Fixed sparse,20261305,0.6396796875,0.024999999999999998,0.275,142,0.0,521
Regime shifts,Fixed sparse,20261306,0.6008203125,0.024999999999999998,0.28125,118,0.0,587
Regime shifts,Fixed sparse,20261307,0.590328125,0.024999999999999998,0.1375,119,0.0,649
Regime shifts,Fixed sparse,20261308,0.5891875000000001,0.024999999999999998,0.31875,123,0.0,595
Regime shifts,Fixed sparse,20261309,0.6654140625,0.024999999999999998,0.45625,118,0.0,423
Regime shifts,Fixed sparse,20261310,0.6551015625000002,0.024999999999999998,0.26875,121,0.0,498
Regime shifts,Fixed sparse,20261311,0.608125,0.024999999999999998,0.375,114,0.0,546
Regime shifts,Fixed sparse,20261312,0.6148906249999999,0.024999999999999998,0.31875,125,0.0,551
Regime shifts,Fixed sparse,20261313,0.645015625,0.024999999999999998,0.29375,144,0.0,506
Regime shifts,Fixed sparse,20261314,0.6568203125000001,0.024999999999999998,0.39375,131,0.0,456
Regime shifts,Fixed sparse,20261315,0.6413984375,0.024999999999999998,0.30625,119,0.0,510
Regime shifts,Fixed sparse,20261316,0.659015625,0.024999999999999998,0.275,127,0.0,489
Regime shifts,Fixed sparse,20261317,0.6312265625,0.024999999999999998,0.45,122,0.0,483
Regime shifts,Fixed sparse,20261318,0.605484375,0.024999999999999998,0.23125,124,0.0,594
Regime shifts,Fixed sparse,20261319,0.6723125,0.024999999999999998,0.44375,119,0.0,415
Regime shifts,Fixed sparse,20261320,0.64903125,0.024999999999999998,0.25625,124,0.0,512
Regime shifts,Fixed sparse,20261321,0.631609375,0.024999999999999998,0.225,129,0.0,551
Regime shifts,Fixed sparse,20261322,0.635921875,0.024999999999999998,0.3,123,0.0,521
Regime shifts,Fixed sparse,20261323,0.6155546875000001,0.024999999999999998,0.25625,111,0.0,570
Regime shifts,Fixed sparse,20261324,0.6261328125000001,0.024999999999999998,0.40625,124,0.0,505
Regime shifts,Fixed sparse,20261325,0.6298359375,0.024999999999999998,0.30625,130,0.0,529
Regime shifts,Fixed sparse,20261326,0.6633125,0.024999999999999998,0.3375,134,0.0,462
Regime shifts,Fixed sparse,20261327,0.6314609375,0.024999999999999998,0.2,128,0.0,559
Regime shifts,Fixed dense,20260928,0.6246171875,0.39999999999999997,0.475,2081,0.0,356
Regime shifts,Fixed dense,20260929,0.5833125,0.39999999999999997,0.43125,2065,0.0,441
Regime shifts,Fixed dense,20260930,0.6097343749999999,0.39999999999999997,0.475,2057,0.0,383
Regime shifts,Fixed dense,20260931,0.6204609374999999,0.39999999999999997,0.4625,2020,0.0,371
Regime shifts,Fixed dense,20260932,0.6232421875,0.39999999999999997,0.46875,2055,0.0,362
Regime shifts,Fixed dense,20260933,0.5993984374999999,0.39999999999999997,0.45625,2093,0.0,404
Regime shifts,Fixed dense,20260934,0.5989765624999999,0.39999999999999997,0.4625,2030,0.0,407
Regime shifts,Fixed dense,20260935,0.6207734374999999,0.39999999999999997,0.4625,2027,0.0,370
Regime shifts,Fixed dense,20260936,0.6073828124999999,0.39999999999999997,0.46875,2056,0.0,389
Regime shifts,Fixed dense,20260937,0.6065156249999999,0.39999999999999997,0.4625,1987,0.0,397
Regime shifts,Fixed dense,20260938,0.598234375,0.39999999999999997,0.4625,2004,0.0,410
Regime shifts,Fixed dense,20260939,0.6160078125,0.39999999999999997,0.4625,2089,0.0,374
Regime shifts,Fixed dense,20260940,0.5967734374999999,0.39999999999999997,0.45,2039,0.0,414
Regime shifts,Fixed dense,20260941,0.6215703125,0.39999999999999997,0.44375,1988,0.0,377
Regime shifts,Fixed dense,20260942,0.603203125,0.39999999999999997,0.46875,2073,0.0,395
Regime shifts,Fixed dense,20260943,0.599109375,0.39999999999999997,0.475,1999,0.0,405
Regime shifts,Fixed dense,20260944,0.59478125,0.39999999999999997,0.45,2015,0.0,419
Regime shifts,Fixed dense,20260945,0.6115859375,0.39999999999999997,0.45625,1976,0.0,391
Regime shifts,Fixed dense,20260946,0.617625,0.39999999999999997,0.44375,1969,0.0,385
Regime shifts,Fixed dense,20260947,0.6175,0.39999999999999997,0.4375,2001,0.0,385
Regime shifts,Fixed dense,20260948,0.6105390625,0.39999999999999997,0.4625,2064,0.0,385
Regime shifts,Fixed dense,20260949,0.5891640625000001,0.39999999999999997,0.425,2094,0.0,431
Regime shifts,Fixed dense,20260950,0.6038593750000001,0.39999999999999997,0.4625,2040,0.0,398
Regime shifts,Fixed dense,20260951,0.6210234375,0.39999999999999997,0.475,2038,0.0,365
Regime shifts,Fixed dense,20260952,0.604625,0.39999999999999997,0.45,2033,0.0,401
Regime shifts,Fixed dense,20260953,0.6088984375,0.39999999999999997,0.43125,1995,0.0,402
Regime shifts,Fixed dense,20260954,0.6244765624999999,0.39999999999999997,0.45625,2066,0.0,363
Regime shifts,Fixed dense,20260955,0.6045859375,0.39999999999999997,0.48125,2025,0.0,392
Regime shifts,Fixed dense,20260956,0.6111171875,0.39999999999999997,0.45625,2063,0.0,386
Regime shifts,Fixed dense,20260957,0.604578125,0.39999999999999997,0.475,2054,0.0,392
Regime shifts,Fixed dense,20260958,0.6142734375,0.39999999999999997,0.45,2101,0.0,380
Regime shifts,Fixed dense,20260959,0.6026171874999999,0.39999999999999997,0.46875,2013,0.0,400
Regime shifts,Fixed dense,20260960,0.6281171874999999,0.39999999999999997,0.4625,2049,0.0,356
Regime shifts,Fixed dense,20260961,0.6052421875,0.39999999999999997,0.475,2037,0.0,392
Regime shifts,Fixed dense,20260962,0.6121328125,0.39999999999999997,0.45625,2082,0.0,383
Regime shifts,Fixed dense,20260963,0.6151093750000001,0.39999999999999997,0.43125,2061,0.0,387
Regime shifts,Fixed dense,20260964,0.6263046875,0.39999999999999997,0.41875,1997,0.0,376
Regime shifts,Fixed dense,20260965,0.6148671875,0.39999999999999997,0.45625,2117,0.0,376
Regime shifts,Fixed dense,20260966,0.5977578125,0.39999999999999997,0.4875,2066,0.0,399
Regime shifts,Fixed dense,20260967,0.6258671874999999,0.39999999999999997,0.44375,2043,0.0,366
Regime shifts,Fixed dense,20260968,0.6109765625,0.39999999999999997,0.46875,2054,0.0,383
Regime shifts,Fixed dense,20260969,0.60090625,0.39999999999999997,0.44375,2007,0.0,411
Regime shifts,Fixed dense,20260970,0.6213984374999999,0.39999999999999997,0.4625,2026,0.0,369
Regime shifts,Fixed dense,20260971,0.610203125,0.39999999999999997,0.475,2015,0.0,385
Regime shifts,Fixed dense,20260972,0.6181640625,0.39999999999999997,0.46875,2110,0.0,367
Regime shifts,Fixed dense,20260973,0.621140625,0.39999999999999997,0.44375,2029,0.0,375
Regime shifts,Fixed dense,20260974,0.629859375,0.39999999999999997,0.45,2032,0.0,358
Regime shifts,Fixed dense,20260975,0.5998906249999999,0.39999999999999997,0.475,2039,0.0,401
Regime shifts,Fixed dense,20260976,0.5866171875,0.39999999999999997,0.48125,2065,0.0,420
Regime shifts,Fixed dense,20260977,0.631765625,0.39999999999999997,0.475,2093,0.0,343
Regime shifts,Fixed dense,20260978,0.6004765624999999,0.39999999999999997,0.475,2009,0.0,402
Regime shifts,Fixed dense,20260979,0.597078125,0.39999999999999997,0.475,2066,0.0,404
Regime shifts,Fixed dense,20260980,0.620421875,0.39999999999999997,0.4625,2066,0.0,368
Regime shifts,Fixed dense,20260981,0.6149296874999999,0.39999999999999997,0.475,2074,0.0,373
Regime shifts,Fixed dense,20260982,0.5793671874999999,0.39999999999999997,0.4625,2022,0.0,441
Regime shifts,Fixed dense,20260983,0.6153046875,0.39999999999999997,0.4625,2077,0.0,376
Regime shifts,Fixed dense,20260984,0.613265625,0.39999999999999997,0.4875,2044,0.0,374
Regime shifts,Fixed dense,20260985,0.605234375,0.39999999999999997,0.46875,2006,0.0,396
Regime shifts,Fixed dense,20260986,0.5856328124999999,0.39999999999999997,0.44375,2068,0.0,433
Regime shifts,Fixed dense,20260987,0.606171875,0.39999999999999997,0.46875,2057,0.0,391
Regime shifts,Fixed dense,20260988,0.5960078125,0.39999999999999997,0.4625,2121,0.0,406
Regime shifts,Fixed dense,20260989,0.6275546875,0.39999999999999997,0.48125,2052,0.0,351
Regime shifts,Fixed dense,20260990,0.6002578125,0.39999999999999997,0.425,2095,0.0,412
Regime shifts,Fixed dense,20260991,0.6130546874999998,0.39999999999999997,0.44375,2026,0.0,389
Regime shifts,Fixed dense,20260992,0.6073124999999999,0.39999999999999997,0.475,2029,0.0,389
Regime shifts,Fixed dense,20260993,0.6117812499999999,0.39999999999999997,0.45625,2121,0.0,381
Regime shifts,Fixed dense,20260994,0.5983984375,0.39999999999999997,0.4375,2040,0.0,415
Regime shifts,Fixed dense,20260995,0.6142421874999999,0.39999999999999997,0.45625,2118,0.0,377
Regime shifts,Fixed dense,20260996,0.607921875,0.39999999999999997,0.43125,2020,0.0,402
Regime shifts,Fixed dense,20260997,0.6104609375,0.39999999999999997,0.4625,2066,0.0,385
Regime shifts,Fixed dense,20260998,0.6155859374999999,0.39999999999999997,0.4375,2095,0.0,382
Regime shifts,Fixed dense,20260999,0.6077890625,0.39999999999999997,0.45,2042,0.0,395
Regime shifts,Fixed dense,20261000,0.6205468749999999,0.39999999999999997,0.46875,2064,0.0,366
Regime shifts,Fixed dense,20261001,0.605859375,0.39999999999999997,0.46875,2050,0.0,392
Regime shifts,Fixed dense,20261002,0.6141171875,0.39999999999999997,0.48125,1991,0.0,378
Regime shifts,Fixed dense,20261003,0.621078125,0.39999999999999997,0.45625,2018,0.0,372
Regime shifts,Fixed dense,20261004,0.6155156249999999,0.39999999999999997,0.44375,2053,0.0,383
Regime shifts,Fixed dense,20261005,0.5934609375,0.39999999999999997,0.45625,2065,0.0,416
Regime shifts,Fixed dense,20261006,0.62753125,0.39999999999999997,0.4625,2034,0.0,358
Regime shifts,Fixed dense,20261007,0.60665625,0.39999999999999997,0.45,2086,0.0,394
Regime shifts,Fixed dense,20261008,0.6060703125,0.39999999999999997,0.48125,2077,0.0,386
Regime shifts,Fixed dense,20261009,0.581609375,0.39999999999999997,0.475,2042,0.0,432
Regime shifts,Fixed dense,20261010,0.6180937500000001,0.39999999999999997,0.475,2083,0.0,367
Regime shifts,Fixed dense,20261011,0.6336015625,0.39999999999999997,0.475,2016,0.0,345
Regime shifts,Fixed dense,20261012,0.6263359374999999,0.39999999999999997,0.475,2112,0.0,351
Regime shifts,Fixed dense,20261013,0.6078515624999999,0.39999999999999997,0.46875,1984,0.0,393
Regime shifts,Fixed dense,20261014,0.6097343749999999,0.39999999999999997,0.44375,2036,0.0,394
Regime shifts,Fixed dense,20261015,0.5891328124999999,0.39999999999999997,0.4625,2072,0.0,421
Regime shifts,Fixed dense,20261016,0.6418984375,0.39999999999999997,0.45625,2085,0.0,332
Regime shifts,Fixed dense,20261017,0.6057734374999999,0.39999999999999997,0.4625,2066,0.0,393
Regime shifts,Fixed dense,20261018,0.6061875,0.39999999999999997,0.45,2053,0.0,397
Regime shifts,Fixed dense,20261019,0.6113359375,0.39999999999999997,0.475,2001,0.0,384
Regime shifts,Fixed dense,20261020,0.614046875,0.39999999999999997,0.4875,2069,0.0,371
Regime shifts,Fixed dense,20261021,0.6105703124999999,0.39999999999999997,0.4875,2023,0.0,380
Regime shifts,Fixed dense,20261022,0.588515625,0.39999999999999997,0.4375,2083,0.0,429
Regime shifts,Fixed dense,20261023,0.6055624999999999,0.39999999999999997,0.48125,2030,0.0,390
Regime shifts,Fixed dense,20261024,0.602296875,0.39999999999999997,0.49375,2011,0.0,393
Regime shifts,Fixed dense,20261025,0.61271875,0.39999999999999997,0.45625,2082,0.0,382
Regime shifts,Fixed dense,20261026,0.586796875,0.39999999999999997,0.46875,2148,0.0,418
Regime shifts,Fixed dense,20261027,0.6111249999999999,0.39999999999999997,0.4625,2064,0.0,384
Regime shifts,Fixed dense,20261028,0.6219453125,0.39999999999999997,0.49375,1973,0.0,362
Regime shifts,Fixed dense,20261029,0.6222421875,0.39999999999999997,0.45,2017,0.0,372
Regime shifts,Fixed dense,20261030,0.617390625,0.39999999999999997,0.475,2071,0.0,369
Regime shifts,Fixed dense,20261031,0.6127265625,0.39999999999999997,0.4625,2038,0.0,383
Regime shifts,Fixed dense,20261032,0.6075078125,0.39999999999999997,0.475,2009,0.0,390
Regime shifts,Fixed dense,20261033,0.6055546875,0.39999999999999997,0.44375,2038,0.0,401
Regime shifts,Fixed dense,20261034,0.6106328125,0.39999999999999997,0.44375,2043,0.0,392
Regime shifts,Fixed dense,20261035,0.604015625,0.39999999999999997,0.4625,2006,0.0,400
Regime shifts,Fixed dense,20261036,0.6216953125,0.39999999999999997,0.45,2076,0.0,369
Regime shifts,Fixed dense,20261037,0.603765625,0.39999999999999997,0.45,2040,0.0,402
Regime shifts,Fixed dense,20261038,0.6033984375,0.39999999999999997,0.46875,2038,0.0,397
Regime shifts,Fixed dense,20261039,0.6027734375,0.39999999999999997,0.46875,2114,0.0,393
Regime shifts,Fixed dense,20261040,0.6100312499999999,0.39999999999999997,0.4625,2062,0.0,386
Regime shifts,Fixed dense,20261041,0.6225234374999999,0.39999999999999997,0.45625,2101,0.0,364
Regime shifts,Fixed dense,20261042,0.6000625,0.39999999999999997,0.45625,2046,0.0,406
Regime shifts,Fixed dense,20261043,0.6180312499999999,0.39999999999999997,0.4875,2072,0.0,364
Regime shifts,Fixed dense,20261044,0.6089374999999999,0.39999999999999997,0.4625,2015,0.0,391
Regime shifts,Fixed dense,20261045,0.6037109375,0.39999999999999997,0.46875,2090,0.0,393
Regime shifts,Fixed dense,20261046,0.6137109374999999,0.39999999999999997,0.46875,2044,0.0,379
Regime shifts,Fixed dense,20261047,0.5945859375,0.39999999999999997,0.45,2035,0.0,418
Regime shifts,Fixed dense,20261048,0.6097265624999999,0.39999999999999997,0.4375,1990,0.0,399
Regime shifts,Fixed dense,20261049,0.5996796874999999,0.39999999999999997,0.4625,2072,0.0,403
Regime shifts,Fixed dense,20261050,0.6106406249999999,0.39999999999999997,0.41875,2038,0.0,400
Regime shifts,Fixed dense,20261051,0.6342656249999999,0.39999999999999997,0.475,2029,0.0,343
Regime shifts,Fixed dense,20261052,0.6141015624999999,0.39999999999999997,0.4375,2073,0.0,386
Regime shifts,Fixed dense,20261053,0.6081484374999999,0.39999999999999997,0.45625,2034,0.0,393
Regime shifts,Fixed dense,20261054,0.5821875,0.39999999999999997,0.46875,2026,0.0,434
Regime shifts,Fixed dense,20261055,0.6084296874999999,0.39999999999999997,0.4625,2013,0.0,392
Regime shifts,Fixed dense,20261056,0.5907578124999999,0.39999999999999997,0.41875,2067,0.0,432
Regime shifts,Fixed dense,20261057,0.605109375,0.39999999999999997,0.43125,2047,0.0,405
Regime shifts,Fixed dense,20261058,0.616875,0.39999999999999997,0.46875,2083,0.0,371
Regime shifts,Fixed dense,20261059,0.5883749999999999,0.39999999999999997,0.48125,2035,0.0,419
Regime shifts,Fixed dense,20261060,0.610546875,0.39999999999999997,0.46875,2125,0.0,379
Regime shifts,Fixed dense,20261061,0.6111171874999999,0.39999999999999997,0.45625,2018,0.0,389
Regime shifts,Fixed dense,20261062,0.600421875,0.39999999999999997,0.4625,2068,0.0,402
Regime shifts,Fixed dense,20261063,0.6110468749999999,0.39999999999999997,0.43125,2030,0.0,396
Regime shifts,Fixed dense,20261064,0.5936484375,0.39999999999999997,0.48125,2020,0.0,411
Regime shifts,Fixed dense,20261065,0.5976250000000001,0.39999999999999997,0.44375,1986,0.0,418
Regime shifts,Fixed dense,20261066,0.6057109374999999,0.39999999999999997,0.475,1995,0.0,394
Regime shifts,Fixed dense,20261067,0.607109375,0.39999999999999997,0.4375,2087,0.0,397
Regime shifts,Fixed dense,20261068,0.6063515625,0.39999999999999997,0.45625,1990,0.0,399
Regime shifts,Fixed dense,20261069,0.5999453124999998,0.39999999999999997,0.45625,1989,0.0,410
Regime shifts,Fixed dense,20261070,0.5960859375,0.39999999999999997,0.4625,2044,0.0,411
Regime shifts,Fixed dense,20261071,0.6036718750000001,0.39999999999999997,0.46875,2046,0.0,396
Regime shifts,Fixed dense,20261072,0.6155937499999999,0.39999999999999997,0.44375,2036,0.0,384
Regime shifts,Fixed dense,20261073,0.6253593749999999,0.39999999999999997,0.44375,2026,0.0,368
Regime shifts,Fixed dense,20261074,0.584671875,0.39999999999999997,0.4875,2041,0.0,423
Regime shifts,Fixed dense,20261075,0.61715625,0.39999999999999997,0.475,2077,0.0,369
Regime shifts,Fixed dense,20261076,0.6101875,0.39999999999999997,0.4625,2043,0.0,387
Regime shifts,Fixed dense,20261077,0.6235937500000001,0.39999999999999997,0.46875,2031,0.0,363
Regime shifts,Fixed dense,20261078,0.632609375,0.39999999999999997,0.4625,2039,0.0,349
Regime shifts,Fixed dense,20261079,0.620046875,0.39999999999999997,0.475,1958,0.0,372
Regime shifts,Fixed dense,20261080,0.6015390624999999,0.39999999999999997,0.45,2052,0.0,405
Regime shifts,Fixed dense,20261081,0.5879687499999999,0.39999999999999997,0.4375,2067,0.0,431
Regime shifts,Fixed dense,20261082,0.5968984374999999,0.39999999999999997,0.4875,2043,0.0,402
Regime shifts,Fixed dense,20261083,0.6320625,0.39999999999999997,0.4625,2008,0.0,352
Regime shifts,Fixed dense,20261084,0.6046484375000001,0.39999999999999997,0.46875,2006,0.0,397
Regime shifts,Fixed dense,20261085,0.5881484374999999,0.39999999999999997,0.45625,2051,0.0,426
Regime shifts,Fixed dense,20261086,0.6001562500000001,0.39999999999999997,0.5,2037,0.0,393
Regime shifts,Fixed dense,20261087,0.6194843750000001,0.39999999999999997,0.43125,2024,0.0,382
Regime shifts,Fixed dense,20261088,0.606,0.39999999999999997,0.4875,2020,0.0,388
Regime shifts,Fixed dense,20261089,0.5897265624999999,0.39999999999999997,0.4375,1992,0.0,433
Regime shifts,Fixed dense,20261090,0.5989296874999999,0.39999999999999997,0.45625,2075,0.0,406
Regime shifts,Fixed dense,20261091,0.5989531250000001,0.39999999999999997,0.475,2078,0.0,400
Regime shifts,Fixed dense,20261092,0.6123515625,0.39999999999999997,0.475,2110,0.0,375
Regime shifts,Fixed dense,20261093,0.600953125,0.39999999999999997,0.41875,2076,0.0,414
Regime shifts,Fixed dense,20261094,0.604421875,0.39999999999999997,0.44375,2007,0.0,405
Regime shifts,Fixed dense,20261095,0.6135078125,0.39999999999999997,0.49375,2039,0.0,372
Regime shifts,Fixed dense,20261096,0.615828125,0.39999999999999997,0.475,2096,0.0,370
Regime shifts,Fixed dense,20261097,0.6159296875,0.39999999999999997,0.43125,2025,0.0,388
Regime shifts,Fixed dense,20261098,0.6086796874999999,0.39999999999999997,0.475,2054,0.0,385
Regime shifts,Fixed dense,20261099,0.5955390625,0.39999999999999997,0.4625,2073,0.0,410
Regime shifts,Fixed dense,20261100,0.6192734374999999,0.39999999999999997,0.48125,2039,0.0,366
Regime shifts,Fixed dense,20261101,0.6246171875,0.39999999999999997,0.475,1916,0.0,367
Regime shifts,Fixed dense,20261102,0.6153281249999999,0.39999999999999997,0.45,2074,0.0,380
Regime shifts,Fixed dense,20261103,0.6053046875,0.39999999999999997,0.4625,2063,0.0,394
Regime shifts,Fixed dense,20261104,0.6281015624999999,0.39999999999999997,0.45,2062,0.0,359
Regime shifts,Fixed dense,20261105,0.6021875,0.39999999999999997,0.46875,2099,0.0,395
Regime shifts,Fixed dense,20261106,0.61434375,0.39999999999999997,0.475,2029,0.0,377
Regime shifts,Fixed dense,20261107,0.6081953125,0.39999999999999997,0.4625,2019,0.0,392
Regime shifts,Fixed dense,20261108,0.6139531249999999,0.39999999999999997,0.475,2069,0.0,375
Regime shifts,Fixed dense,20261109,0.6079140624999999,0.39999999999999997,0.45625,2040,0.0,393
Regime shifts,Fixed dense,20261110,0.5981796875,0.39999999999999997,0.45,2063,0.0,410
Regime shifts,Fixed dense,20261111,0.6342734375,0.39999999999999997,0.48125,2015,0.0,342
Regime shifts,Fixed dense,20261112,0.6011562500000001,0.39999999999999997,0.45625,2018,0.0,406
Regime shifts,Fixed dense,20261113,0.6096484375,0.39999999999999997,0.4375,2007,0.0,398
Regime shifts,Fixed dense,20261114,0.6087578125,0.39999999999999997,0.44375,2061,0.0,394
Regime shifts,Fixed dense,20261115,0.633,0.39999999999999997,0.4625,1999,0.0,351
Regime shifts,Fixed dense,20261116,0.6065859374999999,0.39999999999999997,0.425,2068,0.0,403
Regime shifts,Fixed dense,20261117,0.5815625,0.39999999999999997,0.46875,2117,0.0,429
Regime shifts,Fixed dense,20261118,0.6141953124999999,0.39999999999999997,0.48125,2034,0.0,375
Regime shifts,Fixed dense,20261119,0.6171796875,0.39999999999999997,0.43125,2038,0.0,385
Regime shifts,Fixed dense,20261120,0.618203125,0.39999999999999997,0.4375,2073,0.0,379
Regime shifts,Fixed dense,20261121,0.609546875,0.39999999999999997,0.48125,2048,0.0,382
Regime shifts,Fixed dense,20261122,0.62346875,0.39999999999999997,0.4625,2093,0.0,361
Regime shifts,Fixed dense,20261123,0.6002812499999999,0.39999999999999997,0.475,2089,0.0,397
Regime shifts,Fixed dense,20261124,0.6041328125,0.39999999999999997,0.4625,2033,0.0,398
Regime shifts,Fixed dense,20261125,0.6067812499999998,0.39999999999999997,0.425,1973,0.0,409
Regime shifts,Fixed dense,20261126,0.6245390625,0.39999999999999997,0.44375,2092,0.0,365
Regime shifts,Fixed dense,20261127,0.60415625,0.39999999999999997,0.45,2075,0.0,399
Regime shifts,Fixed dense,20261128,0.5925703125,0.39999999999999997,0.4625,2104,0.0,413
Regime shifts,Fixed dense,20261129,0.6341640625,0.39999999999999997,0.425,2052,0.0,357
Regime shifts,Fixed dense,20261130,0.606109375,0.39999999999999997,0.45,2055,0.0,397
Regime shifts,Fixed dense,20261131,0.6100390625,0.39999999999999997,0.46875,2078,0.0,383
Regime shifts,Fixed dense,20261132,0.6031796875,0.39999999999999997,0.45,2055,0.0,402
Regime shifts,Fixed dense,20261133,0.5987031249999999,0.39999999999999997,0.4625,2037,0.0,407
Regime shifts,Fixed dense,20261134,0.6028437499999999,0.39999999999999997,0.4625,2066,0.0,398
Regime shifts,Fixed dense,20261135,0.6145546874999999,0.39999999999999997,0.45625,2080,0.0,379
Regime shifts,Fixed dense,20261136,0.6306874999999998,0.39999999999999997,0.45625,1997,0.0,357
Regime shifts,Fixed dense,20261137,0.6013828125,0.39999999999999997,0.48125,2107,0.0,392
Regime shifts,Fixed dense,20261138,0.6142890624999999,0.39999999999999997,0.4625,2058,0.0,379
Regime shifts,Fixed dense,20261139,0.6024687499999999,0.39999999999999997,0.44375,2042,0.0,406
Regime shifts,Fixed dense,20261140,0.621390625,0.39999999999999997,0.45625,2010,0.0,372
Regime shifts,Fixed dense,20261141,0.596953125,0.39999999999999997,0.4375,2032,0.0,418
Regime shifts,Fixed dense,20261142,0.632046875,0.39999999999999997,0.45,2036,0.0,354
Regime shifts,Fixed dense,20261143,0.597078125,0.39999999999999997,0.475,2051,0.0,405
Regime shifts,Fixed dense,20261144,0.6279296875,0.39999999999999997,0.5,2046,0.0,345
Regime shifts,Fixed dense,20261145,0.6249609375,0.39999999999999997,0.4375,2095,0.0,366
Regime shifts,Fixed dense,20261146,0.6146328125,0.39999999999999997,0.4875,2099,0.0,368
Regime shifts,Fixed dense,20261147,0.599875,0.39999999999999997,0.4625,1992,0.0,408
Regime shifts,Fixed dense,20261148,0.6205468749999999,0.39999999999999997,0.4375,2058,0.0,376
Regime shifts,Fixed dense,20261149,0.5838749999999999,0.39999999999999997,0.475,2059,0.0,427
Regime shifts,Fixed dense,20261150,0.6147265624999999,0.39999999999999997,0.46875,2033,0.0,378
Regime shifts,Fixed dense,20261151,0.6134765625,0.39999999999999997,0.4375,2044,0.0,389
Regime shifts,Fixed dense,20261152,0.6049921875,0.39999999999999997,0.4625,2101,0.0,392
Regime shifts,Fixed dense,20261153,0.604015625,0.39999999999999997,0.4625,2066,0.0,396
Regime shifts,Fixed dense,20261154,0.6068203125,0.39999999999999997,0.4875,2074,0.0,383
Regime shifts,Fixed dense,20261155,0.5825546874999998,0.39999999999999997,0.48125,2019,0.0,430
Regime shifts,Fixed dense,20261156,0.6036328125,0.39999999999999997,0.46875,2062,0.0,395
Regime shifts,Fixed dense,20261157,0.593609375,0.39999999999999997,0.48125,2066,0.0,408
Regime shifts,Fixed dense,20261158,0.6241484374999999,0.39999999999999997,0.475,2063,0.0,358
Regime shifts,Fixed dense,20261159,0.6070546875,0.39999999999999997,0.4875,2038,0.0,385
Regime shifts,Fixed dense,20261160,0.6139374999999999,0.39999999999999997,0.4625,2067,0.0,379
Regime shifts,Fixed dense,20261161,0.5883046875,0.39999999999999997,0.425,2071,0.0,434
Regime shifts,Fixed dense,20261162,0.606078125,0.39999999999999997,0.4875,2063,0.0,385
Regime shifts,Fixed dense,20261163,0.6032734375000001,0.39999999999999997,0.4625,2040,0.0,399
Regime shifts,Fixed dense,20261164,0.635453125,0.39999999999999997,0.45625,2010,0.0,348
Regime shifts,Fixed dense,20261165,0.6260234375,0.39999999999999997,0.475,2060,0.0,355
Regime shifts,Fixed dense,20261166,0.6237109375,0.39999999999999997,0.5,2064,0.0,351
Regime shifts,Fixed dense,20261167,0.6022265625,0.39999999999999997,0.46875,2008,0.0,401
Regime shifts,Fixed dense,20261168,0.6037265625,0.39999999999999997,0.45,2041,0.0,402
Regime shifts,Fixed dense,20261169,0.615109375,0.39999999999999997,0.4625,2067,0.0,377
Regime shifts,Fixed dense,20261170,0.6029843749999999,0.39999999999999997,0.48125,2021,0.0,395
Regime shifts,Fixed dense,20261171,0.616484375,0.39999999999999997,0.46875,2048,0.0,374
Regime shifts,Fixed dense,20261172,0.6188125,0.39999999999999997,0.45625,2001,0.0,377
Regime shifts,Fixed dense,20261173,0.6073046874999999,0.39999999999999997,0.46875,2013,0.0,392
Regime shifts,Fixed dense,20261174,0.6052812499999999,0.39999999999999997,0.475,2066,0.0,390
Regime shifts,Fixed dense,20261175,0.605453125,0.39999999999999997,0.4875,2049,0.0,387
Regime shifts,Fixed dense,20261176,0.61978125,0.39999999999999997,0.45,2035,0.0,375
Regime shifts,Fixed dense,20261177,0.602515625,0.39999999999999997,0.45,2072,0.0,402
Regime shifts,Fixed dense,20261178,0.612921875,0.39999999999999997,0.4625,2048,0.0,382
Regime shifts,Fixed dense,20261179,0.6227421874999999,0.39999999999999997,0.44375,2078,0.0,369
Regime shifts,Fixed dense,20261180,0.6316171875,0.39999999999999997,0.45,2017,0.0,356
Regime shifts,Fixed dense,20261181,0.6042890625,0.39999999999999997,0.4625,2074,0.0,395
Regime shifts,Fixed dense,20261182,0.614984375,0.39999999999999997,0.45625,2069,0.0,379
Regime shifts,Fixed dense,20261183,0.6093046875,0.39999999999999997,0.475,2053,0.0,384
Regime shifts,Fixed dense,20261184,0.6136328125,0.39999999999999997,0.46875,2166,0.0,371
Regime shifts,Fixed dense,20261185,0.592625,0.39999999999999997,0.44375,2129,0.0,417
Regime shifts,Fixed dense,20261186,0.608953125,0.39999999999999997,0.44375,2056,0.0,394
Regime shifts,Fixed dense,20261187,0.617953125,0.39999999999999997,0.45625,1978,0.0,380
Regime shifts,Fixed dense,20261188,0.6188125,0.39999999999999997,0.45625,2016,0.0,376
Regime shifts,Fixed dense,20261189,0.6184765624999999,0.39999999999999997,0.46875,2042,0.0,371
Regime shifts,Fixed dense,20261190,0.6239375,0.39999999999999997,0.49375,2027,0.0,355
Regime shifts,Fixed dense,20261191,0.6011015625,0.39999999999999997,0.475,2008,0.0,401
Regime shifts,Fixed dense,20261192,0.606,0.39999999999999997,0.45625,2029,0.0,397
Regime shifts,Fixed dense,20261193,0.6170078125,0.39999999999999997,0.48125,2112,0.0,365
Regime shifts,Fixed dense,20261194,0.6162734375,0.39999999999999997,0.45625,2081,0.0,376
Regime shifts,Fixed dense,20261195,0.6072109375,0.39999999999999997,0.45625,2013,0.0,396
Regime shifts,Fixed dense,20261196,0.60384375,0.39999999999999997,0.48125,2029,0.0,393
Regime shifts,Fixed dense,20261197,0.6228828125,0.39999999999999997,0.49375,2084,0.0,353
Regime shifts,Fixed dense,20261198,0.6114921874999999,0.39999999999999997,0.475,2057,0.0,380
Regime shifts,Fixed dense,20261199,0.5959609374999999,0.39999999999999997,0.45625,2061,0.0,412
Regime shifts,Fixed dense,20261200,0.6053437500000001,0.39999999999999997,0.43125,2011,0.0,407
Regime shifts,Fixed dense,20261201,0.61653125,0.39999999999999997,0.475,2078,0.0,370
Regime shifts,Fixed dense,20261202,0.6113046875,0.39999999999999997,0.45,2042,0.0,389
Regime shifts,Fixed dense,20261203,0.5894609375,0.39999999999999997,0.475,2006,0.0,421
Regime shifts,Fixed dense,20261204,0.6189921875,0.39999999999999997,0.475,2000,0.0,371
Regime shifts,Fixed dense,20261205,0.610671875,0.39999999999999997,0.44375,2012,0.0,394
Regime shifts,Fixed dense,20261206,0.6221249999999999,0.39999999999999997,0.45,2065,0.0,369
Regime shifts,Fixed dense,20261207,0.6086171874999999,0.39999999999999997,0.45625,2037,0.0,392
Regime shifts,Fixed dense,20261208,0.6044296874999999,0.39999999999999997,0.45,1948,0.0,407
Regime shifts,Fixed dense,20261209,0.61146875,0.39999999999999997,0.4875,1985,0.0,381
Regime shifts,Fixed dense,20261210,0.59,0.39999999999999997,0.46875,2036,0.0,420
Regime shifts,Fixed dense,20261211,0.605890625,0.39999999999999997,0.4625,2018,0.0,396
Regime shifts,Fixed dense,20261212,0.61,0.39999999999999997,0.46875,2004,0.0,388
Regime shifts,Fixed dense,20261213,0.6186875000000001,0.39999999999999997,0.48125,2069,0.0,365
Regime shifts,Fixed dense,20261214,0.6045703124999999,0.39999999999999997,0.46875,2053,0.0,394
Regime shifts,Fixed dense,20261215,0.6058125,0.39999999999999997,0.4625,2035,0.0,395
Regime shifts,Fixed dense,20261216,0.6103046875,0.39999999999999997,0.43125,2034,0.0,397
Regime shifts,Fixed dense,20261217,0.6072421875,0.39999999999999997,0.45,2071,0.0,394
Regime shifts,Fixed dense,20261218,0.6017578125,0.39999999999999997,0.46875,2005,0.0,402
Regime shifts,Fixed dense,20261219,0.6171093749999998,0.39999999999999997,0.4375,2131,0.0,377
Regime shifts,Fixed dense,20261220,0.6086328125,0.39999999999999997,0.46875,1979,0.0,392
Regime shifts,Fixed dense,20261221,0.6220234375,0.39999999999999997,0.43125,2079,0.0,374
Regime shifts,Fixed dense,20261222,0.6072343749999999,0.39999999999999997,0.44375,2055,0.0,397
Regime shifts,Fixed dense,20261223,0.6118750000000001,0.39999999999999997,0.46875,2061,0.0,381
Regime shifts,Fixed dense,20261224,0.6022500000000001,0.39999999999999997,0.45625,2065,0.0,401
Regime shifts,Fixed dense,20261225,0.602109375,0.39999999999999997,0.5,2047,0.0,389
Regime shifts,Fixed dense,20261226,0.6160625,0.39999999999999997,0.44375,2099,0.0,379
Regime shifts,Fixed dense,20261227,0.6027421875,0.39999999999999997,0.475,1981,0.0,400
Regime shifts,Fixed dense,20261228,0.5975937499999999,0.39999999999999997,0.45,1958,0.0,418
Regime shifts,Fixed dense,20261229,0.615734375,0.39999999999999997,0.4625,2021,0.0,379
Regime shifts,Fixed dense,20261230,0.6173671875,0.39999999999999997,0.45625,2053,0.0,376
Regime shifts,Fixed dense,20261231,0.602203125,0.39999999999999997,0.48125,2056,0.0,394
Regime shifts,Fixed dense,20261232,0.6071796875,0.39999999999999997,0.4625,2120,0.0,387
Regime shifts,Fixed dense,20261233,0.6093437500000001,0.39999999999999997,0.475,2082,0.0,382
Regime shifts,Fixed dense,20261234,0.605140625,0.39999999999999997,0.425,2030,0.0,408
Regime shifts,Fixed dense,20261235,0.5981953124999999,0.39999999999999997,0.43125,2059,0.0,416
Regime shifts,Fixed dense,20261236,0.6138203124999999,0.39999999999999997,0.4625,1980,0.0,385
Regime shifts,Fixed dense,20261237,0.6123515625,0.39999999999999997,0.44375,2044,0.0,389
Regime shifts,Fixed dense,20261238,0.61378125,0.39999999999999997,0.4625,2071,0.0,379
Regime shifts,Fixed dense,20261239,0.6196484375,0.39999999999999997,0.46875,1982,0.0,373
Regime shifts,Fixed dense,20261240,0.6184453124999999,0.39999999999999997,0.44375,2038,0.0,379
Regime shifts,Fixed dense,20261241,0.6175781249999999,0.39999999999999997,0.4375,2029,0.0,383
Regime shifts,Fixed dense,20261242,0.6199609374999999,0.39999999999999997,0.4375,2028,0.0,379
Regime shifts,Fixed dense,20261243,0.6203749999999999,0.39999999999999997,0.4875,2072,0.0,360
Regime shifts,Fixed dense,20261244,0.608671875,0.39999999999999997,0.5,2059,0.0,377
Regime shifts,Fixed dense,20261245,0.6185625,0.39999999999999997,0.475,2041,0.0,369
Regime shifts,Fixed dense,20261246,0.6132421874999999,0.39999999999999997,0.4375,2035,0.0,390
Regime shifts,Fixed dense,20261247,0.6208359375,0.39999999999999997,0.48125,2044,0.0,363
Regime shifts,Fixed dense,20261248,0.6214453124999999,0.39999999999999997,0.4375,2065,0.0,374
Regime shifts,Fixed dense,20261249,0.6053906249999998,0.39999999999999997,0.4375,2026,0.0,404
Regime shifts,Fixed dense,20261250,0.6030859375,0.39999999999999997,0.46875,2031,0.0,398
Regime shifts,Fixed dense,20261251,0.6109921875,0.39999999999999997,0.45,2065,0.0,388
Regime shifts,Fixed dense,20261252,0.596625,0.39999999999999997,0.4875,2095,0.0,399
Regime shifts,Fixed dense,20261253,0.5984921875,0.39999999999999997,0.48125,2046,0.0,401
Regime shifts,Fixed dense,20261254,0.6196953125,0.39999999999999997,0.44375,2006,0.0,379
Regime shifts,Fixed dense,20261255,0.607984375,0.39999999999999997,0.45,2052,0.0,394
Regime shifts,Fixed dense,20261256,0.607046875,0.39999999999999997,0.45,2016,0.0,398
Regime shifts,Fixed dense,20261257,0.6031953124999999,0.39999999999999997,0.4625,2072,0.0,397
Regime shifts,Fixed dense,20261258,0.6234609375,0.39999999999999997,0.45625,2032,0.0,367
Regime shifts,Fixed dense,20261259,0.600578125,0.39999999999999997,0.4625,1944,0.0,410
Regime shifts,Fixed dense,20261260,0.5953203125,0.39999999999999997,0.475,2036,0.0,409
Regime shifts,Fixed dense,20261261,0.6295859374999999,0.39999999999999997,0.45,1994,0.0,361
Regime shifts,Fixed dense,20261262,0.611125,0.39999999999999997,0.4625,2064,0.0,384
Regime shifts,Fixed dense,20261263,0.5998281249999999,0.39999999999999997,0.45625,2082,0.0,404
Regime shifts,Fixed dense,20261264,0.5971093749999999,0.39999999999999997,0.46875,2109,0.0,403
Regime shifts,Fixed dense,20261265,0.6313046874999999,0.39999999999999997,0.48125,2016,0.0,347
Regime shifts,Fixed dense,20261266,0.6121640625,0.39999999999999997,0.48125,2056,0.0,377
Regime shifts,Fixed dense,20261267,0.6178046875,0.39999999999999997,0.43125,2112,0.0,379
Regime shifts,Fixed dense,20261268,0.620421875,0.39999999999999997,0.43125,2030,0.0,380
Regime shifts,Fixed dense,20261269,0.6050234375,0.39999999999999997,0.45625,2054,0.0,397
Regime shifts,Fixed dense,20261270,0.6187421875,0.39999999999999997,0.4625,1989,0.0,376
Regime shifts,Fixed dense,20261271,0.6110078124999999,0.39999999999999997,0.49375,1998,0.0,379
Regime shifts,Fixed dense,20261272,0.6285390625,0.39999999999999997,0.45625,2127,0.0,352
Regime shifts,Fixed dense,20261273,0.6094375,0.39999999999999997,0.45625,2046,0.0,390
Regime shifts,Fixed dense,20261274,0.6177343750000001,0.39999999999999997,0.46875,2046,0.0,372
Regime shifts,Fixed dense,20261275,0.5994296875,0.39999999999999997,0.48125,2097,0.0,396
Regime shifts,Fixed dense,20261276,0.62953125,0.39999999999999997,0.46875,2089,0.0,349
Regime shifts,Fixed dense,20261277,0.5962421874999999,0.39999999999999997,0.4625,1995,0.0,414
Regime shifts,Fixed dense,20261278,0.625421875,0.39999999999999997,0.4625,2058,0.0,360
Regime shifts,Fixed dense,20261279,0.604234375,0.39999999999999997,0.48125,2004,0.0,394
Regime shifts,Fixed dense,20261280,0.6118359375,0.39999999999999997,0.46875,2077,0.0,380
Regime shifts,Fixed dense,20261281,0.6186640625,0.39999999999999997,0.49375,1982,0.0,367
Regime shifts,Fixed dense,20261282,0.6140859375,0.39999999999999997,0.45625,2032,0.0,383
Regime shifts,Fixed dense,20261283,0.6011015625,0.39999999999999997,0.475,2098,0.0,395
Regime shifts,Fixed dense,20261284,0.626671875,0.39999999999999997,0.4625,1996,0.0,362
Regime shifts,Fixed dense,20261285,0.624796875,0.39999999999999997,0.4625,1999,0.0,365
Regime shifts,Fixed dense,20261286,0.6201718749999999,0.39999999999999997,0.45,2010,0.0,376
Regime shifts,Fixed dense,20261287,0.5995078125,0.39999999999999997,0.45,2059,0.0,408
Regime shifts,Fixed dense,20261288,0.6187578125,0.39999999999999997,0.475,2111,0.0,364
Regime shifts,Fixed dense,20261289,0.6103828124999999,0.39999999999999997,0.4625,2128,0.0,381
Regime shifts,Fixed dense,20261290,0.6084453125,0.39999999999999997,0.475,2075,0.0,384
Regime shifts,Fixed dense,20261291,0.61059375,0.39999999999999997,0.44375,2089,0.0,389
Regime shifts,Fixed dense,20261292,0.6056015625,0.39999999999999997,0.45,2068,0.0,397
Regime shifts,Fixed dense,20261293,0.6035625,0.39999999999999997,0.475,2125,0.0,389
Regime shifts,Fixed dense,20261294,0.618875,0.39999999999999997,0.475,2033,0.0,369
Regime shifts,Fixed dense,20261295,0.64221875,0.39999999999999997,0.49375,2114,0.0,318
Regime shifts,Fixed dense,20261296,0.602359375,0.39999999999999997,0.48125,2082,0.0,392
Regime shifts,Fixed dense,20261297,0.609515625,0.39999999999999997,0.4875,2005,0.0,383
Regime shifts,Fixed dense,20261298,0.6284921874999999,0.39999999999999997,0.41875,2001,0.0,372
Regime shifts,Fixed dense,20261299,0.5975468749999999,0.39999999999999997,0.475,2024,0.0,406
Regime shifts,Fixed dense,20261300,0.6173203125,0.39999999999999997,0.45,2053,0.0,378
Regime shifts,Fixed dense,20261301,0.6227421875,0.39999999999999997,0.44375,2048,0.0,371
Regime shifts,Fixed dense,20261302,0.6074140625,0.39999999999999997,0.4625,2069,0.0,390
Regime shifts,Fixed dense,20261303,0.6177421875,0.39999999999999997,0.44375,2026,0.0,381
Regime shifts,Fixed dense,20261304,0.60778125,0.39999999999999997,0.44375,2086,0.0,394
Regime shifts,Fixed dense,20261305,0.6128359375000001,0.39999999999999997,0.425,2073,0.0,392
Regime shifts,Fixed dense,20261306,0.607796875,0.39999999999999997,0.45625,2013,0.0,395
Regime shifts,Fixed dense,20261307,0.6121875,0.39999999999999997,0.46875,2008,0.0,384
Regime shifts,Fixed dense,20261308,0.5899609374999999,0.39999999999999997,0.46875,2022,0.0,421
Regime shifts,Fixed dense,20261309,0.5979687499999999,0.39999999999999997,0.46875,2042,0.0,406
Regime shifts,Fixed dense,20261310,0.6272187499999999,0.39999999999999997,0.43125,2081,0.0,365
Regime shifts,Fixed dense,20261311,0.6040546874999999,0.39999999999999997,0.43125,2059,0.0,406
Regime shifts,Fixed dense,20261312,0.5971796875,0.39999999999999997,0.4625,2091,0.0,406
Regime shifts,Fixed dense,20261313,0.6086796875000001,0.39999999999999997,0.475,2054,0.0,385
Regime shifts,Fixed dense,20261314,0.6074062499999999,0.39999999999999997,0.45625,2008,0.0,396
Regime shifts,Fixed dense,20261315,0.6014296874999999,0.39999999999999997,0.45625,1981,0.0,408
Regime shifts,Fixed dense,20261316,0.6268984375,0.39999999999999997,0.45625,2019,0.0,362
Regime shifts,Fixed dense,20261317,0.58378125,0.39999999999999997,0.4625,2014,0.0,434
Regime shifts,Fixed dense,20261318,0.6174921875,0.39999999999999997,0.4625,2021,0.0,376
Regime shifts,Fixed dense,20261319,0.6085468749999999,0.39999999999999997,0.4625,2070,0.0,388
Regime shifts,Fixed dense,20261320,0.6250625,0.39999999999999997,0.45625,2021,0.0,365
Regime shifts,Fixed dense,20261321,0.5992109375,0.39999999999999997,0.49375,2030,0.0,397
Regime shifts,Fixed dense,20261322,0.5976874999999999,0.39999999999999997,0.43125,2087,0.0,415
Regime shifts,Fixed dense,20261323,0.5955781250000001,0.39999999999999997,0.4625,1997,0.0,415
Regime shifts,Fixed dense,20261324,0.6154921874999999,0.39999999999999997,0.45625,2071,0.0,378
Regime shifts,Fixed dense,20261325,0.6301249999999999,0.39999999999999997,0.44375,2054,0.0,358
Regime shifts,Fixed dense,20261326,0.614078125,0.39999999999999997,0.45,2076,0.0,382
Regime shifts,Fixed dense,20261327,0.6282656249999999,0.39999999999999997,0.425,2008,0.0,370
Regime shifts,Periodic dense,20260928,0.6653242187500001,0.1234375,0.4625,654,27.0,381
Regime shifts,Periodic dense,20260929,0.64479296875,0.1234375,0.44375,636,27.0,423
Regime shifts,Periodic dense,20260930,0.6569570312499999,0.1234375,0.45625,627,27.0,399
Regime shifts,Periodic dense,20260931,0.66769140625,0.1234375,0.45,666,27.0,380
Regime shifts,Periodic dense,20260932,0.6691132812499999,0.1234375,0.4625,662,27.0,374
Regime shifts,Periodic dense,20260933,0.6638320312499999,0.1234375,0.4875,637,27.0,377
Regime shifts,Periodic dense,20260934,0.6161601562500001,0.1234375,0.31875,610,27.0,512
Regime shifts,Periodic dense,20260935,0.67594140625,0.1234375,0.45625,621,27.0,367
Regime shifts,Periodic dense,20260936,0.66158203125,0.1234375,0.4375,640,27.0,396
Regime shifts,Periodic dense,20260937,0.6622617187500001,0.1234375,0.3875,583,27.0,414
Regime shifts,Periodic dense,20260938,0.6579804687499999,0.1234375,0.4625,647,27.0,394
Regime shifts,Periodic dense,20260939,0.66043359375,0.1234375,0.45625,643,27.0,392
Regime shifts,Periodic dense,20260940,0.62698046875,0.1234375,0.38125,645,27.0,472
Regime shifts,Periodic dense,20260941,0.66488671875,0.1234375,0.39375,607,27.0,406
Regime shifts,Periodic dense,20260942,0.66356640625,0.1234375,0.4625,639,27.0,385
Regime shifts,Periodic dense,20260943,0.64787109375,0.1234375,0.46875,622,27.0,411
Regime shifts,Periodic dense,20260944,0.62681640625,0.1234375,0.40625,639,27.0,465
Regime shifts,Periodic dense,20260945,0.64730078125,0.1234375,0.3875,621,27.0,437
Regime shifts,Periodic dense,20260946,0.65746484375,0.1234375,0.39375,587,27.0,420
Regime shifts,Periodic dense,20260947,0.6668242187500001,0.1234375,0.38125,630,27.0,405
Regime shifts,Periodic dense,20260948,0.65966796875,0.1234375,0.4375,614,27.0,401
Regime shifts,Periodic dense,20260949,0.6332226562500001,0.1234375,0.40625,625,27.0,455
Regime shifts,Periodic dense,20260950,0.65977734375,0.1234375,0.4625,616,27.0,393
Regime shifts,Periodic dense,20260951,0.6700507812500001,0.1234375,0.4625,623,27.0,375
Regime shifts,Periodic dense,20260952,0.66395703125,0.1234375,0.4625,644,27.0,384
Regime shifts,Periodic dense,20260953,0.66288671875,0.1234375,0.45,609,27.0,392
Regime shifts,Periodic dense,20260954,0.68868359375,0.1234375,0.4625,656,27.0,341
Regime shifts,Periodic dense,20260955,0.65830078125,0.1234375,0.4375,649,27.0,401
Regime shifts,Periodic dense,20260956,0.66664453125,0.1234375,0.45625,634,27.0,382
Regime shifts,Periodic dense,20260957,0.67137109375,0.1234375,0.425,642,27.0,383
Regime shifts,Periodic dense,20260958,0.6570820312500001,0.1234375,0.4,643,27.0,415
Regime shifts,Periodic dense,20260959,0.65283203125,0.1234375,0.46875,630,27.0,402
Regime shifts,Periodic dense,20260960,0.6812304687499999,0.1234375,0.46875,623,27.0,354
Regime shifts,Periodic dense,20260961,0.6498710937500001,0.1234375,0.44375,611,27.0,416
Regime shifts,Periodic dense,20260962,0.6622773437499999,0.1234375,0.4625,672,27.0,385
Regime shifts,Periodic dense,20260963,0.6724804687500001,0.1234375,0.4375,616,27.0,379
Regime shifts,Periodic dense,20260964,0.6598007812500001,0.1234375,0.3875,616,27.0,416
Regime shifts,Periodic dense,20260965,0.6681992187500001,0.1234375,0.45,638,27.0,381
Regime shifts,Periodic dense,20260966,0.63738671875,0.1234375,0.39375,651,27.0,450
Regime shifts,Periodic dense,20260967,0.6713242187499999,0.1234375,0.3875,621,27.0,396
Regime shifts,Periodic dense,20260968,0.6676132812500001,0.1234375,0.45,638,27.0,382
Regime shifts,Periodic dense,20260969,0.64582421875,0.1234375,0.45625,627,27.0,418
Regime shifts,Periodic dense,20260970,0.62446484375,0.1234375,0.275,614,27.0,511
Regime shifts,Periodic dense,20260971,0.65965234375,0.1234375,0.45625,603,27.0,396
Regime shifts,Periodic dense,20260972,0.67055859375,0.1234375,0.4625,670,27.0,371
Regime shifts,Periodic dense,20260973,0.67062109375,0.1234375,0.41875,630,27.0,387
Regime shifts,Periodic dense,20260974,0.6866992187500001,0.1234375,0.46875,663,27.0,342
Regime shifts,Periodic dense,20260975,0.6620898437500001,0.1234375,0.46875,633,27.0,386
Regime shifts,Periodic dense,20260976,0.64459765625,0.1234375,0.475,662,27.0,412
Regime shifts,Periodic dense,20260977,0.67892578125,0.1234375,0.46875,637,27.0,357
Regime shifts,Periodic dense,20260978,0.6596132812500001,0.1234375,0.45625,634,27.0,394
Regime shifts,Periodic dense,20260979,0.64495703125,0.1234375,0.41875,642,27.0,430
Regime shifts,Periodic dense,20260980,0.6765273437499999,0.1234375,0.45625,651,27.0,364
Regime shifts,Periodic dense,20260981,0.6705585937499999,0.1234375,0.4625,655,27.0,372
Regime shifts,Periodic dense,20260982,0.63445703125,0.1234375,0.425,657,27.0,445
Regime shifts,Periodic dense,20260983,0.65519921875,0.1234375,0.39375,630,27.0,421
Regime shifts,Periodic dense,20260984,0.6539648437500001,0.1234375,0.46875,631,27.0,400
Regime shifts,Periodic dense,20260985,0.6518007812500001,0.1234375,0.45625,624,27.0,408
Regime shifts,Periodic dense,20260986,0.64273046875,0.1234375,0.45,660,27.0,423
Regime shifts,Periodic dense,20260987,0.65744140625,0.1234375,0.4375,641,27.0,403
Regime shifts,Periodic dense,20260988,0.6409960937500001,0.1234375,0.46875,663,27.0,420
Regime shifts,Periodic dense,20260989,0.68236328125,0.1234375,0.46875,624,27.0,352
Regime shifts,Periodic dense,20260990,0.64687890625,0.1234375,0.39375,663,27.0,433
Regime shifts,Periodic dense,20260991,0.67376171875,0.1234375,0.4625,618,27.0,369
Regime shifts,Periodic dense,20260992,0.6695820312499999,0.1234375,0.4625,635,27.0,375
Regime shifts,Periodic dense,20260993,0.67186328125,0.1234375,0.475,639,27.0,367
Regime shifts,Periodic dense,20260994,0.64283984375,0.1234375,0.44375,641,27.0,426
Regime shifts,Periodic dense,20260995,0.6437304687500001,0.1234375,0.375,650,27.0,445
Regime shifts,Periodic dense,20260996,0.66365234375,0.1234375,0.46875,638,27.0,383
Regime shifts,Periodic dense,20260997,0.66390234375,0.1234375,0.45,628,27.0,389
Regime shifts,Periodic dense,20260998,0.6698398437499999,0.1234375,0.45,671,27.0,376
Regime shifts,Periodic dense,20260999,0.67058984375,0.1234375,0.45625,608,27.0,377
Regime shifts,Periodic dense,20261000,0.67782421875,0.1234375,0.4625,634,27.0,361
Regime shifts,Periodic dense,20261001,0.65717578125,0.1234375,0.475,655,27.0,391
Regime shifts,Periodic dense,20261002,0.6691914062500001,0.1234375,0.4625,615,27.0,377
Regime shifts,Periodic dense,20261003,0.66887109375,0.1234375,0.45625,637,27.0,378
Regime shifts,Periodic dense,20261004,0.65040234375,0.1234375,0.4,604,27.0,429
Regime shifts,Periodic dense,20261005,0.65477734375,0.1234375,0.4625,624,27.0,401
Regime shifts,Periodic dense,20261006,0.67321484375,0.1234375,0.4625,602,27.0,371
Regime shifts,Periodic dense,20261007,0.65108984375,0.1234375,0.3875,629,27.0,430
Regime shifts,Periodic dense,20261008,0.6509101562499999,0.1234375,0.43125,642,27.0,416
Regime shifts,Periodic dense,20261009,0.61680078125,0.1234375,0.39375,638,27.0,486
Regime shifts,Periodic dense,20261010,0.67225390625,0.1234375,0.4125,647,27.0,385
Regime shifts,Periodic dense,20261011,0.68559765625,0.1234375,0.4625,645,27.0,347
Regime shifts,Periodic dense,20261012,0.6596367187500001,0.1234375,0.4125,640,27.0,407
Regime shifts,Periodic dense,20261013,0.6596132812500001,0.1234375,0.45625,604,27.0,396
Regime shifts,Periodic dense,20261014,0.6548789062500001,0.1234375,0.45,634,27.0,404
Regime shifts,Periodic dense,20261015,0.64758984375,0.1234375,0.4625,628,27.0,413
Regime shifts,Periodic dense,20261016,0.6981835937499999,0.1234375,0.46875,639,27.0,324
Regime shifts,Periodic dense,20261017,0.6642539062500001,0.1234375,0.45,619,27.0,389
Regime shifts,Periodic dense,20261018,0.67519921875,0.1234375,0.45625,655,27.0,366
Regime shifts,Periodic dense,20261019,0.66906640625,0.1234375,0.45625,617,27.0,379
Regime shifts,Periodic dense,20261020,0.6715429687500001,0.1234375,0.5,667,27.0,358
Regime shifts,Periodic dense,20261021,0.6374726562499999,0.1234375,0.49375,623,27.0,421
Regime shifts,Periodic dense,20261022,0.64613671875,0.1234375,0.45625,649,27.0,416
Regime shifts,Periodic dense,20261023,0.65813671875,0.1234375,0.4625,643,27.0,394
Regime shifts,Periodic dense,20261024,0.6530507812499999,0.1234375,0.425,601,27.0,417
Regime shifts,Periodic dense,20261025,0.67140234375,0.1234375,0.45,646,27.0,375
Regime shifts,Periodic dense,20261026,0.6465664062500001,0.1234375,0.45625,653,27.0,415
Regime shifts,Periodic dense,20261027,0.6596132812500001,0.1234375,0.45625,604,27.0,396
Regime shifts,Periodic dense,20261028,0.67008984375,0.1234375,0.4625,592,27.0,377
Regime shifts,Periodic dense,20261029,0.66070703125,0.1234375,0.4875,612,27.0,384
Regime shifts,Periodic dense,20261030,0.67433203125,0.1234375,0.48125,637,27.0,361
Regime shifts,Periodic dense,20261031,0.65119140625,0.1234375,0.40625,630,27.0,424
Regime shifts,Periodic dense,20261032,0.63762109375,0.1234375,0.39375,600,27.0,453
Regime shifts,Periodic dense,20261033,0.6707226562499999,0.1234375,0.46875,637,27.0,371
Regime shifts,Periodic dense,20261034,0.67094921875,0.1234375,0.4625,645,27.0,372
Regime shifts,Periodic dense,20261035,0.65702734375,0.1234375,0.45,609,27.0,402
Regime shifts,Periodic dense,20261036,0.6693554687500001,0.1234375,0.46875,672,27.0,371
Regime shifts,Periodic dense,20261037,0.6492617187499999,0.1234375,0.425,623,27.0,422
Regime shifts,Periodic dense,20261038,0.64669140625,0.1234375,0.43125,630,27.0,424
Regime shifts,Periodic dense,20261039,0.6768007812500001,0.1234375,0.425,668,27.0,372
Regime shifts,Periodic dense,20261040,0.66758203125,0.1234375,0.45625,625,27.0,381
Regime shifts,Periodic dense,20261041,0.68906640625,0.1234375,0.4875,651,27.0,333
Regime shifts,Periodic dense,20261042,0.65347265625,0.1234375,0.45,625,27.0,407
Regime shifts,Periodic dense,20261043,0.66334765625,0.1234375,0.475,662,27.0,380
Regime shifts,Periodic dense,20261044,0.65608984375,0.1234375,0.45,618,27.0,403
Regime shifts,Periodic dense,20261045,0.67414453125,0.1234375,0.45625,667,27.0,367
Regime shifts,Periodic dense,20261046,0.65664453125,0.1234375,0.45625,665,27.0,397
Regime shifts,Periodic dense,20261047,0.65669921875,0.1234375,0.4375,630,27.0,405
Regime shifts,Periodic dense,20261048,0.66854296875,0.1234375,0.475,634,27.0,373
Regime shifts,Periodic dense,20261049,0.6497773437500001,0.1234375,0.43125,626,27.0,419
Regime shifts,Periodic dense,20261050,0.6623398437500001,0.1234375,0.45,623,27.0,392
Regime shifts,Periodic dense,20261051,0.6790664062499999,0.1234375,0.39375,649,27.0,379
Regime shifts,Periodic dense,20261052,0.6526601562500001,0.1234375,0.39375,665,27.0,423
Regime shifts,Periodic dense,20261053,0.67087109375,0.1234375,0.4625,617,27.0,374
Regime shifts,Periodic dense,20261054,0.6304804687500001,0.1234375,0.4625,631,27.0,442
Regime shifts,Periodic dense,20261055,0.65366015625,0.1234375,0.4125,613,27.0,419
Regime shifts,Periodic dense,20261056,0.6484726562500001,0.1234375,0.45,648,27.0,414
Regime shifts,Periodic dense,20261057,0.66648046875,0.1234375,0.45,622,27.0,385
Regime shifts,Periodic dense,20261058,0.6765429687500001,0.1234375,0.46875,623,27.0,362
Regime shifts,Periodic dense,20261059,0.63055078125,0.1234375,0.39375,601,27.0,465
Regime shifts,Periodic dense,20261060,0.6518242187500001,0.1234375,0.4125,660,27.0,419
Regime shifts,Periodic dense,20261061,0.6391914062499999,0.1234375,0.4,621,27.0,447
Regime shifts,Periodic dense,20261062,0.63543359375,0.1234375,0.39375,641,27.0,454
Regime shifts,Periodic dense,20261063,0.6661914062500001,0.1234375,0.4375,597,27.0,391
Regime shifts,Periodic dense,20261064,0.65496484375,0.1234375,0.45625,633,27.0,402
Regime shifts,Periodic dense,20261065,0.6523242187499999,0.1234375,0.4375,622,27.0,413
Regime shifts,Periodic dense,20261066,0.6575820312500001,0.1234375,0.45625,596,27.0,400
Regime shifts,Periodic dense,20261067,0.6545429687500001,0.1234375,0.43125,639,27.0,410
Regime shifts,Periodic dense,20261068,0.66176171875,0.1234375,0.45625,609,27.0,392
Regime shifts,Periodic dense,20261069,0.64833203125,0.1234375,0.4625,624,27.0,412
Regime shifts,Periodic dense,20261070,0.6276835937499999,0.1234375,0.38125,642,27.0,471
Regime shifts,Periodic dense,20261071,0.65681640625,0.1234375,0.46875,633,27.0,395
Regime shifts,Periodic dense,20261072,0.67812109375,0.1234375,0.48125,645,27.0,354
Regime shifts,Periodic dense,20261073,0.6623710937499999,0.1234375,0.38125,624,27.0,413
Regime shifts,Periodic dense,20261074,0.64490234375,0.1234375,0.46875,623,27.0,416
Regime shifts,Periodic dense,20261075,0.65953515625,0.1234375,0.45625,651,27.0,393
Regime shifts,Periodic dense,20261076,0.63240234375,0.1234375,0.375,655,27.0,464
Regime shifts,Periodic dense,20261077,0.67294921875,0.1234375,0.4375,619,27.0,378
Regime shifts,Periodic dense,20261078,0.67705078125,0.1234375,0.46875,640,27.0,360
Regime shifts,Periodic dense,20261079,0.66102734375,0.1234375,0.4,587,27.0,412
Regime shifts,Periodic dense,20261080,0.64691015625,0.1234375,0.41875,622,27.0,428
Regime shifts,Periodic dense,20261081,0.64398828125,0.1234375,0.425,623,27.0,431
Regime shifts,Periodic dense,20261082,0.66229296875,0.1234375,0.475,584,27.0,387
Regime shifts,Periodic dense,20261083,0.68770703125,0.1234375,0.4625,606,27.0,346
Regime shifts,Periodic dense,20261084,0.65630078125,0.1234375,0.4625,600,27.0,400
Regime shifts,Periodic dense,20261085,0.6433164062500001,0.1234375,0.41875,669,27.0,431
Regime shifts,Periodic dense,20261086,0.6433320312500002,0.1234375,0.43125,626,27.0,430
Regime shifts,Periodic dense,20261087,0.6703164062500001,0.1234375,0.45625,615,27.0,377
Regime shifts,Periodic dense,20261088,0.65333203125,0.1234375,0.4625,601,27.0,405
Regime shifts,Periodic dense,20261089,0.64074609375,0.1234375,0.45625,622,27.0,427
Regime shifts,Periodic dense,20261090,0.64894921875,0.1234375,0.45625,637,27.0,412
Regime shifts,Periodic dense,20261091,0.64672265625,0.1234375,0.45625,634,27.0,416
Regime shifts,Periodic dense,20261092,0.67730859375,0.1234375,0.45625,631,27.0,364
Regime shifts,Periodic dense,20261093,0.66355078125,0.1234375,0.45,607,27.0,391
Regime shifts,Periodic dense,20261094,0.6536757812499999,0.1234375,0.425,615,27.0,415
Regime shifts,Periodic dense,20261095,0.67204296875,0.1234375,0.4625,617,27.0,372
Regime shifts,Periodic dense,20261096,0.68524609375,0.1234375,0.4625,639,27.0,348
Regime shifts,Periodic dense,20261097,0.65424609375,0.1234375,0.35,631,27.0,436
Regime shifts,Periodic dense,20261098,0.65676171875,0.1234375,0.45625,647,27.0,398
Regime shifts,Periodic dense,20261099,0.63039453125,0.1234375,0.39375,635,27.0,463
Regime shifts,Periodic dense,20261100,0.67805078125,0.1234375,0.4875,633,27.0,353
Regime shifts,Periodic dense,20261101,0.6667617187499999,0.1234375,0.45625,586,27.0,385
Regime shifts,Periodic dense,20261102,0.64266796875,0.1234375,0.36875,646,27.0,449
Regime shifts,Periodic dense,20261103,0.64582421875,0.1234375,0.45625,627,27.0,418
Regime shifts,Periodic dense,20261104,0.64886328125,0.1234375,0.3875,656,27.0,432
Regime shifts,Periodic dense,20261105,0.65531640625,0.1234375,0.425,633,27.0,411
Regime shifts,Periodic dense,20261106,0.65378515625,0.1234375,0.325,638,27.0,444
Regime shifts,Periodic dense,20261107,0.66448046875,0.1234375,0.475,603,27.0,382
Regime shifts,Periodic dense,20261108,0.66142578125,0.1234375,0.46875,665,27.0,385
Regime shifts,Periodic dense,20261109,0.66855859375,0.1234375,0.45625,630,27.0,379
Regime shifts,Periodic dense,20261110,0.64194921875,0.1234375,0.41875,644,27.0,435
Regime shifts,Periodic dense,20261111,0.67899609375,0.1234375,0.4625,649,27.0,358
Regime shifts,Periodic dense,20261112,0.65891796875,0.1234375,0.4625,608,27.0,395
Regime shifts,Periodic dense,20261113,0.6357070312499999,0.1234375,0.39375,604,27.0,456
Regime shifts,Periodic dense,20261114,0.66495703125,0.1234375,0.45,646,27.0,386
Regime shifts,Periodic dense,20261115,0.66573828125,0.1234375,0.3875,629,27.0,405
Regime shifts,Periodic dense,20261116,0.66129296875,0.1234375,0.45625,606,27.0,393
Regime shifts,Periodic dense,20261117,0.6384492187499999,0.1234375,0.4625,637,27.0,428
Regime shifts,Periodic dense,20261118,0.66816796875,0.1234375,0.45625,625,27.0,380
Regime shifts,Periodic dense,20261119,0.68193359375,0.1234375,0.46875,620,27.0,353
Regime shifts,Periodic dense,20261120,0.66629296875,0.1234375,0.45625,628,27.0,383
Regime shifts,Periodic dense,20261121,0.66137890625,0.1234375,0.4625,620,27.0,390
Regime shifts,Periodic dense,20261122,0.67758203125,0.1234375,0.45625,639,27.0,363
Regime shifts,Periodic dense,20261123,0.65414453125,0.1234375,0.45625,654,27.0,402
Regime shifts,Periodic dense,20261124,0.6360117187500001,0.1234375,0.3875,625,27.0,456
Regime shifts,Periodic dense,20261125,0.65049609375,0.1234375,0.38125,598,27.0,435
Regime shifts,Periodic dense,20261126,0.68094140625,0.1234375,0.45625,628,27.0,358
Regime shifts,Periodic dense,20261127,0.6560976562499999,0.1234375,0.45625,604,27.0,402
Regime shifts,Periodic dense,20261128,0.6600742187499999,0.1234375,0.45,651,27.0,394
Regime shifts,Periodic dense,20261129,0.68401953125,0.1234375,0.45,638,27.0,354
Regime shifts,Periodic dense,20261130,0.65313671875,0.1234375,0.43125,630,27.0,413
Regime shifts,Periodic dense,20261131,0.6734335937499999,0.1234375,0.45,654,27.0,371
Regime shifts,Periodic dense,20261132,0.66270703125,0.1234375,0.4625,661,27.0,385
Regime shifts,Periodic dense,20261133,0.64353515625,0.1234375,0.46875,613,27.0,419
Regime shifts,Periodic dense,20261134,0.6243789062499999,0.1234375,0.39375,639,27.0,473
Regime shifts,Periodic dense,20261135,0.66739453125,0.1234375,0.4625,661,27.0,377
Regime shifts,Periodic dense,20261136,0.66233984375,0.1234375,0.45,593,27.0,394
Regime shifts,Periodic dense,20261137,0.6521601562500001,0.1234375,0.4625,691,27.0,401
Regime shifts,Periodic dense,20261138,0.66978515625,0.1234375,0.46875,646,27.0,372
Regime shifts,Periodic dense,20261139,0.65589453125,0.1234375,0.45,668,27.0,400
Regime shifts,Periodic dense,20261140,0.65558203125,0.1234375,0.45,646,27.0,402
Regime shifts,Periodic dense,20261141,0.66594140625,0.1234375,0.45625,622,27.0,384
Regime shifts,Periodic dense,20261142,0.68919140625,0.1234375,0.4625,628,27.0,342
Regime shifts,Periodic dense,20261143,0.61677734375,0.1234375,0.4375,632,27.0,473
Regime shifts,Periodic dense,20261144,0.66698828125,0.1234375,0.45,609,27.0,385
Regime shifts,Periodic dense,20261145,0.65358203125,0.1234375,0.38125,654,27.0,426
Regime shifts,Periodic dense,20261146,0.64141015625,0.1234375,0.425,644,27.0,434
Regime shifts,Periodic dense,20261147,0.65457421875,0.1234375,0.45625,613,27.0,404
Regime shifts,Periodic dense,20261148,0.64548046875,0.1234375,0.36875,649,27.0,444
Regime shifts,Periodic dense,20261149,0.63429296875,0.1234375,0.3875,639,27.0,458
Regime shifts,Periodic dense,20261150,0.66392578125,0.1234375,0.46875,631,27.0,383
Regime shifts,Periodic dense,20261151,0.6499726562499999,0.1234375,0.4,645,27.0,427
Regime shifts,Periodic dense,20261152,0.6598242187500001,0.1234375,0.4375,655,27.0,398
Regime shifts,Periodic dense,20261153,0.66727734375,0.1234375,0.4625,619,27.0,380
Regime shifts,Periodic dense,20261154,0.64806640625,0.1234375,0.40625,635,27.0,429
Regime shifts,Periodic dense,20261155,0.62291015625,0.1234375,0.4375,610,27.0,464
Regime shifts,Periodic dense,20261156,0.65332421875,0.1234375,0.45625,630,27.0,405
Regime shifts,Periodic dense,20261157,0.6537773437500001,0.1234375,0.475,607,27.0,400
Regime shifts,Periodic dense,20261158,0.66698046875,0.1234375,0.44375,638,27.0,385
Regime shifts,Periodic dense,20261159,0.6526054687499999,0.1234375,0.44375,616,27.0,411
Regime shifts,Periodic dense,20261160,0.66534765625,0.1234375,0.45,636,27.0,386
Regime shifts,Periodic dense,20261161,0.63894921875,0.1234375,0.45625,668,27.0,427
Regime shifts,Periodic dense,20261162,0.6656523437499999,0.1234375,0.475,618,27.0,379
Regime shifts,Periodic dense,20261163,0.67298046875,0.1234375,0.49375,629,27.0,360
Regime shifts,Periodic dense,20261164,0.6617304687500001,0.1234375,0.30625,596,27.0,439
Regime shifts,Periodic dense,20261165,0.67729296875,0.1234375,0.44375,629,27.0,368
Regime shifts,Periodic dense,20261166,0.64907421875,0.1234375,0.4,623,27.0,430
Regime shifts,Periodic dense,20261167,0.62490234375,0.1234375,0.34375,631,27.0,488
Regime shifts,Periodic dense,20261168,0.65211328125,0.1234375,0.45625,616,27.0,408
Regime shifts,Periodic dense,20261169,0.64837109375,0.1234375,0.4,641,27.0,430
Regime shifts,Periodic dense,20261170,0.6503789062499999,0.1234375,0.475,634,27.0,404
Regime shifts,Periodic dense,20261171,0.66673046875,0.1234375,0.4625,648,27.0,379
Regime shifts,Periodic dense,20261172,0.67973828125,0.1234375,0.4625,630,27.0,358
Regime shifts,Periodic dense,20261173,0.6577460937499999,0.1234375,0.4625,638,27.0,395
Regime shifts,Periodic dense,20261174,0.66683203125,0.1234375,0.45,598,27.0,386
Regime shifts,Periodic dense,20261175,0.6587539062500001,0.1234375,0.45625,626,27.0,396
Regime shifts,Periodic dense,20261176,0.67076953125,0.1234375,0.44375,631,27.0,379
Regime shifts,Periodic dense,20261177,0.64050390625,0.1234375,0.3875,660,27.0,446
Regime shifts,Periodic dense,20261178,0.66880859375,0.1234375,0.375,653,27.0,402
Regime shifts,Periodic dense,20261179,0.65775390625,0.1234375,0.375,636,27.0,422
Regime shifts,Periodic dense,20261180,0.67610546875,0.1234375,0.4625,618,27.0,365
Regime shifts,Periodic dense,20261181,0.64989453125,0.1234375,0.4625,644,27.0,408
Regime shifts,Periodic dense,20261182,0.64560546875,0.1234375,0.375,632,27.0,443
Regime shifts,Periodic dense,20261183,0.66551953125,0.1234375,0.4625,619,27.0,383
Regime shifts,Periodic dense,20261184,0.66401953125,0.1234375,0.45,640,27.0,388
Regime shifts,Periodic dense,20261185,0.63544140625,0.1234375,0.4,672,27.0,450
Regime shifts,Periodic dense,20261186,0.6241992187500001,0.1234375,0.375,640,27.0,479
Regime shifts,Periodic dense,20261187,0.67348046875,0.1234375,0.45625,624,27.0,371
Regime shifts,Periodic dense,20261188,0.67103515625,0.1234375,0.46875,629,27.0,371
Regime shifts,Periodic dense,20261189,0.63707421875,0.1234375,0.39375,614,27.0,453
Regime shifts,Periodic dense,20261190,0.66273828125,0.1234375,0.45625,614,27.0,390
Regime shifts,Periodic dense,20261191,0.66671484375,0.1234375,0.41875,640,27.0,393
Regime shifts,Periodic dense,20261192,0.64717578125,0.1234375,0.38125,623,27.0,439
Regime shifts,Periodic dense,20261193,0.67537109375,0.1234375,0.46875,683,27.0,360
Regime shifts,Periodic dense,20261194,0.68153515625,0.1234375,0.4625,599,27.0,357
Regime shifts,Periodic dense,20261195,0.65986328125,0.1234375,0.4375,609,27.0,401
Regime shifts,Periodic dense,20261196,0.66045703125,0.1234375,0.475,631,27.0,387
Regime shifts,Periodic dense,20261197,0.65451953125,0.1234375,0.38125,645,27.0,425
Regime shifts,Periodic dense,20261198,0.6619648437500001,0.1234375,0.49375,611,27.0,380
Regime shifts,Periodic dense,20261199,0.64775390625,0.1234375,0.46875,640,27.0,410
Regime shifts,Periodic dense,20261200,0.66699609375,0.1234375,0.45625,655,27.0,380
Regime shifts,Periodic dense,20261201,0.6545195312500001,0.1234375,0.35,654,27.0,434
Regime shifts,Periodic dense,20261202,0.66534765625,0.1234375,0.45,636,27.0,386
Regime shifts,Periodic dense,20261203,0.59751953125,0.1234375,0.3125,621,27.0,545
Regime shifts,Periodic dense,20261204,0.66807421875,0.1234375,0.44375,625,27.0,384
Regime shifts,Periodic dense,20261205,0.66978515625,0.1234375,0.4375,625,27.0,383
Regime shifts,Periodic dense,20261206,0.64798828125,0.1234375,0.3125,619,27.0,459
Regime shifts,Periodic dense,20261207,0.66062890625,0.1234375,0.45625,608,27.0,394
Regime shifts,Periodic dense,20261208,0.65491015625,0.1234375,0.4125,611,27.0,417
Regime shifts,Periodic dense,20261209,0.6602382812500001,0.1234375,0.45625,633,27.0,393
Regime shifts,Periodic dense,20261210,0.66228515625,0.1234375,0.46875,613,27.0,387
Regime shifts,Periodic dense,20261211,0.65905859375,0.1234375,0.45,632,27.0,397
Regime shifts,Periodic dense,20261212,0.66591015625,0.1234375,0.4625,609,27.0,383
Regime shifts,Periodic dense,20261213,0.67510546875,0.1234375,0.4125,649,27.0,380
Regime shifts,Periodic dense,20261214,0.63856640625,0.1234375,0.4,622,27.0,448
Regime shifts,Periodic dense,20261215,0.61948828125,0.1234375,0.325,646,27.0,502
Regime shifts,Periodic dense,20261216,0.68327734375,0.1234375,0.45,627,27.0,356
Regime shifts,Periodic dense,20261217,0.6584726562500001,0.1234375,0.45,632,27.0,398
Regime shifts,Periodic dense,20261218,0.65278515625,0.1234375,0.4625,615,27.0,405
Regime shifts,Periodic dense,20261219,0.6474023437499999,0.1234375,0.375,631,27.0,440
Regime shifts,Periodic dense,20261220,0.62040234375,0.1234375,0.36875,631,27.0,488
Regime shifts,Periodic dense,20261221,0.6681601562500001,0.1234375,0.41875,648,27.0,390
Regime shifts,Periodic dense,20261222,0.6543085937500001,0.1234375,0.43125,660,27.0,409
Regime shifts,Periodic dense,20261223,0.6534648437499999,0.1234375,0.44375,624,27.0,409
Regime shifts,Periodic dense,20261224,0.67155859375,0.1234375,0.45,657,27.0,374
Regime shifts,Periodic dense,20261225,0.6560507812499999,0.1234375,0.45,649,27.0,401
Regime shifts,Periodic dense,20261226,0.64874609375,0.1234375,0.3875,689,27.0,430
Regime shifts,Periodic dense,20261227,0.65836328125,0.1234375,0.45625,621,27.0,397
Regime shifts,Periodic dense,20261228,0.6434101562500001,0.1234375,0.43125,609,27.0,431
Regime shifts,Periodic dense,20261229,0.67008984375,0.1234375,0.4625,622,27.0,375
Regime shifts,Periodic dense,20261230,0.67804296875,0.1234375,0.45,611,27.0,366
Regime shifts,Periodic dense,20261231,0.65783203125,0.1234375,0.46875,622,27.0,394
Regime shifts,Periodic dense,20261232,0.65769140625,0.1234375,0.45,682,27.0,396
Regime shifts,Periodic dense,20261233,0.6683867187500001,0.1234375,0.44375,632,27.0,383
Regime shifts,Periodic dense,20261234,0.63504296875,0.1234375,0.33125,639,27.0,474
Regime shifts,Periodic dense,20261235,0.6278710937499999,0.1234375,0.375,651,27.0,472
Regime shifts,Periodic dense,20261236,0.6374492187499999,0.1234375,0.38125,632,27.0,455
Regime shifts,Periodic dense,20261237,0.6635429687500001,0.1234375,0.44375,651,27.0,390
Regime shifts,Periodic dense,20261238,0.67294140625,0.1234375,0.4625,654,27.0,368
Regime shifts,Periodic dense,20261239,0.64429296875,0.1234375,0.3875,608,27.0,443
Regime shifts,Periodic dense,20261240,0.67260546875,0.1234375,0.4125,638,27.0,385
Regime shifts,Periodic dense,20261241,0.68035546875,0.1234375,0.425,637,27.0,368
Regime shifts,Periodic dense,20261242,0.65652734375,0.1234375,0.45625,653,27.0,398
Regime shifts,Periodic dense,20261243,0.67724609375,0.1234375,0.46875,635,27.0,360
Regime shifts,Periodic dense,20261244,0.64925390625,0.1234375,0.45,643,27.0,413
Regime shifts,Periodic dense,20261245,0.6784726562500001,0.1234375,0.48125,621,27.0,355
Regime shifts,Periodic dense,20261246,0.64533203125,0.1234375,0.375,624,27.0,444
Regime shifts,Periodic dense,20261247,0.6782851562500001,0.1234375,0.45625,636,27.0,362
Regime shifts,Periodic dense,20261248,0.64812890625,0.1234375,0.39375,616,27.0,434
Regime shifts,Periodic dense,20261249,0.65355859375,0.1234375,0.425,633,27.0,414
Regime shifts,Periodic dense,20261250,0.66080859375,0.1234375,0.44375,616,27.0,397
Regime shifts,Periodic dense,20261251,0.6628554687499999,0.1234375,0.45625,626,27.0,389
Regime shifts,Periodic dense,20261252,0.6570898437499999,0.1234375,0.5,662,27.0,383
Regime shifts,Periodic dense,20261253,0.6391757812500001,0.1234375,0.3875,604,27.0,452
Regime shifts,Periodic dense,20261254,0.6759570312500001,0.1234375,0.46875,623,27.0,363
Regime shifts,Periodic dense,20261255,0.6736445312500001,0.1234375,0.4625,636,27.0,368
Regime shifts,Periodic dense,20261256,0.63648828125,0.1234375,0.39375,629,27.0,453
Regime shifts,Periodic dense,20261257,0.65190234375,0.1234375,0.4125,643,27.0,420
Regime shifts,Periodic dense,20261258,0.67841015625,0.1234375,0.4625,619,27.0,361
Regime shifts,Periodic dense,20261259,0.6611757812500001,0.1234375,0.45625,579,27.0,395
Regime shifts,Periodic dense,20261260,0.65102734375,0.1234375,0.4625,630,27.0,407
Regime shifts,Periodic dense,20261261,0.67789453125,0.1234375,0.45625,616,27.0,364
Regime shifts,Periodic dense,20261262,0.6728554687500001,0.1234375,0.45625,595,27.0,374
Regime shifts,Periodic dense,20261263,0.64429296875,0.1234375,0.45,650,27.0,421
Regime shifts,Periodic dense,20261264,0.65633984375,0.1234375,0.4625,659,27.0,396
Regime shifts,Periodic dense,20261265,0.67013671875,0.1234375,0.375,634,27.0,401
Regime shifts,Periodic dense,20261266,0.67770703125,0.1234375,0.49375,628,27.0,352
Regime shifts,Periodic dense,20261267,0.6582617187500001,0.1234375,0.375,668,27.0,419
Regime shifts,Periodic dense,20261268,0.66475390625,0.1234375,0.38125,623,27.0,409
Regime shifts,Periodic dense,20261269,0.65399609375,0.1234375,0.49375,635,27.0,392
Regime shifts,Periodic dense,20261270,0.67558984375,0.1234375,0.45625,585,27.0,370
Regime shifts,Periodic dense,20261271,0.65985546875,0.1234375,0.4625,644,27.0,391
Regime shifts,Periodic dense,20261272,0.66690234375,0.1234375,0.44375,655,27.0,384
Regime shifts,Periodic dense,20261273,0.65605078125,0.1234375,0.41875,628,27.0,412
Regime shifts,Periodic dense,20261274,0.63699609375,0.1234375,0.39375,631,27.0,452
Regime shifts,Periodic dense,20261275,0.6425820312500001,0.1234375,0.3625,602,27.0,454
Regime shifts,Periodic dense,20261276,0.6806757812500001,0.1234375,0.4625,636,27.0,356
Regime shifts,Periodic dense,20261277,0.63320703125,0.1234375,0.39375,623,27.0,459
Regime shifts,Periodic dense,20261278,0.64512109375,0.1234375,0.45625,630,27.0,419
Regime shifts,Periodic dense,20261279,0.66216015625,0.1234375,0.4625,615,27.0,389
Regime shifts,Periodic dense,20261280,0.67203515625,0.1234375,0.45625,631,27.0,373
Regime shifts,Periodic dense,20261281,0.67287890625,0.1234375,0.475,613,27.0,367
Regime shifts,Periodic dense,20261282,0.64220703125,0.1234375,0.375,629,27.0,449
Regime shifts,Periodic dense,20261283,0.6506132812500001,0.1234375,0.4125,661,27.0,421
Regime shifts,Periodic dense,20261284,0.67185546875,0.1234375,0.46875,638,27.0,369
Regime shifts,Periodic dense,20261285,0.6774648437499999,0.1234375,0.45625,612,27.0,365
Regime shifts,Periodic dense,20261286,0.6797695312500001,0.1234375,0.45625,643,27.0,359
Regime shifts,Periodic dense,20261287,0.6700039062500001,0.1234375,0.4875,614,27.0,368
Regime shifts,Periodic dense,20261288,0.6657851562499999,0.1234375,0.45625,686,27.0,380
Regime shifts,Periodic dense,20261289,0.67158984375,0.1234375,0.44375,640,27.0,377
Regime shifts,Periodic dense,20261290,0.66062890625,0.1234375,0.45625,638,27.0,392
Regime shifts,Periodic dense,20261291,0.66919921875,0.1234375,0.46875,616,27.0,375
Regime shifts,Periodic dense,20261292,0.65545703125,0.1234375,0.475,654,27.0,394
Regime shifts,Periodic dense,20261293,0.67593359375,0.1234375,0.45,635,27.0,368
Regime shifts,Periodic dense,20261294,0.66560546875,0.1234375,0.4375,597,27.0,392
Regime shifts,Periodic dense,20261295,0.6703007812499999,0.1234375,0.4125,652,27.0,388
Regime shifts,Periodic dense,20261296,0.6439648437500001,0.1234375,0.40625,665,27.0,434
Regime shifts,Periodic dense,20261297,0.66606640625,0.1234375,0.4625,635,27.0,381
Regime shifts,Periodic dense,20261298,0.6441757812500001,0.1234375,0.3875,611,27.0,443
Regime shifts,Periodic dense,20261299,0.6484414062500001,0.1234375,0.45625,650,27.0,412
Regime shifts,Periodic dense,20261300,0.67307421875,0.1234375,0.44375,617,27.0,376
Regime shifts,Periodic dense,20261301,0.67703515625,0.1234375,0.45625,608,27.0,366
Regime shifts,Periodic dense,20261302,0.66691796875,0.1234375,0.45625,642,27.0,381
Regime shifts,Periodic dense,20261303,0.66641015625,0.1234375,0.45625,625,27.0,383
Regime shifts,Periodic dense,20261304,0.66714453125,0.1234375,0.45,605,27.0,385
Regime shifts,Periodic dense,20261305,0.66823046875,0.1234375,0.4125,645,27.0,392
Regime shifts,Periodic dense,20261306,0.65798828125,0.1234375,0.4375,612,27.0,404
Regime shifts,Periodic dense,20261307,0.67137890625,0.1234375,0.4625,604,27.0,374
Regime shifts,Periodic dense,20261308,0.6420351562500001,0.1234375,0.45625,604,27.0,426
Regime shifts,Periodic dense,20261309,0.65428515625,0.1234375,0.475,639,27.0,397
Regime shifts,Periodic dense,20261310,0.68719140625,0.1234375,0.45625,633,27.0,347
Regime shifts,Periodic dense,20261311,0.64032421875,0.1234375,0.4,637,27.0,444
Regime shifts,Periodic dense,20261312,0.65748046875,0.1234375,0.46875,616,27.0,395
Regime shifts,Periodic dense,20261313,0.64641796875,0.1234375,0.4,631,27.0,434
Regime shifts,Periodic dense,20261314,0.6474257812499999,0.1234375,0.45625,631,27.0,415
Regime shifts,Periodic dense,20261315,0.6544648437499999,0.1234375,0.4625,587,27.0,404
Regime shifts,Periodic dense,20261316,0.67480859375,0.1234375,0.45625,620,27.0,369
Regime shifts,Periodic dense,20261317,0.64116796875,0.1234375,0.48125,661,27.0,416
Regime shifts,Periodic dense,20261318,0.6657460937499999,0.1234375,0.45625,627,27.0,384
Regime shifts,Periodic dense,20261319,0.67035546875,0.1234375,0.45625,614,27.0,377
Regime shifts,Periodic dense,20261320,0.66930859375,0.1234375,0.43125,606,27.0,387
Regime shifts,Periodic dense,20261321,0.65648046875,0.1234375,0.48125,629,27.0,392
Regime shifts,Periodic dense,20261322,0.6668085937500001,0.1234375,0.4625,661,27.0,378
Regime shifts,Periodic dense,20261323,0.6453554687499999,0.1234375,0.45625,624,27.0,419
Regime shifts,Periodic dense,20261324,0.64633203125,0.1234375,0.39375,632,27.0,436
Regime shifts,Periodic dense,20261325,0.69444140625,0.1234375,0.4125,664,27.0,346
Regime shifts,Periodic dense,20261326,0.65424609375,0.1234375,0.4125,643,27.0,416
Regime shifts,Periodic dense,20261327,0.6565976562500001,0.1234375,0.35625,617,27.0,431
Regime shifts,Adaptive audit,20260928,0.66391015625,0.109375,0.4875,575,27.0,381
Regime shifts,Adaptive audit,20260929,0.6347460937499999,0.09765625,0.40625,506,29.0,460
Regime shifts,Adaptive audit,20260930,0.6494414062499999,0.109375,0.475,573,19.0,411
Regime shifts,Adaptive audit,20260931,0.6816054687499999,0.1234375,0.4875,642,35.0,345
Regime shifts,Adaptive audit,20260932,0.67751953125,0.10234375,0.4375,527,23.0,377
Regime shifts,Adaptive audit,20260933,0.6492734375,0.11875,0.45,635,30.0,413
Regime shifts,Adaptive audit,20260934,0.65124609375,0.09296875,0.41875,471,19.0,432
Regime shifts,Adaptive audit,20260935,0.67464453125,0.1046875,0.48125,489,29.0,370
Regime shifts,Adaptive audit,20260936,0.6762148437500001,0.11171875,0.55,567,29.0,341
Regime shifts,Adaptive audit,20260937,0.65064453125,0.109375,0.40625,524,27.0,432
Regime shifts,Adaptive audit,20260938,0.66720703125,0.08828125,0.40625,470,17.0,409
Regime shifts,Adaptive audit,20260939,0.6817343749999999,0.11171875,0.48125,565,22.0,354
Regime shifts,Adaptive audit,20260940,0.6415234375,0.1046875,0.40625,545,22.0,447
Regime shifts,Adaptive audit,20260941,0.68191796875,0.13515625,0.4875,674,31.0,343
Regime shifts,Adaptive audit,20260942,0.67906640625,0.09296875,0.45625,491,23.0,371
Regime shifts,Adaptive audit,20260943,0.65684765625,0.1046875,0.49375,537,25.0,394
Regime shifts,Adaptive audit,20260944,0.6195117187499999,0.1046875,0.34375,539,23.0,504
Regime shifts,Adaptive audit,20260945,0.67069921875,0.109375,0.48125,520,33.0,374
Regime shifts,Adaptive audit,20260946,0.69403515625,0.0859375,0.49375,430,23.0,338
Regime shifts,Adaptive audit,20260947,0.67908203125,0.0765625,0.46875,383,19.0,375
Regime shifts,Adaptive audit,20260948,0.64758984375,0.06953125,0.30625,333,13.0,483
Regime shifts,Adaptive audit,20260949,0.64925,0.10703125,0.43125,537,20.0,427
Regime shifts,Adaptive audit,20260950,0.6646835937500001,0.11640625,0.5125,570,23.0,373
Regime shifts,Adaptive audit,20260951,0.663359375,0.1,0.46875,513,20.0,393
Regime shifts,Adaptive audit,20260952,0.68976171875,0.0953125,0.5125,508,19.0,335
Regime shifts,Adaptive audit,20260953,0.66160546875,0.08593750000000001,0.45625,423,19.0,406
Regime shifts,Adaptive audit,20260954,0.68165234375,0.08125,0.43125,425,15.0,380
Regime shifts,Adaptive audit,20260955,0.67001171875,0.09062500000000001,0.43125,438,21.0,398
Regime shifts,Adaptive audit,20260956,0.66405078125,0.08828125,0.44375,443,21.0,404
Regime shifts,Adaptive audit,20260957,0.65385546875,0.11875,0.38125,597,29.0,429
Regime shifts,Adaptive audit,20260958,0.66706640625,0.10703125,0.3875,570,19.0,408
Regime shifts,Adaptive audit,20260959,0.6540781250000001,0.10234375,0.3875,495,20.0,435
Regime shifts,Adaptive audit,20260960,0.66937109375,0.11171875,0.3875,571,19.0,404
Regime shifts,Adaptive audit,20260961,0.6917617187499999,0.07421875,0.51875,388,17.0,338
Regime shifts,Adaptive audit,20260962,0.653,0.11875,0.4,620,24.0,424
Regime shifts,Adaptive audit,20260963,0.68728515625,0.1046875,0.46875,533,31.0,349
Regime shifts,Adaptive audit,20260964,0.67949609375,0.128125,0.425,624,23.0,371
Regime shifts,Adaptive audit,20260965,0.66994921875,0.0765625,0.4125,386,17.0,408
Regime shifts,Adaptive audit,20260966,0.65397265625,0.08359375,0.475,437,27.0,411
Regime shifts,Adaptive audit,20260967,0.67283984375,0.08359375,0.44375,428,27.0,389
Regime shifts,Adaptive audit,20260968,0.651171875,0.0953125,0.40625,498,20.0,434
Regime shifts,Adaptive audit,20260969,0.6582617187500001,0.08359375000000001,0.46875,426,23.0,407
Regime shifts,Adaptive audit,20260970,0.67851171875,0.09296875000000002,0.48125,465,23.0,366
Regime shifts,Adaptive audit,20260971,0.664703125,0.07890625,0.45,365,22.0,406
Regime shifts,Adaptive audit,20260972,0.65148828125,0.0765625,0.425,396,29.0,433
Regime shifts,Adaptive audit,20260973,0.6891367187499999,0.1046875,0.45,537,21.0,353
Regime shifts,Adaptive audit,20260974,0.69366015625,0.08828125,0.475,471,27.0,341
Regime shifts,Adaptive audit,20260975,0.67936328125,0.08828125,0.475,457,23.0,367
Regime shifts,Adaptive audit,20260976,0.6415976562499999,0.09296875,0.45,494,21.0,437
Regime shifts,Adaptive audit,20260977,0.70689453125,0.07187500000000001,0.5,377,21.0,318
Regime shifts,Adaptive audit,20260978,0.67454296875,0.08359375000000001,0.4625,433,21.0,381
Regime shifts,Adaptive audit,20260979,0.6514023437500001,0.10234375,0.48125,559,23.0,406
Regime shifts,Adaptive audit,20260980,0.6848671875,0.06953125,0.4875,391,18.0,359
Regime shifts,Adaptive audit,20260981,0.6915351562500001,0.09296875,0.4625,463,27.0,349
Regime shifts,Adaptive audit,20260982,0.6486953125,0.13046875,0.4875,677,28.0,400
Regime shifts,Adaptive audit,20260983,0.65939453125,0.1046875,0.40625,540,27.0,416
Regime shifts,Adaptive audit,20260984,0.67703125,0.10234375,0.46875,543,30.0,366
Regime shifts,Adaptive audit,20260985,0.63984765625,0.090625,0.39375,463,29.0,458
Regime shifts,Adaptive audit,20260986,0.6322695312500001,0.14453125,0.425,738,29.0,443
Regime shifts,Adaptive audit,20260987,0.67669140625,0.09765625,0.4625,503,25.0,372
Regime shifts,Adaptive audit,20260988,0.6748398437500001,0.0859375,0.45,463,23.0,382
Regime shifts,Adaptive audit,20260989,0.68223046875,0.10234375,0.45625,515,23.0,364
Regime shifts,Adaptive audit,20260990,0.6290742187499999,0.08359375,0.3375,448,21.0,496
Regime shifts,Adaptive audit,20260991,0.67812890625,0.0859375,0.39375,398,29.0,397
Regime shifts,Adaptive audit,20260992,0.67283984375,0.10234375,0.50625,520,25.0,364
Regime shifts,Adaptive audit,20260993,0.6906992187500001,0.09765625,0.5125,539,27.0,330
Regime shifts,Adaptive audit,20260994,0.63086328125,0.14453125,0.45625,720,29.0,437
Regime shifts,Adaptive audit,20260995,0.662203125,0.11171875,0.48125,585,22.0,386
Regime shifts,Adaptive audit,20260996,0.67908203125,0.0859375,0.4375,447,21.0,380
Regime shifts,Adaptive audit,20260997,0.66883203125,0.08125,0.425,412,25.0,403
Regime shifts,Adaptive audit,20260998,0.68196484375,0.10703125,0.4625,583,35.0,356
Regime shifts,Adaptive audit,20260999,0.6543085937500001,0.10234375,0.43125,530,31.0,417
Regime shifts,Adaptive audit,20261000,0.68588671875,0.0671875,0.475,340,21.0,364
Regime shifts,Adaptive audit,20261001,0.6646640625,0.08828125,0.48125,462,22.0,390
Regime shifts,Adaptive audit,20261002,0.663546875,0.10234375,0.43125,531,32.0,401
Regime shifts,Adaptive audit,20261003,0.67924609375,0.08828125,0.4125,448,29.0,386
Regime shifts,Adaptive audit,20261004,0.68097265625,0.0765625,0.45,366,29.0,377
Regime shifts,Adaptive audit,20261005,0.65265234375,0.08125,0.45,426,25.0,422
Regime shifts,Adaptive audit,20261006,0.6728476562500001,0.08125,0.41875,378,21.0,401
Regime shifts,Adaptive audit,20261007,0.6880234375000001,0.10703125,0.45,543,24.0,354
Regime shifts,Adaptive audit,20261008,0.6722421875,0.1140625,0.5125,544,34.0,360
Regime shifts,Adaptive audit,20261009,0.64579296875,0.090625,0.49375,440,27.0,419
Regime shifts,Adaptive audit,20261010,0.6901914062500001,0.08359375000000002,0.48125,441,21.0,348
Regime shifts,Adaptive audit,20261011,0.69568359375,0.11171875,0.4375,587,29.0,341
Regime shifts,Adaptive audit,20261012,0.69150390625,0.090625,0.4375,499,23.0,355
Regime shifts,Adaptive audit,20261013,0.66413671875,0.09765625,0.45,472,21.0,400
Regime shifts,Adaptive audit,20261014,0.65664453125,0.0953125,0.39375,498,23.0,428
Regime shifts,Adaptive audit,20261015,0.6579921875,0.08828125,0.4875,454,22.0,400
Regime shifts,Adaptive audit,20261016,0.68597265625,0.10703125,0.3875,561,21.0,376
Regime shifts,Adaptive audit,20261017,0.6654921875,0.0953125,0.45625,456,26.0,396
Regime shifts,Adaptive audit,20261018,0.68335546875,0.08828125,0.45,465,19.0,368
Regime shifts,Adaptive audit,20261019,0.6837851562500001,0.109375,0.48125,520,25.0,353
Regime shifts,Adaptive audit,20261020,0.6615390625,0.08359375,0.41875,475,20.0,414
Regime shifts,Adaptive audit,20261021,0.6548046875000001,0.09765625,0.46875,487,22.0,409
Regime shifts,Adaptive audit,20261022,0.64910546875,0.0953125,0.4875,514,23.0,411
Regime shifts,Adaptive audit,20261023,0.6515390625,0.090625,0.41875,476,20.0,431
Regime shifts,Adaptive audit,20261024,0.6637070312500001,0.07890625,0.5125,395,19.0,387
Regime shifts,Adaptive audit,20261025,0.66424609375,0.090625,0.44375,448,23.0,403
Regime shifts,Adaptive audit,20261026,0.6471015625,0.090625,0.4625,513,18.0,423
Regime shifts,Adaptive audit,20261027,0.6851171875000001,0.08125,0.4375,410,22.0,372
Regime shifts,Adaptive audit,20261028,0.68315234375,0.109375,0.44375,524,21.0,366
Regime shifts,Adaptive audit,20261029,0.6936093750000001,0.1140625,0.41875,564,22.0,353
Regime shifts,Adaptive audit,20261030,0.6713554687500001,0.109375,0.4125,560,29.0,392
Regime shifts,Adaptive audit,20261031,0.6756953125,0.0953125,0.43125,490,20.0,385
Regime shifts,Adaptive audit,20261032,0.64778125,0.090625,0.44375,442,26.0,431
Regime shifts,Adaptive audit,20261033,0.6908867187500001,0.08125,0.475,412,31.0,349
Regime shifts,Adaptive audit,20261034,0.68189453125,0.1140625,0.4375,605,25.0,364
Regime shifts,Adaptive audit,20261035,0.63644140625,0.10703125,0.3875,564,29.0,459
Regime shifts,Adaptive audit,20261036,0.6645195312500001,0.08828125,0.44375,446,21.0,403
Regime shifts,Adaptive audit,20261037,0.64173046875,0.109375,0.4,526,27.0,449
Regime shifts,Adaptive audit,20261038,0.6690273437500001,0.08359375000000001,0.45625,438,21.0,392
Regime shifts,Adaptive audit,20261039,0.67805859375,0.08359375,0.43125,442,27.0,383
Regime shifts,Adaptive audit,20261040,0.686296875,0.0953125,0.44375,476,20.0,364
Regime shifts,Adaptive audit,20261041,0.70391796875,0.090625,0.43125,475,25.0,337
Regime shifts,Adaptive audit,20261042,0.6638437500000001,0.109375,0.54375,565,30.0,364
Regime shifts,Adaptive audit,20261043,0.67894140625,0.1,0.48125,539,25.0,360
Regime shifts,Adaptive audit,20261044,0.6549609375000001,0.14453125,0.4375,737,20.0,402
Regime shifts,Adaptive audit,20261045,0.68061328125,0.0953125,0.475,505,27.0,361
Regime shifts,Adaptive audit,20261046,0.6252890625,0.10234375,0.35625,536,20.0,491
Regime shifts,Adaptive audit,20261047,0.6539765625,0.1,0.4,485,26.0,431
Regime shifts,Adaptive audit,20261048,0.68193359375,0.0953125,0.40625,458,21.0,384
Regime shifts,Adaptive audit,20261049,0.66625390625,0.09765625,0.425,473,27.0,403
Regime shifts,Adaptive audit,20261050,0.63975390625,0.0953125,0.35,497,25.0,470
Regime shifts,Adaptive audit,20261051,0.70089453125,0.1046875,0.48125,552,29.0,321
Regime shifts,Adaptive audit,20261052,0.66941015625,0.1,0.45,542,17.0,387
Regime shifts,Adaptive audit,20261053,0.6767109375,0.090625,0.525,462,22.0,356
Regime shifts,Adaptive audit,20261054,0.6606132812500001,0.08828125,0.475,442,23.0,400
Regime shifts,Adaptive audit,20261055,0.66604296875,0.090625,0.50625,469,25.0,379
Regime shifts,Adaptive audit,20261056,0.65471484375,0.09296875,0.4125,476,23.0,427
Regime shifts,Adaptive audit,20261057,0.65403515625,0.109375,0.43125,582,25.0,415
Regime shifts,Adaptive audit,20261058,0.66935546875,0.10234375,0.46875,532,29.0,380
Regime shifts,Adaptive audit,20261059,0.65734765625,0.10703125,0.4875,543,29.0,394
Regime shifts,Adaptive audit,20261060,0.68867578125,0.0953125,0.4875,501,25.0,344
Regime shifts,Adaptive audit,20261061,0.6833476562499999,0.10234375,0.44375,504,27.0,366
Regime shifts,Adaptive audit,20261062,0.65544921875,0.1046875,0.46875,568,31.0,401
Regime shifts,Adaptive audit,20261063,0.675484375,0.1140625,0.41875,553,32.0,383
Regime shifts,Adaptive audit,20261064,0.65485546875,0.07421875,0.4625,397,27.0,416
Regime shifts,Adaptive audit,20261065,0.66783984375,0.1046875,0.44375,511,27.0,392
Regime shifts,Adaptive audit,20261066,0.6564921874999999,0.0953125,0.44375,464,18.0,416
Regime shifts,Adaptive audit,20261067,0.66643359375,0.11875,0.475,633,25.0,377
Regime shifts,Adaptive audit,20261068,0.68815234375,0.090625,0.50625,463,23.0,342
Regime shifts,Adaptive audit,20261069,0.65553515625,0.090625,0.44375,446,23.0,418
Regime shifts,Adaptive audit,20261070,0.64530078125,0.0859375,0.4125,442,19.0,446
Regime shifts,Adaptive audit,20261071,0.68601171875,0.10234375,0.48125,548,27.0,347
Regime shifts,Adaptive audit,20261072,0.67630078125,0.0953125,0.43125,507,19.0,383
Regime shifts,Adaptive audit,20261073,0.6855859375000001,0.09296875,0.46875,494,22.0,356
Regime shifts,Adaptive audit,20261074,0.64130859375,0.1234375,0.4375,634,27.0,431
Regime shifts,Adaptive audit,20261075,0.68641796875,0.0765625,0.4625,374,19.0,365
Regime shifts,Adaptive audit,20261076,0.69084765625,0.1140625,0.475,593,25.0,338
Regime shifts,Adaptive audit,20261077,0.6989492187499999,0.10234375,0.45625,522,23.0,335
Regime shifts,Adaptive audit,20261078,0.69499609375,0.0859375,0.5125,429,21.0,331
Regime shifts,Adaptive audit,20261079,0.67237890625,0.07890625,0.48125,352,17.0,385
Regime shifts,Adaptive audit,20261080,0.68912890625,0.0765625,0.475,412,19.0,354
Regime shifts,Adaptive audit,20261081,0.6564765625,0.146875,0.4625,718,32.0,391
Regime shifts,Adaptive audit,20261082,0.6565234375,0.1046875,0.5,509,22.0,395
Regime shifts,Adaptive audit,20261083,0.6762109374999999,0.11640625,0.46875,549,24.0,368
Regime shifts,Adaptive audit,20261084,0.66830859375,0.08828125,0.475,415,27.0,388
Regime shifts,Adaptive audit,20261085,0.6556445312500001,0.09765625,0.40625,506,25.0,425
Regime shifts,Adaptive audit,20261086,0.63985546875,0.1140625,0.43125,615,19.0,438
Regime shifts,Adaptive audit,20261087,0.67794921875,0.109375,0.4375,571,25.0,373
Regime shifts,Adaptive audit,20261088,0.64693359375,0.09765625,0.375,478,27.0,451
Regime shifts,Adaptive audit,20261089,0.63498828125,0.10234375,0.44375,507,23.0,449
Regime shifts,Adaptive audit,20261090,0.6560625,0.10703125,0.475,536,20.0,402
Regime shifts,Adaptive audit,20261091,0.63701171875,0.09296875,0.40625,508,23.0,457
Regime shifts,Adaptive audit,20261092,0.68939453125,0.0859375,0.5,465,27.0,341
Regime shifts,Adaptive audit,20261093,0.66467578125,0.12578125,0.44375,627,19.0,391
Regime shifts,Adaptive audit,20261094,0.66494140625,0.12109375,0.4375,624,29.0,391
Regime shifts,Adaptive audit,20261095,0.66234765625,0.090625,0.45625,469,23.0,401
Regime shifts,Adaptive audit,20261096,0.67869140625,0.11640625,0.40625,591,25.0,380
Regime shifts,Adaptive audit,20261097,0.6700625,0.07421875,0.3625,401,24.0,421
Regime shifts,Adaptive audit,20261098,0.64559375,0.09296875,0.475,504,20.0,422
Regime shifts,Adaptive audit,20261099,0.6224414062499999,0.1046875,0.46875,553,27.0,459
Regime shifts,Adaptive audit,20261100,0.6782539062499999,0.13046875,0.525,660,29.0,339
Regime shifts,Adaptive audit,20261101,0.69025390625,0.09296875,0.5,413,27.0,343
Regime shifts,Adaptive audit,20261102,0.6855507812500001,0.1,0.45625,545,25.0,356
Regime shifts,Adaptive audit,20261103,0.6534765625000001,0.109375,0.40625,544,20.0,427
Regime shifts,Adaptive audit,20261104,0.67037109375,0.11640625,0.40625,609,25.0,393
Regime shifts,Adaptive audit,20261105,0.63605859375,0.11875,0.425,596,23.0,447
Regime shifts,Adaptive audit,20261106,0.67280078125,0.08359375,0.4125,413,19.0,401
Regime shifts,Adaptive audit,20261107,0.654,0.08125,0.41875,378,28.0,432
Regime shifts,Adaptive audit,20261108,0.6855820312500001,0.0859375,0.48125,454,27.0,354
Regime shifts,Adaptive audit,20261109,0.6702890625,0.11171875,0.41875,566,32.0,391
Regime shifts,Adaptive audit,20261110,0.6612773437499999,0.09765625,0.475,525,31.0,392
Regime shifts,Adaptive audit,20261111,0.70174609375,0.0859375,0.475,449,25.0,329
Regime shifts,Adaptive audit,20261112,0.6634257812500001,0.08828125,0.4125,453,21.0,414
Regime shifts,Adaptive audit,20261113,0.6665000000000001,0.09296875,0.3875,457,22.0,416
Regime shifts,Adaptive audit,20261114,0.63471484375,0.071875,0.35,381,21.0,487
Regime shifts,Adaptive audit,20261115,0.6966484375,0.1046875,0.44375,516,30.0,342
Regime shifts,Adaptive audit,20261116,0.66445703125,0.12109375,0.39375,628,23.0,406
Regime shifts,Adaptive audit,20261117,0.6571093749999999,0.1046875,0.46875,548,22.0,401
Regime shifts,Adaptive audit,20261118,0.67891015625,0.1,0.425,504,23.0,380
Regime shifts,Adaptive audit,20261119,0.68414453125,0.1046875,0.425,525,21.0,370
Regime shifts,Adaptive audit,20261120,0.6702773437499999,0.11875,0.45625,596,29.0,378
Regime shifts,Adaptive audit,20261121,0.65929296875,0.09062500000000001,0.48125,462,29.0,398
Regime shifts,Adaptive audit,20261122,0.68971484375,0.08828125,0.475,457,25.0,349
Regime shifts,Adaptive audit,20261123,0.66220703125,0.09062500000000001,0.4375,459,21.0,408
Regime shifts,Adaptive audit,20261124,0.6580117187500001,0.09765625,0.4875,456,27.0,399
Regime shifts,Adaptive audit,20261125,0.66870703125,0.13515625,0.45,655,21.0,380
Regime shifts,Adaptive audit,20261126,0.66879296875,0.11171875,0.3625,571,23.0,412
Regime shifts,Adaptive audit,20261127,0.66237109375,0.0671875,0.44375,336,15.0,415
Regime shifts,Adaptive audit,20261128,0.647328125,0.10703125,0.45625,596,24.0,418
Regime shifts,Adaptive audit,20261129,0.67537890625,0.1,0.4125,517,23.0,389
Regime shifts,Adaptive audit,20261130,0.67344140625,0.08828125,0.45625,455,23.0,383
Regime shifts,Adaptive audit,20261131,0.682140625,0.109375,0.49375,582,24.0,348
Regime shifts,Adaptive audit,20261132,0.66598828125,0.1046875,0.43125,536,23.0,398
Regime shifts,Adaptive audit,20261133,0.6505546875,0.10703125,0.475,547,30.0,409
Regime shifts,Adaptive audit,20261134,0.65218359375,0.08125,0.5125,440,23.0,403
Regime shifts,Adaptive audit,20261135,0.66200390625,0.09296875,0.43125,513,25.0,406
Regime shifts,Adaptive audit,20261136,0.66803515625,0.090625,0.44375,456,29.0,395
Regime shifts,Adaptive audit,20261137,0.65490234375,0.09765625,0.40625,495,19.0,428
Regime shifts,Adaptive audit,20261138,0.6618867187499999,0.1,0.43125,511,27.0,406
Regime shifts,Adaptive audit,20261139,0.67094921875,0.08828125,0.4625,445,23.0,386
Regime shifts,Adaptive audit,20261140,0.68849609375,0.08125,0.5,428,21.0,346
Regime shifts,Adaptive audit,20261141,0.65408203125,0.0953125,0.5,444,19.0,404
Regime shifts,Adaptive audit,20261142,0.70193359375,0.08125,0.5,414,27.0,323
Regime shifts,Adaptive audit,20261143,0.64226953125,0.09765625,0.425,492,19.0,444
Regime shifts,Adaptive audit,20261144,0.63228125,0.128125,0.3875,673,28.0,459
Regime shifts,Adaptive audit,20261145,0.7008007812500001,0.08359375,0.46875,452,21.0,333
Regime shifts,Adaptive audit,20261146,0.6941679687500001,0.07421875,0.475,373,25.0,347
Regime shifts,Adaptive audit,20261147,0.65806640625,0.0953125,0.40625,484,33.0,421
Regime shifts,Adaptive audit,20261148,0.68129296875,0.13984375,0.45625,734,23.0,351
Regime shifts,Adaptive audit,20261149,0.642875,0.12578125,0.4875,616,22.0,415
Regime shifts,Adaptive audit,20261150,0.6630429687499999,0.08828125,0.45,455,21.0,403
Regime shifts,Adaptive audit,20261151,0.6819648437500001,0.09765625,0.43125,482,25.0,374
Regime shifts,Adaptive audit,20261152,0.68601171875,0.0671875,0.45,337,19.0,372
Regime shifts,Adaptive audit,20261153,0.67869140625,0.1,0.4375,497,23.0,377
Regime shifts,Adaptive audit,20261154,0.65772265625,0.06484375,0.44375,330,23.0,422
Regime shifts,Adaptive audit,20261155,0.63196875,0.1421875,0.45,718,24.0,438
Regime shifts,Adaptive audit,20261156,0.66223046875,0.0953125,0.4875,503,25.0,389
Regime shifts,Adaptive audit,20261157,0.615140625,0.12109375,0.425,654,28.0,478
Regime shifts,Adaptive audit,20261158,0.68583203125,0.09296875,0.49375,480,21.0,349
Regime shifts,Adaptive audit,20261159,0.67242578125,0.1046875,0.4875,542,25.0,369
Regime shifts,Adaptive audit,20261160,0.6541289062500001,0.11640625,0.44375,597,31.0,409
Regime shifts,Adaptive audit,20261161,0.66369140625,0.09296875,0.5,483,25.0,384
Regime shifts,Adaptive audit,20261162,0.64969140625,0.1,0.45625,483,21.0,422
Regime shifts,Adaptive audit,20261163,0.6501953125,0.0859375,0.46875,455,28.0,418
Regime shifts,Adaptive audit,20261164,0.67450390625,0.13046875,0.3375,665,21.0,404
Regime shifts,Adaptive audit,20261165,0.6575390624999999,0.1328125,0.375,684,28.0,419
Regime shifts,Adaptive audit,20261166,0.6949570312500001,0.11171875,0.48125,594,25.0,329
Regime shifts,Adaptive audit,20261167,0.6590351562500001,0.090625,0.49375,476,21.0,395
Regime shifts,Adaptive audit,20261168,0.68076171875,0.109375,0.46875,595,25.0,357
Regime shifts,Adaptive audit,20261169,0.66349609375,0.11640625,0.4375,606,21.0,396
Regime shifts,Adaptive audit,20261170,0.67113671875,0.08125,0.51875,441,27.0,368
Regime shifts,Adaptive audit,20261171,0.68094921875,0.10234375,0.49375,540,23.0,353
Regime shifts,Adaptive audit,20261172,0.6824921875000001,0.1,0.4,490,20.0,383
Regime shifts,Adaptive audit,20261173,0.6719101562500001,0.1234375,0.48125,619,23.0,367
Regime shifts,Adaptive audit,20261174,0.6820195312499999,0.09765625,0.5375,486,25.0,341
Regime shifts,Adaptive audit,20261175,0.67799609375,0.109375,0.475,562,25.0,362
Regime shifts,Adaptive audit,20261176,0.66141796875,0.109375,0.4625,569,23.0,394
Regime shifts,Adaptive audit,20261177,0.6170859375,0.14921875,0.29375,779,20.0,508
Regime shifts,Adaptive audit,20261178,0.6608515625000001,0.11640625,0.43125,600,20.0,403
Regime shifts,Adaptive audit,20261179,0.67994921875,0.08828125,0.4125,470,25.0,384
Regime shifts,Adaptive audit,20261180,0.6903945312500002,0.0765625,0.425,385,19.0,369
Regime shifts,Adaptive audit,20261181,0.63575390625,0.08125,0.36875,413,17.0,478
Regime shifts,Adaptive audit,20261182,0.69449609375,0.07421875,0.39375,364,25.0,372
Regime shifts,Adaptive audit,20261183,0.65008203125,0.09296875,0.45625,458,21.0,423
Regime shifts,Adaptive audit,20261184,0.68377734375,0.08828125,0.44375,453,25.0,369
Regime shifts,Adaptive audit,20261185,0.64301953125,0.1,0.4,533,23.0,447
Regime shifts,Adaptive audit,20261186,0.644265625,0.08359375,0.4125,411,18.0,450
Regime shifts,Adaptive audit,20261187,0.6556289062500001,0.12109375,0.425,595,33.0,412
Regime shifts,Adaptive audit,20261188,0.6768007812500001,0.08125,0.45625,404,21.0,381
Regime shifts,Adaptive audit,20261189,0.6639804687499999,0.09765625,0.35625,498,23.0,427
Regime shifts,Adaptive audit,20261190,0.6958945312499999,0.0953125,0.48125,475,21.0,336
Regime shifts,Adaptive audit,20261191,0.6617070312500001,0.090625,0.44375,453,23.0,407
Regime shifts,Adaptive audit,20261192,0.69172265625,0.10234375,0.4875,508,27.0,338
Regime shifts,Adaptive audit,20261193,0.6763945312499999,0.08828125,0.44375,472,27.0,380
Regime shifts,Adaptive audit,20261194,0.67998828125,0.07890625,0.475,391,25.0,370
Regime shifts,Adaptive audit,20261195,0.65928515625,0.1,0.44375,505,27.0,407
Regime shifts,Adaptive audit,20261196,0.67646484375,0.0765625,0.5,401,23.0,368
Regime shifts,Adaptive audit,20261197,0.67090625,0.11875,0.475,591,26.0,372
Regime shifts,Adaptive audit,20261198,0.6799843750000001,0.08125,0.4875,406,20.0,366
Regime shifts,Adaptive audit,20261199,0.66767578125,0.11640625,0.5,596,23.0,370
Regime shifts,Adaptive audit,20261200,0.65159765625,0.1140625,0.3875,581,29.0,432
Regime shifts,Adaptive audit,20261201,0.6545078125,0.11640625,0.45,581,28.0,408
Regime shifts,Adaptive audit,20261202,0.6654726562500001,0.09296875,0.425,508,21.0,403
Regime shifts,Adaptive audit,20261203,0.66356640625,0.08828125,0.4625,424,29.0,399
Regime shifts,Adaptive audit,20261204,0.68514453125,0.10234375,0.44375,513,23.0,363
Regime shifts,Adaptive audit,20261205,0.67861328125,0.08359375,0.40625,423,21.0,392
Regime shifts,Adaptive audit,20261206,0.67803515625,0.08125,0.44375,410,29.0,381
Regime shifts,Adaptive audit,20261207,0.6633046875,0.1234375,0.51875,639,28.0,368
Regime shifts,Adaptive audit,20261208,0.65825390625,0.08828125,0.4,428,23.0,428
Regime shifts,Adaptive audit,20261209,0.647453125,0.09296875,0.4625,489,24.0,423
Regime shifts,Adaptive audit,20261210,0.63258203125,0.109375,0.45625,556,29.0,445
Regime shifts,Adaptive audit,20261211,0.6865429687500001,0.07421875,0.46875,397,21.0,361
Regime shifts,Adaptive audit,20261212,0.65434765625,0.0625,0.43125,329,15.0,433
Regime shifts,Adaptive audit,20261213,0.67424609375,0.1,0.50625,504,35.0,361
Regime shifts,Adaptive audit,20261214,0.65425390625,0.0953125,0.41875,484,25.0,425
Regime shifts,Adaptive audit,20261215,0.6818476562500001,0.08125000000000002,0.4625,421,29.0,368
Regime shifts,Adaptive audit,20261216,0.6571953125000001,0.1234375,0.38125,624,26.0,422
Regime shifts,Adaptive audit,20261217,0.67866015625,0.08359375,0.475,425,25.0,370
Regime shifts,Adaptive audit,20261218,0.67525390625,0.1,0.5,502,25.0,363
Regime shifts,Adaptive audit,20261219,0.68968359375,0.09296875,0.41875,497,23.0,364
Regime shifts,Adaptive audit,20261220,0.6510117187500001,0.09296875,0.41875,457,21.0,433
Regime shifts,Adaptive audit,20261221,0.68037109375,0.1046875,0.40625,543,21.0,381
Regime shifts,Adaptive audit,20261222,0.65610546875,0.1234375,0.43125,684,23.0,405
Regime shifts,Adaptive audit,20261223,0.6732304687500001,0.08828125,0.44375,453,25.0,387
Regime shifts,Adaptive audit,20261224,0.6589882812500001,0.1,0.39375,508,25.0,423
Regime shifts,Adaptive audit,20261225,0.66880078125,0.11171875,0.4625,565,15.0,383
Regime shifts,Adaptive audit,20261226,0.6762382812500001,0.109375,0.44375,571,25.0,374
Regime shifts,Adaptive audit,20261227,0.65832421875,0.08828125,0.39375,435,19.0,430
Regime shifts,Adaptive audit,20261228,0.6388203125,0.109375,0.43125,544,28.0,443
Regime shifts,Adaptive audit,20261229,0.67967578125,0.07890625,0.475,379,27.0,371
Regime shifts,Adaptive audit,20261230,0.6955820312500001,0.0859375,0.41875,456,27.0,356
Regime shifts,Adaptive audit,20261231,0.66332421875,0.0671875,0.425,353,15.0,418
Regime shifts,Adaptive audit,20261232,0.6455390624999999,0.09296875,0.43125,497,26.0,435
Regime shifts,Adaptive audit,20261233,0.66919921875,0.1046875,0.4375,535,21.0,391
Regime shifts,Adaptive audit,20261234,0.6728164062499999,0.09765625,0.45625,491,21.0,382
Regime shifts,Adaptive audit,20261235,0.63133203125,0.09296875,0.3625,520,25.0,479
Regime shifts,Adaptive audit,20261236,0.67943359375,0.10234375,0.4375,533,25.0,373
Regime shifts,Adaptive audit,20261237,0.67825,0.10234375,0.4125,526,20.0,384
Regime shifts,Adaptive audit,20261238,0.68663671875,0.09765625,0.45,521,17.0,359
Regime shifts,Adaptive audit,20261239,0.6787695312500001,0.08359375,0.4375,430,25.0,381
Regime shifts,Adaptive audit,20261240,0.67500390625,0.07421875,0.425,359,19.0,397
Regime shifts,Adaptive audit,20261241,0.6674296875,0.1140625,0.38125,567,28.0,408
Regime shifts,Adaptive audit,20261242,0.6800312500000001,0.1046875,0.43125,529,20.0,375
Regime shifts,Adaptive audit,20261243,0.67378515625,0.08828125,0.48125,481,23.0,373
Regime shifts,Adaptive audit,20261244,0.66537890625,0.07890625,0.50625,406,21.0,385
Regime shifts,Adaptive audit,20261245,0.66592578125,0.1046875,0.4125,544,25.0,403
Regime shifts,Adaptive audit,20261246,0.68372265625,0.0953125,0.49375,459,33.0,352
Regime shifts,Adaptive audit,20261247,0.68861328125,0.09765625,0.46875,494,21.0,351
Regime shifts,Adaptive audit,20261248,0.6905820312500001,0.12109375,0.45,610,25.0,345
Regime shifts,Adaptive audit,20261249,0.6748515625,0.0953125,0.475,455,22.0,375
Regime shifts,Adaptive audit,20261250,0.67919140625,0.08125000000000002,0.4625,419,27.0,373
Regime shifts,Adaptive audit,20261251,0.65086328125,0.12109375,0.39375,631,23.0,429
Regime shifts,Adaptive audit,20261252,0.66199609375,0.1,0.4875,519,21.0,389
Regime shifts,Adaptive audit,20261253,0.6595117187499999,0.10703125,0.53125,526,29.0,378
Regime shifts,Adaptive audit,20261254,0.6793125000000001,0.1046875,0.45,526,24.0,370
Regime shifts,Adaptive audit,20261255,0.69176953125,0.10234375,0.49375,523,27.0,335
Regime shifts,Adaptive audit,20261256,0.64,0.11875,0.40625,609,24.0,445
Regime shifts,Adaptive audit,20261257,0.66069921875,0.09765625,0.3875,538,19.0,421
Regime shifts,Adaptive audit,20261258,0.68140625,0.09296875,0.4375,495,20.0,373
Regime shifts,Adaptive audit,20261259,0.6664023437500001,0.09296875,0.41875,443,19.0,408
Regime shifts,Adaptive audit,20261260,0.67663671875,0.090625,0.48125,453,29.0,369
Regime shifts,Adaptive audit,20261261,0.69251953125,0.08359375,0.5,415,21.0,340
Regime shifts,Adaptive audit,20261262,0.6769960937499999,0.1234375,0.45625,624,21.0,366
Regime shifts,Adaptive audit,20261263,0.6673867187500001,0.08125,0.4875,436,23.0,385
Regime shifts,Adaptive audit,20261264,0.66701171875,0.08828125,0.46875,452,31.0,389
Regime shifts,Adaptive audit,20261265,0.6586875000000001,0.1046875,0.45,534,34.0,403
Regime shifts,Adaptive audit,20261266,0.68427734375,0.09296875,0.4375,474,29.0,368
Regime shifts,Adaptive audit,20261267,0.67526953125,0.1046875,0.41875,556,15.0,386
Regime shifts,Adaptive audit,20261268,0.68498828125,0.08828125,0.38125,465,15.0,387
Regime shifts,Adaptive audit,20261269,0.6674960937500001,0.12109375,0.45,611,27.0,384
Regime shifts,Adaptive audit,20261270,0.68811328125,0.10703125,0.475,543,37.0,344
Regime shifts,Adaptive audit,20261271,0.6628437500000001,0.0953125,0.43125,504,26.0,405
Regime shifts,Adaptive audit,20261272,0.6855703125,0.1046875,0.425,531,22.0,367
Regime shifts,Adaptive audit,20261273,0.62981640625,0.06953125,0.30625,338,19.0,512
Regime shifts,Adaptive audit,20261274,0.6924648437500001,0.06953125,0.4875,404,19.0,345
Regime shifts,Adaptive audit,20261275,0.63586328125,0.13515625,0.425,711,27.0,439
Regime shifts,Adaptive audit,20261276,0.71036328125,0.09296875,0.4625,476,21.0,317
Regime shifts,Adaptive audit,20261277,0.6475429687500001,0.12109375,0.425,582,25.0,428
Regime shifts,Adaptive audit,20261278,0.6805859375,0.1328125,0.46875,647,24.0,354
Regime shifts,Adaptive audit,20261279,0.65264453125,0.08125,0.44375,415,23.0,425
Regime shifts,Adaptive audit,20261280,0.66679296875,0.090625,0.48125,470,21.0,386
Regime shifts,Adaptive audit,20261281,0.67887109375,0.0953125,0.4875,472,23.0,363
Regime shifts,Adaptive audit,20261282,0.675796875,0.1,0.41875,480,22.0,389
Regime shifts,Adaptive audit,20261283,0.6594492187500001,0.08125,0.48125,438,25.0,400
Regime shifts,Adaptive audit,20261284,0.67877734375,0.09296875,0.44375,471,27.0,376
Regime shifts,Adaptive audit,20261285,0.6835898437500001,0.12109375,0.48125,595,27.0,348
Regime shifts,Adaptive audit,20261286,0.67565234375,0.1140625,0.44375,581,27.0,374
Regime shifts,Adaptive audit,20261287,0.661625,0.10234375,0.51875,527,30.0,378
Regime shifts,Adaptive audit,20261288,0.6860898437499999,0.0953125,0.5125,527,31.0,338
Regime shifts,Adaptive audit,20261289,0.66970703125,0.12109375,0.4375,627,33.0,382
Regime shifts,Adaptive audit,20261290,0.676171875,0.08828125,0.4375,454,24.0,384
Regime shifts,Adaptive audit,20261291,0.69487109375,0.090625,0.50625,466,25.0,330
Regime shifts,Adaptive audit,20261292,0.6710585937500001,0.090625,0.425,495,35.0,392
Regime shifts,Adaptive audit,20261293,0.6765351562499999,0.09296875,0.49375,478,21.0,365
Regime shifts,Adaptive audit,20261294,0.6764609375000001,0.09296875,0.48125,430,22.0,372
Regime shifts,Adaptive audit,20261295,0.72026171875,0.090625,0.44375,464,19.0,307
Regime shifts,Adaptive audit,20261296,0.6336445312500001,0.12109375,0.4,638,17.0,457
Regime shifts,Adaptive audit,20261297,0.67282421875,0.09765625,0.4625,532,29.0,376
Regime shifts,Adaptive audit,20261298,0.6541953125000001,0.1140625,0.35625,571,22.0,439
Regime shifts,Adaptive audit,20261299,0.662484375,0.10703125,0.45625,548,26.0,395
Regime shifts,Adaptive audit,20261300,0.6953750000000001,0.10234375,0.51875,503,30.0,322
Regime shifts,Adaptive audit,20261301,0.6631562499999999,0.12578125,0.4,630,24.0,406
Regime shifts,Adaptive audit,20261302,0.67040234375,0.12109375,0.4625,614,27.0,375
Regime shifts,Adaptive audit,20261303,0.68163671875,0.1,0.48125,520,23.0,357
Regime shifts,Adaptive audit,20261304,0.67988671875,0.090625,0.4875,476,23.0,361
Regime shifts,Adaptive audit,20261305,0.69115625,0.1,0.45625,544,28.0,346
Regime shifts,Adaptive audit,20261306,0.67901171875,0.090625,0.475,446,19.0,369
Regime shifts,Adaptive audit,20261307,0.6560625,0.09296875,0.4125,454,30.0,425
Regime shifts,Adaptive audit,20261308,0.63838671875,0.1234375,0.475,616,37.0,424
Regime shifts,Adaptive audit,20261309,0.67585546875,0.1046875,0.48125,533,17.0,367
Regime shifts,Adaptive audit,20261310,0.6961210937500001,0.090625,0.4125,466,29.0,356
Regime shifts,Adaptive audit,20261311,0.6748828124999999,0.1046875,0.4375,552,28.0,379
Regime shifts,Adaptive audit,20261312,0.62351171875,0.071875,0.35625,369,21.0,505
Regime shifts,Adaptive audit,20261313,0.6764257812500001,0.1046875,0.4375,550,25.0,377
Regime shifts,Adaptive audit,20261314,0.67186328125,0.12109375,0.475,609,27.0,369
Regime shifts,Adaptive audit,20261315,0.67158984375,0.11171875,0.50625,552,31.0,363
Regime shifts,Adaptive audit,20261316,0.6908632812500001,0.08359375,0.425,418,25.0,365
Regime shifts,Adaptive audit,20261317,0.6431953125,0.10234375,0.49375,529,30.0,417
Regime shifts,Adaptive audit,20261318,0.681625,0.1,0.39375,491,22.0,386
Regime shifts,Adaptive audit,20261319,0.6782421875000001,0.109375,0.46875,567,20.0,364
Regime shifts,Adaptive audit,20261320,0.6724921875000001,0.11640625,0.36875,600,22.0,402
Regime shifts,Adaptive audit,20261321,0.66648828125,0.06953125,0.4875,354,17.0,393
Regime shifts,Adaptive audit,20261322,0.6533398437500001,0.08125,0.46875,412,25.0,416
Regime shifts,Adaptive audit,20261323,0.6502460937500001,0.09296875,0.4625,445,25.0,421
Regime shifts,Adaptive audit,20261324,0.67655859375,0.1,0.48125,535,27.0,364
Regime shifts,Adaptive audit,20261325,0.7082539062500001,0.11171875,0.4625,570,29.0,313
Regime shifts,Adaptive audit,20261326,0.6749296875,0.1140625,0.44375,577,24.0,376
Regime shifts,Adaptive audit,20261327,0.6637109375,0.12109375,0.375,591,26.0,415
Regime shifts,No audit,20260928,0.558203125,0.0,0.0,0,0.0,754
Regime shifts,No audit,20260929,0.56875,0.0,0.0,0,0.0,736
Regime shifts,No audit,20260930,0.5599609375,0.0,0.0,0,0.0,751
Regime shifts,No audit,20260931,0.5529296875,0.0,0.0,0,0.0,763
Regime shifts,No audit,20260932,0.5705078125,0.0,0.0,0,0.0,733
Regime shifts,No audit,20260933,0.567578125,0.0,0.0,0,0.0,738
Regime shifts,No audit,20260934,0.55,0.0,0.0,0,0.0,768
Regime shifts,No audit,20260935,0.5646484375,0.0,0.0,0,0.0,743
Regime shifts,No audit,20260936,0.5494140625,0.0,0.0,0,0.0,769
Regime shifts,No audit,20260937,0.55703125,0.0,0.0,0,0.0,756
Regime shifts,No audit,20260938,0.5681640625,0.0,0.0,0,0.0,737
Regime shifts,No audit,20260939,0.559375,0.0,0.0,0,0.0,752
Regime shifts,No audit,20260940,0.5541015625,0.0,0.0,0,0.0,761
Regime shifts,No audit,20260941,0.607421875,0.0,0.0,0,0.0,670
Regime shifts,No audit,20260942,0.56875,0.0,0.0,0,0.0,736
Regime shifts,No audit,20260943,0.5646484375,0.0,0.0,0,0.0,743
Regime shifts,No audit,20260944,0.54765625,0.0,0.0,0,0.0,772
Regime shifts,No audit,20260945,0.5587890625,0.0,0.0,0,0.0,753
Regime shifts,No audit,20260946,0.5775390625,0.0,0.0,0,0.0,721
Regime shifts,No audit,20260947,0.5763671875,0.0,0.0,0,0.0,723
Regime shifts,No audit,20260948,0.56171875,0.0,0.0,0,0.0,748
Regime shifts,No audit,20260949,0.5875,0.0,0.0,0,0.0,704
Regime shifts,No audit,20260950,0.5646484375,0.0,0.0,0,0.0,743
Regime shifts,No audit,20260951,0.5546875,0.0,0.0,0,0.0,760
Regime shifts,No audit,20260952,0.5447265625,0.0,0.0,0,0.0,777
Regime shifts,No audit,20260953,0.559375,0.0,0.0,0,0.0,752
Regime shifts,No audit,20260954,0.5787109375,0.0,0.0,0,0.0,719
Regime shifts,No audit,20260955,0.5552734375,0.0,0.0,0,0.0,759
Regime shifts,No audit,20260956,0.56875,0.0,0.0,0,0.0,736
Regime shifts,No audit,20260957,0.5822265625,0.0,0.0,0,0.0,713
Regime shifts,No audit,20260958,0.588671875,0.0,0.0,0,0.0,702
Regime shifts,No audit,20260959,0.532421875,0.0,0.0,0,0.0,798
Regime shifts,No audit,20260960,0.5646484375,0.0,0.0,0,0.0,743
Regime shifts,No audit,20260961,0.5634765625,0.0,0.0,0,0.0,745
Regime shifts,No audit,20260962,0.567578125,0.0,0.0,0,0.0,738
Regime shifts,No audit,20260963,0.5734375,0.0,0.0,0,0.0,728
Regime shifts,No audit,20260964,0.574609375,0.0,0.0,0,0.0,726
Regime shifts,No audit,20260965,0.5634765625,0.0,0.0,0,0.0,745
Regime shifts,No audit,20260966,0.54765625,0.0,0.0,0,0.0,772
Regime shifts,No audit,20260967,0.5775390625,0.0,0.0,0,0.0,721
Regime shifts,No audit,20260968,0.55703125,0.0,0.0,0,0.0,756
Regime shifts,No audit,20260969,0.5552734375,0.0,0.0,0,0.0,759
Regime shifts,No audit,20260970,0.5775390625,0.0,0.0,0,0.0,721
Regime shifts,No audit,20260971,0.5482421875,0.0,0.0,0,0.0,771
Regime shifts,No audit,20260972,0.5564453125,0.0,0.0,0,0.0,757
Regime shifts,No audit,20260973,0.5740234375,0.0,0.0,0,0.0,727
Regime shifts,No audit,20260974,0.56640625,0.0,0.0,0,0.0,740
Regime shifts,No audit,20260975,0.5330078125,0.0,0.0,0,0.0,797
Regime shifts,No audit,20260976,0.5447265625,0.0,0.0,0,0.0,777
Regime shifts,No audit,20260977,0.5576171875,0.0,0.0,0,0.0,755
Regime shifts,No audit,20260978,0.559375,0.0,0.0,0,0.0,752
Regime shifts,No audit,20260979,0.5845703125,0.0,0.0,0,0.0,709
Regime shifts,No audit,20260980,0.5845703125,0.0,0.0,0,0.0,709
Regime shifts,No audit,20260981,0.562890625,0.0,0.0,0,0.0,746
Regime shifts,No audit,20260982,0.551171875,0.0,0.0,0,0.0,766
Regime shifts,No audit,20260983,0.5716796875,0.0,0.0,0,0.0,731
Regime shifts,No audit,20260984,0.540625,0.0,0.0,0,0.0,784
Regime shifts,No audit,20260985,0.5306640625,0.0,0.0,0,0.0,801
Regime shifts,No audit,20260986,0.5505859375,0.0,0.0,0,0.0,767
Regime shifts,No audit,20260987,0.5494140625,0.0,0.0,0,0.0,769
Regime shifts,No audit,20260988,0.5599609375,0.0,0.0,0,0.0,751
Regime shifts,No audit,20260989,0.5611328125,0.0,0.0,0,0.0,749
Regime shifts,No audit,20260990,0.5669921875,0.0,0.0,0,0.0,739
Regime shifts,No audit,20260991,0.569921875,0.0,0.0,0,0.0,734
Regime shifts,No audit,20260992,0.548828125,0.0,0.0,0,0.0,770
Regime shifts,No audit,20260993,0.5857421875,0.0,0.0,0,0.0,707
Regime shifts,No audit,20260994,0.56875,0.0,0.0,0,0.0,736
Regime shifts,No audit,20260995,0.5921875,0.0,0.0,0,0.0,696
Regime shifts,No audit,20260996,0.5552734375,0.0,0.0,0,0.0,759
Regime shifts,No audit,20260997,0.5611328125,0.0,0.0,0,0.0,749
Regime shifts,No audit,20260998,0.5640625,0.0,0.0,0,0.0,744
Regime shifts,No audit,20260999,0.5611328125,0.0,0.0,0,0.0,749
Regime shifts,No audit,20261000,0.5658203125,0.0,0.0,0,0.0,741
Regime shifts,No audit,20261001,0.58046875,0.0,0.0,0,0.0,716
Regime shifts,No audit,20261002,0.5845703125,0.0,0.0,0,0.0,709
Regime shifts,No audit,20261003,0.56171875,0.0,0.0,0,0.0,748
Regime shifts,No audit,20261004,0.5505859375,0.0,0.0,0,0.0,767
Regime shifts,No audit,20261005,0.5658203125,0.0,0.0,0,0.0,741
Regime shifts,No audit,20261006,0.56171875,0.0,0.0,0,0.0,748
Regime shifts,No audit,20261007,0.5869140625,0.0,0.0,0,0.0,705
Regime shifts,No audit,20261008,0.569921875,0.0,0.0,0,0.0,734
Regime shifts,No audit,20261009,0.5353515625,0.0,0.0,0,0.0,793
Regime shifts,No audit,20261010,0.5435546875,0.0,0.0,0,0.0,779
Regime shifts,No audit,20261011,0.5728515625,0.0,0.0,0,0.0,729
Regime shifts,No audit,20261012,0.5587890625,0.0,0.0,0,0.0,753
Regime shifts,No audit,20261013,0.56875,0.0,0.0,0,0.0,736
Regime shifts,No audit,20261014,0.5658203125,0.0,0.0,0,0.0,741
Regime shifts,No audit,20261015,0.55703125,0.0,0.0,0,0.0,756
Regime shifts,No audit,20261016,0.5880859375,0.0,0.0,0,0.0,703
Regime shifts,No audit,20261017,0.5751953125,0.0,0.0,0,0.0,725
Regime shifts,No audit,20261018,0.56875,0.0,0.0,0,0.0,736
Regime shifts,No audit,20261019,0.5412109375,0.0,0.0,0,0.0,783
Regime shifts,No audit,20261020,0.5599609375,0.0,0.0,0,0.0,751
Regime shifts,No audit,20261021,0.54296875,0.0,0.0,0,0.0,780
Regime shifts,No audit,20261022,0.5634765625,0.0,0.0,0,0.0,745
Regime shifts,No audit,20261023,0.55,0.0,0.0,0,0.0,768
Regime shifts,No audit,20261024,0.558203125,0.0,0.0,0,0.0,754
Regime shifts,No audit,20261025,0.5494140625,0.0,0.0,0,0.0,769
Regime shifts,No audit,20261026,0.572265625,0.0,0.0,0,0.0,730
Regime shifts,No audit,20261027,0.534765625,0.0,0.0,0,0.0,794
Regime shifts,No audit,20261028,0.5623046875,0.0,0.0,0,0.0,747
Regime shifts,No audit,20261029,0.56875,0.0,0.0,0,0.0,736
Regime shifts,No audit,20261030,0.5716796875,0.0,0.0,0,0.0,731
Regime shifts,No audit,20261031,0.5751953125,0.0,0.0,0,0.0,725
Regime shifts,No audit,20261032,0.5541015625,0.0,0.0,0,0.0,761
Regime shifts,No audit,20261033,0.5529296875,0.0,0.0,0,0.0,763
Regime shifts,No audit,20261034,0.5646484375,0.0,0.0,0,0.0,743
Regime shifts,No audit,20261035,0.540625,0.0,0.0,0,0.0,784
Regime shifts,No audit,20261036,0.5693359375,0.0,0.0,0,0.0,735
Regime shifts,No audit,20261037,0.559375,0.0,0.0,0,0.0,752
Regime shifts,No audit,20261038,0.54765625,0.0,0.0,0,0.0,772
Regime shifts,No audit,20261039,0.5546875,0.0,0.0,0,0.0,760
Regime shifts,No audit,20261040,0.546484375,0.0,0.0,0,0.0,774
Regime shifts,No audit,20261041,0.5775390625,0.0,0.0,0,0.0,721
Regime shifts,No audit,20261042,0.5734375,0.0,0.0,0,0.0,728
Regime shifts,No audit,20261043,0.5705078125,0.0,0.0,0,0.0,733
Regime shifts,No audit,20261044,0.5541015625,0.0,0.0,0,0.0,761
Regime shifts,No audit,20261045,0.5734375,0.0,0.0,0,0.0,728
Regime shifts,No audit,20261046,0.5552734375,0.0,0.0,0,0.0,759
Regime shifts,No audit,20261047,0.5798828125,0.0,0.0,0,0.0,717
Regime shifts,No audit,20261048,0.5576171875,0.0,0.0,0,0.0,755
Regime shifts,No audit,20261049,0.55703125,0.0,0.0,0,0.0,756
Regime shifts,No audit,20261050,0.541796875,0.0,0.0,0,0.0,782
Regime shifts,No audit,20261051,0.578125,0.0,0.0,0,0.0,720
Regime shifts,No audit,20261052,0.5576171875,0.0,0.0,0,0.0,755
Regime shifts,No audit,20261053,0.560546875,0.0,0.0,0,0.0,750
Regime shifts,No audit,20261054,0.5166015625,0.0,0.0,0,0.0,825
Regime shifts,No audit,20261055,0.5658203125,0.0,0.0,0,0.0,741
Regime shifts,No audit,20261056,0.579296875,0.0,0.0,0,0.0,718
Regime shifts,No audit,20261057,0.553515625,0.0,0.0,0,0.0,762
Regime shifts,No audit,20261058,0.586328125,0.0,0.0,0,0.0,706
Regime shifts,No audit,20261059,0.5423828125,0.0,0.0,0,0.0,781
Regime shifts,No audit,20261060,0.572265625,0.0,0.0,0,0.0,730
Regime shifts,No audit,20261061,0.5552734375,0.0,0.0,0,0.0,759
Regime shifts,No audit,20261062,0.5494140625,0.0,0.0,0,0.0,769
Regime shifts,No audit,20261063,0.55703125,0.0,0.0,0,0.0,756
Regime shifts,No audit,20261064,0.5447265625,0.0,0.0,0,0.0,777
Regime shifts,No audit,20261065,0.553515625,0.0,0.0,0,0.0,762
Regime shifts,No audit,20261066,0.5400390625,0.0,0.0,0,0.0,785
Regime shifts,No audit,20261067,0.567578125,0.0,0.0,0,0.0,738
Regime shifts,No audit,20261068,0.572265625,0.0,0.0,0,0.0,730
Regime shifts,No audit,20261069,0.55,0.0,0.0,0,0.0,768
Regime shifts,No audit,20261070,0.541796875,0.0,0.0,0,0.0,782
Regime shifts,No audit,20261071,0.5259765625,0.0,0.0,0,0.0,809
Regime shifts,No audit,20261072,0.583984375,0.0,0.0,0,0.0,710
Regime shifts,No audit,20261073,0.5962890625,0.0,0.0,0,0.0,689
Regime shifts,No audit,20261074,0.5541015625,0.0,0.0,0,0.0,761
Regime shifts,No audit,20261075,0.5751953125,0.0,0.0,0,0.0,725
Regime shifts,No audit,20261076,0.5875,0.0,0.0,0,0.0,704
Regime shifts,No audit,20261077,0.5546875,0.0,0.0,0,0.0,760
Regime shifts,No audit,20261078,0.58515625,0.0,0.0,0,0.0,708
Regime shifts,No audit,20261079,0.53359375,0.0,0.0,0,0.0,796
Regime shifts,No audit,20261080,0.559375,0.0,0.0,0,0.0,752
Regime shifts,No audit,20261081,0.5564453125,0.0,0.0,0,0.0,757
Regime shifts,No audit,20261082,0.5447265625,0.0,0.0,0,0.0,777
Regime shifts,No audit,20261083,0.5576171875,0.0,0.0,0,0.0,755
Regime shifts,No audit,20261084,0.546484375,0.0,0.0,0,0.0,774
Regime shifts,No audit,20261085,0.5623046875,0.0,0.0,0,0.0,747
Regime shifts,No audit,20261086,0.57109375,0.0,0.0,0,0.0,732
Regime shifts,No audit,20261087,0.591015625,0.0,0.0,0,0.0,698
Regime shifts,No audit,20261088,0.5248046875,0.0,0.0,0,0.0,811
Regime shifts,No audit,20261089,0.5447265625,0.0,0.0,0,0.0,777
Regime shifts,No audit,20261090,0.544140625,0.0,0.0,0,0.0,778
Regime shifts,No audit,20261091,0.5423828125,0.0,0.0,0,0.0,781
Regime shifts,No audit,20261092,0.5734375,0.0,0.0,0,0.0,728
Regime shifts,No audit,20261093,0.569921875,0.0,0.0,0,0.0,734
Regime shifts,No audit,20261094,0.569921875,0.0,0.0,0,0.0,734
Regime shifts,No audit,20261095,0.5681640625,0.0,0.0,0,0.0,737
Regime shifts,No audit,20261096,0.57578125,0.0,0.0,0,0.0,724
Regime shifts,No audit,20261097,0.558203125,0.0,0.0,0,0.0,754
Regime shifts,No audit,20261098,0.5681640625,0.0,0.0,0,0.0,737
Regime shifts,No audit,20261099,0.5669921875,0.0,0.0,0,0.0,739
Regime shifts,No audit,20261100,0.56875,0.0,0.0,0,0.0,736
Regime shifts,No audit,20261101,0.5921875,0.0,0.0,0,0.0,696
Regime shifts,No audit,20261102,0.5833984375,0.0,0.0,0,0.0,711
Regime shifts,No audit,20261103,0.5494140625,0.0,0.0,0,0.0,769
Regime shifts,No audit,20261104,0.586328125,0.0,0.0,0,0.0,706
Regime shifts,No audit,20261105,0.5658203125,0.0,0.0,0,0.0,741
Regime shifts,No audit,20261106,0.5734375,0.0,0.0,0,0.0,728
Regime shifts,No audit,20261107,0.560546875,0.0,0.0,0,0.0,750
Regime shifts,No audit,20261108,0.5599609375,0.0,0.0,0,0.0,751
Regime shifts,No audit,20261109,0.5541015625,0.0,0.0,0,0.0,761
Regime shifts,No audit,20261110,0.5505859375,0.0,0.0,0,0.0,767
Regime shifts,No audit,20261111,0.5546875,0.0,0.0,0,0.0,760
Regime shifts,No audit,20261112,0.57109375,0.0,0.0,0,0.0,732
Regime shifts,No audit,20261113,0.5458984375,0.0,0.0,0,0.0,775
Regime shifts,No audit,20261114,0.560546875,0.0,0.0,0,0.0,750
Regime shifts,No audit,20261115,0.5927734375,0.0,0.0,0,0.0,695
Regime shifts,No audit,20261116,0.5716796875,0.0,0.0,0,0.0,731
Regime shifts,No audit,20261117,0.5470703125,0.0,0.0,0,0.0,773
Regime shifts,No audit,20261118,0.5669921875,0.0,0.0,0,0.0,739
Regime shifts,No audit,20261119,0.5751953125,0.0,0.0,0,0.0,725
Regime shifts,No audit,20261120,0.5669921875,0.0,0.0,0,0.0,739
Regime shifts,No audit,20261121,0.5798828125,0.0,0.0,0,0.0,717
Regime shifts,No audit,20261122,0.56171875,0.0,0.0,0,0.0,748
Regime shifts,No audit,20261123,0.5646484375,0.0,0.0,0,0.0,743
Regime shifts,No audit,20261124,0.5611328125,0.0,0.0,0,0.0,749
Regime shifts,No audit,20261125,0.55234375,0.0,0.0,0,0.0,764
Regime shifts,No audit,20261126,0.5751953125,0.0,0.0,0,0.0,725
Regime shifts,No audit,20261127,0.5693359375,0.0,0.0,0,0.0,735
Regime shifts,No audit,20261128,0.572265625,0.0,0.0,0,0.0,730
Regime shifts,No audit,20261129,0.5892578125,0.0,0.0,0,0.0,701
Regime shifts,No audit,20261130,0.546484375,0.0,0.0,0,0.0,774
Regime shifts,No audit,20261131,0.5681640625,0.0,0.0,0,0.0,737
Regime shifts,No audit,20261132,0.5763671875,0.0,0.0,0,0.0,723
Regime shifts,No audit,20261133,0.541796875,0.0,0.0,0,0.0,782
Regime shifts,No audit,20261134,0.5423828125,0.0,0.0,0,0.0,781
Regime shifts,No audit,20261135,0.5728515625,0.0,0.0,0,0.0,729
Regime shifts,No audit,20261136,0.579296875,0.0,0.0,0,0.0,718
Regime shifts,No audit,20261137,0.5541015625,0.0,0.0,0,0.0,761
Regime shifts,No audit,20261138,0.54765625,0.0,0.0,0,0.0,772
Regime shifts,No audit,20261139,0.551171875,0.0,0.0,0,0.0,766
Regime shifts,No audit,20261140,0.55703125,0.0,0.0,0,0.0,756
Regime shifts,No audit,20261141,0.5705078125,0.0,0.0,0,0.0,733
Regime shifts,No audit,20261142,0.588671875,0.0,0.0,0,0.0,702
Regime shifts,No audit,20261143,0.5529296875,0.0,0.0,0,0.0,763
Regime shifts,No audit,20261144,0.55,0.0,0.0,0,0.0,768
Regime shifts,No audit,20261145,0.5833984375,0.0,0.0,0,0.0,711
Regime shifts,No audit,20261146,0.5423828125,0.0,0.0,0,0.0,781
Regime shifts,No audit,20261147,0.5658203125,0.0,0.0,0,0.0,741
Regime shifts,No audit,20261148,0.586328125,0.0,0.0,0,0.0,706
Regime shifts,No audit,20261149,0.57109375,0.0,0.0,0,0.0,732
Regime shifts,No audit,20261150,0.572265625,0.0,0.0,0,0.0,730
Regime shifts,No audit,20261151,0.5740234375,0.0,0.0,0,0.0,727
Regime shifts,No audit,20261152,0.5646484375,0.0,0.0,0,0.0,743
Regime shifts,No audit,20261153,0.588671875,0.0,0.0,0,0.0,702
Regime shifts,No audit,20261154,0.5552734375,0.0,0.0,0,0.0,759
Regime shifts,No audit,20261155,0.5869140625,0.0,0.0,0,0.0,705
Regime shifts,No audit,20261156,0.5447265625,0.0,0.0,0,0.0,777
Regime shifts,No audit,20261157,0.537109375,0.0,0.0,0,0.0,790
Regime shifts,No audit,20261158,0.5611328125,0.0,0.0,0,0.0,749
Regime shifts,No audit,20261159,0.5564453125,0.0,0.0,0,0.0,757
Regime shifts,No audit,20261160,0.579296875,0.0,0.0,0,0.0,718
Regime shifts,No audit,20261161,0.56640625,0.0,0.0,0,0.0,740
Regime shifts,No audit,20261162,0.567578125,0.0,0.0,0,0.0,738
Regime shifts,No audit,20261163,0.56640625,0.0,0.0,0,0.0,740
Regime shifts,No audit,20261164,0.596875,0.0,0.0,0,0.0,688
Regime shifts,No audit,20261165,0.5828125,0.0,0.0,0,0.0,712
Regime shifts,No audit,20261166,0.558203125,0.0,0.0,0,0.0,754
Regime shifts,No audit,20261167,0.558203125,0.0,0.0,0,0.0,754
Regime shifts,No audit,20261168,0.5611328125,0.0,0.0,0,0.0,749
Regime shifts,No audit,20261169,0.55703125,0.0,0.0,0,0.0,756
Regime shifts,No audit,20261170,0.5599609375,0.0,0.0,0,0.0,751
Regime shifts,No audit,20261171,0.5599609375,0.0,0.0,0,0.0,751
Regime shifts,No audit,20261172,0.5716796875,0.0,0.0,0,0.0,731
Regime shifts,No audit,20261173,0.569921875,0.0,0.0,0,0.0,734
Regime shifts,No audit,20261174,0.579296875,0.0,0.0,0,0.0,718
Regime shifts,No audit,20261175,0.5658203125,0.0,0.0,0,0.0,741
Regime shifts,No audit,20261176,0.57109375,0.0,0.0,0,0.0,732
Regime shifts,No audit,20261177,0.574609375,0.0,0.0,0,0.0,726
Regime shifts,No audit,20261178,0.5705078125,0.0,0.0,0,0.0,733
Regime shifts,No audit,20261179,0.56171875,0.0,0.0,0,0.0,748
Regime shifts,No audit,20261180,0.53125,0.0,0.0,0,0.0,800
Regime shifts,No audit,20261181,0.5658203125,0.0,0.0,0,0.0,741
Regime shifts,No audit,20261182,0.5611328125,0.0,0.0,0,0.0,749
Regime shifts,No audit,20261183,0.56875,0.0,0.0,0,0.0,736
Regime shifts,No audit,20261184,0.57109375,0.0,0.0,0,0.0,732
Regime shifts,No audit,20261185,0.553515625,0.0,0.0,0,0.0,762
Regime shifts,No audit,20261186,0.558203125,0.0,0.0,0,0.0,754
Regime shifts,No audit,20261187,0.5875,0.0,0.0,0,0.0,704
Regime shifts,No audit,20261188,0.5740234375,0.0,0.0,0,0.0,727
Regime shifts,No audit,20261189,0.57578125,0.0,0.0,0,0.0,724
Regime shifts,No audit,20261190,0.5505859375,0.0,0.0,0,0.0,767
Regime shifts,No audit,20261191,0.5359375,0.0,0.0,0,0.0,792
Regime shifts,No audit,20261192,0.57109375,0.0,0.0,0,0.0,732
Regime shifts,No audit,20261193,0.555859375,0.0,0.0,0,0.0,758
Regime shifts,No audit,20261194,0.576953125,0.0,0.0,0,0.0,722
Regime shifts,No audit,20261195,0.5669921875,0.0,0.0,0,0.0,739
Regime shifts,No audit,20261196,0.565234375,0.0,0.0,0,0.0,742
Regime shifts,No audit,20261197,0.591015625,0.0,0.0,0,0.0,698
Regime shifts,No audit,20261198,0.5634765625,0.0,0.0,0,0.0,745
Regime shifts,No audit,20261199,0.5482421875,0.0,0.0,0,0.0,771
Regime shifts,No audit,20261200,0.586328125,0.0,0.0,0,0.0,706
Regime shifts,No audit,20261201,0.5517578125,0.0,0.0,0,0.0,765
Regime shifts,No audit,20261202,0.54296875,0.0,0.0,0,0.0,780
Regime shifts,No audit,20261203,0.553515625,0.0,0.0,0,0.0,762
Regime shifts,No audit,20261204,0.5740234375,0.0,0.0,0,0.0,727
Regime shifts,No audit,20261205,0.5740234375,0.0,0.0,0,0.0,727
Regime shifts,No audit,20261206,0.591015625,0.0,0.0,0,0.0,698
Regime shifts,No audit,20261207,0.576953125,0.0,0.0,0,0.0,722
Regime shifts,No audit,20261208,0.56640625,0.0,0.0,0,0.0,740
Regime shifts,No audit,20261209,0.5798828125,0.0,0.0,0,0.0,717
Regime shifts,No audit,20261210,0.567578125,0.0,0.0,0,0.0,738
Regime shifts,No audit,20261211,0.5646484375,0.0,0.0,0,0.0,743
Regime shifts,No audit,20261212,0.548828125,0.0,0.0,0,0.0,770
Regime shifts,No audit,20261213,0.5611328125,0.0,0.0,0,0.0,749
Regime shifts,No audit,20261214,0.567578125,0.0,0.0,0,0.0,738
Regime shifts,No audit,20261215,0.5693359375,0.0,0.0,0,0.0,735
Regime shifts,No audit,20261216,0.5875,0.0,0.0,0,0.0,704
Regime shifts,No audit,20261217,0.5341796875,0.0,0.0,0,0.0,795
Regime shifts,No audit,20261218,0.56875,0.0,0.0,0,0.0,736
Regime shifts,No audit,20261219,0.5845703125,0.0,0.0,0,0.0,709
Regime shifts,No audit,20261220,0.5376953125,0.0,0.0,0,0.0,789
Regime shifts,No audit,20261221,0.567578125,0.0,0.0,0,0.0,738
Regime shifts,No audit,20261222,0.560546875,0.0,0.0,0,0.0,750
Regime shifts,No audit,20261223,0.567578125,0.0,0.0,0,0.0,738
Regime shifts,No audit,20261224,0.560546875,0.0,0.0,0,0.0,750
Regime shifts,No audit,20261225,0.555859375,0.0,0.0,0,0.0,758
Regime shifts,No audit,20261226,0.572265625,0.0,0.0,0,0.0,730
Regime shifts,No audit,20261227,0.5541015625,0.0,0.0,0,0.0,761
Regime shifts,No audit,20261228,0.567578125,0.0,0.0,0,0.0,738
Regime shifts,No audit,20261229,0.5546875,0.0,0.0,0,0.0,760
Regime shifts,No audit,20261230,0.5669921875,0.0,0.0,0,0.0,739
Regime shifts,No audit,20261231,0.5611328125,0.0,0.0,0,0.0,749
Regime shifts,No audit,20261232,0.555859375,0.0,0.0,0,0.0,758
Regime shifts,No audit,20261233,0.5435546875,0.0,0.0,0,0.0,779
Regime shifts,No audit,20261234,0.578125,0.0,0.0,0,0.0,720
Regime shifts,No audit,20261235,0.5798828125,0.0,0.0,0,0.0,717
Regime shifts,No audit,20261236,0.56875,0.0,0.0,0,0.0,736
Regime shifts,No audit,20261237,0.6056640625,0.0,0.0,0,0.0,673
Regime shifts,No audit,20261238,0.551171875,0.0,0.0,0,0.0,766
Regime shifts,No audit,20261239,0.5634765625,0.0,0.0,0,0.0,745
Regime shifts,No audit,20261240,0.5505859375,0.0,0.0,0,0.0,767
Regime shifts,No audit,20261241,0.5693359375,0.0,0.0,0,0.0,735
Regime shifts,No audit,20261242,0.56640625,0.0,0.0,0,0.0,740
Regime shifts,No audit,20261243,0.5669921875,0.0,0.0,0,0.0,739
Regime shifts,No audit,20261244,0.5611328125,0.0,0.0,0,0.0,749
Regime shifts,No audit,20261245,0.5611328125,0.0,0.0,0,0.0,749
Regime shifts,No audit,20261246,0.5681640625,0.0,0.0,0,0.0,737
Regime shifts,No audit,20261247,0.5740234375,0.0,0.0,0,0.0,727
Regime shifts,No audit,20261248,0.5716796875,0.0,0.0,0,0.0,731
Regime shifts,No audit,20261249,0.5587890625,0.0,0.0,0,0.0,753
Regime shifts,No audit,20261250,0.559375,0.0,0.0,0,0.0,752
Regime shifts,No audit,20261251,0.56640625,0.0,0.0,0,0.0,740
Regime shifts,No audit,20261252,0.54765625,0.0,0.0,0,0.0,772
Regime shifts,No audit,20261253,0.5564453125,0.0,0.0,0,0.0,757
Regime shifts,No audit,20261254,0.562890625,0.0,0.0,0,0.0,746
Regime shifts,No audit,20261255,0.56875,0.0,0.0,0,0.0,736
Regime shifts,No audit,20261256,0.5587890625,0.0,0.0,0,0.0,753
Regime shifts,No audit,20261257,0.5798828125,0.0,0.0,0,0.0,717
Regime shifts,No audit,20261258,0.559375,0.0,0.0,0,0.0,752
Regime shifts,No audit,20261259,0.5541015625,0.0,0.0,0,0.0,761
Regime shifts,No audit,20261260,0.5587890625,0.0,0.0,0,0.0,753
Regime shifts,No audit,20261261,0.57578125,0.0,0.0,0,0.0,724
Regime shifts,No audit,20261262,0.5646484375,0.0,0.0,0,0.0,743
Regime shifts,No audit,20261263,0.5541015625,0.0,0.0,0,0.0,761
Regime shifts,No audit,20261264,0.560546875,0.0,0.0,0,0.0,750
Regime shifts,No audit,20261265,0.5611328125,0.0,0.0,0,0.0,749
Regime shifts,No audit,20261266,0.53359375,0.0,0.0,0,0.0,796
Regime shifts,No audit,20261267,0.576953125,0.0,0.0,0,0.0,722
Regime shifts,No audit,20261268,0.5921875,0.0,0.0,0,0.0,696
Regime shifts,No audit,20261269,0.586328125,0.0,0.0,0,0.0,706
Regime shifts,No audit,20261270,0.5529296875,0.0,0.0,0,0.0,763
Regime shifts,No audit,20261271,0.5728515625,0.0,0.0,0,0.0,729
Regime shifts,No audit,20261272,0.567578125,0.0,0.0,0,0.0,738
Regime shifts,No audit,20261273,0.5728515625,0.0,0.0,0,0.0,729
Regime shifts,No audit,20261274,0.537109375,0.0,0.0,0,0.0,790
Regime shifts,No audit,20261275,0.562890625,0.0,0.0,0,0.0,746
Regime shifts,No audit,20261276,0.5693359375,0.0,0.0,0,0.0,735
Regime shifts,No audit,20261277,0.5482421875,0.0,0.0,0,0.0,771
Regime shifts,No audit,20261278,0.57109375,0.0,0.0,0,0.0,732
Regime shifts,No audit,20261279,0.56171875,0.0,0.0,0,0.0,748
Regime shifts,No audit,20261280,0.5828125,0.0,0.0,0,0.0,712
Regime shifts,No audit,20261281,0.5693359375,0.0,0.0,0,0.0,735
Regime shifts,No audit,20261282,0.572265625,0.0,0.0,0,0.0,730
Regime shifts,No audit,20261283,0.57109375,0.0,0.0,0,0.0,732
Regime shifts,No audit,20261284,0.558203125,0.0,0.0,0,0.0,754
Regime shifts,No audit,20261285,0.567578125,0.0,0.0,0,0.0,738
Regime shifts,No audit,20261286,0.58046875,0.0,0.0,0,0.0,716
Regime shifts,No audit,20261287,0.5646484375,0.0,0.0,0,0.0,743
Regime shifts,No audit,20261288,0.5623046875,0.0,0.0,0,0.0,747
Regime shifts,No audit,20261289,0.5623046875,0.0,0.0,0,0.0,747
Regime shifts,No audit,20261290,0.5529296875,0.0,0.0,0,0.0,763
Regime shifts,No audit,20261291,0.5564453125,0.0,0.0,0,0.0,757
Regime shifts,No audit,20261292,0.5587890625,0.0,0.0,0,0.0,753
Regime shifts,No audit,20261293,0.5681640625,0.0,0.0,0,0.0,737
Regime shifts,No audit,20261294,0.574609375,0.0,0.0,0,0.0,726
Regime shifts,No audit,20261295,0.5751953125,0.0,0.0,0,0.0,725
Regime shifts,No audit,20261296,0.544140625,0.0,0.0,0,0.0,778
Regime shifts,No audit,20261297,0.558203125,0.0,0.0,0,0.0,754
Regime shifts,No audit,20261298,0.581640625,0.0,0.0,0,0.0,714
Regime shifts,No audit,20261299,0.53828125,0.0,0.0,0,0.0,788
Regime shifts,No audit,20261300,0.5716796875,0.0,0.0,0,0.0,731
Regime shifts,No audit,20261301,0.5693359375,0.0,0.0,0,0.0,735
Regime shifts,No audit,20261302,0.5646484375,0.0,0.0,0,0.0,743
Regime shifts,No audit,20261303,0.581640625,0.0,0.0,0,0.0,714
Regime shifts,No audit,20261304,0.579296875,0.0,0.0,0,0.0,718
Regime shifts,No audit,20261305,0.56640625,0.0,0.0,0,0.0,740
Regime shifts,No audit,20261306,0.5658203125,0.0,0.0,0,0.0,741
Regime shifts,No audit,20261307,0.56171875,0.0,0.0,0,0.0,748
Regime shifts,No audit,20261308,0.5447265625,0.0,0.0,0,0.0,777
Regime shifts,No audit,20261309,0.5763671875,0.0,0.0,0,0.0,723
Regime shifts,No audit,20261310,0.5669921875,0.0,0.0,0,0.0,739
Regime shifts,No audit,20261311,0.5740234375,0.0,0.0,0,0.0,727
Regime shifts,No audit,20261312,0.5505859375,0.0,0.0,0,0.0,767
Regime shifts,No audit,20261313,0.5640625,0.0,0.0,0,0.0,744
Regime shifts,No audit,20261314,0.5681640625,0.0,0.0,0,0.0,737
Regime shifts,No audit,20261315,0.551171875,0.0,0.0,0,0.0,766
Regime shifts,No audit,20261316,0.5927734375,0.0,0.0,0,0.0,695
Regime shifts,No audit,20261317,0.5435546875,0.0,0.0,0,0.0,779
Regime shifts,No audit,20261318,0.56640625,0.0,0.0,0,0.0,740
Regime shifts,No audit,20261319,0.579296875,0.0,0.0,0,0.0,718
Regime shifts,No audit,20261320,0.5892578125,0.0,0.0,0,0.0,701
Regime shifts,No audit,20261321,0.5869140625,0.0,0.0,0,0.0,705
Regime shifts,No audit,20261322,0.553515625,0.0,0.0,0,0.0,762
Regime shifts,No audit,20261323,0.553515625,0.0,0.0,0,0.0,762
Regime shifts,No audit,20261324,0.56171875,0.0,0.0,0,0.0,748
Regime shifts,No audit,20261325,0.58515625,0.0,0.0,0,0.0,708
Regime shifts,No audit,20261326,0.5669921875,0.0,0.0,0,0.0,739
Regime shifts,No audit,20261327,0.56875,0.0,0.0,0,0.0,736
Regime shifts,Fixed 0.05,20260928,0.6443515625,0.049999999999999996,0.41875,260,0.0,461
Regime shifts,Fixed 0.05,20260929,0.647578125,0.049999999999999996,0.375,244,0.0,470
Regime shifts,Fixed 0.05,20260930,0.6660390625,0.049999999999999996,0.39375,240,0.0,433
Regime shifts,Fixed 0.05,20260931,0.6304765625,0.049999999999999996,0.25625,269,0.0,534
Regime shifts,Fixed 0.05,20260932,0.6392578125,0.049999999999999996,0.34375,271,0.0,492
Regime shifts,Fixed 0.05,20260933,0.686484375,0.049999999999999996,0.40625,259,0.0,393
Regime shifts,Fixed 0.05,20260934,0.609296875,0.049999999999999996,0.25,255,0.0,573
Regime shifts,Fixed 0.05,20260935,0.6208046875000001,0.049999999999999996,0.26875,234,0.0,549
Regime shifts,Fixed 0.05,20260936,0.6786328125,0.049999999999999996,0.375,259,0.0,416
Regime shifts,Fixed 0.05,20260937,0.6550468749999999,0.049999999999999996,0.35,228,0.0,466
Regime shifts,Fixed 0.05,20260938,0.6352499999999999,0.049999999999999996,0.41875,253,0.0,477
Regime shifts,Fixed 0.05,20260939,0.616296875,0.049999999999999996,0.31875,269,0.0,539
Regime shifts,Fixed 0.05,20260940,0.6151953125,0.049999999999999996,0.34375,257,0.0,534
Regime shifts,Fixed 0.05,20260941,0.6849062499999999,0.049999999999999996,0.39375,282,0.0,398
Regime shifts,Fixed 0.05,20260942,0.641,0.049999999999999996,0.33125,269,0.0,493
Regime shifts,Fixed 0.05,20260943,0.6403203124999999,0.049999999999999996,0.35,245,0.0,490
Regime shifts,Fixed 0.05,20260944,0.6382578125,0.049999999999999996,0.3875,245,0.0,482
Regime shifts,Fixed 0.05,20260945,0.6235078125,0.049999999999999996,0.4,250,0.0,503
Regime shifts,Fixed 0.05,20260946,0.6524375000000001,0.049999999999999996,0.29375,224,0.0,488
Regime shifts,Fixed 0.05,20260947,0.6865937499999999,0.049999999999999996,0.36875,249,0.0,405
Regime shifts,Fixed 0.05,20260948,0.6293515624999999,0.049999999999999996,0.325,236,0.0,517
Regime shifts,Fixed 0.05,20260949,0.6571953125000001,0.049999999999999996,0.38125,254,0.0,451
Regime shifts,Fixed 0.05,20260950,0.6508359375,0.049999999999999996,0.35625,232,0.0,471
Regime shifts,Fixed 0.05,20260951,0.6740390625,0.049999999999999996,0.3875,274,0.0,419
Regime shifts,Fixed 0.05,20260952,0.6642812499999999,0.049999999999999996,0.425,276,0.0,424
Regime shifts,Fixed 0.05,20260953,0.6390234375,0.049999999999999996,0.34375,247,0.0,494
Regime shifts,Fixed 0.05,20260954,0.6712578125,0.049999999999999996,0.38125,269,0.0,426
Regime shifts,Fixed 0.05,20260955,0.6554765625,0.049999999999999996,0.44375,250,0.0,435
Regime shifts,Fixed 0.05,20260956,0.646859375,0.049999999999999996,0.3625,260,0.0,474
Regime shifts,Fixed 0.05,20260957,0.6683046874999999,0.049999999999999996,0.425,263,0.0,418
Regime shifts,Fixed 0.05,20260958,0.6579921875,0.049999999999999996,0.3,263,0.0,474
Regime shifts,Fixed 0.05,20260959,0.6494687499999999,0.049999999999999996,0.35625,237,0.0,473
Regime shifts,Fixed 0.05,20260960,0.68215625,0.049999999999999996,0.4125,251,0.0,399
Regime shifts,Fixed 0.05,20260961,0.6706562500000001,0.049999999999999996,0.4,243,0.0,423
Regime shifts,Fixed 0.05,20260962,0.6610078125,0.049999999999999996,0.3375,268,0.0,457
Regime shifts,Fixed 0.05,20260963,0.684921875,0.049999999999999996,0.375,248,0.0,406
Regime shifts,Fixed 0.05,20260964,0.691515625,0.049999999999999996,0.36875,243,0.0,397
Regime shifts,Fixed 0.05,20260965,0.6731015625,0.049999999999999996,0.41875,274,0.0,411
Regime shifts,Fixed 0.05,20260966,0.647296875,0.049999999999999996,0.36875,265,0.0,471
Regime shifts,Fixed 0.05,20260967,0.6708828125,0.049999999999999996,0.3625,245,0.0,434
Regime shifts,Fixed 0.05,20260968,0.6329609374999999,0.049999999999999996,0.3375,266,0.0,505
Regime shifts,Fixed 0.05,20260969,0.6633437499999999,0.049999999999999996,0.45625,261,0.0,417
Regime shifts,Fixed 0.05,20260970,0.6480703125,0.049999999999999996,0.2375,235,0.0,512
Regime shifts,Fixed 0.05,20260971,0.64546875,0.049999999999999996,0.375,238,0.0,474
Regime shifts,Fixed 0.05,20260972,0.6627734375,0.049999999999999996,0.46875,263,0.0,414
Regime shifts,Fixed 0.05,20260973,0.692921875,0.049999999999999996,0.43125,249,0.0,375
Regime shifts,Fixed 0.05,20260974,0.6806875,0.049999999999999996,0.425,276,0.0,396
Regime shifts,Fixed 0.05,20260975,0.659734375,0.049999999999999996,0.44375,246,0.0,428
Regime shifts,Fixed 0.05,20260976,0.6368203125,0.049999999999999996,0.39375,268,0.0,481
Regime shifts,Fixed 0.05,20260977,0.658515625,0.049999999999999996,0.34375,258,0.0,460
Regime shifts,Fixed 0.05,20260978,0.6807578124999999,0.049999999999999996,0.5125,261,0.0,370
Regime shifts,Fixed 0.05,20260979,0.6633828124999999,0.049999999999999996,0.39375,263,0.0,436
Regime shifts,Fixed 0.05,20260980,0.6458515625000001,0.049999999999999996,0.30625,290,0.0,491
Regime shifts,Fixed 0.05,20260981,0.632578125,0.049999999999999996,0.3125,241,0.0,515
Regime shifts,Fixed 0.05,20260982,0.59425,0.049999999999999996,0.55625,234,0.0,506
Regime shifts,Fixed 0.05,20260983,0.6824921875,0.049999999999999996,0.49375,243,0.0,374
Regime shifts,Fixed 0.05,20260984,0.6712109374999999,0.049999999999999996,0.46875,257,0.0,400
Regime shifts,Fixed 0.05,20260985,0.6090078125,0.049999999999999996,0.3625,269,0.0,538
Regime shifts,Fixed 0.05,20260986,0.6313828125,0.049999999999999996,0.54375,241,0.0,446
Regime shifts,Fixed 0.05,20260987,0.659671875,0.049999999999999996,0.425,244,0.0,434
Regime shifts,Fixed 0.05,20260988,0.6490546875,0.049999999999999996,0.4,271,0.0,458
Regime shifts,Fixed 0.05,20260989,0.681625,0.049999999999999996,0.425,267,0.0,395
Regime shifts,Fixed 0.05,20260990,0.61003125,0.049999999999999996,0.15,292,0.0,600
Regime shifts,Fixed 0.05,20260991,0.6451484375,0.049999999999999996,0.275,242,0.0,505
Regime shifts,Fixed 0.05,20260992,0.6577968750000001,0.049999999999999996,0.33125,259,0.0,465
Regime shifts,Fixed 0.05,20260993,0.6859296875,0.049999999999999996,0.43125,278,0.0,385
Regime shifts,Fixed 0.05,20260994,0.62603125,0.049999999999999996,0.35625,267,0.0,511
Regime shifts,Fixed 0.05,20260995,0.6674453125,0.049999999999999996,0.3625,243,0.0,440
Regime shifts,Fixed 0.05,20260996,0.6848671874999999,0.049999999999999996,0.4875,256,0.0,371
Regime shifts,Fixed 0.05,20260997,0.6801328124999999,0.049999999999999996,0.3875,268,0.0,409
Regime shifts,Fixed 0.05,20260998,0.6727109375,0.049999999999999996,0.3875,278,0.0,421
Regime shifts,Fixed 0.05,20260999,0.621046875,0.049999999999999996,0.24375,253,0.0,555
Regime shifts,Fixed 0.05,20261000,0.6890078125,0.049999999999999996,0.45625,264,0.0,373
Regime shifts,Fixed 0.05,20261001,0.6340546875,0.049999999999999996,0.3375,268,0.0,503
Regime shifts,Fixed 0.05,20261002,0.6787265625,0.049999999999999996,0.41875,250,0.0,403
Regime shifts,Fixed 0.05,20261003,0.64734375,0.049999999999999996,0.34375,259,0.0,479
Regime shifts,Fixed 0.05,20261004,0.6777890624999999,0.049999999999999996,0.48125,241,0.0,386
Regime shifts,Fixed 0.05,20261005,0.6684531249999999,0.049999999999999996,0.41875,258,0.0,420
Regime shifts,Fixed 0.05,20261006,0.648015625,0.049999999999999996,0.31875,252,0.0,486
Regime shifts,Fixed 0.05,20261007,0.616625,0.049999999999999996,0.33125,248,0.0,536
Regime shifts,Fixed 0.05,20261008,0.6795,0.049999999999999996,0.475,256,0.0,384
Regime shifts,Fixed 0.05,20261009,0.643453125,0.049999999999999996,0.41875,253,0.0,463
Regime shifts,Fixed 0.05,20261010,0.6410234375,0.049999999999999996,0.31875,251,0.0,498
Regime shifts,Fixed 0.05,20261011,0.6745390625000001,0.049999999999999996,0.38125,260,0.0,421
Regime shifts,Fixed 0.05,20261012,0.6999296875,0.049999999999999996,0.4125,261,0.0,368
Regime shifts,Fixed 0.05,20261013,0.6317265625,0.049999999999999996,0.35,225,0.0,506
Regime shifts,Fixed 0.05,20261014,0.6696484375,0.049999999999999996,0.40625,255,0.0,422
Regime shifts,Fixed 0.05,20261015,0.6724062499999999,0.049999999999999996,0.45625,269,0.0,401
Regime shifts,Fixed 0.05,20261016,0.6801796875000001,0.049999999999999996,0.3625,262,0.0,417
Regime shifts,Fixed 0.05,20261017,0.690515625,0.049999999999999996,0.44375,208,0.0,378
Regime shifts,Fixed 0.05,20261018,0.6841953125,0.049999999999999996,0.41875,245,0.0,394
Regime shifts,Fixed 0.05,20261019,0.6310078125,0.049999999999999996,0.275,229,0.0,530
Regime shifts,Fixed 0.05,20261020,0.6807343749999999,0.049999999999999996,0.43125,261,0.0,395
Regime shifts,Fixed 0.05,20261021,0.6688281249999999,0.049999999999999996,0.46875,228,0.0,406
Regime shifts,Fixed 0.05,20261022,0.626015625,0.049999999999999996,0.4375,268,0.0,486
Regime shifts,Fixed 0.05,20261023,0.648953125,0.049999999999999996,0.38125,255,0.0,465
Regime shifts,Fixed 0.05,20261024,0.6161015625,0.049999999999999996,0.31875,244,0.0,541
Regime shifts,Fixed 0.05,20261025,0.6761640625,0.049999999999999996,0.4,252,0.0,413
Regime shifts,Fixed 0.05,20261026,0.6523203125,0.049999999999999996,0.45,287,0.0,436
Regime shifts,Fixed 0.05,20261027,0.6401796875000001,0.049999999999999996,0.3,239,0.0,506
Regime shifts,Fixed 0.05,20261028,0.6076640625,0.049999999999999996,0.31875,220,0.0,557
Regime shifts,Fixed 0.05,20261029,0.6596171875,0.049999999999999996,0.31875,225,0.0,468
Regime shifts,Fixed 0.05,20261030,0.6612265625,0.049999999999999996,0.45,239,0.0,424
Regime shifts,Fixed 0.05,20261031,0.68684375,0.049999999999999996,0.44375,257,0.0,381
Regime shifts,Fixed 0.05,20261032,0.63990625,0.049999999999999996,0.39375,234,0.0,478
Regime shifts,Fixed 0.05,20261033,0.6494375,0.049999999999999996,0.4875,263,0.0,431
Regime shifts,Fixed 0.05,20261034,0.6854296874999999,0.049999999999999996,0.5,244,0.0,367
Regime shifts,Fixed 0.05,20261035,0.6311328125,0.049999999999999996,0.28125,272,0.0,525
Regime shifts,Fixed 0.05,20261036,0.6350390625,0.049999999999999996,0.375,250,0.0,491
Regime shifts,Fixed 0.05,20261037,0.6628984375,0.049999999999999996,0.35,267,0.0,450
Regime shifts,Fixed 0.05,20261038,0.654578125,0.049999999999999996,0.38125,261,0.0,455
Regime shifts,Fixed 0.05,20261039,0.6593125000000001,0.049999999999999996,0.325,249,0.0,465
Regime shifts,Fixed 0.05,20261040,0.6569375,0.049999999999999996,0.3,260,0.0,476
Regime shifts,Fixed 0.05,20261041,0.7021875,0.049999999999999996,0.5625,262,0.0,318
Regime shifts,Fixed 0.05,20261042,0.668203125,0.049999999999999996,0.46875,259,0.0,405
Regime shifts,Fixed 0.05,20261043,0.6583984375,0.049999999999999996,0.46875,270,0.0,421
Regime shifts,Fixed 0.05,20261044,0.6211640624999999,0.049999999999999996,0.275,271,0.0,544
Regime shifts,Fixed 0.05,20261045,0.664390625,0.049999999999999996,0.3875,296,0.0,434
Regime shifts,Fixed 0.05,20261046,0.6500625,0.049999999999999996,0.33125,262,0.0,478
Regime shifts,Fixed 0.05,20261047,0.653828125,0.049999999999999996,0.40625,270,0.0,448
Regime shifts,Fixed 0.05,20261048,0.6397890625,0.049999999999999996,0.3,219,0.0,508
Regime shifts,Fixed 0.05,20261049,0.643921875,0.049999999999999996,0.45,232,0.0,454
Regime shifts,Fixed 0.05,20261050,0.6529765624999999,0.049999999999999996,0.4125,248,0.0,449
Regime shifts,Fixed 0.05,20261051,0.6876796875,0.049999999999999996,0.39375,271,0.0,394
Regime shifts,Fixed 0.05,20261052,0.66378125,0.049999999999999996,0.4,269,0.0,433
Regime shifts,Fixed 0.05,20261053,0.6530859375,0.049999999999999996,0.34375,262,0.0,469
Regime shifts,Fixed 0.05,20261054,0.6224453125,0.049999999999999996,0.425,237,0.0,498
Regime shifts,Fixed 0.05,20261055,0.6516796875,0.049999999999999996,0.40625,265,0.0,452
Regime shifts,Fixed 0.05,20261056,0.6677890625,0.049999999999999996,0.45,266,0.0,411
Regime shifts,Fixed 0.05,20261057,0.640296875,0.049999999999999996,0.3625,278,0.0,484
Regime shifts,Fixed 0.05,20261058,0.6658593749999999,0.049999999999999996,0.34375,250,0.0,448
Regime shifts,Fixed 0.05,20261059,0.6243203124999999,0.049999999999999996,0.425,264,0.0,493
Regime shifts,Fixed 0.05,20261060,0.661734375,0.049999999999999996,0.325,262,0.0,460
Regime shifts,Fixed 0.05,20261061,0.6542734375,0.049999999999999996,0.35625,249,0.0,464
Regime shifts,Fixed 0.05,20261062,0.6504765625,0.049999999999999996,0.44375,258,0.0,443
Regime shifts,Fixed 0.05,20261063,0.6622421875000001,0.049999999999999996,0.3875,231,0.0,442
Regime shifts,Fixed 0.05,20261064,0.63828125,0.049999999999999996,0.4375,254,0.0,466
Regime shifts,Fixed 0.05,20261065,0.6473203125,0.049999999999999996,0.54375,253,0.0,418
Regime shifts,Fixed 0.05,20261066,0.6409374999999999,0.049999999999999996,0.4375,246,0.0,462
Regime shifts,Fixed 0.05,20261067,0.6752265625,0.049999999999999996,0.4,276,0.0,413
Regime shifts,Fixed 0.05,20261068,0.661921875,0.049999999999999996,0.4125,244,0.0,434
Regime shifts,Fixed 0.05,20261069,0.638203125,0.049999999999999996,0.3125,247,0.0,505
Regime shifts,Fixed 0.05,20261070,0.6040625000000001,0.049999999999999996,0.25,239,0.0,583
Regime shifts,Fixed 0.05,20261071,0.6043593749999999,0.049999999999999996,0.3625,253,0.0,547
Regime shifts,Fixed 0.05,20261072,0.6798515625,0.049999999999999996,0.44375,241,0.0,394
Regime shifts,Fixed 0.05,20261073,0.6824609374999999,0.049999999999999996,0.40625,257,0.0,400
Regime shifts,Fixed 0.05,20261074,0.6318125,0.049999999999999996,0.29375,242,0.0,522
Regime shifts,Fixed 0.05,20261075,0.6806875,0.049999999999999996,0.425,246,0.0,398
Regime shifts,Fixed 0.05,20261076,0.6619921875,0.049999999999999996,0.34375,274,0.0,453
Regime shifts,Fixed 0.05,20261077,0.6544453125,0.049999999999999996,0.3375,256,0.0,469
Regime shifts,Fixed 0.05,20261078,0.6664609374999999,0.049999999999999996,0.3875,243,0.0,434
Regime shifts,Fixed 0.05,20261079,0.6679375000000001,0.049999999999999996,0.38125,234,0.0,434
Regime shifts,Fixed 0.05,20261080,0.6354218749999999,0.049999999999999996,0.4,260,0.0,482
Regime shifts,Fixed 0.05,20261081,0.6042031250000001,0.049999999999999996,0.39375,263,0.0,537
Regime shifts,Fixed 0.05,20261082,0.641265625,0.049999999999999996,0.41875,249,0.0,467
Regime shifts,Fixed 0.05,20261083,0.6694140624999999,0.049999999999999996,0.4375,222,0.0,415
Regime shifts,Fixed 0.05,20261084,0.6327265624999999,0.049999999999999996,0.525,248,0.0,449
Regime shifts,Fixed 0.05,20261085,0.644859375,0.049999999999999996,0.45,253,0.0,451
Regime shifts,Fixed 0.05,20261086,0.6221328125000001,0.049999999999999996,0.3625,263,0.0,516
Regime shifts,Fixed 0.05,20261087,0.673,0.049999999999999996,0.4,258,0.0,418
Regime shifts,Fixed 0.05,20261088,0.6676796875,0.049999999999999996,0.425,249,0.0,420
Regime shifts,Fixed 0.05,20261089,0.6232890625,0.049999999999999996,0.4125,258,0.0,499
Regime shifts,Fixed 0.05,20261090,0.6373984375,0.049999999999999996,0.54375,267,0.0,434
Regime shifts,Fixed 0.05,20261091,0.6657968750000001,0.049999999999999996,0.3875,245,0.0,435
Regime shifts,Fixed 0.05,20261092,0.6481406249999999,0.049999999999999996,0.29375,259,0.0,493
Regime shifts,Fixed 0.05,20261093,0.6425156249999999,0.049999999999999996,0.23125,241,0.0,523
Regime shifts,Fixed 0.05,20261094,0.6080937500000001,0.049999999999999996,0.1625,269,0.0,601
Regime shifts,Fixed 0.05,20261095,0.651203125,0.049999999999999996,0.36875,270,0.0,464
Regime shifts,Fixed 0.05,20261096,0.689890625,0.049999999999999996,0.44375,254,0.0,376
Regime shifts,Fixed 0.05,20261097,0.6376406250000001,0.049999999999999996,0.33125,250,0.0,500
Regime shifts,Fixed 0.05,20261098,0.644796875,0.049999999999999996,0.43125,281,0.0,455
Regime shifts,Fixed 0.05,20261099,0.6138125000000001,0.049999999999999996,0.4875,260,0.0,492
Regime shifts,Fixed 0.05,20261100,0.65353125,0.049999999999999996,0.29375,226,0.0,486
Regime shifts,Fixed 0.05,20261101,0.701375,0.049999999999999996,0.44375,200,0.0,360
Regime shifts,Fixed 0.05,20261102,0.63634375,0.049999999999999996,0.2625,270,0.0,522
Regime shifts,Fixed 0.05,20261103,0.65134375,0.049999999999999996,0.41875,261,0.0,449
Regime shifts,Fixed 0.05,20261104,0.6683203125,0.049999999999999996,0.375,268,0.0,433
Regime shifts,Fixed 0.05,20261105,0.565765625,0.049999999999999996,0.14375,254,0.0,680
Regime shifts,Fixed 0.05,20261106,0.6868984375,0.049999999999999996,0.39375,246,0.0,397
Regime shifts,Fixed 0.05,20261107,0.6790078125,0.049999999999999996,0.45625,250,0.0,391
Regime shifts,Fixed 0.05,20261108,0.6060156250000001,0.049999999999999996,0.1875,237,0.0,599
Regime shifts,Fixed 0.05,20261109,0.6216250000000001,0.049999999999999996,0.39375,237,0.0,509
Regime shifts,Fixed 0.05,20261110,0.6099609375,0.049999999999999996,0.34375,271,0.0,542
Regime shifts,Fixed 0.05,20261111,0.6770937499999999,0.049999999999999996,0.33125,245,0.0,433
Regime shifts,Fixed 0.05,20261112,0.6676171875,0.049999999999999996,0.4375,268,0.0,415
Regime shifts,Fixed 0.05,20261113,0.6196953125,0.049999999999999996,0.31875,227,0.0,536
Regime shifts,Fixed 0.05,20261114,0.636515625,0.049999999999999996,0.36875,256,0.0,490
Regime shifts,Fixed 0.05,20261115,0.6994921875,0.049999999999999996,0.46875,253,0.0,352
Regime shifts,Fixed 0.05,20261116,0.62946875,0.049999999999999996,0.29375,242,0.0,526
Regime shifts,Fixed 0.05,20261117,0.6381015625,0.049999999999999996,0.45,276,0.0,461
Regime shifts,Fixed 0.05,20261118,0.6334140625,0.049999999999999996,0.29375,261,0.0,518
Regime shifts,Fixed 0.05,20261119,0.621453125,0.049999999999999996,0.2875,251,0.0,541
Regime shifts,Fixed 0.05,20261120,0.6878593749999999,0.049999999999999996,0.38125,264,0.0,398
Regime shifts,Fixed 0.05,20261121,0.6487265624999999,0.049999999999999996,0.3875,232,0.0,465
Regime shifts,Fixed 0.05,20261122,0.6507578125,0.049999999999999996,0.29375,267,0.0,488
Regime shifts,Fixed 0.05,20261123,0.6375312500000001,0.049999999999999996,0.3375,239,0.0,499
Regime shifts,Fixed 0.05,20261124,0.6159375,0.049999999999999996,0.34375,238,0.0,534
Regime shifts,Fixed 0.05,20261125,0.6721953125000001,0.049999999999999996,0.38125,200,0.0,429
Regime shifts,Fixed 0.05,20261126,0.706796875,0.049999999999999996,0.46875,261,0.0,339
Regime shifts,Fixed 0.05,20261127,0.6413828125,0.049999999999999996,0.3875,240,0.0,477
Regime shifts,Fixed 0.05,20261128,0.6744375,0.049999999999999996,0.3625,244,0.0,428
Regime shifts,Fixed 0.05,20261129,0.6414531250000001,0.049999999999999996,0.2875,249,0.0,507
Regime shifts,Fixed 0.05,20261130,0.6259453125,0.049999999999999996,0.31875,232,0.0,525
Regime shifts,Fixed 0.05,20261131,0.6923203124999999,0.049999999999999996,0.41875,247,0.0,380
Regime shifts,Fixed 0.05,20261132,0.6741015625,0.049999999999999996,0.4375,267,0.0,404
Regime shifts,Fixed 0.05,20261133,0.654,0.049999999999999996,0.45,259,0.0,435
Regime shifts,Fixed 0.05,20261134,0.6485624999999999,0.049999999999999996,0.44375,247,0.0,447
Regime shifts,Fixed 0.05,20261135,0.6670078125,0.049999999999999996,0.35625,268,0.0,441
Regime shifts,Fixed 0.05,20261136,0.6653671875,0.049999999999999996,0.41875,247,0.0,426
Regime shifts,Fixed 0.05,20261137,0.6233046874999999,0.049999999999999996,0.3,281,0.0,532
Regime shifts,Fixed 0.05,20261138,0.6599765625,0.049999999999999996,0.3875,259,0.0,444
Regime shifts,Fixed 0.05,20261139,0.654296875,0.049999999999999996,0.34375,276,0.0,466
Regime shifts,Fixed 0.05,20261140,0.7098125,0.049999999999999996,0.475,260,0.0,332
Regime shifts,Fixed 0.05,20261141,0.6523203125,0.049999999999999996,0.3875,230,0.0,459
Regime shifts,Fixed 0.05,20261142,0.6701796874999999,0.049999999999999996,0.3,266,0.0,453
Regime shifts,Fixed 0.05,20261143,0.6416171875,0.049999999999999996,0.41875,240,0.0,467
Regime shifts,Fixed 0.05,20261144,0.6391328125,0.049999999999999996,0.4625,237,0.0,458
Regime shifts,Fixed 0.05,20261145,0.6674218749999999,0.049999999999999996,0.3125,249,0.0,455
Regime shifts,Fixed 0.05,20261146,0.668984375,0.049999999999999996,0.40625,272,0.0,422
Regime shifts,Fixed 0.05,20261147,0.6204921874999999,0.049999999999999996,0.33125,254,0.0,529
Regime shifts,Fixed 0.05,20261148,0.6426484374999999,0.049999999999999996,0.4,285,0.0,468
Regime shifts,Fixed 0.05,20261149,0.6214609375,0.049999999999999996,0.35625,264,0.0,519
Regime shifts,Fixed 0.05,20261150,0.6190624999999998,0.049999999999999996,0.34375,263,0.0,527
Regime shifts,Fixed 0.05,20261151,0.6314453125,0.049999999999999996,0.34375,231,0.0,508
Regime shifts,Fixed 0.05,20261152,0.6570234375,0.049999999999999996,0.3375,250,0.0,465
Regime shifts,Fixed 0.05,20261153,0.6254296874999999,0.049999999999999996,0.28125,253,0.0,536
Regime shifts,Fixed 0.05,20261154,0.6675234375,0.049999999999999996,0.33125,265,0.0,448
Regime shifts,Fixed 0.05,20261155,0.645125,0.049999999999999996,0.4125,239,0.0,463
Regime shifts,Fixed 0.05,20261156,0.649640625,0.049999999999999996,0.43125,262,0.0,448
Regime shifts,Fixed 0.05,20261157,0.604703125,0.049999999999999996,0.45,276,0.0,518
Regime shifts,Fixed 0.05,20261158,0.6740625,0.049999999999999996,0.4375,238,0.0,406
Regime shifts,Fixed 0.05,20261159,0.6249374999999999,0.049999999999999996,0.45,253,0.0,485
Regime shifts,Fixed 0.05,20261160,0.655859375,0.049999999999999996,0.34375,266,0.0,464
Regime shifts,Fixed 0.05,20261161,0.6223125,0.049999999999999996,0.35,271,0.0,519
Regime shifts,Fixed 0.05,20261162,0.6580390625,0.049999999999999996,0.4,236,0.0,445
Regime shifts,Fixed 0.05,20261163,0.6636875,0.049999999999999996,0.41875,260,0.0,428
Regime shifts,Fixed 0.05,20261164,0.6928671874999999,0.049999999999999996,0.41875,233,0.0,380
Regime shifts,Fixed 0.05,20261165,0.6897031250000001,0.049999999999999996,0.35625,257,0.0,403
Regime shifts,Fixed 0.05,20261166,0.69315625,0.049999999999999996,0.4,252,0.0,384
Regime shifts,Fixed 0.05,20261167,0.6765546875,0.049999999999999996,0.49375,260,0.0,383
Regime shifts,Fixed 0.05,20261168,0.6736015625,0.049999999999999996,0.38125,254,0.0,423
Regime shifts,Fixed 0.05,20261169,0.6449296875,0.049999999999999996,0.31875,286,0.0,489
Regime shifts,Fixed 0.05,20261170,0.6448984375,0.049999999999999996,0.45,267,0.0,450
Regime shifts,Fixed 0.05,20261171,0.6761328124999999,0.049999999999999996,0.40625,269,0.0,410
Regime shifts,Fixed 0.05,20261172,0.6704140625000001,0.049999999999999996,0.39375,233,0.0,426
Regime shifts,Fixed 0.05,20261173,0.6585703125,0.049999999999999996,0.3875,250,0.0,447
Regime shifts,Fixed 0.05,20261174,0.6713359375,0.049999999999999996,0.4125,258,0.0,417
Regime shifts,Fixed 0.05,20261175,0.6284140624999999,0.049999999999999996,0.35625,251,0.0,508
Regime shifts,Fixed 0.05,20261176,0.6624765625,0.049999999999999996,0.35625,264,0.0,449
Regime shifts,Fixed 0.05,20261177,0.6409453125,0.049999999999999996,0.25625,256,0.0,517
Regime shifts,Fixed 0.05,20261178,0.6533359375,0.049999999999999996,0.325,267,0.0,474
Regime shifts,Fixed 0.05,20261179,0.6763515625000001,0.049999999999999996,0.33125,264,0.0,433
Regime shifts,Fixed 0.05,20261180,0.6838359374999999,0.049999999999999996,0.44375,259,0.0,386
Regime shifts,Fixed 0.05,20261181,0.6615781249999999,0.049999999999999996,0.41875,239,0.0,433
Regime shifts,Fixed 0.05,20261182,0.622515625,0.049999999999999996,0.2625,234,0.0,548
Regime shifts,Fixed 0.05,20261183,0.655203125,0.049999999999999996,0.31875,263,0.0,473
Regime shifts,Fixed 0.05,20261184,0.6876015625,0.049999999999999996,0.39375,258,0.0,395
Regime shifts,Fixed 0.05,20261185,0.6302031250000001,0.049999999999999996,0.2875,267,0.0,525
Regime shifts,Fixed 0.05,20261186,0.6491562500000001,0.049999999999999996,0.41875,242,0.0,454
Regime shifts,Fixed 0.05,20261187,0.6208359375000001,0.049999999999999996,0.325,244,0.0,531
Regime shifts,Fixed 0.05,20261188,0.6835078124999999,0.049999999999999996,0.4625,241,0.0,382
Regime shifts,Fixed 0.05,20261189,0.64359375,0.049999999999999996,0.28125,238,0.0,506
Regime shifts,Fixed 0.05,20261190,0.6565625,0.049999999999999996,0.3125,242,0.0,474
Regime shifts,Fixed 0.05,20261191,0.61815625,0.049999999999999996,0.49375,240,0.0,484
Regime shifts,Fixed 0.05,20261192,0.6148515625,0.049999999999999996,0.25625,234,0.0,563
Regime shifts,Fixed 0.05,20261193,0.665734375,0.049999999999999996,0.36875,258,0.0,440
Regime shifts,Fixed 0.05,20261194,0.6654140624999999,0.049999999999999996,0.45625,238,0.0,415
Regime shifts,Fixed 0.05,20261195,0.6555,0.049999999999999996,0.4,271,0.0,447
Regime shifts,Fixed 0.05,20261196,0.6341171875,0.049999999999999996,0.3875,261,0.0,488
Regime shifts,Fixed 0.05,20261197,0.6621171875,0.049999999999999996,0.4125,239,0.0,434
Regime shifts,Fixed 0.05,20261198,0.6477109375,0.049999999999999996,0.41875,249,0.0,456
Regime shifts,Fixed 0.05,20261199,0.653359375,0.049999999999999996,0.4375,243,0.0,441
Regime shifts,Fixed 0.05,20261200,0.6830546875000001,0.049999999999999996,0.38125,237,0.0,408
Regime shifts,Fixed 0.05,20261201,0.5536484375,0.049999999999999996,0.16875,284,0.0,691
Regime shifts,Fixed 0.05,20261202,0.6278203125,0.049999999999999996,0.25625,247,0.0,540
Regime shifts,Fixed 0.05,20261203,0.6404140625,0.049999999999999996,0.425,257,0.0,466
Regime shifts,Fixed 0.05,20261204,0.660015625,0.049999999999999996,0.3875,243,0.0,445
Regime shifts,Fixed 0.05,20261205,0.6709687499999999,0.049999999999999996,0.43125,256,0.0,412
Regime shifts,Fixed 0.05,20261206,0.6619140625,0.049999999999999996,0.25,243,0.0,484
Regime shifts,Fixed 0.05,20261207,0.6920390624999999,0.049999999999999996,0.44375,274,0.0,371
Regime shifts,Fixed 0.05,20261208,0.6582109375,0.049999999999999996,0.44375,225,0.0,432
Regime shifts,Fixed 0.05,20261209,0.6751015624999999,0.049999999999999996,0.39375,263,0.0,416
Regime shifts,Fixed 0.05,20261210,0.636953125,0.049999999999999996,0.40625,252,0.0,478
Regime shifts,Fixed 0.05,20261211,0.664859375,0.049999999999999996,0.45,266,0.0,416
Regime shifts,Fixed 0.05,20261212,0.6615,0.049999999999999996,0.3875,235,0.0,443
Regime shifts,Fixed 0.05,20261213,0.6387968749999999,0.049999999999999996,0.44375,242,0.0,464
Regime shifts,Fixed 0.05,20261214,0.6323203125,0.049999999999999996,0.325,250,0.0,511
Regime shifts,Fixed 0.05,20261215,0.6814921875,0.049999999999999996,0.4125,253,0.0,400
Regime shifts,Fixed 0.05,20261216,0.6390312499999999,0.049999999999999996,0.2875,266,0.0,510
Regime shifts,Fixed 0.05,20261217,0.6550156250000001,0.049999999999999996,0.41875,272,0.0,442
Regime shifts,Fixed 0.05,20261218,0.653734375,0.049999999999999996,0.425,246,0.0,444
Regime shifts,Fixed 0.05,20261219,0.6850156249999999,0.049999999999999996,0.3875,263,0.0,401
Regime shifts,Fixed 0.05,20261220,0.606109375,0.049999999999999996,0.23125,258,0.0,584
Regime shifts,Fixed 0.05,20261221,0.6730625,0.049999999999999996,0.3875,284,0.0,420
Regime shifts,Fixed 0.05,20261222,0.6567187499999999,0.049999999999999996,0.4375,262,0.0,434
Regime shifts,Fixed 0.05,20261223,0.658640625,0.049999999999999996,0.4125,268,0.0,438
Regime shifts,Fixed 0.05,20261224,0.643078125,0.049999999999999996,0.4625,256,0.0,450
Regime shifts,Fixed 0.05,20261225,0.65784375,0.049999999999999996,0.4,256,0.0,444
Regime shifts,Fixed 0.05,20261226,0.6729687500000001,0.049999999999999996,0.375,269,0.0,425
Regime shifts,Fixed 0.05,20261227,0.6206249999999999,0.049999999999999996,0.34375,268,0.0,524
Regime shifts,Fixed 0.05,20261228,0.609625,0.049999999999999996,0.2,252,0.0,588
Regime shifts,Fixed 0.05,20261229,0.689703125,0.049999999999999996,0.45,245,0.0,375
Regime shifts,Fixed 0.05,20261230,0.652390625,0.049999999999999996,0.4125,263,0.0,449
Regime shifts,Fixed 0.05,20261231,0.6641406249999999,0.049999999999999996,0.4375,252,0.0,422
Regime shifts,Fixed 0.05,20261232,0.63415625,0.049999999999999996,0.325,248,0.0,508
Regime shifts,Fixed 0.05,20261233,0.651328125,0.049999999999999996,0.3125,256,0.0,482
Regime shifts,Fixed 0.05,20261234,0.6436249999999999,0.049999999999999996,0.36875,269,0.0,477
Regime shifts,Fixed 0.05,20261235,0.609953125,0.049999999999999996,0.3375,270,0.0,544
Regime shifts,Fixed 0.05,20261236,0.641984375,0.049999999999999996,0.3375,275,0.0,489
Regime shifts,Fixed 0.05,20261237,0.6686171875,0.049999999999999996,0.33125,282,0.0,445
Regime shifts,Fixed 0.05,20261238,0.678171875,0.049999999999999996,0.38125,272,0.0,414
Regime shifts,Fixed 0.05,20261239,0.6376640625000001,0.049999999999999996,0.31875,247,0.0,504
Regime shifts,Fixed 0.05,20261240,0.6865781249999999,0.049999999999999996,0.41875,259,0.0,389
Regime shifts,Fixed 0.05,20261241,0.6892968749999999,0.049999999999999996,0.5,235,0.0,361
Regime shifts,Fixed 0.05,20261242,0.65853125,0.049999999999999996,0.35625,260,0.0,456
Regime shifts,Fixed 0.05,20261243,0.664640625,0.049999999999999996,0.4,277,0.0,431
Regime shifts,Fixed 0.05,20261244,0.6485156249999999,0.049999999999999996,0.4375,262,0.0,448
Regime shifts,Fixed 0.05,20261245,0.6805703124999999,0.049999999999999996,0.45625,255,0.0,388
Regime shifts,Fixed 0.05,20261246,0.6564140625,0.049999999999999996,0.35,253,0.0,462
Regime shifts,Fixed 0.05,20261247,0.65146875,0.049999999999999996,0.3,250,0.0,486
Regime shifts,Fixed 0.05,20261248,0.6710859375,0.049999999999999996,0.36875,271,0.0,430
Regime shifts,Fixed 0.05,20261249,0.6633359375000001,0.049999999999999996,0.45,245,0.0,420
Regime shifts,Fixed 0.05,20261250,0.6214375000000001,0.049999999999999996,0.275,234,0.0,546
Regime shifts,Fixed 0.05,20261251,0.649734375,0.049999999999999996,0.35,259,0.0,473
Regime shifts,Fixed 0.05,20261252,0.6491796875,0.049999999999999996,0.4375,260,0.0,447
Regime shifts,Fixed 0.05,20261253,0.6278984375,0.049999999999999996,0.31875,242,0.0,521
Regime shifts,Fixed 0.05,20261254,0.6777109375,0.049999999999999996,0.35625,249,0.0,424
Regime shifts,Fixed 0.05,20261255,0.6416875,0.049999999999999996,0.4125,252,0.0,468
Regime shifts,Fixed 0.05,20261256,0.6579453125000001,0.049999999999999996,0.325,239,0.0,468
Regime shifts,Fixed 0.05,20261257,0.6349453125,0.049999999999999996,0.2375,256,0.0,533
Regime shifts,Fixed 0.05,20261258,0.6906328125,0.049999999999999996,0.50625,262,0.0,355
Regime shifts,Fixed 0.05,20261259,0.6494609375,0.049999999999999996,0.4125,248,0.0,455
Regime shifts,Fixed 0.05,20261260,0.6521796875,0.049999999999999996,0.49375,269,0.0,424
Regime shifts,Fixed 0.05,20261261,0.6892968749999999,0.049999999999999996,0.40625,247,0.0,389
Regime shifts,Fixed 0.05,20261262,0.6446093749999999,0.049999999999999996,0.28125,227,0.0,505
Regime shifts,Fixed 0.05,20261263,0.6668046875,0.049999999999999996,0.44375,230,0.0,417
Regime shifts,Fixed 0.05,20261264,0.6496640625000001,0.049999999999999996,0.3875,253,0.0,462
Regime shifts,Fixed 0.05,20261265,0.6408906249999999,0.049999999999999996,0.3375,243,0.0,493
Regime shifts,Fixed 0.05,20261266,0.6754218750000001,0.049999999999999996,0.4625,253,0.0,395
Regime shifts,Fixed 0.05,20261267,0.664578125,0.049999999999999996,0.35,269,0.0,447
Regime shifts,Fixed 0.05,20261268,0.6506093749999999,0.049999999999999996,0.3,257,0.0,487
Regime shifts,Fixed 0.05,20261269,0.642921875,0.049999999999999996,0.275,239,0.0,509
Regime shifts,Fixed 0.05,20261270,0.654671875,0.049999999999999996,0.45625,213,0.0,435
Regime shifts,Fixed 0.05,20261271,0.6629531249999999,0.049999999999999996,0.45625,271,0.0,417
Regime shifts,Fixed 0.05,20261272,0.6290390625,0.049999999999999996,0.325,259,0.0,516
Regime shifts,Fixed 0.05,20261273,0.6098281249999999,0.049999999999999996,0.2375,254,0.0,576
Regime shifts,Fixed 0.05,20261274,0.6755000000000001,0.049999999999999996,0.4625,266,0.0,394
Regime shifts,Fixed 0.05,20261275,0.6520078125,0.049999999999999996,0.41875,244,0.0,449
Regime shifts,Fixed 0.05,20261276,0.691734375,0.049999999999999996,0.3875,256,0.0,390
Regime shifts,Fixed 0.05,20261277,0.6559375000000001,0.049999999999999996,0.375,240,0.0,456
Regime shifts,Fixed 0.05,20261278,0.654390625,0.049999999999999996,0.41875,273,0.0,443
Regime shifts,Fixed 0.05,20261279,0.6540390625,0.049999999999999996,0.3875,246,0.0,455
Regime shifts,Fixed 0.05,20261280,0.6822109375,0.049999999999999996,0.4875,264,0.0,375
Regime shifts,Fixed 0.05,20261281,0.666515625,0.049999999999999996,0.3375,247,0.0,449
Regime shifts,Fixed 0.05,20261282,0.6670390625,0.049999999999999996,0.4125,263,0.0,424
Regime shifts,Fixed 0.05,20261283,0.6644453125,0.049999999999999996,0.4625,264,0.0,413
Regime shifts,Fixed 0.05,20261284,0.6603984374999999,0.049999999999999996,0.38125,262,0.0,445
Regime shifts,Fixed 0.05,20261285,0.64296875,0.049999999999999996,0.34375,251,0.0,487
Regime shifts,Fixed 0.05,20261286,0.664625,0.049999999999999996,0.325,248,0.0,456
Regime shifts,Fixed 0.05,20261287,0.6663984375,0.049999999999999996,0.525,241,0.0,392
Regime shifts,Fixed 0.05,20261288,0.7100156249999999,0.049999999999999996,0.45,265,0.0,339
Regime shifts,Fixed 0.05,20261289,0.6569375,0.049999999999999996,0.45625,275,0.0,427
Regime shifts,Fixed 0.05,20261290,0.6540390625,0.049999999999999996,0.3875,261,0.0,454
Regime shifts,Fixed 0.05,20261291,0.67515625,0.049999999999999996,0.40625,234,0.0,414
Regime shifts,Fixed 0.05,20261292,0.6633906249999999,0.049999999999999996,0.55625,279,0.0,385
Regime shifts,Fixed 0.05,20261293,0.6672734375,0.049999999999999996,0.475,254,0.0,405
Regime shifts,Fixed 0.05,20261294,0.6605390625,0.049999999999999996,0.4,217,0.0,442
Regime shifts,Fixed 0.05,20261295,0.6437578125,0.049999999999999996,0.2875,265,0.0,502
Regime shifts,Fixed 0.05,20261296,0.6325390625,0.049999999999999996,0.375,239,0.0,496
Regime shifts,Fixed 0.05,20261297,0.664171875,0.049999999999999996,0.30625,256,0.0,462
Regime shifts,Fixed 0.05,20261298,0.6477812500000001,0.049999999999999996,0.31875,243,0.0,487
Regime shifts,Fixed 0.05,20261299,0.6236640625,0.049999999999999996,0.24375,261,0.0,550
Regime shifts,Fixed 0.05,20261300,0.649828125,0.049999999999999996,0.4875,238,0.0,432
Regime shifts,Fixed 0.05,20261301,0.6708828125,0.049999999999999996,0.3625,275,0.0,432
Regime shifts,Fixed 0.05,20261302,0.693375,0.049999999999999996,0.45,256,0.0,368
Regime shifts,Fixed 0.05,20261303,0.6730625,0.049999999999999996,0.41875,275,0.0,411
Regime shifts,Fixed 0.05,20261304,0.64615625,0.049999999999999996,0.425,260,0.0,456
Regime shifts,Fixed 0.05,20261305,0.6377578125,0.049999999999999996,0.3,286,0.0,507
Regime shifts,Fixed 0.05,20261306,0.607890625,0.049999999999999996,0.25,231,0.0,577
Regime shifts,Fixed 0.05,20261307,0.6148984375,0.049999999999999996,0.29375,240,0.0,551
Regime shifts,Fixed 0.05,20261308,0.617140625,0.049999999999999996,0.30625,245,0.0,543
Regime shifts,Fixed 0.05,20261309,0.662375,0.049999999999999996,0.43125,236,0.0,428
Regime shifts,Fixed 0.05,20261310,0.666875,0.049999999999999996,0.3125,263,0.0,455
Regime shifts,Fixed 0.05,20261311,0.6456015625,0.049999999999999996,0.3875,252,0.0,469
Regime shifts,Fixed 0.05,20261312,0.617890625,0.049999999999999996,0.28125,251,0.0,549
Regime shifts,Fixed 0.05,20261313,0.6462890625,0.049999999999999996,0.3125,295,0.0,488
Regime shifts,Fixed 0.05,20261314,0.6662421875,0.049999999999999996,0.43125,227,0.0,422
Regime shifts,Fixed 0.05,20261315,0.668359375,0.049999999999999996,0.375,222,0.0,436
Regime shifts,Fixed 0.05,20261316,0.6563203124999999,0.049999999999999996,0.36875,259,0.0,456
Regime shifts,Fixed 0.05,20261317,0.6241328125,0.049999999999999996,0.43125,240,0.0,493
Regime shifts,Fixed 0.05,20261318,0.6833125,0.049999999999999996,0.4625,246,0.0,382
Regime shifts,Fixed 0.05,20261319,0.6864062499999999,0.049999999999999996,0.5,234,0.0,366
Regime shifts,Fixed 0.05,20261320,0.65003125,0.049999999999999996,0.3375,234,0.0,478
Regime shifts,Fixed 0.05,20261321,0.6784609374999999,0.049999999999999996,0.425,243,0.0,402
Regime shifts,Fixed 0.05,20261322,0.6702265625000001,0.049999999999999996,0.36875,248,0.0,433
Regime shifts,Fixed 0.05,20261323,0.6523828125,0.049999999999999996,0.40625,247,0.0,452
Regime shifts,Fixed 0.05,20261324,0.665234375,0.049999999999999996,0.375,257,0.0,439
Regime shifts,Fixed 0.05,20261325,0.6949062500000001,0.049999999999999996,0.425,242,0.0,374
Regime shifts,Fixed 0.05,20261326,0.6542265625000001,0.049999999999999996,0.4125,246,0.0,447
Regime shifts,Fixed 0.05,20261327,0.6285546875000001,0.049999999999999996,0.1875,245,0.0,560
Regime shifts,Fixed 0.10,20260928,0.6706718749999999,0.09999999999999999,0.50625,533,0.0,371
Regime shifts,Fixed 0.10,20260929,0.670640625,0.09999999999999999,0.48125,529,0.0,379
Regime shifts,Fixed 0.10,20260930,0.6833281249999998,0.09999999999999999,0.475,488,0.0,362
Regime shifts,Fixed 0.10,20260931,0.6759921875,0.09999999999999999,0.3875,509,0.0,400
Regime shifts,Fixed 0.10,20260932,0.659265625,0.09999999999999999,0.4125,537,0.0,419
Regime shifts,Fixed 0.10,20260933,0.6770703124999999,0.09999999999999999,0.4375,521,0.0,382
Regime shifts,Fixed 0.10,20260934,0.6018281249999999,0.09999999999999999,0.36875,499,0.0,533
Regime shifts,Fixed 0.10,20260935,0.6628671875000001,0.09999999999999999,0.3875,485,0.0,424
Regime shifts,Fixed 0.10,20260936,0.66253125,0.09999999999999999,0.4,511,0.0,419
Regime shifts,Fixed 0.10,20260937,0.672828125,0.09999999999999999,0.41875,491,0.0,397
Regime shifts,Fixed 0.10,20260938,0.6360078124999999,0.09999999999999999,0.43125,506,0.0,455
Regime shifts,Fixed 0.10,20260939,0.6789140624999999,0.09999999999999999,0.475,541,0.0,366
Regime shifts,Fixed 0.10,20260940,0.6574140625,0.09999999999999999,0.4625,504,0.0,409
Regime shifts,Fixed 0.10,20260941,0.6634453124999999,0.09999999999999999,0.38125,529,0.0,422
Regime shifts,Fixed 0.10,20260942,0.6647187499999999,0.09999999999999999,0.43125,506,0.0,406
Regime shifts,Fixed 0.10,20260943,0.6209296875,0.09999999999999999,0.4,481,0.0,492
Regime shifts,Fixed 0.10,20260944,0.6376875,0.09999999999999999,0.4,532,0.0,460
Regime shifts,Fixed 0.10,20260945,0.6720624999999999,0.09999999999999999,0.4625,489,0.0,385
Regime shifts,Fixed 0.10,20260946,0.6563203124999999,0.09999999999999999,0.3375,478,0.0,451
Regime shifts,Fixed 0.10,20260947,0.6826484374999999,0.09999999999999999,0.4,491,0.0,386
Regime shifts,Fixed 0.10,20260948,0.6484687499999999,0.09999999999999999,0.4,481,0.0,445
Regime shifts,Fixed 0.10,20260949,0.656234375,0.09999999999999999,0.425,512,0.0,422
Regime shifts,Fixed 0.10,20260950,0.6518906249999998,0.09999999999999999,0.3875,481,0.0,443
Regime shifts,Fixed 0.10,20260951,0.6612734375,0.09999999999999999,0.39375,557,0.0,420
Regime shifts,Fixed 0.10,20260952,0.6563828124999999,0.09999999999999999,0.45,528,0.0,413
Regime shifts,Fixed 0.10,20260953,0.66803125,0.09999999999999999,0.39375,489,0.0,413
Regime shifts,Fixed 0.10,20260954,0.6714218749999998,0.09999999999999999,0.3875,521,0.0,407
Regime shifts,Fixed 0.10,20260955,0.6627812499999999,0.09999999999999999,0.475,519,0.0,395
Regime shifts,Fixed 0.10,20260956,0.6526093749999999,0.09999999999999999,0.36875,504,0.0,446
Regime shifts,Fixed 0.10,20260957,0.6574921874999999,0.09999999999999999,0.49375,538,0.0,397
Regime shifts,Fixed 0.10,20260958,0.6543984374999999,0.09999999999999999,0.33125,526,0.0,453
Regime shifts,Fixed 0.10,20260959,0.6603046874999999,0.09999999999999999,0.43125,484,0.0,415
Regime shifts,Fixed 0.10,20260960,0.6688828124999999,0.09999999999999999,0.41875,517,0.0,402
Regime shifts,Fixed 0.10,20260961,0.66803125,0.09999999999999999,0.4875,507,0.0,383
Regime shifts,Fixed 0.10,20260962,0.6787578125,0.09999999999999999,0.4125,503,0.0,388
Regime shifts,Fixed 0.10,20260963,0.6799062499999999,0.09999999999999999,0.39375,500,0.0,392
Regime shifts,Fixed 0.10,20260964,0.6741484375,0.09999999999999999,0.35,489,0.0,416
Regime shifts,Fixed 0.10,20260965,0.6753203124999999,0.09999999999999999,0.44375,522,0.0,383
Regime shifts,Fixed 0.10,20260966,0.6430312499999999,0.09999999999999999,0.3625,508,0.0,464
Regime shifts,Fixed 0.10,20260967,0.6718359374999999,0.09999999999999999,0.375,493,0.0,412
Regime shifts,Fixed 0.10,20260968,0.6249062499999999,0.09999999999999999,0.3625,522,0.0,494
Regime shifts,Fixed 0.10,20260969,0.6589453124999999,0.09999999999999999,0.4375,505,0.0,414
Regime shifts,Fixed 0.10,20260970,0.642015625,0.09999999999999999,0.33125,468,0.0,478
Regime shifts,Fixed 0.10,20260971,0.65821875,0.09999999999999999,0.41875,490,0.0,422
Regime shifts,Fixed 0.10,20260972,0.67684375,0.09999999999999999,0.44375,543,0.0,379
Regime shifts,Fixed 0.10,20260973,0.6849609375,0.09999999999999999,0.4375,499,0.0,370
Regime shifts,Fixed 0.10,20260974,0.677890625,0.09999999999999999,0.4375,545,0.0,379
Regime shifts,Fixed 0.10,20260975,0.6625937499999999,0.09999999999999999,0.48125,525,0.0,393
Regime shifts,Fixed 0.10,20260976,0.63965625,0.09999999999999999,0.44375,505,0.0,445
Regime shifts,Fixed 0.10,20260977,0.6969453124999999,0.09999999999999999,0.4625,512,0.0,341
Regime shifts,Fixed 0.10,20260978,0.6636171874999999,0.09999999999999999,0.4875,515,0.0,390
Regime shifts,Fixed 0.10,20260979,0.6654765625,0.09999999999999999,0.50625,531,0.0,380
Regime shifts,Fixed 0.10,20260980,0.6719765624999999,0.09999999999999999,0.425,544,0.0,393
Regime shifts,Fixed 0.10,20260981,0.6445859374999999,0.09999999999999999,0.3875,473,0.0,456
Regime shifts,Fixed 0.10,20260982,0.6468125,0.09999999999999999,0.48125,479,0.0,423
Regime shifts,Fixed 0.10,20260983,0.676328125,0.09999999999999999,0.46875,486,0.0,376
Regime shifts,Fixed 0.10,20260984,0.6778984375,0.09999999999999999,0.5375,489,0.0,352
Regime shifts,Fixed 0.10,20260985,0.6425624999999999,0.09999999999999999,0.45625,538,0.0,434
Regime shifts,Fixed 0.10,20260986,0.6510703124999999,0.09999999999999999,0.48125,505,0.0,414
Regime shifts,Fixed 0.10,20260987,0.661359375,0.09999999999999999,0.43125,517,0.0,411
Regime shifts,Fixed 0.10,20260988,0.6451093749999999,0.09999999999999999,0.43125,513,0.0,439
Regime shifts,Fixed 0.10,20260989,0.6949375,0.09999999999999999,0.48125,507,0.0,339
Regime shifts,Fixed 0.10,20260990,0.6617421875,0.09999999999999999,0.3625,554,0.0,429
Regime shifts,Fixed 0.10,20260991,0.6684531249999999,0.09999999999999999,0.3875,507,0.0,413
Regime shifts,Fixed 0.10,20260992,0.6641640625,0.09999999999999999,0.3625,492,0.0,429
Regime shifts,Fixed 0.10,20260993,0.65703125,0.09999999999999999,0.40625,503,0.0,427
Regime shifts,Fixed 0.10,20260994,0.64496875,0.09999999999999999,0.50625,531,0.0,415
Regime shifts,Fixed 0.10,20260995,0.65734375,0.09999999999999999,0.375,534,0.0,434
Regime shifts,Fixed 0.10,20260996,0.6731874999999999,0.09999999999999999,0.425,498,0.0,394
Regime shifts,Fixed 0.10,20260997,0.670515625,0.09999999999999999,0.475,546,0.0,380
Regime shifts,Fixed 0.10,20260998,0.6674765624999999,0.09999999999999999,0.3875,532,0.0,413
Regime shifts,Fixed 0.10,20260999,0.6406562499999999,0.09999999999999999,0.3375,489,0.0,477
Regime shifts,Fixed 0.10,20261000,0.6793359375,0.09999999999999999,0.5,520,0.0,359
Regime shifts,Fixed 0.10,20261001,0.6178828125,0.09999999999999999,0.36875,508,0.0,505
Regime shifts,Fixed 0.10,20261002,0.6855859375,0.09999999999999999,0.4375,498,0.0,369
Regime shifts,Fixed 0.10,20261003,0.6503281249999999,0.09999999999999999,0.35625,500,0.0,454
Regime shifts,Fixed 0.10,20261004,0.6731953125000001,0.09999999999999999,0.4625,475,0.0,384
Regime shifts,Fixed 0.10,20261005,0.65134375,0.09999999999999999,0.3875,510,0.0,442
Regime shifts,Fixed 0.10,20261006,0.69209375,0.09999999999999999,0.45625,500,0.0,352
Regime shifts,Fixed 0.10,20261007,0.6446796875,0.09999999999999999,0.3375,491,0.0,470
Regime shifts,Fixed 0.10,20261008,0.6627421874999999,0.09999999999999999,0.50625,511,0.0,386
Regime shifts,Fixed 0.10,20261009,0.6476640625,0.09999999999999999,0.44375,510,0.0,431
Regime shifts,Fixed 0.10,20261010,0.6862265624999999,0.09999999999999999,0.45,529,0.0,362
Regime shifts,Fixed 0.10,20261011,0.6735390625,0.09999999999999999,0.39375,513,0.0,402
Regime shifts,Fixed 0.10,20261012,0.6750859374999999,0.09999999999999999,0.38125,516,0.0,403
Regime shifts,Fixed 0.10,20261013,0.6480546875,0.09999999999999999,0.4125,449,0.0,444
Regime shifts,Fixed 0.10,20261014,0.6757656249999999,0.09999999999999999,0.45625,498,0.0,380
Regime shifts,Fixed 0.10,20261015,0.665015625,0.09999999999999999,0.45,532,0.0,398
Regime shifts,Fixed 0.10,20261016,0.7012031249999999,0.09999999999999999,0.43125,517,0.0,343
Regime shifts,Fixed 0.10,20261017,0.6744140625,0.09999999999999999,0.46875,460,0.0,381
Regime shifts,Fixed 0.10,20261018,0.66496875,0.09999999999999999,0.50625,514,0.0,382
Regime shifts,Fixed 0.10,20261019,0.676734375,0.09999999999999999,0.41875,466,0.0,392
Regime shifts,Fixed 0.10,20261020,0.66125,0.09999999999999999,0.40625,485,0.0,421
Regime shifts,Fixed 0.10,20261021,0.6674453124999999,0.09999999999999999,0.45625,501,0.0,394
Regime shifts,Fixed 0.10,20261022,0.6435390624999999,0.09999999999999999,0.45625,513,0.0,434
Regime shifts,Fixed 0.10,20261023,0.6521640625,0.09999999999999999,0.41875,525,0.0,430
Regime shifts,Fixed 0.10,20261024,0.6410859375,0.09999999999999999,0.4,475,0.0,458
Regime shifts,Fixed 0.10,20261025,0.6632265624999999,0.09999999999999999,0.425,513,0.0,410
Regime shifts,Fixed 0.10,20261026,0.6524765624999999,0.09999999999999999,0.48125,604,0.0,405
Regime shifts,Fixed 0.10,20261027,0.6472890624999998,0.09999999999999999,0.425,501,0.0,438
Regime shifts,Fixed 0.10,20261028,0.66675,0.09999999999999999,0.4,463,0.0,415
Regime shifts,Fixed 0.10,20261029,0.6368124999999999,0.09999999999999999,0.23125,477,0.0,517
Regime shifts,Fixed 0.10,20261030,0.6876249999999999,0.09999999999999999,0.4125,471,0.0,375
Regime shifts,Fixed 0.10,20261031,0.6737265625,0.09999999999999999,0.48125,495,0.0,376
Regime shifts,Fixed 0.10,20261032,0.6254062499999999,0.09999999999999999,0.3875,499,0.0,487
Regime shifts,Fixed 0.10,20261033,0.659640625,0.09999999999999999,0.43125,501,0.0,415
Regime shifts,Fixed 0.10,20261034,0.6601796875,0.09999999999999999,0.45625,492,0.0,407
Regime shifts,Fixed 0.10,20261035,0.6530703124999999,0.09999999999999999,0.39375,482,0.0,439
Regime shifts,Fixed 0.10,20261036,0.650765625,0.09999999999999999,0.39375,511,0.0,441
Regime shifts,Fixed 0.10,20261037,0.6455781249999999,0.09999999999999999,0.36875,519,0.0,457
Regime shifts,Fixed 0.10,20261038,0.6420703124999999,0.09999999999999999,0.375,505,0.0,462
Regime shifts,Fixed 0.10,20261039,0.6650937499999999,0.09999999999999999,0.45,500,0.0,400
Regime shifts,Fixed 0.10,20261040,0.6590624999999999,0.09999999999999999,0.40625,541,0.0,421
Regime shifts,Fixed 0.10,20261041,0.6912109375,0.09999999999999999,0.53125,507,0.0,330
Regime shifts,Fixed 0.10,20261042,0.6531484375,0.09999999999999999,0.4875,513,0.0,408
Regime shifts,Fixed 0.10,20261043,0.6262890625,0.09999999999999999,0.40625,510,0.0,479
Regime shifts,Fixed 0.10,20261044,0.6399609374999999,0.09999999999999999,0.3125,517,0.0,484
Regime shifts,Fixed 0.10,20261045,0.6531015625000001,0.09999999999999999,0.3875,540,0.0,437
Regime shifts,Fixed 0.10,20261046,0.6539609375,0.09999999999999999,0.3875,533,0.0,436
Regime shifts,Fixed 0.10,20261047,0.6474609375,0.09999999999999999,0.40625,523,0.0,442
Regime shifts,Fixed 0.10,20261048,0.6783984375,0.09999999999999999,0.40625,451,0.0,394
Regime shifts,Fixed 0.10,20261049,0.6669531249999999,0.09999999999999999,0.5,492,0.0,382
Regime shifts,Fixed 0.10,20261050,0.6536406249999999,0.09999999999999999,0.38125,525,0.0,439
Regime shifts,Fixed 0.10,20261051,0.6821484375,0.09999999999999999,0.46875,517,0.0,364
Regime shifts,Fixed 0.10,20261052,0.6604921874999999,0.09999999999999999,0.3625,511,0.0,434
Regime shifts,Fixed 0.10,20261053,0.6631953124999999,0.09999999999999999,0.49375,527,0.0,388
Regime shifts,Fixed 0.10,20261054,0.6233749999999999,0.09999999999999999,0.41875,482,0.0,482
Regime shifts,Fixed 0.10,20261055,0.6458671875,0.09999999999999999,0.44375,556,0.0,431
Regime shifts,Fixed 0.10,20261056,0.6518359374999999,0.09999999999999999,0.46875,528,0.0,415
Regime shifts,Fixed 0.10,20261057,0.6457656249999999,0.09999999999999999,0.39375,519,0.0,449
Regime shifts,Fixed 0.10,20261058,0.6697109374999999,0.09999999999999999,0.45625,533,0.0,388
Regime shifts,Fixed 0.10,20261059,0.6024062499999999,0.09999999999999999,0.3625,498,0.0,534
Regime shifts,Fixed 0.10,20261060,0.648875,0.09999999999999999,0.44375,539,0.0,427
Regime shifts,Fixed 0.10,20261061,0.6597109375000001,0.09999999999999999,0.425,483,0.0,418
Regime shifts,Fixed 0.10,20261062,0.6357265625,0.09999999999999999,0.425,512,0.0,457
Regime shifts,Fixed 0.10,20261063,0.6725078124999999,0.09999999999999999,0.4125,498,0.0,399
Regime shifts,Fixed 0.10,20261064,0.64440625,0.09999999999999999,0.43125,516,0.0,440
Regime shifts,Fixed 0.10,20261065,0.63996875,0.09999999999999999,0.475,503,0.0,435
Regime shifts,Fixed 0.10,20261066,0.665640625,0.09999999999999999,0.48125,492,0.0,390
Regime shifts,Fixed 0.10,20261067,0.6695546875,0.09999999999999999,0.425,531,0.0,398
Regime shifts,Fixed 0.10,20261068,0.6549609375,0.09999999999999999,0.40625,496,0.0,431
Regime shifts,Fixed 0.10,20261069,0.6398828125,0.09999999999999999,0.375,486,0.0,467
Regime shifts,Fixed 0.10,20261070,0.6722578125,0.09999999999999999,0.4625,529,0.0,382
Regime shifts,Fixed 0.10,20261071,0.64671875,0.09999999999999999,0.40625,497,0.0,445
Regime shifts,Fixed 0.10,20261072,0.6726875,0.09999999999999999,0.4625,473,0.0,385
Regime shifts,Fixed 0.10,20261073,0.6732734375,0.09999999999999999,0.4,536,0.0,399
Regime shifts,Fixed 0.10,20261074,0.64509375,0.09999999999999999,0.3875,490,0.0,454
Regime shifts,Fixed 0.10,20261075,0.6723671874999999,0.09999999999999999,0.45625,510,0.0,385
Regime shifts,Fixed 0.10,20261076,0.6741640624999999,0.09999999999999999,0.425,533,0.0,390
Regime shifts,Fixed 0.10,20261077,0.6769999999999999,0.09999999999999999,0.4125,503,0.0,391
Regime shifts,Fixed 0.10,20261078,0.6650625,0.09999999999999999,0.425,511,0.0,407
Regime shifts,Fixed 0.10,20261079,0.6826953124999999,0.09999999999999999,0.4375,467,0.0,376
Regime shifts,Fixed 0.10,20261080,0.632453125,0.09999999999999999,0.4625,543,0.0,449
Regime shifts,Fixed 0.10,20261081,0.6403749999999999,0.09999999999999999,0.39375,522,0.0,458
Regime shifts,Fixed 0.10,20261082,0.6216015625,0.09999999999999999,0.375,519,0.0,496
Regime shifts,Fixed 0.10,20261083,0.6857187499999999,0.09999999999999999,0.5125,494,0.0,346
Regime shifts,Fixed 0.10,20261084,0.6646796875,0.09999999999999999,0.4625,483,0.0,398
Regime shifts,Fixed 0.10,20261085,0.638671875,0.09999999999999999,0.46875,460,0.0,442
Regime shifts,Fixed 0.10,20261086,0.6395078125,0.09999999999999999,0.45,525,0.0,442
Regime shifts,Fixed 0.10,20261087,0.6606796875,0.09999999999999999,0.41875,502,0.0,417
Regime shifts,Fixed 0.10,20261088,0.64175,0.09999999999999999,0.4,518,0.0,454
Regime shifts,Fixed 0.10,20261089,0.647390625,0.09999999999999999,0.475,508,0.0,422
Regime shifts,Fixed 0.10,20261090,0.6384531249999998,0.09999999999999999,0.48125,528,0.0,434
Regime shifts,Fixed 0.10,20261091,0.6554843749999999,0.09999999999999999,0.45,506,0.0,416
Regime shifts,Fixed 0.10,20261092,0.6718828125,0.09999999999999999,0.4125,514,0.0,399
Regime shifts,Fixed 0.10,20261093,0.6395390624999999,0.09999999999999999,0.31875,514,0.0,483
Regime shifts,Fixed 0.10,20261094,0.6534375,0.09999999999999999,0.34375,493,0.0,453
Regime shifts,Fixed 0.10,20261095,0.66440625,0.09999999999999999,0.4625,505,0.0,397
Regime shifts,Fixed 0.10,20261096,0.668015625,0.09999999999999999,0.44375,514,0.0,396
Regime shifts,Fixed 0.10,20261097,0.6533359375,0.09999999999999999,0.3875,504,0.0,439
Regime shifts,Fixed 0.10,20261098,0.6519765624999999,0.09999999999999999,0.45625,507,0.0,420
Regime shifts,Fixed 0.10,20261099,0.6394375,0.09999999999999999,0.425,492,0.0,452
Regime shifts,Fixed 0.10,20261100,0.6660859374999999,0.09999999999999999,0.4625,492,0.0,395
Regime shifts,Fixed 0.10,20261101,0.6789765624999999,0.09999999999999999,0.43125,441,0.0,386
Regime shifts,Fixed 0.10,20261102,0.6613046875,0.09999999999999999,0.41875,546,0.0,413
Regime shifts,Fixed 0.10,20261103,0.6431484375000001,0.09999999999999999,0.39375,496,0.0,455
Regime shifts,Fixed 0.10,20261104,0.6885859375,0.09999999999999999,0.4625,531,0.0,354
Regime shifts,Fixed 0.10,20261105,0.627,0.09999999999999999,0.38125,502,0.0,486
Regime shifts,Fixed 0.10,20261106,0.675546875,0.09999999999999999,0.4375,470,0.0,388
Regime shifts,Fixed 0.10,20261107,0.6778203125,0.09999999999999999,0.475,494,0.0,371
Regime shifts,Fixed 0.10,20261108,0.6320546874999999,0.09999999999999999,0.425,486,0.0,465
Regime shifts,Fixed 0.10,20261109,0.653109375,0.09999999999999999,0.39375,496,0.0,438
Regime shifts,Fixed 0.10,20261110,0.6523281249999999,0.09999999999999999,0.39375,531,0.0,437
Regime shifts,Fixed 0.10,20261111,0.6555390625,0.09999999999999999,0.36875,534,0.0,439
Regime shifts,Fixed 0.10,20261112,0.6624140624999999,0.09999999999999999,0.4625,526,0.0,399
Regime shifts,Fixed 0.10,20261113,0.6246484375,0.09999999999999999,0.375,486,0.0,493
Regime shifts,Fixed 0.10,20261114,0.6298671875,0.09999999999999999,0.425,497,0.0,468
Regime shifts,Fixed 0.10,20261115,0.6932890625,0.09999999999999999,0.475,473,0.0,346
Regime shifts,Fixed 0.10,20261116,0.6619375,0.09999999999999999,0.425,501,0.0,413
Regime shifts,Fixed 0.10,20261117,0.62775,0.09999999999999999,0.41875,535,0.0,471
Regime shifts,Fixed 0.10,20261118,0.640390625,0.09999999999999999,0.375,533,0.0,463
Regime shifts,Fixed 0.10,20261119,0.649515625,0.09999999999999999,0.39375,513,0.0,443
Regime shifts,Fixed 0.10,20261120,0.6755625,0.09999999999999999,0.41875,526,0.0,390
Regime shifts,Fixed 0.10,20261121,0.6637578124999999,0.09999999999999999,0.44375,488,0.0,405
Regime shifts,Fixed 0.10,20261122,0.6651171874999999,0.09999999999999999,0.375,545,0.0,420
Regime shifts,Fixed 0.10,20261123,0.6187421875,0.09999999999999999,0.3375,510,0.0,513
Regime shifts,Fixed 0.10,20261124,0.619328125,0.09999999999999999,0.30625,489,0.0,523
Regime shifts,Fixed 0.10,20261125,0.6430546875,0.09999999999999999,0.35,460,0.0,471
Regime shifts,Fixed 0.10,20261126,0.6801484375,0.09999999999999999,0.43125,531,0.0,378
Regime shifts,Fixed 0.10,20261127,0.6365624999999999,0.09999999999999999,0.40625,502,0.0,462
Regime shifts,Fixed 0.10,20261128,0.663234375,0.09999999999999999,0.43125,514,0.0,408
Regime shifts,Fixed 0.10,20261129,0.6466093749999999,0.09999999999999999,0.31875,483,0.0,473
Regime shifts,Fixed 0.10,20261130,0.6449453125,0.09999999999999999,0.39375,480,0.0,453
Regime shifts,Fixed 0.10,20261131,0.679921875,0.09999999999999999,0.46875,499,0.0,369
Regime shifts,Fixed 0.10,20261132,0.6520546875,0.09999999999999999,0.425,544,0.0,427
Regime shifts,Fixed 0.10,20261133,0.65396875,0.09999999999999999,0.45625,501,0.0,417
Regime shifts,Fixed 0.10,20261134,0.6478203124999999,0.09999999999999999,0.475,512,0.0,421
Regime shifts,Fixed 0.10,20261135,0.6624140625000001,0.09999999999999999,0.36875,553,0.0,426
Regime shifts,Fixed 0.10,20261136,0.6746796875,0.09999999999999999,0.43125,506,0.0,389
Regime shifts,Fixed 0.10,20261137,0.6297499999999999,0.09999999999999999,0.39375,554,0.0,474
Regime shifts,Fixed 0.10,20261138,0.6608828124999999,0.09999999999999999,0.39375,522,0.0,423
Regime shifts,Fixed 0.10,20261139,0.66225,0.09999999999999999,0.39375,532,0.0,420
Regime shifts,Fixed 0.10,20261140,0.6843203124999999,0.09999999999999999,0.4875,510,0.0,355
Regime shifts,Fixed 0.10,20261141,0.6662109375,0.09999999999999999,0.4375,514,0.0,401
Regime shifts,Fixed 0.10,20261142,0.68590625,0.09999999999999999,0.4125,530,0.0,374
Regime shifts,Fixed 0.10,20261143,0.637796875,0.09999999999999999,0.4875,516,0.0,434
Regime shifts,Fixed 0.10,20261144,0.65909375,0.09999999999999999,0.4625,491,0.0,407
Regime shifts,Fixed 0.10,20261145,0.679671875,0.09999999999999999,0.3625,515,0.0,401
Regime shifts,Fixed 0.10,20261146,0.6768046875,0.09999999999999999,0.475,520,0.0,371
Regime shifts,Fixed 0.10,20261147,0.6544765625,0.09999999999999999,0.45625,488,0.0,417
Regime shifts,Fixed 0.10,20261148,0.63475,0.09999999999999999,0.3625,540,0.0,476
Regime shifts,Fixed 0.10,20261149,0.6239375,0.09999999999999999,0.36875,503,0.0,495
Regime shifts,Fixed 0.10,20261150,0.6473046874999999,0.09999999999999999,0.40625,497,0.0,444
Regime shifts,Fixed 0.10,20261151,0.6336328124999999,0.09999999999999999,0.4375,493,0.0,458
Regime shifts,Fixed 0.10,20261152,0.654015625,0.09999999999999999,0.43125,510,0.0,424
Regime shifts,Fixed 0.10,20261153,0.6290390625000001,0.09999999999999999,0.2625,502,0.0,519
Regime shifts,Fixed 0.10,20261154,0.6467499999999999,0.09999999999999999,0.4,525,0.0,445
Regime shifts,Fixed 0.10,20261155,0.6303203125,0.09999999999999999,0.475,480,0.0,453
Regime shifts,Fixed 0.10,20261156,0.6579296875,0.09999999999999999,0.46875,522,0.0,405
Regime shifts,Fixed 0.10,20261157,0.63409375,0.09999999999999999,0.4625,516,0.0,448
Regime shifts,Fixed 0.10,20261158,0.6703749999999999,0.09999999999999999,0.45625,501,0.0,389
Regime shifts,Fixed 0.10,20261159,0.6511484375000001,0.09999999999999999,0.45,512,0.0,423
Regime shifts,Fixed 0.10,20261160,0.6786874999999999,0.09999999999999999,0.45,512,0.0,376
Regime shifts,Fixed 0.10,20261161,0.65034375,0.09999999999999999,0.4,508,0.0,440
Regime shifts,Fixed 0.10,20261162,0.6530703124999999,0.09999999999999999,0.3625,506,0.0,447
Regime shifts,Fixed 0.10,20261163,0.6751328124999999,0.09999999999999999,0.45,528,0.0,381
Regime shifts,Fixed 0.10,20261164,0.6796953125,0.09999999999999999,0.4125,479,0.0,388
Regime shifts,Fixed 0.10,20261165,0.6925234375,0.09999999999999999,0.39375,522,0.0,369
Regime shifts,Fixed 0.10,20261166,0.694421875,0.09999999999999999,0.44375,513,0.0,351
Regime shifts,Fixed 0.10,20261167,0.6609999999999999,0.09999999999999999,0.4875,492,0.0,396
Regime shifts,Fixed 0.10,20261168,0.6658203125,0.09999999999999999,0.375,482,0.0,423
Regime shifts,Fixed 0.10,20261169,0.648578125,0.09999999999999999,0.39375,552,0.0,442
Regime shifts,Fixed 0.10,20261170,0.6492968749999999,0.09999999999999999,0.5,539,0.0,409
Regime shifts,Fixed 0.10,20261171,0.6873906249999999,0.09999999999999999,0.44375,513,0.0,363
Regime shifts,Fixed 0.10,20261172,0.6758984375,0.09999999999999999,0.4375,476,0.0,387
Regime shifts,Fixed 0.10,20261173,0.667828125,0.09999999999999999,0.45,535,0.0,393
Regime shifts,Fixed 0.10,20261174,0.6593515624999999,0.09999999999999999,0.41875,521,0.0,418
Regime shifts,Fixed 0.10,20261175,0.6664296875,0.09999999999999999,0.45625,527,0.0,394
Regime shifts,Fixed 0.10,20261176,0.6696875,0.09999999999999999,0.4375,530,0.0,394
Regime shifts,Fixed 0.10,20261177,0.6569765624999999,0.09999999999999999,0.3,499,0.0,460
Regime shifts,Fixed 0.10,20261178,0.667359375,0.09999999999999999,0.41875,541,0.0,403
Regime shifts,Fixed 0.10,20261179,0.68421875,0.09999999999999999,0.40625,527,0.0,379
Regime shifts,Fixed 0.10,20261180,0.6779921874999999,0.09999999999999999,0.45625,501,0.0,376
Regime shifts,Fixed 0.10,20261181,0.6567031249999999,0.09999999999999999,0.4875,482,0.0,404
Regime shifts,Fixed 0.10,20261182,0.667078125,0.09999999999999999,0.4125,517,0.0,407
Regime shifts,Fixed 0.10,20261183,0.6430390625,0.09999999999999999,0.3375,518,0.0,471
Regime shifts,Fixed 0.10,20261184,0.6782656249999999,0.09999999999999999,0.45625,554,0.0,372
Regime shifts,Fixed 0.10,20261185,0.6550859375,0.09999999999999999,0.475,536,0.0,407
Regime shifts,Fixed 0.10,20261186,0.6618984374999999,0.09999999999999999,0.425,487,0.0,414
Regime shifts,Fixed 0.10,20261187,0.643265625,0.09999999999999999,0.3625,517,0.0,463
Regime shifts,Fixed 0.10,20261188,0.6692890625,0.09999999999999999,0.49375,491,0.0,380
Regime shifts,Fixed 0.10,20261189,0.68525,0.09999999999999999,0.41875,473,0.0,377
Regime shifts,Fixed 0.10,20261190,0.6798437500000001,0.09999999999999999,0.5,492,0.0,360
Regime shifts,Fixed 0.10,20261191,0.6718984375,0.09999999999999999,0.4875,498,0.0,377
Regime shifts,Fixed 0.10,20261192,0.6562734375,0.09999999999999999,0.39375,475,0.0,434
Regime shifts,Fixed 0.10,20261193,0.6905468749999999,0.09999999999999999,0.46875,512,0.0,350
Regime shifts,Fixed 0.10,20261194,0.676546875,0.09999999999999999,0.45625,508,0.0,378
Regime shifts,Fixed 0.10,20261195,0.6618359375,0.09999999999999999,0.4375,506,0.0,409
Regime shifts,Fixed 0.10,20261196,0.6302578124999999,0.09999999999999999,0.39375,511,0.0,476
Regime shifts,Fixed 0.10,20261197,0.67396875,0.09999999999999999,0.4875,505,0.0,373
Regime shifts,Fixed 0.10,20261198,0.6486328125,0.09999999999999999,0.4375,514,0.0,431
Regime shifts,Fixed 0.10,20261199,0.658203125,0.09999999999999999,0.5,521,0.0,395
Regime shifts,Fixed 0.10,20261200,0.6643828125000001,0.09999999999999999,0.35,469,0.0,434
Regime shifts,Fixed 0.10,20261201,0.6391328125,0.09999999999999999,0.36875,564,0.0,465
Regime shifts,Fixed 0.10,20261202,0.665328125,0.09999999999999999,0.45,509,0.0,399
Regime shifts,Fixed 0.10,20261203,0.64034375,0.09999999999999999,0.43125,500,0.0,448
Regime shifts,Fixed 0.10,20261204,0.6610078125,0.09999999999999999,0.4,505,0.0,422
Regime shifts,Fixed 0.10,20261205,0.6676171875,0.09999999999999999,0.46875,499,0.0,390
Regime shifts,Fixed 0.10,20261206,0.6699140625,0.09999999999999999,0.36875,481,0.0,418
Regime shifts,Fixed 0.10,20261207,0.6831484375,0.09999999999999999,0.45625,504,0.0,367
Regime shifts,Fixed 0.10,20261208,0.6553359375,0.09999999999999999,0.45625,481,0.0,416
Regime shifts,Fixed 0.10,20261209,0.6655312499999999,0.09999999999999999,0.4875,496,0.0,388
Regime shifts,Fixed 0.10,20261210,0.64990625,0.09999999999999999,0.425,509,0.0,433
Regime shifts,Fixed 0.10,20261211,0.65171875,0.09999999999999999,0.4375,540,0.0,424
Regime shifts,Fixed 0.10,20261212,0.6636015625,0.09999999999999999,0.4125,501,0.0,414
Regime shifts,Fixed 0.10,20261213,0.671921875,0.09999999999999999,0.50625,486,0.0,372
Regime shifts,Fixed 0.10,20261214,0.6539609375,0.09999999999999999,0.45,485,0.0,420
Regime shifts,Fixed 0.10,20261215,0.66690625,0.09999999999999999,0.4625,516,0.0,392
Regime shifts,Fixed 0.10,20261216,0.6592734375,0.09999999999999999,0.35625,541,0.0,436
Regime shifts,Fixed 0.10,20261217,0.6744765625,0.09999999999999999,0.45625,516,0.0,381
Regime shifts,Fixed 0.10,20261218,0.66196875,0.09999999999999999,0.45,460,0.0,408
Regime shifts,Fixed 0.10,20261219,0.6812578125,0.09999999999999999,0.4125,559,0.0,380
Regime shifts,Fixed 0.10,20261220,0.6346093749999999,0.09999999999999999,0.34375,495,0.0,485
Regime shifts,Fixed 0.10,20261221,0.685359375,0.09999999999999999,0.44375,535,0.0,365
Regime shifts,Fixed 0.10,20261222,0.6455703125,0.09999999999999999,0.425,500,0.0,441
Regime shifts,Fixed 0.10,20261223,0.665078125,0.09999999999999999,0.46875,519,0.0,393
Regime shifts,Fixed 0.10,20261224,0.6542187499999998,0.09999999999999999,0.375,479,0.0,443
Regime shifts,Fixed 0.10,20261225,0.6608671874999998,0.09999999999999999,0.44375,487,0.0,410
Regime shifts,Fixed 0.10,20261226,0.6691640624999999,0.09999999999999999,0.425,526,0.0,399
Regime shifts,Fixed 0.10,20261227,0.6402812499999999,0.09999999999999999,0.4125,513,0.0,453
Regime shifts,Fixed 0.10,20261228,0.647828125,0.09999999999999999,0.325,483,0.0,469
Regime shifts,Fixed 0.10,20261229,0.6583828125,0.09999999999999999,0.425,517,0.0,418
Regime shifts,Fixed 0.10,20261230,0.6564453125,0.09999999999999999,0.40625,533,0.0,426
Regime shifts,Fixed 0.10,20261231,0.640109375,0.09999999999999999,0.43125,506,0.0,448
Regime shifts,Fixed 0.10,20261232,0.658734375,0.09999999999999999,0.425,523,0.0,417
Regime shifts,Fixed 0.10,20261233,0.6399609375,0.09999999999999999,0.375,514,0.0,465
Regime shifts,Fixed 0.10,20261234,0.6398828125,0.09999999999999999,0.40625,507,0.0,456
Regime shifts,Fixed 0.10,20261235,0.63053125,0.09999999999999999,0.3625,528,0.0,484
Regime shifts,Fixed 0.10,20261236,0.6316484375,0.09999999999999999,0.31875,521,0.0,496
Regime shifts,Fixed 0.10,20261237,0.674640625,0.09999999999999999,0.4,501,0.0,399
Regime shifts,Fixed 0.10,20261238,0.656890625,0.09999999999999999,0.3875,548,0.0,430
Regime shifts,Fixed 0.10,20261239,0.6258203124999999,0.09999999999999999,0.34375,540,0.0,497
Regime shifts,Fixed 0.10,20261240,0.68428125,0.09999999999999999,0.425,529,0.0,373
Regime shifts,Fixed 0.10,20261241,0.6822265625,0.09999999999999999,0.46875,485,0.0,366
Regime shifts,Fixed 0.10,20261242,0.6687578125,0.09999999999999999,0.4125,519,0.0,404
Regime shifts,Fixed 0.10,20261243,0.674625,0.09999999999999999,0.48125,532,0.0,372
Regime shifts,Fixed 0.10,20261244,0.6681171874999999,0.09999999999999999,0.49375,506,0.0,381
Regime shifts,Fixed 0.10,20261245,0.6764609375,0.09999999999999999,0.45,524,0.0,379
Regime shifts,Fixed 0.10,20261246,0.6539375,0.09999999999999999,0.4,536,0.0,432
Regime shifts,Fixed 0.10,20261247,0.6792109375,0.09999999999999999,0.4625,501,0.0,372
Regime shifts,Fixed 0.10,20261248,0.6755312499999999,0.09999999999999999,0.3625,531,0.0,407
Regime shifts,Fixed 0.10,20261249,0.6632265624999999,0.09999999999999999,0.4875,510,0.0,391
Regime shifts,Fixed 0.10,20261250,0.6538125,0.09999999999999999,0.39375,508,0.0,436
Regime shifts,Fixed 0.10,20261251,0.650953125,0.09999999999999999,0.35625,514,0.0,452
Regime shifts,Fixed 0.10,20261252,0.65090625,0.09999999999999999,0.5375,520,0.0,396
Regime shifts,Fixed 0.10,20261253,0.66246875,0.09999999999999999,0.475,482,0.0,398
Regime shifts,Fixed 0.10,20261254,0.6815468749999999,0.09999999999999999,0.4875,506,0.0,360
Regime shifts,Fixed 0.10,20261255,0.6744374999999999,0.09999999999999999,0.425,496,0.0,392
Regime shifts,Fixed 0.10,20261256,0.6660312499999999,0.09999999999999999,0.41875,485,0.0,409
Regime shifts,Fixed 0.10,20261257,0.63715625,0.09999999999999999,0.4125,518,0.0,458
Regime shifts,Fixed 0.10,20261258,0.6760937499999999,0.09999999999999999,0.46875,507,0.0,375
Regime shifts,Fixed 0.10,20261259,0.6481718749999998,0.09999999999999999,0.44375,452,0.0,434
Regime shifts,Fixed 0.10,20261260,0.645390625,0.09999999999999999,0.5,534,0.0,416
Regime shifts,Fixed 0.10,20261261,0.6924999999999999,0.09999999999999999,0.46875,507,0.0,347
Regime shifts,Fixed 0.10,20261262,0.6643984374999999,0.09999999999999999,0.3625,486,0.0,429
Regime shifts,Fixed 0.10,20261263,0.6708437500000001,0.09999999999999999,0.45625,504,0.0,388
Regime shifts,Fixed 0.10,20261264,0.6632890625,0.09999999999999999,0.475,506,0.0,395
Regime shifts,Fixed 0.10,20261265,0.6612734375,0.09999999999999999,0.425,503,0.0,414
Regime shifts,Fixed 0.10,20261266,0.6812265624999999,0.09999999999999999,0.5125,489,0.0,354
Regime shifts,Fixed 0.10,20261267,0.65403125,0.09999999999999999,0.35,554,0.0,446
Regime shifts,Fixed 0.10,20261268,0.658546875,0.09999999999999999,0.4,523,0.0,425
Regime shifts,Fixed 0.10,20261269,0.63859375,0.09999999999999999,0.375,504,0.0,468
Regime shifts,Fixed 0.10,20261270,0.6940859374999999,0.09999999999999999,0.45625,449,0.0,352
Regime shifts,Fixed 0.10,20261271,0.6674296875,0.09999999999999999,0.475,535,0.0,386
Regime shifts,Fixed 0.10,20261272,0.630875,0.09999999999999999,0.325,527,0.0,495
Regime shifts,Fixed 0.10,20261273,0.6520234374999999,0.09999999999999999,0.36875,519,0.0,446
Regime shifts,Fixed 0.10,20261274,0.6684921874999998,0.09999999999999999,0.41875,527,0.0,402
Regime shifts,Fixed 0.10,20261275,0.6531015625000001,0.09999999999999999,0.3875,525,0.0,438
Regime shifts,Fixed 0.10,20261276,0.6713125,0.09999999999999999,0.425,531,0.0,395
Regime shifts,Fixed 0.10,20261277,0.6608984375,0.09999999999999999,0.46875,506,0.0,401
Regime shifts,Fixed 0.10,20261278,0.6794921875,0.09999999999999999,0.5,501,0.0,360
Regime shifts,Fixed 0.10,20261279,0.65625,0.09999999999999999,0.4375,484,0.0,420
Regime shifts,Fixed 0.10,20261280,0.6755390624999998,0.09999999999999999,0.49375,526,0.0,367
Regime shifts,Fixed 0.10,20261281,0.6436796874999999,0.09999999999999999,0.38125,510,0.0,457
Regime shifts,Fixed 0.10,20261282,0.6774296874999999,0.09999999999999999,0.44375,528,0.0,379
Regime shifts,Fixed 0.10,20261283,0.6588203125,0.09999999999999999,0.49375,519,0.0,396
Regime shifts,Fixed 0.10,20261284,0.690265625,0.09999999999999999,0.4625,518,0.0,352
Regime shifts,Fixed 0.10,20261285,0.6534921874999999,0.09999999999999999,0.41875,506,0.0,429
Regime shifts,Fixed 0.10,20261286,0.6691953125,0.09999999999999999,0.45,515,0.0,392
Regime shifts,Fixed 0.10,20261287,0.665140625,0.09999999999999999,0.4875,491,0.0,389
Regime shifts,Fixed 0.10,20261288,0.678671875,0.09999999999999999,0.5,522,0.0,360
Regime shifts,Fixed 0.10,20261289,0.6696718749999999,0.09999999999999999,0.45625,549,0.0,387
Regime shifts,Fixed 0.10,20261290,0.66990625,0.09999999999999999,0.425,507,0.0,399
Regime shifts,Fixed 0.10,20261291,0.6542109374999999,0.09999999999999999,0.36875,493,0.0,444
Regime shifts,Fixed 0.10,20261292,0.6702578124999998,0.09999999999999999,0.4875,510,0.0,379
Regime shifts,Fixed 0.10,20261293,0.671890625,0.09999999999999999,0.5125,518,0.0,368
Regime shifts,Fixed 0.10,20261294,0.667796875,0.09999999999999999,0.45625,477,0.0,395
Regime shifts,Fixed 0.10,20261295,0.67240625,0.09999999999999999,0.425,518,0.0,394
Regime shifts,Fixed 0.10,20261296,0.6248515625,0.09999999999999999,0.35,491,0.0,500
Regime shifts,Fixed 0.10,20261297,0.6851796875,0.09999999999999999,0.425,521,0.0,372
Regime shifts,Fixed 0.10,20261298,0.6773359375,0.09999999999999999,0.4625,474,0.0,377
Regime shifts,Fixed 0.10,20261299,0.6571953125,0.09999999999999999,0.4125,515,0.0,424
Regime shifts,Fixed 0.10,20261300,0.6751640624999999,0.09999999999999999,0.475,487,0.0,376
Regime shifts,Fixed 0.10,20261301,0.6629765624999999,0.09999999999999999,0.35,535,0.0,432
Regime shifts,Fixed 0.10,20261302,0.6816953124999999,0.09999999999999999,0.48125,531,0.0,360
Regime shifts,Fixed 0.10,20261303,0.65978125,0.09999999999999999,0.41875,540,0.0,416
Regime shifts,Fixed 0.10,20261304,0.6515859374999999,0.09999999999999999,0.425,496,0.0,431
Regime shifts,Fixed 0.10,20261305,0.6684453124999999,0.09999999999999999,0.44375,563,0.0,392
Regime shifts,Fixed 0.10,20261306,0.6479765624999999,0.09999999999999999,0.4125,466,0.0,443
Regime shifts,Fixed 0.10,20261307,0.650625,0.09999999999999999,0.34375,490,0.0,458
Regime shifts,Fixed 0.10,20261308,0.6411171874999999,0.09999999999999999,0.425,509,0.0,448
Regime shifts,Fixed 0.10,20261309,0.6646796875,0.09999999999999999,0.4625,468,0.0,399
Regime shifts,Fixed 0.10,20261310,0.6792187499999999,0.09999999999999999,0.375,529,0.0,397
Regime shifts,Fixed 0.10,20261311,0.6226875,0.09999999999999999,0.30625,523,0.0,515
Regime shifts,Fixed 0.10,20261312,0.6367421875,0.09999999999999999,0.3625,519,0.0,474
Regime shifts,Fixed 0.10,20261313,0.65240625,0.09999999999999999,0.425,535,0.0,427
Regime shifts,Fixed 0.10,20261314,0.6731484374999999,0.09999999999999999,0.45625,490,0.0,385
Regime shifts,Fixed 0.10,20261315,0.6684765625,0.09999999999999999,0.40625,465,0.0,410
Regime shifts,Fixed 0.10,20261316,0.6533203124999999,0.09999999999999999,0.375,502,0.0,443
Regime shifts,Fixed 0.10,20261317,0.6536171874999999,0.09999999999999999,0.4875,516,0.0,407
Regime shifts,Fixed 0.10,20261318,0.68121875,0.09999999999999999,0.44375,506,0.0,374
Regime shifts,Fixed 0.10,20261319,0.671171875,0.09999999999999999,0.5,504,0.0,374
Regime shifts,Fixed 0.10,20261320,0.6538593749999999,0.09999999999999999,0.36875,517,0.0,443
Regime shifts,Fixed 0.10,20261321,0.658546875,0.09999999999999999,0.4,478,0.0,428
Regime shifts,Fixed 0.10,20261322,0.6498671874999999,0.09999999999999999,0.39375,504,0.0,443
Regime shifts,Fixed 0.10,20261323,0.6387968749999999,0.09999999999999999,0.4125,521,0.0,455
Regime shifts,Fixed 0.10,20261324,0.6742734374999999,0.09999999999999999,0.45,520,0.0,383
Regime shifts,Fixed 0.10,20261325,0.708609375,0.09999999999999999,0.45,481,0.0,327
Regime shifts,Fixed 0.10,20261326,0.6606015624999999,0.09999999999999999,0.45,495,0.0,408
Regime shifts,Fixed 0.10,20261327,0.6460234375,0.09999999999999999,0.35,489,0.0,464
Regime shifts,Fixed 0.20,20260928,0.6605546875,0.19999999999999998,0.475,1041,0.0,364
Regime shifts,Fixed 0.20,20260929,0.6272421874999999,0.19999999999999998,0.48125,1025,0.0,420
Regime shifts,Fixed 0.20,20260930,0.6451484375,0.19999999999999998,0.4625,1013,0.0,396
Regime shifts,Fixed 0.20,20260931,0.6590624999999999,0.19999999999999998,0.4375,967,0.0,383
Regime shifts,Fixed 0.20,20260932,0.6612734375,0.19999999999999998,0.4875,1025,0.0,360
Regime shifts,Fixed 0.20,20260933,0.6526640625,0.19999999999999998,0.44375,1057,0.0,386
Regime shifts,Fixed 0.20,20260934,0.6174062499999999,0.19999999999999998,0.425,1026,0.0,454
Regime shifts,Fixed 0.20,20260935,0.659859375,0.19999999999999998,0.45,979,0.0,377
Regime shifts,Fixed 0.20,20260936,0.6603828125,0.19999999999999998,0.4625,1013,0.0,370
Regime shifts,Fixed 0.20,20260937,0.6461953125,0.19999999999999998,0.425,994,0.0,407
Regime shifts,Fixed 0.20,20260938,0.6338984375,0.19999999999999998,0.43125,1025,0.0,424
Regime shifts,Fixed 0.20,20260939,0.6614140624999999,0.19999999999999998,0.475,1049,0.0,362
Regime shifts,Fixed 0.20,20260940,0.644125,0.19999999999999998,0.4875,1014,0.0,390
Regime shifts,Fixed 0.20,20260941,0.6526328125,0.19999999999999998,0.45,999,0.0,388
Regime shifts,Fixed 0.20,20260942,0.6505,0.19999999999999998,0.4625,1041,0.0,385
Regime shifts,Fixed 0.20,20260943,0.6241171875,0.19999999999999998,0.48125,985,0.0,428
Regime shifts,Fixed 0.20,20260944,0.6323828125000001,0.19999999999999998,0.4375,1050,0.0,423
Regime shifts,Fixed 0.20,20260945,0.6535234375,0.19999999999999998,0.4125,999,0.0,398
Regime shifts,Fixed 0.20,20260946,0.6547499999999999,0.19999999999999998,0.425,985,0.0,393
Regime shifts,Fixed 0.20,20260947,0.6513515625,0.19999999999999998,0.425,1012,0.0,397
Regime shifts,Fixed 0.20,20260948,0.648296875,0.19999999999999998,0.45,1005,0.0,395
Regime shifts,Fixed 0.20,20260949,0.6317109375,0.19999999999999998,0.43125,1036,0.0,427
Regime shifts,Fixed 0.20,20260950,0.6298046875,0.19999999999999998,0.375,969,0.0,452
Regime shifts,Fixed 0.20,20260951,0.6598125,0.19999999999999998,0.44375,1024,0.0,376
Regime shifts,Fixed 0.20,20260952,0.6440781250000001,0.19999999999999998,0.45,1023,0.0,401
Regime shifts,Fixed 0.20,20260953,0.647109375,0.19999999999999998,0.40625,967,0.0,413
Regime shifts,Fixed 0.20,20260954,0.6629765624999999,0.19999999999999998,0.44375,1048,0.0,369
Regime shifts,Fixed 0.20,20260955,0.636015625,0.19999999999999998,0.46875,1038,0.0,408
Regime shifts,Fixed 0.20,20260956,0.6625156249999999,0.19999999999999998,0.45,986,0.0,372
Regime shifts,Fixed 0.20,20260957,0.659734375,0.19999999999999998,0.475,1017,0.0,367
Regime shifts,Fixed 0.20,20260958,0.6488828124999999,0.19999999999999998,0.41875,1059,0.0,400
Regime shifts,Fixed 0.20,20260959,0.640765625,0.19999999999999998,0.45625,989,0.0,407
Regime shifts,Fixed 0.20,20260960,0.6587890625,0.19999999999999998,0.4375,1004,0.0,381
Regime shifts,Fixed 0.20,20260961,0.6522109374999999,0.19999999999999998,0.4875,1032,0.0,375
Regime shifts,Fixed 0.20,20260962,0.643390625,0.19999999999999998,0.4625,983,0.0,401
Regime shifts,Fixed 0.20,20260963,0.6588125,0.19999999999999998,0.425,1031,0.0,383
Regime shifts,Fixed 0.20,20260964,0.6601093749999999,0.19999999999999998,0.36875,1002,0.0,400
Regime shifts,Fixed 0.20,20260965,0.65196875,0.19999999999999998,0.48125,1037,0.0,377
Regime shifts,Fixed 0.20,20260966,0.6337187500000001,0.19999999999999998,0.475,1023,0.0,411
Regime shifts,Fixed 0.20,20260967,0.6679453124999999,0.19999999999999998,0.41875,1006,0.0,371
Regime shifts,Fixed 0.20,20260968,0.6075234375,0.19999999999999998,0.39375,1048,0.0,479
Regime shifts,Fixed 0.20,20260969,0.6435703125,0.19999999999999998,0.45,1006,0.0,403
Regime shifts,Fixed 0.20,20260970,0.6535546875,0.19999999999999998,0.4375,988,0.0,391
Regime shifts,Fixed 0.20,20260971,0.6536796875,0.19999999999999998,0.4125,995,0.0,398
Regime shifts,Fixed 0.20,20260972,0.667078125,0.19999999999999998,0.475,1039,0.0,353
Regime shifts,Fixed 0.20,20260973,0.6610078125,0.19999999999999998,0.43125,1036,0.0,377
Regime shifts,Fixed 0.20,20260974,0.6664921875,0.19999999999999998,0.44375,1063,0.0,362
Regime shifts,Fixed 0.20,20260975,0.6391093750000001,0.19999999999999998,0.475,1020,0.0,402
Regime shifts,Fixed 0.20,20260976,0.6334921875,0.19999999999999998,0.48125,1030,0.0,409
Regime shifts,Fixed 0.20,20260977,0.6738671875,0.19999999999999998,0.46875,999,0.0,346
Regime shifts,Fixed 0.20,20260978,0.631578125,0.19999999999999998,0.45,998,0.0,424
Regime shifts,Fixed 0.20,20260979,0.6438984375,0.19999999999999998,0.49375,1021,0.0,388
Regime shifts,Fixed 0.20,20260980,0.6539296875,0.19999999999999998,0.45625,1057,0.0,380
Regime shifts,Fixed 0.20,20260981,0.654546875,0.19999999999999998,0.45,1010,0.0,384
Regime shifts,Fixed 0.20,20260982,0.6273984375,0.19999999999999998,0.48125,1021,0.0,420
Regime shifts,Fixed 0.20,20260983,0.6549296874999999,0.19999999999999998,0.475,990,0.0,377
Regime shifts,Fixed 0.20,20260984,0.6569921875,0.19999999999999998,0.5,1002,0.0,365
Regime shifts,Fixed 0.20,20260985,0.6336562499999999,0.19999999999999998,0.45625,1051,0.0,415
Regime shifts,Fixed 0.20,20260986,0.6345000000000001,0.19999999999999998,0.44375,1042,0.0,418
Regime shifts,Fixed 0.20,20260987,0.6504921875,0.19999999999999998,0.425,1034,0.0,397
Regime shifts,Fixed 0.20,20260988,0.6250781249999999,0.19999999999999998,0.4375,1057,0.0,435
Regime shifts,Fixed 0.20,20260989,0.6681015625,0.19999999999999998,0.48125,1029,0.0,350
Regime shifts,Fixed 0.20,20260990,0.6421328125,0.19999999999999998,0.39375,1107,0.0,416
Regime shifts,Fixed 0.20,20260991,0.6398125,0.19999999999999998,0.38125,1014,0.0,430
Regime shifts,Fixed 0.20,20260992,0.6595234375,0.19999999999999998,0.4625,1035,0.0,370
Regime shifts,Fixed 0.20,20260993,0.6572109375,0.19999999999999998,0.45625,1018,0.0,377
Regime shifts,Fixed 0.20,20260994,0.6183281249999999,0.19999999999999998,0.44375,1036,0.0,446
Regime shifts,Fixed 0.20,20260995,0.6495234375,0.19999999999999998,0.4625,1066,0.0,385
Regime shifts,Fixed 0.20,20260996,0.6510234374999999,0.19999999999999998,0.44375,1039,0.0,390
Regime shifts,Fixed 0.20,20260997,0.6561015625,0.19999999999999998,0.475,1035,0.0,372
Regime shifts,Fixed 0.20,20260998,0.660484375,0.19999999999999998,0.45,1053,0.0,371
Regime shifts,Fixed 0.20,20260999,0.6421093750000001,0.19999999999999998,0.46875,1032,0.0,398
Regime shifts,Fixed 0.20,20261000,0.664828125,0.19999999999999998,0.4875,1024,0.0,354
Regime shifts,Fixed 0.20,20261001,0.6328906249999999,0.19999999999999998,0.4375,1007,0.0,425
Regime shifts,Fixed 0.20,20261002,0.6530859375,0.19999999999999998,0.4375,985,0.0,392
Regime shifts,Fixed 0.20,20261003,0.6658671875,0.19999999999999998,0.475,1010,0.0,357
Regime shifts,Fixed 0.20,20261004,0.652515625,0.19999999999999998,0.41875,996,0.0,398
Regime shifts,Fixed 0.20,20261005,0.6360546874999999,0.19999999999999998,0.46875,1007,0.0,410
Regime shifts,Fixed 0.20,20261006,0.6747656249999999,0.19999999999999998,0.46875,1021,0.0,343
Regime shifts,Fixed 0.20,20261007,0.6552890625,0.19999999999999998,0.45,1021,0.0,382
Regime shifts,Fixed 0.20,20261008,0.6436796874999999,0.19999999999999998,0.475,1068,0.0,391
Regime shifts,Fixed 0.20,20261009,0.6306328125,0.19999999999999998,0.475,1012,0.0,417
Regime shifts,Fixed 0.20,20261010,0.6641328125,0.19999999999999998,0.4625,1037,0.0,362
Regime shifts,Fixed 0.20,20261011,0.6825312499999999,0.19999999999999998,0.4625,986,0.0,334
Regime shifts,Fixed 0.20,20261012,0.6600937499999999,0.19999999999999998,0.45,1063,0.0,371
Regime shifts,Fixed 0.20,20261013,0.6617656249999999,0.19999999999999998,0.475,935,0.0,369
Regime shifts,Fixed 0.20,20261014,0.657640625,0.19999999999999998,0.45625,992,0.0,378
Regime shifts,Fixed 0.20,20261015,0.6339218749999999,0.19999999999999998,0.48125,1019,0.0,409
Regime shifts,Fixed 0.20,20261016,0.6872499999999999,0.19999999999999998,0.45625,999,0.0,327
Regime shifts,Fixed 0.20,20261017,0.6633984375,0.19999999999999998,0.5,958,0.0,357
Regime shifts,Fixed 0.20,20261018,0.645421875,0.19999999999999998,0.4625,1036,0.0,394
Regime shifts,Fixed 0.20,20261019,0.6658125,0.19999999999999998,0.4625,994,0.0,362
Regime shifts,Fixed 0.20,20261020,0.6533671875,0.19999999999999998,0.475,1015,0.0,378
Regime shifts,Fixed 0.20,20261021,0.6521874999999999,0.19999999999999998,0.5,990,0.0,374
Regime shifts,Fixed 0.20,20261022,0.6374765625000001,0.19999999999999998,0.48125,1018,0.0,403
Regime shifts,Fixed 0.20,20261023,0.6446328125,0.19999999999999998,0.4875,1046,0.0,387
Regime shifts,Fixed 0.20,20261024,0.6437890625,0.19999999999999998,0.5,1010,0.0,387
Regime shifts,Fixed 0.20,20261025,0.6542109375,0.19999999999999998,0.4625,1021,0.0,380
Regime shifts,Fixed 0.20,20261026,0.6267343750000001,0.19999999999999998,0.45,1137,0.0,423
Regime shifts,Fixed 0.20,20261027,0.6449765624999999,0.19999999999999998,0.45,1015,0.0,400
Regime shifts,Fixed 0.20,20261028,0.66209375,0.19999999999999998,0.4875,959,0.0,363
Regime shifts,Fixed 0.20,20261029,0.6565703125,0.19999999999999998,0.35,984,0.0,413
Regime shifts,Fixed 0.20,20261030,0.6567343749999999,0.19999999999999998,0.45,999,0.0,381
Regime shifts,Fixed 0.20,20261031,0.6613906249999999,0.19999999999999998,0.4875,1007,0.0,361
Regime shifts,Fixed 0.20,20261032,0.6294921875,0.19999999999999998,0.4375,989,0.0,432
Regime shifts,Fixed 0.20,20261033,0.651484375,0.19999999999999998,0.46875,1017,0.0,383
Regime shifts,Fixed 0.20,20261034,0.6533046875,0.19999999999999998,0.45625,998,0.0,385
Regime shifts,Fixed 0.20,20261035,0.6370390625000001,0.19999999999999998,0.44375,977,0.0,418
Regime shifts,Fixed 0.20,20261036,0.6655546875,0.19999999999999998,0.475,1018,0.0,357
Regime shifts,Fixed 0.20,20261037,0.6462343749999999,0.19999999999999998,0.39375,1047,0.0,413
Regime shifts,Fixed 0.20,20261038,0.6449296875,0.19999999999999998,0.44375,1030,0.0,401
Regime shifts,Fixed 0.20,20261039,0.6431093750000001,0.19999999999999998,0.45625,1064,0.0,398
Regime shifts,Fixed 0.20,20261040,0.634203125,0.19999999999999998,0.425,1061,0.0,423
Regime shifts,Fixed 0.20,20261041,0.6714296875,0.19999999999999998,0.4875,1065,0.0,340
Regime shifts,Fixed 0.20,20261042,0.635765625,0.19999999999999998,0.45625,1012,0.0,414
Regime shifts,Fixed 0.20,20261043,0.64709375,0.19999999999999998,0.4875,1043,0.0,383
Regime shifts,Fixed 0.20,20261044,0.620265625,0.19999999999999998,0.36875,1017,0.0,467
Regime shifts,Fixed 0.20,20261045,0.6368515625,0.19999999999999998,0.45,1058,0.0,411
Regime shifts,Fixed 0.20,20261046,0.6506875,0.19999999999999998,0.45625,1035,0.0,387
Regime shifts,Fixed 0.20,20261047,0.6389374999999999,0.19999999999999998,0.4625,1007,0.0,407
Regime shifts,Fixed 0.20,20261048,0.65021875,0.19999999999999998,0.39375,975,0.0,411
Regime shifts,Fixed 0.20,20261049,0.6367265625,0.19999999999999998,0.475,1036,0.0,405
Regime shifts,Fixed 0.20,20261050,0.641890625,0.19999999999999998,0.41875,1013,0.0,415
Regime shifts,Fixed 0.20,20261051,0.674390625,0.19999999999999998,0.48125,1018,0.0,340
Regime shifts,Fixed 0.20,20261052,0.6389374999999999,0.19999999999999998,0.43125,1031,0.0,415
Regime shifts,Fixed 0.20,20261053,0.635640625,0.19999999999999998,0.45,999,0.0,417
Regime shifts,Fixed 0.20,20261054,0.6076953125,0.19999999999999998,0.4375,1007,0.0,468
Regime shifts,Fixed 0.20,20261055,0.6368828125,0.19999999999999998,0.44375,1041,0.0,414
Regime shifts,Fixed 0.20,20261056,0.633015625,0.19999999999999998,0.4125,1059,0.0,429
Regime shifts,Fixed 0.20,20261057,0.6319609374999999,0.19999999999999998,0.4125,1011,0.0,434
Regime shifts,Fixed 0.20,20261058,0.654046875,0.19999999999999998,0.45625,1069,0.0,379
Regime shifts,Fixed 0.20,20261059,0.602640625,0.19999999999999998,0.39375,1008,0.0,490
Regime shifts,Fixed 0.20,20261060,0.620140625,0.19999999999999998,0.39375,1070,0.0,456
Regime shifts,Fixed 0.20,20261061,0.6622109374999999,0.19999999999999998,0.45625,1010,0.0,369
Regime shifts,Fixed 0.20,20261062,0.6379609374999999,0.19999999999999998,0.4625,1032,0.0,407
Regime shifts,Fixed 0.20,20261063,0.64934375,0.19999999999999998,0.44375,1007,0.0,395
Regime shifts,Fixed 0.20,20261064,0.6268671875,0.19999999999999998,0.4625,1001,0.0,428
Regime shifts,Fixed 0.20,20261065,0.6162890624999999,0.19999999999999998,0.4375,982,0.0,455
Regime shifts,Fixed 0.20,20261066,0.6499218749999999,0.19999999999999998,0.46875,982,0.0,388
Regime shifts,Fixed 0.20,20261067,0.647078125,0.19999999999999998,0.44375,1020,0.0,398
Regime shifts,Fixed 0.20,20261068,0.6386015625,0.19999999999999998,0.475,1003,0.0,404
Regime shifts,Fixed 0.20,20261069,0.6429843749999999,0.19999999999999998,0.41875,970,0.0,416
Regime shifts,Fixed 0.20,20261070,0.6401406249999999,0.19999999999999998,0.4875,1026,0.0,396
Regime shifts,Fixed 0.20,20261071,0.6482890625,0.19999999999999998,0.44375,974,0.0,399
Regime shifts,Fixed 0.20,20261072,0.6551640625,0.19999999999999998,0.44375,978,0.0,387
Regime shifts,Fixed 0.20,20261073,0.6683828125,0.19999999999999998,0.425,1011,0.0,368
Regime shifts,Fixed 0.20,20261074,0.6399921875000001,0.19999999999999998,0.4625,1010,0.0,405
Regime shifts,Fixed 0.20,20261075,0.6571093749999999,0.19999999999999998,0.5,1044,0.0,362
Regime shifts,Fixed 0.20,20261076,0.6476953125,0.19999999999999998,0.4375,1033,0.0,398
Regime shifts,Fixed 0.20,20261077,0.6603828125,0.19999999999999998,0.43125,1022,0.0,379
Regime shifts,Fixed 0.20,20261078,0.66453125,0.19999999999999998,0.46875,1028,0.0,360
Regime shifts,Fixed 0.20,20261079,0.658640625,0.19999999999999998,0.475,970,0.0,372
Regime shifts,Fixed 0.20,20261080,0.637265625,0.19999999999999998,0.46875,1036,0.0,406
Regime shifts,Fixed 0.20,20261081,0.63171875,0.19999999999999998,0.4375,1037,0.0,425
Regime shifts,Fixed 0.20,20261082,0.6298437499999999,0.19999999999999998,0.46875,1046,0.0,418
Regime shifts,Fixed 0.20,20261083,0.6736640625,0.19999999999999998,0.49375,1009,0.0,338
Regime shifts,Fixed 0.20,20261084,0.63446875,0.19999999999999998,0.45,999,0.0,419
Regime shifts,Fixed 0.20,20261085,0.637484375,0.19999999999999998,0.4875,989,0.0,403
Regime shifts,Fixed 0.20,20261086,0.6377890624999999,0.19999999999999998,0.5125,1031,0.0,392
Regime shifts,Fixed 0.20,20261087,0.6544609374999999,0.19999999999999998,0.44375,1011,0.0,386
Regime shifts,Fixed 0.20,20261088,0.6306171875000001,0.19999999999999998,0.43125,1034,0.0,429
Regime shifts,Fixed 0.20,20261089,0.6362343749999999,0.19999999999999998,0.45625,1015,0.0,413
Regime shifts,Fixed 0.20,20261090,0.6344453124999999,0.19999999999999998,0.4625,1047,0.0,412
Regime shifts,Fixed 0.20,20261091,0.64840625,0.19999999999999998,0.475,1022,0.0,386
Regime shifts,Fixed 0.20,20261092,0.6606640625000001,0.19999999999999998,0.46875,1067,0.0,364
Regime shifts,Fixed 0.20,20261093,0.6401953125,0.19999999999999998,0.375,1033,0.0,430
Regime shifts,Fixed 0.20,20261094,0.6446015624999999,0.19999999999999998,0.43125,991,0.0,408
Regime shifts,Fixed 0.20,20261095,0.6497499999999999,0.19999999999999998,0.4875,1020,0.0,380
Regime shifts,Fixed 0.20,20261096,0.6640859375,0.19999999999999998,0.425,1046,0.0,373
Regime shifts,Fixed 0.20,20261097,0.645296875,0.19999999999999998,0.425,957,0.0,411
Regime shifts,Fixed 0.20,20261098,0.6450234375,0.19999999999999998,0.4875,1036,0.0,387
Regime shifts,Fixed 0.20,20261099,0.627125,0.19999999999999998,0.48125,1028,0.0,420
Regime shifts,Fixed 0.20,20261100,0.631578125,0.19999999999999998,0.41875,1007,0.0,433
Regime shifts,Fixed 0.20,20261101,0.6618046874999999,0.19999999999999998,0.44375,928,0.0,379
Regime shifts,Fixed 0.20,20261102,0.6508671874999999,0.19999999999999998,0.44375,1058,0.0,389
Regime shifts,Fixed 0.20,20261103,0.6438437499999999,0.19999999999999998,0.45,1014,0.0,402
Regime shifts,Fixed 0.20,20261104,0.6740859374999999,0.19999999999999998,0.45625,1036,0.0,347
Regime shifts,Fixed 0.20,20261105,0.64425,0.19999999999999998,0.4625,1021,0.0,397
Regime shifts,Fixed 0.20,20261106,0.6603749999999999,0.19999999999999998,0.45625,982,0.0,374
Regime shifts,Fixed 0.20,20261107,0.6496328124999999,0.19999999999999998,0.45625,1002,0.0,391
Regime shifts,Fixed 0.20,20261108,0.6565312499999999,0.19999999999999998,0.475,1009,0.0,373
Regime shifts,Fixed 0.20,20261109,0.648640625,0.19999999999999998,0.44375,1010,0.0,396
Regime shifts,Fixed 0.20,20261110,0.6486640625,0.19999999999999998,0.4625,1043,0.0,388
Regime shifts,Fixed 0.20,20261111,0.65953125,0.19999999999999998,0.4375,1030,0.0,378
Regime shifts,Fixed 0.20,20261112,0.6411171875,0.19999999999999998,0.45625,995,0.0,406
Regime shifts,Fixed 0.20,20261113,0.6467968749999999,0.19999999999999998,0.4375,981,0.0,403
Regime shifts,Fixed 0.20,20261114,0.6244609375,0.19999999999999998,0.44375,1014,0.0,437
Regime shifts,Fixed 0.20,20261115,0.669171875,0.19999999999999998,0.4625,968,0.0,358
Regime shifts,Fixed 0.20,20261116,0.6471796875,0.19999999999999998,0.43125,1060,0.0,399
Regime shifts,Fixed 0.20,20261117,0.61834375,0.19999999999999998,0.45625,1053,0.0,441
Regime shifts,Fixed 0.20,20261118,0.6440859375,0.19999999999999998,0.45625,1024,0.0,399
Regime shifts,Fixed 0.20,20261119,0.6521484375,0.19999999999999998,0.4375,1039,0.0,390
Regime shifts,Fixed 0.20,20261120,0.6557031249999999,0.19999999999999998,0.4375,1008,0.0,386
Regime shifts,Fixed 0.20,20261121,0.64134375,0.19999999999999998,0.48125,994,0.0,398
Regime shifts,Fixed 0.20,20261122,0.6581093749999999,0.19999999999999998,0.45625,1070,0.0,372
Regime shifts,Fixed 0.20,20261123,0.6357890625,0.19999999999999998,0.44375,1084,0.0,413
Regime shifts,Fixed 0.20,20261124,0.6559999999999999,0.19999999999999998,0.425,998,0.0,390
Regime shifts,Fixed 0.20,20261125,0.6388125,0.19999999999999998,0.39375,937,0.0,433
Regime shifts,Fixed 0.20,20261126,0.662671875,0.19999999999999998,0.45,1057,0.0,367
Regime shifts,Fixed 0.20,20261127,0.645875,0.19999999999999998,0.45,1022,0.0,398
Regime shifts,Fixed 0.20,20261128,0.6300078124999999,0.19999999999999998,0.44375,1052,0.0,425
Regime shifts,Fixed 0.20,20261129,0.6640234374999998,0.19999999999999998,0.40625,1014,0.0,381
Regime shifts,Fixed 0.20,20261130,0.6525546875,0.19999999999999998,0.45,1016,0.0,387
Regime shifts,Fixed 0.20,20261131,0.659296875,0.19999999999999998,0.46875,1012,0.0,370
Regime shifts,Fixed 0.20,20261132,0.6531171875,0.19999999999999998,0.4625,1064,0.0,379
Regime shifts,Fixed 0.20,20261133,0.6396796874999999,0.19999999999999998,0.4625,1018,0.0,405
Regime shifts,Fixed 0.20,20261134,0.6433984374999999,0.19999999999999998,0.4375,1038,0.0,405
Regime shifts,Fixed 0.20,20261135,0.6543281249999999,0.19999999999999998,0.4625,1048,0.0,378
Regime shifts,Fixed 0.20,20261136,0.6692578124999999,0.19999999999999998,0.4375,991,0.0,364
Regime shifts,Fixed 0.20,20261137,0.6386171875,0.19999999999999998,0.4875,1110,0.0,393
Regime shifts,Fixed 0.20,20261138,0.6443281249999999,0.19999999999999998,0.43125,983,0.0,409
Regime shifts,Fixed 0.20,20261139,0.6349296875,0.19999999999999998,0.44375,1046,0.0,417
Regime shifts,Fixed 0.20,20261140,0.6486015624999999,0.19999999999999998,0.44375,996,0.0,397
Regime shifts,Fixed 0.20,20261141,0.6384609375,0.19999999999999998,0.45625,1033,0.0,408
Regime shifts,Fixed 0.20,20261142,0.675109375,0.19999999999999998,0.43125,1050,0.0,352
Regime shifts,Fixed 0.20,20261143,0.624890625,0.19999999999999998,0.475,1009,0.0,427
Regime shifts,Fixed 0.20,20261144,0.65,0.19999999999999998,0.46875,1010,0.0,386
Regime shifts,Fixed 0.20,20261145,0.655890625,0.19999999999999998,0.4,1056,0.0,394
Regime shifts,Fixed 0.20,20261146,0.6602499999999999,0.19999999999999998,0.48125,1050,0.0,362
Regime shifts,Fixed 0.20,20261147,0.635265625,0.19999999999999998,0.43125,990,0.0,424
Regime shifts,Fixed 0.20,20261148,0.639765625,0.19999999999999998,0.375,1059,0.0,429
Regime shifts,Fixed 0.20,20261149,0.6136874999999999,0.19999999999999998,0.41875,985,0.0,465
Regime shifts,Fixed 0.20,20261150,0.6555859374999999,0.19999999999999998,0.46875,987,0.0,378
Regime shifts,Fixed 0.20,20261151,0.6617421875,0.19999999999999998,0.4875,1013,0.0,360
Regime shifts,Fixed 0.20,20261152,0.6376484375,0.19999999999999998,0.4625,1055,0.0,406
Regime shifts,Fixed 0.20,20261153,0.650984375,0.19999999999999998,0.4125,1019,0.0,401
Regime shifts,Fixed 0.20,20261154,0.6471015625,0.19999999999999998,0.49375,1074,0.0,379
Regime shifts,Fixed 0.20,20261155,0.6239921875,0.19999999999999998,0.50625,1008,0.0,419
Regime shifts,Fixed 0.20,20261156,0.6421484375000001,0.19999999999999998,0.46875,1076,0.0,395
Regime shifts,Fixed 0.20,20261157,0.6157421874999999,0.19999999999999998,0.46875,1032,0.0,443
Regime shifts,Fixed 0.20,20261158,0.659359375,0.19999999999999998,0.45625,978,0.0,376
Regime shifts,Fixed 0.20,20261159,0.6381640625,0.19999999999999998,0.46875,1028,0.0,405
Regime shifts,Fixed 0.20,20261160,0.655,0.19999999999999998,0.4375,1011,0.0,387
Regime shifts,Fixed 0.20,20261161,0.6306484375,0.19999999999999998,0.425,987,0.0,434
Regime shifts,Fixed 0.20,20261162,0.6357109375000001,0.19999999999999998,0.44375,1056,0.0,415
Regime shifts,Fixed 0.20,20261163,0.6427031249999999,0.19999999999999998,0.4125,1051,0.0,413
Regime shifts,Fixed 0.20,20261164,0.6729531249999999,0.19999999999999998,0.45625,990,0.0,352
Regime shifts,Fixed 0.20,20261165,0.6704609375,0.19999999999999998,0.49375,1016,0.0,343
Regime shifts,Fixed 0.20,20261166,0.6678984374999999,0.19999999999999998,0.475,1048,0.0,351
Regime shifts,Fixed 0.20,20261167,0.6441328125,0.19999999999999998,0.49375,970,0.0,391
Regime shifts,Fixed 0.20,20261168,0.6564218749999999,0.19999999999999998,0.41875,1031,0.0,389
Regime shifts,Fixed 0.20,20261169,0.649203125,0.19999999999999998,0.45625,1058,0.0,388
Regime shifts,Fixed 0.20,20261170,0.6370078125,0.19999999999999998,0.48125,1045,0.0,402
Regime shifts,Fixed 0.20,20261171,0.6646796875,0.19999999999999998,0.4625,1023,0.0,362
Regime shifts,Fixed 0.20,20261172,0.6686328125,0.19999999999999998,0.4375,992,0.0,365
Regime shifts,Fixed 0.20,20261173,0.6461171875,0.19999999999999998,0.4875,1038,0.0,385
Regime shifts,Fixed 0.20,20261174,0.647171875,0.19999999999999998,0.45625,1020,0.0,394
Regime shifts,Fixed 0.20,20261175,0.6446171875,0.19999999999999998,0.44375,1023,0.0,402
Regime shifts,Fixed 0.20,20261176,0.654984375,0.19999999999999998,0.425,1039,0.0,389
Regime shifts,Fixed 0.20,20261177,0.6286640625000001,0.19999999999999998,0.43125,1009,0.0,434
Regime shifts,Fixed 0.20,20261178,0.6439609374999999,0.19999999999999998,0.41875,1020,0.0,411
Regime shifts,Fixed 0.20,20261179,0.6598906249999998,0.19999999999999998,0.4125,1061,0.0,383
Regime shifts,Fixed 0.20,20261180,0.674921875,0.19999999999999998,0.4375,966,0.0,356
Regime shifts,Fixed 0.20,20261181,0.6445624999999999,0.19999999999999998,0.49375,1004,0.0,388
Regime shifts,Fixed 0.20,20261182,0.6532421874999998,0.19999999999999998,0.4375,981,0.0,392
Regime shifts,Fixed 0.20,20261183,0.645484375,0.19999999999999998,0.48125,1038,0.0,388
Regime shifts,Fixed 0.20,20261184,0.6625781249999999,0.19999999999999998,0.46875,1108,0.0,358
Regime shifts,Fixed 0.20,20261185,0.64396875,0.19999999999999998,0.45625,1072,0.0,396
Regime shifts,Fixed 0.20,20261186,0.639203125,0.19999999999999998,0.425,993,0.0,419
Regime shifts,Fixed 0.20,20261187,0.649875,0.19999999999999998,0.43125,1006,0.0,398
Regime shifts,Fixed 0.20,20261188,0.6630078124999998,0.19999999999999998,0.5,1028,0.0,353
Regime shifts,Fixed 0.20,20261189,0.6730390624999999,0.19999999999999998,0.4625,974,0.0,351
Regime shifts,Fixed 0.20,20261190,0.6602734374999999,0.19999999999999998,0.5,1008,0.0,359
Regime shifts,Fixed 0.20,20261191,0.6423671875,0.19999999999999998,0.4875,999,0.0,394
Regime shifts,Fixed 0.20,20261192,0.649078125,0.19999999999999998,0.41875,994,0.0,404
Regime shifts,Fixed 0.20,20261193,0.6684374999999999,0.19999999999999998,0.46875,1048,0.0,352
Regime shifts,Fixed 0.20,20261194,0.663078125,0.19999999999999998,0.4625,1019,0.0,365
Regime shifts,Fixed 0.20,20261195,0.6462421875,0.19999999999999998,0.4625,1000,0.0,395
Regime shifts,Fixed 0.20,20261196,0.6330703125,0.19999999999999998,0.45625,1006,0.0,419
Regime shifts,Fixed 0.20,20261197,0.658734375,0.19999999999999998,0.4875,1015,0.0,365
Regime shifts,Fixed 0.20,20261198,0.6466015625,0.19999999999999998,0.46875,1037,0.0,390
Regime shifts,Fixed 0.20,20261199,0.6305703125,0.19999999999999998,0.45625,1040,0.0,421
Regime shifts,Fixed 0.20,20261200,0.6442890625000001,0.19999999999999998,0.43125,969,0.0,410
Regime shifts,Fixed 0.20,20261201,0.63640625,0.19999999999999998,0.4375,1067,0.0,415
Regime shifts,Fixed 0.20,20261202,0.641296875,0.19999999999999998,0.4125,997,0.0,419
Regime shifts,Fixed 0.20,20261203,0.635390625,0.19999999999999998,0.46875,1009,0.0,411
Regime shifts,Fixed 0.20,20261204,0.6516328124999999,0.19999999999999998,0.4625,952,0.0,389
Regime shifts,Fixed 0.20,20261205,0.6477187499999999,0.19999999999999998,0.45625,976,0.0,396
Regime shifts,Fixed 0.20,20261206,0.6642890625,0.19999999999999998,0.43125,997,0.0,374
Regime shifts,Fixed 0.20,20261207,0.6573046875,0.19999999999999998,0.46875,1018,0.0,373
Regime shifts,Fixed 0.20,20261208,0.6393984374999999,0.19999999999999998,0.45625,949,0.0,412
Regime shifts,Fixed 0.20,20261209,0.6411093749999999,0.19999999999999998,0.48125,985,0.0,399
Regime shifts,Fixed 0.20,20261210,0.6234453125,0.19999999999999998,0.44375,995,0.0,440
Regime shifts,Fixed 0.20,20261211,0.6435078125,0.19999999999999998,0.4625,1055,0.0,396
Regime shifts,Fixed 0.20,20261212,0.655828125,0.19999999999999998,0.475,997,0.0,375
Regime shifts,Fixed 0.20,20261213,0.654046875,0.19999999999999998,0.4875,1000,0.0,374
Regime shifts,Fixed 0.20,20261214,0.6396875,0.19999999999999998,0.4375,1028,0.0,412
Regime shifts,Fixed 0.20,20261215,0.6595624999999999,0.19999999999999998,0.43125,1013,0.0,381
Regime shifts,Fixed 0.20,20261216,0.6359765625,0.19999999999999998,0.375,1021,0.0,438
Regime shifts,Fixed 0.20,20261217,0.6488828124999999,0.19999999999999998,0.45,1065,0.0,390
Regime shifts,Fixed 0.20,20261218,0.6406015625,0.19999999999999998,0.45,962,0.0,411
Regime shifts,Fixed 0.20,20261219,0.659671875,0.19999999999999998,0.425,1069,0.0,379
Regime shifts,Fixed 0.20,20261220,0.6453671875,0.19999999999999998,0.45,975,0.0,402
Regime shifts,Fixed 0.20,20261221,0.6618125,0.19999999999999998,0.45,1049,0.0,369
Regime shifts,Fixed 0.20,20261222,0.6420234375,0.19999999999999998,0.4625,1033,0.0,400
Regime shifts,Fixed 0.20,20261223,0.6553828124999999,0.19999999999999998,0.4625,1051,0.0,376
Regime shifts,Fixed 0.20,20261224,0.6277265625,0.19999999999999998,0.43125,1018,0.0,435
Regime shifts,Fixed 0.20,20261225,0.643,0.19999999999999998,0.49375,1014,0.0,390
Regime shifts,Fixed 0.20,20261226,0.6549765625,0.19999999999999998,0.45,1059,0.0,380
Regime shifts,Fixed 0.20,20261227,0.6396171875,0.19999999999999998,0.44375,1016,0.0,411
Regime shifts,Fixed 0.20,20261228,0.6300546875,0.19999999999999998,0.41875,971,0.0,438
Regime shifts,Fixed 0.20,20261229,0.6496953124999999,0.19999999999999998,0.44375,1058,0.0,391
Regime shifts,Fixed 0.20,20261230,0.64978125,0.19999999999999998,0.45,1057,0.0,389
Regime shifts,Fixed 0.20,20261231,0.643828125,0.19999999999999998,0.46875,1018,0.0,396
Regime shifts,Fixed 0.20,20261232,0.6528671875,0.19999999999999998,0.48125,1044,0.0,375
Regime shifts,Fixed 0.20,20261233,0.6332421874999999,0.19999999999999998,0.4375,1058,0.0,421
Regime shifts,Fixed 0.20,20261234,0.6331328124999999,0.19999999999999998,0.4125,1026,0.0,431
Regime shifts,Fixed 0.20,20261235,0.6337421875,0.19999999999999998,0.43125,1059,0.0,422
Regime shifts,Fixed 0.20,20261236,0.661453125,0.19999999999999998,0.475,988,0.0,366
Regime shifts,Fixed 0.20,20261237,0.65528125,0.19999999999999998,0.44375,990,0.0,386
Regime shifts,Fixed 0.20,20261238,0.656859375,0.19999999999999998,0.45625,1087,0.0,373
Regime shifts,Fixed 0.20,20261239,0.653234375,0.19999999999999998,0.4625,1016,0.0,382
Regime shifts,Fixed 0.20,20261240,0.6592265625,0.19999999999999998,0.44375,1024,0.0,377
Regime shifts,Fixed 0.20,20261241,0.6607578125,0.19999999999999998,0.45,1016,0.0,373
Regime shifts,Fixed 0.20,20261242,0.6538359375,0.19999999999999998,0.4125,991,0.0,398
Regime shifts,Fixed 0.20,20261243,0.6605546875,0.19999999999999998,0.475,1071,0.0,362
Regime shifts,Fixed 0.20,20261244,0.6458828125,0.19999999999999998,0.4875,1029,0.0,386
Regime shifts,Fixed 0.20,20261245,0.6658515625,0.19999999999999998,0.4625,1053,0.0,358
Regime shifts,Fixed 0.20,20261246,0.6371796875,0.19999999999999998,0.4,1055,0.0,426
Regime shifts,Fixed 0.20,20261247,0.6682343749999999,0.19999999999999998,0.49375,998,0.0,348
Regime shifts,Fixed 0.20,20261248,0.660328125,0.19999999999999998,0.41875,1036,0.0,382
Regime shifts,Fixed 0.20,20261249,0.6341171875,0.19999999999999998,0.45,993,0.0,420
Regime shifts,Fixed 0.20,20261250,0.648875,0.19999999999999998,0.475,1025,0.0,385
Regime shifts,Fixed 0.20,20261251,0.649453125,0.19999999999999998,0.40625,997,0.0,407
Regime shifts,Fixed 0.20,20261252,0.63153125,0.19999999999999998,0.5375,1091,0.0,391
Regime shifts,Fixed 0.20,20261253,0.6384062500000001,0.19999999999999998,0.475,1008,0.0,404
Regime shifts,Fixed 0.20,20261254,0.6625390624999999,0.19999999999999998,0.46875,1049,0.0,362
Regime shifts,Fixed 0.20,20261255,0.6424296875,0.19999999999999998,0.44375,1019,0.0,406
Regime shifts,Fixed 0.20,20261256,0.64471875,0.19999999999999998,0.43125,1003,0.0,407
Regime shifts,Fixed 0.20,20261257,0.6375390624999999,0.19999999999999998,0.46875,1029,0.0,406
Regime shifts,Fixed 0.20,20261258,0.6659765624999999,0.19999999999999998,0.46875,991,0.0,360
Regime shifts,Fixed 0.20,20261259,0.6410546874999999,0.19999999999999998,0.46875,999,0.0,402
Regime shifts,Fixed 0.20,20261260,0.6306640625,0.19999999999999998,0.5,1016,0.0,409
Regime shifts,Fixed 0.20,20261261,0.6803828125,0.19999999999999998,0.49375,1002,0.0,327
Regime shifts,Fixed 0.20,20261262,0.6361874999999999,0.19999999999999998,0.41875,1024,0.0,424
Regime shifts,Fixed 0.20,20261263,0.6431406249999999,0.19999999999999998,0.45,1047,0.0,401
Regime shifts,Fixed 0.20,20261264,0.6422109375,0.19999999999999998,0.45625,1042,0.0,401
Regime shifts,Fixed 0.20,20261265,0.6602421875,0.19999999999999998,0.44375,998,0.0,377
Regime shifts,Fixed 0.20,20261266,0.6520937499999999,0.19999999999999998,0.4875,990,0.0,378
Regime shifts,Fixed 0.20,20261267,0.6488359375,0.19999999999999998,0.44375,1080,0.0,391
Regime shifts,Fixed 0.20,20261268,0.6476640625,0.19999999999999998,0.4125,1029,0.0,406
Regime shifts,Fixed 0.20,20261269,0.6354609374999999,0.19999999999999998,0.43125,1030,0.0,421
Regime shifts,Fixed 0.20,20261270,0.6586562499999999,0.19999999999999998,0.45625,966,0.0,378
Regime shifts,Fixed 0.20,20261271,0.65921875,0.19999999999999998,0.5,990,0.0,362
Regime shifts,Fixed 0.20,20261272,0.6532890625,0.19999999999999998,0.4125,1050,0.0,395
Regime shifts,Fixed 0.20,20261273,0.6514609374999999,0.19999999999999998,0.45,1014,0.0,389
Regime shifts,Fixed 0.20,20261274,0.6462187499999998,0.19999999999999998,0.44375,1042,0.0,398
Regime shifts,Fixed 0.20,20261275,0.6404453125,0.19999999999999998,0.48125,1047,0.0,396
Regime shifts,Fixed 0.20,20261276,0.6697968750000001,0.19999999999999998,0.4625,1072,0.0,350
Regime shifts,Fixed 0.20,20261277,0.634203125,0.19999999999999998,0.425,1046,0.0,424
Regime shifts,Fixed 0.20,20261278,0.66021875,0.19999999999999998,0.4875,1037,0.0,361
Regime shifts,Fixed 0.20,20261279,0.63571875,0.19999999999999998,0.45,1012,0.0,416
Regime shifts,Fixed 0.20,20261280,0.655984375,0.19999999999999998,0.475,1038,0.0,372
Regime shifts,Fixed 0.20,20261281,0.6319296875,0.19999999999999998,0.41875,953,0.0,436
Regime shifts,Fixed 0.20,20261282,0.653875,0.19999999999999998,0.4125,1020,0.0,396
Regime shifts,Fixed 0.20,20261283,0.6411093749999999,0.19999999999999998,0.48125,1030,0.0,396
Regime shifts,Fixed 0.20,20261284,0.6605703125,0.19999999999999998,0.45625,1037,0.0,370
Regime shifts,Fixed 0.20,20261285,0.6667734375000001,0.19999999999999998,0.48125,1018,0.0,353
Regime shifts,Fixed 0.20,20261286,0.6648359374999999,0.19999999999999998,0.49375,995,0.0,354
Regime shifts,Fixed 0.20,20261287,0.643078125,0.19999999999999998,0.4625,1036,0.0,398
Regime shifts,Fixed 0.20,20261288,0.6606328124999999,0.19999999999999998,0.475,1039,0.0,364
Regime shifts,Fixed 0.20,20261289,0.6570703124999999,0.19999999999999998,0.4375,1078,0.0,379
Regime shifts,Fixed 0.20,20261290,0.6334609375,0.19999999999999998,0.425,1050,0.0,425
Regime shifts,Fixed 0.20,20261291,0.6561484375,0.19999999999999998,0.45,1059,0.0,378
Regime shifts,Fixed 0.20,20261292,0.6516249999999999,0.19999999999999998,0.4875,1002,0.0,378
Regime shifts,Fixed 0.20,20261293,0.6400937499999999,0.19999999999999998,0.48125,1041,0.0,397
Regime shifts,Fixed 0.20,20261294,0.655109375,0.19999999999999998,0.4625,983,0.0,381
Regime shifts,Fixed 0.20,20261295,0.6748125,0.19999999999999998,0.475,1036,0.0,340
Regime shifts,Fixed 0.20,20261296,0.6302343749999999,0.19999999999999998,0.46875,1036,0.0,418
Regime shifts,Fixed 0.20,20261297,0.6562812499999999,0.19999999999999998,0.4625,1013,0.0,377
Regime shifts,Fixed 0.20,20261298,0.6635624999999999,0.19999999999999998,0.44375,1033,0.0,369
Regime shifts,Fixed 0.20,20261299,0.624375,0.19999999999999998,0.46875,991,0.0,431
Regime shifts,Fixed 0.20,20261300,0.6577656249999999,0.19999999999999998,0.4625,1005,0.0,375
Regime shifts,Fixed 0.20,20261301,0.6598906249999998,0.19999999999999998,0.4125,1031,0.0,385
Regime shifts,Fixed 0.20,20261302,0.6427265624999999,0.19999999999999998,0.43125,1054,0.0,407
Regime shifts,Fixed 0.20,20261303,0.6511171875,0.19999999999999998,0.45625,1054,0.0,385
Regime shifts,Fixed 0.20,20261304,0.6326640625,0.19999999999999998,0.44375,1014,0.0,423
Regime shifts,Fixed 0.20,20261305,0.6493515624999999,0.19999999999999998,0.45,1068,0.0,389
Regime shifts,Fixed 0.20,20261306,0.6290156249999999,0.19999999999999998,0.43125,970,0.0,436
Regime shifts,Fixed 0.20,20261307,0.6425546875,0.19999999999999998,0.45,987,0.0,406
Regime shifts,Fixed 0.20,20261308,0.6302890624999999,0.19999999999999998,0.45,1046,0.0,423
Regime shifts,Fixed 0.20,20261309,0.6483046875,0.19999999999999998,0.4875,982,0.0,385
Regime shifts,Fixed 0.20,20261310,0.6677109374999999,0.19999999999999998,0.41875,1057,0.0,368
Regime shifts,Fixed 0.20,20261311,0.6267890625,0.19999999999999998,0.4,1051,0.0,444
Regime shifts,Fixed 0.20,20261312,0.6298359375,0.19999999999999998,0.43125,1024,0.0,431
Regime shifts,Fixed 0.20,20261313,0.6475546875,0.19999999999999998,0.48125,1060,0.0,383
Regime shifts,Fixed 0.20,20261314,0.6532421875,0.19999999999999998,0.46875,987,0.0,382
Regime shifts,Fixed 0.20,20261315,0.64978125,0.19999999999999998,0.45,937,0.0,397
Regime shifts,Fixed 0.20,20261316,0.6531953125,0.19999999999999998,0.43125,996,0.0,393
Regime shifts,Fixed 0.20,20261317,0.6244375,0.19999999999999998,0.45625,1047,0.0,431
Regime shifts,Fixed 0.20,20261318,0.6493515624999999,0.19999999999999998,0.45,1053,0.0,390
Regime shifts,Fixed 0.20,20261319,0.6478984375,0.19999999999999998,0.475,990,0.0,389
Regime shifts,Fixed 0.20,20261320,0.6487812499999999,0.19999999999999998,0.4,998,0.0,410
Regime shifts,Fixed 0.20,20261321,0.6495156249999999,0.19999999999999998,0.425,1014,0.0,400
Regime shifts,Fixed 0.20,20261322,0.63259375,0.19999999999999998,0.41875,1086,0.0,426
Regime shifts,Fixed 0.20,20261323,0.63109375,0.19999999999999998,0.46875,1029,0.0,417
Regime shifts,Fixed 0.20,20261324,0.662578125,0.19999999999999998,0.46875,1048,0.0,362
Regime shifts,Fixed 0.20,20261325,0.67284375,0.19999999999999998,0.4625,994,0.0,350
Regime shifts,Fixed 0.20,20261326,0.6611875,0.19999999999999998,0.48125,996,0.0,364
Regime shifts,Fixed 0.20,20261327,0.6677187499999999,0.19999999999999998,0.425,983,0.0,371
Regime shifts,Fixed 0.60,20260928,0.58109375,0.5999999999999999,0.46875,3089,0.0,365
Regime shifts,Fixed 0.60,20260929,0.5511015625,0.5999999999999999,0.44375,3132,0.0,421
Regime shifts,Fixed 0.60,20260930,0.5655859375000001,0.5999999999999999,0.46875,3096,0.0,391
Regime shifts,Fixed 0.60,20260931,0.5771484375,0.5999999999999999,0.46875,3070,0.0,373
Regime shifts,Fixed 0.60,20260932,0.5822499999999999,0.5999999999999999,0.45625,3027,0.0,371
Regime shifts,Fixed 0.60,20260933,0.5561640625,0.5999999999999999,0.4625,3096,0.0,409
Regime shifts,Fixed 0.60,20260934,0.5645234374999999,0.5999999999999999,0.4625,3062,0.0,397
Regime shifts,Fixed 0.60,20260935,0.579015625,0.5999999999999999,0.4625,3096,0.0,370
Regime shifts,Fixed 0.60,20260936,0.56859375,0.5999999999999999,0.46875,3049,0.0,389
Regime shifts,Fixed 0.60,20260937,0.5639218749999999,0.5999999999999999,0.45,3030,0.0,404
Regime shifts,Fixed 0.60,20260938,0.56221875,0.5999999999999999,0.4625,3031,0.0,403
Regime shifts,Fixed 0.60,20260939,0.5726796875,0.5999999999999999,0.45625,3107,0.0,382
Regime shifts,Fixed 0.60,20260940,0.558,0.5999999999999999,0.4625,3094,0.0,406
Regime shifts,Fixed 0.60,20260941,0.579890625,0.5999999999999999,0.44375,3055,0.0,377
Regime shifts,Fixed 0.60,20260942,0.5705859375,0.5999999999999999,0.46875,3103,0.0,382
Regime shifts,Fixed 0.60,20260943,0.5578203125,0.5999999999999999,0.475,3056,0.0,405
Regime shifts,Fixed 0.60,20260944,0.5596875,0.5999999999999999,0.46875,3022,0.0,406
Regime shifts,Fixed 0.60,20260945,0.5735781249999999,0.5999999999999999,0.45625,3009,0.0,387
Regime shifts,Fixed 0.60,20260946,0.5783828124999999,0.5999999999999999,0.45625,3021,0.0,378
Regime shifts,Fixed 0.60,20260947,0.5815703124999999,0.5999999999999999,0.44375,3072,0.0,373
Regime shifts,Fixed 0.60,20260948,0.574234375,0.5999999999999999,0.48125,3072,0.0,374
Regime shifts,Fixed 0.60,20260949,0.5616249999999999,0.5999999999999999,0.45625,3075,0.0,403
Regime shifts,Fixed 0.60,20260950,0.5658515625,0.5999999999999999,0.4625,3028,0.0,397
Regime shifts,Fixed 0.60,20260951,0.574328125,0.5999999999999999,0.4625,3096,0.0,378
Regime shifts,Fixed 0.60,20260952,0.5642890625,0.5999999999999999,0.4625,3068,0.0,397
Regime shifts,Fixed 0.60,20260953,0.56765625,0.5999999999999999,0.4375,3082,0.0,398
Regime shifts,Fixed 0.60,20260954,0.5863984375,0.5999999999999999,0.4625,3102,0.0,357
Regime shifts,Fixed 0.60,20260955,0.5678124999999999,0.5999999999999999,0.46875,3039,0.0,391
Regime shifts,Fixed 0.60,20260956,0.576984375,0.5999999999999999,0.4625,3013,0.0,379
Regime shifts,Fixed 0.60,20260957,0.5579609375,0.5999999999999999,0.4625,3020,0.0,411
Regime shifts,Fixed 0.60,20260958,0.5759140625,0.5999999999999999,0.45,3083,0.0,380
Regime shifts,Fixed 0.60,20260959,0.5656328125,0.5999999999999999,0.475,3036,0.0,393
Regime shifts,Fixed 0.60,20260960,0.5845859375,0.5999999999999999,0.45,3116,0.0,363
Regime shifts,Fixed 0.60,20260961,0.5646484375,0.5999999999999999,0.46875,3060,0.0,395
Regime shifts,Fixed 0.60,20260962,0.564546875,0.5999999999999999,0.45,3074,0.0,400
Regime shifts,Fixed 0.60,20260963,0.5747968749999999,0.5999999999999999,0.43125,3093,0.0,387
Regime shifts,Fixed 0.60,20260964,0.5827421875,0.5999999999999999,0.44375,2997,0.0,376
Regime shifts,Fixed 0.60,20260965,0.5707968749999999,0.5999999999999999,0.45,3124,0.0,386
Regime shifts,Fixed 0.60,20260966,0.5489609375,0.5999999999999999,0.48125,3059,0.0,418
Regime shifts,Fixed 0.60,20260967,0.5890703125,0.5999999999999999,0.44375,3105,0.0,358
Regime shifts,Fixed 0.60,20260968,0.5696796875,0.5999999999999999,0.4625,3065,0.0,388
Regime shifts,Fixed 0.60,20260969,0.5601484374999999,0.5999999999999999,0.4625,3069,0.0,404
Regime shifts,Fixed 0.60,20260970,0.5807734375,0.5999999999999999,0.4625,3051,0.0,370
Regime shifts,Fixed 0.60,20260971,0.564625,0.5999999999999999,0.45,3042,0.0,402
Regime shifts,Fixed 0.60,20260972,0.580078125,0.5999999999999999,0.46875,3085,0.0,367
Regime shifts,Fixed 0.60,20260973,0.5816171874999999,0.5999999999999999,0.45,3057,0.0,372
Regime shifts,Fixed 0.60,20260974,0.5879375,0.5999999999999999,0.44375,3044,0.0,364
Regime shifts,Fixed 0.60,20260975,0.5592265624999999,0.5999999999999999,0.475,3080,0.0,401
Regime shifts,Fixed 0.60,20260976,0.5527109375,0.5999999999999999,0.48125,3098,0.0,409
Regime shifts,Fixed 0.60,20260977,0.5825703124999999,0.5999999999999999,0.4625,3095,0.0,364
Regime shifts,Fixed 0.60,20260978,0.5618046875,0.5999999999999999,0.475,3074,0.0,397
Regime shifts,Fixed 0.60,20260979,0.5519453125,0.5999999999999999,0.4625,3099,0.0,416
Regime shifts,Fixed 0.60,20260980,0.5800625,0.5999999999999999,0.45625,3083,0.0,371
Regime shifts,Fixed 0.60,20260981,0.57559375,0.5999999999999999,0.475,3081,0.0,373
Regime shifts,Fixed 0.60,20260982,0.5357187499999999,0.5999999999999999,0.45,3092,0.0,448
Regime shifts,Fixed 0.60,20260983,0.57725,0.5999999999999999,0.45625,3065,0.0,377
Regime shifts,Fixed 0.60,20260984,0.5718046875,0.5999999999999999,0.475,3043,0.0,382
Regime shifts,Fixed 0.60,20260985,0.5648203125,0.5999999999999999,0.48125,3013,0.0,394
Regime shifts,Fixed 0.60,20260986,0.54690625,0.5999999999999999,0.4625,3108,0.0,424
Regime shifts,Fixed 0.60,20260987,0.5644140624999999,0.5999999999999999,0.46875,3066,0.0,395
Regime shifts,Fixed 0.60,20260988,0.56478125,0.5999999999999999,0.48125,3119,0.0,387
Regime shifts,Fixed 0.60,20260989,0.580703125,0.5999999999999999,0.46875,3069,0.0,367
Regime shifts,Fixed 0.60,20260990,0.56359375,0.5999999999999999,0.4375,3111,0.0,403
Regime shifts,Fixed 0.60,20260991,0.5749140625,0.5999999999999999,0.4625,3051,0.0,380
Regime shifts,Fixed 0.60,20260992,0.5663359375000001,0.5999999999999999,0.475,3063,0.0,390
Regime shifts,Fixed 0.60,20260993,0.5756640624999999,0.5999999999999999,0.46875,3153,0.0,370
Regime shifts,Fixed 0.60,20260994,0.5529765624999999,0.5999999999999999,0.44375,3069,0.0,422
Regime shifts,Fixed 0.60,20260995,0.572984375,0.5999999999999999,0.45,3128,0.0,382
Regime shifts,Fixed 0.60,20260996,0.5689218749999999,0.5999999999999999,0.45,3067,0.0,393
Regime shifts,Fixed 0.60,20260997,0.5691796874999999,0.5999999999999999,0.46875,3064,0.0,387
Regime shifts,Fixed 0.60,20260998,0.5731562499999999,0.5999999999999999,0.4625,3096,0.0,380
Regime shifts,Fixed 0.60,20260999,0.5676328125,0.5999999999999999,0.45,3070,0.0,395
Regime shifts,Fixed 0.60,20261000,0.5803203124999999,0.5999999999999999,0.475,3110,0.0,363
Regime shifts,Fixed 0.60,20261001,0.5603906249999999,0.5999999999999999,0.46875,3109,0.0,399
Regime shifts,Fixed 0.60,20261002,0.57346875,0.5999999999999999,0.4625,3043,0.0,383
Regime shifts,Fixed 0.60,20261003,0.57990625,0.5999999999999999,0.45625,3072,0.0,372
Regime shifts,Fixed 0.60,20261004,0.5828749999999999,0.5999999999999999,0.45625,3041,0.0,369
Regime shifts,Fixed 0.60,20261005,0.5542109375000001,0.5999999999999999,0.4625,3086,0.0,413
Regime shifts,Fixed 0.60,20261006,0.587296875,0.5999999999999999,0.4625,3064,0.0,358
Regime shifts,Fixed 0.60,20261007,0.5671640625,0.5999999999999999,0.45,3097,0.0,394
Regime shifts,Fixed 0.60,20261008,0.5668046875,0.5999999999999999,0.475,3036,0.0,391
Regime shifts,Fixed 0.60,20261009,0.5500078125,0.5999999999999999,0.475,3076,0.0,417
Regime shifts,Fixed 0.60,20261010,0.5715312499999999,0.5999999999999999,0.475,3110,0.0,378
Regime shifts,Fixed 0.60,20261011,0.5900624999999999,0.5999999999999999,0.45625,3052,0.0,356
Regime shifts,Fixed 0.60,20261012,0.5825078124999999,0.5999999999999999,0.475,3129,0.0,358
Regime shifts,Fixed 0.60,20261013,0.5782734374999999,0.5999999999999999,0.4625,3010,0.0,377
Regime shifts,Fixed 0.60,20261014,0.5702187499999999,0.5999999999999999,0.4875,3071,0.0,379
Regime shifts,Fixed 0.60,20261015,0.547484375,0.5999999999999999,0.45625,3047,0.0,429
Regime shifts,Fixed 0.60,20261016,0.6009843749999999,0.5999999999999999,0.44375,3115,0.0,337
Regime shifts,Fixed 0.60,20261017,0.5776171875,0.5999999999999999,0.46875,3058,0.0,373
Regime shifts,Fixed 0.60,20261018,0.5762734375,0.5999999999999999,0.45625,3060,0.0,379
Regime shifts,Fixed 0.60,20261019,0.5738828125,0.5999999999999999,0.48125,3066,0.0,375
Regime shifts,Fixed 0.60,20261020,0.5708671875,0.5999999999999999,0.475,3082,0.0,381
Regime shifts,Fixed 0.60,20261021,0.5673281250000001,0.5999999999999999,0.4875,3040,0.0,386
Regime shifts,Fixed 0.60,20261022,0.5538437499999999,0.5999999999999999,0.45,3078,0.0,418
Regime shifts,Fixed 0.60,20261023,0.5632421875,0.5999999999999999,0.46875,3081,0.0,396
Regime shifts,Fixed 0.60,20261024,0.5605,0.5999999999999999,0.49375,3081,0.0,393
Regime shifts,Fixed 0.60,20261025,0.5746796875,0.5999999999999999,0.4625,3057,0.0,380
Regime shifts,Fixed 0.60,20261026,0.5537890624999999,0.5999999999999999,0.46875,3158,0.0,407
Regime shifts,Fixed 0.60,20261027,0.573328125,0.5999999999999999,0.475,3064,0.0,378
Regime shifts,Fixed 0.60,20261028,0.5777421875,0.5999999999999999,0.475,3041,0.0,372
Regime shifts,Fixed 0.60,20261029,0.5811562499999999,0.5999999999999999,0.45625,3025,0.0,373
Regime shifts,Fixed 0.60,20261030,0.5773671874999999,0.5999999999999999,0.45625,3092,0.0,375
Regime shifts,Fixed 0.60,20261031,0.56503125,0.5999999999999999,0.4625,3094,0.0,394
Regime shifts,Fixed 0.60,20261032,0.566609375,0.5999999999999999,0.475,3056,0.0,390
Regime shifts,Fixed 0.60,20261033,0.5689375,0.5999999999999999,0.4625,3084,0.0,388
Regime shifts,Fixed 0.60,20261034,0.5735312499999999,0.5999999999999999,0.45,3069,0.0,385
Regime shifts,Fixed 0.60,20261035,0.5678124999999999,0.5999999999999999,0.46875,3024,0.0,392
Regime shifts,Fixed 0.60,20261036,0.5804921875,0.5999999999999999,0.45625,3072,0.0,371
Regime shifts,Fixed 0.60,20261037,0.5644453125,0.5999999999999999,0.4625,3079,0.0,396
Regime shifts,Fixed 0.60,20261038,0.559796875,0.5999999999999999,0.4625,3108,0.0,402
Regime shifts,Fixed 0.60,20261039,0.569078125,0.5999999999999999,0.48125,3144,0.0,378
Regime shifts,Fixed 0.60,20261040,0.5764140624999999,0.5999999999999999,0.475,3045,0.0,374
Regime shifts,Fixed 0.60,20261041,0.58675,0.5999999999999999,0.4625,3108,0.0,356
Regime shifts,Fixed 0.60,20261042,0.5576718749999999,0.5999999999999999,0.45,3085,0.0,411
Regime shifts,Fixed 0.60,20261043,0.5725,0.5999999999999999,0.46875,3054,0.0,382
Regime shifts,Fixed 0.60,20261044,0.5696015624999999,0.5999999999999999,0.4625,3022,0.0,391
Regime shifts,Fixed 0.60,20261045,0.5715937499999999,0.5999999999999999,0.4625,3076,0.0,384
Regime shifts,Fixed 0.60,20261046,0.5666640624999999,0.5999999999999999,0.45625,3096,0.0,393
Regime shifts,Fixed 0.60,20261047,0.5599843749999999,0.5999999999999999,0.45625,3042,0.0,408
Regime shifts,Fixed 0.60,20261048,0.5759531250000001,0.5999999999999999,0.45,3037,0.0,383
Regime shifts,Fixed 0.60,20261049,0.55384375,0.5999999999999999,0.45,3123,0.0,415
Regime shifts,Fixed 0.60,20261050,0.5773828125,0.5999999999999999,0.4375,3058,0.0,383
Regime shifts,Fixed 0.60,20261051,0.590609375,0.5999999999999999,0.45625,3038,0.0,356
Regime shifts,Fixed 0.60,20261052,0.5706484375,0.5999999999999999,0.45625,3099,0.0,386
Regime shifts,Fixed 0.60,20261053,0.5670625,0.5999999999999999,0.4625,3072,0.0,392
Regime shifts,Fixed 0.60,20261054,0.5339218749999999,0.5999999999999999,0.48125,3054,0.0,444
Regime shifts,Fixed 0.60,20261055,0.573453125,0.5999999999999999,0.45,3071,0.0,385
Regime shifts,Fixed 0.60,20261056,0.5588046875,0.5999999999999999,0.45,3041,0.0,412
Regime shifts,Fixed 0.60,20261057,0.5726796875,0.5999999999999999,0.45625,3047,0.0,386
Regime shifts,Fixed 0.60,20261058,0.5823828124999999,0.5999999999999999,0.46875,3071,0.0,364
Regime shifts,Fixed 0.60,20261059,0.550078125,0.5999999999999999,0.5,3049,0.0,411
Regime shifts,Fixed 0.60,20261060,0.5678515625,0.5999999999999999,0.46875,3113,0.0,386
Regime shifts,Fixed 0.60,20261061,0.5733515625,0.5999999999999999,0.4625,3046,0.0,383
Regime shifts,Fixed 0.60,20261062,0.5610078125,0.5999999999999999,0.4625,3077,0.0,402
Regime shifts,Fixed 0.60,20261063,0.56890625,0.5999999999999999,0.4375,3065,0.0,397
Regime shifts,Fixed 0.60,20261064,0.556890625,0.5999999999999999,0.48125,3066,0.0,404
Regime shifts,Fixed 0.60,20261065,0.56834375,0.5999999999999999,0.45625,3038,0.0,394
Regime shifts,Fixed 0.60,20261066,0.56640625,0.5999999999999999,0.46875,3045,0.0,393
Regime shifts,Fixed 0.60,20261067,0.5642968749999999,0.5999999999999999,0.4375,3093,0.0,403
Regime shifts,Fixed 0.60,20261068,0.5685,0.5999999999999999,0.45625,3034,0.0,394
Regime shifts,Fixed 0.60,20261069,0.5584609374999999,0.5999999999999999,0.45625,3036,0.0,411
Regime shifts,Fixed 0.60,20261070,0.561328125,0.5999999999999999,0.46875,3055,0.0,401
Regime shifts,Fixed 0.60,20261071,0.562828125,0.5999999999999999,0.48125,3079,0.0,393
Regime shifts,Fixed 0.60,20261072,0.57375,0.5999999999999999,0.4375,3046,0.0,390
Regime shifts,Fixed 0.60,20261073,0.59084375,0.5999999999999999,0.45625,3062,0.0,354
Regime shifts,Fixed 0.60,20261074,0.54440625,0.5999999999999999,0.4625,3067,0.0,431
Regime shifts,Fixed 0.60,20261075,0.573078125,0.5999999999999999,0.4625,3113,0.0,379
Regime shifts,Fixed 0.60,20261076,0.571484375,0.5999999999999999,0.46875,3110,0.0,380
Regime shifts,Fixed 0.60,20261077,0.5854609375,0.5999999999999999,0.4625,3051,0.0,362
Regime shifts,Fixed 0.60,20261078,0.59121875,0.5999999999999999,0.44375,2975,0.0,363
Regime shifts,Fixed 0.60,20261079,0.5734140625,0.5999999999999999,0.48125,3003,0.0,380
Regime shifts,Fixed 0.60,20261080,0.5611875,0.5999999999999999,0.45,3085,0.0,405
Regime shifts,Fixed 0.60,20261081,0.5584765625,0.5999999999999999,0.46875,3128,0.0,401
Regime shifts,Fixed 0.60,20261082,0.5580937499999999,0.5999999999999999,0.475,3049,0.0,405
Regime shifts,Fixed 0.60,20261083,0.582859375,0.5999999999999999,0.475,3060,0.0,362
Regime shifts,Fixed 0.60,20261084,0.566765625,0.5999999999999999,0.475,3052,0.0,390
Regime shifts,Fixed 0.60,20261085,0.5498125,0.5999999999999999,0.44375,3090,0.0,426
Regime shifts,Fixed 0.60,20261086,0.5673984375,0.5999999999999999,0.48125,3082,0.0,385
Regime shifts,Fixed 0.60,20261087,0.5823906249999999,0.5999999999999999,0.475,3057,0.0,363
Regime shifts,Fixed 0.60,20261088,0.56628125,0.5999999999999999,0.4625,3047,0.0,395
Regime shifts,Fixed 0.60,20261089,0.5470234374999999,0.5999999999999999,0.4625,3030,0.0,429
Regime shifts,Fixed 0.60,20261090,0.5556640625,0.5999999999999999,0.46875,3095,0.0,408
Regime shifts,Fixed 0.60,20261091,0.5663124999999999,0.5999999999999999,0.4875,3066,0.0,386
Regime shifts,Fixed 0.60,20261092,0.5762812499999999,0.5999999999999999,0.4625,3106,0.0,374
Regime shifts,Fixed 0.60,20261093,0.57109375,0.5999999999999999,0.4375,3084,0.0,392
Regime shifts,Fixed 0.60,20261094,0.5715859374999999,0.5999999999999999,0.45625,3045,0.0,388
Regime shifts,Fixed 0.60,20261095,0.5776796874999999,0.5999999999999999,0.4875,3030,0.0,369
Regime shifts,Fixed 0.60,20261096,0.5766484374999999,0.5999999999999999,0.475,3069,0.0,372
Regime shifts,Fixed 0.60,20261097,0.58028125,0.5999999999999999,0.44375,3060,0.0,376
Regime shifts,Fixed 0.60,20261098,0.5675468749999999,0.5999999999999999,0.475,3107,0.0,385
Regime shifts,Fixed 0.60,20261099,0.5510546875,0.5999999999999999,0.46875,3093,0.0,416
Regime shifts,Fixed 0.60,20261100,0.5774374999999999,0.5999999999999999,0.48125,3065,0.0,369
Regime shifts,Fixed 0.60,20261101,0.578171875,0.5999999999999999,0.475,3000,0.0,374
Regime shifts,Fixed 0.60,20261102,0.56665625,0.5999999999999999,0.45,3125,0.0,393
Regime shifts,Fixed 0.60,20261103,0.5622578125,0.5999999999999999,0.4625,3060,0.0,401
Regime shifts,Fixed 0.60,20261104,0.592984375,0.5999999999999999,0.45,3051,0.0,353
Regime shifts,Fixed 0.60,20261105,0.5684765624999999,0.5999999999999999,0.46875,3127,0.0,384
Regime shifts,Fixed 0.60,20261106,0.563125,0.5999999999999999,0.46875,3054,0.0,398
Regime shifts,Fixed 0.60,20261107,0.5709687499999999,0.5999999999999999,0.4625,3002,0.0,390
Regime shifts,Fixed 0.60,20261108,0.5673671874999999,0.5999999999999999,0.45625,3063,0.0,394
Regime shifts,Fixed 0.60,20261109,0.5689140625,0.5999999999999999,0.475,3042,0.0,387
Regime shifts,Fixed 0.60,20261110,0.5606796875,0.5999999999999999,0.45,3083,0.0,406
Regime shifts,Fixed 0.60,20261111,0.5906015625000001,0.5999999999999999,0.48125,3058,0.0,347
Regime shifts,Fixed 0.60,20261112,0.56321875,0.5999999999999999,0.45,3048,0.0,404
Regime shifts,Fixed 0.60,20261113,0.5647421875,0.5999999999999999,0.45,3039,0.0,402
Regime shifts,Fixed 0.60,20261114,0.568328125,0.5999999999999999,0.44375,3126,0.0,392
Regime shifts,Fixed 0.60,20261115,0.5907265625,0.5999999999999999,0.45625,3020,0.0,357
Regime shifts,Fixed 0.60,20261116,0.5709375,0.5999999999999999,0.4375,3058,0.0,394
Regime shifts,Fixed 0.60,20261117,0.5410546875,0.5999999999999999,0.46875,3154,0.0,429
Regime shifts,Fixed 0.60,20261118,0.57384375,0.5999999999999999,0.48125,3067,0.0,375
Regime shifts,Fixed 0.60,20261119,0.581046875,0.5999999999999999,0.43125,3053,0.0,379
Regime shifts,Fixed 0.60,20261120,0.5757265625,0.5999999999999999,0.45625,3104,0.0,377
Regime shifts,Fixed 0.60,20261121,0.5698984374999999,0.5999999999999999,0.48125,3063,0.0,382
Regime shifts,Fixed 0.60,20261122,0.5805,0.5999999999999999,0.4625,3103,0.0,367
Regime shifts,Fixed 0.60,20261123,0.5624921875,0.5999999999999999,0.4625,3069,0.0,400
Regime shifts,Fixed 0.60,20261124,0.5639375,0.5999999999999999,0.4625,3062,0.0,398
Regime shifts,Fixed 0.60,20261125,0.5640390625,0.5999999999999999,0.45,3012,0.0,405
Regime shifts,Fixed 0.60,20261126,0.5850859374999999,0.5999999999999999,0.44375,3102,0.0,365
Regime shifts,Fixed 0.60,20261127,0.571515625,0.5999999999999999,0.4625,3078,0.0,384
Regime shifts,Fixed 0.60,20261128,0.5599453125,0.5999999999999999,0.45625,3088,0.0,405
Regime shifts,Fixed 0.60,20261129,0.5893203125,0.5999999999999999,0.45625,3071,0.0,356
Regime shifts,Fixed 0.60,20261130,0.5641875,0.5999999999999999,0.475,3043,0.0,395
Regime shifts,Fixed 0.60,20261131,0.5765781249999999,0.5999999999999999,0.45,3066,0.0,380
Regime shifts,Fixed 0.60,20261132,0.5652109375000001,0.5999999999999999,0.45,3117,0.0,396
Regime shifts,Fixed 0.60,20261133,0.558546875,0.5999999999999999,0.4625,3065,0.0,407
Regime shifts,Fixed 0.60,20261134,0.5635859375,0.5999999999999999,0.4625,3071,0.0,398
Regime shifts,Fixed 0.60,20261135,0.5744374999999999,0.5999999999999999,0.45625,3107,0.0,379
Regime shifts,Fixed 0.60,20261136,0.5831796874999999,0.5999999999999999,0.45,3032,0.0,371
Regime shifts,Fixed 0.60,20261137,0.563578125,0.5999999999999999,0.4875,3106,0.0,388
Regime shifts,Fixed 0.60,20261138,0.5768125,0.5999999999999999,0.48125,3096,0.0,368
Regime shifts,Fixed 0.60,20261139,0.56040625,0.5999999999999999,0.45,3075,0.0,407
Regime shifts,Fixed 0.60,20261140,0.582796875,0.5999999999999999,0.45625,2998,0.0,372
Regime shifts,Fixed 0.60,20261141,0.5604140624999999,0.5999999999999999,0.45625,3046,0.0,407
Regime shifts,Fixed 0.60,20261142,0.5914140625,0.5999999999999999,0.44375,3075,0.0,356
Regime shifts,Fixed 0.60,20261143,0.5505390625,0.5999999999999999,0.4625,3090,0.0,419
Regime shifts,Fixed 0.60,20261144,0.5811875000000001,0.5999999999999999,0.48125,3044,0.0,364
Regime shifts,Fixed 0.60,20261145,0.586375,0.5999999999999999,0.44375,3114,0.0,362
Regime shifts,Fixed 0.60,20261146,0.5715078124999999,0.5999999999999999,0.4875,3083,0.0,376
Regime shifts,Fixed 0.60,20261147,0.5649609374999999,0.5999999999999999,0.46875,3022,0.0,397
Regime shifts,Fixed 0.60,20261148,0.5811562499999999,0.5999999999999999,0.45625,3115,0.0,367
Regime shifts,Fixed 0.60,20261149,0.541765625,0.5999999999999999,0.475,3077,0.0,431
Regime shifts,Fixed 0.60,20261150,0.5771171875000001,0.5999999999999999,0.475,3072,0.0,371
Regime shifts,Fixed 0.60,20261151,0.571140625,0.5999999999999999,0.44375,3039,0.0,393
Regime shifts,Fixed 0.60,20261152,0.5693046875000001,0.5999999999999999,0.475,3077,0.0,384
Regime shifts,Fixed 0.60,20261153,0.5701562499999999,0.5999999999999999,0.46875,3054,0.0,386
Regime shifts,Fixed 0.60,20261154,0.5660390625,0.5999999999999999,0.4875,3073,0.0,386
Regime shifts,Fixed 0.60,20261155,0.5430390625,0.5999999999999999,0.43125,3036,0.0,445
Regime shifts,Fixed 0.60,20261156,0.5614765625,0.5999999999999999,0.4625,3110,0.0,399
Regime shifts,Fixed 0.60,20261157,0.5526328125,0.5999999999999999,0.48125,3115,0.0,408
Regime shifts,Fixed 0.60,20261158,0.5821640625,0.5999999999999999,0.48125,3094,0.0,359
Regime shifts,Fixed 0.60,20261159,0.559421875,0.5999999999999999,0.475,3090,0.0,400
Regime shifts,Fixed 0.60,20261160,0.577953125,0.5999999999999999,0.45625,3032,0.0,378
Regime shifts,Fixed 0.60,20261161,0.5522578125,0.5999999999999999,0.43125,3070,0.0,427
Regime shifts,Fixed 0.60,20261162,0.5689609375,0.5999999999999999,0.48125,3072,0.0,383
Regime shifts,Fixed 0.60,20261163,0.5696249999999999,0.5999999999999999,0.45,3079,0.0,391
Regime shifts,Fixed 0.60,20261164,0.5961718749999999,0.5999999999999999,0.46875,3003,0.0,345
Regime shifts,Fixed 0.60,20261165,0.5848359375,0.5999999999999999,0.4625,3037,0.0,364
Regime shifts,Fixed 0.60,20261166,0.5896640624999999,0.5999999999999999,0.48125,3097,0.0,346
Regime shifts,Fixed 0.60,20261167,0.5609765624999999,0.5999999999999999,0.46875,3064,0.0,401
Regime shifts,Fixed 0.60,20261168,0.5653828125,0.5999999999999999,0.4625,3100,0.0,393
Regime shifts,Fixed 0.60,20261169,0.5643203124999999,0.5999999999999999,0.45625,3081,0.0,398
Regime shifts,Fixed 0.60,20261170,0.566515625,0.5999999999999999,0.49375,3047,0.0,385
Regime shifts,Fixed 0.60,20261171,0.5736796875,0.5999999999999999,0.44375,3094,0.0,385
Regime shifts,Fixed 0.60,20261172,0.5829765625,0.5999999999999999,0.475,3057,0.0,362
Regime shifts,Fixed 0.60,20261173,0.569421875,0.5999999999999999,0.475,3029,0.0,387
Regime shifts,Fixed 0.60,20261174,0.5699687499999999,0.5999999999999999,0.475,3030,0.0,386
Regime shifts,Fixed 0.60,20261175,0.5690234375,0.5999999999999999,0.46875,3098,0.0,385
Regime shifts,Fixed 0.60,20261176,0.5796875,0.5999999999999999,0.46875,3065,0.0,369
Regime shifts,Fixed 0.60,20261177,0.565515625,0.5999999999999999,0.44375,3093,0.0,399
Regime shifts,Fixed 0.60,20261178,0.5732734374999999,0.5999999999999999,0.4625,3063,0.0,382
Regime shifts,Fixed 0.60,20261179,0.5828984374999999,0.5999999999999999,0.44375,3113,0.0,368
Regime shifts,Fixed 0.60,20261180,0.5876953125,0.5999999999999999,0.46875,3070,0.0,355
Regime shifts,Fixed 0.60,20261181,0.5641640625,0.5999999999999999,0.45625,3055,0.0,400
Regime shifts,Fixed 0.60,20261182,0.5753671874999999,0.5999999999999999,0.45,3097,0.0,380
Regime shifts,Fixed 0.60,20261183,0.5705703124999999,0.5999999999999999,0.45625,3101,0.0,386
Regime shifts,Fixed 0.60,20261184,0.57384375,0.5999999999999999,0.48125,3172,0.0,368
Regime shifts,Fixed 0.60,20261185,0.5529765624999999,0.5999999999999999,0.44375,3099,0.0,420
Regime shifts,Fixed 0.60,20261186,0.5680937500000001,0.5999999999999999,0.44375,3102,0.0,394
Regime shifts,Fixed 0.60,20261187,0.5768125,0.5999999999999999,0.45,3075,0.0,379
Regime shifts,Fixed 0.60,20261188,0.577078125,0.5999999999999999,0.475,3058,0.0,372
Regime shifts,Fixed 0.60,20261189,0.5811875,0.5999999999999999,0.45,3038,0.0,374
Regime shifts,Fixed 0.60,20261190,0.5803671874999999,0.5999999999999999,0.48125,3035,0.0,366
Regime shifts,Fixed 0.60,20261191,0.5618281249999999,0.5999999999999999,0.4625,3011,0.0,405
Regime shifts,Fixed 0.60,20261192,0.5687421875,0.5999999999999999,0.4625,3089,0.0,388
Regime shifts,Fixed 0.60,20261193,0.570890625,0.5999999999999999,0.4625,3139,0.0,381
Regime shifts,Fixed 0.60,20261194,0.5768984374999999,0.5999999999999999,0.45625,3089,0.0,376
Regime shifts,Fixed 0.60,20261195,0.5662265625,0.5999999999999999,0.45,3016,0.0,401
Regime shifts,Fixed 0.60,20261196,0.5588671875,0.5999999999999999,0.46875,3028,0.0,407
Regime shifts,Fixed 0.60,20261197,0.5753593749999999,0.5999999999999999,0.475,3132,0.0,370
Regime shifts,Fixed 0.60,20261198,0.571765625,0.5999999999999999,0.475,3074,0.0,380
Regime shifts,Fixed 0.60,20261199,0.559421875,0.5999999999999999,0.475,3090,0.0,400
Regime shifts,Fixed 0.60,20261200,0.5773515625,0.5999999999999999,0.44375,3030,0.0,383
Regime shifts,Fixed 0.60,20261201,0.5766874999999999,0.5999999999999999,0.475,3098,0.0,370
Regime shifts,Fixed 0.60,20261202,0.5720078125000001,0.5999999999999999,0.45,3078,0.0,387
Regime shifts,Fixed 0.60,20261203,0.5540703125,0.5999999999999999,0.475,3077,0.0,410
Regime shifts,Fixed 0.60,20261204,0.5801875,0.5999999999999999,0.4625,3066,0.0,370
Regime shifts,Fixed 0.60,20261205,0.5698359375,0.5999999999999999,0.4625,3031,0.0,390
Regime shifts,Fixed 0.60,20261206,0.582828125,0.5999999999999999,0.45,3071,0.0,369
Regime shifts,Fixed 0.60,20261207,0.5640078124999999,0.5999999999999999,0.45625,3074,0.0,399
Regime shifts,Fixed 0.60,20261208,0.5687421875,0.5999999999999999,0.4625,3014,0.0,393
Regime shifts,Fixed 0.60,20261209,0.5714062499999999,0.5999999999999999,0.46875,3037,0.0,385
Regime shifts,Fixed 0.60,20261210,0.555953125,0.5999999999999999,0.48125,3030,0.0,408
Regime shifts,Fixed 0.60,20261211,0.5621796875,0.5999999999999999,0.4625,3137,0.0,396
Regime shifts,Fixed 0.60,20261212,0.5698437499999999,0.5999999999999999,0.46875,3032,0.0,388
Regime shifts,Fixed 0.60,20261213,0.5767265625,0.5999999999999999,0.44375,3076,0.0,381
Regime shifts,Fixed 0.60,20261214,0.564828125,0.5999999999999999,0.45625,2993,0.0,403
Regime shifts,Fixed 0.60,20261215,0.5642109375000001,0.5999999999999999,0.4625,3025,0.0,400
Regime shifts,Fixed 0.60,20261216,0.5777421875,0.5999999999999999,0.44375,3110,0.0,377
Regime shifts,Fixed 0.60,20261217,0.57075,0.5999999999999999,0.475,3130,0.0,378
Regime shifts,Fixed 0.60,20261218,0.55528125,0.5999999999999999,0.475,3031,0.0,411
Regime shifts,Fixed 0.60,20261219,0.5726093750000001,0.5999999999999999,0.43125,3119,0.0,389
Regime shifts,Fixed 0.60,20261220,0.5629609375,0.5999999999999999,0.4625,2997,0.0,404
Regime shifts,Fixed 0.60,20261221,0.576796875,0.5999999999999999,0.4375,3043,0.0,385
Regime shifts,Fixed 0.60,20261222,0.56459375,0.5999999999999999,0.45625,3059,0.0,399
Regime shifts,Fixed 0.60,20261223,0.5737812499999999,0.5999999999999999,0.4625,3080,0.0,380
Regime shifts,Fixed 0.60,20261224,0.5729218749999999,0.5999999999999999,0.4625,3087,0.0,381
Regime shifts,Fixed 0.60,20261225,0.5647265625,0.5999999999999999,0.5,3079,0.0,384
Regime shifts,Fixed 0.60,20261226,0.572890625,0.5999999999999999,0.46875,3164,0.0,374
Regime shifts,Fixed 0.60,20261227,0.5709375,0.5999999999999999,0.46875,3064,0.0,384
Regime shifts,Fixed 0.60,20261228,0.5587187499999999,0.5999999999999999,0.475,3018,0.0,406
Regime shifts,Fixed 0.60,20261229,0.5779921874999999,0.5999999999999999,0.45625,2986,0.0,381
Regime shifts,Fixed 0.60,20261230,0.5873515625,0.5999999999999999,0.44375,3059,0.0,364
Regime shifts,Fixed 0.60,20261231,0.5652031249999999,0.5999999999999999,0.475,3077,0.0,391
Regime shifts,Fixed 0.60,20261232,0.571140625,0.5999999999999999,0.475,3090,0.0,380
Regime shifts,Fixed 0.60,20261233,0.569421875,0.5999999999999999,0.475,3104,0.0,382
Regime shifts,Fixed 0.60,20261234,0.5696171875,0.5999999999999999,0.44375,3078,0.0,393
Regime shifts,Fixed 0.60,20261235,0.5724296874999999,0.5999999999999999,0.44375,3066,0.0,389
Regime shifts,Fixed 0.60,20261236,0.5817578124999999,0.5999999999999999,0.46875,2967,0.0,372
Regime shifts,Fixed 0.60,20261237,0.5719687499999999,0.5999999999999999,0.41875,3103,0.0,395
Regime shifts,Fixed 0.60,20261238,0.5753906249999999,0.5999999999999999,0.46875,3070,0.0,376
Regime shifts,Fixed 0.60,20261239,0.5782734374999999,0.5999999999999999,0.4625,3040,0.0,375
Regime shifts,Fixed 0.60,20261240,0.5701328125,0.5999999999999999,0.45,3081,0.0,390
Regime shifts,Fixed 0.60,20261241,0.5819296875,0.5999999999999999,0.45,3034,0.0,373
Regime shifts,Fixed 0.60,20261242,0.5705625,0.5999999999999999,0.45,3070,0.0,390
Regime shifts,Fixed 0.60,20261243,0.5749843749999999,0.5999999999999999,0.4875,3069,0.0,371
Regime shifts,Fixed 0.60,20261244,0.569546875,0.5999999999999999,0.48125,3102,0.0,380
Regime shifts,Fixed 0.60,20261245,0.5753203124999999,0.5999999999999999,0.475,3073,0.0,374
Regime shifts,Fixed 0.60,20261246,0.567984375,0.5999999999999999,0.45,3031,0.0,397
Regime shifts,Fixed 0.60,20261247,0.5804843749999999,0.5999999999999999,0.48125,3077,0.0,363
Regime shifts,Fixed 0.60,20261248,0.5883359374999999,0.5999999999999999,0.45,3095,0.0,358
Regime shifts,Fixed 0.60,20261249,0.5705234375,0.5999999999999999,0.45,3071,0.0,390
Regime shifts,Fixed 0.60,20261250,0.56359375,0.5999999999999999,0.46875,3117,0.0,393
Regime shifts,Fixed 0.60,20261251,0.5699921874999999,0.5999999999999999,0.4625,3087,0.0,386
Regime shifts,Fixed 0.60,20261252,0.5603281250000001,0.5999999999999999,0.48125,3098,0.0,396
Regime shifts,Fixed 0.60,20261253,0.5602109375,0.5999999999999999,0.48125,3026,0.0,401
Regime shifts,Fixed 0.60,20261254,0.5763281250000001,0.5999999999999999,0.4375,3055,0.0,385
Regime shifts,Fixed 0.60,20261255,0.5627109375,0.5999999999999999,0.45,3076,0.0,403
Regime shifts,Fixed 0.60,20261256,0.562421875,0.5999999999999999,0.46875,3042,0.0,400
Regime shifts,Fixed 0.60,20261257,0.5661328124999999,0.5999999999999999,0.46875,3112,0.0,389
Regime shifts,Fixed 0.60,20261258,0.5853828125,0.5999999999999999,0.4625,3098,0.0,359
Regime shifts,Fixed 0.60,20261259,0.5644453125,0.5999999999999999,0.4625,3019,0.0,400
Regime shifts,Fixed 0.60,20261260,0.5555937499999999,0.5999999999999999,0.475,3053,0.0,409
Regime shifts,Fixed 0.60,20261261,0.5880156249999999,0.5999999999999999,0.44375,3057,0.0,363
Regime shifts,Fixed 0.60,20261262,0.5701640625,0.5999999999999999,0.44375,3049,0.0,394
Regime shifts,Fixed 0.60,20261263,0.5635,0.5999999999999999,0.45625,3087,0.0,399
Regime shifts,Fixed 0.60,20261264,0.5579609375000001,0.5999999999999999,0.4625,3110,0.0,405
Regime shifts,Fixed 0.60,20261265,0.5901171875,0.5999999999999999,0.46875,3038,0.0,353
Regime shifts,Fixed 0.60,20261266,0.57259375,0.5999999999999999,0.48125,3069,0.0,377
Regime shifts,Fixed 0.60,20261267,0.5738828125,0.5999999999999999,0.45,3120,0.0,381
Regime shifts,Fixed 0.60,20261268,0.582078125,0.5999999999999999,0.475,3050,0.0,364
Regime shifts,Fixed 0.60,20261269,0.5640859374999999,0.5999999999999999,0.45625,3102,0.0,397
Regime shifts,Fixed 0.60,20261270,0.585015625,0.5999999999999999,0.48125,3051,0.0,357
Regime shifts,Fixed 0.60,20261271,0.572953125,0.5999999999999999,0.4875,3001,0.0,379
Regime shifts,Fixed 0.60,20261272,0.5894999999999999,0.5999999999999999,0.475,3085,0.0,349
Regime shifts,Fixed 0.60,20261273,0.5700624999999999,0.5999999999999999,0.45625,3054,0.0,390
Regime shifts,Fixed 0.60,20261274,0.5770703125,0.5999999999999999,0.46875,3087,0.0,372
Regime shifts,Fixed 0.60,20261275,0.5608203125,0.5999999999999999,0.46875,3158,0.0,395
Regime shifts,Fixed 0.60,20261276,0.5840390624999999,0.5999999999999999,0.45,3085,0.0,366
Regime shifts,Fixed 0.60,20261277,0.5516328125,0.5999999999999999,0.4625,3077,0.0,418
Regime shifts,Fixed 0.60,20261278,0.593578125,0.5999999999999999,0.45625,3037,0.0,351
Regime shifts,Fixed 0.60,20261279,0.56878125,0.5999999999999999,0.4625,3013,0.0,393
Regime shifts,Fixed 0.60,20261280,0.5769765625,0.5999999999999999,0.45625,3132,0.0,373
Regime shifts,Fixed 0.60,20261281,0.5756796874999999,0.5999999999999999,0.48125,3050,0.0,373
Regime shifts,Fixed 0.60,20261282,0.56953125,0.5999999999999999,0.46875,3085,0.0,385
Regime shifts,Fixed 0.60,20261283,0.5640625,0.5999999999999999,0.46875,3120,0.0,392
Regime shifts,Fixed 0.60,20261284,0.583203125,0.5999999999999999,0.46875,3050,0.0,364
Regime shifts,Fixed 0.60,20261285,0.584765625,0.5999999999999999,0.46875,3070,0.0,360
Regime shifts,Fixed 0.60,20261286,0.5832499999999999,0.5999999999999999,0.475,3065,0.0,361
Regime shifts,Fixed 0.60,20261287,0.5581093749999999,0.5999999999999999,0.45625,3075,0.0,409
Regime shifts,Fixed 0.60,20261288,0.5770625,0.5999999999999999,0.4625,3101,0.0,373
Regime shifts,Fixed 0.60,20261289,0.5759531250000001,0.5999999999999999,0.45,3142,0.0,376
Regime shifts,Fixed 0.60,20261290,0.5693046875000001,0.5999999999999999,0.475,3077,0.0,384
Regime shifts,Fixed 0.60,20261291,0.5757890625,0.5999999999999999,0.44375,3070,0.0,383
Regime shifts,Fixed 0.60,20261292,0.565203125,0.5999999999999999,0.475,3107,0.0,389
Regime shifts,Fixed 0.60,20261293,0.56540625,0.5999999999999999,0.48125,3178,0.0,382
Regime shifts,Fixed 0.60,20261294,0.578328125,0.5999999999999999,0.475,3056,0.0,370
Regime shifts,Fixed 0.60,20261295,0.59928125,0.5999999999999999,0.4875,3122,0.0,326
Regime shifts,Fixed 0.60,20261296,0.5545078125,0.5999999999999999,0.48125,3082,0.0,407
Regime shifts,Fixed 0.60,20261297,0.5675390625,0.5999999999999999,0.46875,3046,0.0,391
Regime shifts,Fixed 0.60,20261298,0.5858671875,0.5999999999999999,0.44375,3052,0.0,367
Regime shifts,Fixed 0.60,20261299,0.55559375,0.5999999999999999,0.475,3098,0.0,406
Regime shifts,Fixed 0.60,20261300,0.5807734375000001,0.5999999999999999,0.4625,3096,0.0,367
Regime shifts,Fixed 0.60,20261301,0.5819609374999999,0.5999999999999999,0.44375,3032,0.0,375
Regime shifts,Fixed 0.60,20261302,0.5695859375,0.5999999999999999,0.45,3110,0.0,389
Regime shifts,Fixed 0.60,20261303,0.57765625,0.5999999999999999,0.4375,3126,0.0,378
Regime shifts,Fixed 0.60,20261304,0.5717421874999999,0.5999999999999999,0.45625,3056,0.0,387
Regime shifts,Fixed 0.60,20261305,0.5800156249999999,0.5999999999999999,0.45,3053,0.0,375
Regime shifts,Fixed 0.60,20261306,0.5681875,0.5999999999999999,0.45625,3027,0.0,395
Regime shifts,Fixed 0.60,20261307,0.5694453124999999,0.5999999999999999,0.4625,3011,0.0,392
Regime shifts,Fixed 0.60,20261308,0.5496484374999999,0.5999999999999999,0.46875,3069,0.0,420
Regime shifts,Fixed 0.60,20261309,0.5636328125000001,0.5999999999999999,0.46875,3041,0.0,398
Regime shifts,Fixed 0.60,20261310,0.5892656249999999,0.5999999999999999,0.44375,3085,0.0,359
Regime shifts,Fixed 0.60,20261311,0.5619999999999999,0.5999999999999999,0.44375,3078,0.0,406
Regime shifts,Fixed 0.60,20261312,0.55853125,0.5999999999999999,0.45,3108,0.0,408
Regime shifts,Fixed 0.60,20261313,0.5645,0.5999999999999999,0.475,3080,0.0,392
Regime shifts,Fixed 0.60,20261314,0.56565625,0.5999999999999999,0.4625,3078,0.0,394
Regime shifts,Fixed 0.60,20261315,0.5664765625,0.5999999999999999,0.4625,3012,0.0,397
Regime shifts,Fixed 0.60,20261316,0.588421875,0.5999999999999999,0.45625,3019,0.0,361
Regime shifts,Fixed 0.60,20261317,0.5500546875,0.5999999999999999,0.48125,2986,0.0,421
Regime shifts,Fixed 0.60,20261318,0.5784218749999999,0.5999999999999999,0.45625,3080,0.0,374
Regime shifts,Fixed 0.60,20261319,0.566515625,0.5999999999999999,0.4625,3101,0.0,391
Regime shifts,Fixed 0.60,20261320,0.5790546875,0.5999999999999999,0.4625,3080,0.0,371
Regime shifts,Fixed 0.60,20261321,0.5618828125,0.5999999999999999,0.475,3072,0.0,397
Regime shifts,Fixed 0.60,20261322,0.566125,0.5999999999999999,0.4625,3096,0.0,392
Regime shifts,Fixed 0.60,20261323,0.5528125,0.5999999999999999,0.46875,3033,0.0,417
Regime shifts,Fixed 0.60,20261324,0.57509375,0.5999999999999999,0.45,3104,0.0,380
Regime shifts,Fixed 0.60,20261325,0.5873984375,0.5999999999999999,0.45,3074,0.0,361
Regime shifts,Fixed 0.60,20261326,0.5704921875,0.5999999999999999,0.45625,3058,0.0,389
Regime shifts,Fixed 0.60,20261327,0.58246875,0.5999999999999999,0.44375,3049,0.0,373
